datetime_et,ts,price,valid_bar,partial_session,label,label_quality,setup_type,score_buy,score_sell,realized_pts,tp_pts,sl_pts,hl_mode,schema
2026-03-25 20:59:59-04:00,1774486799000,6636.5,False,True,0,0,VWAP_TRIPLE_BEAR,13,9,-3.75,2.25,1.25,False,3.7.0
2026-03-25 21:01:00-04:00,1774486860000,6638.5,False,True,0,0,NONE,6,6,2.25,2.25,1.25,False,3.7.0
2026-03-25 21:02:00-04:00,1774486920000,6637.75,False,True,0,0,CONFLUENCE_SELL,5,6,2.25,2.25,1.25,False,3.7.0
2026-03-25 21:02:59-04:00,1774486979000,6637.25,False,True,0,0,CONFLUENCE_SELL,4,6,2.25,2.25,1.25,False,3.7.0
2026-03-25 21:04:00-04:00,1774487040000,6636.25,False,True,0,0,VWAP_TRIPLE_BEAR,5,6,2.25,2.25,1.25,False,3.7.0
2026-03-25 21:05:00-04:00,1774487100000,6635.0,False,True,0,0,VWAP_TRIPLE_BEAR,3,6,2.25,2.25,1.25,False,3.7.0
2026-03-25 21:05:59-04:00,1774487159000,6635.0,False,True,0,0,VWAP_TRIPLE_BEAR,4,5,2.25,2.25,1.25,False,3.7.0
2026-03-25 21:07:00-04:00,1774487220000,6635.25,False,True,0,0,VWAP_TRIPLE_BEAR,4,8,2.25,2.25,1.25,False,3.7.0
2026-03-25 21:08:00-04:00,1774487280000,6634.25,False,True,0,0,VWAP_TRIPLE_BEAR,4,8,-3.75,2.25,1.25,False,3.7.0
2026-03-25 21:09:00-04:00,1774487340000,6634.25,False,True,0,0,VWAP_TRIPLE_BEAR,4,8,-1.5,2.25,1.25,False,3.7.0
2026-03-25 21:09:59-04:00,1774487399000,6635.25,False,True,0,0,VWAP_TRIPLE_BEAR,5,6,2.25,2.25,1.25,False,3.7.0
2026-03-25 21:11:00-04:00,1774487460000,6635.5,False,True,0,0,VWAP_TRIPLE_BEAR,4,5,2.25,2.25,1.25,False,3.7.0
2026-03-25 21:12:00-04:00,1774487520000,6635.25,False,True,0,0,VWAP_TRIPLE_BEAR,3,4,2.25,2.25,1.25,False,3.7.0
2026-03-25 21:12:59-04:00,1774487579000,6636.0,False,True,0,0,VWAP_TRIPLE_BEAR,6,4,2.25,2.25,1.25,False,3.7.0
2026-03-25 21:14:00-04:00,1774487640000,6635.75,False,True,0,0,VWAP_TRIPLE_BEAR,4,5,2.25,2.25,1.25,False,3.7.0
2026-03-25 21:15:00-04:00,1774487700000,6633.25,False,True,0,0,VWAP_TRIPLE_BEAR,4,8,2.25,2.25,1.25,False,3.7.0
2026-03-25 21:15:59-04:00,1774487759000,6631.75,False,True,0,0,VWAP_TRIPLE_BEAR,4,8,2.25,2.25,1.25,False,3.7.0
2026-03-25 21:17:00-04:00,1774487820000,6632.0,False,True,0,0,VWAP_TRIPLE_BEAR,5,6,2.25,2.25,1.25,False,3.7.0
2026-03-25 21:18:00-04:00,1774487880000,6632.0,False,True,0,0,VWAP_TRIPLE_BEAR,4,6,2.25,2.25,1.25,False,3.7.0
2026-03-25 21:18:59-04:00,1774487939000,6631.5,False,True,0,0,VWAP_TRIPLE_BEAR,5,8,2.25,2.25,1.25,False,3.7.0
2026-03-25 21:20:00-04:00,1774488000000,6632.75,False,True,0,0,VWAP_TRIPLE_BEAR,7,6,1.75,2.25,1.25,False,3.7.0
2026-03-25 21:21:00-04:00,1774488060000,6634.25,False,True,0,0,VWAP_TRIPLE_BEAR,7,5,2.25,2.25,1.25,False,3.7.0
2026-03-25 21:21:59-04:00,1774488119000,6633.25,False,True,0,0,VWAP_TRIPLE_BEAR,5,7,2.25,2.25,1.25,False,3.7.0
2026-03-25 21:23:00-04:00,1774488180000,6634.25,False,True,0,0,VWAP_TRIPLE_BEAR,8,5,2.25,2.25,1.25,False,3.7.0
2026-03-25 21:24:00-04:00,1774488240000,6633.0,False,True,0,0,VWAP_TRIPLE_BEAR,5,8,2.25,2.25,1.25,False,3.7.0
2026-03-25 21:25:00-04:00,1774488300000,6633.0,False,True,0,0,VWAP_TRIPLE_BEAR,5,6,2.25,2.25,1.25,False,3.7.0
2026-03-25 21:25:59-04:00,1774488359000,6632.75,False,True,0,0,VWAP_TRIPLE_BEAR,7,5,2.25,2.25,1.25,False,3.7.0
2026-03-25 21:27:00-04:00,1774488420000,6632.0,False,True,0,0,VWAP_TRIPLE_BEAR,5,8,3.0,2.25,1.25,False,3.7.0
2026-03-25 21:28:00-04:00,1774488480000,6630.5,False,True,0,0,VWAP_TRIPLE_BEAR,7,6,2.25,2.25,1.25,False,3.7.0
2026-03-25 21:28:59-04:00,1774488539000,6632.75,False,True,0,0,VWAP_TRIPLE_BEAR,7,5,2.25,2.25,1.25,False,3.7.0
2026-03-25 21:30:00-04:00,1774488600000,6633.0,False,True,0,0,VWAP_TRIPLE_BEAR,6,5,1.25,2.25,1.25,False,3.7.0
2026-03-25 21:31:00-04:00,1774488660000,6634.0,False,True,0,0,VWAP_TRIPLE_BEAR,8,6,2.25,2.25,1.25,False,3.7.0
2026-03-25 21:31:59-04:00,1774488719000,6635.0,False,True,0,0,VWAP_TRIPLE_BEAR,6,5,2.25,2.25,1.25,False,3.7.0
2026-03-25 21:33:00-04:00,1774488780000,6634.5,False,True,0,0,VWAP_TRIPLE_BEAR,4,5,2.25,2.25,1.25,False,3.7.0
2026-03-25 21:34:00-04:00,1774488840000,6634.0,False,True,0,0,VWAP_TRIPLE_BEAR,4,5,2.25,2.25,1.25,False,3.7.0
2026-03-25 21:34:59-04:00,1774488899000,6633.5,False,True,0,0,VWAP_TRIPLE_BEAR,4,7,1.0,2.25,1.25,False,3.7.0
2026-03-25 21:36:00-04:00,1774488960000,6633.0,False,True,0,0,VWAP_TRIPLE_BEAR,5,8,3.0,2.25,1.25,False,3.7.0
2026-03-25 21:37:00-04:00,1774489020000,6631.75,False,True,0,0,VWAP_TRIPLE_BEAR,4,9,2.25,2.25,1.25,False,3.7.0
2026-03-25 21:38:00-04:00,1774489080000,6633.5,False,True,0,0,VWAP_TRIPLE_BEAR,5,5,2.25,2.25,1.25,False,3.7.0
2026-03-25 21:38:59-04:00,1774489139000,6634.75,False,True,0,0,VWAP_TRIPLE_BEAR,6,4,1.5,2.25,1.25,False,3.7.0
2026-03-25 21:40:00-04:00,1774489200000,6634.5,False,True,0,0,VWAP_TRIPLE_BEAR,5,5,2.25,2.25,1.25,False,3.7.0
2026-03-25 21:41:00-04:00,1774489260000,6636.75,False,True,0,0,NONE,5,5,2.25,2.25,1.25,False,3.7.0
2026-03-25 21:41:59-04:00,1774489319000,6636.0,False,True,0,0,VWAP_TRIPLE_BEAR,4,6,2.25,2.25,1.25,False,3.7.0
2026-03-25 21:43:00-04:00,1774489380000,6634.75,False,True,0,0,VWAP_TRIPLE_BEAR,6,5,2.75,2.25,1.25,False,3.7.0
2026-03-25 21:44:00-04:00,1774489440000,6633.0,False,True,0,0,VWAP_TRIPLE_BEAR,4,8,2.25,2.25,1.25,False,3.7.0
2026-03-25 21:44:59-04:00,1774489499000,6634.0,False,True,0,0,VWAP_TRIPLE_BEAR,4,6,2.25,2.25,1.25,False,3.7.0
2026-03-25 21:46:00-04:00,1774489560000,6635.5,False,True,0,0,VWAP_TRIPLE_BEAR,6,4,2.0,2.25,1.25,False,3.7.0
2026-03-25 21:47:00-04:00,1774489620000,6635.0,False,True,0,0,VWAP_TRIPLE_BEAR,4,5,2.25,2.25,1.25,False,3.7.0
2026-03-25 21:47:59-04:00,1774489679000,6635.5,False,True,0,0,VWAP_TRIPLE_BEAR,4,4,-1.25,2.25,1.25,False,3.7.0
2026-03-25 21:49:00-04:00,1774489740000,6635.0,False,True,0,0,VWAP_TRIPLE_BEAR,4,4,2.25,2.25,1.25,False,3.7.0
2026-03-25 21:50:00-04:00,1774489800000,6634.25,False,True,0,0,VWAP_TRIPLE_BEAR,5,7,2.25,2.25,1.25,False,3.7.0
2026-03-25 21:50:59-04:00,1774489859000,6634.0,False,True,0,0,VWAP_TRIPLE_BEAR,5,5,2.25,2.25,1.25,False,3.7.0
2026-03-25 21:52:00-04:00,1774489920000,6635.75,False,True,0,0,VWAP_TRIPLE_BEAR,8,4,0.5,2.25,1.25,False,3.7.0
2026-03-25 21:53:00-04:00,1774489980000,6634.75,False,True,0,0,VWAP_TRIPLE_BEAR,5,4,2.25,2.25,1.25,False,3.7.0
2026-03-25 21:54:00-04:00,1774490040000,6634.0,False,True,0,0,VWAP_TRIPLE_BEAR,6,7,2.25,2.25,1.25,False,3.7.0
2026-03-25 21:54:59-04:00,1774490099000,6634.5,False,True,0,0,VWAP_TRIPLE_BEAR,5,5,2.25,2.25,1.25,False,3.7.0
2026-03-25 21:56:00-04:00,1774490160000,6636.0,False,True,0,0,VWAP_TRIPLE_BEAR,8,5,-2.0,2.25,1.25,False,3.7.0
2026-03-25 21:57:00-04:00,1774490220000,6636.0,False,True,0,0,VWAP_TRIPLE_BEAR,7,6,-1.75,2.25,1.25,False,3.7.0
2026-03-25 21:57:59-04:00,1774490279000,6634.5,False,True,0,0,VWAP_TRIPLE_BEAR,5,6,2.25,2.25,1.25,False,3.7.0
2026-03-25 21:59:00-04:00,1774490340000,6636.25,False,True,0,0,VWAP_TRIPLE_BEAR,8,5,2.25,2.25,1.25,False,3.7.0
2026-03-25 22:00:00-04:00,1774490400000,6637.0,False,True,0,0,RVOL_SPIKE_BUY,8,6,-0.5,2.25,1.25,False,3.7.0
2026-03-25 22:00:59-04:00,1774490459000,6637.75,False,True,0,0,RVOL_SPIKE_BUY,9,6,-2.5,2.25,1.25,False,3.7.0
2026-03-25 22:02:00-04:00,1774490520000,6638.5,False,True,0,0,RVOL_SPIKE_BUY,7,6,2.25,2.25,1.25,False,3.7.0
2026-03-25 22:03:00-04:00,1774490580000,6637.5,False,True,0,0,CONFLUENCE_SELL,5,6,-5.0,2.25,1.25,False,3.7.0
2026-03-25 22:03:59-04:00,1774490639000,6639.0,False,True,0,0,NONE,6,6,2.25,2.25,1.25,False,3.7.0
2026-03-25 22:05:00-04:00,1774490700000,6638.75,False,True,0,0,CONFLUENCE_SELL,4,6,2.25,2.25,1.25,False,3.7.0
2026-03-25 22:06:00-04:00,1774490760000,6637.5,False,True,0,0,CONFLUENCE_SELL,6,7,2.25,2.25,1.25,False,3.7.0
2026-03-25 22:06:59-04:00,1774490819000,6636.0,False,True,0,0,VWAP_TRIPLE_BEAR,5,7,2.25,2.25,1.25,False,3.7.0
2026-03-25 22:08:00-04:00,1774490880000,6634.25,False,True,0,0,VWAP_TRIPLE_BEAR,5,8,2.25,2.25,1.25,False,3.7.0
2026-03-25 22:09:00-04:00,1774490940000,6635.0,False,True,0,0,VWAP_TRIPLE_BEAR,4,6,-6.25,2.25,1.25,False,3.7.0
2026-03-25 22:10:00-04:00,1774491000000,6635.25,False,True,0,0,VWAP_TRIPLE_BEAR,4,6,-7.0,2.25,1.25,False,3.7.0
2026-03-25 22:10:59-04:00,1774491059000,6635.5,False,True,0,0,VWAP_TRIPLE_BEAR,7,5,2.25,2.25,1.25,False,3.7.0
2026-03-25 22:12:00-04:00,1774491120000,6636.25,False,True,0,0,VWAP_TRIPLE_BEAR,5,4,2.25,2.25,1.25,False,3.7.0
2026-03-25 22:13:00-04:00,1774491180000,6635.0,False,True,0,0,VWAP_TRIPLE_BEAR,5,8,-15.0,2.25,1.25,False,3.7.0
2026-03-25 22:13:59-04:00,1774491239000,6635.5,False,True,0,0,VWAP_TRIPLE_BEAR,5,8,2.25,2.25,1.25,False,3.7.0
2026-03-25 22:15:00-04:00,1774491300000,6634.0,False,True,0,0,VWAP_TRIPLE_BEAR,5,9,2.25,2.25,1.25,False,3.7.0
2026-03-25 22:16:00-04:00,1774491360000,6634.0,False,True,0,0,VWAP_TRIPLE_BEAR,5,6,2.25,2.25,1.25,False,3.7.0
2026-03-25 22:16:59-04:00,1774491419000,6634.25,False,True,0,0,VWAP_TRIPLE_BEAR,6,6,2.25,2.25,1.25,False,3.7.0
2026-03-25 22:18:00-04:00,1774491480000,6634.25,False,True,0,0,VWAP_TRIPLE_BEAR,5,6,2.25,2.25,1.25,False,3.7.0
2026-03-25 22:19:00-04:00,1774491540000,6634.0,False,True,0,0,VWAP_TRIPLE_BEAR,5,6,2.25,2.25,1.25,False,3.7.0
2026-03-25 22:19:59-04:00,1774491599000,6636.5,False,True,0,0,CONFLUENCE_BUY,8,4,2.25,2.25,1.25,False,3.7.0
2026-03-25 22:21:00-04:00,1774491660000,6635.25,False,True,0,0,VWAP_TRIPLE_BEAR,5,6,2.25,2.25,1.25,False,3.7.0
2026-03-25 22:22:00-04:00,1774491720000,6632.0,False,True,0,0,VWAP_TRIPLE_BEAR,5,10,2.25,2.25,1.25,False,3.7.0
2026-03-25 22:23:00-04:00,1774491780000,6632.5,False,True,0,0,VWAP_TRIPLE_BEAR,6,7,2.25,2.25,1.25,False,3.7.0
2026-03-25 22:23:59-04:00,1774491839000,6632.5,False,True,0,0,VWAP_TRIPLE_BEAR,6,6,2.25,2.25,1.25,False,3.7.0
2026-03-25 22:25:00-04:00,1774491900000,6632.0,False,True,0,0,VWAP_TRIPLE_BEAR,6,7,2.25,2.25,1.25,False,3.7.0
2026-03-25 22:26:00-04:00,1774491960000,6632.5,False,True,0,0,VWAP_TRIPLE_BEAR,5,7,2.25,2.25,1.25,False,3.7.0
2026-03-25 22:26:59-04:00,1774492019000,6631.0,False,True,0,0,VWAP_TRIPLE_BEAR,5,7,2.25,2.25,1.25,False,3.7.0
2026-03-25 22:28:00-04:00,1774492080000,6628.5,False,True,0,0,VWAP_TRIPLE_BEAR,6,9,2.25,2.25,1.25,False,3.7.0
2026-03-25 22:29:00-04:00,1774492140000,6628.75,False,True,0,0,VWAP_TRIPLE_BEAR,5,5,2.25,2.25,1.25,False,3.7.0
2026-03-25 22:29:59-04:00,1774492199000,6628.25,False,True,0,0,VWAP_TRIPLE_BEAR,9,5,2.25,2.25,1.25,False,3.7.0
2026-03-25 22:31:00-04:00,1774492260000,6625.0,False,True,0,0,VWAP_TRIPLE_BEAR,5,7,2.25,2.25,1.25,False,3.7.0
2026-03-25 22:32:00-04:00,1774492320000,6622.25,False,True,0,0,VWAP_TRIPLE_BEAR,3,7,2.25,2.25,1.25,False,3.7.0
2026-03-25 22:32:59-04:00,1774492379000,6620.0,False,True,0,0,VWAP_TRIPLE_BEAR,5,8,2.25,2.25,1.25,False,3.7.0
2026-03-25 22:34:00-04:00,1774492440000,6618.5,False,True,0,0,VWAP_TRIPLE_BEAR,4,7,2.25,2.25,1.25,False,3.7.0
2026-03-25 22:35:00-04:00,1774492500000,6617.5,False,True,0,0,VWAP_TRIPLE_BEAR,4,7,2.25,2.25,1.25,False,3.7.0
2026-03-25 22:35:59-04:00,1774492559000,6618.0,False,True,0,0,VWAP_TRIPLE_BEAR,5,6,2.25,2.25,1.25,False,3.7.0
2026-03-25 22:37:00-04:00,1774492620000,6615.5,False,True,0,0,VWAP_TRIPLE_BEAR,6,12,2.25,2.25,1.25,False,3.7.0
2026-03-25 22:38:00-04:00,1774492680000,6615.5,False,True,0,0,VWAP_TRIPLE_BEAR,6,6,2.25,2.25,1.25,False,3.7.0
2026-03-25 22:39:00-04:00,1774492740000,6614.75,False,True,0,0,VWAP_TRIPLE_BEAR,5,6,2.25,2.25,1.25,False,3.7.0
2026-03-25 22:39:59-04:00,1774492799000,6615.75,False,True,0,0,VWAP_TRIPLE_BEAR,7,5,2.25,2.25,1.25,False,3.7.0
2026-03-25 22:41:00-04:00,1774492860000,6616.75,False,True,0,0,VWAP_TRIPLE_BEAR,6,6,2.25,2.25,1.25,False,3.7.0
2026-03-25 22:42:00-04:00,1774492920000,6619.0,False,True,0,0,VWAP_TRIPLE_BEAR,8,6,2.25,2.25,1.25,False,3.7.0
2026-03-25 22:42:59-04:00,1774492979000,6618.25,False,True,0,0,VWAP_TRIPLE_BEAR,6,6,2.25,2.25,1.25,False,3.7.0
2026-03-25 22:44:00-04:00,1774493040000,6619.75,False,True,0,0,VWAP_TRIPLE_BEAR,5,6,2.25,2.25,1.25,False,3.7.0
2026-03-25 22:45:00-04:00,1774493100000,6621.5,False,True,0,0,VWAP_TRIPLE_BEAR,6,6,-0.5,2.25,1.25,False,3.7.0
2026-03-25 22:45:59-04:00,1774493159000,6622.75,False,True,0,0,VWAP_TRIPLE_BEAR,7,5,2.25,2.25,1.25,False,3.7.0
2026-03-25 22:47:00-04:00,1774493220000,6621.0,False,True,0,0,VWAP_TRIPLE_BEAR,5,8,-0.25,2.25,1.25,False,3.7.0
2026-03-25 22:48:00-04:00,1774493280000,6622.0,False,True,0,0,VWAP_TRIPLE_BEAR,6,5,2.25,2.25,1.25,False,3.7.0
2026-03-25 22:48:59-04:00,1774493339000,6621.5,False,True,0,0,VWAP_TRIPLE_BEAR,6,6,-2.25,2.25,1.25,False,3.7.0
2026-03-25 22:50:00-04:00,1774493400000,6622.75,False,True,0,0,VWAP_TRIPLE_BEAR,8,4,2.25,2.25,1.25,False,3.7.0
2026-03-25 22:51:00-04:00,1774493460000,6622.5,False,True,0,0,VWAP_TRIPLE_BEAR,8,5,2.25,2.25,1.25,False,3.7.0
2026-03-25 22:51:59-04:00,1774493519000,6621.5,False,True,0,0,VWAP_TRIPLE_BEAR,5,8,2.25,2.25,1.25,False,3.7.0
2026-03-25 22:53:00-04:00,1774493580000,6621.25,False,True,0,0,VWAP_TRIPLE_BEAR,5,7,2.25,2.25,1.25,False,3.7.0
2026-03-25 22:54:00-04:00,1774493640000,6621.25,False,True,0,0,VWAP_TRIPLE_BEAR,5,5,4.25,2.25,1.25,False,3.7.0
2026-03-25 22:55:00-04:00,1774493700000,6621.0,False,True,0,0,VWAP_TRIPLE_BEAR,6,6,4.25,2.25,1.25,False,3.7.0
2026-03-25 22:55:59-04:00,1774493759000,6620.5,False,True,0,0,VWAP_TRIPLE_BEAR,6,5,4.25,2.25,1.25,False,3.7.0
2026-03-25 22:57:00-04:00,1774493820000,6619.5,False,True,0,0,VWAP_TRIPLE_BEAR,6,4,2.25,2.25,1.25,False,3.7.0
2026-03-25 22:58:00-04:00,1774493880000,6619.5,False,True,0,0,VWAP_TRIPLE_BEAR,7,4,2.25,2.25,1.25,False,3.7.0
2026-03-25 22:58:59-04:00,1774493939000,6620.0,False,True,0,0,VWAP_TRIPLE_BEAR,9,5,2.25,2.25,1.25,False,3.7.0
2026-03-25 23:00:00-04:00,1774494000000,6620.0,False,True,0,0,VWAP_TRIPLE_BEAR,6,5,2.25,2.25,1.25,False,3.7.0
2026-03-25 23:01:00-04:00,1774494060000,6621.5,False,True,0,0,VWAP_TRIPLE_BEAR,8,7,2.25,2.25,1.25,False,3.7.0
2026-03-25 23:01:59-04:00,1774494119000,6622.5,False,True,0,0,VWAP_TRIPLE_BEAR,8,7,2.25,2.25,1.25,False,3.7.0
2026-03-25 23:03:00-04:00,1774494180000,6621.75,False,True,0,0,VWAP_TRIPLE_BEAR,6,9,2.25,2.25,1.25,False,3.7.0
2026-03-25 23:04:00-04:00,1774494240000,6620.75,False,True,0,0,VWAP_TRIPLE_BEAR,6,8,9.0,2.25,1.25,False,3.7.0
2026-03-25 23:04:59-04:00,1774494299000,6621.0,False,True,0,0,VWAP_TRIPLE_BEAR,7,7,9.5,2.25,1.25,False,3.7.0
2026-03-25 23:06:00-04:00,1774494360000,6621.5,False,True,0,0,VWAP_TRIPLE_BEAR,7,6,2.25,2.25,1.25,False,3.7.0
2026-03-25 23:07:00-04:00,1774494420000,6620.75,False,True,0,0,VWAP_TRIPLE_BEAR,10,7,8.5,2.25,1.25,False,3.7.0
2026-03-25 23:08:00-04:00,1774494480000,6620.75,False,True,0,0,VWAP_TRIPLE_BEAR,6,9,8.5,2.25,1.25,False,3.7.0
2026-03-25 23:08:59-04:00,1774494539000,6619.25,False,True,0,0,VWAP_TRIPLE_BEAR,5,10,2.25,2.25,1.25,False,3.7.0
2026-03-25 23:10:00-04:00,1774494600000,6619.75,False,True,0,0,VWAP_TRIPLE_BEAR,5,7,2.25,2.25,1.25,False,3.7.0
2026-03-25 23:11:00-04:00,1774494660000,6620.75,False,True,0,0,VWAP_TRIPLE_BEAR,10,7,2.25,2.25,1.25,False,3.7.0
2026-03-25 23:11:59-04:00,1774494719000,6621.0,False,True,0,0,VWAP_TRIPLE_BEAR,9,6,2.25,2.25,1.25,False,3.7.0
2026-03-25 23:13:00-04:00,1774494780000,6623.5,False,True,0,0,VWAP_TRIPLE_BEAR,13,6,2.25,2.25,1.25,False,3.7.0
2026-03-25 23:14:00-04:00,1774494840000,6625.5,False,True,0,0,VWAP_TRIPLE_BEAR,10,6,2.25,2.25,1.25,False,3.7.0
2026-03-25 23:14:59-04:00,1774494899000,6625.25,False,True,0,0,VWAP_TRIPLE_BEAR,8,8,2.25,2.25,1.25,False,3.7.0
2026-03-25 23:16:00-04:00,1774494960000,6624.75,False,True,0,0,VWAP_TRIPLE_BEAR,6,9,2.25,2.25,1.25,False,3.7.0
2026-03-25 23:17:00-04:00,1774495020000,6624.75,False,True,0,0,VWAP_TRIPLE_BEAR,7,6,2.25,2.25,1.25,False,3.7.0
2026-03-25 23:17:59-04:00,1774495079000,6625.5,False,True,0,0,VWAP_TRIPLE_BEAR,7,6,2.25,2.25,1.25,False,3.7.0
2026-03-25 23:19:00-04:00,1774495140000,6625.25,False,True,0,0,VWAP_TRIPLE_BEAR,7,7,2.25,2.25,1.25,False,3.7.0
2026-03-25 23:20:00-04:00,1774495200000,6625.75,False,True,0,0,VWAP_TRIPLE_BEAR,7,5,2.25,2.25,1.25,False,3.7.0
2026-03-25 23:20:59-04:00,1774495259000,6626.75,False,True,0,0,VWAP_TRIPLE_BEAR,9,5,2.25,2.25,1.25,False,3.7.0
2026-03-25 23:22:00-04:00,1774495320000,6628.0,False,True,0,0,VWAP_TRIPLE_BEAR,11,7,2.25,2.25,1.25,False,3.7.0
2026-03-25 23:23:00-04:00,1774495380000,6628.5,False,True,0,0,VWAP_TRIPLE_BEAR,10,6,2.25,2.25,1.25,False,3.7.0
2026-03-25 23:24:00-04:00,1774495440000,6629.75,False,True,0,0,VWAP_TRIPLE_BEAR,10,4,2.25,2.25,1.25,False,3.7.0
2026-03-25 23:24:59-04:00,1774495499000,6630.5,False,True,0,0,VWAP_TRIPLE_BEAR,8,4,12.75,2.25,1.25,False,3.7.0
2026-03-25 23:26:00-04:00,1774495560000,6630.25,False,True,0,0,VWAP_TRIPLE_BEAR,7,4,2.25,2.25,1.25,False,3.7.0
2026-03-25 23:27:00-04:00,1774495620000,6629.25,False,True,0,0,VWAP_TRIPLE_BEAR,7,6,2.25,2.25,1.25,False,3.7.0
2026-03-25 23:27:59-04:00,1774495679000,6629.25,False,True,0,0,VWAP_TRIPLE_BEAR,7,6,2.25,2.25,1.25,False,3.7.0
2026-03-25 23:29:00-04:00,1774495740000,6629.25,False,True,0,0,VWAP_TRIPLE_BEAR,8,5,2.25,2.25,1.25,False,3.7.0
2026-03-25 23:30:00-04:00,1774495800000,6632.75,False,True,0,0,VWAP_TRIPLE_BEAR,9,5,2.25,2.25,1.25,False,3.7.0
2026-03-25 23:30:59-04:00,1774495859000,6634.75,False,True,0,0,VWAP_TRIPLE_BEAR,9,4,2.25,2.25,1.25,False,3.7.0
2026-03-25 23:32:00-04:00,1774495920000,6638.0,False,True,0,0,RVOL_SPIKE_BUY,10,5,2.25,2.25,1.25,False,3.7.0
2026-03-25 23:33:00-04:00,1774495980000,6638.25,False,True,0,0,RVOL_SPIKE_BUY,8,5,2.25,2.25,1.25,False,3.7.0
2026-03-25 23:33:59-04:00,1774496039000,6641.75,False,True,0,0,RVOL_SPIKE_BUY,9,4,2.25,2.25,1.25,False,3.7.0
2026-03-25 23:35:00-04:00,1774496100000,6643.5,False,True,0,0,RVOL_SPIKE_BUY,8,5,2.25,2.25,1.25,False,3.7.0
2026-03-25 23:36:00-04:00,1774496160000,6642.5,False,True,0,0,CONFLUENCE_SELL,4,7,2.25,2.25,1.25,False,3.7.0
2026-03-25 23:36:59-04:00,1774496219000,6644.25,False,True,0,0,CONFLUENCE_BUY,7,5,-4.5,2.25,1.25,False,3.7.0
2026-03-25 23:38:00-04:00,1774496280000,6644.75,False,True,0,0,CONFLUENCE_BUY,6,5,-5.5,2.25,1.25,False,3.7.0
2026-03-25 23:39:00-04:00,1774496340000,6644.25,False,True,0,0,CONFLUENCE_SELL,5,7,-4.75,2.25,1.25,False,3.7.0
2026-03-25 23:40:00-04:00,1774496400000,6646.25,False,True,0,0,CONFLUENCE_BUY,6,5,2.25,2.25,1.25,False,3.7.0
2026-03-25 23:40:59-04:00,1774496459000,6645.75,False,True,0,0,CONFLUENCE_SELL,4,5,2.25,2.25,1.25,False,3.7.0
2026-03-25 23:42:00-04:00,1774496520000,6645.25,False,True,0,0,CONFLUENCE_BUY,7,5,2.25,2.25,1.25,False,3.7.0
2026-03-25 23:43:00-04:00,1774496580000,6644.5,False,True,0,0,BN_LONG_DN,6,6,2.25,2.25,1.25,False,3.7.0
2026-03-25 23:43:59-04:00,1774496639000,6644.0,False,True,0,0,NONE,6,6,2.25,2.25,1.25,False,3.7.0
2026-03-25 23:45:00-04:00,1774496700000,6643.25,False,True,0,0,CONFLUENCE_SELL,5,6,2.25,2.25,1.25,False,3.7.0
2026-03-25 23:46:00-04:00,1774496760000,6642.75,False,True,0,0,CONFLUENCE_SELL,4,7,2.25,2.25,1.25,False,3.7.0
2026-03-25 23:46:59-04:00,1774496819000,6642.25,False,True,0,0,CONFLUENCE_SELL,4,5,2.25,2.25,1.25,False,3.7.0
2026-03-25 23:48:00-04:00,1774496880000,6640.75,False,True,0,0,CONFLUENCE_SELL,5,8,2.25,2.25,1.25,False,3.7.0
2026-03-25 23:49:00-04:00,1774496940000,6640.5,False,True,0,0,CONFLUENCE_SELL,6,7,2.25,2.25,1.25,False,3.7.0
2026-03-25 23:49:59-04:00,1774496999000,6639.75,False,True,0,0,CONFLUENCE_SELL,5,7,2.25,2.25,1.25,False,3.7.0
2026-03-25 23:51:00-04:00,1774497060000,6638.75,False,True,0,0,CONFLUENCE_BUY,6,5,-1.25,2.25,1.25,False,3.7.0
2026-03-25 23:52:00-04:00,1774497120000,6638.5,False,True,0,0,CONFLUENCE_SELL,5,8,-0.5,2.25,1.25,False,3.7.0
2026-03-25 23:53:00-04:00,1774497180000,6638.75,False,True,0,0,CONFLUENCE_BUY,6,5,-2.5,2.25,1.25,False,3.7.0
2026-03-25 23:53:59-04:00,1774497239000,6638.75,False,True,0,0,CONFLUENCE_SELL,5,6,-2.5,2.25,1.25,False,3.7.0
2026-03-25 23:55:00-04:00,1774497300000,6640.25,False,True,0,0,CONFLUENCE_BUY,8,5,2.25,2.25,1.25,False,3.7.0
2026-03-25 23:56:00-04:00,1774497360000,6639.0,False,True,0,0,CONFLUENCE_SELL,5,6,2.25,2.25,1.25,False,3.7.0
2026-03-25 23:56:59-04:00,1774497419000,6639.75,False,True,0,0,CONFLUENCE_SELL,5,6,2.25,2.25,1.25,False,3.7.0
2026-03-25 23:58:00-04:00,1774497480000,6639.25,False,True,0,0,CONFLUENCE_SELL,5,8,2.25,2.25,1.25,False,3.7.0
2026-03-25 23:59:00-04:00,1774497540000,6639.5,False,True,0,0,CONFLUENCE_BUY,8,5,2.25,2.25,1.25,False,3.7.0
2026-03-26 00:01:00-04:00,1774497660000,6637.5,False,False,0,0,RVOL_SPIKE_SELL,5,10,2.25,2.25,1.25,False,3.7.0
2026-03-26 00:02:00-04:00,1774497720000,6638.0,False,False,0,0,CONFLUENCE_BUY,6,5,2.25,2.25,1.25,False,3.7.0
2026-03-26 00:02:59-04:00,1774497779000,6635.75,False,False,0,0,VWAP_TRIPLE_BEAR,5,7,2.25,2.25,1.25,False,3.7.0
2026-03-26 00:04:00-04:00,1774497840000,6635.25,False,False,0,0,VWAP_TRIPLE_BEAR,5,5,2.25,2.25,1.25,False,3.7.0
2026-03-26 00:05:00-04:00,1774497900000,6635.75,False,False,0,0,VWAP_TRIPLE_BEAR,6,4,2.25,2.25,1.25,False,3.7.0
2026-03-26 00:05:59-04:00,1774497959000,6635.5,False,False,0,0,VWAP_TRIPLE_BEAR,6,4,2.25,2.25,1.25,False,3.7.0
2026-03-26 00:07:00-04:00,1774498020000,6636.25,False,False,0,0,VWAP_TRIPLE_BEAR,6,5,-1.75,2.25,1.25,False,3.7.0
2026-03-26 00:08:00-04:00,1774498080000,6636.75,False,False,0,0,CONFLUENCE_BUY,6,4,-2.25,2.25,1.25,False,3.7.0
2026-03-26 00:09:00-04:00,1774498140000,6637.0,False,False,0,0,NONE,5,5,2.25,2.25,1.25,False,3.7.0
2026-03-26 00:09:59-04:00,1774498199000,6636.75,False,False,0,0,CONFLUENCE_BUY,6,5,-1.75,2.25,1.25,False,3.7.0
2026-03-26 00:11:00-04:00,1774498260000,6636.25,False,False,0,0,VWAP_TRIPLE_BEAR,6,6,-2.5,2.25,1.25,False,3.7.0
2026-03-26 00:12:00-04:00,1774498320000,6637.5,False,False,0,0,CONFLUENCE_BUY,7,5,2.25,2.25,1.25,False,3.7.0
2026-03-26 00:12:59-04:00,1774498379000,6638.0,False,False,0,0,CONFLUENCE_BUY,6,5,2.25,2.25,1.25,False,3.7.0
2026-03-26 00:14:00-04:00,1774498440000,6636.25,False,False,0,0,VWAP_TRIPLE_BEAR,5,4,2.25,2.25,1.25,False,3.7.0
2026-03-26 00:15:00-04:00,1774498500000,6636.25,False,False,0,0,VWAP_TRIPLE_BEAR,6,6,2.25,2.25,1.25,False,3.7.0
2026-03-26 00:15:59-04:00,1774498559000,6636.75,False,False,0,0,CONFLUENCE_SELL,5,6,2.25,2.25,1.25,False,3.7.0
2026-03-26 00:17:00-04:00,1774498620000,6635.5,False,False,0,0,VWAP_TRIPLE_BEAR,5,8,2.25,2.25,1.25,False,3.7.0
2026-03-26 00:18:00-04:00,1774498680000,6634.25,False,False,0,0,VWAP_TRIPLE_BEAR,7,8,-1.0,2.25,1.25,False,3.7.0
2026-03-26 00:18:59-04:00,1774498739000,6634.25,False,False,0,0,VWAP_TRIPLE_BEAR,7,6,-1.5,2.25,1.25,False,3.7.0
2026-03-26 00:20:00-04:00,1774498800000,6634.25,False,False,0,0,VWAP_TRIPLE_BEAR,6,9,-0.75,2.25,1.25,False,3.7.0
2026-03-26 00:21:00-04:00,1774498860000,6633.75,False,False,0,0,VWAP_TRIPLE_BEAR,6,8,-0.25,2.25,1.25,False,3.7.0
2026-03-26 00:21:59-04:00,1774498919000,6635.25,False,False,0,0,VWAP_TRIPLE_BEAR,7,7,2.25,2.25,1.25,False,3.7.0
2026-03-26 00:23:00-04:00,1774498980000,6633.75,False,False,0,0,VWAP_TRIPLE_BEAR,7,9,-0.75,2.25,1.25,False,3.7.0
2026-03-26 00:24:00-04:00,1774499040000,6633.5,False,False,0,0,VWAP_TRIPLE_BEAR,7,6,-1.0,2.25,1.25,False,3.7.0
2026-03-26 00:25:00-04:00,1774499100000,6635.0,False,False,0,0,VWAP_TRIPLE_BEAR,8,6,2.25,2.25,1.25,False,3.7.0
2026-03-26 00:25:59-04:00,1774499159000,6634.75,False,False,0,0,VWAP_TRIPLE_BEAR,7,7,2.25,2.25,1.25,False,3.7.0
2026-03-26 00:27:00-04:00,1774499220000,6634.5,False,False,0,0,VWAP_TRIPLE_BEAR,8,6,2.25,2.25,1.25,False,3.7.0
2026-03-26 00:28:00-04:00,1774499280000,6634.5,False,False,0,0,VWAP_TRIPLE_BEAR,6,6,2.25,2.25,1.25,False,3.7.0
2026-03-26 00:28:59-04:00,1774499339000,6634.25,False,False,0,0,VWAP_TRIPLE_BEAR,7,6,2.25,2.25,1.25,False,3.7.0
2026-03-26 00:30:00-04:00,1774499400000,6635.0,False,False,0,0,VWAP_TRIPLE_BEAR,7,6,2.25,2.25,1.25,False,3.7.0
2026-03-26 00:31:00-04:00,1774499460000,6633.75,False,False,0,0,VWAP_TRIPLE_BEAR,7,8,2.25,2.25,1.25,False,3.7.0
2026-03-26 00:31:59-04:00,1774499519000,6633.25,False,False,0,0,VWAP_TRIPLE_BEAR,6,6,2.25,2.25,1.25,False,3.7.0
2026-03-26 00:33:00-04:00,1774499580000,6633.5,False,False,0,0,VWAP_TRIPLE_BEAR,7,6,2.25,2.25,1.25,False,3.7.0
2026-03-26 00:34:00-04:00,1774499640000,6632.5,False,False,0,0,VWAP_TRIPLE_BEAR,6,5,2.25,2.25,1.25,False,3.7.0
2026-03-26 00:34:59-04:00,1774499699000,6632.75,False,False,0,0,VWAP_TRIPLE_BEAR,9,5,2.25,2.25,1.25,False,3.7.0
2026-03-26 00:36:00-04:00,1774499760000,6633.5,False,False,0,0,VWAP_TRIPLE_BEAR,7,6,2.25,2.25,1.25,False,3.7.0
2026-03-26 00:37:00-04:00,1774499820000,6633.5,False,False,0,0,VWAP_TRIPLE_BEAR,6,7,2.25,2.25,1.25,False,3.7.0
2026-03-26 00:38:00-04:00,1774499880000,6633.25,False,False,0,0,VWAP_TRIPLE_BEAR,6,9,2.25,2.25,1.25,False,3.7.0
2026-03-26 00:38:59-04:00,1774499939000,6632.75,False,False,0,0,VWAP_TRIPLE_BEAR,7,7,2.25,2.25,1.25,False,3.7.0
2026-03-26 00:40:00-04:00,1774500000000,6633.5,False,False,0,0,VWAP_TRIPLE_BEAR,8,6,2.25,2.25,1.25,False,3.7.0
2026-03-26 00:41:00-04:00,1774500060000,6633.5,False,False,0,0,VWAP_TRIPLE_BEAR,6,8,2.25,2.25,1.25,False,3.7.0
2026-03-26 00:41:59-04:00,1774500119000,6633.25,False,False,0,0,VWAP_TRIPLE_BEAR,5,9,2.25,2.25,1.25,False,3.7.0
2026-03-26 00:43:00-04:00,1774500180000,6633.0,False,False,0,0,VWAP_TRIPLE_BEAR,5,10,2.25,2.25,1.25,False,3.7.0
2026-03-26 00:44:00-04:00,1774500240000,6632.5,False,False,0,0,VWAP_TRIPLE_BEAR,5,9,2.25,2.25,1.25,False,3.7.0
2026-03-26 00:44:59-04:00,1774500299000,6633.0,False,False,0,0,VWAP_TRIPLE_BEAR,5,7,2.25,2.25,1.25,False,3.7.0
2026-03-26 00:46:00-04:00,1774500360000,6631.75,False,False,0,0,VWAP_TRIPLE_BEAR,7,9,2.25,2.25,1.25,False,3.7.0
2026-03-26 00:47:00-04:00,1774500420000,6631.5,False,False,0,0,VWAP_TRIPLE_BEAR,6,7,2.25,2.25,1.25,False,3.7.0
2026-03-26 00:47:59-04:00,1774500479000,6632.0,False,False,0,0,VWAP_TRIPLE_BEAR,9,6,2.25,2.25,1.25,False,3.7.0
2026-03-26 00:49:00-04:00,1774500540000,6632.0,False,False,0,0,VWAP_TRIPLE_BEAR,7,6,2.25,2.25,1.25,False,3.7.0
2026-03-26 00:50:00-04:00,1774500600000,6631.0,False,False,0,0,VWAP_TRIPLE_BEAR,5,6,2.25,2.25,1.25,False,3.7.0
2026-03-26 00:50:59-04:00,1774500659000,6631.5,False,False,0,0,VWAP_TRIPLE_BEAR,6,6,2.25,2.25,1.25,False,3.7.0
2026-03-26 00:52:00-04:00,1774500720000,6631.0,False,False,0,0,VWAP_TRIPLE_BEAR,5,5,2.25,2.25,1.25,False,3.7.0
2026-03-26 00:53:00-04:00,1774500780000,6628.75,False,False,0,0,VWAP_TRIPLE_BEAR,7,10,2.25,2.25,1.25,False,3.7.0
2026-03-26 00:54:00-04:00,1774500840000,6628.25,False,False,0,0,VWAP_TRIPLE_BEAR,6,7,2.25,2.25,1.25,False,3.7.0
2026-03-26 00:54:59-04:00,1774500899000,6625.25,False,False,0,0,VWAP_TRIPLE_BEAR,7,9,2.25,2.25,1.25,False,3.7.0
2026-03-26 00:56:00-04:00,1774500960000,6626.75,False,False,0,0,VWAP_TRIPLE_BEAR,7,5,-4.5,2.25,1.25,False,3.7.0
2026-03-26 00:57:00-04:00,1774501020000,6625.5,False,False,0,0,VWAP_TRIPLE_BEAR,6,7,2.25,2.25,1.25,False,3.7.0
2026-03-26 00:57:59-04:00,1774501079000,6625.75,False,False,0,0,VWAP_TRIPLE_BEAR,6,6,2.25,2.25,1.25,False,3.7.0
2026-03-26 00:59:00-04:00,1774501140000,6626.5,False,False,0,0,VWAP_TRIPLE_BEAR,7,5,2.25,2.25,1.25,False,3.7.0
2026-03-26 01:00:00-04:00,1774501200000,6627.5,False,False,0,0,VWAP_TRIPLE_BEAR,8,5,2.25,2.25,1.25,False,3.7.0
2026-03-26 01:00:59-04:00,1774501259000,6628.25,False,False,0,0,VWAP_TRIPLE_BEAR,7,5,-7.25,2.25,1.25,False,3.7.0
2026-03-26 01:02:00-04:00,1774501320000,6628.0,False,False,0,0,VWAP_TRIPLE_BEAR,6,5,-5.25,2.25,1.25,False,3.7.0
2026-03-26 01:03:00-04:00,1774501380000,6628.5,False,False,0,0,VWAP_TRIPLE_BEAR,6,5,-7.25,2.25,1.25,False,3.7.0
2026-03-26 01:03:59-04:00,1774501439000,6629.75,False,False,0,0,VWAP_TRIPLE_BEAR,7,5,2.25,2.25,1.25,False,3.7.0
2026-03-26 01:05:00-04:00,1774501500000,6627.25,False,False,0,0,VWAP_TRIPLE_BEAR,6,9,2.25,2.25,1.25,False,3.7.0
2026-03-26 01:06:00-04:00,1774501560000,6625.75,False,False,0,0,VWAP_TRIPLE_BEAR,6,7,2.25,2.25,1.25,False,3.7.0
2026-03-26 01:06:59-04:00,1774501619000,6624.75,False,False,0,0,VWAP_TRIPLE_BEAR,5,9,2.25,2.25,1.25,False,3.7.0
2026-03-26 01:08:00-04:00,1774501680000,6623.0,False,False,0,0,VWAP_TRIPLE_BEAR,6,6,2.25,2.25,1.25,False,3.7.0
2026-03-26 01:09:00-04:00,1774501740000,6622.75,False,False,0,0,VWAP_TRIPLE_BEAR,6,6,2.25,2.25,1.25,False,3.7.0
2026-03-26 01:10:00-04:00,1774501800000,6622.5,False,False,0,0,VWAP_TRIPLE_BEAR,5,7,-6.0,2.25,1.25,False,3.7.0
2026-03-26 01:10:59-04:00,1774501859000,6622.75,False,False,0,0,VWAP_TRIPLE_BEAR,6,6,2.25,2.25,1.25,False,3.7.0
2026-03-26 01:12:00-04:00,1774501920000,6621.0,False,False,0,0,VWAP_TRIPLE_BEAR,6,6,2.25,2.25,1.25,False,3.7.0
2026-03-26 01:13:00-04:00,1774501980000,6621.25,False,False,0,0,VWAP_TRIPLE_BEAR,7,8,2.25,2.25,1.25,False,3.7.0
2026-03-26 01:13:59-04:00,1774502039000,6622.5,False,False,0,0,VWAP_TRIPLE_BEAR,8,7,-3.5,2.25,1.25,False,3.7.0
2026-03-26 01:15:00-04:00,1774502100000,6622.5,False,False,0,0,VWAP_TRIPLE_BEAR,9,6,-1.5,2.25,1.25,False,3.7.0
2026-03-26 01:16:00-04:00,1774502160000,6622.25,False,False,0,0,VWAP_TRIPLE_BEAR,5,6,-1.25,2.25,1.25,False,3.7.0
2026-03-26 01:16:59-04:00,1774502219000,6622.75,False,False,0,0,VWAP_TRIPLE_BEAR,8,7,2.25,2.25,1.25,False,3.7.0
2026-03-26 01:18:00-04:00,1774502280000,6623.25,False,False,0,0,VWAP_TRIPLE_BEAR,6,9,2.25,2.25,1.25,False,3.7.0
2026-03-26 01:19:00-04:00,1774502340000,6623.0,False,False,0,0,VWAP_TRIPLE_BEAR,7,7,2.25,2.25,1.25,False,3.7.0
2026-03-26 01:19:59-04:00,1774502399000,6623.75,False,False,0,0,VWAP_TRIPLE_BEAR,7,7,2.25,2.25,1.25,False,3.7.0
2026-03-26 01:21:00-04:00,1774502460000,6621.0,False,False,0,0,VWAP_TRIPLE_BEAR,6,9,-0.25,2.25,1.25,False,3.7.0
2026-03-26 01:22:00-04:00,1774502520000,6622.75,False,False,0,0,VWAP_TRIPLE_BEAR,6,8,2.25,2.25,1.25,False,3.7.0
2026-03-26 01:23:00-04:00,1774502580000,6621.25,False,False,0,0,VWAP_TRIPLE_BEAR,6,6,2.25,2.25,1.25,False,3.7.0
2026-03-26 01:23:59-04:00,1774502639000,6620.75,False,False,0,0,VWAP_TRIPLE_BEAR,6,9,2.25,2.25,1.25,False,3.7.0
2026-03-26 01:25:00-04:00,1774502700000,6616.5,False,False,0,0,VWAP_TRIPLE_BEAR,6,8,-1.0,2.25,1.25,False,3.7.0
2026-03-26 01:26:00-04:00,1774502760000,6615.0,False,False,0,0,VWAP_TRIPLE_BEAR,6,9,2.25,2.25,1.25,False,3.7.0
2026-03-26 01:26:59-04:00,1774502819000,6616.0,False,False,0,0,VWAP_TRIPLE_BEAR,6,6,2.25,2.25,1.25,False,3.7.0
2026-03-26 01:28:00-04:00,1774502880000,6616.5,False,False,0,0,VWAP_TRIPLE_BEAR,7,5,2.25,2.25,1.25,False,3.7.0
2026-03-26 01:29:00-04:00,1774502940000,6616.75,False,False,0,0,VWAP_TRIPLE_BEAR,7,6,2.25,2.25,1.25,False,3.7.0
2026-03-26 01:29:59-04:00,1774502999000,6616.5,False,False,0,0,VWAP_TRIPLE_BEAR,6,5,2.25,2.25,1.25,False,3.7.0
2026-03-26 01:31:00-04:00,1774503060000,6615.75,False,False,0,0,VWAP_TRIPLE_BEAR,6,8,2.25,2.25,1.25,False,3.7.0
2026-03-26 01:32:00-04:00,1774503120000,6616.5,False,False,0,0,VWAP_TRIPLE_BEAR,6,5,2.25,2.25,1.25,False,3.7.0
2026-03-26 01:32:59-04:00,1774503179000,6618.25,False,False,0,0,VWAP_TRIPLE_BEAR,10,5,2.25,2.25,1.25,False,3.7.0
2026-03-26 01:34:00-04:00,1774503240000,6619.0,False,False,0,0,VWAP_TRIPLE_BEAR,8,6,-5.75,2.25,1.25,False,3.7.0
2026-03-26 01:35:00-04:00,1774503300000,6621.0,False,False,0,0,VWAP_TRIPLE_BEAR,9,8,2.25,2.25,1.25,False,3.7.0
2026-03-26 01:35:59-04:00,1774503359000,6621.0,False,False,0,0,VWAP_TRIPLE_BEAR,7,6,2.25,2.25,1.25,False,3.7.0
2026-03-26 01:37:00-04:00,1774503420000,6618.25,False,False,0,0,VWAP_TRIPLE_BEAR,6,7,2.25,2.25,1.25,False,3.7.0
2026-03-26 01:38:00-04:00,1774503480000,6618.75,False,False,0,0,VWAP_TRIPLE_BEAR,6,5,-5.25,2.25,1.25,False,3.7.0
2026-03-26 01:39:00-04:00,1774503540000,6618.75,False,False,0,0,VWAP_TRIPLE_BEAR,6,6,-5.75,2.25,1.25,False,3.7.0
2026-03-26 01:39:59-04:00,1774503599000,6618.5,False,False,0,0,VWAP_TRIPLE_BEAR,6,5,2.25,2.25,1.25,False,3.7.0
2026-03-26 01:41:00-04:00,1774503660000,6620.75,False,False,0,0,VWAP_TRIPLE_BEAR,8,5,2.25,2.25,1.25,False,3.7.0
2026-03-26 01:42:00-04:00,1774503720000,6620.75,False,False,0,0,VWAP_TRIPLE_BEAR,7,5,2.25,2.25,1.25,False,3.7.0
2026-03-26 01:42:59-04:00,1774503779000,6618.5,False,False,0,0,VWAP_TRIPLE_BEAR,5,8,2.25,2.25,1.25,False,3.7.0
2026-03-26 01:44:00-04:00,1774503840000,6617.5,False,False,0,0,VWAP_TRIPLE_BEAR,5,8,2.25,2.25,1.25,False,3.7.0
2026-03-26 01:45:00-04:00,1774503900000,6615.5,False,False,0,0,VWAP_TRIPLE_BEAR,6,11,-2.0,2.25,1.25,False,3.7.0
2026-03-26 01:45:59-04:00,1774503959000,6616.0,False,False,0,0,VWAP_TRIPLE_BEAR,6,5,2.25,2.25,1.25,False,3.7.0
2026-03-26 01:47:00-04:00,1774504020000,6616.75,False,False,0,0,VWAP_TRIPLE_BEAR,6,5,2.25,2.25,1.25,False,3.7.0
2026-03-26 01:48:00-04:00,1774504080000,6616.75,False,False,0,0,VWAP_TRIPLE_BEAR,6,6,2.25,2.25,1.25,False,3.7.0
2026-03-26 01:48:59-04:00,1774504139000,6616.75,False,False,0,0,VWAP_TRIPLE_BEAR,7,8,2.25,2.25,1.25,False,3.7.0
2026-03-26 01:50:00-04:00,1774504200000,6615.75,False,False,0,0,VWAP_TRIPLE_BEAR,6,7,2.25,2.25,1.25,False,3.7.0
2026-03-26 01:51:00-04:00,1774504260000,6615.5,False,False,0,0,VWAP_TRIPLE_BEAR,6,7,2.25,2.25,1.25,False,3.7.0
2026-03-26 01:51:59-04:00,1774504319000,6613.5,False,False,0,0,VWAP_TRIPLE_BEAR,7,11,2.25,2.25,1.25,False,3.7.0
2026-03-26 01:53:00-04:00,1774504380000,6613.25,False,False,0,0,VWAP_TRIPLE_BEAR,6,7,2.25,2.25,1.25,False,3.7.0
2026-03-26 01:54:00-04:00,1774504440000,6613.25,False,False,0,0,VWAP_TRIPLE_BEAR,7,8,2.25,2.25,1.25,False,3.7.0
2026-03-26 01:55:00-04:00,1774504500000,6614.0,False,False,0,0,VWAP_TRIPLE_BEAR,6,7,2.25,2.25,1.25,False,3.7.0
2026-03-26 01:55:59-04:00,1774504559000,6613.0,False,False,0,0,VWAP_TRIPLE_BEAR,7,9,2.25,2.25,1.25,False,3.7.0
2026-03-26 01:57:00-04:00,1774504620000,6613.0,False,False,0,0,VWAP_TRIPLE_BEAR,6,6,2.25,2.25,1.25,False,3.7.0
2026-03-26 01:58:00-04:00,1774504680000,6613.5,False,False,0,0,VWAP_TRIPLE_BEAR,6,7,2.25,2.25,1.25,False,3.7.0
2026-03-26 01:58:59-04:00,1774504739000,6613.0,False,False,0,0,VWAP_TRIPLE_BEAR,6,6,2.25,2.25,1.25,False,3.7.0
2026-03-26 02:00:00-04:00,1774504800000,6612.0,False,False,0,0,VWAP_TRIPLE_BEAR,7,6,-1.25,2.25,1.25,False,3.7.0
2026-03-26 02:01:00-04:00,1774504860000,6610.5,False,False,0,0,VWAP_TRIPLE_BEAR,7,8,2.25,2.25,1.25,False,3.7.0
2026-03-26 02:01:59-04:00,1774504919000,6614.25,False,False,0,0,VWAP_TRIPLE_BEAR,7,7,2.25,2.25,1.25,False,3.7.0
2026-03-26 02:03:00-04:00,1774504980000,6613.25,False,False,0,0,VWAP_TRIPLE_BEAR,7,8,-2.5,2.25,1.25,False,3.7.0
2026-03-26 02:04:00-04:00,1774505040000,6614.5,False,False,0,0,VWAP_TRIPLE_BEAR,7,7,2.25,2.25,1.25,False,3.7.0
2026-03-26 02:04:59-04:00,1774505099000,6613.5,False,False,0,0,VWAP_TRIPLE_BEAR,7,7,2.25,2.25,1.25,False,3.7.0
2026-03-26 02:06:00-04:00,1774505160000,6612.25,False,False,0,0,VWAP_TRIPLE_BEAR,7,8,-2.5,2.25,1.25,False,3.7.0
2026-03-26 02:07:00-04:00,1774505220000,6613.75,False,False,0,0,VWAP_TRIPLE_BEAR,7,7,2.25,2.25,1.25,False,3.7.0
2026-03-26 02:08:00-04:00,1774505280000,6612.5,False,False,0,0,VWAP_TRIPLE_BEAR,6,9,2.25,2.25,1.25,False,3.7.0
2026-03-26 02:08:59-04:00,1774505339000,6613.0,False,False,0,0,VWAP_TRIPLE_BEAR,6,6,2.25,2.25,1.25,False,3.7.0
2026-03-26 02:10:00-04:00,1774505400000,6612.5,False,False,0,0,VWAP_TRIPLE_BEAR,5,7,2.25,2.25,1.25,False,3.7.0
2026-03-26 02:11:00-04:00,1774505460000,6612.0,False,False,0,0,VWAP_TRIPLE_BEAR,5,10,2.25,2.25,1.25,False,3.7.0
2026-03-26 02:11:59-04:00,1774505519000,6612.5,False,False,0,0,VWAP_TRIPLE_BEAR,5,6,2.25,2.25,1.25,False,3.7.0
2026-03-26 02:13:00-04:00,1774505580000,6610.5,False,False,0,0,VWAP_TRIPLE_BEAR,6,11,6.0,2.25,1.25,False,3.7.0
2026-03-26 02:14:00-04:00,1774505640000,6611.25,False,False,0,0,VWAP_TRIPLE_BEAR,6,7,6.0,2.25,1.25,False,3.7.0
2026-03-26 02:14:59-04:00,1774505699000,6611.0,False,False,0,0,VWAP_TRIPLE_BEAR,7,6,8.5,2.25,1.25,False,3.7.0
2026-03-26 02:16:00-04:00,1774505760000,6611.25,False,False,0,0,VWAP_TRIPLE_BEAR,6,9,5.75,2.25,1.25,False,3.7.0
2026-03-26 02:17:00-04:00,1774505820000,6612.0,False,False,0,0,VWAP_TRIPLE_BEAR,7,6,2.25,2.25,1.25,False,3.7.0
2026-03-26 02:17:59-04:00,1774505879000,6609.5,False,False,0,0,VWAP_TRIPLE_BEAR,6,12,2.25,2.25,1.25,False,3.7.0
2026-03-26 02:19:00-04:00,1774505940000,6611.5,False,False,0,0,VWAP_TRIPLE_BEAR,7,6,2.25,2.25,1.25,False,3.7.0
2026-03-26 02:20:00-04:00,1774506000000,6610.75,False,False,0,0,VWAP_TRIPLE_BEAR,6,9,7.75,2.25,1.25,False,3.7.0
2026-03-26 02:20:59-04:00,1774506059000,6610.75,False,False,0,0,VWAP_TRIPLE_BEAR,7,8,6.25,2.25,1.25,False,3.7.0
2026-03-26 02:22:00-04:00,1774506120000,6611.5,False,False,0,0,VWAP_TRIPLE_BEAR,6,8,2.25,2.25,1.25,False,3.7.0
2026-03-26 02:23:00-04:00,1774506180000,6610.75,False,False,0,0,VWAP_TRIPLE_BEAR,8,7,8.0,2.25,1.25,False,3.7.0
2026-03-26 02:24:00-04:00,1774506240000,6611.5,False,False,0,0,VWAP_TRIPLE_BEAR,6,6,2.25,2.25,1.25,False,3.7.0
2026-03-26 02:24:59-04:00,1774506299000,6609.25,False,False,0,0,VWAP_TRIPLE_BEAR,6,10,2.25,2.25,1.25,False,3.7.0
2026-03-26 02:26:00-04:00,1774506360000,6609.75,False,False,0,0,VWAP_TRIPLE_BEAR,7,7,2.25,2.25,1.25,False,3.7.0
2026-03-26 02:27:00-04:00,1774506420000,6613.25,False,False,0,0,VWAP_TRIPLE_BEAR,12,7,2.25,2.25,1.25,False,3.7.0
2026-03-26 02:27:59-04:00,1774506479000,6616.25,False,False,0,0,VWAP_TRIPLE_BEAR,10,6,2.25,2.25,1.25,False,3.7.0
2026-03-26 02:29:00-04:00,1774506540000,6618.5,False,False,0,0,VWAP_TRIPLE_BEAR,11,8,2.25,2.25,1.25,False,3.7.0
2026-03-26 02:30:00-04:00,1774506600000,6618.5,False,False,0,0,VWAP_TRIPLE_BEAR,8,9,2.25,2.25,1.25,False,3.7.0
2026-03-26 02:30:59-04:00,1774506659000,6617.75,False,False,0,0,VWAP_TRIPLE_BEAR,7,8,-0.25,2.25,1.25,False,3.7.0
2026-03-26 02:32:00-04:00,1774506720000,6618.0,False,False,0,0,VWAP_TRIPLE_BEAR,6,7,-0.25,2.25,1.25,False,3.7.0
2026-03-26 02:33:00-04:00,1774506780000,6616.5,False,False,0,0,VWAP_TRIPLE_BEAR,6,7,2.25,2.25,1.25,False,3.7.0
2026-03-26 02:33:59-04:00,1774506839000,6617.25,False,False,0,0,VWAP_TRIPLE_BEAR,8,6,2.25,2.25,1.25,False,3.7.0
2026-03-26 02:35:00-04:00,1774506900000,6619.5,False,False,0,0,VWAP_TRIPLE_BEAR,8,6,2.25,2.25,1.25,False,3.7.0
2026-03-26 02:36:00-04:00,1774506960000,6617.0,False,False,0,0,VWAP_TRIPLE_BEAR,6,8,2.5,2.25,1.25,False,3.7.0
2026-03-26 02:36:59-04:00,1774507019000,6617.75,False,False,0,0,VWAP_TRIPLE_BEAR,9,7,1.25,2.25,1.25,False,3.7.0
2026-03-26 02:38:00-04:00,1774507080000,6617.25,False,False,0,0,VWAP_TRIPLE_BEAR,9,6,2.75,2.25,1.25,False,3.7.0
2026-03-26 02:39:00-04:00,1774507140000,6618.5,False,False,0,0,VWAP_TRIPLE_BEAR,7,6,2.25,2.25,1.25,False,3.7.0
2026-03-26 02:40:00-04:00,1774507200000,6618.5,False,False,0,0,VWAP_TRIPLE_BEAR,6,6,2.25,2.25,1.25,False,3.7.0
2026-03-26 02:40:59-04:00,1774507259000,6617.0,False,False,0,0,VWAP_TRIPLE_BEAR,6,5,0.5,2.25,1.25,False,3.7.0
2026-03-26 02:42:00-04:00,1774507320000,6615.75,False,False,0,0,VWAP_TRIPLE_BEAR,7,6,2.25,2.25,1.25,False,3.7.0
2026-03-26 02:43:00-04:00,1774507380000,6618.75,False,False,0,0,VWAP_TRIPLE_BEAR,9,5,1.25,2.25,1.25,False,3.7.0
2026-03-26 02:43:59-04:00,1774507439000,6617.75,False,False,0,0,VWAP_TRIPLE_BEAR,8,7,2.25,2.25,1.25,False,3.7.0
2026-03-26 02:45:00-04:00,1774507500000,6618.5,False,False,0,0,VWAP_TRIPLE_BEAR,8,6,-4.25,2.25,1.25,False,3.7.0
2026-03-26 02:46:00-04:00,1774507560000,6619.0,False,False,0,0,VWAP_TRIPLE_BEAR,7,6,2.25,2.25,1.25,False,3.7.0
2026-03-26 02:46:59-04:00,1774507619000,6617.75,False,False,0,0,VWAP_TRIPLE_BEAR,6,6,2.25,2.25,1.25,False,3.7.0
2026-03-26 02:48:00-04:00,1774507680000,6619.0,False,False,0,0,VWAP_TRIPLE_BEAR,8,6,2.25,2.25,1.25,False,3.7.0
2026-03-26 02:49:00-04:00,1774507740000,6618.75,False,False,0,0,VWAP_TRIPLE_BEAR,9,6,-5.75,2.25,1.25,False,3.7.0
2026-03-26 02:49:59-04:00,1774507799000,6618.5,False,False,0,0,VWAP_TRIPLE_BEAR,6,6,-7.25,2.25,1.25,False,3.7.0
2026-03-26 02:51:00-04:00,1774507860000,6617.5,False,False,0,0,VWAP_TRIPLE_BEAR,5,6,2.25,2.25,1.25,False,3.7.0
2026-03-26 02:52:00-04:00,1774507920000,6617.75,False,False,0,0,VWAP_TRIPLE_BEAR,9,6,2.25,2.25,1.25,False,3.7.0
2026-03-26 02:53:00-04:00,1774507980000,6616.75,False,False,0,0,VWAP_TRIPLE_BEAR,5,9,2.25,2.25,1.25,False,3.7.0
2026-03-26 02:53:59-04:00,1774508039000,6616.75,False,False,0,0,VWAP_TRIPLE_BEAR,6,7,2.25,2.25,1.25,False,3.7.0
2026-03-26 02:55:00-04:00,1774508100000,6619.75,False,False,0,0,VWAP_TRIPLE_BEAR,10,7,2.25,2.25,1.25,False,3.7.0
2026-03-26 02:56:00-04:00,1774508160000,6619.5,False,False,0,0,VWAP_TRIPLE_BEAR,7,7,2.25,2.25,1.25,False,3.7.0
2026-03-26 02:56:59-04:00,1774508219000,6619.0,False,False,0,0,VWAP_TRIPLE_BEAR,6,8,2.25,2.25,1.25,False,3.7.0
2026-03-26 02:58:00-04:00,1774508280000,6620.0,False,False,0,0,VWAP_TRIPLE_BEAR,7,7,2.25,2.25,1.25,False,3.7.0
2026-03-26 02:59:00-04:00,1774508340000,6620.0,False,False,0,0,VWAP_TRIPLE_BEAR,9,6,2.25,2.25,1.25,False,3.7.0
2026-03-26 02:59:59-04:00,1774508399000,6620.0,False,False,0,0,VWAP_TRIPLE_BEAR,9,6,2.25,2.25,1.25,False,3.7.0
2026-03-26 03:01:00-04:00,1774508460000,6617.5,False,False,0,0,VWAP_TRIPLE_BEAR,7,9,2.25,2.25,1.25,False,3.7.0
2026-03-26 03:02:00-04:00,1774508520000,6616.5,False,False,0,0,VWAP_TRIPLE_BEAR,6,10,2.25,2.25,1.25,False,3.7.0
2026-03-26 03:02:59-04:00,1774508579000,6620.0,False,False,0,0,VWAP_TRIPLE_BEAR,11,6,2.25,2.25,1.25,False,3.7.0
2026-03-26 03:04:00-04:00,1774508640000,6617.25,False,False,0,0,VWAP_TRIPLE_BEAR,6,10,2.25,2.25,1.25,False,3.7.0
2026-03-26 03:05:00-04:00,1774508700000,6614.25,False,False,0,0,VWAP_TRIPLE_BEAR,8,9,2.25,2.25,1.25,False,3.7.0
2026-03-26 03:05:59-04:00,1774508759000,6612.25,True,False,-1,3,VWAP_TRIPLE_BEAR,7,10,2.25,2.25,1.25,False,3.7.0
2026-03-26 03:07:00-04:00,1774508820000,6611.75,True,False,0,4,VWAP_TRIPLE_BEAR,10,6,1.75,2.25,1.25,False,3.7.0
2026-03-26 03:08:00-04:00,1774508880000,6612.75,True,False,-1,0,VWAP_TRIPLE_BEAR,6,6,2.25,2.25,1.25,False,3.7.0
2026-03-26 03:09:00-04:00,1774508940000,6613.0,True,False,-1,1,VWAP_TRIPLE_BEAR,8,7,2.25,2.25,1.25,False,3.7.0
2026-03-26 03:09:59-04:00,1774508999000,6611.25,True,False,0,0,VWAP_TRIPLE_BEAR,6,6,1.25,2.25,1.25,False,3.7.0
2026-03-26 03:11:00-04:00,1774509060000,6612.5,True,False,-1,3,VWAP_TRIPLE_BEAR,9,6,2.25,2.25,1.25,False,3.7.0
2026-03-26 03:12:00-04:00,1774509120000,6612.0,True,False,-1,3,VWAP_TRIPLE_BEAR,9,6,2.25,2.25,1.25,False,3.7.0
2026-03-26 03:12:59-04:00,1774509179000,6612.25,True,False,-1,1,VWAP_TRIPLE_BEAR,6,7,2.25,2.25,1.25,False,3.7.0
2026-03-26 03:14:00-04:00,1774509240000,6612.5,True,False,-1,1,VWAP_TRIPLE_BEAR,5,6,2.25,2.25,1.25,False,3.7.0
2026-03-26 03:15:00-04:00,1774509300000,6613.0,True,False,-1,3,VWAP_TRIPLE_BEAR,8,5,2.25,2.25,1.25,False,3.7.0
2026-03-26 03:15:59-04:00,1774509359000,6611.0,True,False,0,2,VWAP_TRIPLE_BEAR,6,8,1.75,2.25,1.25,False,3.7.0
2026-03-26 03:17:00-04:00,1774509420000,6612.5,True,False,-1,3,VWAP_TRIPLE_BEAR,5,8,2.25,2.25,1.25,False,3.7.0
2026-03-26 03:18:00-04:00,1774509480000,6611.5,True,False,-1,2,VWAP_TRIPLE_BEAR,5,7,2.25,2.25,1.25,False,3.7.0
2026-03-26 03:18:59-04:00,1774509539000,6611.75,True,False,-1,2,VWAP_TRIPLE_BEAR,5,7,2.25,2.25,1.25,False,3.7.0
2026-03-26 03:20:00-04:00,1774509600000,6607.75,True,False,1,4,VWAP_TRIPLE_BEAR,7,11,2.25,2.25,1.25,False,3.7.0
2026-03-26 03:21:00-04:00,1774509660000,6611.5,True,False,1,1,VWAP_TRIPLE_BEAR,7,6,2.25,2.25,1.25,False,3.7.0
2026-03-26 03:21:59-04:00,1774509719000,6616.75,True,False,-1,1,VWAP_TRIPLE_BEAR,7,6,2.25,2.25,1.25,False,3.7.0
2026-03-26 03:23:00-04:00,1774509780000,6617.0,True,False,-1,1,VWAP_TRIPLE_BEAR,7,6,2.25,2.25,1.25,False,3.7.0
2026-03-26 03:24:00-04:00,1774509840000,6615.25,True,False,-1,3,VWAP_TRIPLE_BEAR,6,9,2.25,2.25,1.25,False,3.7.0
2026-03-26 03:25:00-04:00,1774509900000,6615.25,True,False,-1,1,VWAP_TRIPLE_BEAR,5,6,2.25,2.25,1.25,False,3.7.0
2026-03-26 03:25:59-04:00,1774509959000,6614.25,True,False,-1,5,VWAP_TRIPLE_BEAR,5,10,2.25,2.25,1.25,False,3.7.0
2026-03-26 03:27:00-04:00,1774510020000,6613.5,True,False,-1,4,VWAP_TRIPLE_BEAR,4,8,2.25,2.25,1.25,False,3.7.0
2026-03-26 03:28:00-04:00,1774510080000,6611.75,True,False,-1,4,VWAP_TRIPLE_BEAR,4,8,2.25,2.25,1.25,False,3.7.0
2026-03-26 03:28:59-04:00,1774510139000,6612.5,True,False,-1,0,VWAP_TRIPLE_BEAR,6,6,2.25,2.25,1.25,False,3.7.0
2026-03-26 03:30:00-04:00,1774510200000,6612.5,True,False,-1,2,VWAP_TRIPLE_BEAR,7,5,2.25,2.25,1.25,False,3.7.0
2026-03-26 03:31:00-04:00,1774510260000,6610.25,True,False,1,5,VWAP_TRIPLE_BEAR,4,9,2.25,2.25,1.25,False,3.7.0
2026-03-26 03:31:59-04:00,1774510319000,6609.5,True,False,1,3,VWAP_TRIPLE_BEAR,4,7,2.25,2.25,1.25,False,3.7.0
2026-03-26 03:33:00-04:00,1774510380000,6611.0,True,False,1,3,VWAP_TRIPLE_BEAR,8,5,2.25,2.25,1.25,False,3.7.0
2026-03-26 03:34:00-04:00,1774510440000,6611.25,True,False,1,1,VWAP_TRIPLE_BEAR,6,5,2.25,2.25,1.25,False,3.7.0
2026-03-26 03:34:59-04:00,1774510499000,6613.0,True,False,1,3,VWAP_TRIPLE_BEAR,8,5,2.25,2.25,1.25,False,3.7.0
2026-03-26 03:36:00-04:00,1774510560000,6612.75,True,False,1,2,VWAP_TRIPLE_BEAR,5,7,2.25,2.25,1.25,False,3.7.0
2026-03-26 03:37:00-04:00,1774510620000,6614.75,True,False,0,3,VWAP_TRIPLE_BEAR,8,5,-1.0,2.25,1.25,False,3.7.0
2026-03-26 03:38:00-04:00,1774510680000,6615.75,True,False,-1,0,VWAP_TRIPLE_BEAR,6,6,2.25,2.25,1.25,False,3.7.0
2026-03-26 03:38:59-04:00,1774510739000,6616.0,True,False,-1,3,VWAP_TRIPLE_BEAR,8,5,2.25,2.25,1.25,False,3.7.0
2026-03-26 03:40:00-04:00,1774510800000,6616.0,True,False,-1,1,VWAP_TRIPLE_BEAR,7,6,2.25,2.25,1.25,False,3.7.0
2026-03-26 03:41:00-04:00,1774510860000,6614.5,True,False,0,4,VWAP_TRIPLE_BEAR,4,8,2.25,2.25,1.25,False,3.7.0
2026-03-26 03:41:59-04:00,1774510919000,6612.5,True,False,1,3,VWAP_TRIPLE_BEAR,4,7,2.25,2.25,1.25,False,3.7.0
2026-03-26 03:43:00-04:00,1774510980000,6612.75,True,False,1,1,VWAP_TRIPLE_BEAR,7,6,2.25,2.25,1.25,False,3.7.0
2026-03-26 03:44:00-04:00,1774511040000,6613.0,True,False,1,2,VWAP_TRIPLE_BEAR,5,7,2.25,2.25,1.25,False,3.7.0
2026-03-26 03:44:59-04:00,1774511099000,6616.5,True,False,-1,1,VWAP_TRIPLE_BEAR,7,6,2.25,2.25,1.25,False,3.7.0
2026-03-26 03:46:00-04:00,1774511160000,6615.25,True,False,0,2,VWAP_TRIPLE_BEAR,5,7,5.25,2.25,1.25,False,3.7.0
2026-03-26 03:47:00-04:00,1774511220000,6614.5,True,False,1,2,VWAP_TRIPLE_BEAR,5,7,2.25,2.25,1.25,False,3.7.0
2026-03-26 03:47:59-04:00,1774511279000,6616.5,True,False,-1,3,VWAP_TRIPLE_BEAR,8,5,2.25,2.25,1.25,False,3.7.0
2026-03-26 03:49:00-04:00,1774511340000,6616.75,True,False,-1,1,VWAP_TRIPLE_BEAR,6,5,2.25,2.25,1.25,False,3.7.0
2026-03-26 03:50:00-04:00,1774511400000,6616.25,True,False,-1,1,VWAP_TRIPLE_BEAR,6,5,2.25,2.25,1.25,False,3.7.0
2026-03-26 03:50:59-04:00,1774511459000,6614.75,True,False,1,0,VWAP_TRIPLE_BEAR,6,6,2.25,2.25,1.25,False,3.7.0
2026-03-26 03:52:00-04:00,1774511520000,6614.75,True,False,1,0,VWAP_TRIPLE_BEAR,6,6,2.25,2.25,1.25,False,3.7.0
2026-03-26 03:53:00-04:00,1774511580000,6614.5,True,False,1,1,VWAP_TRIPLE_BEAR,5,6,2.25,2.25,1.25,False,3.7.0
2026-03-26 03:54:00-04:00,1774511640000,6615.0,True,False,0,2,VWAP_TRIPLE_BEAR,6,8,-9.5,2.25,1.25,False,3.7.0
2026-03-26 03:54:59-04:00,1774511699000,6615.25,True,False,0,1,VWAP_TRIPLE_BEAR,5,6,-8.75,2.25,1.25,False,3.7.0
2026-03-26 03:56:00-04:00,1774511760000,6614.75,True,False,1,1,VWAP_TRIPLE_BEAR,5,6,2.25,2.25,1.25,False,3.7.0
2026-03-26 03:57:00-04:00,1774511820000,6613.75,True,False,1,0,VWAP_TRIPLE_BEAR,6,6,2.25,2.25,1.25,False,3.7.0
2026-03-26 03:57:59-04:00,1774511879000,6613.75,True,False,1,2,VWAP_TRIPLE_BEAR,5,7,2.25,2.25,1.25,False,3.7.0
2026-03-26 03:59:00-04:00,1774511940000,6614.5,True,False,1,0,VWAP_TRIPLE_BEAR,6,6,2.25,2.25,1.25,False,3.7.0
2026-03-26 04:00:00-04:00,1774512000000,6617.5,True,False,0,1,VWAP_TRIPLE_BEAR,8,7,-9.75,2.25,1.25,False,3.7.0
2026-03-26 04:00:59-04:00,1774512059000,6616.75,True,False,1,0,VWAP_TRIPLE_BEAR,8,8,2.25,2.25,1.25,False,3.7.0
2026-03-26 04:02:00-04:00,1774512120000,6616.5,True,False,1,1,VWAP_TRIPLE_BEAR,7,6,2.25,2.25,1.25,False,3.7.0
2026-03-26 04:03:00-04:00,1774512180000,6617.0,True,False,1,0,VWAP_TRIPLE_BEAR,6,6,2.25,2.25,1.25,False,3.7.0
2026-03-26 04:03:59-04:00,1774512239000,6617.5,True,False,0,0,VWAP_TRIPLE_BEAR,7,7,-12.0,2.25,1.25,False,3.7.0
2026-03-26 04:05:00-04:00,1774512300000,6616.0,True,False,1,2,VWAP_TRIPLE_BEAR,5,7,2.25,2.25,1.25,False,3.7.0
2026-03-26 04:06:00-04:00,1774512360000,6620.5,True,False,0,2,VWAP_TRIPLE_BEAR,6,8,-13.25,2.25,1.25,False,3.7.0
2026-03-26 04:06:59-04:00,1774512419000,6621.75,True,False,-1,4,VWAP_TRIPLE_BEAR,5,9,2.25,2.25,1.25,False,3.7.0
2026-03-26 04:08:00-04:00,1774512480000,6620.75,True,False,-1,4,VWAP_TRIPLE_BEAR,5,9,2.25,2.25,1.25,False,3.7.0
2026-03-26 04:09:00-04:00,1774512540000,6616.75,True,False,-1,1,VWAP_TRIPLE_BEAR,7,8,2.25,2.25,1.25,False,3.7.0
2026-03-26 04:10:00-04:00,1774512600000,6615.5,True,False,-1,3,VWAP_TRIPLE_BEAR,5,8,2.25,2.25,1.25,False,3.7.0
2026-03-26 04:10:59-04:00,1774512659000,6615.0,True,False,-1,3,VWAP_TRIPLE_BEAR,4,7,2.25,2.25,1.25,False,3.7.0
2026-03-26 04:12:00-04:00,1774512720000,6613.5,True,False,-1,6,VWAP_TRIPLE_BEAR,4,10,2.25,2.25,1.25,False,3.7.0
2026-03-26 04:13:00-04:00,1774512780000,6608.75,True,False,-1,6,VWAP_TRIPLE_BEAR,5,11,2.25,2.25,1.25,False,3.7.0
2026-03-26 04:13:59-04:00,1774512839000,6605.5,True,False,1,4,VWAP_TRIPLE_BEAR,5,9,2.25,2.25,1.25,False,3.7.0
2026-03-26 04:15:00-04:00,1774512900000,6606.5,True,False,1,3,VWAP_TRIPLE_BEAR,5,8,2.25,2.25,1.25,False,3.7.0
2026-03-26 04:16:00-04:00,1774512960000,6607.75,True,False,0,0,VWAP_TRIPLE_BEAR,7,7,-2.75,2.25,1.25,False,3.7.0
2026-03-26 04:16:59-04:00,1774513019000,6609.0,True,False,-1,1,VWAP_TRIPLE_BEAR,6,7,2.25,2.25,1.25,False,3.7.0
2026-03-26 04:18:00-04:00,1774513080000,6607.0,True,False,-1,1,VWAP_TRIPLE_BEAR,6,7,2.25,2.25,1.25,False,3.7.0
2026-03-26 04:19:00-04:00,1774513140000,6605.0,True,False,1,3,VWAP_TRIPLE_BEAR,6,9,2.25,2.25,1.25,False,3.7.0
2026-03-26 04:19:59-04:00,1774513199000,6607.75,True,False,-1,1,VWAP_TRIPLE_BEAR,6,7,2.25,2.25,1.25,False,3.7.0
2026-03-26 04:21:00-04:00,1774513260000,6606.0,True,False,0,1,VWAP_TRIPLE_BEAR,6,7,-2.75,2.25,1.25,False,3.7.0
2026-03-26 04:22:00-04:00,1774513320000,6605.25,True,False,0,4,VWAP_TRIPLE_BEAR,5,9,-1.75,2.25,1.25,False,3.7.0
2026-03-26 04:23:00-04:00,1774513380000,6606.5,True,False,-1,1,VWAP_TRIPLE_BEAR,6,7,2.25,2.25,1.25,False,3.7.0
2026-03-26 04:23:59-04:00,1774513439000,6605.5,True,False,0,2,VWAP_TRIPLE_BEAR,6,8,-9.25,2.25,1.25,False,3.7.0
2026-03-26 04:25:00-04:00,1774513500000,6605.0,True,False,1,2,VWAP_TRIPLE_BEAR,5,7,2.25,2.25,1.25,False,3.7.0
2026-03-26 04:26:00-04:00,1774513560000,6607.25,True,False,-1,1,VWAP_TRIPLE_BEAR,6,7,2.25,2.25,1.25,False,3.7.0
2026-03-26 04:26:59-04:00,1774513619000,6606.75,True,False,-1,4,VWAP_TRIPLE_BEAR,5,9,2.25,2.25,1.25,False,3.7.0
2026-03-26 04:28:00-04:00,1774513680000,6604.0,True,False,-1,5,VWAP_TRIPLE_BEAR,5,10,2.25,2.25,1.25,False,3.7.0
2026-03-26 04:29:00-04:00,1774513740000,6601.75,True,False,1,5,VWAP_TRIPLE_BEAR,4,9,2.25,2.25,1.25,False,3.7.0
2026-03-26 04:29:59-04:00,1774513799000,6602.0,True,False,1,0,VWAP_TRIPLE_BEAR,8,8,2.25,2.25,1.25,False,3.7.0
2026-03-26 04:31:00-04:00,1774513860000,6602.75,True,False,1,0,VWAP_TRIPLE_BEAR,6,6,2.25,2.25,1.25,False,3.7.0
2026-03-26 04:32:00-04:00,1774513920000,6605.5,True,False,-1,1,VWAP_TRIPLE_BEAR,6,7,2.25,2.25,1.25,False,3.7.0
2026-03-26 04:32:59-04:00,1774513979000,6604.25,True,False,-1,2,VWAP_TRIPLE_BEAR,5,7,2.25,2.25,1.25,False,3.7.0
2026-03-26 04:34:00-04:00,1774514040000,6605.0,True,False,-1,2,VWAP_TRIPLE_BEAR,5,7,2.25,2.25,1.25,False,3.7.0
2026-03-26 04:35:00-04:00,1774514100000,6605.0,True,False,-1,1,VWAP_TRIPLE_BEAR,6,7,2.25,2.25,1.25,False,3.7.0
2026-03-26 04:35:59-04:00,1774514159000,6605.0,True,False,-1,1,VWAP_TRIPLE_BEAR,5,6,2.25,2.25,1.25,False,3.7.0
2026-03-26 04:37:00-04:00,1774514220000,6601.0,True,False,1,4,VWAP_TRIPLE_BEAR,4,8,2.25,2.25,1.25,False,3.7.0
2026-03-26 04:38:00-04:00,1774514280000,6602.25,True,False,1,2,VWAP_TRIPLE_BEAR,5,7,2.25,2.25,1.25,False,3.7.0
2026-03-26 04:39:00-04:00,1774514340000,6602.25,True,False,1,2,VWAP_TRIPLE_BEAR,5,7,2.25,2.25,1.25,False,3.7.0
2026-03-26 04:39:59-04:00,1774514399000,6605.0,True,False,-1,2,VWAP_TRIPLE_BEAR,6,8,2.25,2.25,1.25,False,3.7.0
2026-03-26 04:41:00-04:00,1774514460000,6603.25,True,False,-1,2,VWAP_TRIPLE_BEAR,5,7,2.25,2.25,1.25,False,3.7.0
2026-03-26 04:42:00-04:00,1774514520000,6603.5,True,False,-1,3,VWAP_TRIPLE_BEAR,5,8,2.25,2.25,1.25,False,3.7.0
2026-03-26 04:42:59-04:00,1774514579000,6599.25,True,False,-1,7,VWAP_TRIPLE_BEAR,4,11,2.25,2.25,1.25,False,3.7.0
2026-03-26 04:44:00-04:00,1774514640000,6596.25,True,False,1,3,VWAP_TRIPLE_BEAR,6,9,2.25,2.25,1.25,False,3.7.0
2026-03-26 04:45:00-04:00,1774514700000,6596.75,True,False,0,0,VWAP_TRIPLE_BEAR,6,6,5.75,2.25,1.25,False,3.7.0
2026-03-26 04:45:59-04:00,1774514759000,6598.75,True,False,-1,0,VWAP_TRIPLE_BEAR,7,7,2.25,2.25,1.25,False,3.7.0
2026-03-26 04:47:00-04:00,1774514820000,6597.75,True,False,-1,0,VWAP_TRIPLE_BEAR,7,7,2.25,2.25,1.25,False,3.7.0
2026-03-26 04:48:00-04:00,1774514880000,6593.75,True,False,1,3,VWAP_TRIPLE_BEAR,5,8,2.25,2.25,1.25,False,3.7.0
2026-03-26 04:48:59-04:00,1774514939000,6594.5,True,False,1,2,VWAP_TRIPLE_BEAR,5,7,2.25,2.25,1.25,False,3.7.0
2026-03-26 04:50:00-04:00,1774515000000,6597.25,True,False,1,1,VWAP_TRIPLE_BEAR,6,7,2.25,2.25,1.25,False,3.7.0
2026-03-26 04:51:00-04:00,1774515060000,6597.5,True,False,1,1,VWAP_TRIPLE_BEAR,6,7,2.25,2.25,1.25,False,3.7.0
2026-03-26 04:51:59-04:00,1774515119000,6597.5,True,False,1,1,VWAP_TRIPLE_BEAR,6,7,2.25,2.25,1.25,False,3.7.0
2026-03-26 04:53:00-04:00,1774515180000,6599.25,True,False,1,2,VWAP_TRIPLE_BEAR,8,6,2.25,2.25,1.25,False,3.7.0
2026-03-26 04:54:00-04:00,1774515240000,6599.0,True,False,1,0,VWAP_TRIPLE_BEAR,7,7,2.25,2.25,1.25,False,3.7.0
2026-03-26 04:55:00-04:00,1774515300000,6602.25,True,False,0,1,VWAP_TRIPLE_BEAR,7,6,-6.5,2.25,1.25,False,3.7.0
2026-03-26 04:55:59-04:00,1774515359000,6603.75,True,False,-1,1,VWAP_TRIPLE_BEAR,8,7,2.25,2.25,1.25,False,3.7.0
2026-03-26 04:57:00-04:00,1774515420000,6602.5,True,False,-1,4,VWAP_TRIPLE_BEAR,5,9,2.25,2.25,1.25,False,3.7.0
2026-03-26 04:58:00-04:00,1774515480000,6601.5,True,False,-1,1,VWAP_TRIPLE_BEAR,6,7,2.25,2.25,1.25,False,3.7.0
2026-03-26 04:58:59-04:00,1774515539000,6602.0,True,False,-1,1,VWAP_TRIPLE_BEAR,6,7,2.25,2.25,1.25,False,3.7.0
2026-03-26 05:00:00-04:00,1774515600000,6596.0,True,False,0,1,VWAP_TRIPLE_BEAR,7,8,-0.25,2.25,1.25,False,3.7.0
2026-03-26 05:01:00-04:00,1774515660000,6594.5,True,False,1,3,VWAP_TRIPLE_BEAR,5,8,2.25,2.25,1.25,False,3.7.0
2026-03-26 05:01:59-04:00,1774515719000,6597.5,True,False,-1,1,VWAP_TRIPLE_BEAR,6,7,2.25,2.25,1.25,False,3.7.0
2026-03-26 05:03:00-04:00,1774515780000,6594.5,True,False,1,2,VWAP_TRIPLE_BEAR,6,8,2.25,2.25,1.25,False,3.7.0
2026-03-26 05:04:00-04:00,1774515840000,6598.5,True,False,1,1,VWAP_TRIPLE_BEAR,7,6,2.25,2.25,1.25,False,3.7.0
2026-03-26 05:04:59-04:00,1774515899000,6602.5,True,False,-1,5,VWAP_TRIPLE_BEAR,10,5,2.25,2.25,1.25,False,3.7.0
2026-03-26 05:06:00-04:00,1774515960000,6601.75,True,False,-1,1,VWAP_TRIPLE_BEAR,7,6,2.25,2.25,1.25,False,3.7.0
2026-03-26 05:07:00-04:00,1774516020000,6601.5,True,False,-1,2,VWAP_TRIPLE_BEAR,7,5,2.25,2.25,1.25,False,3.7.0
2026-03-26 05:08:00-04:00,1774516080000,6597.0,True,False,1,4,VWAP_TRIPLE_BEAR,5,9,2.25,2.25,1.25,False,3.7.0
2026-03-26 05:08:59-04:00,1774516139000,6598.5,True,False,1,0,VWAP_TRIPLE_BEAR,6,6,2.25,2.25,1.25,False,3.7.0
2026-03-26 05:10:00-04:00,1774516200000,6601.75,True,False,-1,4,VWAP_TRIPLE_BEAR,9,5,2.25,2.25,1.25,False,3.7.0
2026-03-26 05:11:00-04:00,1774516260000,6600.25,True,False,-1,1,VWAP_TRIPLE_BEAR,7,6,2.25,2.25,1.25,False,3.7.0
2026-03-26 05:11:59-04:00,1774516319000,6598.0,True,False,-1,3,VWAP_TRIPLE_BEAR,5,8,2.25,2.25,1.25,False,3.7.0
2026-03-26 05:13:00-04:00,1774516380000,6597.5,True,False,-1,1,VWAP_TRIPLE_BEAR,5,6,2.25,2.25,1.25,False,3.7.0
2026-03-26 05:14:00-04:00,1774516440000,6596.5,True,False,-1,2,VWAP_TRIPLE_BEAR,5,7,2.25,2.25,1.25,False,3.7.0
2026-03-26 05:14:59-04:00,1774516499000,6595.75,True,False,-1,2,VWAP_TRIPLE_BEAR,5,7,2.25,2.25,1.25,False,3.7.0
2026-03-26 05:16:00-04:00,1774516560000,6595.25,True,False,-1,3,VWAP_TRIPLE_BEAR,4,7,2.25,2.25,1.25,False,3.7.0
2026-03-26 05:17:00-04:00,1774516620000,6595.75,True,False,-1,0,VWAP_TRIPLE_BEAR,6,6,2.25,2.25,1.25,False,3.7.0
2026-03-26 05:17:59-04:00,1774516679000,6594.25,True,False,0,2,VWAP_TRIPLE_BEAR,5,7,-9.0,2.25,1.25,False,3.7.0
2026-03-26 05:19:00-04:00,1774516740000,6595.0,True,False,0,1,VWAP_TRIPLE_BEAR,6,7,-9.5,2.25,1.25,False,3.7.0
2026-03-26 05:20:00-04:00,1774516800000,6595.75,True,False,-1,2,VWAP_TRIPLE_BEAR,4,6,2.25,2.25,1.25,False,3.7.0
2026-03-26 05:20:59-04:00,1774516859000,6594.5,True,False,0,1,VWAP_TRIPLE_BEAR,6,7,-7.5,2.25,1.25,False,3.7.0
2026-03-26 05:22:00-04:00,1774516920000,6596.25,True,False,-1,1,VWAP_TRIPLE_BEAR,6,7,2.25,2.25,1.25,False,3.7.0
2026-03-26 05:23:00-04:00,1774516980000,6594.25,True,False,-1,1,VWAP_TRIPLE_BEAR,6,7,2.25,2.25,1.25,False,3.7.0
2026-03-26 05:24:00-04:00,1774517040000,6592.25,True,False,0,3,VWAP_TRIPLE_BEAR,5,8,-4.75,2.25,1.25,False,3.7.0
2026-03-26 05:24:59-04:00,1774517099000,6591.75,True,False,1,1,VWAP_TRIPLE_BEAR,7,8,2.25,2.25,1.25,False,3.7.0
2026-03-26 05:26:00-04:00,1774517160000,6593.25,True,False,-1,0,VWAP_TRIPLE_BEAR,7,7,2.25,2.25,1.25,False,3.7.0
2026-03-26 05:27:00-04:00,1774517220000,6594.0,True,False,-1,0,VWAP_TRIPLE_BEAR,7,7,2.25,2.25,1.25,False,3.7.0
2026-03-26 05:27:59-04:00,1774517279000,6592.0,True,False,-1,0,VWAP_TRIPLE_BEAR,7,7,2.25,2.25,1.25,False,3.7.0
2026-03-26 05:29:00-04:00,1774517340000,6591.25,True,False,-1,3,VWAP_TRIPLE_BEAR,10,7,2.25,2.25,1.25,False,3.7.0
2026-03-26 05:30:00-04:00,1774517400000,6584.0,True,False,1,2,VWAP_TRIPLE_BEAR,8,10,2.25,2.25,1.25,False,3.7.0
2026-03-26 05:30:59-04:00,1774517459000,6585.0,True,False,0,0,VWAP_TRIPLE_BEAR,7,7,5.0,2.25,1.25,False,3.7.0
2026-03-26 05:32:00-04:00,1774517520000,6583.5,True,False,1,1,VWAP_TRIPLE_BEAR,7,8,2.25,2.25,1.25,False,3.7.0
2026-03-26 05:33:00-04:00,1774517580000,6584.25,True,False,1,0,VWAP_TRIPLE_BEAR,7,7,2.25,2.25,1.25,False,3.7.0
2026-03-26 05:33:59-04:00,1774517639000,6584.5,True,False,1,1,VWAP_TRIPLE_BEAR,8,7,2.25,2.25,1.25,False,3.7.0
2026-03-26 05:35:00-04:00,1774517700000,6585.25,True,False,1,0,VWAP_TRIPLE_BEAR,6,6,2.25,2.25,1.25,False,3.7.0
2026-03-26 05:36:00-04:00,1774517760000,6587.0,True,False,0,0,VWAP_TRIPLE_BEAR,6,6,4.75,2.25,1.25,False,3.7.0
2026-03-26 05:36:59-04:00,1774517819000,6585.75,True,False,1,1,VWAP_TRIPLE_BEAR,8,7,2.25,2.25,1.25,False,3.7.0
2026-03-26 05:38:00-04:00,1774517880000,6585.25,True,False,1,2,VWAP_TRIPLE_BEAR,8,6,2.25,2.25,1.25,False,3.7.0
2026-03-26 05:39:00-04:00,1774517940000,6585.5,True,False,1,0,VWAP_TRIPLE_BEAR,6,6,2.25,2.25,1.25,False,3.7.0
2026-03-26 05:40:00-04:00,1774518000000,6586.5,True,False,1,0,VWAP_TRIPLE_BEAR,7,7,2.25,2.25,1.25,False,3.7.0
2026-03-26 05:40:59-04:00,1774518059000,6587.0,True,False,0,5,VWAP_TRIPLE_BEAR,5,10,1.5,2.25,1.25,False,3.7.0
2026-03-26 05:42:00-04:00,1774518120000,6587.75,True,False,-1,1,VWAP_TRIPLE_BEAR,6,7,2.25,2.25,1.25,False,3.7.0
2026-03-26 05:43:00-04:00,1774518180000,6587.0,True,False,0,3,VWAP_TRIPLE_BEAR,5,8,3.0,2.25,1.25,False,3.7.0
2026-03-26 05:43:59-04:00,1774518239000,6587.5,True,False,0,1,VWAP_TRIPLE_BEAR,6,7,5.25,2.25,1.25,False,3.7.0
2026-03-26 05:45:00-04:00,1774518300000,6587.25,True,False,0,0,VWAP_TRIPLE_BEAR,6,6,10.0,2.25,1.25,False,3.7.0
2026-03-26 05:46:00-04:00,1774518360000,6585.75,True,False,1,4,VWAP_TRIPLE_BEAR,5,9,2.25,2.25,1.25,False,3.7.0
2026-03-26 05:46:59-04:00,1774518419000,6588.0,True,False,-1,0,VWAP_TRIPLE_BEAR,6,6,2.25,2.25,1.25,False,3.7.0
2026-03-26 05:48:00-04:00,1774518480000,6586.0,True,False,1,2,VWAP_TRIPLE_BEAR,5,7,2.25,2.25,1.25,False,3.7.0
2026-03-26 05:49:00-04:00,1774518540000,6585.5,True,False,1,0,VWAP_TRIPLE_BEAR,6,6,2.25,2.25,1.25,False,3.7.0
2026-03-26 05:49:59-04:00,1774518599000,6588.75,True,False,1,1,VWAP_TRIPLE_BEAR,6,7,2.25,2.25,1.25,False,3.7.0
2026-03-26 05:51:00-04:00,1774518660000,6590.0,True,False,1,2,VWAP_TRIPLE_BEAR,5,7,2.25,2.25,1.25,False,3.7.0
2026-03-26 05:52:00-04:00,1774518720000,6590.0,True,False,1,1,VWAP_TRIPLE_BEAR,6,7,2.25,2.25,1.25,False,3.7.0
2026-03-26 05:53:00-04:00,1774518780000,6589.25,True,False,1,0,VWAP_TRIPLE_BEAR,6,6,2.25,2.25,1.25,False,3.7.0
2026-03-26 05:53:59-04:00,1774518839000,6591.0,True,False,0,2,VWAP_TRIPLE_BEAR,8,6,6.0,2.25,1.25,False,3.7.0
2026-03-26 05:55:00-04:00,1774518900000,6592.0,True,False,-1,2,VWAP_TRIPLE_BEAR,8,6,2.25,2.25,1.25,False,3.7.0
2026-03-26 05:56:00-04:00,1774518960000,6591.75,True,False,-1,1,VWAP_TRIPLE_BEAR,8,7,2.25,2.25,1.25,False,3.7.0
2026-03-26 05:56:59-04:00,1774519019000,6592.25,True,False,-1,0,VWAP_TRIPLE_BEAR,6,6,2.25,2.25,1.25,False,3.7.0
2026-03-26 05:58:00-04:00,1774519080000,6592.5,True,False,-1,1,VWAP_TRIPLE_BEAR,7,6,2.25,2.25,1.25,False,3.7.0
2026-03-26 05:59:00-04:00,1774519140000,6590.75,True,False,-1,4,VWAP_TRIPLE_BEAR,5,9,2.25,2.25,1.25,False,3.7.0
2026-03-26 05:59:59-04:00,1774519199000,6589.25,True,False,1,0,VWAP_TRIPLE_BEAR,6,6,2.25,2.25,1.25,False,3.7.0
2026-03-26 06:01:00-04:00,1774519260000,6588.5,True,False,1,1,VWAP_TRIPLE_BEAR,5,6,2.25,2.25,1.25,False,3.7.0
2026-03-26 06:02:00-04:00,1774519320000,6589.75,True,False,1,1,VWAP_TRIPLE_BEAR,5,6,2.25,2.25,1.25,False,3.7.0
2026-03-26 06:02:59-04:00,1774519379000,6590.0,True,False,1,0,VWAP_TRIPLE_BEAR,6,6,2.25,2.25,1.25,False,3.7.0
2026-03-26 06:04:00-04:00,1774519440000,6592.75,True,False,1,4,VWAP_TRIPLE_BEAR,9,5,2.25,2.25,1.25,False,3.7.0
2026-03-26 06:05:00-04:00,1774519500000,6597.25,True,False,-1,0,VWAP_TRIPLE_BEAR,8,8,2.25,2.25,1.25,False,3.7.0
2026-03-26 06:05:59-04:00,1774519559000,6595.5,True,False,1,1,VWAP_TRIPLE_BEAR,6,5,2.25,2.25,1.25,False,3.7.0
2026-03-26 06:07:00-04:00,1774519620000,6595.5,True,False,1,0,VWAP_TRIPLE_BEAR,5,5,2.25,2.25,1.25,False,3.7.0
2026-03-26 06:08:00-04:00,1774519680000,6594.75,True,False,1,1,VWAP_TRIPLE_BEAR,5,6,2.25,2.25,1.25,False,3.7.0
2026-03-26 06:08:00-04:00,1774519680000,6594.75,True,False,1,0,VWAP_TRIPLE_BEAR,11,11,2.25,2.25,1.25,False,3.7.0
2026-03-26 06:09:00-04:00,1774519740000,6596.0,True,False,1,1,VWAP_TRIPLE_BEAR,6,5,2.25,2.25,1.25,False,3.7.0
2026-03-26 06:09:59-04:00,1774519799000,6597.25,True,False,0,2,VWAP_TRIPLE_BEAR,7,5,2.0,2.25,1.25,False,3.7.0
2026-03-26 06:11:00-04:00,1774519860000,6597.5,True,False,0,1,VWAP_TRIPLE_BEAR,6,5,2.75,2.25,1.25,False,3.7.0
2026-03-26 06:12:00-04:00,1774519920000,6595.75,True,False,1,1,VWAP_TRIPLE_BEAR,6,7,2.25,2.25,1.25,False,3.7.0
2026-03-26 06:12:59-04:00,1774519979000,6597.0,True,False,1,0,VWAP_TRIPLE_BEAR,5,5,2.25,2.25,1.25,False,3.7.0
2026-03-26 06:14:00-04:00,1774520040000,6597.5,True,False,1,3,VWAP_TRIPLE_BEAR,8,5,2.25,2.25,1.25,False,3.7.0
2026-03-26 06:15:00-04:00,1774520100000,6598.75,True,False,0,1,VWAP_TRIPLE_BEAR,7,6,1.75,2.25,1.25,False,3.7.0
2026-03-26 06:15:59-04:00,1774520159000,6600.25,True,False,-1,2,VWAP_TRIPLE_BEAR,7,5,2.25,2.25,1.25,False,3.7.0
2026-03-26 06:17:00-04:00,1774520220000,6597.0,True,False,0,2,VWAP_TRIPLE_BEAR,5,7,2.5,2.25,1.25,False,3.7.0
2026-03-26 06:18:00-04:00,1774520280000,6595.0,True,False,1,0,VWAP_TRIPLE_BEAR,6,6,2.25,2.25,1.25,False,3.7.0
2026-03-26 06:18:59-04:00,1774520339000,6595.25,True,False,1,1,VWAP_TRIPLE_BEAR,5,6,2.25,2.25,1.25,False,3.7.0
2026-03-26 06:20:00-04:00,1774520400000,6596.0,True,False,1,1,VWAP_TRIPLE_BEAR,6,7,2.25,2.25,1.25,False,3.7.0
2026-03-26 06:21:00-04:00,1774520460000,6598.0,True,False,0,2,VWAP_TRIPLE_BEAR,8,6,-3.0,2.25,1.25,False,3.7.0
2026-03-26 06:21:59-04:00,1774520519000,6598.75,True,False,-1,0,VWAP_TRIPLE_BEAR,6,6,2.25,2.25,1.25,False,3.7.0
2026-03-26 06:23:00-04:00,1774520580000,6596.25,True,False,1,0,VWAP_TRIPLE_BEAR,6,6,2.25,2.25,1.25,False,3.7.0
2026-03-26 06:24:00-04:00,1774520640000,6597.0,True,False,1,0,VWAP_TRIPLE_BEAR,6,6,2.25,2.25,1.25,False,3.7.0
2026-03-26 06:25:00-04:00,1774520700000,6597.75,True,False,1,2,VWAP_TRIPLE_BEAR,7,5,2.25,2.25,1.25,False,3.7.0
2026-03-26 06:25:59-04:00,1774520759000,6597.75,True,False,1,0,VWAP_TRIPLE_BEAR,6,6,2.25,2.25,1.25,False,3.7.0
2026-03-26 06:27:00-04:00,1774520820000,6597.75,True,False,1,2,VWAP_TRIPLE_BEAR,7,5,2.25,2.25,1.25,False,3.7.0
2026-03-26 06:28:00-04:00,1774520880000,6600.5,True,False,0,2,VWAP_TRIPLE_BEAR,7,5,-7.5,2.25,1.25,False,3.7.0
2026-03-26 06:28:59-04:00,1774520939000,6600.5,True,False,0,0,VWAP_TRIPLE_BEAR,6,6,-6.75,2.25,1.25,False,3.7.0
2026-03-26 06:30:00-04:00,1774521000000,6599.25,True,False,1,0,VWAP_TRIPLE_BEAR,6,6,2.25,2.25,1.25,False,3.7.0
2026-03-26 06:31:00-04:00,1774521060000,6600.25,True,False,0,4,VWAP_TRIPLE_BEAR,9,5,-6.25,2.25,1.25,False,3.7.0
2026-03-26 06:31:59-04:00,1774521119000,6601.5,True,False,-1,2,VWAP_TRIPLE_BEAR,8,6,2.25,2.25,1.25,False,3.7.0
2026-03-26 06:33:00-04:00,1774521180000,6601.75,True,False,-1,2,VWAP_TRIPLE_BEAR,8,6,2.25,2.25,1.25,False,3.7.0
2026-03-26 06:34:00-04:00,1774521240000,6601.0,True,False,-1,0,VWAP_TRIPLE_BEAR,6,6,2.25,2.25,1.25,False,3.7.0
2026-03-26 06:34:59-04:00,1774521299000,6600.5,True,False,-1,1,VWAP_TRIPLE_BEAR,7,6,2.25,2.25,1.25,False,3.7.0
2026-03-26 06:36:00-04:00,1774521360000,6600.5,True,False,-1,1,VWAP_TRIPLE_BEAR,7,6,2.25,2.25,1.25,False,3.7.0
2026-03-26 06:37:00-04:00,1774521420000,6599.5,True,False,-1,2,VWAP_TRIPLE_BEAR,5,7,2.25,2.25,1.25,False,3.7.0
2026-03-26 06:38:00-04:00,1774521480000,6598.75,True,False,-1,1,VWAP_TRIPLE_BEAR,5,6,2.25,2.25,1.25,False,3.7.0
2026-03-26 06:38:59-04:00,1774521539000,6592.25,True,False,1,10,VWAP_TRIPLE_BEAR,4,14,2.25,2.25,1.25,False,3.7.0
2026-03-26 06:40:00-04:00,1774521600000,6594.0,True,False,-1,3,VWAP_TRIPLE_BEAR,7,10,2.25,2.25,1.25,False,3.7.0
2026-03-26 06:41:00-04:00,1774521660000,6595.0,True,False,-1,1,VWAP_TRIPLE_BEAR,7,8,2.25,2.25,1.25,False,3.7.0
2026-03-26 06:41:59-04:00,1774521719000,6592.0,True,False,1,6,VWAP_TRIPLE_BEAR,4,10,2.25,2.25,1.25,False,3.7.0
2026-03-26 06:43:00-04:00,1774521780000,6591.0,True,False,1,3,VWAP_TRIPLE_BEAR,5,8,2.25,2.25,1.25,False,3.7.0
2026-03-26 06:44:00-04:00,1774521840000,6592.25,True,False,1,1,VWAP_TRIPLE_BEAR,6,7,2.25,2.25,1.25,False,3.7.0
2026-03-26 06:44:59-04:00,1774521899000,6594.75,True,False,-1,2,VWAP_TRIPLE_BEAR,7,9,2.25,2.25,1.25,False,3.7.0
2026-03-26 06:46:00-04:00,1774521960000,6593.5,True,False,0,3,VWAP_TRIPLE_BEAR,5,8,-0.5,2.25,1.25,False,3.7.0
2026-03-26 06:47:00-04:00,1774522020000,6592.0,True,False,1,1,VWAP_TRIPLE_BEAR,6,7,2.25,2.25,1.25,False,3.7.0
2026-03-26 06:47:59-04:00,1774522079000,6593.0,True,False,1,1,VWAP_TRIPLE_BEAR,6,7,2.25,2.25,1.25,False,3.7.0
2026-03-26 06:49:00-04:00,1774522140000,6593.75,True,False,0,1,VWAP_TRIPLE_BEAR,7,8,4.0,2.25,1.25,False,3.7.0
2026-03-26 06:50:00-04:00,1774522200000,6593.25,True,False,1,3,VWAP_TRIPLE_BEAR,5,8,2.25,2.25,1.25,False,3.7.0
2026-03-26 06:50:59-04:00,1774522259000,6594.0,True,False,0,2,VWAP_TRIPLE_BEAR,5,7,1.0,2.25,1.25,False,3.7.0
2026-03-26 06:52:00-04:00,1774522320000,6595.75,True,False,-1,2,VWAP_TRIPLE_BEAR,5,7,2.25,2.25,1.25,False,3.7.0
2026-03-26 06:53:00-04:00,1774522380000,6594.0,True,False,-1,4,VWAP_TRIPLE_BEAR,5,9,2.25,2.25,1.25,False,3.7.0
2026-03-26 06:54:00-04:00,1774522440000,6592.75,True,False,1,2,VWAP_TRIPLE_BEAR,5,7,2.25,2.25,1.25,False,3.7.0
2026-03-26 06:54:59-04:00,1774522499000,6594.75,True,False,-1,2,VWAP_TRIPLE_BEAR,5,7,2.25,2.25,1.25,False,3.7.0
2026-03-26 06:56:00-04:00,1774522560000,6594.5,True,False,-1,4,VWAP_TRIPLE_BEAR,4,8,2.25,2.25,1.25,False,3.7.0
2026-03-26 06:57:00-04:00,1774522620000,6594.0,True,False,-1,3,VWAP_TRIPLE_BEAR,5,8,2.25,2.25,1.25,False,3.7.0
2026-03-26 06:57:59-04:00,1774522679000,6594.25,True,False,-1,3,VWAP_TRIPLE_BEAR,5,8,2.25,2.25,1.25,False,3.7.0
2026-03-26 06:59:00-04:00,1774522740000,6594.5,True,False,-1,2,VWAP_TRIPLE_BEAR,5,7,2.25,2.25,1.25,False,3.7.0
2026-03-26 07:00:00-04:00,1774522800000,6594.0,True,False,-1,3,VWAP_TRIPLE_BEAR,5,8,2.25,2.25,1.25,False,3.7.0
2026-03-26 07:00:59-04:00,1774522859000,6591.75,True,False,1,3,VWAP_TRIPLE_BEAR,5,8,2.25,2.25,1.25,False,3.7.0
2026-03-26 07:02:00-04:00,1774522920000,6594.0,True,False,1,1,VWAP_TRIPLE_BEAR,7,6,2.25,2.25,1.25,False,3.7.0
2026-03-26 07:03:00-04:00,1774522980000,6595.5,True,False,1,0,VWAP_TRIPLE_BEAR,6,6,2.25,2.25,1.25,False,3.7.0
2026-03-26 07:03:59-04:00,1774523039000,6595.5,True,False,1,1,VWAP_TRIPLE_BEAR,6,7,2.25,2.25,1.25,False,3.7.0
2026-03-26 07:05:00-04:00,1774523100000,6598.5,True,False,-1,3,VWAP_TRIPLE_BEAR,10,7,2.25,2.25,1.25,False,3.7.0
2026-03-26 07:06:00-04:00,1774523160000,6593.0,True,False,1,6,VWAP_TRIPLE_BEAR,4,10,2.25,2.25,1.25,False,3.7.0
2026-03-26 07:06:59-04:00,1774523219000,6595.0,True,False,1,1,VWAP_TRIPLE_BEAR,8,7,2.25,2.25,1.25,False,3.7.0
2026-03-26 07:08:00-04:00,1774523280000,6597.25,True,False,-1,2,VWAP_TRIPLE_BEAR,9,7,2.25,2.25,1.25,False,3.7.0
2026-03-26 07:09:00-04:00,1774523340000,6597.75,True,False,-1,3,VWAP_TRIPLE_BEAR,11,8,2.25,2.25,1.25,False,3.7.0
2026-03-26 07:10:00-04:00,1774523400000,6595.75,True,False,-1,1,VWAP_TRIPLE_BEAR,7,8,2.25,2.25,1.25,False,3.7.0
2026-03-26 07:10:59-04:00,1774523459000,6595.0,True,False,-1,2,VWAP_TRIPLE_BEAR,6,8,2.25,2.25,1.25,False,3.7.0
2026-03-26 07:12:00-04:00,1774523520000,6594.0,True,False,-1,1,VWAP_TRIPLE_BEAR,8,9,2.25,2.25,1.25,False,3.7.0
2026-03-26 07:13:00-04:00,1774523580000,6594.25,True,False,-1,0,VWAP_TRIPLE_BEAR,8,8,2.25,2.25,1.25,False,3.7.0
2026-03-26 07:13:59-04:00,1774523639000,6593.5,True,False,0,2,VWAP_TRIPLE_BEAR,6,8,-5.25,2.25,1.25,False,3.7.0
2026-03-26 07:15:00-04:00,1774523700000,6594.75,True,False,-1,1,VWAP_TRIPLE_BEAR,7,8,2.25,2.25,1.25,False,3.7.0
2026-03-26 07:16:00-04:00,1774523760000,6593.25,True,False,0,1,VWAP_TRIPLE_BEAR,8,9,-6.75,2.25,1.25,False,3.7.0
2026-03-26 07:16:59-04:00,1774523819000,6593.75,True,False,0,1,VWAP_TRIPLE_BEAR,7,8,-7.25,2.25,1.25,False,3.7.0
2026-03-26 07:18:00-04:00,1774523880000,6595.0,True,False,-1,1,VWAP_TRIPLE_BEAR,7,6,2.25,2.25,1.25,False,3.7.0
2026-03-26 07:19:00-04:00,1774523940000,6594.75,True,False,-1,0,VWAP_TRIPLE_BEAR,8,8,2.25,2.25,1.25,False,3.7.0
2026-03-26 07:19:59-04:00,1774523999000,6592.25,True,False,0,3,VWAP_TRIPLE_BEAR,7,10,-3.0,2.25,1.25,False,3.7.0
2026-03-26 07:21:00-04:00,1774524060000,6593.5,True,False,-1,2,VWAP_TRIPLE_BEAR,6,8,2.25,2.25,1.25,False,3.7.0
2026-03-26 07:22:00-04:00,1774524120000,6593.0,True,False,-1,2,VWAP_TRIPLE_BEAR,6,8,2.25,2.25,1.25,False,3.7.0
2026-03-26 07:23:00-04:00,1774524180000,6592.25,True,False,-1,2,VWAP_TRIPLE_BEAR,7,9,2.25,2.25,1.25,False,3.7.0
2026-03-26 07:23:59-04:00,1774524239000,6592.5,True,False,-1,2,VWAP_TRIPLE_BEAR,7,9,2.25,2.25,1.25,False,3.7.0
2026-03-26 07:25:00-04:00,1774524300000,6590.0,True,False,-1,6,VWAP_TRIPLE_BEAR,6,12,2.25,2.25,1.25,False,3.7.0
2026-03-26 07:26:00-04:00,1774524360000,6586.25,True,False,1,2,VWAP_TRIPLE_BEAR,6,8,2.25,2.25,1.25,False,3.7.0
2026-03-26 07:26:59-04:00,1774524419000,6589.0,True,False,-1,0,VWAP_TRIPLE_BEAR,8,8,2.25,2.25,1.25,False,3.7.0
2026-03-26 07:28:00-04:00,1774524480000,6589.5,True,False,-1,3,VWAP_TRIPLE_BEAR,10,7,2.25,2.25,1.25,False,3.7.0
2026-03-26 07:29:00-04:00,1774524540000,6589.0,True,False,-1,3,VWAP_TRIPLE_BEAR,6,9,2.25,2.25,1.25,False,3.7.0
2026-03-26 07:29:59-04:00,1774524599000,6589.5,True,False,-1,3,VWAP_TRIPLE_BEAR,7,10,2.25,2.25,1.25,False,3.7.0
2026-03-26 07:31:00-04:00,1774524660000,6586.75,True,False,1,2,VWAP_TRIPLE_BEAR,7,9,2.25,2.25,1.25,False,3.7.0
2026-03-26 07:32:00-04:00,1774524720000,6588.25,True,False,-1,3,VWAP_TRIPLE_BEAR,6,9,2.25,2.25,1.25,False,3.7.0
2026-03-26 07:32:59-04:00,1774524779000,6587.75,True,False,0,2,VWAP_TRIPLE_BEAR,5,7,-2.5,2.25,1.25,False,3.7.0
2026-03-26 07:34:00-04:00,1774524840000,6588.25,True,False,-1,2,VWAP_TRIPLE_BEAR,6,8,2.25,2.25,1.25,False,3.7.0
2026-03-26 07:35:00-04:00,1774524900000,6587.5,True,False,0,2,VWAP_TRIPLE_BEAR,6,8,-2.0,2.25,1.25,False,3.7.0
2026-03-26 07:35:59-04:00,1774524959000,6586.5,True,False,1,2,VWAP_TRIPLE_BEAR,6,8,2.25,2.25,1.25,False,3.7.0
2026-03-26 07:37:00-04:00,1774525020000,6586.5,True,False,1,3,VWAP_TRIPLE_BEAR,5,8,2.25,2.25,1.25,False,3.7.0
2026-03-26 07:38:00-04:00,1774525080000,6587.25,True,False,0,1,VWAP_TRIPLE_BEAR,6,7,-6.0,2.25,1.25,False,3.7.0
2026-03-26 07:39:00-04:00,1774525140000,6588.75,True,False,-1,2,VWAP_TRIPLE_BEAR,6,8,2.25,2.25,1.25,False,3.7.0
2026-03-26 07:39:59-04:00,1774525199000,6589.25,True,False,-1,1,VWAP_TRIPLE_BEAR,7,8,2.25,2.25,1.25,False,3.7.0
2026-03-26 07:41:00-04:00,1774525260000,6588.0,True,False,-1,6,VWAP_TRIPLE_BEAR,5,11,2.25,2.25,1.25,False,3.7.0
2026-03-26 07:42:00-04:00,1774525320000,6586.0,True,False,0,5,VWAP_TRIPLE_BEAR,5,10,-10.0,2.25,1.25,False,3.7.0
2026-03-26 07:42:59-04:00,1774525379000,6584.75,True,False,1,5,VWAP_TRIPLE_BEAR,5,10,2.25,2.25,1.25,False,3.7.0
2026-03-26 07:44:00-04:00,1774525440000,6585.5,True,False,0,3,VWAP_TRIPLE_BEAR,6,9,-6.75,2.25,1.25,False,3.7.0
2026-03-26 07:45:00-04:00,1774525500000,6587.25,True,False,-1,1,VWAP_TRIPLE_BEAR,6,7,2.25,2.25,1.25,False,3.7.0
2026-03-26 07:45:59-04:00,1774525559000,6585.5,True,False,0,4,VWAP_TRIPLE_BEAR,6,10,-2.75,2.25,1.25,False,3.7.0
2026-03-26 07:47:00-04:00,1774525620000,6586.25,True,False,-1,2,VWAP_TRIPLE_BEAR,7,9,2.25,2.25,1.25,False,3.7.0
2026-03-26 07:48:00-04:00,1774525680000,6586.75,True,False,-1,1,VWAP_TRIPLE_BEAR,7,8,2.25,2.25,1.25,False,3.7.0
2026-03-26 07:48:59-04:00,1774525739000,6584.0,True,False,1,3,VWAP_TRIPLE_BEAR,7,10,2.25,2.25,1.25,False,3.7.0
2026-03-26 07:50:00-04:00,1774525800000,6583.5,True,False,1,2,VWAP_TRIPLE_BEAR,6,8,2.25,2.25,1.25,False,3.7.0
2026-03-26 07:51:00-04:00,1774525860000,6585.0,True,False,0,0,VWAP_TRIPLE_BEAR,8,8,5.75,2.25,1.25,False,3.7.0
2026-03-26 07:51:59-04:00,1774525919000,6584.0,True,False,1,0,VWAP_TRIPLE_BEAR,7,7,2.25,2.25,1.25,False,3.7.0
2026-03-26 07:53:00-04:00,1774525980000,6585.25,True,False,0,2,VWAP_TRIPLE_BEAR,6,8,7.5,2.25,1.25,False,3.7.0
2026-03-26 07:54:00-04:00,1774526040000,6586.5,True,False,-1,0,VWAP_TRIPLE_BEAR,7,7,2.25,2.25,1.25,False,3.7.0
2026-03-26 07:55:00-04:00,1774526100000,6585.5,True,False,-1,4,VWAP_TRIPLE_BEAR,6,10,2.25,2.25,1.25,False,3.7.0
2026-03-26 07:55:59-04:00,1774526159000,6583.0,True,False,-1,1,VWAP_TRIPLE_BEAR,7,8,2.25,2.25,1.25,False,3.7.0
2026-03-26 07:57:00-04:00,1774526220000,6582.75,True,False,-1,1,VWAP_TRIPLE_BEAR,7,8,2.25,2.25,1.25,False,3.7.0
2026-03-26 07:58:00-04:00,1774526280000,6581.25,True,False,-1,0,VWAP_TRIPLE_BEAR,8,8,2.25,2.25,1.25,False,3.7.0
2026-03-26 07:58:59-04:00,1774526339000,6579.5,True,False,-1,3,VWAP_TRIPLE_BEAR,8,11,2.25,2.25,1.25,False,3.7.0
2026-03-26 08:00:00-04:00,1774526400000,6577.5,True,False,0,1,VWAP_TRIPLE_BEAR,8,9,12.75,2.25,1.25,False,3.7.0
2026-03-26 08:01:00-04:00,1774526460000,6577.25,True,False,0,0,VWAP_TRIPLE_BEAR,8,8,12.5,2.25,1.25,False,3.7.0
2026-03-26 08:01:59-04:00,1774526519000,6576.0,True,False,1,2,VWAP_TRIPLE_BEAR,6,8,2.25,2.25,1.25,False,3.7.0
2026-03-26 08:03:00-04:00,1774526580000,6577.0,True,False,1,0,VWAP_TRIPLE_BEAR,9,9,2.25,2.25,1.25,False,3.7.0
2026-03-26 08:04:00-04:00,1774526640000,6578.75,True,False,1,1,VWAP_TRIPLE_BEAR,8,7,2.25,2.25,1.25,False,3.7.0
2026-03-26 08:04:59-04:00,1774526699000,6580.0,True,False,1,1,VWAP_TRIPLE_BEAR,7,8,2.25,2.25,1.25,False,3.7.0
2026-03-26 08:06:00-04:00,1774526760000,6582.75,True,False,1,1,VWAP_TRIPLE_BEAR,9,8,2.25,2.25,1.25,False,3.7.0
2026-03-26 08:07:00-04:00,1774526820000,6585.0,True,False,1,0,VWAP_TRIPLE_BEAR,9,9,2.25,2.25,1.25,False,3.7.0
2026-03-26 08:08:00-04:00,1774526880000,6586.5,True,False,1,1,VWAP_TRIPLE_BEAR,6,7,2.25,2.25,1.25,False,3.7.0
2026-03-26 08:08:59-04:00,1774526939000,6587.0,True,False,1,2,VWAP_TRIPLE_BEAR,9,7,2.25,2.25,1.25,False,3.7.0
2026-03-26 08:10:00-04:00,1774527000000,6588.5,True,False,1,0,VWAP_TRIPLE_BEAR,8,8,2.25,2.25,1.25,False,3.7.0
2026-03-26 08:11:00-04:00,1774527060000,6590.75,True,False,1,3,VWAP_TRIPLE_BEAR,10,7,2.25,2.25,1.25,False,3.7.0
2026-03-26 08:11:59-04:00,1774527119000,6591.0,True,False,0,0,VWAP_TRIPLE_BEAR,8,8,-7.0,2.25,1.25,False,3.7.0
2026-03-26 08:13:00-04:00,1774527180000,6592.75,True,False,-1,1,VWAP_TRIPLE_BEAR,8,7,2.25,2.25,1.25,False,3.7.0
2026-03-26 08:14:00-04:00,1774527240000,6591.25,True,False,0,2,VWAP_TRIPLE_BEAR,6,8,-12.0,2.25,1.25,False,3.7.0
2026-03-26 08:14:59-04:00,1774527299000,6593.0,True,False,-1,2,VWAP_TRIPLE_BEAR,8,6,2.25,2.25,1.25,False,3.7.0
2026-03-26 08:16:00-04:00,1774527360000,6593.0,True,False,-1,0,VWAP_TRIPLE_BEAR,6,6,2.25,2.25,1.25,False,3.7.0
2026-03-26 08:17:00-04:00,1774527420000,6593.0,True,False,-1,1,VWAP_TRIPLE_BEAR,7,6,2.25,2.25,1.25,False,3.7.0
2026-03-26 08:17:59-04:00,1774527479000,6590.75,True,False,-1,3,VWAP_TRIPLE_BEAR,6,9,2.25,2.25,1.25,False,3.7.0
2026-03-26 08:19:00-04:00,1774527540000,6590.25,True,False,-1,3,VWAP_TRIPLE_BEAR,7,10,2.25,2.25,1.25,False,3.7.0
2026-03-26 08:20:00-04:00,1774527600000,6590.25,True,False,-1,2,VWAP_TRIPLE_BEAR,7,9,2.25,2.25,1.25,False,3.7.0
2026-03-26 08:20:59-04:00,1774527659000,6589.75,True,False,0,0,VWAP_TRIPLE_BEAR,7,7,-11.25,2.25,1.25,False,3.7.0
2026-03-26 08:22:00-04:00,1774527720000,6591.0,True,False,-1,0,VWAP_TRIPLE_BEAR,7,7,2.25,2.25,1.25,False,3.7.0
2026-03-26 08:23:00-04:00,1774527780000,6591.25,True,False,-1,0,VWAP_TRIPLE_BEAR,8,8,2.25,2.25,1.25,False,3.7.0
2026-03-26 08:24:00-04:00,1774527840000,6588.75,True,False,-1,5,VWAP_TRIPLE_BEAR,7,12,2.25,2.25,1.25,False,3.7.0
2026-03-26 08:24:59-04:00,1774527899000,6588.5,True,False,-1,1,VWAP_TRIPLE_BEAR,7,8,2.25,2.25,1.25,False,3.7.0
2026-03-26 08:26:00-04:00,1774527960000,6589.5,True,False,-1,1,VWAP_TRIPLE_BEAR,7,8,2.25,2.25,1.25,False,3.7.0
2026-03-26 08:27:00-04:00,1774528020000,6588.25,True,False,-1,1,VWAP_TRIPLE_BEAR,6,7,2.25,2.25,1.25,False,3.7.0
2026-03-26 08:27:59-04:00,1774528079000,6589.25,True,False,-1,2,VWAP_TRIPLE_BEAR,9,7,2.25,2.25,1.25,False,3.7.0
2026-03-26 08:29:00-04:00,1774528140000,6589.25,True,False,-1,3,VWAP_TRIPLE_BEAR,11,8,2.25,2.25,1.25,False,3.7.0
2026-03-26 08:30:00-04:00,1774528200000,6584.5,True,False,-1,2,VWAP_TRIPLE_BEAR,8,10,2.25,2.25,1.25,False,3.7.0
2026-03-26 08:30:59-04:00,1774528259000,6584.25,True,False,-1,1,VWAP_TRIPLE_BEAR,6,7,2.25,2.25,1.25,False,3.7.0
2026-03-26 08:32:00-04:00,1774528320000,6584.0,True,False,-1,0,VWAP_TRIPLE_BEAR,7,7,2.25,2.25,1.25,False,3.7.0
2026-03-26 08:33:00-04:00,1774528380000,6580.5,True,False,-1,0,VWAP_TRIPLE_BEAR,7,7,2.25,2.25,1.25,False,3.7.0
2026-03-26 08:33:59-04:00,1774528439000,6579.25,True,False,-1,1,VWAP_TRIPLE_BEAR,8,9,2.25,2.25,1.25,False,3.7.0
2026-03-26 08:35:00-04:00,1774528500000,6576.25,True,False,1,2,VWAP_TRIPLE_BEAR,9,11,2.25,2.25,1.25,False,3.7.0
2026-03-26 08:36:00-04:00,1774528560000,6579.0,True,False,1,0,VWAP_TRIPLE_BEAR,8,8,2.25,2.25,1.25,False,3.7.0
2026-03-26 08:36:59-04:00,1774528619000,6580.25,True,False,0,1,VWAP_TRIPLE_BEAR,9,8,5.25,2.25,1.25,False,3.7.0
2026-03-26 08:38:00-04:00,1774528680000,6581.75,True,False,-1,1,VWAP_TRIPLE_BEAR,7,8,2.25,2.25,1.25,False,3.7.0
2026-03-26 08:39:00-04:00,1774528740000,6581.5,True,False,-1,1,VWAP_TRIPLE_BEAR,7,8,2.25,2.25,1.25,False,3.7.0
2026-03-26 08:40:00-04:00,1774528800000,6579.75,True,False,0,3,VWAP_TRIPLE_BEAR,7,10,9.75,2.25,1.25,False,3.7.0
2026-03-26 08:40:59-04:00,1774528859000,6578.5,True,False,1,1,VWAP_TRIPLE_BEAR,8,9,2.25,2.25,1.25,False,3.7.0
2026-03-26 08:42:00-04:00,1774528920000,6580.0,True,False,1,2,VWAP_TRIPLE_BEAR,7,9,2.25,2.25,1.25,False,3.7.0
2026-03-26 08:43:00-04:00,1774528980000,6580.0,True,False,1,5,VWAP_TRIPLE_BEAR,5,10,2.25,2.25,1.25,False,3.7.0
2026-03-26 08:43:59-04:00,1774529039000,6579.75,True,False,1,3,VWAP_TRIPLE_BEAR,6,9,2.25,2.25,1.25,False,3.7.0
2026-03-26 08:45:00-04:00,1774529100000,6582.75,True,False,1,0,VWAP_TRIPLE_BEAR,7,7,2.25,2.25,1.25,False,3.7.0
2026-03-26 08:46:00-04:00,1774529160000,6584.5,True,False,-1,1,VWAP_TRIPLE_BEAR,6,7,2.25,2.25,1.25,False,3.7.0
2026-03-26 08:46:59-04:00,1774529219000,6583.5,True,False,0,3,VWAP_TRIPLE_BEAR,5,8,4.0,2.25,1.25,False,3.7.0
2026-03-26 08:48:00-04:00,1774529280000,6583.25,True,False,0,2,VWAP_TRIPLE_BEAR,6,8,5.25,2.25,1.25,False,3.7.0
2026-03-26 08:49:00-04:00,1774529340000,6582.5,True,False,1,2,VWAP_TRIPLE_BEAR,6,8,2.25,2.25,1.25,False,3.7.0
2026-03-26 08:49:59-04:00,1774529399000,6584.0,True,False,0,1,VWAP_TRIPLE_BEAR,6,7,3.0,2.25,1.25,False,3.7.0
2026-03-26 08:51:00-04:00,1774529460000,6584.0,True,False,0,0,VWAP_TRIPLE_BEAR,7,7,4.0,2.25,1.25,False,3.7.0
2026-03-26 08:52:00-04:00,1774529520000,6584.25,True,False,-1,3,VWAP_TRIPLE_BEAR,6,9,2.25,2.25,1.25,False,3.7.0
2026-03-26 08:53:00-04:00,1774529580000,6582.0,True,False,1,5,VWAP_TRIPLE_BEAR,5,10,2.25,2.25,1.25,False,3.7.0
2026-03-26 08:53:59-04:00,1774529639000,6583.25,True,False,1,2,VWAP_TRIPLE_BEAR,7,9,2.25,2.25,1.25,False,3.7.0
2026-03-26 08:55:00-04:00,1774529700000,6585.5,True,False,0,3,VWAP_TRIPLE_BEAR,5,8,6.0,2.25,1.25,False,3.7.0
2026-03-26 08:56:00-04:00,1774529760000,6584.0,True,False,1,2,VWAP_TRIPLE_BEAR,6,8,2.25,2.25,1.25,False,3.7.0
2026-03-26 08:56:59-04:00,1774529819000,6585.5,True,False,1,2,VWAP_TRIPLE_BEAR,6,8,2.25,2.25,1.25,False,3.7.0
2026-03-26 08:58:00-04:00,1774529880000,6585.0,True,False,1,1,VWAP_TRIPLE_BEAR,8,7,2.25,2.25,1.25,False,3.7.0
2026-03-26 08:59:00-04:00,1774529940000,6586.25,True,False,1,2,VWAP_TRIPLE_BEAR,9,7,2.25,2.25,1.25,False,3.7.0
2026-03-26 08:59:59-04:00,1774529999000,6589.5,True,False,-1,1,VWAP_TRIPLE_BEAR,9,8,2.25,2.25,1.25,False,3.7.0
2026-03-26 09:01:00-04:00,1774530060000,6588.75,True,False,-1,1,VWAP_TRIPLE_BEAR,7,8,2.25,2.25,1.25,False,3.7.0
2026-03-26 09:02:00-04:00,1774530120000,6586.5,True,False,1,1,VWAP_TRIPLE_BEAR,7,8,2.25,2.25,1.25,False,3.7.0
2026-03-26 09:02:59-04:00,1774530179000,6588.25,True,False,0,0,VWAP_TRIPLE_BEAR,7,7,4.0,2.25,1.25,False,3.7.0
2026-03-26 09:04:00-04:00,1774530240000,6588.0,True,False,0,2,VWAP_TRIPLE_BEAR,6,8,2.0,2.25,1.25,False,3.7.0
2026-03-26 09:05:00-04:00,1774530300000,6587.5,True,False,1,0,VWAP_TRIPLE_BEAR,7,7,2.25,2.25,1.25,False,3.7.0
2026-03-26 09:05:59-04:00,1774530359000,6586.5,True,False,1,2,VWAP_TRIPLE_BEAR,6,8,2.25,2.25,1.25,False,3.7.0
2026-03-26 09:07:00-04:00,1774530420000,6587.5,True,False,1,3,VWAP_TRIPLE_BEAR,6,9,2.25,2.25,1.25,False,3.7.0
2026-03-26 09:08:00-04:00,1774530480000,6588.5,True,False,0,1,VWAP_TRIPLE_BEAR,7,8,2.5,2.25,1.25,False,3.7.0
2026-03-26 09:09:00-04:00,1774530540000,6588.25,True,False,0,2,VWAP_TRIPLE_BEAR,6,8,5.0,2.25,1.25,False,3.7.0
2026-03-26 09:09:59-04:00,1774530599000,6587.0,True,False,1,3,VWAP_TRIPLE_BEAR,6,9,2.25,2.25,1.25,False,3.7.0
2026-03-26 09:11:00-04:00,1774530660000,6588.0,True,False,1,0,VWAP_TRIPLE_BEAR,7,7,2.25,2.25,1.25,False,3.7.0
2026-03-26 09:12:00-04:00,1774530720000,6588.5,True,False,1,0,VWAP_TRIPLE_BEAR,7,7,2.25,2.25,1.25,False,3.7.0
2026-03-26 09:12:59-04:00,1774530779000,6592.75,True,False,-1,0,VWAP_TRIPLE_BEAR,9,9,2.25,2.25,1.25,False,3.7.0
2026-03-26 09:14:00-04:00,1774530840000,6589.75,True,False,1,4,VWAP_TRIPLE_BEAR,6,10,2.25,2.25,1.25,False,3.7.0
2026-03-26 09:15:00-04:00,1774530900000,6591.5,True,False,1,2,VWAP_TRIPLE_BEAR,8,6,2.25,2.25,1.25,False,3.7.0
2026-03-26 09:15:59-04:00,1774530959000,6592.0,True,False,1,0,VWAP_TRIPLE_BEAR,8,8,2.25,2.25,1.25,False,3.7.0
2026-03-26 09:17:00-04:00,1774531020000,6594.5,True,False,-1,2,VWAP_TRIPLE_BEAR,7,9,2.25,2.25,1.25,False,3.7.0
2026-03-26 09:18:00-04:00,1774531080000,6594.25,True,False,-1,2,VWAP_TRIPLE_BEAR,7,9,2.25,2.25,1.25,False,3.7.0
2026-03-26 09:18:59-04:00,1774531139000,6593.0,True,False,-1,1,VWAP_TRIPLE_BEAR,7,8,2.25,2.25,1.25,False,3.7.0
2026-03-26 09:20:00-04:00,1774531200000,6592.25,True,False,-1,3,VWAP_TRIPLE_BEAR,6,9,2.25,2.25,1.25,False,3.7.0
2026-03-26 09:21:00-04:00,1774531260000,6591.5,True,False,0,1,VWAP_TRIPLE_BEAR,8,9,-6.0,2.25,1.25,False,3.7.0
2026-03-26 09:21:59-04:00,1774531319000,6590.75,True,False,0,1,VWAP_TRIPLE_BEAR,8,9,0.5,2.25,1.25,False,3.7.0
2026-03-26 09:23:00-04:00,1774531380000,6592.25,True,False,-1,1,VWAP_TRIPLE_BEAR,7,8,2.25,2.25,1.25,False,3.7.0
2026-03-26 09:24:00-04:00,1774531440000,6590.0,True,False,1,2,VWAP_TRIPLE_BEAR,7,9,2.25,2.25,1.25,False,3.7.0
2026-03-26 09:25:00-04:00,1774531500000,6592.0,True,False,-1,0,VWAP_TRIPLE_BEAR,8,8,2.25,2.25,1.25,False,3.7.0
2026-03-26 09:25:59-04:00,1774531559000,6589.5,True,False,1,4,VWAP_TRIPLE_BEAR,6,10,2.25,2.25,1.25,False,3.7.0
2026-03-26 09:27:00-04:00,1774531620000,6590.25,True,False,1,0,VWAP_TRIPLE_BEAR,8,8,2.25,2.25,1.25,False,3.7.0
2026-03-26 09:28:00-04:00,1774531680000,6591.0,True,False,1,1,VWAP_TRIPLE_BEAR,8,7,2.25,2.25,1.25,False,3.7.0
2026-03-26 09:28:59-04:00,1774531739000,6593.25,True,False,-1,2,VWAP_TRIPLE_BEAR,6,8,2.25,2.25,1.25,False,3.7.0
2026-03-26 09:30:00-04:00,1774531800000,6589.0,True,False,0,2,VWAP_TRIPLE_BEAR,7,9,19.5,2.25,1.25,False,3.7.0
2026-03-26 09:31:00-04:00,1774531860000,6590.75,True,False,-1,2,VWAP_TRIPLE_BEAR,6,8,2.25,2.25,1.25,False,3.7.0
2026-03-26 09:31:59-04:00,1774531919000,6585.5,True,False,1,2,VWAP_TRIPLE_BEAR,6,8,2.25,2.25,1.25,False,3.7.0
2026-03-26 09:33:00-04:00,1774531980000,6585.5,True,False,1,0,VWAP_TRIPLE_BEAR,7,7,2.25,2.25,1.25,False,3.7.0
2026-03-26 09:34:00-04:00,1774532040000,6589.0,True,False,-1,0,VWAP_TRIPLE_BEAR,7,7,2.25,2.25,1.25,False,3.7.0
2026-03-26 09:34:59-04:00,1774532099000,6584.0,True,False,1,1,VWAP_TRIPLE_BEAR,7,8,2.25,2.25,1.25,False,3.7.0
2026-03-26 09:36:00-04:00,1774532160000,6585.5,True,False,1,0,VWAP_TRIPLE_BEAR,8,8,2.25,2.25,1.25,False,3.7.0
2026-03-26 09:37:00-04:00,1774532220000,6589.25,True,False,-1,1,VWAP_TRIPLE_BEAR,7,6,2.25,2.25,1.25,False,3.7.0
2026-03-26 09:38:00-04:00,1774532280000,6585.25,True,False,-1,0,VWAP_TRIPLE_BEAR,7,7,2.25,2.25,1.25,False,3.7.0
2026-03-26 09:38:59-04:00,1774532339000,6580.75,True,False,1,0,VWAP_TRIPLE_BEAR,8,8,2.25,2.25,1.25,False,3.7.0
2026-03-26 09:40:00-04:00,1774532400000,6583.5,True,False,1,5,VWAP_TRIPLE_BEAR,5,10,2.25,2.25,1.25,False,3.7.0
2026-03-26 09:41:00-04:00,1774532460000,6585.5,True,False,1,0,VWAP_TRIPLE_BEAR,7,7,2.25,2.25,1.25,False,3.7.0
2026-03-26 09:41:59-04:00,1774532519000,6591.25,True,False,1,0,VWAP_TRIPLE_BEAR,6,6,2.25,2.25,1.25,False,3.7.0
2026-03-26 09:43:00-04:00,1774532580000,6596.0,True,False,1,1,VWAP_TRIPLE_BEAR,7,8,2.25,2.25,1.25,False,3.7.0
2026-03-26 09:44:00-04:00,1774532640000,6603.25,True,False,1,1,VWAP_TRIPLE_BEAR,8,7,2.25,2.25,1.25,False,3.7.0
2026-03-26 09:44:59-04:00,1774532699000,6607.0,True,False,0,0,VWAP_TRIPLE_BEAR,7,7,6.0,2.25,1.25,False,3.7.0
2026-03-26 09:46:00-04:00,1774532760000,6605.25,True,False,1,1,VWAP_TRIPLE_BEAR,6,7,2.25,2.25,1.25,False,3.7.0
2026-03-26 09:47:00-04:00,1774532820000,6612.5,True,False,-1,3,VWAP_TRIPLE_BEAR,6,9,2.25,2.25,1.25,False,3.7.0
2026-03-26 09:47:59-04:00,1774532879000,6610.0,True,False,-1,3,VWAP_TRIPLE_BEAR,9,6,2.25,2.25,1.25,False,3.7.0
2026-03-26 09:49:00-04:00,1774532940000,6607.0,True,False,1,3,VWAP_TRIPLE_BEAR,9,6,2.25,2.25,1.25,False,3.7.0
2026-03-26 09:50:00-04:00,1774533000000,6608.5,True,False,1,1,VWAP_TRIPLE_BEAR,8,7,2.25,2.25,1.25,False,3.7.0
2026-03-26 09:50:59-04:00,1774533059000,6613.25,True,False,0,1,VWAP_TRIPLE_BEAR,7,8,-5.75,2.25,1.25,False,3.7.0
2026-03-26 09:52:00-04:00,1774533120000,6611.75,True,False,1,3,VWAP_TRIPLE_BEAR,10,7,2.25,2.25,1.25,False,3.7.0
2026-03-26 09:53:00-04:00,1774533180000,6618.75,True,False,-1,1,VWAP_TRIPLE_BEAR,8,7,2.25,2.25,1.25,False,3.7.0
2026-03-26 09:54:00-04:00,1774533240000,6617.5,True,False,-1,1,VWAP_TRIPLE_BEAR,8,9,2.25,2.25,1.25,False,3.7.0
2026-03-26 09:54:59-04:00,1774533299000,6613.5,True,False,0,2,VWAP_TRIPLE_BEAR,9,7,6.5,2.25,1.25,False,3.7.0
2026-03-26 09:56:00-04:00,1774533360000,6615.25,True,False,-1,0,VWAP_TRIPLE_BEAR,7,7,2.25,2.25,1.25,False,3.7.0
2026-03-26 09:57:00-04:00,1774533420000,6611.0,True,False,-1,1,VWAP_TRIPLE_BEAR,8,7,2.25,2.25,1.25,False,3.7.0
2026-03-26 09:57:59-04:00,1774533479000,6604.5,True,False,1,1,VWAP_TRIPLE_BEAR,6,7,2.25,2.25,1.25,False,3.7.0
2026-03-26 09:59:00-04:00,1774533540000,6617.75,True,False,-1,0,VWAP_TRIPLE_BEAR,7,7,2.25,2.25,1.25,False,3.7.0
2026-03-26 10:00:00-04:00,1774533600000,6616.5,True,False,0,2,VWAP_TRIPLE_BEAR,9,7,-2.5,2.25,1.25,False,3.7.0
2026-03-26 10:00:59-04:00,1774533659000,6618.5,True,False,-1,2,VWAP_TRIPLE_BEAR,7,9,2.25,2.25,1.25,False,3.7.0
2026-03-26 10:02:00-04:00,1774533720000,6616.0,True,False,-1,3,VWAP_TRIPLE_BEAR,6,9,2.25,2.25,1.25,False,3.7.0
2026-03-26 10:03:00-04:00,1774533780000,6617.0,True,False,-1,1,VWAP_TRIPLE_BEAR,8,7,2.25,2.25,1.25,False,3.7.0
2026-03-26 10:03:59-04:00,1774533839000,6613.0,True,False,1,0,VWAP_TRIPLE_BEAR,7,7,2.25,2.25,1.25,False,3.7.0
2026-03-26 10:05:00-04:00,1774533900000,6613.0,True,False,1,1,VWAP_TRIPLE_BEAR,7,8,2.25,2.25,1.25,False,3.7.0
2026-03-26 10:06:00-04:00,1774533960000,6617.75,True,False,-1,0,VWAP_TRIPLE_BEAR,8,8,2.25,2.25,1.25,False,3.7.0
2026-03-26 10:06:59-04:00,1774534019000,6617.25,True,False,-1,1,VWAP_TRIPLE_BEAR,8,9,2.25,2.25,1.25,False,3.7.0
2026-03-26 10:08:00-04:00,1774534080000,6609.75,True,False,1,0,VWAP_TRIPLE_BEAR,7,7,2.25,2.25,1.25,False,3.7.0
2026-03-26 10:09:00-04:00,1774534140000,6612.5,True,False,-1,3,VWAP_TRIPLE_BEAR,6,9,2.25,2.25,1.25,False,3.7.0
2026-03-26 10:10:00-04:00,1774534200000,6611.5,True,False,-1,2,VWAP_TRIPLE_BEAR,7,9,2.25,2.25,1.25,False,3.7.0
2026-03-26 10:10:59-04:00,1774534259000,6607.5,True,False,1,1,VWAP_TRIPLE_BEAR,6,7,2.25,2.25,1.25,False,3.7.0
2026-03-26 10:12:00-04:00,1774534320000,6612.75,True,False,1,4,VWAP_TRIPLE_BEAR,5,9,2.25,2.25,1.25,False,3.7.0
2026-03-26 10:13:00-04:00,1774534380000,6614.75,True,False,1,2,VWAP_TRIPLE_BEAR,7,9,2.25,2.25,1.25,False,3.7.0
2026-03-26 10:13:59-04:00,1774534439000,6617.75,True,False,1,2,VWAP_TRIPLE_BEAR,7,9,2.25,2.25,1.25,False,3.7.0
2026-03-26 10:15:00-04:00,1774534500000,6620.0,True,False,-1,4,VWAP_TRIPLE_BEAR,5,9,2.25,2.25,1.25,False,3.7.0
2026-03-26 10:16:00-04:00,1774534560000,6618.75,True,False,-1,1,VWAP_TRIPLE_BEAR,7,6,2.25,2.25,1.25,False,3.7.0
2026-03-26 10:16:59-04:00,1774534619000,6618.0,True,False,-1,0,VWAP_TRIPLE_BEAR,7,7,2.25,2.25,1.25,False,3.7.0
2026-03-26 10:18:00-04:00,1774534680000,6616.25,True,False,-1,1,VWAP_TRIPLE_BEAR,6,7,2.25,2.25,1.25,False,3.7.0
2026-03-26 10:19:00-04:00,1774534740000,6613.0,True,False,1,1,VWAP_TRIPLE_BEAR,6,7,2.25,2.25,1.25,False,3.7.0
2026-03-26 10:19:59-04:00,1774534799000,6614.0,True,False,1,2,VWAP_TRIPLE_BEAR,5,7,2.25,2.25,1.25,False,3.7.0
2026-03-26 10:21:00-04:00,1774534860000,6613.75,True,False,1,0,VWAP_TRIPLE_BEAR,7,7,2.25,2.25,1.25,False,3.7.0
2026-03-26 10:22:00-04:00,1774534920000,6619.75,True,False,-1,1,VWAP_TRIPLE_BEAR,8,7,2.25,2.25,1.25,False,3.7.0
2026-03-26 10:23:00-04:00,1774534980000,6618.0,True,False,-1,1,VWAP_TRIPLE_BEAR,7,8,2.25,2.25,1.25,False,3.7.0
2026-03-26 10:23:59-04:00,1774535039000,6615.75,True,False,-1,0,VWAP_TRIPLE_BEAR,6,6,2.25,2.25,1.25,False,3.7.0
2026-03-26 10:25:00-04:00,1774535100000,6616.0,True,False,-1,0,VWAP_TRIPLE_BEAR,8,8,2.25,2.25,1.25,False,3.7.0
2026-03-26 10:26:00-04:00,1774535160000,6615.25,True,False,-1,0,VWAP_TRIPLE_BEAR,6,6,2.25,2.25,1.25,False,3.7.0
2026-03-26 10:26:59-04:00,1774535219000,6613.5,True,False,-1,4,VWAP_TRIPLE_BEAR,5,9,2.25,2.25,1.25,False,3.7.0
2026-03-26 10:28:00-04:00,1774535280000,6613.25,True,False,-1,4,VWAP_TRIPLE_BEAR,4,8,2.25,2.25,1.25,False,3.7.0
2026-03-26 10:29:00-04:00,1774535340000,6609.25,True,False,1,0,VWAP_TRIPLE_BEAR,8,8,2.25,2.25,1.25,False,3.7.0
2026-03-26 10:29:59-04:00,1774535399000,6612.75,True,False,1,1,VWAP_TRIPLE_BEAR,6,7,2.25,2.25,1.25,False,3.7.0
2026-03-26 10:31:00-04:00,1774535460000,6616.5,True,False,-1,4,VWAP_TRIPLE_BEAR,10,6,2.25,2.25,1.25,False,3.7.0
2026-03-26 10:32:00-04:00,1774535520000,6615.75,True,False,-1,2,VWAP_TRIPLE_BEAR,8,6,2.25,2.25,1.25,False,3.7.0
2026-03-26 10:32:59-04:00,1774535579000,6613.5,True,False,1,1,VWAP_TRIPLE_BEAR,6,7,2.25,2.25,1.25,False,3.7.0
2026-03-26 10:34:00-04:00,1774535640000,6616.25,True,False,-1,2,VWAP_TRIPLE_BEAR,8,6,2.25,2.25,1.25,False,3.7.0
2026-03-26 10:35:00-04:00,1774535700000,6612.5,True,False,-1,0,VWAP_TRIPLE_BEAR,7,7,2.25,2.25,1.25,False,3.7.0
2026-03-26 10:35:59-04:00,1774535759000,6612.5,True,False,-1,0,VWAP_TRIPLE_BEAR,7,7,2.25,2.25,1.25,False,3.7.0
2026-03-26 10:37:00-04:00,1774535820000,6610.25,True,False,-1,1,VWAP_TRIPLE_BEAR,6,7,2.25,2.25,1.25,False,3.7.0
2026-03-26 10:38:00-04:00,1774535880000,6609.0,True,False,0,0,VWAP_TRIPLE_BEAR,7,7,-15.0,2.25,1.25,False,3.7.0
2026-03-26 10:39:00-04:00,1774535940000,6610.75,True,False,-1,1,VWAP_TRIPLE_BEAR,7,6,2.25,2.25,1.25,False,3.7.0
2026-03-26 10:39:59-04:00,1774535999000,6610.75,True,False,-1,1,VWAP_TRIPLE_BEAR,7,6,2.25,2.25,1.25,False,3.7.0
2026-03-26 10:41:00-04:00,1774536060000,6609.5,True,False,-1,2,VWAP_TRIPLE_BEAR,9,7,2.25,2.25,1.25,False,3.7.0
2026-03-26 10:42:00-04:00,1774536120000,6604.5,True,False,-1,2,VWAP_TRIPLE_BEAR,6,8,2.25,2.25,1.25,False,3.7.0
2026-03-26 10:42:59-04:00,1774536179000,6601.75,True,False,-1,5,VWAP_TRIPLE_BEAR,5,10,2.25,2.25,1.25,False,3.7.0
2026-03-26 10:44:00-04:00,1774536240000,6599.25,True,False,-1,3,VWAP_TRIPLE_BEAR,5,8,2.25,2.25,1.25,False,3.7.0
2026-03-26 10:45:00-04:00,1774536300000,6600.0,True,False,-1,3,VWAP_TRIPLE_BEAR,4,7,2.25,2.25,1.25,False,3.7.0
2026-03-26 10:45:59-04:00,1774536359000,6597.25,True,False,0,0,VWAP_TRIPLE_BEAR,7,7,1.25,2.25,1.25,False,3.7.0
2026-03-26 10:47:00-04:00,1774536420000,6599.0,True,False,-1,4,VWAP_TRIPLE_BEAR,4,8,2.25,2.25,1.25,False,3.7.0
2026-03-26 10:48:00-04:00,1774536480000,6598.75,True,False,-1,7,VWAP_TRIPLE_BEAR,3,10,2.25,2.25,1.25,False,3.7.0
2026-03-26 10:48:59-04:00,1774536539000,6598.0,True,False,-1,3,VWAP_TRIPLE_BEAR,4,7,2.25,2.25,1.25,False,3.7.0
2026-03-26 10:50:00-04:00,1774536600000,6599.0,True,False,-1,4,VWAP_TRIPLE_BEAR,4,8,2.25,2.25,1.25,False,3.7.0
2026-03-26 10:51:00-04:00,1774536660000,6597.75,True,False,-1,3,VWAP_TRIPLE_BEAR,4,7,2.25,2.25,1.25,False,3.7.0
2026-03-26 10:51:59-04:00,1774536719000,6593.75,True,False,-1,4,VWAP_TRIPLE_BEAR,5,9,2.25,2.25,1.25,False,3.7.0
2026-03-26 10:53:00-04:00,1774536780000,6589.25,True,False,-1,1,VWAP_TRIPLE_BEAR,7,8,2.25,2.25,1.25,False,3.7.0
2026-03-26 10:54:00-04:00,1774536840000,6586.75,True,False,1,4,VWAP_TRIPLE_BEAR,4,8,2.25,2.25,1.25,False,3.7.0
2026-03-26 10:55:00-04:00,1774536900000,6588.75,True,False,1,3,VWAP_TRIPLE_BEAR,5,8,2.25,2.25,1.25,False,3.7.0
2026-03-26 10:55:59-04:00,1774536959000,6592.0,True,False,1,5,VWAP_TRIPLE_BEAR,5,10,2.25,2.25,1.25,False,3.7.0
2026-03-26 10:57:00-04:00,1774537020000,6593.0,True,False,1,1,VWAP_TRIPLE_BEAR,7,8,2.25,2.25,1.25,False,3.7.0
2026-03-26 10:58:00-04:00,1774537080000,6594.0,True,False,1,5,VWAP_TRIPLE_BEAR,5,10,2.25,2.25,1.25,False,3.7.0
2026-03-26 10:58:59-04:00,1774537139000,6594.5,True,False,1,4,VWAP_TRIPLE_BEAR,5,9,2.25,2.25,1.25,False,3.7.0
2026-03-26 11:00:00-04:00,1774537200000,6596.75,True,False,-1,1,VWAP_TRIPLE_BEAR,7,8,2.25,2.25,1.25,False,3.7.0
2026-03-26 11:01:00-04:00,1774537260000,6596.25,True,False,0,4,VWAP_TRIPLE_BEAR,5,9,-2.5,2.25,1.25,False,3.7.0
2026-03-26 11:01:59-04:00,1774537319000,6596.5,True,False,-1,4,VWAP_TRIPLE_BEAR,5,9,2.25,2.25,1.25,False,3.7.0
2026-03-26 11:03:00-04:00,1774537380000,6597.5,True,False,-1,3,VWAP_TRIPLE_BEAR,5,8,2.25,2.25,1.25,False,3.7.0
2026-03-26 11:04:00-04:00,1774537440000,6594.0,True,False,1,4,VWAP_TRIPLE_BEAR,5,9,2.25,2.25,1.25,False,3.7.0
2026-03-26 11:04:59-04:00,1774537499000,6598.25,True,False,-1,6,VWAP_TRIPLE_BEAR,5,11,2.25,2.25,1.25,False,3.7.0
2026-03-26 11:06:00-04:00,1774537560000,6598.5,True,False,-1,5,VWAP_TRIPLE_BEAR,5,10,2.25,2.25,1.25,False,3.7.0
2026-03-26 11:07:00-04:00,1774537620000,6594.5,True,False,1,7,VWAP_TRIPLE_BEAR,4,11,2.25,2.25,1.25,False,3.7.0
2026-03-26 11:08:00-04:00,1774537680000,6593.75,True,False,1,2,VWAP_TRIPLE_BEAR,5,7,2.25,2.25,1.25,False,3.7.0
2026-03-26 11:08:59-04:00,1774537739000,6595.0,True,False,0,5,VWAP_TRIPLE_BEAR,5,10,-5.5,2.25,1.25,False,3.7.0
2026-03-26 11:10:00-04:00,1774537800000,6597.0,True,False,-1,2,VWAP_TRIPLE_BEAR,5,7,2.25,2.25,1.25,False,3.7.0
2026-03-26 11:11:00-04:00,1774537860000,6596.75,True,False,-1,3,VWAP_TRIPLE_BEAR,5,8,2.25,2.25,1.25,False,3.7.0
2026-03-26 11:11:59-04:00,1774537919000,6596.25,True,False,-1,3,VWAP_TRIPLE_BEAR,5,8,2.25,2.25,1.25,False,3.7.0
2026-03-26 11:13:00-04:00,1774537980000,6596.75,True,False,-1,2,VWAP_TRIPLE_BEAR,5,7,2.25,2.25,1.25,False,3.7.0
2026-03-26 11:14:00-04:00,1774538040000,6595.0,True,False,-1,6,VWAP_TRIPLE_BEAR,4,10,2.25,2.25,1.25,False,3.7.0
2026-03-26 11:14:59-04:00,1774538099000,6595.75,True,False,-1,1,VWAP_TRIPLE_BEAR,7,6,2.25,2.25,1.25,False,3.7.0
2026-03-26 11:16:00-04:00,1774538160000,6592.0,True,False,0,3,VWAP_TRIPLE_BEAR,6,9,-5.25,2.25,1.25,False,3.7.0
2026-03-26 11:17:00-04:00,1774538220000,6590.25,True,False,1,3,VWAP_TRIPLE_BEAR,5,8,2.25,2.25,1.25,False,3.7.0
2026-03-26 11:17:59-04:00,1774538279000,6590.0,True,False,1,3,VWAP_TRIPLE_BEAR,5,8,2.25,2.25,1.25,False,3.7.0
2026-03-26 11:19:00-04:00,1774538340000,6591.5,True,False,1,2,VWAP_TRIPLE_BEAR,6,8,2.25,2.25,1.25,False,3.7.0
2026-03-26 11:20:00-04:00,1774538400000,6593.25,True,False,-1,2,VWAP_TRIPLE_BEAR,6,8,2.25,2.25,1.25,False,3.7.0
2026-03-26 11:20:59-04:00,1774538459000,6593.75,True,False,-1,1,VWAP_TRIPLE_BEAR,6,7,2.25,2.25,1.25,False,3.7.0
2026-03-26 11:22:00-04:00,1774538520000,6592.75,True,False,-1,0,VWAP_TRIPLE_BEAR,7,7,2.25,2.25,1.25,False,3.7.0
2026-03-26 11:23:00-04:00,1774538580000,6592.75,True,False,-1,1,VWAP_TRIPLE_BEAR,6,7,2.25,2.25,1.25,False,3.7.0
2026-03-26 11:24:00-04:00,1774538640000,6593.0,True,False,-1,0,VWAP_TRIPLE_BEAR,6,6,2.25,2.25,1.25,False,3.7.0
2026-03-26 11:24:59-04:00,1774538699000,6591.0,True,False,0,4,VWAP_TRIPLE_BEAR,4,8,-6.75,2.25,1.25,False,3.7.0
2026-03-26 11:26:00-04:00,1774538760000,6591.25,True,False,-1,3,VWAP_TRIPLE_BEAR,5,8,2.25,2.25,1.25,False,3.7.0
2026-03-26 11:27:00-04:00,1774538820000,6591.25,True,False,-1,3,VWAP_TRIPLE_BEAR,5,8,2.25,2.25,1.25,False,3.7.0
2026-03-26 11:27:59-04:00,1774538879000,6592.25,True,False,-1,3,VWAP_TRIPLE_BEAR,5,8,2.25,2.25,1.25,False,3.7.0
2026-03-26 11:29:00-04:00,1774538940000,6589.5,True,False,-1,2,VWAP_TRIPLE_BEAR,7,9,2.25,2.25,1.25,False,3.7.0
2026-03-26 11:30:00-04:00,1774539000000,6587.75,True,False,-1,5,VWAP_TRIPLE_BEAR,4,9,2.25,2.25,1.25,False,3.7.0
2026-03-26 11:30:59-04:00,1774539059000,6582.25,True,False,1,3,VWAP_TRIPLE_BEAR,5,8,2.25,2.25,1.25,False,3.7.0
2026-03-26 11:32:00-04:00,1774539120000,6584.75,True,False,1,1,VWAP_TRIPLE_BEAR,7,8,2.25,2.25,1.25,False,3.7.0
2026-03-26 11:33:00-04:00,1774539180000,6584.0,True,False,1,3,VWAP_TRIPLE_BEAR,5,8,2.25,2.25,1.25,False,3.7.0
2026-03-26 11:33:59-04:00,1774539239000,6585.25,True,False,1,4,VWAP_TRIPLE_BEAR,5,9,2.25,2.25,1.25,False,3.7.0
2026-03-26 11:35:00-04:00,1774539300000,6587.75,True,False,0,0,VWAP_TRIPLE_BEAR,8,8,0.5,2.25,1.25,False,3.7.0
2026-03-26 11:36:00-04:00,1774539360000,6586.75,True,False,1,5,VWAP_TRIPLE_BEAR,5,10,2.25,2.25,1.25,False,3.7.0
2026-03-26 11:36:59-04:00,1774539419000,6588.0,True,False,0,3,VWAP_TRIPLE_BEAR,6,9,-0.75,2.25,1.25,False,3.7.0
2026-03-26 11:38:00-04:00,1774539480000,6589.25,True,False,-1,3,VWAP_TRIPLE_BEAR,6,9,2.25,2.25,1.25,False,3.7.0
2026-03-26 11:39:00-04:00,1774539540000,6589.0,True,False,-1,3,VWAP_TRIPLE_BEAR,5,8,2.25,2.25,1.25,False,3.7.0
2026-03-26 11:40:00-04:00,1774539600000,6589.75,True,False,-1,6,VWAP_TRIPLE_BEAR,4,10,2.25,2.25,1.25,False,3.7.0
2026-03-26 11:40:59-04:00,1774539659000,6586.5,True,False,-1,4,VWAP_TRIPLE_BEAR,5,9,2.25,2.25,1.25,False,3.7.0
2026-03-26 11:42:00-04:00,1774539720000,6586.75,True,False,-1,5,VWAP_TRIPLE_BEAR,5,10,2.25,2.25,1.25,False,3.7.0
2026-03-26 11:43:00-04:00,1774539780000,6585.0,True,False,1,5,VWAP_TRIPLE_BEAR,4,9,2.25,2.25,1.25,False,3.7.0
2026-03-26 11:43:59-04:00,1774539839000,6584.75,True,False,1,4,VWAP_TRIPLE_BEAR,5,9,2.25,2.25,1.25,False,3.7.0
2026-03-26 11:45:00-04:00,1774539900000,6584.25,True,False,1,1,VWAP_TRIPLE_BEAR,6,7,2.25,2.25,1.25,False,3.7.0
2026-03-26 11:46:00-04:00,1774539960000,6590.75,True,False,-1,3,VWAP_TRIPLE_BEAR,6,9,2.25,2.25,1.25,False,3.7.0
2026-03-26 11:46:59-04:00,1774540019000,6588.25,True,False,1,0,VWAP_TRIPLE_BEAR,7,7,2.25,2.25,1.25,False,3.7.0
2026-03-26 11:48:00-04:00,1774540080000,6589.25,True,False,1,5,VWAP_TRIPLE_BEAR,6,11,2.25,2.25,1.25,False,3.7.0
2026-03-26 11:49:00-04:00,1774540140000,6588.5,True,False,1,5,VWAP_TRIPLE_BEAR,5,10,2.25,2.25,1.25,False,3.7.0
2026-03-26 11:49:59-04:00,1774540199000,6588.75,True,False,1,2,VWAP_TRIPLE_BEAR,6,8,2.25,2.25,1.25,False,3.7.0
2026-03-26 11:51:00-04:00,1774540260000,6590.25,True,False,1,5,VWAP_TRIPLE_BEAR,6,11,2.25,2.25,1.25,False,3.7.0
2026-03-26 11:52:00-04:00,1774540320000,6593.5,True,False,-1,2,VWAP_TRIPLE_BEAR,7,9,2.25,2.25,1.25,False,3.7.0
2026-03-26 11:53:00-04:00,1774540380000,6592.25,True,False,-1,3,VWAP_TRIPLE_BEAR,6,9,2.25,2.25,1.25,False,3.7.0
2026-03-26 11:53:59-04:00,1774540439000,6591.25,True,False,-1,5,VWAP_TRIPLE_BEAR,6,11,2.25,2.25,1.25,False,3.7.0
2026-03-26 11:55:00-04:00,1774540500000,6588.25,True,False,-1,6,VWAP_TRIPLE_BEAR,5,11,2.25,2.25,1.25,False,3.7.0
2026-03-26 11:56:00-04:00,1774540560000,6586.25,True,False,0,3,VWAP_TRIPLE_BEAR,6,9,-9.0,2.25,1.25,False,3.7.0
2026-03-26 11:56:59-04:00,1774540619000,6587.25,True,False,-1,2,VWAP_TRIPLE_BEAR,6,8,2.25,2.25,1.25,False,3.7.0
2026-03-26 11:58:00-04:00,1774540680000,6587.25,True,False,-1,3,VWAP_TRIPLE_BEAR,6,9,2.25,2.25,1.25,False,3.7.0
2026-03-26 11:59:00-04:00,1774540740000,6587.75,True,False,-1,5,VWAP_TRIPLE_BEAR,6,11,2.25,2.25,1.25,False,3.7.0
2026-03-26 11:59:59-04:00,1774540799000,6587.0,True,False,-1,6,VWAP_TRIPLE_BEAR,5,11,2.25,2.25,1.25,False,3.7.0
2026-03-26 12:01:00-04:00,1774540860000,6586.75,True,False,-1,3,VWAP_TRIPLE_BEAR,6,9,2.25,2.25,1.25,False,3.7.0
2026-03-26 12:02:00-04:00,1774540920000,6585.75,True,False,0,3,VWAP_TRIPLE_BEAR,6,9,-14.5,2.25,1.25,False,3.7.0
2026-03-26 12:02:59-04:00,1774540979000,6584.5,True,False,1,6,VWAP_TRIPLE_BEAR,6,12,2.25,2.25,1.25,False,3.7.0
2026-03-26 12:04:00-04:00,1774541040000,6584.75,True,False,1,2,VWAP_TRIPLE_BEAR,6,8,2.25,2.25,1.25,False,3.7.0
2026-03-26 12:05:00-04:00,1774541100000,6584.0,True,False,1,4,VWAP_TRIPLE_BEAR,6,10,2.25,2.25,1.25,False,3.7.0
2026-03-26 12:05:59-04:00,1774541159000,6586.25,True,False,0,2,VWAP_TRIPLE_BEAR,7,9,-16.5,2.25,1.25,False,3.7.0
2026-03-26 12:07:00-04:00,1774541220000,6586.25,True,False,0,3,VWAP_TRIPLE_BEAR,6,9,-17.25,2.25,1.25,False,3.7.0
2026-03-26 12:08:00-04:00,1774541280000,6588.25,True,False,-1,5,VWAP_TRIPLE_BEAR,6,11,2.25,2.25,1.25,False,3.7.0
2026-03-26 12:09:00-04:00,1774541340000,6586.75,True,False,-1,5,VWAP_TRIPLE_BEAR,6,11,2.25,2.25,1.25,False,3.7.0
2026-03-26 12:09:59-04:00,1774541399000,6585.25,True,False,-1,4,VWAP_TRIPLE_BEAR,5,9,2.25,2.25,1.25,False,3.7.0
2026-03-26 12:11:00-04:00,1774541460000,6581.5,True,False,1,4,VWAP_TRIPLE_BEAR,7,11,2.25,2.25,1.25,False,3.7.0
2026-03-26 12:12:00-04:00,1774541520000,6584.75,True,False,-1,0,VWAP_TRIPLE_BEAR,9,9,2.25,2.25,1.25,False,3.7.0
2026-03-26 12:12:59-04:00,1774541579000,6583.5,True,False,1,3,VWAP_TRIPLE_BEAR,7,10,2.25,2.25,1.25,False,3.7.0
2026-03-26 12:14:00-04:00,1774541640000,6585.75,True,False,-1,0,VWAP_TRIPLE_BEAR,9,9,2.25,2.25,1.25,False,3.7.0
2026-03-26 12:15:00-04:00,1774541700000,6582.75,True,False,-1,6,VWAP_TRIPLE_BEAR,6,12,2.25,2.25,1.25,False,3.7.0
2026-03-26 12:15:59-04:00,1774541759000,6577.25,True,False,-1,3,VWAP_TRIPLE_BEAR,9,12,2.25,2.25,1.25,False,3.7.0
2026-03-26 12:17:00-04:00,1774541820000,6574.5,True,False,1,4,VWAP_TRIPLE_BEAR,8,12,2.25,2.25,1.25,False,3.7.0
2026-03-26 12:18:00-04:00,1774541880000,6580.0,True,False,-1,1,VWAP_TRIPLE_BEAR,10,9,2.25,2.25,1.25,False,3.7.0
2026-03-26 12:18:59-04:00,1774541939000,6580.5,True,False,-1,2,VWAP_TRIPLE_BEAR,7,9,2.25,2.25,1.25,False,3.7.0
2026-03-26 12:20:00-04:00,1774542000000,6577.5,True,False,-1,1,VWAP_TRIPLE_BEAR,10,9,2.25,2.25,1.25,False,3.7.0
2026-03-26 12:21:00-04:00,1774542060000,6575.5,True,False,-1,1,VWAP_TRIPLE_BEAR,9,10,2.25,2.25,1.25,False,3.7.0
2026-03-26 12:21:59-04:00,1774542119000,6571.25,True,False,1,3,VWAP_TRIPLE_BEAR,7,10,2.25,2.25,1.25,False,3.7.0
2026-03-26 12:23:00-04:00,1774542180000,6573.5,True,False,1,1,VWAP_TRIPLE_BEAR,8,9,2.25,2.25,1.25,False,3.7.0
2026-03-26 12:24:00-04:00,1774542240000,6575.75,True,False,-1,2,VWAP_TRIPLE_BEAR,10,8,2.25,2.25,1.25,False,3.7.0
2026-03-26 12:25:00-04:00,1774542300000,6571.0,True,False,-1,3,VWAP_TRIPLE_BEAR,7,10,2.25,2.25,1.25,False,3.7.0
2026-03-26 12:25:59-04:00,1774542359000,6569.75,True,False,-1,2,VWAP_TRIPLE_BEAR,7,9,2.25,2.25,1.25,False,3.7.0
2026-03-26 12:27:00-04:00,1774542420000,6569.0,True,False,-1,2,VWAP_TRIPLE_BEAR,10,8,2.25,2.25,1.25,False,3.7.0
2026-03-26 12:28:00-04:00,1774542480000,6565.75,True,False,-1,3,VWAP_TRIPLE_BEAR,7,10,2.25,2.25,1.25,False,3.7.0
2026-03-26 12:28:59-04:00,1774542539000,6566.75,True,False,-1,2,VWAP_TRIPLE_BEAR,7,9,2.25,2.25,1.25,False,3.7.0
2026-03-26 12:30:00-04:00,1774542600000,6565.0,True,False,0,1,VWAP_TRIPLE_BEAR,9,10,-2.75,2.25,1.25,False,3.7.0
2026-03-26 12:31:00-04:00,1774542660000,6565.0,True,False,0,3,VWAP_TRIPLE_BEAR,7,10,-0.25,2.25,1.25,False,3.7.0
2026-03-26 12:31:59-04:00,1774542719000,6563.0,True,False,1,3,VWAP_TRIPLE_BEAR,7,10,2.25,2.25,1.25,False,3.7.0
2026-03-26 12:33:00-04:00,1774542780000,6563.25,True,False,1,1,VWAP_TRIPLE_BEAR,9,10,2.25,2.25,1.25,False,3.7.0
2026-03-26 12:34:00-04:00,1774542840000,6566.0,True,False,1,3,VWAP_TRIPLE_BEAR,7,10,2.25,2.25,1.25,False,3.7.0
2026-03-26 12:34:59-04:00,1774542899000,6566.75,True,False,0,4,VWAP_TRIPLE_BEAR,6,10,-0.75,2.25,1.25,False,3.7.0
2026-03-26 12:36:00-04:00,1774542960000,6568.0,True,False,-1,1,VWAP_TRIPLE_BEAR,9,10,2.25,2.25,1.25,False,3.7.0
2026-03-26 12:37:00-04:00,1774543020000,6568.25,True,False,-1,2,VWAP_TRIPLE_BEAR,7,9,2.25,2.25,1.25,False,3.7.0
2026-03-26 12:38:00-04:00,1774543080000,6565.25,True,False,-1,2,VWAP_TRIPLE_BEAR,7,9,2.25,2.25,1.25,False,3.7.0
2026-03-26 12:38:59-04:00,1774543139000,6563.0,True,False,1,3,VWAP_TRIPLE_BEAR,7,10,2.25,2.25,1.25,False,3.7.0
2026-03-26 12:40:00-04:00,1774543200000,6564.25,True,False,1,2,VWAP_TRIPLE_BEAR,7,9,2.25,2.25,1.25,False,3.7.0
2026-03-26 12:41:00-04:00,1774543260000,6565.5,True,False,0,1,VWAP_TRIPLE_BEAR,8,9,6.25,2.25,1.25,False,3.7.0
2026-03-26 12:41:59-04:00,1774543319000,6564.75,True,False,1,5,VWAP_TRIPLE_BEAR,6,11,2.25,2.25,1.25,False,3.7.0
2026-03-26 12:43:00-04:00,1774543380000,6565.5,True,False,0,5,VWAP_TRIPLE_BEAR,6,11,3.25,2.25,1.25,False,3.7.0
2026-03-26 12:44:00-04:00,1774543440000,6567.0,True,False,-1,1,VWAP_TRIPLE_BEAR,9,10,2.25,2.25,1.25,False,3.7.0
2026-03-26 12:44:59-04:00,1774543499000,6567.5,True,False,-1,4,VWAP_TRIPLE_BEAR,6,10,2.25,2.25,1.25,False,3.7.0
2026-03-26 12:46:00-04:00,1774543560000,6564.5,True,False,0,4,VWAP_TRIPLE_BEAR,6,10,3.0,2.25,1.25,False,3.7.0
2026-03-26 12:47:00-04:00,1774543620000,6565.75,True,False,-1,3,VWAP_TRIPLE_BEAR,7,10,2.25,2.25,1.25,False,3.7.0
2026-03-26 12:47:59-04:00,1774543679000,6564.25,True,False,0,5,VWAP_TRIPLE_BEAR,7,12,2.75,2.25,1.25,False,3.7.0
2026-03-26 12:49:00-04:00,1774543740000,6563.25,True,False,1,3,VWAP_TRIPLE_BEAR,7,10,2.25,2.25,1.25,False,3.7.0
2026-03-26 12:50:00-04:00,1774543800000,6562.25,True,False,1,4,VWAP_TRIPLE_BEAR,7,11,2.25,2.25,1.25,False,3.7.0
2026-03-26 12:50:59-04:00,1774543859000,6564.75,True,False,1,4,VWAP_TRIPLE_BEAR,7,11,2.25,2.25,1.25,False,3.7.0
2026-03-26 12:52:00-04:00,1774543920000,6565.5,True,False,1,4,VWAP_TRIPLE_BEAR,7,11,2.25,2.25,1.25,False,3.7.0
2026-03-26 12:53:00-04:00,1774543980000,6566.75,True,False,1,3,VWAP_TRIPLE_BEAR,7,10,2.25,2.25,1.25,False,3.7.0
2026-03-26 12:54:00-04:00,1774544040000,6566.75,True,False,1,1,VWAP_TRIPLE_BEAR,8,9,2.25,2.25,1.25,False,3.7.0
2026-03-26 12:54:59-04:00,1774544099000,6566.0,True,False,1,2,VWAP_TRIPLE_BEAR,7,9,2.25,2.25,1.25,False,3.7.0
2026-03-26 12:56:00-04:00,1774544160000,6567.0,True,False,1,3,VWAP_TRIPLE_BEAR,8,11,2.25,2.25,1.25,False,3.7.0
2026-03-26 12:57:00-04:00,1774544220000,6567.0,True,False,1,2,VWAP_TRIPLE_BEAR,8,10,2.25,2.25,1.25,False,3.7.0
2026-03-26 12:57:59-04:00,1774544279000,6567.0,True,False,1,3,VWAP_TRIPLE_BEAR,8,11,2.25,2.25,1.25,False,3.7.0
2026-03-26 12:59:00-04:00,1774544340000,6568.5,True,False,1,4,BN_LONG_UP,15,11,2.25,2.25,1.25,False,3.7.0
2026-03-26 13:00:00-04:00,1774544400000,6572.25,True,False,-1,2,VAH_REJECTION,8,10,2.25,2.25,1.25,False,3.7.0
2026-03-26 13:00:59-04:00,1774544459000,6571.75,True,False,-1,1,VAL_BOUNCE,11,12,2.25,2.25,1.25,False,3.7.0
2026-03-26 13:02:00-04:00,1774544520000,6570.0,True,False,-1,6,VWAP_TRIPLE_BEAR,9,15,2.25,2.25,1.25,False,3.7.0
2026-03-26 13:03:00-04:00,1774544580000,6568.75,True,False,-1,1,VWAP_TRIPLE_BEAR,9,8,2.25,2.25,1.25,False,3.7.0
2026-03-26 13:03:59-04:00,1774544639000,6566.5,True,False,1,1,VWAP_TRIPLE_BEAR,7,8,2.25,2.25,1.25,False,3.7.0
2026-03-26 13:05:00-04:00,1774544700000,6568.75,True,False,-1,1,VWAP_TRIPLE_BEAR,10,11,2.25,2.25,1.25,False,3.7.0
2026-03-26 13:06:00-04:00,1774544760000,6567.5,True,False,-1,2,VWAP_TRIPLE_BEAR,8,10,2.25,2.25,1.25,False,3.7.0
2026-03-26 13:06:59-04:00,1774544819000,6566.25,True,False,0,1,VWAP_TRIPLE_BEAR,7,8,-12.75,2.25,1.25,False,3.7.0
2026-03-26 13:08:00-04:00,1774544880000,6567.0,True,False,-1,0,VWAP_TRIPLE_BEAR,8,8,2.25,2.25,1.25,False,3.7.0
2026-03-26 13:09:00-04:00,1774544940000,6567.5,True,False,-1,0,VWAP_TRIPLE_BEAR,9,9,2.25,2.25,1.25,False,3.7.0
2026-03-26 13:10:00-04:00,1774545000000,6565.75,True,False,-1,2,VWAP_TRIPLE_BEAR,9,11,2.25,2.25,1.25,False,3.7.0
2026-03-26 13:10:59-04:00,1774545059000,6564.75,True,False,-1,4,VWAP_TRIPLE_BEAR,5,9,2.25,2.25,1.25,False,3.7.0
2026-03-26 13:12:00-04:00,1774545120000,6565.0,True,False,-1,1,VWAP_TRIPLE_BEAR,6,7,2.25,2.25,1.25,False,3.7.0
2026-03-26 13:13:00-04:00,1774545180000,6564.0,True,False,-1,2,VWAP_TRIPLE_BEAR,6,8,2.25,2.25,1.25,False,3.7.0
2026-03-26 13:13:59-04:00,1774545239000,6561.75,True,False,1,2,VWAP_TRIPLE_BEAR,7,9,2.25,2.25,1.25,False,3.7.0
2026-03-26 13:15:00-04:00,1774545300000,6561.75,True,False,1,1,VWAP_TRIPLE_BEAR,8,9,2.25,2.25,1.25,False,3.7.0
2026-03-26 13:16:00-04:00,1774545360000,6564.0,True,False,-1,1,VWAP_TRIPLE_BEAR,8,7,2.25,2.25,1.25,False,3.7.0
2026-03-26 13:16:59-04:00,1774545419000,6564.5,True,False,-1,2,VWAP_TRIPLE_BEAR,7,9,2.25,2.25,1.25,False,3.7.0
2026-03-26 13:18:00-04:00,1774545480000,6561.75,True,False,0,0,VWAP_TRIPLE_BEAR,11,11,-3.0,2.25,1.25,False,3.7.0
2026-03-26 13:19:00-04:00,1774545540000,6563.5,True,False,-1,0,VWAP_TRIPLE_BEAR,8,8,2.25,2.25,1.25,False,3.7.0
2026-03-26 13:19:59-04:00,1774545599000,6559.75,True,False,-1,1,VWAP_TRIPLE_BEAR,10,11,2.25,2.25,1.25,False,3.7.0
2026-03-26 13:21:00-04:00,1774545660000,6557.0,True,False,-1,1,VWAP_TRIPLE_BEAR,8,9,2.25,2.25,1.25,False,3.7.0
2026-03-26 13:22:00-04:00,1774545720000,6556.25,True,False,-1,1,VWAP_TRIPLE_BEAR,8,9,2.25,2.25,1.25,False,3.7.0
2026-03-26 13:23:00-04:00,1774545780000,6557.25,True,False,-1,4,VWAP_TRIPLE_BEAR,6,10,2.25,2.25,1.25,False,3.7.0
2026-03-26 13:23:59-04:00,1774545839000,6555.0,True,False,0,3,VWAP_TRIPLE_BEAR,7,10,-3.75,2.25,1.25,False,3.7.0
2026-03-26 13:25:00-04:00,1774545900000,6554.0,True,False,1,1,VWAP_TRIPLE_BEAR,11,10,2.25,2.25,1.25,False,3.7.0
2026-03-26 13:26:00-04:00,1774545960000,6554.0,True,False,1,2,VWAP_TRIPLE_BEAR,12,10,2.25,2.25,1.25,False,3.7.0
2026-03-26 13:26:59-04:00,1774546019000,6553.5,True,False,1,1,VWAP_TRIPLE_BEAR,10,9,2.25,2.25,1.25,False,3.7.0
2026-03-26 13:28:00-04:00,1774546080000,6555.0,True,False,1,0,VWAP_TRIPLE_BEAR,9,9,2.25,2.25,1.25,False,3.7.0
2026-03-26 13:29:00-04:00,1774546140000,6558.0,True,False,-1,0,VWAP_TRIPLE_BEAR,10,10,2.25,2.25,1.25,False,3.7.0
2026-03-26 13:29:59-04:00,1774546199000,6557.75,True,False,-1,3,VWAP_TRIPLE_BEAR,8,11,2.25,2.25,1.25,False,3.7.0
2026-03-26 13:31:00-04:00,1774546260000,6555.25,True,False,1,3,VWAP_TRIPLE_BEAR,7,10,2.25,2.25,1.25,False,3.7.0
2026-03-26 13:32:00-04:00,1774546320000,6557.5,True,False,1,0,VWAP_TRIPLE_BEAR,10,10,2.25,2.25,1.25,False,3.7.0
2026-03-26 13:32:59-04:00,1774546379000,6560.25,True,False,0,1,VWAP_TRIPLE_BEAR,9,10,-16.25,2.25,1.25,False,3.7.0
2026-03-26 13:34:00-04:00,1774546440000,6561.5,True,False,-1,2,VWAP_TRIPLE_BEAR,8,10,2.25,2.25,1.25,False,3.7.0
2026-03-26 13:35:00-04:00,1774546500000,6560.25,True,False,-1,4,VWAP_TRIPLE_BEAR,5,9,2.25,2.25,1.25,False,3.7.0
2026-03-26 13:35:59-04:00,1774546559000,6559.75,True,False,-1,6,VWAP_TRIPLE_BEAR,6,12,2.25,2.25,1.25,False,3.7.0
2026-03-26 13:37:00-04:00,1774546620000,6557.75,True,False,-1,4,VWAP_TRIPLE_BEAR,5,9,2.25,2.25,1.25,False,3.7.0
2026-03-26 13:38:00-04:00,1774546680000,6558.75,True,False,-1,1,VWAP_TRIPLE_BEAR,8,9,2.25,2.25,1.25,False,3.7.0
2026-03-26 13:39:00-04:00,1774546740000,6557.0,True,False,-1,3,VWAP_TRIPLE_BEAR,6,9,2.25,2.25,1.25,False,3.7.0
2026-03-26 13:39:59-04:00,1774546799000,6556.0,True,False,-1,4,VWAP_TRIPLE_BEAR,6,10,2.25,2.25,1.25,False,3.7.0
2026-03-26 13:41:00-04:00,1774546860000,6554.25,True,False,-1,1,VWAP_TRIPLE_BEAR,8,9,2.25,2.25,1.25,False,3.7.0
2026-03-26 13:42:00-04:00,1774546920000,6553.0,True,False,-1,1,VWAP_TRIPLE_BEAR,8,9,2.25,2.25,1.25,False,3.7.0
2026-03-26 13:42:59-04:00,1774546979000,6551.0,True,False,-1,4,VWAP_TRIPLE_BEAR,7,11,2.25,2.25,1.25,False,3.7.0
2026-03-26 13:44:00-04:00,1774547040000,6551.25,True,False,-1,1,VWAP_TRIPLE_BEAR,9,10,2.25,2.25,1.25,False,3.7.0
2026-03-26 13:45:00-04:00,1774547100000,6551.75,True,False,-1,2,VWAP_TRIPLE_BEAR,8,10,2.25,2.25,1.25,False,3.7.0
2026-03-26 13:45:59-04:00,1774547159000,6551.0,True,False,-1,1,VWAP_TRIPLE_BEAR,9,10,2.25,2.25,1.25,False,3.7.0
2026-03-26 13:47:00-04:00,1774547220000,6550.75,True,False,-1,3,VWAP_TRIPLE_BEAR,9,12,2.25,2.25,1.25,False,3.7.0
2026-03-26 13:48:00-04:00,1774547280000,6549.5,True,False,-1,5,VWAP_TRIPLE_BEAR,7,12,2.25,2.25,1.25,False,3.7.0
2026-03-26 13:48:59-04:00,1774547339000,6547.5,True,False,-1,5,VWAP_TRIPLE_BEAR,7,12,2.25,2.25,1.25,False,3.7.0
2026-03-26 13:50:00-04:00,1774547400000,6545.0,True,False,-1,2,VWAP_TRIPLE_BEAR,9,11,2.25,2.25,1.25,False,3.7.0
2026-03-26 13:51:00-04:00,1774547460000,6544.75,True,False,-1,2,VWAP_TRIPLE_BEAR,7,9,2.25,2.25,1.25,False,3.7.0
2026-03-26 13:51:59-04:00,1774547519000,6545.25,True,False,-1,3,VWAP_TRIPLE_BEAR,7,10,2.25,2.25,1.25,False,3.7.0
2026-03-26 13:53:00-04:00,1774547580000,6544.0,True,False,-1,4,VWAP_TRIPLE_BEAR,7,11,2.25,2.25,1.25,False,3.7.0
2026-03-26 13:54:00-04:00,1774547640000,6543.0,True,False,-1,0,VWAP_TRIPLE_BEAR,8,8,2.25,2.25,1.25,False,3.7.0
2026-03-26 13:55:00-04:00,1774547700000,6541.5,True,False,-1,2,VWAP_TRIPLE_BEAR,7,9,2.25,2.25,1.25,False,3.7.0
2026-03-26 13:55:59-04:00,1774547759000,6541.0,True,False,-1,0,VWAP_TRIPLE_BEAR,8,8,2.25,2.25,1.25,False,3.7.0
2026-03-26 13:57:00-04:00,1774547820000,6542.0,True,False,-1,2,VWAP_TRIPLE_BEAR,10,8,2.25,2.25,1.25,False,3.7.0
2026-03-26 13:58:00-04:00,1774547880000,6538.5,True,False,1,4,VWAP_TRIPLE_BEAR,6,10,2.25,2.25,1.25,False,3.7.0
2026-03-26 13:58:59-04:00,1774547939000,6538.25,True,False,1,2,VWAP_TRIPLE_BEAR,8,10,2.25,2.25,1.25,False,3.7.0
2026-03-26 14:00:00-04:00,1774548000000,6542.0,True,False,1,2,VWAP_TRIPLE_BEAR,9,11,2.25,2.25,1.25,False,3.7.0
2026-03-26 14:01:00-04:00,1774548060000,6544.5,True,False,-1,1,VWAP_TRIPLE_BEAR,8,9,2.25,2.25,1.25,False,3.7.0
2026-03-26 14:01:59-04:00,1774548119000,6545.0,True,False,-1,2,VWAP_TRIPLE_BEAR,7,9,2.25,2.25,1.25,False,3.7.0
2026-03-26 14:03:00-04:00,1774548180000,6543.75,True,False,-1,0,VWAP_TRIPLE_BEAR,8,8,2.25,2.25,1.25,False,3.7.0
2026-03-26 14:04:00-04:00,1774548240000,6543.75,True,False,-1,1,VWAP_TRIPLE_BEAR,7,8,2.25,2.25,1.25,False,3.7.0
2026-03-26 14:04:59-04:00,1774548299000,6544.5,True,False,-1,1,VWAP_TRIPLE_BEAR,8,9,2.25,2.25,1.25,False,3.7.0
2026-03-26 14:06:00-04:00,1774548360000,6543.0,True,False,0,1,VWAP_TRIPLE_BEAR,8,9,-2.5,2.25,1.25,False,3.7.0
2026-03-26 14:07:00-04:00,1774548420000,6544.75,True,False,-1,1,VWAP_TRIPLE_BEAR,10,9,2.25,2.25,1.25,False,3.7.0
2026-03-26 14:08:00-04:00,1774548480000,6544.5,True,False,-1,2,VWAP_TRIPLE_BEAR,9,11,2.25,2.25,1.25,False,3.7.0
2026-03-26 14:08:59-04:00,1774548539000,6544.75,True,False,-1,1,VWAP_TRIPLE_BEAR,9,10,2.25,2.25,1.25,False,3.7.0
2026-03-26 14:10:00-04:00,1774548600000,6542.25,True,False,-1,0,VWAP_TRIPLE_BEAR,9,9,2.25,2.25,1.25,False,3.7.0
2026-03-26 14:11:00-04:00,1774548660000,6540.75,True,False,1,3,VWAP_TRIPLE_BEAR,6,9,2.25,2.25,1.25,False,3.7.0
2026-03-26 14:11:59-04:00,1774548719000,6543.0,True,False,-1,1,VWAP_TRIPLE_BEAR,10,9,2.25,2.25,1.25,False,3.7.0
2026-03-26 14:13:00-04:00,1774548780000,6543.0,True,False,-1,2,VWAP_TRIPLE_BEAR,10,8,2.25,2.25,1.25,False,3.7.0
2026-03-26 14:14:00-04:00,1774548840000,6542.25,True,False,-1,2,VWAP_TRIPLE_BEAR,10,8,2.25,2.25,1.25,False,3.7.0
2026-03-26 14:14:59-04:00,1774548899000,6540.5,True,False,0,0,VWAP_TRIPLE_BEAR,9,9,3.5,2.25,1.25,False,3.7.0
2026-03-26 14:16:00-04:00,1774548960000,6542.25,True,False,-1,1,VWAP_TRIPLE_BEAR,10,9,2.25,2.25,1.25,False,3.7.0
2026-03-26 14:17:00-04:00,1774549020000,6540.25,True,False,0,1,VWAP_TRIPLE_BEAR,8,9,2.0,2.25,1.25,False,3.7.0
2026-03-26 14:17:59-04:00,1774549079000,6541.0,True,False,-1,0,VWAP_TRIPLE_BEAR,8,8,2.25,2.25,1.25,False,3.7.0
2026-03-26 14:19:00-04:00,1774549140000,6540.25,True,False,0,1,VWAP_TRIPLE_BEAR,8,9,5.5,2.25,1.25,False,3.7.0
2026-03-26 14:20:00-04:00,1774549200000,6538.25,True,False,1,3,VWAP_TRIPLE_BEAR,8,11,2.25,2.25,1.25,False,3.7.0
2026-03-26 14:20:59-04:00,1774549259000,6540.0,True,False,1,0,VWAP_TRIPLE_BEAR,9,9,2.25,2.25,1.25,False,3.7.0
2026-03-26 14:22:00-04:00,1774549320000,6540.5,True,False,0,1,VWAP_TRIPLE_BEAR,8,9,1.25,2.25,1.25,False,3.7.0
2026-03-26 14:23:00-04:00,1774549380000,6541.75,True,False,-1,1,VWAP_TRIPLE_BEAR,9,8,2.25,2.25,1.25,False,3.7.0
2026-03-26 14:24:00-04:00,1774549440000,6542.5,True,False,-1,2,VWAP_TRIPLE_BEAR,10,8,2.25,2.25,1.25,False,3.7.0
2026-03-26 14:24:59-04:00,1774549499000,6542.0,True,False,-1,3,VWAP_TRIPLE_BEAR,12,9,2.25,2.25,1.25,False,3.7.0
2026-03-26 14:26:00-04:00,1774549560000,6540.5,True,False,-1,2,VWAP_TRIPLE_BEAR,8,10,2.25,2.25,1.25,False,3.7.0
2026-03-26 14:27:00-04:00,1774549620000,6538.25,True,False,1,2,VWAP_TRIPLE_BEAR,8,10,2.25,2.25,1.25,False,3.7.0
2026-03-26 14:27:59-04:00,1774549679000,6537.5,True,False,1,1,VWAP_TRIPLE_BEAR,9,10,2.25,2.25,1.25,False,3.7.0
2026-03-26 14:29:00-04:00,1774549740000,6537.75,True,False,1,2,VWAP_TRIPLE_BEAR,8,10,2.25,2.25,1.25,False,3.7.0
2026-03-26 14:30:00-04:00,1774549800000,6540.75,True,False,1,1,VWAP_TRIPLE_BEAR,9,10,2.25,2.25,1.25,False,3.7.0
2026-03-26 14:30:59-04:00,1774549859000,6541.75,True,False,1,3,VWAP_TRIPLE_BEAR,12,9,2.25,2.25,1.25,False,3.7.0
2026-03-26 14:32:00-04:00,1774549920000,6542.75,True,False,1,1,VWAP_TRIPLE_BEAR,10,9,2.25,2.25,1.25,False,3.7.0
2026-03-26 14:33:00-04:00,1774549980000,6542.5,True,False,1,3,VWAP_TRIPLE_BEAR,11,8,2.25,2.25,1.25,False,3.7.0
2026-03-26 14:33:59-04:00,1774550039000,6543.25,True,False,1,3,VWAP_TRIPLE_BEAR,11,8,2.25,2.25,1.25,False,3.7.0
2026-03-26 14:35:00-04:00,1774550100000,6544.0,True,False,0,4,VWAP_TRIPLE_BEAR,13,9,2.5,2.25,1.25,False,3.7.0
2026-03-26 14:36:00-04:00,1774550160000,6544.25,True,False,0,1,VWAP_TRIPLE_BEAR,10,9,0.5,2.25,1.25,False,3.7.0
2026-03-26 14:36:59-04:00,1774550219000,6542.25,True,False,1,0,VWAP_TRIPLE_BEAR,10,10,2.25,2.25,1.25,False,3.7.0
2026-03-26 14:38:00-04:00,1774550280000,6545.75,True,False,-1,3,VWAP_TRIPLE_BEAR,12,9,2.25,2.25,1.25,False,3.7.0
2026-03-26 14:39:00-04:00,1774550340000,6545.75,True,False,-1,1,VWAP_TRIPLE_BEAR,9,8,2.25,2.25,1.25,False,3.7.0
2026-03-26 14:40:00-04:00,1774550400000,6545.75,True,False,-1,0,VWAP_TRIPLE_BEAR,9,9,2.25,2.25,1.25,False,3.7.0
2026-03-26 14:40:59-04:00,1774550459000,6544.5,True,False,-1,1,VWAP_TRIPLE_BEAR,9,10,2.25,2.25,1.25,False,3.7.0
2026-03-26 14:42:00-04:00,1774550520000,6541.75,True,False,1,0,VWAP_TRIPLE_BEAR,7,7,2.25,2.25,1.25,False,3.7.0
2026-03-26 14:43:00-04:00,1774550580000,6541.0,True,False,1,3,VWAP_TRIPLE_BEAR,7,10,2.25,2.25,1.25,False,3.7.0
2026-03-26 14:43:59-04:00,1774550639000,6543.25,True,False,-1,2,VWAP_TRIPLE_BEAR,10,8,2.25,2.25,1.25,False,3.7.0
2026-03-26 14:45:00-04:00,1774550700000,6541.0,True,False,1,2,VWAP_TRIPLE_BEAR,6,8,2.25,2.25,1.25,False,3.7.0
2026-03-26 14:46:00-04:00,1774550760000,6543.25,True,False,1,6,VWAP_TRIPLE_BEAR,13,7,2.25,2.25,1.25,False,3.7.0
2026-03-26 14:46:59-04:00,1774550819000,6545.25,True,False,0,1,VWAP_TRIPLE_BEAR,10,9,-10.0,2.25,1.25,False,3.7.0
2026-03-26 14:48:00-04:00,1774550880000,6544.75,True,False,1,0,VWAP_TRIPLE_BEAR,10,10,2.25,2.25,1.25,False,3.7.0
2026-03-26 14:49:00-04:00,1774550940000,6546.5,True,False,-1,2,VWAP_TRIPLE_BEAR,9,11,2.25,2.25,1.25,False,3.7.0
2026-03-26 14:49:59-04:00,1774550999000,6547.25,True,False,-1,1,VWAP_TRIPLE_BEAR,10,11,2.25,2.25,1.25,False,3.7.0
2026-03-26 14:51:00-04:00,1774551060000,6547.0,True,False,-1,2,VWAP_TRIPLE_BEAR,10,12,2.25,2.25,1.25,False,3.7.0
2026-03-26 14:52:00-04:00,1774551120000,6546.0,True,False,0,1,VWAP_TRIPLE_BEAR,9,10,-14.0,2.25,1.25,False,3.7.0
2026-03-26 14:53:00-04:00,1774551180000,6546.5,True,False,-1,2,VWAP_TRIPLE_BEAR,10,12,2.25,2.25,1.25,False,3.7.0
2026-03-26 14:53:59-04:00,1774551239000,6547.25,True,False,-1,0,VWAP_TRIPLE_BEAR,10,10,2.25,2.25,1.25,False,3.7.0
2026-03-26 14:55:00-04:00,1774551300000,6546.5,True,False,-1,3,VWAP_TRIPLE_BEAR,9,12,2.25,2.25,1.25,False,3.7.0
2026-03-26 14:56:00-04:00,1774551360000,6544.75,True,False,0,1,VWAP_TRIPLE_BEAR,10,9,-7.75,2.25,1.25,False,3.7.0
2026-03-26 14:56:59-04:00,1774551419000,6544.25,True,False,0,1,VWAP_TRIPLE_BEAR,10,9,-6.25,2.25,1.25,False,3.7.0
2026-03-26 14:58:00-04:00,1774551480000,6546.25,True,False,-1,0,VWAP_TRIPLE_BEAR,10,10,2.25,2.25,1.25,False,3.7.0
2026-03-26 14:59:00-04:00,1774551540000,6546.25,True,False,-1,1,VWAP_TRIPLE_BEAR,10,9,2.25,2.25,1.25,False,3.7.0
2026-03-26 14:59:59-04:00,1774551599000,6545.0,True,False,-1,0,VWAP_TRIPLE_BEAR,8,8,2.25,2.25,1.25,False,3.7.0
2026-03-26 15:01:00-04:00,1774551660000,6544.5,True,False,-1,2,VWAP_TRIPLE_BEAR,10,8,2.25,2.25,1.25,False,3.7.0
2026-03-26 15:02:00-04:00,1774551720000,6542.0,True,False,-1,1,VWAP_TRIPLE_BEAR,9,8,2.25,2.25,1.25,False,3.7.0
2026-03-26 15:02:59-04:00,1774551779000,6539.0,True,False,-1,2,VWAP_TRIPLE_BEAR,8,10,2.25,2.25,1.25,False,3.7.0
2026-03-26 15:04:00-04:00,1774551840000,6538.75,True,False,-1,1,VWAP_TRIPLE_BEAR,9,8,2.25,2.25,1.25,False,3.7.0
2026-03-26 15:05:00-04:00,1774551900000,6538.25,True,False,-1,2,VWAP_TRIPLE_BEAR,10,8,2.25,2.25,1.25,False,3.7.0
2026-03-26 15:05:59-04:00,1774551959000,6536.0,True,False,-1,2,VWAP_TRIPLE_BEAR,9,11,2.25,2.25,1.25,False,3.7.0
2026-03-26 15:07:00-04:00,1774552020000,6535.25,True,False,-1,0,VWAP_TRIPLE_BEAR,9,9,2.25,2.25,1.25,False,3.7.0
2026-03-26 15:08:00-04:00,1774552080000,6534.5,True,False,-1,3,VWAP_TRIPLE_BEAR,7,10,2.25,2.25,1.25,False,3.7.0
2026-03-26 15:09:00-04:00,1774552140000,6534.0,True,False,-1,2,VWAP_TRIPLE_BEAR,6,8,2.25,2.25,1.25,False,3.7.0
2026-03-26 15:09:59-04:00,1774552199000,6532.25,True,False,1,1,VWAP_TRIPLE_BEAR,7,8,2.25,2.25,1.25,False,3.7.0
2026-03-26 15:11:00-04:00,1774552260000,6532.25,True,False,1,3,VWAP_TRIPLE_BEAR,6,9,2.25,2.25,1.25,False,3.7.0
2026-03-26 15:12:00-04:00,1774552320000,6532.0,True,False,1,1,VWAP_TRIPLE_BEAR,7,8,2.25,2.25,1.25,False,3.7.0
2026-03-26 15:12:59-04:00,1774552379000,6531.25,True,False,1,1,VWAP_TRIPLE_BEAR,6,7,2.25,2.25,1.25,False,3.7.0
2026-03-26 15:14:00-04:00,1774552440000,6534.25,True,False,1,0,VWAP_TRIPLE_BEAR,8,8,2.25,2.25,1.25,False,3.7.0
2026-03-26 15:15:00-04:00,1774552500000,6537.25,True,False,-1,5,VWAP_TRIPLE_BEAR,4,9,2.25,2.25,1.25,False,3.7.0
2026-03-26 15:15:59-04:00,1774552559000,6537.0,True,False,-1,7,VWAP_TRIPLE_BEAR,4,11,2.25,2.25,1.25,False,3.7.0
2026-03-26 15:17:00-04:00,1774552620000,6538.0,True,False,-1,4,VWAP_TRIPLE_BEAR,6,10,2.25,2.25,1.25,False,3.7.0
2026-03-26 15:18:00-04:00,1774552680000,6537.5,True,False,-1,4,VWAP_TRIPLE_BEAR,5,9,2.25,2.25,1.25,False,3.7.0
2026-03-26 15:18:59-04:00,1774552739000,6537.5,True,False,-1,0,VWAP_TRIPLE_BEAR,8,8,2.25,2.25,1.25,False,3.7.0
2026-03-26 15:20:00-04:00,1774552800000,6535.75,True,False,-1,5,VWAP_TRIPLE_BEAR,6,11,2.25,2.25,1.25,False,3.7.0
2026-03-26 15:21:00-04:00,1774552860000,6535.5,True,False,-1,3,VWAP_TRIPLE_BEAR,6,9,2.25,2.25,1.25,False,3.7.0
2026-03-26 15:21:59-04:00,1774552919000,6534.75,True,False,-1,5,VWAP_TRIPLE_BEAR,6,11,2.25,2.25,1.25,False,3.7.0
2026-03-26 15:23:00-04:00,1774552980000,6534.0,True,False,-1,3,VWAP_TRIPLE_BEAR,6,9,2.25,2.25,1.25,False,3.7.0
2026-03-26 15:24:00-04:00,1774553040000,6533.0,True,False,-1,4,VWAP_TRIPLE_BEAR,6,10,2.25,2.25,1.25,False,3.7.0
2026-03-26 15:25:00-04:00,1774553100000,6530.5,True,False,1,3,VWAP_TRIPLE_BEAR,8,11,2.25,2.25,1.25,False,3.7.0
2026-03-26 15:25:59-04:00,1774553159000,6531.5,True,False,1,2,VWAP_TRIPLE_BEAR,7,9,2.25,2.25,1.25,False,3.7.0
2026-03-26 15:27:00-04:00,1774553220000,6531.75,True,False,1,2,VWAP_TRIPLE_BEAR,7,9,2.25,2.25,1.25,False,3.7.0
2026-03-26 15:28:00-04:00,1774553280000,6531.25,True,False,1,0,VWAP_TRIPLE_BEAR,9,9,2.25,2.25,1.25,False,3.7.0
2026-03-26 15:28:59-04:00,1774553339000,6534.0,True,False,-1,1,VWAP_TRIPLE_BEAR,8,9,2.25,2.25,1.25,False,3.7.0
2026-03-26 15:30:00-04:00,1774553400000,6532.25,True,False,-1,1,VWAP_TRIPLE_BEAR,8,7,2.25,2.25,1.25,False,3.7.0
2026-03-26 15:31:00-04:00,1774553460000,6527.5,True,False,1,3,VWAP_TRIPLE_BEAR,8,11,2.25,2.25,1.25,False,3.7.0
2026-03-26 15:31:59-04:00,1774553519000,6527.0,True,False,1,2,VWAP_TRIPLE_BEAR,8,10,2.25,2.25,1.25,False,3.7.0
2026-03-26 15:33:00-04:00,1774553580000,6527.25,True,False,1,5,VWAP_TRIPLE_BEAR,5,10,2.25,2.25,1.25,False,3.7.0
2026-03-26 15:34:00-04:00,1774553640000,6529.0,True,False,1,0,VWAP_TRIPLE_BEAR,8,8,2.25,2.25,1.25,False,3.7.0
2026-03-26 15:34:59-04:00,1774553699000,6532.25,True,False,-1,1,VWAP_TRIPLE_BEAR,9,8,2.25,2.25,1.25,False,3.7.0
2026-03-26 15:36:00-04:00,1774553760000,6532.0,True,False,-1,2,VWAP_TRIPLE_BEAR,6,8,2.25,2.25,1.25,False,3.7.0
2026-03-26 15:37:00-04:00,1774553820000,6532.0,True,False,-1,2,VWAP_TRIPLE_BEAR,6,8,2.25,2.25,1.25,False,3.7.0
2026-03-26 15:38:00-04:00,1774553880000,6530.5,True,False,0,4,VWAP_TRIPLE_BEAR,7,11,-7.0,2.25,1.25,False,3.7.0
2026-03-26 15:38:59-04:00,1774553939000,6530.25,True,False,0,3,VWAP_TRIPLE_BEAR,7,10,-7.25,2.25,1.25,False,3.7.0
2026-03-26 15:40:00-04:00,1774554000000,6531.75,True,False,-1,3,VWAP_TRIPLE_BEAR,6,9,2.25,2.25,1.25,False,3.7.0
2026-03-26 15:41:00-04:00,1774554060000,6530.25,True,False,-1,4,VWAP_TRIPLE_BEAR,5,9,2.25,2.25,1.25,False,3.7.0
2026-03-26 15:41:59-04:00,1774554119000,6530.5,True,False,-1,2,VWAP_TRIPLE_BEAR,6,8,2.25,2.25,1.25,False,3.7.0
2026-03-26 15:43:00-04:00,1774554180000,6528.0,True,False,-1,1,VWAP_TRIPLE_BEAR,8,7,2.25,2.25,1.25,False,3.7.0
2026-03-26 15:44:00-04:00,1774554240000,6526.75,True,False,1,1,VWAP_TRIPLE_BEAR,8,9,2.25,2.25,1.25,False,3.7.0
2026-03-26 15:44:59-04:00,1774554299000,6526.0,True,False,1,1,VWAP_TRIPLE_BEAR,10,9,2.25,2.25,1.25,False,3.7.0
2026-03-26 15:46:00-04:00,1774554360000,6527.0,True,False,0,1,VWAP_TRIPLE_BEAR,9,10,-3.75,2.25,1.25,False,3.7.0
2026-03-26 15:47:00-04:00,1774554420000,6525.75,True,False,1,1,VWAP_TRIPLE_BEAR,10,9,2.25,2.25,1.25,False,3.7.0
2026-03-26 15:47:59-04:00,1774554479000,6528.25,True,False,-1,3,VWAP_TRIPLE_BEAR,12,9,2.25,2.25,1.25,False,3.7.0
2026-03-26 15:49:00-04:00,1774554540000,6529.0,True,False,-1,2,VWAP_TRIPLE_BEAR,10,8,2.25,2.25,1.25,False,3.7.0
2026-03-26 15:50:00-04:00,1774554600000,6527.5,True,False,-1,4,VWAP_TRIPLE_BEAR,12,8,2.25,2.25,1.25,False,3.7.0
2026-03-26 15:50:59-04:00,1774554659000,6526.5,True,False,-1,2,VWAP_TRIPLE_BEAR,10,8,2.25,2.25,1.25,False,3.7.0
2026-03-26 15:52:00-04:00,1774554720000,6526.5,True,False,-1,1,VWAP_TRIPLE_BEAR,10,9,2.25,2.25,1.25,False,3.7.0
2026-03-26 15:53:00-04:00,1774554780000,6524.5,True,False,-1,3,VWAP_TRIPLE_BEAR,7,10,2.25,2.25,1.25,False,3.7.0
2026-03-26 15:54:00-04:00,1774554840000,6522.25,True,False,1,3,VWAP_TRIPLE_BEAR,8,11,2.25,2.25,1.25,False,3.7.0
2026-03-26 15:54:59-04:00,1774554899000,6524.75,True,False,0,1,VWAP_TRIPLE_BEAR,13,12,29.0,2.25,1.25,False,3.7.0
2026-03-26 15:56:00-04:00,1774554960000,6526.0,True,False,-1,1,VWAP_TRIPLE_BEAR,10,9,2.25,2.25,1.25,False,3.7.0
2026-03-26 15:57:00-04:00,1774555020000,6525.75,True,False,-1,0,VWAP_TRIPLE_BEAR,10,10,2.25,2.25,1.25,False,3.7.0
2026-03-26 15:57:59-04:00,1774555079000,6523.5,True,False,-1,1,VWAP_TRIPLE_BEAR,10,11,2.25,2.25,1.25,False,3.7.0
2026-03-26 15:59:00-04:00,1774555140000,6523.0,True,False,0,2,VWAP_TRIPLE_BEAR,10,12,22.5,2.25,1.25,False,3.7.0
2026-03-26 16:00:00-04:00,1774555200000,6524.25,True,False,-1,2,VWAP_TRIPLE_BEAR,10,12,2.25,2.25,1.25,False,3.7.0
2026-03-26 16:00:59-04:00,1774555259000,6522.5,True,False,-1,3,VWAP_TRIPLE_BEAR,7,10,2.25,2.25,1.25,False,3.7.0
2026-03-26 16:02:00-04:00,1774555320000,6520.75,True,False,-1,1,VWAP_TRIPLE_BEAR,10,11,2.25,2.25,1.25,False,3.7.0
2026-03-26 16:03:00-04:00,1774555380000,6518.5,True,False,1,1,VWAP_TRIPLE_BEAR,10,9,2.25,2.25,1.25,False,3.7.0
2026-03-26 16:03:59-04:00,1774555439000,6520.25,True,False,1,0,VWAP_TRIPLE_BEAR,10,10,2.25,2.25,1.25,False,3.7.0
2026-03-26 16:05:00-04:00,1774555500000,6523.25,True,False,1,1,VWAP_TRIPLE_BEAR,9,10,2.25,2.25,1.25,False,3.7.0
2026-03-26 16:06:00-04:00,1774555560000,6523.25,True,False,1,3,VWAP_TRIPLE_BEAR,7,10,2.25,2.25,1.25,False,3.7.0
2026-03-26 16:06:59-04:00,1774555619000,6522.75,True,False,1,2,VWAP_TRIPLE_BEAR,8,10,2.25,2.25,1.25,False,3.7.0
2026-03-26 16:08:00-04:00,1774555680000,6524.0,True,False,1,1,VWAP_TRIPLE_BEAR,10,11,2.25,2.25,1.25,False,3.7.0
2026-03-26 16:09:00-04:00,1774555740000,6525.0,True,False,1,0,VWAP_TRIPLE_BEAR,12,12,2.25,2.25,1.25,False,3.7.0
2026-03-26 16:10:00-04:00,1774555800000,6526.25,True,False,1,2,VWAP_TRIPLE_BEAR,12,10,2.25,2.25,1.25,False,3.7.0
2026-03-26 16:10:59-04:00,1774555859000,6587.5,True,False,-1,4,RVOL_SPIKE_BUY,12,8,2.25,2.25,1.25,False,3.7.0
2026-03-26 16:12:00-04:00,1774555920000,6562.25,True,False,-1,0,BN_LONG_DN,9,9,2.25,2.25,1.25,False,3.7.0
2026-03-26 16:13:00-04:00,1774555980000,6558.25,True,False,-1,1,BN_LONG_DN,9,8,2.25,2.25,1.25,False,3.7.0
2026-03-26 16:13:59-04:00,1774556039000,6554.25,True,False,-1,1,BN_LONG_DN,10,9,2.25,2.25,1.25,False,3.7.0
2026-03-26 16:15:00-04:00,1774556100000,6553.75,True,False,-1,2,CONFLUENCE_BUY,9,7,2.25,2.25,1.25,False,3.7.0
2026-03-26 16:16:00-04:00,1774556160000,6553.75,True,False,-1,3,CONFLUENCE_BUY,10,7,2.25,2.25,1.25,False,3.7.0
2026-03-26 16:16:59-04:00,1774556219000,6554.0,True,False,-1,1,BN_LONG_DN,9,8,2.25,2.25,1.25,False,3.7.0
2026-03-26 16:18:00-04:00,1774556280000,6552.75,True,False,-1,1,BN_LONG_DN,9,8,2.25,2.25,1.25,False,3.7.0
2026-03-26 16:19:00-04:00,1774556340000,6545.5,True,False,1,1,VAH_REJECTION,10,9,2.25,2.25,1.25,False,3.7.0
2026-03-26 16:19:59-04:00,1774556399000,6544.5,True,False,1,6,CONFLUENCE_BUY,12,6,2.25,2.25,1.25,False,3.7.0
2026-03-26 16:21:00-04:00,1774556460000,6548.75,True,False,-1,4,CONFLUENCE_BUY,12,8,2.25,2.25,1.25,False,3.7.0
2026-03-26 16:22:00-04:00,1774556520000,6546.5,True,False,1,1,VAH_REJECTION,9,10,2.25,2.25,1.25,False,3.7.0
2026-03-26 16:23:00-04:00,1774556580000,6549.5,True,False,-1,1,CONFLUENCE_SELL,8,9,2.25,2.25,1.25,False,3.7.0
2026-03-26 16:23:59-04:00,1774556639000,6543.25,True,False,-1,1,BN_LONG_DN,9,10,2.25,2.25,1.25,False,3.7.0
2026-03-26 16:25:00-04:00,1774556700000,6536.25,True,False,1,4,VWAP_TRIPLE_BEAR,7,11,2.25,2.25,1.25,False,3.7.0
2026-03-26 16:26:00-04:00,1774556760000,6538.75,True,False,1,1,VWAP_TRIPLE_BEAR,8,9,2.25,2.25,1.25,False,3.7.0
2026-03-26 16:26:59-04:00,1774556819000,6541.75,True,False,1,0,NONE,9,9,2.25,2.25,1.25,False,3.7.0
2026-03-26 16:28:00-04:00,1774556880000,6542.75,True,False,1,1,CONFLUENCE_SELL,8,9,2.25,2.25,1.25,False,3.7.0
2026-03-26 16:29:00-04:00,1774556940000,6546.25,True,False,1,1,VAH_REJECTION,9,8,2.25,2.25,1.25,False,3.7.0
2026-03-26 16:29:59-04:00,1774556999000,6546.25,True,False,1,2,BN_LONG_UP,10,8,2.25,2.25,1.25,False,3.7.0
2026-03-26 16:31:00-04:00,1774557060000,6548.75,True,False,0,1,CONFLUENCE_BUY,9,8,-4.0,2.25,1.25,False,3.7.0
2026-03-26 16:32:00-04:00,1774557120000,6549.5,True,False,-1,1,BN_LONG_DN,8,9,2.25,2.25,1.25,False,3.7.0
2026-03-26 16:32:59-04:00,1774557179000,6548.25,True,False,0,0,VAH_REJECTION,9,9,-6.25,2.25,1.25,False,3.7.0
2026-03-26 16:34:00-04:00,1774557240000,6547.0,True,False,1,1,VAH_REJECTION,9,8,2.25,2.25,1.25,False,3.7.0
2026-03-26 16:35:00-04:00,1774557300000,6548.25,True,False,1,0,VAH_REJECTION,8,8,2.25,2.25,1.25,False,3.7.0
2026-03-26 16:35:59-04:00,1774557359000,6549.75,True,False,1,1,CONFLUENCE_SELL,7,8,2.25,2.25,1.25,False,3.7.0
2026-03-26 16:37:00-04:00,1774557420000,6551.0,True,False,1,2,CONFLUENCE_BUY,9,7,2.25,2.25,1.25,False,3.7.0
2026-03-26 16:38:00-04:00,1774557480000,6552.75,True,False,-1,4,CONFLUENCE_BUY,10,6,2.25,2.25,1.25,False,3.7.0
2026-03-26 16:39:00-04:00,1774557540000,6553.25,True,False,-1,0,NONE,7,7,2.25,2.25,1.25,False,3.7.0
2026-03-26 16:39:59-04:00,1774557599000,6552.25,False,False,0,0,BN_LONG_DN,9,8,2.25,2.25,1.25,False,3.7.0
2026-03-26 16:41:00-04:00,1774557660000,6549.25,False,False,0,0,CONFLUENCE_SELL,8,9,2.25,2.25,1.25,False,3.7.0
2026-03-26 16:42:00-04:00,1774557720000,6548.75,False,False,0,0,NONE,8,8,2.25,2.25,1.25,False,3.7.0
2026-03-26 16:42:59-04:00,1774557779000,6549.75,False,False,0,0,BN_LONG_UP,9,8,2.25,2.25,1.25,False,3.7.0
2026-03-26 16:44:00-04:00,1774557840000,6549.5,False,False,0,0,CONFLUENCE_BUY,8,7,2.25,2.25,1.25,False,3.7.0
2026-03-26 16:45:00-04:00,1774557900000,6547.0,False,False,0,0,BN_LONG_DN,8,10,2.25,2.25,1.25,False,3.7.0
2026-03-26 16:45:59-04:00,1774557959000,6547.75,False,False,0,0,VAH_REJECTION,8,9,2.25,2.25,1.25,False,3.7.0
2026-03-26 16:47:00-04:00,1774558020000,6547.5,False,False,0,0,VAH_REJECTION,9,9,2.25,2.25,1.25,False,3.7.0
2026-03-26 16:48:00-04:00,1774558080000,6547.5,False,False,0,0,BN_LONG_UP,12,7,2.25,2.25,1.25,False,3.7.0
2026-03-26 16:48:59-04:00,1774558139000,6547.25,False,False,0,0,VAH_REJECTION,8,7,2.25,2.25,1.25,False,3.7.0
2026-03-26 16:50:00-04:00,1774558200000,6545.75,False,False,0,0,VAH_REJECTION,9,8,2.25,2.25,1.25,False,3.7.0
2026-03-26 16:51:00-04:00,1774558260000,6544.75,False,False,0,0,CONFLUENCE_BUY,9,7,2.25,2.25,1.25,False,3.7.0
2026-03-26 16:51:59-04:00,1774558319000,6545.0,False,False,0,0,CONFLUENCE_BUY,9,6,2.25,2.25,1.25,False,3.7.0
2026-03-26 16:53:00-04:00,1774558380000,6542.0,False,False,0,0,CONFLUENCE_SELL,9,10,-3.0,2.25,1.25,False,3.7.0
2026-03-26 16:54:00-04:00,1774558440000,6542.0,False,False,0,0,CONFLUENCE_BUY,10,7,-3.0,2.25,1.25,False,3.7.0
2026-03-26 16:55:00-04:00,1774558500000,6543.5,False,False,0,0,CONFLUENCE_BUY,12,5,2.25,2.25,1.25,False,3.7.0
2026-03-26 16:55:59-04:00,1774558559000,6543.0,False,False,0,0,CONFLUENCE_BUY,9,6,2.25,2.25,1.25,False,3.7.0
2026-03-26 16:57:00-04:00,1774558620000,6539.0,False,False,0,0,VWAP_TRIPLE_BEAR,6,10,2.25,2.25,1.25,False,3.7.0
2026-03-26 16:58:00-04:00,1774558680000,6536.0,False,False,0,0,VWAP_TRIPLE_BEAR,6,7,2.25,2.25,1.25,False,3.7.0
2026-03-26 16:58:59-04:00,1774558739000,6535.5,False,False,0,0,VWAP_TRIPLE_BEAR,7,7,2.25,2.25,1.25,False,3.7.0
2026-03-26 17:59:59-04:00,1774562399000,6539.0,False,False,0,0,VWAP_TRIPLE_BEAR,6,7,,2.25,1.25,False,3.7.0
