datetime_et,ts,price,valid_bar,partial_session,label,label_quality,setup_type,score_buy,score_sell,realized_pts,tp_pts,sl_pts,hl_mode,schema
2026-03-23 19:00:00-04:00,1774306800000,24241.5,False,False,0,0,VWAP_TRIPLE_BEAR,6,11,9.0,9.0,5.0,False,3.7.0
2026-03-23 19:00:59-04:00,1774306859000,24244.75,False,False,0,0,VWAP_TRIPLE_BEAR,5,9,15.75,9.0,5.0,False,3.7.0
2026-03-23 19:02:00-04:00,1774306920000,24247.75,False,False,0,0,VWAP_TRIPLE_BEAR,7,10,16.0,9.0,5.0,False,3.7.0
2026-03-23 19:03:00-04:00,1774306980000,24248.0,False,False,0,0,VWAP_TRIPLE_BEAR,5,9,17.5,9.0,5.0,False,3.7.0
2026-03-23 19:03:59-04:00,1774307039000,24244.0,False,False,0,0,VWAP_TRIPLE_BEAR,5,12,9.0,9.0,5.0,False,3.7.0
2026-03-23 19:05:00-04:00,1774307100000,24250.0,False,False,0,0,VWAP_TRIPLE_BEAR,5,9,9.0,9.0,5.0,False,3.7.0
2026-03-23 19:06:00-04:00,1774307160000,24247.5,False,False,0,0,VWAP_TRIPLE_BEAR,9,9,20.0,9.0,5.0,False,3.7.0
2026-03-23 19:06:59-04:00,1774307219000,24244.5,False,False,0,0,VWAP_TRIPLE_BEAR,6,10,9.0,9.0,5.0,False,3.7.0
2026-03-23 19:08:00-04:00,1774307280000,24239.75,False,False,0,0,VWAP_TRIPLE_BEAR,6,11,9.0,9.0,5.0,False,3.7.0
2026-03-23 19:09:00-04:00,1774307340000,24242.5,False,False,0,0,VWAP_TRIPLE_BEAR,5,10,9.0,9.0,5.0,False,3.7.0
2026-03-23 19:10:00-04:00,1774307400000,24246.0,False,False,0,0,VWAP_TRIPLE_BEAR,7,9,9.0,9.0,5.0,False,3.7.0
2026-03-23 19:10:59-04:00,1774307459000,24244.0,False,False,0,0,VWAP_TRIPLE_BEAR,6,8,9.0,9.0,5.0,False,3.7.0
2026-03-23 19:12:00-04:00,1774307520000,24246.25,False,False,0,0,VWAP_TRIPLE_BEAR,8,10,9.0,9.0,5.0,False,3.7.0
2026-03-23 19:13:00-04:00,1774307580000,24247.0,False,False,0,0,VWAP_TRIPLE_BEAR,9,9,9.0,9.0,5.0,False,3.7.0
2026-03-23 19:13:59-04:00,1774307639000,24248.5,False,False,0,0,VWAP_TRIPLE_BEAR,6,10,9.0,9.0,5.0,False,3.7.0
2026-03-23 19:15:00-04:00,1774307700000,24254.25,False,False,0,0,VWAP_TRIPLE_BEAR,11,8,9.0,9.0,5.0,False,3.7.0
2026-03-23 19:16:00-04:00,1774307760000,24260.75,False,False,0,0,VWAP_TRIPLE_BEAR,6,8,-26.5,9.0,5.0,False,3.7.0
2026-03-23 19:16:59-04:00,1774307819000,24258.5,False,False,0,0,VWAP_TRIPLE_BEAR,7,8,9.0,9.0,5.0,False,3.7.0
2026-03-23 19:18:00-04:00,1774307880000,24255.75,False,False,0,0,VWAP_TRIPLE_BEAR,5,12,9.0,9.0,5.0,False,3.7.0
2026-03-23 19:19:00-04:00,1774307940000,24254.25,False,False,0,0,VWAP_TRIPLE_BEAR,9,8,9.0,9.0,5.0,False,3.7.0
2026-03-23 19:19:59-04:00,1774307999000,24263.25,False,False,0,0,VWAP_TRIPLE_BEAR,10,7,9.0,9.0,5.0,False,3.7.0
2026-03-23 19:21:00-04:00,1774308060000,24260.5,False,False,0,0,VWAP_TRIPLE_BEAR,10,9,9.0,9.0,5.0,False,3.7.0
2026-03-23 19:22:00-04:00,1774308120000,24263.75,False,False,0,0,VWAP_TRIPLE_BEAR,7,7,9.0,9.0,5.0,False,3.7.0
2026-03-23 19:23:00-04:00,1774308180000,24265.5,False,False,0,0,VWAP_TRIPLE_BEAR,7,8,9.0,9.0,5.0,False,3.7.0
2026-03-23 19:23:59-04:00,1774308239000,24265.0,False,False,0,0,VWAP_TRIPLE_BEAR,6,11,9.0,9.0,5.0,False,3.7.0
2026-03-23 19:25:00-04:00,1774308300000,24262.0,False,False,0,0,VWAP_TRIPLE_BEAR,5,12,9.0,9.0,5.0,False,3.7.0
2026-03-23 19:26:00-04:00,1774308360000,24267.5,False,False,0,0,VWAP_TRIPLE_BEAR,8,8,9.0,9.0,5.0,False,3.7.0
2026-03-23 19:26:59-04:00,1774308419000,24271.5,False,False,0,0,VWAP_TRIPLE_BEAR,9,8,-0.75,9.0,5.0,False,3.7.0
2026-03-23 19:28:00-04:00,1774308480000,24280.0,False,False,0,0,VWAP_TRIPLE_BEAR,9,7,9.0,9.0,5.0,False,3.7.0
2026-03-23 19:29:00-04:00,1774308540000,24274.0,False,False,0,0,VWAP_TRIPLE_BEAR,8,13,9.0,9.0,5.0,False,3.7.0
2026-03-23 19:29:59-04:00,1774308599000,24253.0,False,False,0,0,VWAP_TRIPLE_BEAR,8,12,9.0,9.0,5.0,False,3.7.0
2026-03-23 19:31:00-04:00,1774308660000,24241.0,False,False,0,0,VWAP_TRIPLE_BEAR,5,11,9.0,9.0,5.0,False,3.7.0
2026-03-23 19:32:00-04:00,1774308720000,24245.25,False,False,0,0,VWAP_TRIPLE_BEAR,6,9,9.0,9.0,5.0,False,3.7.0
2026-03-23 19:32:59-04:00,1774308779000,24244.25,False,False,0,0,VWAP_TRIPLE_BEAR,6,8,9.0,9.0,5.0,False,3.7.0
2026-03-23 19:34:00-04:00,1774308840000,24239.0,False,False,0,0,VWAP_TRIPLE_BEAR,8,8,31.0,9.0,5.0,False,3.7.0
2026-03-23 19:35:00-04:00,1774308900000,24231.0,False,False,0,0,VWAP_TRIPLE_BEAR,7,11,9.0,9.0,5.0,False,3.7.0
2026-03-23 19:35:59-04:00,1774308959000,24234.25,False,False,0,0,VWAP_TRIPLE_BEAR,11,8,9.0,9.0,5.0,False,3.7.0
2026-03-23 19:37:00-04:00,1774309020000,24241.25,False,False,0,0,VWAP_TRIPLE_BEAR,11,7,9.0,9.0,5.0,False,3.7.0
2026-03-23 19:38:00-04:00,1774309080000,24252.0,False,False,0,0,VWAP_TRIPLE_BEAR,10,7,9.0,9.0,5.0,False,3.7.0
2026-03-23 19:39:00-04:00,1774309140000,24261.25,False,False,0,0,VWAP_TRIPLE_BEAR,13,7,9.0,9.0,5.0,False,3.7.0
2026-03-23 19:39:59-04:00,1774309199000,24267.75,False,False,0,0,VWAP_TRIPLE_BEAR,7,6,9.0,9.0,5.0,False,3.7.0
2026-03-23 19:41:00-04:00,1774309260000,24271.75,False,False,0,0,VWAP_TRIPLE_BEAR,10,7,9.0,9.0,5.0,False,3.7.0
2026-03-23 19:42:00-04:00,1774309320000,24264.0,False,False,0,0,VWAP_TRIPLE_BEAR,6,8,20.5,9.0,5.0,False,3.7.0
2026-03-23 19:42:59-04:00,1774309379000,24260.5,False,False,0,0,VWAP_TRIPLE_BEAR,7,8,9.0,9.0,5.0,False,3.7.0
2026-03-23 19:44:00-04:00,1774309440000,24262.5,False,False,0,0,VWAP_TRIPLE_BEAR,6,8,26.25,9.0,5.0,False,3.7.0
2026-03-23 19:45:00-04:00,1774309500000,24259.75,False,False,0,0,VWAP_TRIPLE_BEAR,7,10,9.0,9.0,5.0,False,3.7.0
2026-03-23 19:45:59-04:00,1774309559000,24264.0,False,False,0,0,VWAP_TRIPLE_BEAR,9,7,29.25,9.0,5.0,False,3.7.0
2026-03-23 19:47:00-04:00,1774309620000,24270.75,False,False,0,0,VWAP_TRIPLE_BEAR,10,7,9.0,9.0,5.0,False,3.7.0
2026-03-23 19:48:00-04:00,1774309680000,24266.0,False,False,0,0,VWAP_TRIPLE_BEAR,6,7,9.0,9.0,5.0,False,3.7.0
2026-03-23 19:48:59-04:00,1774309739000,24263.5,False,False,0,0,VWAP_TRIPLE_BEAR,8,7,34.0,9.0,5.0,False,3.7.0
2026-03-23 19:50:00-04:00,1774309800000,24259.25,False,False,0,0,VWAP_TRIPLE_BEAR,7,8,9.0,9.0,5.0,False,3.7.0
2026-03-23 19:51:00-04:00,1774309860000,24257.0,False,False,0,0,VWAP_TRIPLE_BEAR,8,6,9.0,9.0,5.0,False,3.7.0
2026-03-23 19:51:59-04:00,1774309919000,24261.25,False,False,0,0,VWAP_TRIPLE_BEAR,10,8,9.0,9.0,5.0,False,3.7.0
2026-03-23 19:53:00-04:00,1774309980000,24259.0,False,False,0,0,VWAP_TRIPLE_BEAR,8,10,9.0,9.0,5.0,False,3.7.0
2026-03-23 19:54:00-04:00,1774310040000,24270.0,False,False,0,0,VWAP_TRIPLE_BEAR,9,6,9.0,9.0,5.0,False,3.7.0
2026-03-23 19:55:00-04:00,1774310100000,24267.0,False,False,0,0,VWAP_TRIPLE_BEAR,10,6,9.0,9.0,5.0,False,3.7.0
2026-03-23 19:55:59-04:00,1774310159000,24274.25,False,False,0,0,VWAP_TRIPLE_BEAR,8,6,9.0,9.0,5.0,False,3.7.0
2026-03-23 19:57:00-04:00,1774310220000,24270.5,False,False,0,0,VWAP_TRIPLE_BEAR,6,9,9.0,9.0,5.0,False,3.7.0
2026-03-23 19:58:00-04:00,1774310280000,24274.75,False,False,0,0,VWAP_TRIPLE_BEAR,8,6,9.0,9.0,5.0,False,3.7.0
2026-03-23 19:58:59-04:00,1774310339000,24277.0,False,False,0,0,VWAP_TRIPLE_BEAR,6,6,9.0,9.0,5.0,False,3.7.0
2026-03-23 20:00:00-04:00,1774310400000,24283.0,False,False,0,0,VWAP_TRIPLE_BEAR,11,6,9.0,9.0,5.0,False,3.7.0
2026-03-23 20:01:00-04:00,1774310460000,24285.0,False,False,0,0,VWAP_TRIPLE_BEAR,8,6,9.0,9.0,5.0,False,3.7.0
2026-03-23 20:01:59-04:00,1774310519000,24284.5,False,False,0,0,VWAP_TRIPLE_BEAR,7,6,9.0,9.0,5.0,False,3.7.0
2026-03-23 20:03:00-04:00,1774310580000,24288.75,False,False,0,0,VWAP_TRIPLE_BEAR,8,6,9.0,9.0,5.0,False,3.7.0
2026-03-23 20:04:00-04:00,1774310640000,24288.75,False,False,0,0,VWAP_TRIPLE_BEAR,6,6,9.0,9.0,5.0,False,3.7.0
2026-03-23 20:04:59-04:00,1774310699000,24297.5,False,False,0,0,VWAP_TRIPLE_BEAR,11,6,9.0,9.0,5.0,False,3.7.0
2026-03-23 20:06:00-04:00,1774310760000,24293.25,False,False,0,0,VWAP_TRIPLE_BEAR,8,10,-33.0,9.0,5.0,False,3.7.0
2026-03-23 20:07:00-04:00,1774310820000,24289.5,False,False,0,0,VWAP_TRIPLE_BEAR,6,7,9.0,9.0,5.0,False,3.7.0
2026-03-23 20:08:00-04:00,1774310880000,24293.25,False,False,0,0,VWAP_TRIPLE_BEAR,6,7,-33.5,9.0,5.0,False,3.7.0
2026-03-23 20:08:59-04:00,1774310939000,24297.5,False,False,0,0,VWAP_TRIPLE_BEAR,6,6,9.0,9.0,5.0,False,3.7.0
2026-03-23 20:10:00-04:00,1774311000000,24301.75,False,False,0,0,VWAP_TRIPLE_BEAR,11,6,9.0,9.0,5.0,False,3.7.0
2026-03-23 20:11:00-04:00,1774311060000,24298.25,False,False,0,0,VWAP_TRIPLE_BEAR,6,7,9.0,9.0,5.0,False,3.7.0
2026-03-23 20:11:59-04:00,1774311119000,24289.0,False,False,0,0,VWAP_TRIPLE_BEAR,7,8,-39.0,9.0,5.0,False,3.7.0
2026-03-23 20:13:00-04:00,1774311180000,24293.5,False,False,0,0,VWAP_TRIPLE_BEAR,9,6,9.0,9.0,5.0,False,3.7.0
2026-03-23 20:14:00-04:00,1774311240000,24295.75,False,False,0,0,VWAP_TRIPLE_BEAR,6,8,9.0,9.0,5.0,False,3.7.0
2026-03-23 20:14:59-04:00,1774311299000,24286.25,False,False,0,0,VWAP_TRIPLE_BEAR,7,10,9.0,9.0,5.0,False,3.7.0
2026-03-23 20:16:00-04:00,1774311360000,24280.5,False,False,0,0,VWAP_TRIPLE_BEAR,7,8,9.0,9.0,5.0,False,3.7.0
2026-03-23 20:17:00-04:00,1774311420000,24276.5,False,False,0,0,VWAP_TRIPLE_BEAR,6,10,9.0,9.0,5.0,False,3.7.0
2026-03-23 20:17:59-04:00,1774311479000,24279.0,False,False,0,0,VWAP_TRIPLE_BEAR,9,6,9.0,9.0,5.0,False,3.7.0
2026-03-23 20:19:00-04:00,1774311540000,24279.0,False,False,0,0,VWAP_TRIPLE_BEAR,7,6,9.0,9.0,5.0,False,3.7.0
2026-03-23 20:20:00-04:00,1774311600000,24279.75,False,False,0,0,VWAP_TRIPLE_BEAR,9,6,9.0,9.0,5.0,False,3.7.0
2026-03-23 20:20:59-04:00,1774311659000,24274.75,False,False,0,0,VWAP_TRIPLE_BEAR,5,9,9.0,9.0,5.0,False,3.7.0
2026-03-23 20:22:00-04:00,1774311720000,24264.75,False,False,0,0,VWAP_TRIPLE_BEAR,5,9,-18.25,9.0,5.0,False,3.7.0
2026-03-23 20:23:00-04:00,1774311780000,24270.5,False,False,0,0,VWAP_TRIPLE_BEAR,8,8,9.0,9.0,5.0,False,3.7.0
2026-03-23 20:24:00-04:00,1774311840000,24267.5,False,False,0,0,VWAP_TRIPLE_BEAR,5,7,9.0,9.0,5.0,False,3.7.0
2026-03-23 20:24:59-04:00,1774311899000,24259.75,False,False,0,0,VWAP_TRIPLE_BEAR,5,10,9.0,9.0,5.0,False,3.7.0
2026-03-23 20:26:00-04:00,1774311960000,24260.25,False,False,0,0,VWAP_TRIPLE_BEAR,6,7,9.0,9.0,5.0,False,3.7.0
2026-03-23 20:27:00-04:00,1774312020000,24258.5,False,False,0,0,VWAP_TRIPLE_BEAR,5,9,9.0,9.0,5.0,False,3.7.0
2026-03-23 20:27:59-04:00,1774312079000,24259.75,False,False,0,0,VWAP_TRIPLE_BEAR,8,7,9.0,9.0,5.0,False,3.7.0
2026-03-23 20:29:00-04:00,1774312140000,24259.0,False,False,0,0,VWAP_TRIPLE_BEAR,7,7,9.0,9.0,5.0,False,3.7.0
2026-03-23 20:30:00-04:00,1774312200000,24261.75,False,False,0,0,VWAP_TRIPLE_BEAR,7,9,9.0,9.0,5.0,False,3.7.0
2026-03-23 20:30:59-04:00,1774312259000,24248.5,False,False,0,0,VWAP_TRIPLE_BEAR,6,12,9.0,9.0,5.0,False,3.7.0
2026-03-23 20:32:00-04:00,1774312320000,24250.0,False,False,0,0,VWAP_TRIPLE_BEAR,9,9,21.25,9.0,5.0,False,3.7.0
2026-03-23 20:33:00-04:00,1774312380000,24248.5,False,False,0,0,VWAP_TRIPLE_BEAR,8,8,9.0,9.0,5.0,False,3.7.0
2026-03-23 20:33:59-04:00,1774312439000,24253.25,False,False,0,0,VWAP_TRIPLE_BEAR,7,8,12.0,9.0,5.0,False,3.7.0
2026-03-23 20:35:00-04:00,1774312500000,24249.5,False,False,0,0,VWAP_TRIPLE_BEAR,6,11,9.0,9.0,5.0,False,3.7.0
2026-03-23 20:36:00-04:00,1774312560000,24251.75,False,False,0,0,VWAP_TRIPLE_BEAR,8,7,1.5,9.0,5.0,False,3.7.0
2026-03-23 20:36:59-04:00,1774312619000,24250.75,False,False,0,0,VWAP_TRIPLE_BEAR,9,7,4.25,9.0,5.0,False,3.7.0
2026-03-23 20:38:00-04:00,1774312680000,24248.25,False,False,0,0,VWAP_TRIPLE_BEAR,6,8,9.0,9.0,5.0,False,3.7.0
2026-03-23 20:39:00-04:00,1774312740000,24248.0,False,False,0,0,VWAP_TRIPLE_BEAR,7,8,9.0,9.0,5.0,False,3.7.0
2026-03-23 20:40:00-04:00,1774312800000,24245.25,False,False,0,0,VWAP_TRIPLE_BEAR,6,11,9.0,9.0,5.0,False,3.7.0
2026-03-23 20:40:59-04:00,1774312859000,24246.5,False,False,0,0,VWAP_TRIPLE_BEAR,9,8,9.0,9.0,5.0,False,3.7.0
2026-03-23 20:42:00-04:00,1774312920000,24246.5,False,False,0,0,VWAP_TRIPLE_BEAR,6,12,9.0,9.0,5.0,False,3.7.0
2026-03-23 20:43:00-04:00,1774312980000,24250.0,False,False,0,0,VWAP_TRIPLE_BEAR,5,8,-18.5,9.0,5.0,False,3.7.0
2026-03-23 20:43:59-04:00,1774313039000,24245.0,False,False,0,0,VWAP_TRIPLE_BEAR,6,7,9.0,9.0,5.0,False,3.7.0
2026-03-23 20:45:00-04:00,1774313100000,24253.5,False,False,0,0,VWAP_TRIPLE_BEAR,13,8,9.0,9.0,5.0,False,3.7.0
2026-03-23 20:46:00-04:00,1774313160000,24252.75,False,False,0,0,VWAP_TRIPLE_BEAR,12,8,9.0,9.0,5.0,False,3.7.0
2026-03-23 20:46:59-04:00,1774313219000,24261.0,False,False,0,0,VWAP_TRIPLE_BEAR,10,8,9.0,9.0,5.0,False,3.7.0
2026-03-23 20:48:00-04:00,1774313280000,24265.0,False,False,0,0,VWAP_TRIPLE_BEAR,5,7,-43.75,9.0,5.0,False,3.7.0
2026-03-23 20:49:00-04:00,1774313340000,24261.25,False,False,0,0,VWAP_TRIPLE_BEAR,6,9,9.0,9.0,5.0,False,3.7.0
2026-03-23 20:49:59-04:00,1774313399000,24258.5,False,False,0,0,VWAP_TRIPLE_BEAR,6,8,9.0,9.0,5.0,False,3.7.0
2026-03-23 20:51:00-04:00,1774313460000,24266.0,False,False,0,0,VWAP_TRIPLE_BEAR,8,8,-52.25,9.0,5.0,False,3.7.0
2026-03-23 20:52:00-04:00,1774313520000,24271.25,False,False,0,0,VWAP_TRIPLE_BEAR,8,7,9.0,9.0,5.0,False,3.7.0
2026-03-23 20:53:00-04:00,1774313580000,24268.5,False,False,0,0,VWAP_TRIPLE_BEAR,6,7,9.0,9.0,5.0,False,3.7.0
2026-03-23 20:53:59-04:00,1774313639000,24265.25,False,False,0,0,VWAP_TRIPLE_BEAR,7,7,9.0,9.0,5.0,False,3.7.0
2026-03-23 20:55:00-04:00,1774313700000,24264.75,False,False,0,0,VWAP_TRIPLE_BEAR,5,9,9.0,9.0,5.0,False,3.7.0
2026-03-23 20:56:00-04:00,1774313760000,24253.25,False,False,0,0,VWAP_TRIPLE_BEAR,7,11,9.0,9.0,5.0,False,3.7.0
2026-03-23 20:56:59-04:00,1774313819000,24255.0,False,False,0,0,VWAP_TRIPLE_BEAR,6,8,9.0,9.0,5.0,False,3.7.0
2026-03-23 20:58:00-04:00,1774313880000,24254.0,False,False,0,0,VWAP_TRIPLE_BEAR,10,8,9.0,9.0,5.0,False,3.7.0
2026-03-23 20:59:00-04:00,1774313940000,24256.5,False,False,0,0,VWAP_TRIPLE_BEAR,9,7,9.0,9.0,5.0,False,3.7.0
2026-03-23 20:59:59-04:00,1774313999000,24252.25,False,False,0,0,VWAP_TRIPLE_BEAR,9,7,9.0,9.0,5.0,False,3.7.0
2026-03-23 21:01:00-04:00,1774314060000,24237.75,False,False,0,0,VWAP_TRIPLE_BEAR,6,13,12.5,9.0,5.0,False,3.7.0
2026-03-23 21:02:00-04:00,1774314120000,24243.25,False,False,0,0,VWAP_TRIPLE_BEAR,6,9,9.0,9.0,5.0,False,3.7.0
2026-03-23 21:02:59-04:00,1774314179000,24231.5,False,False,0,0,VWAP_TRIPLE_BEAR,7,9,9.0,9.0,5.0,False,3.7.0
2026-03-23 21:04:00-04:00,1774314240000,24230.0,False,False,0,0,VWAP_TRIPLE_BEAR,6,9,9.0,9.0,5.0,False,3.7.0
2026-03-23 21:05:00-04:00,1774314300000,24221.5,False,False,0,0,VWAP_TRIPLE_BEAR,8,10,9.0,9.0,5.0,False,3.7.0
2026-03-23 21:05:59-04:00,1774314359000,24222.5,False,False,0,0,VWAP_TRIPLE_BEAR,9,9,9.0,9.0,5.0,False,3.7.0
2026-03-23 21:07:00-04:00,1774314420000,24224.75,False,False,0,0,VWAP_TRIPLE_BEAR,7,9,9.0,9.0,5.0,False,3.7.0
2026-03-23 21:08:00-04:00,1774314480000,24221.25,False,False,0,0,VWAP_TRIPLE_BEAR,11,7,9.0,9.0,5.0,False,3.7.0
2026-03-23 21:09:00-04:00,1774314540000,24209.75,False,False,0,0,VWAP_TRIPLE_BEAR,6,10,9.0,9.0,5.0,False,3.7.0
2026-03-23 21:09:59-04:00,1774314599000,24208.75,False,False,0,0,VWAP_TRIPLE_BEAR,8,7,9.0,9.0,5.0,False,3.7.0
2026-03-23 21:11:00-04:00,1774314660000,24213.75,False,False,0,0,VWAP_TRIPLE_BEAR,9,7,9.0,9.0,5.0,False,3.7.0
2026-03-23 21:12:00-04:00,1774314720000,24234.75,False,False,0,0,VWAP_TRIPLE_BEAR,11,7,9.0,9.0,5.0,False,3.7.0
2026-03-23 21:12:59-04:00,1774314779000,24237.0,False,False,0,0,VWAP_TRIPLE_BEAR,8,7,-25.25,9.0,5.0,False,3.7.0
2026-03-23 21:14:00-04:00,1774314840000,24233.0,False,False,0,0,VWAP_TRIPLE_BEAR,7,8,9.0,9.0,5.0,False,3.7.0
2026-03-23 21:15:00-04:00,1774314900000,24232.0,False,False,0,0,VWAP_TRIPLE_BEAR,8,8,9.0,9.0,5.0,False,3.7.0
2026-03-23 21:15:59-04:00,1774314959000,24237.5,False,False,0,0,VWAP_TRIPLE_BEAR,8,7,9.0,9.0,5.0,False,3.7.0
2026-03-23 21:17:00-04:00,1774315020000,24238.0,False,False,0,0,VWAP_TRIPLE_BEAR,10,7,9.0,9.0,5.0,False,3.7.0
2026-03-23 21:18:00-04:00,1774315080000,24304.5,False,False,0,0,VWAP_TRIPLE_BEAR,13,7,9.0,9.0,5.0,False,3.7.0
2026-03-23 21:18:59-04:00,1774315139000,24262.75,False,False,0,0,VWAP_TRIPLE_BEAR,8,12,9.0,9.0,5.0,False,3.7.0
2026-03-23 21:20:00-04:00,1774315200000,24267.25,False,False,0,0,VWAP_TRIPLE_BEAR,9,7,9.0,9.0,5.0,False,3.7.0
2026-03-23 21:21:00-04:00,1774315260000,24250.25,False,False,0,0,VWAP_TRIPLE_BEAR,8,6,9.0,9.0,5.0,False,3.7.0
2026-03-23 21:21:59-04:00,1774315319000,24225.5,False,False,0,0,VWAP_TRIPLE_BEAR,7,9,9.0,9.0,5.0,False,3.7.0
2026-03-23 21:23:00-04:00,1774315380000,24246.0,False,False,0,0,VWAP_TRIPLE_BEAR,10,7,9.0,9.0,5.0,False,3.7.0
2026-03-23 21:24:00-04:00,1774315440000,24234.0,False,False,0,0,VWAP_TRIPLE_BEAR,6,11,9.0,9.0,5.0,False,3.7.0
2026-03-23 21:25:00-04:00,1774315500000,24232.0,False,False,0,0,VWAP_TRIPLE_BEAR,8,7,9.0,9.0,5.0,False,3.7.0
2026-03-23 21:25:59-04:00,1774315559000,24228.5,False,False,0,0,VWAP_TRIPLE_BEAR,6,8,9.0,9.0,5.0,False,3.7.0
2026-03-23 21:27:00-04:00,1774315620000,24221.25,False,False,0,0,VWAP_TRIPLE_BEAR,7,9,9.0,9.0,5.0,False,3.7.0
2026-03-23 21:28:00-04:00,1774315680000,24195.25,False,False,0,0,VWAP_TRIPLE_BEAR,8,11,9.0,9.0,5.0,False,3.7.0
2026-03-23 21:28:59-04:00,1774315739000,24198.25,False,False,0,0,VWAP_TRIPLE_BEAR,10,7,9.0,9.0,5.0,False,3.7.0
2026-03-23 21:30:00-04:00,1774315800000,24198.0,False,False,0,0,VWAP_TRIPLE_BEAR,7,8,9.0,9.0,5.0,False,3.7.0
2026-03-23 21:31:00-04:00,1774315860000,24216.25,False,False,0,0,VWAP_TRIPLE_BEAR,10,7,38.25,9.0,5.0,False,3.7.0
2026-03-23 21:31:59-04:00,1774315919000,24208.25,False,False,0,0,VWAP_TRIPLE_BEAR,8,7,9.0,9.0,5.0,False,3.7.0
2026-03-23 21:33:00-04:00,1774315980000,24211.75,False,False,0,0,VWAP_TRIPLE_BEAR,8,8,9.0,9.0,5.0,False,3.7.0
2026-03-23 21:34:00-04:00,1774316040000,24223.0,False,False,0,0,VWAP_TRIPLE_BEAR,11,7,9.0,9.0,5.0,False,3.7.0
2026-03-23 21:34:59-04:00,1774316099000,24223.75,False,False,0,0,VWAP_TRIPLE_BEAR,7,8,9.0,9.0,5.0,False,3.7.0
2026-03-23 21:36:00-04:00,1774316160000,24219.75,False,False,0,0,VWAP_TRIPLE_BEAR,7,9,9.0,9.0,5.0,False,3.7.0
2026-03-23 21:37:00-04:00,1774316220000,24226.5,False,False,0,0,VWAP_TRIPLE_BEAR,11,8,9.0,9.0,5.0,False,3.7.0
2026-03-23 21:38:00-04:00,1774316280000,24236.0,False,False,0,0,VWAP_TRIPLE_BEAR,8,7,9.0,9.0,5.0,False,3.7.0
2026-03-23 21:38:59-04:00,1774316339000,24235.25,False,False,0,0,VWAP_TRIPLE_BEAR,8,8,9.0,9.0,5.0,False,3.7.0
2026-03-23 21:40:00-04:00,1774316400000,24252.0,False,False,0,0,VWAP_TRIPLE_BEAR,10,6,9.0,9.0,5.0,False,3.7.0
2026-03-23 21:41:00-04:00,1774316460000,24261.75,False,False,0,0,VWAP_TRIPLE_BEAR,8,7,9.75,9.0,5.0,False,3.7.0
2026-03-23 21:41:59-04:00,1774316519000,24262.75,False,False,0,0,VWAP_TRIPLE_BEAR,6,6,9.0,9.0,5.0,False,3.7.0
2026-03-23 21:43:00-04:00,1774316580000,24257.5,False,False,0,0,VWAP_TRIPLE_BEAR,6,7,9.0,9.0,5.0,False,3.7.0
2026-03-23 21:44:00-04:00,1774316640000,24253.25,False,False,0,0,VWAP_TRIPLE_BEAR,7,6,9.0,9.0,5.0,False,3.7.0
2026-03-23 21:44:59-04:00,1774316699000,24260.75,False,False,0,0,VWAP_TRIPLE_BEAR,9,8,35.25,9.0,5.0,False,3.7.0
2026-03-23 21:46:00-04:00,1774316760000,24264.0,False,False,0,0,VWAP_TRIPLE_BEAR,10,6,9.0,9.0,5.0,False,3.7.0
2026-03-23 21:47:00-04:00,1774316820000,24262.0,False,False,0,0,VWAP_TRIPLE_BEAR,7,8,23.0,9.0,5.0,False,3.7.0
2026-03-23 21:47:59-04:00,1774316879000,24258.75,False,False,0,0,VWAP_TRIPLE_BEAR,10,7,9.0,9.0,5.0,False,3.7.0
2026-03-23 21:49:00-04:00,1774316940000,24257.25,False,False,0,0,VWAP_TRIPLE_BEAR,7,6,9.0,9.0,5.0,False,3.7.0
2026-03-23 21:50:00-04:00,1774317000000,24261.75,False,False,0,0,VWAP_TRIPLE_BEAR,9,8,34.0,9.0,5.0,False,3.7.0
2026-03-23 21:50:59-04:00,1774317059000,24254.5,False,False,0,0,VWAP_TRIPLE_BEAR,8,6,9.0,9.0,5.0,False,3.7.0
2026-03-23 21:52:00-04:00,1774317120000,24265.75,False,False,0,0,VWAP_TRIPLE_BEAR,9,6,18.5,9.0,5.0,False,3.7.0
2026-03-23 21:53:00-04:00,1774317180000,24261.0,False,False,0,0,VWAP_TRIPLE_BEAR,8,8,9.0,9.0,5.0,False,3.7.0
2026-03-23 21:54:00-04:00,1774317240000,24262.0,False,False,0,0,VWAP_TRIPLE_BEAR,7,7,9.0,9.0,5.0,False,3.7.0
2026-03-23 21:54:59-04:00,1774317299000,24258.25,False,False,0,0,VWAP_TRIPLE_BEAR,7,8,9.0,9.0,5.0,False,3.7.0
2026-03-23 21:56:00-04:00,1774317360000,24257.25,False,False,0,0,VWAP_TRIPLE_BEAR,7,7,9.0,9.0,5.0,False,3.7.0
2026-03-23 21:57:00-04:00,1774317420000,24260.25,False,False,0,0,VWAP_TRIPLE_BEAR,7,7,9.0,9.0,5.0,False,3.7.0
2026-03-23 21:57:59-04:00,1774317479000,24258.75,False,False,0,0,VWAP_TRIPLE_BEAR,8,8,9.0,9.0,5.0,False,3.7.0
2026-03-23 21:59:00-04:00,1774317540000,24262.5,False,False,0,0,VWAP_TRIPLE_BEAR,7,6,9.0,9.0,5.0,False,3.7.0
2026-03-23 22:00:00-04:00,1774317600000,24267.5,False,False,0,0,VWAP_TRIPLE_BEAR,8,6,9.0,9.0,5.0,False,3.7.0
2026-03-23 22:00:59-04:00,1774317659000,24271.5,False,False,0,0,VWAP_TRIPLE_BEAR,7,8,9.0,9.0,5.0,False,3.7.0
2026-03-23 22:02:00-04:00,1774317720000,24292.0,False,False,0,0,VWAP_TRIPLE_BEAR,9,6,9.0,9.0,5.0,False,3.7.0
2026-03-23 22:03:00-04:00,1774317780000,24282.5,False,False,0,0,VWAP_TRIPLE_BEAR,5,8,9.0,9.0,5.0,False,3.7.0
2026-03-23 22:03:59-04:00,1774317839000,24283.5,False,False,0,0,VWAP_TRIPLE_BEAR,5,8,9.0,9.0,5.0,False,3.7.0
2026-03-23 22:05:00-04:00,1774317900000,24296.0,False,False,0,0,VWAP_TRIPLE_BEAR,9,6,9.0,9.0,5.0,False,3.7.0
2026-03-23 22:06:00-04:00,1774317960000,24290.25,False,False,0,0,VWAP_TRIPLE_BEAR,6,8,41.75,9.0,5.0,False,3.7.0
2026-03-23 22:06:59-04:00,1774318019000,24285.0,False,False,0,0,VWAP_TRIPLE_BEAR,6,8,9.0,9.0,5.0,False,3.7.0
2026-03-23 22:08:00-04:00,1774318080000,24288.5,False,False,0,0,VWAP_TRIPLE_BEAR,6,7,34.5,9.0,5.0,False,3.7.0
2026-03-23 22:09:00-04:00,1774318140000,24293.0,False,False,0,0,VWAP_TRIPLE_BEAR,9,7,9.0,9.0,5.0,False,3.7.0
2026-03-23 22:10:00-04:00,1774318200000,24295.75,False,False,0,0,VWAP_TRIPLE_BEAR,8,6,9.0,9.0,5.0,False,3.7.0
2026-03-23 22:10:59-04:00,1774318259000,24288.25,False,False,0,0,VWAP_TRIPLE_BEAR,7,9,40.5,9.0,5.0,False,3.7.0
2026-03-23 22:12:00-04:00,1774318320000,24284.25,False,False,0,0,VWAP_TRIPLE_BEAR,7,9,9.0,9.0,5.0,False,3.7.0
2026-03-23 22:13:00-04:00,1774318380000,24282.0,False,False,0,0,VWAP_TRIPLE_BEAR,6,10,9.0,9.0,5.0,False,3.7.0
2026-03-23 22:13:59-04:00,1774318439000,24293.75,False,False,0,0,VWAP_TRIPLE_BEAR,9,7,9.0,9.0,5.0,False,3.7.0
2026-03-23 22:15:00-04:00,1774318500000,24295.0,False,False,0,0,VWAP_TRIPLE_BEAR,7,7,9.0,9.0,5.0,False,3.7.0
2026-03-23 22:16:00-04:00,1774318560000,24300.25,False,False,0,0,VWAP_TRIPLE_BEAR,10,7,9.0,9.0,5.0,False,3.7.0
2026-03-23 22:16:59-04:00,1774318619000,24305.0,False,False,0,0,VWAP_TRIPLE_BEAR,8,6,9.0,9.0,5.0,False,3.7.0
2026-03-23 22:18:00-04:00,1774318680000,24307.25,False,False,0,0,VWAP_TRIPLE_BEAR,6,8,9.0,9.0,5.0,False,3.7.0
2026-03-23 22:19:00-04:00,1774318740000,24304.25,False,False,0,0,VWAP_TRIPLE_BEAR,6,6,9.0,9.0,5.0,False,3.7.0
2026-03-23 22:19:59-04:00,1774318799000,24307.5,False,False,0,0,VWAP_TRIPLE_BEAR,7,7,9.0,9.0,5.0,False,3.7.0
2026-03-23 22:21:00-04:00,1774318860000,24310.5,False,False,0,0,VWAP_TRIPLE_BEAR,9,5,9.0,9.0,5.0,False,3.7.0
2026-03-23 22:22:00-04:00,1774318920000,24321.0,False,False,0,0,VWAP_TRIPLE_BEAR,9,7,9.0,9.0,5.0,False,3.7.0
2026-03-23 22:23:00-04:00,1774318980000,24320.5,False,False,0,0,VWAP_TRIPLE_BEAR,6,8,9.0,9.0,5.0,False,3.7.0
2026-03-23 22:23:59-04:00,1774319039000,24319.25,False,False,0,0,VWAP_TRIPLE_BEAR,5,9,9.0,9.0,5.0,False,3.7.0
2026-03-23 22:25:00-04:00,1774319100000,24344.5,False,False,0,0,RVOL_SPIKE_BUY,12,5,9.0,9.0,5.0,False,3.7.0
2026-03-23 22:26:00-04:00,1774319160000,24332.0,False,False,0,0,BN_LONG_UP,8,6,9.0,9.0,5.0,False,3.7.0
2026-03-23 22:26:59-04:00,1774319219000,24334.5,False,False,0,0,BN_LONG_UP,9,5,9.0,9.0,5.0,False,3.7.0
2026-03-23 22:28:00-04:00,1774319280000,24323.0,False,False,0,0,BN_LONG_DN,7,8,9.0,9.0,5.0,False,3.7.0
2026-03-23 22:29:00-04:00,1774319340000,24323.5,False,False,0,0,BN_LONG_UP,9,3,9.0,9.0,5.0,False,3.7.0
2026-03-23 22:29:59-04:00,1774319399000,24334.75,False,False,0,0,BN_LONG_UP,12,4,27.25,9.0,5.0,False,3.7.0
2026-03-23 22:31:00-04:00,1774319460000,24328.75,False,False,0,0,BN_LONG_UP,10,3,9.0,9.0,5.0,False,3.7.0
2026-03-23 22:32:00-04:00,1774319520000,24339.25,False,False,0,0,BN_LONG_UP,8,4,20.25,9.0,5.0,False,3.7.0
2026-03-23 22:32:59-04:00,1774319579000,24336.75,False,False,0,0,CONFLUENCE_BUY,9,5,9.0,9.0,5.0,False,3.7.0
2026-03-23 22:34:00-04:00,1774319640000,24333.5,False,False,0,0,BN_LONG_UP,10,4,9.0,9.0,5.0,False,3.7.0
2026-03-23 22:35:00-04:00,1774319700000,24339.25,False,False,0,0,BN_LONG_UP,9,4,9.0,9.0,5.0,False,3.7.0
2026-03-23 22:35:59-04:00,1774319759000,24339.0,False,False,0,0,BN_LONG_DN,8,5,9.0,9.0,5.0,False,3.7.0
2026-03-23 22:37:00-04:00,1774319820000,24353.0,False,False,0,0,RVOL_SPIKE_BUY,12,5,23.75,9.0,5.0,False,3.7.0
2026-03-23 22:38:00-04:00,1774319880000,24346.25,False,False,0,0,BN_LONG_DN,7,6,9.0,9.0,5.0,False,3.7.0
2026-03-23 22:39:00-04:00,1774319940000,24350.5,False,False,0,0,BN_LONG_DN,7,6,26.0,9.0,5.0,False,3.7.0
2026-03-23 22:39:59-04:00,1774319999000,24345.5,False,False,0,0,CONFLUENCE_BUY,8,5,9.0,9.0,5.0,False,3.7.0
2026-03-23 22:41:00-04:00,1774320060000,24359.75,False,False,0,0,BN_LONG_UP,11,4,9.0,9.0,5.0,False,3.7.0
2026-03-23 22:42:00-04:00,1774320120000,24356.75,False,False,0,0,CONFLUENCE_BUY,8,5,9.0,9.0,5.0,False,3.7.0
2026-03-23 22:42:59-04:00,1774320179000,24351.0,False,False,0,0,NONE,7,7,55.0,9.0,5.0,False,3.7.0
2026-03-23 22:44:00-04:00,1774320240000,24353.75,False,False,0,0,BN_LONG_UP,11,4,9.0,9.0,5.0,False,3.7.0
2026-03-23 22:45:00-04:00,1774320300000,24343.25,False,False,0,0,CONFLUENCE_BUY,8,7,9.0,9.0,5.0,False,3.7.0
2026-03-23 22:45:59-04:00,1774320359000,24359.5,False,False,0,0,BN_LONG_UP,11,5,9.0,9.0,5.0,False,3.7.0
2026-03-23 22:47:00-04:00,1774320420000,24360.25,False,False,0,0,BN_LONG_DN,7,7,9.0,9.0,5.0,False,3.7.0
2026-03-23 22:48:00-04:00,1774320480000,24360.0,False,False,0,0,BN_LONG_UP,8,6,9.0,9.0,5.0,False,3.7.0
2026-03-23 22:48:59-04:00,1774320539000,24360.5,False,False,0,0,CONFLUENCE_BUY,8,5,9.0,9.0,5.0,False,3.7.0
2026-03-23 22:50:00-04:00,1774320600000,24362.0,False,False,0,0,BN_LONG_UP,9,4,9.0,9.0,5.0,False,3.7.0
2026-03-23 22:51:00-04:00,1774320660000,24359.0,False,False,0,0,BN_LONG_DN,7,5,9.0,9.0,5.0,False,3.7.0
2026-03-23 22:51:59-04:00,1774320719000,24359.5,False,False,0,0,BN_LONG_UP,11,4,9.0,9.0,5.0,False,3.7.0
2026-03-23 22:53:00-04:00,1774320780000,24382.0,False,False,0,0,RVOL_SPIKE_BUY,11,5,9.0,9.0,5.0,False,3.7.0
2026-03-23 22:54:00-04:00,1774320840000,24394.5,False,False,0,0,RVOL_SPIKE_BUY,8,5,9.0,9.0,5.0,False,3.7.0
2026-03-23 22:55:00-04:00,1774320900000,24381.0,False,False,0,0,BN_LONG_DN,8,7,9.0,9.0,5.0,False,3.7.0
2026-03-23 22:55:59-04:00,1774320959000,24383.0,False,False,0,0,CONFLUENCE_BUY,9,4,115.25,9.0,5.0,False,3.7.0
2026-03-23 22:57:00-04:00,1774321020000,24376.75,False,False,0,0,BN_LONG_DN,7,6,9.0,9.0,5.0,False,3.7.0
2026-03-23 22:58:00-04:00,1774321080000,24378.75,False,False,0,0,BN_LONG_DN,8,5,9.0,9.0,5.0,False,3.7.0
2026-03-23 22:58:59-04:00,1774321139000,24376.5,False,False,0,0,BN_LONG_UP,8,8,9.0,9.0,5.0,False,3.7.0
2026-03-23 23:00:00-04:00,1774321200000,24388.25,False,False,0,0,CONFLUENCE_BUY,8,4,9.0,9.0,5.0,False,3.7.0
2026-03-23 23:01:00-04:00,1774321260000,24385.25,False,False,0,0,BN_LONG_UP,7,4,9.0,9.0,5.0,False,3.7.0
2026-03-23 23:01:59-04:00,1774321319000,24401.0,False,False,0,0,BN_LONG_DN,9,5,9.0,9.0,5.0,False,3.7.0
2026-03-23 23:03:00-04:00,1774321380000,24406.0,False,False,0,0,BN_LONG_UP,9,4,9.0,9.0,5.0,False,3.7.0
2026-03-23 23:04:00-04:00,1774321440000,24407.0,False,False,0,0,BN_LONG_DN,7,5,9.0,9.0,5.0,False,3.7.0
2026-03-23 23:04:59-04:00,1774321499000,24434.25,False,False,0,0,RVOL_SPIKE_BUY,12,5,9.0,9.0,5.0,False,3.7.0
2026-03-23 23:06:00-04:00,1774321560000,24443.75,False,False,0,0,BN_LONG_UP,9,4,16.75,9.0,5.0,False,3.7.0
2026-03-23 23:07:00-04:00,1774321620000,24440.0,False,False,0,0,BN_LONG_DN,8,5,9.0,9.0,5.0,False,3.7.0
2026-03-23 23:08:00-04:00,1774321680000,24438.75,False,False,0,0,BN_LONG_UP,9,5,9.0,9.0,5.0,False,3.7.0
2026-03-23 23:08:59-04:00,1774321739000,24448.0,False,False,0,0,BN_LONG_DN,9,5,9.0,9.0,5.0,False,3.7.0
2026-03-23 23:10:00-04:00,1774321800000,24469.75,False,False,0,0,CONFLUENCE_BUY,7,5,-11.0,9.0,5.0,False,3.7.0
2026-03-23 23:11:00-04:00,1774321860000,24464.25,False,False,0,0,BN_LONG_UP,9,5,9.0,9.0,5.0,False,3.7.0
2026-03-23 23:11:59-04:00,1774321919000,24490.0,False,False,0,0,RVOL_SPIKE_BUY,9,5,-39.5,9.0,5.0,False,3.7.0
2026-03-23 23:13:00-04:00,1774321980000,24483.5,False,False,0,0,BN_LONG_DN,7,7,9.0,9.0,5.0,False,3.7.0
2026-03-23 23:14:00-04:00,1774322040000,24484.0,False,False,0,0,BN_LONG_DN,8,6,9.0,9.0,5.0,False,3.7.0
2026-03-23 23:14:59-04:00,1774322099000,24491.75,False,False,0,0,BN_LONG_DN,8,5,-57.25,9.0,5.0,False,3.7.0
2026-03-23 23:16:00-04:00,1774322160000,24498.25,False,False,0,0,BN_LONG_UP,10,6,9.0,9.0,5.0,False,3.7.0
2026-03-23 23:17:00-04:00,1774322220000,24484.75,False,False,0,0,BN_LONG_DN,7,7,9.0,9.0,5.0,False,3.7.0
2026-03-23 23:17:59-04:00,1774322279000,24479.0,False,False,0,0,CONFLUENCE_BUY,7,4,9.0,9.0,5.0,False,3.7.0
2026-03-23 23:19:00-04:00,1774322340000,24482.5,False,False,0,0,BN_LONG_UP,8,4,9.0,9.0,5.0,False,3.7.0
2026-03-23 23:20:00-04:00,1774322400000,24472.0,False,False,0,0,BN_LONG_DN,7,9,-25.75,9.0,5.0,False,3.7.0
2026-03-23 23:20:59-04:00,1774322459000,24473.5,False,False,0,0,CONFLUENCE_BUY,8,4,-14.75,9.0,5.0,False,3.7.0
2026-03-23 23:22:00-04:00,1774322520000,24479.25,False,False,0,0,BN_LONG_UP,8,4,9.0,9.0,5.0,False,3.7.0
2026-03-23 23:23:00-04:00,1774322580000,24473.75,False,False,0,0,BN_LONG_UP,8,6,9.0,9.0,5.0,False,3.7.0
2026-03-23 23:24:00-04:00,1774322640000,24469.75,False,False,0,0,BN_LONG_UP,7,6,9.0,9.0,5.0,False,3.7.0
2026-03-23 23:24:59-04:00,1774322699000,24466.0,False,False,0,0,BN_LONG_UP,7,4,9.0,9.0,5.0,False,3.7.0
2026-03-23 23:26:00-04:00,1774322760000,24460.5,False,False,0,0,BN_LONG_DN,8,6,9.0,9.0,5.0,False,3.7.0
2026-03-23 23:27:00-04:00,1774322820000,24462.5,False,False,0,0,BN_LONG_DN,9,6,-13.5,9.0,5.0,False,3.7.0
2026-03-23 23:27:59-04:00,1774322879000,24470.0,False,False,0,0,BN_LONG_UP,10,5,9.0,9.0,5.0,False,3.7.0
2026-03-23 23:29:00-04:00,1774322940000,24467.5,False,False,0,0,BN_LONG_DN,6,6,9.0,9.0,5.0,False,3.7.0
2026-03-23 23:30:00-04:00,1774323000000,24458.75,False,False,0,0,BN_LONG_DN,8,7,9.0,9.0,5.0,False,3.7.0
2026-03-23 23:30:59-04:00,1774323059000,24455.25,False,False,0,0,BN_LONG_UP,9,5,9.0,9.0,5.0,False,3.7.0
2026-03-23 23:32:00-04:00,1774323120000,24450.5,False,False,0,0,CONFLUENCE_BUY,8,6,9.0,9.0,5.0,False,3.7.0
2026-03-23 23:33:00-04:00,1774323180000,24445.5,False,False,0,0,BN_LONG_DN,7,6,9.0,9.0,5.0,False,3.7.0
2026-03-23 23:33:59-04:00,1774323239000,24441.0,False,False,0,0,BN_LONG_DN,7,7,13.75,9.0,5.0,False,3.7.0
2026-03-23 23:35:00-04:00,1774323300000,24434.5,False,False,0,0,BN_LONG_UP,8,4,9.0,9.0,5.0,False,3.7.0
2026-03-23 23:36:00-04:00,1774323360000,24443.25,False,False,0,0,BN_LONG_UP,10,4,9.0,9.0,5.0,False,3.7.0
2026-03-23 23:36:59-04:00,1774323419000,24445.25,False,False,0,0,BN_LONG_UP,8,4,9.0,9.0,5.0,False,3.7.0
2026-03-23 23:38:00-04:00,1774323480000,24456.5,False,False,0,0,BN_LONG_DN,8,6,9.0,9.0,5.0,False,3.7.0
2026-03-23 23:39:00-04:00,1774323540000,24450.0,False,False,0,0,BN_LONG_DN,7,6,9.0,9.0,5.0,False,3.7.0
2026-03-23 23:40:00-04:00,1774323600000,24446.25,False,False,0,0,CONFLUENCE_BUY,8,4,9.0,9.0,5.0,False,3.7.0
2026-03-23 23:40:59-04:00,1774323659000,24458.75,False,False,0,0,BN_LONG_UP,11,5,9.0,9.0,5.0,False,3.7.0
2026-03-23 23:42:00-04:00,1774323720000,24450.0,False,False,0,0,BN_LONG_UP,9,5,9.0,9.0,5.0,False,3.7.0
2026-03-23 23:43:00-04:00,1774323780000,24453.5,False,False,0,0,BN_LONG_UP,7,6,10.0,9.0,5.0,False,3.7.0
2026-03-23 23:43:59-04:00,1774323839000,24461.5,False,False,0,0,CONFLUENCE_BUY,7,6,9.0,9.0,5.0,False,3.7.0
2026-03-23 23:45:00-04:00,1774323900000,24446.25,False,False,0,0,BN_LONG_DN,6,6,9.0,9.0,5.0,False,3.7.0
2026-03-23 23:46:00-04:00,1774323960000,24446.25,False,False,0,0,BN_LONG_UP,8,5,9.0,9.0,5.0,False,3.7.0
2026-03-23 23:46:59-04:00,1774324019000,24449.0,False,False,0,0,CONFLUENCE_BUY,6,5,9.0,9.0,5.0,False,3.7.0
2026-03-23 23:48:00-04:00,1774324080000,24447.5,False,False,0,0,BN_LONG_UP,7,5,9.0,9.0,5.0,False,3.7.0
2026-03-23 23:49:00-04:00,1774324140000,24452.75,False,False,0,0,BN_LONG_DN,5,6,9.0,9.0,5.0,False,3.7.0
2026-03-23 23:49:59-04:00,1774324199000,24459.25,False,False,0,0,BN_LONG_DN,7,8,9.0,9.0,5.0,False,3.7.0
2026-03-23 23:51:00-04:00,1774324260000,24463.5,False,False,0,0,BN_LONG_UP,9,6,4.5,9.0,5.0,False,3.7.0
2026-03-23 23:52:00-04:00,1774324320000,24467.75,False,False,0,0,BN_LONG_DN,5,6,9.0,9.0,5.0,False,3.7.0
2026-03-23 23:53:00-04:00,1774324380000,24459.75,False,False,0,0,BN_LONG_UP,7,8,18.75,9.0,5.0,False,3.7.0
2026-03-23 23:53:59-04:00,1774324439000,24454.75,False,False,0,0,BN_LONG_DN,6,6,9.0,9.0,5.0,False,3.7.0
2026-03-23 23:55:00-04:00,1774324500000,24461.25,False,False,0,0,BN_LONG_UP,11,6,9.0,9.0,5.0,False,3.7.0
2026-03-23 23:56:00-04:00,1774324560000,24460.25,False,False,0,0,BN_LONG_UP,9,7,9.0,9.0,5.0,False,3.7.0
2026-03-23 23:56:59-04:00,1774324619000,24464.0,False,False,0,0,BN_LONG_UP,8,6,9.0,9.0,5.0,False,3.7.0
2026-03-23 23:58:00-04:00,1774324680000,24469.0,False,False,0,0,BN_LONG_UP,7,5,9.0,9.0,5.0,False,3.7.0
2026-03-23 23:59:00-04:00,1774324740000,24467.0,False,False,0,0,BN_LONG_UP,6,5,9.0,9.0,5.0,False,3.7.0
2026-03-23 23:59:59-04:00,1774324799000,24478.5,False,False,0,0,RVOL_SPIKE_BUY,9,5,9.0,9.0,5.0,False,3.7.0
2026-03-24 00:01:00-04:00,1774324860000,24454.25,False,False,0,0,RVOL_SPIKE_SELL,6,8,9.0,9.0,5.0,False,3.7.0
2026-03-24 00:02:00-04:00,1774324920000,24470.5,False,False,0,0,BN_LONG_UP,9,5,-41.5,9.0,5.0,False,3.7.0
2026-03-24 00:02:59-04:00,1774324979000,24463.5,False,False,0,0,BN_LONG_DN,8,7,9.0,9.0,5.0,False,3.7.0
2026-03-24 00:04:00-04:00,1774325040000,24471.5,False,False,0,0,BN_LONG_DN,7,5,9.0,9.0,5.0,False,3.7.0
2026-03-24 00:05:00-04:00,1774325100000,24487.25,False,False,0,0,RVOL_SPIKE_BUY,13,4,9.0,9.0,5.0,False,3.7.0
2026-03-24 00:05:59-04:00,1774325159000,24487.75,False,False,0,0,BN_LONG_DN,9,6,9.0,9.0,5.0,False,3.7.0
2026-03-24 00:07:00-04:00,1774325220000,24482.0,False,False,0,0,BN_LONG_UP,8,5,9.0,9.0,5.0,False,3.7.0
2026-03-24 00:08:00-04:00,1774325280000,24468.0,False,False,0,0,BN_LONG_DN,7,8,9.0,9.0,5.0,False,3.7.0
2026-03-24 00:09:00-04:00,1774325340000,24479.75,False,False,0,0,BN_LONG_DN,7,6,9.0,9.0,5.0,False,3.7.0
2026-03-24 00:09:59-04:00,1774325399000,24467.5,False,False,0,0,BN_LONG_UP,7,5,9.0,9.0,5.0,False,3.7.0
2026-03-24 00:11:00-04:00,1774325460000,24468.0,False,False,0,0,BN_LONG_DN,6,7,9.0,9.0,5.0,False,3.7.0
2026-03-24 00:12:00-04:00,1774325520000,24477.25,False,False,0,0,CONFLUENCE_BUY,7,4,9.0,9.0,5.0,False,3.7.0
2026-03-24 00:12:59-04:00,1774325579000,24478.5,False,False,0,0,BN_LONG_DN,6,5,9.0,9.0,5.0,False,3.7.0
2026-03-24 00:14:00-04:00,1774325640000,24474.0,False,False,0,0,BN_LONG_DN,6,5,-78.0,9.0,5.0,False,3.7.0
2026-03-24 00:15:00-04:00,1774325700000,24480.25,False,False,0,0,BN_LONG_UP,8,4,9.0,9.0,5.0,False,3.7.0
2026-03-24 00:15:59-04:00,1774325759000,24480.75,False,False,0,0,BN_LONG_DN,7,6,9.0,9.0,5.0,False,3.7.0
2026-03-24 00:17:00-04:00,1774325820000,24469.0,False,False,0,0,BN_LONG_DN,8,5,9.0,9.0,5.0,False,3.7.0
2026-03-24 00:18:00-04:00,1774325880000,24444.0,False,False,0,0,CONFLUENCE_SELL,5,7,9.0,9.0,5.0,False,3.7.0
2026-03-24 00:18:59-04:00,1774325939000,24418.5,False,False,0,0,RVOL_SPIKE_SELL,6,8,9.0,9.0,5.0,False,3.7.0
2026-03-24 00:20:00-04:00,1774326000000,24414.25,False,False,0,0,RVOL_SPIKE_BUY,9,6,9.0,9.0,5.0,False,3.7.0
2026-03-24 00:21:00-04:00,1774326060000,24422.5,False,False,0,0,BN_LONG_DN,6,6,-8.0,9.0,5.0,False,3.7.0
2026-03-24 00:21:59-04:00,1774326119000,24429.0,False,False,0,0,NONE,5,5,9.0,9.0,5.0,False,3.7.0
2026-03-24 00:23:00-04:00,1774326180000,24425.25,False,False,0,0,BN_LONG_UP,6,5,9.0,9.0,5.0,False,3.7.0
2026-03-24 00:24:00-04:00,1774326240000,24416.0,False,False,0,0,CONFLUENCE_BUY,6,5,9.0,9.0,5.0,False,3.7.0
2026-03-24 00:25:00-04:00,1774326300000,24404.0,False,False,0,0,BN_LONG_DN,6,7,9.0,9.0,5.0,False,3.7.0
2026-03-24 00:25:59-04:00,1774326359000,24401.0,False,False,0,0,BN_LONG_DN,6,6,9.0,9.0,5.0,False,3.7.0
2026-03-24 00:27:00-04:00,1774326420000,24404.75,False,False,0,0,CONFLUENCE_BUY,7,5,9.0,9.0,5.0,False,3.7.0
2026-03-24 00:28:00-04:00,1774326480000,24400.0,False,False,0,0,BN_LONG_UP,7,5,9.0,9.0,5.0,False,3.7.0
2026-03-24 00:28:59-04:00,1774326539000,24398.0,False,False,0,0,BN_LONG_DN,4,6,9.0,9.0,5.0,False,3.7.0
2026-03-24 00:30:00-04:00,1774326600000,24393.75,False,False,0,0,BN_LONG_DN,6,6,-11.0,9.0,5.0,False,3.7.0
2026-03-24 00:31:00-04:00,1774326660000,24396.5,False,False,0,0,BN_LONG_UP,5,5,9.0,9.0,5.0,False,3.7.0
2026-03-24 00:31:59-04:00,1774326719000,24398.5,False,False,0,0,BN_LONG_DN,5,7,9.0,9.0,5.0,False,3.7.0
2026-03-24 00:33:00-04:00,1774326780000,24387.25,False,False,0,0,BN_LONG_UP,5,6,9.0,9.0,5.0,False,3.7.0
2026-03-24 00:34:00-04:00,1774326840000,24396.0,False,False,0,0,BN_LONG_UP,5,5,9.0,9.0,5.0,False,3.7.0
2026-03-24 00:34:59-04:00,1774326899000,24415.0,False,False,0,0,BN_LONG_DN,5,6,9.0,9.0,5.0,False,3.7.0
2026-03-24 00:36:00-04:00,1774326960000,24417.5,False,False,0,0,NONE,5,5,9.0,9.0,5.0,False,3.7.0
2026-03-24 00:37:00-04:00,1774327020000,24412.75,False,False,0,0,BN_LONG_UP,6,5,9.0,9.0,5.0,False,3.7.0
2026-03-24 00:38:00-04:00,1774327080000,24400.5,False,False,0,0,BN_LONG_UP,6,8,9.0,9.0,5.0,False,3.7.0
2026-03-24 00:38:59-04:00,1774327139000,24410.0,False,False,0,0,BN_LONG_DN,4,7,9.0,9.0,5.0,False,3.7.0
2026-03-24 00:40:00-04:00,1774327200000,24422.5,False,False,0,0,BN_LONG_DN,5,7,9.0,9.0,5.0,False,3.7.0
2026-03-24 00:41:00-04:00,1774327260000,24414.5,False,False,0,0,BN_LONG_DN,6,6,9.0,9.0,5.0,False,3.7.0
2026-03-24 00:41:59-04:00,1774327319000,24395.0,False,False,0,0,CONFLUENCE_SELL,5,6,9.0,9.0,5.0,False,3.7.0
2026-03-24 00:43:00-04:00,1774327380000,24390.75,False,False,0,0,BN_LONG_UP,6,8,9.0,9.0,5.0,False,3.7.0
2026-03-24 00:44:00-04:00,1774327440000,24391.25,False,False,0,0,BN_LONG_UP,7,5,9.0,9.0,5.0,False,3.7.0
2026-03-24 00:44:59-04:00,1774327499000,24401.0,False,False,0,0,BN_LONG_UP,6,5,9.0,9.0,5.0,False,3.7.0
2026-03-24 00:46:00-04:00,1774327560000,24405.5,False,False,0,0,CONFLUENCE_SELL,5,6,9.0,9.0,5.0,False,3.7.0
2026-03-24 00:47:00-04:00,1774327620000,24416.75,False,False,0,0,BN_LONG_DN,5,7,9.0,9.0,5.0,False,3.7.0
2026-03-24 00:47:59-04:00,1774327679000,24414.0,False,False,0,0,BN_LONG_DN,6,6,9.0,9.0,5.0,False,3.7.0
2026-03-24 00:49:00-04:00,1774327740000,24404.0,False,False,0,0,BN_LONG_UP,7,7,9.0,9.0,5.0,False,3.7.0
2026-03-24 00:50:00-04:00,1774327800000,24382.75,False,False,0,0,RVOL_SPIKE_SELL,7,10,-26.5,9.0,5.0,False,3.7.0
2026-03-24 00:50:59-04:00,1774327859000,24376.75,False,False,0,0,BN_LONG_DN,6,7,9.0,9.0,5.0,False,3.7.0
2026-03-24 00:52:00-04:00,1774327920000,24399.0,False,False,0,0,BN_LONG_UP,6,6,9.0,9.0,5.0,False,3.7.0
2026-03-24 00:53:00-04:00,1774327980000,24387.75,False,False,0,0,NONE,5,5,9.0,9.0,5.0,False,3.7.0
2026-03-24 00:54:00-04:00,1774328040000,24388.5,False,False,0,0,CONFLUENCE_BUY,6,4,9.0,9.0,5.0,False,3.7.0
2026-03-24 00:54:59-04:00,1774328099000,24389.5,False,False,0,0,BN_LONG_DN,5,6,9.0,9.0,5.0,False,3.7.0
2026-03-24 00:56:00-04:00,1774328160000,24363.5,False,False,0,0,NONE,5,5,9.0,9.0,5.0,False,3.7.0
2026-03-24 00:57:00-04:00,1774328220000,24365.5,False,False,0,0,BN_LONG_UP,7,4,9.0,9.0,5.0,False,3.7.0
2026-03-24 00:57:59-04:00,1774328279000,24378.5,False,False,0,0,BN_LONG_UP,7,5,-43.5,9.0,5.0,False,3.7.0
2026-03-24 00:59:00-04:00,1774328340000,24377.5,False,False,0,0,BN_LONG_UP,6,5,-35.5,9.0,5.0,False,3.7.0
2026-03-24 01:00:00-04:00,1774328400000,24372.25,False,False,0,0,BN_LONG_UP,8,5,9.0,9.0,5.0,False,3.7.0
2026-03-24 01:00:59-04:00,1774328459000,24375.5,False,False,0,0,BN_LONG_UP,6,4,9.0,9.0,5.0,False,3.7.0
2026-03-24 01:02:00-04:00,1774328520000,24387.5,False,False,0,0,BN_LONG_UP,5,4,-65.25,9.0,5.0,False,3.7.0
2026-03-24 01:03:00-04:00,1774328580000,24383.75,False,False,0,0,BN_LONG_DN,8,5,9.0,9.0,5.0,False,3.7.0
2026-03-24 01:03:59-04:00,1774328639000,24396.25,False,False,0,0,BN_LONG_UP,6,5,9.0,9.0,5.0,False,3.7.0
2026-03-24 01:05:00-04:00,1774328700000,24385.5,False,False,0,0,BN_LONG_DN,5,6,9.0,9.0,5.0,False,3.7.0
2026-03-24 01:06:00-04:00,1774328760000,24369.0,False,False,0,0,CONFLUENCE_BUY,6,4,9.0,9.0,5.0,False,3.7.0
2026-03-24 01:06:59-04:00,1774328819000,24361.5,False,False,0,0,BN_LONG_UP,8,5,9.0,9.0,5.0,False,3.7.0
2026-03-24 01:08:00-04:00,1774328880000,24352.25,False,False,0,0,VWAP_TRIPLE_BEAR,6,7,9.0,9.0,5.0,False,3.7.0
2026-03-24 01:09:00-04:00,1774328940000,24345.5,False,False,0,0,VWAP_TRIPLE_BEAR,6,6,9.0,9.0,5.0,False,3.7.0
2026-03-24 01:10:00-04:00,1774329000000,24356.25,False,False,0,0,VWAP_TRIPLE_BEAR,6,6,9.0,9.0,5.0,False,3.7.0
2026-03-24 01:10:59-04:00,1774329059000,24339.0,False,False,0,0,VWAP_TRIPLE_BEAR,5,6,9.0,9.0,5.0,False,3.7.0
2026-03-24 01:12:00-04:00,1774329120000,24330.0,False,False,0,0,VWAP_TRIPLE_BEAR,4,6,9.0,9.0,5.0,False,3.7.0
2026-03-24 01:13:00-04:00,1774329180000,24326.25,False,False,0,0,VWAP_TRIPLE_BEAR,6,6,9.0,9.0,5.0,False,3.7.0
2026-03-24 01:13:59-04:00,1774329239000,24305.5,False,False,0,0,VWAP_TRIPLE_BEAR,5,7,9.0,9.0,5.0,False,3.7.0
2026-03-24 01:15:00-04:00,1774329300000,24311.5,False,False,0,0,VWAP_TRIPLE_BEAR,4,6,9.0,9.0,5.0,False,3.7.0
2026-03-24 01:16:00-04:00,1774329360000,24327.25,False,False,0,0,VWAP_TRIPLE_BEAR,6,5,9.0,9.0,5.0,False,3.7.0
2026-03-24 01:16:59-04:00,1774329419000,24343.0,False,False,0,0,VWAP_TRIPLE_BEAR,7,5,9.0,9.0,5.0,False,3.7.0
2026-03-24 01:18:00-04:00,1774329480000,24335.0,False,False,0,0,VWAP_TRIPLE_BEAR,4,7,21.5,9.0,5.0,False,3.7.0
2026-03-24 01:19:00-04:00,1774329540000,24342.0,False,False,0,0,VWAP_TRIPLE_BEAR,5,5,9.0,9.0,5.0,False,3.7.0
2026-03-24 01:19:59-04:00,1774329599000,24327.0,False,False,0,0,VWAP_TRIPLE_BEAR,4,7,9.0,9.0,5.0,False,3.7.0
2026-03-24 01:21:00-04:00,1774329660000,24325.25,False,False,0,0,VWAP_TRIPLE_BEAR,6,7,9.0,9.0,5.0,False,3.7.0
2026-03-24 01:22:00-04:00,1774329720000,24322.25,False,False,0,0,VWAP_TRIPLE_BEAR,5,5,9.0,9.0,5.0,False,3.7.0
2026-03-24 01:23:00-04:00,1774329780000,24329.75,False,False,0,0,VWAP_TRIPLE_BEAR,5,5,9.0,9.0,5.0,False,3.7.0
2026-03-24 01:23:59-04:00,1774329839000,24336.0,False,False,0,0,VWAP_TRIPLE_BEAR,6,6,9.0,9.0,5.0,False,3.7.0
2026-03-24 01:25:00-04:00,1774329900000,24342.0,False,False,0,0,VWAP_TRIPLE_BEAR,5,6,49.0,9.0,5.0,False,3.7.0
2026-03-24 01:26:00-04:00,1774329960000,24336.0,False,False,0,0,VWAP_TRIPLE_BEAR,4,7,9.0,9.0,5.0,False,3.7.0
2026-03-24 01:26:59-04:00,1774330019000,24346.25,False,False,0,0,VWAP_TRIPLE_BEAR,5,7,9.0,9.0,5.0,False,3.7.0
2026-03-24 01:28:00-04:00,1774330080000,24360.0,False,False,0,0,CONFLUENCE_BUY,8,4,9.0,9.0,5.0,False,3.7.0
2026-03-24 01:29:00-04:00,1774330140000,24359.5,False,False,0,0,BN_LONG_UP,6,5,9.0,9.0,5.0,False,3.7.0
2026-03-24 01:29:59-04:00,1774330199000,24361.25,False,False,0,0,BN_LONG_DN,6,5,13.75,9.0,5.0,False,3.7.0
2026-03-24 01:31:00-04:00,1774330260000,24356.0,False,False,0,0,VWAP_TRIPLE_BEAR,6,6,9.0,9.0,5.0,False,3.7.0
2026-03-24 01:32:00-04:00,1774330320000,24367.0,False,False,0,0,BN_LONG_UP,7,3,9.0,9.0,5.0,False,3.7.0
2026-03-24 01:32:59-04:00,1774330379000,24355.75,False,False,0,0,VWAP_TRIPLE_BEAR,4,8,9.0,9.0,5.0,False,3.7.0
2026-03-24 01:34:00-04:00,1774330440000,24357.75,False,False,0,0,BN_LONG_UP,5,5,9.0,9.0,5.0,False,3.7.0
2026-03-24 01:35:00-04:00,1774330500000,24366.25,False,False,0,0,BN_LONG_UP,8,3,9.0,9.0,5.0,False,3.7.0
2026-03-24 01:35:59-04:00,1774330559000,24363.0,False,False,0,0,BN_LONG_UP,6,4,45.75,9.0,5.0,False,3.7.0
2026-03-24 01:37:00-04:00,1774330620000,24366.0,False,False,0,0,BN_LONG_DN,7,4,9.0,9.0,5.0,False,3.7.0
2026-03-24 01:38:00-04:00,1774330680000,24356.5,False,False,0,0,BN_LONG_UP,6,7,9.0,9.0,5.0,False,3.7.0
2026-03-24 01:39:00-04:00,1774330740000,24366.0,False,False,0,0,BN_LONG_UP,8,3,9.0,9.0,5.0,False,3.7.0
2026-03-24 01:39:59-04:00,1774330799000,24391.25,False,False,0,0,BN_LONG_UP,9,4,9.0,9.0,5.0,False,3.7.0
2026-03-24 01:41:00-04:00,1774330860000,24385.75,False,False,0,0,BN_LONG_DN,5,4,5.0,9.0,5.0,False,3.7.0
2026-03-24 01:42:00-04:00,1774330920000,24388.75,False,False,0,0,CONFLUENCE_BUY,6,4,9.0,9.0,5.0,False,3.7.0
2026-03-24 01:42:59-04:00,1774330979000,24389.5,False,False,0,0,BN_LONG_DN,5,4,9.0,9.0,5.0,False,3.7.0
2026-03-24 01:44:00-04:00,1774331040000,24390.0,False,False,0,0,CONFLUENCE_BUY,6,4,9.0,9.0,5.0,False,3.7.0
2026-03-24 01:45:00-04:00,1774331100000,24391.0,False,False,0,0,BN_LONG_DN,5,4,9.0,9.0,5.0,False,3.7.0
2026-03-24 01:45:59-04:00,1774331159000,24373.0,False,False,0,0,BN_LONG_DN,6,5,9.0,9.0,5.0,False,3.7.0
2026-03-24 01:47:00-04:00,1774331220000,24380.75,False,False,0,0,BN_LONG_UP,10,3,9.0,9.0,5.0,False,3.7.0
2026-03-24 01:48:00-04:00,1774331280000,24392.25,False,False,0,0,BN_LONG_UP,9,4,9.0,9.0,5.0,False,3.7.0
2026-03-24 01:48:59-04:00,1774331339000,24385.0,False,False,0,0,BN_LONG_DN,5,6,9.0,9.0,5.0,False,3.7.0
2026-03-24 01:50:00-04:00,1774331400000,24375.0,False,False,0,0,BN_LONG_DN,7,4,49.75,9.0,5.0,False,3.7.0
2026-03-24 01:51:00-04:00,1774331460000,24367.25,False,False,0,0,CONFLUENCE_BUY,6,4,9.0,9.0,5.0,False,3.7.0
2026-03-24 01:51:59-04:00,1774331519000,24375.5,False,False,0,0,BN_LONG_UP,9,3,9.0,9.0,5.0,False,3.7.0
2026-03-24 01:53:00-04:00,1774331580000,24392.5,False,False,0,0,CONFLUENCE_BUY,7,4,9.0,9.0,5.0,False,3.7.0
2026-03-24 01:54:00-04:00,1774331640000,24398.5,False,False,0,0,BN_LONG_UP,8,5,9.0,9.0,5.0,False,3.7.0
2026-03-24 01:55:00-04:00,1774331700000,24409.0,False,False,0,0,BN_LONG_UP,6,5,9.0,9.0,5.0,False,3.7.0
2026-03-24 01:55:59-04:00,1774331759000,24408.75,False,False,0,0,RVOL_SPIKE_BUY,7,6,9.0,9.0,5.0,False,3.7.0
2026-03-24 01:57:00-04:00,1774331820000,24425.25,False,False,0,0,CONFLUENCE_BUY,7,4,9.0,9.0,5.0,False,3.7.0
2026-03-24 01:58:00-04:00,1774331880000,24426.5,False,False,0,0,CONFLUENCE_BUY,6,4,9.0,9.0,5.0,False,3.7.0
2026-03-24 01:58:59-04:00,1774331939000,24420.25,False,False,0,0,NONE,5,5,9.0,9.0,5.0,False,3.7.0
2026-03-24 02:00:00-04:00,1774332000000,24411.75,False,False,0,0,CONFLUENCE_BUY,5,4,9.0,9.0,5.0,False,3.7.0
2026-03-24 02:01:00-04:00,1774332060000,24390.75,False,False,0,0,BN_LONG_DN,5,6,31.25,9.0,5.0,False,3.7.0
2026-03-24 02:01:59-04:00,1774332119000,24383.0,False,False,0,0,BN_LONG_DN,6,5,9.0,9.0,5.0,False,3.7.0
2026-03-24 02:03:00-04:00,1774332180000,24386.0,False,False,0,0,BN_LONG_DN,5,7,9.0,9.0,5.0,False,3.7.0
2026-03-24 02:04:00-04:00,1774332240000,24404.25,False,False,0,0,BN_LONG_UP,8,5,9.0,9.0,5.0,False,3.7.0
2026-03-24 02:04:59-04:00,1774332299000,24407.25,False,False,0,0,CONFLUENCE_BUY,7,6,9.0,9.0,5.0,False,3.7.0
2026-03-24 02:06:00-04:00,1774332360000,24411.5,False,False,0,0,BN_LONG_UP,6,5,9.0,9.0,5.0,False,3.7.0
2026-03-24 02:07:00-04:00,1774332420000,24425.5,False,False,0,0,BN_LONG_DN,8,5,9.0,9.0,5.0,False,3.7.0
2026-03-24 02:08:00-04:00,1774332480000,24423.0,False,False,0,0,BN_LONG_UP,7,4,-32.25,9.0,5.0,False,3.7.0
2026-03-24 02:08:59-04:00,1774332539000,24426.75,False,False,0,0,BN_LONG_DN,7,6,9.0,9.0,5.0,False,3.7.0
2026-03-24 02:10:00-04:00,1774332600000,24424.75,False,False,0,0,BN_LONG_UP,8,4,9.0,9.0,5.0,False,3.7.0
2026-03-24 02:11:00-04:00,1774332660000,24423.0,False,False,0,0,NONE,7,7,-29.5,9.0,5.0,False,3.7.0
2026-03-24 02:11:59-04:00,1774332719000,24423.0,False,False,0,0,DOUBLE_TOP_DIV,7,6,-21.0,9.0,5.0,False,3.7.0
2026-03-24 02:13:00-04:00,1774332780000,24428.5,False,False,0,0,BN_LONG_UP,7,7,9.0,9.0,5.0,False,3.7.0
2026-03-24 02:14:00-04:00,1774332840000,24425.25,False,False,0,0,BN_LONG_DN,9,5,9.0,9.0,5.0,False,3.7.0
2026-03-24 02:14:59-04:00,1774332899000,24425.25,False,False,0,0,BN_LONG_DN,9,5,9.0,9.0,5.0,False,3.7.0
2026-03-24 02:16:00-04:00,1774332960000,24424.25,False,False,0,0,BN_LONG_UP,8,4,9.0,9.0,5.0,False,3.7.0
2026-03-24 02:17:00-04:00,1774333020000,24426.5,False,False,0,0,CONFLUENCE_BUY,8,4,9.0,9.0,5.0,False,3.7.0
2026-03-24 02:17:59-04:00,1774333079000,24426.5,False,False,0,0,BN_LONG_DN,7,4,9.0,9.0,5.0,False,3.7.0
2026-03-24 02:19:00-04:00,1774333140000,24420.0,False,False,0,0,BN_LONG_DN,6,7,9.0,9.0,5.0,False,3.7.0
2026-03-24 02:20:00-04:00,1774333200000,24421.75,False,False,0,0,CONFLUENCE_BUY,7,3,9.0,9.0,5.0,False,3.7.0
2026-03-24 02:20:59-04:00,1774333259000,24422.0,False,False,0,0,BN_LONG_UP,7,3,9.0,9.0,5.0,False,3.7.0
2026-03-24 02:22:00-04:00,1774333320000,24424.75,False,False,0,0,BN_LONG_DN,7,7,9.0,9.0,5.0,False,3.7.0
2026-03-24 02:23:00-04:00,1774333380000,24424.5,False,False,0,0,BN_LONG_UP,8,3,9.0,9.0,5.0,False,3.7.0
2026-03-24 02:24:00-04:00,1774333440000,24412.75,False,False,0,0,CONFLUENCE_BUY,7,4,9.0,9.0,5.0,False,3.7.0
2026-03-24 02:24:59-04:00,1774333499000,24410.0,False,False,0,0,NONE,6,6,9.0,9.0,5.0,False,3.7.0
2026-03-24 02:26:00-04:00,1774333560000,24411.5,False,False,0,0,BN_LONG_UP,8,3,9.0,9.0,5.0,False,3.7.0
2026-03-24 02:27:00-04:00,1774333620000,24413.75,False,False,0,0,BN_LONG_UP,6,3,9.0,9.0,5.0,False,3.7.0
2026-03-24 02:27:59-04:00,1774333679000,24390.75,False,False,0,0,RVOL_SPIKE_SELL,5,10,9.0,9.0,5.0,False,3.7.0
2026-03-24 02:29:00-04:00,1774333740000,24388.0,False,False,0,0,NONE,5,5,9.0,9.0,5.0,False,3.7.0
2026-03-24 02:30:00-04:00,1774333800000,24394.5,False,False,0,0,BN_LONG_UP,7,4,7.75,9.0,5.0,False,3.7.0
2026-03-24 02:30:59-04:00,1774333859000,24393.5,False,False,0,0,BN_LONG_UP,9,4,15.25,9.0,5.0,False,3.7.0
2026-03-24 02:32:00-04:00,1774333920000,24402.0,False,False,0,0,BN_LONG_UP,10,4,9.0,9.0,5.0,False,3.7.0
2026-03-24 02:33:00-04:00,1774333980000,24389.0,False,False,0,0,BN_LONG_DN,5,8,9.0,9.0,5.0,False,3.7.0
2026-03-24 02:33:59-04:00,1774334039000,24373.75,False,False,0,0,BN_LONG_DN,7,5,9.0,9.0,5.0,False,3.7.0
2026-03-24 02:35:00-04:00,1774334100000,24390.5,False,False,0,0,BN_LONG_UP,7,4,9.0,9.0,5.0,False,3.7.0
2026-03-24 02:36:00-04:00,1774334160000,24387.25,False,False,0,0,RVOL_SPIKE_SELL,6,9,9.0,9.0,5.0,False,3.7.0
2026-03-24 02:36:59-04:00,1774334219000,24398.5,False,False,0,0,BN_LONG_UP,7,6,9.0,9.0,5.0,False,3.7.0
2026-03-24 02:38:00-04:00,1774334280000,24397.5,False,False,0,0,CONFLUENCE_BUY,5,4,9.0,9.0,5.0,False,3.7.0
2026-03-24 02:39:00-04:00,1774334340000,24412.25,False,False,0,0,BN_LONG_UP,9,3,9.0,9.0,5.0,False,3.7.0
2026-03-24 02:40:00-04:00,1774334400000,24395.5,False,False,0,0,BN_LONG_UP,6,6,9.0,9.0,5.0,False,3.7.0
2026-03-24 02:40:59-04:00,1774334459000,24414.25,False,False,0,0,BN_LONG_DN,8,4,9.0,9.0,5.0,False,3.7.0
2026-03-24 02:42:00-04:00,1774334520000,24402.0,False,False,0,0,BN_LONG_DN,6,6,9.0,9.0,5.0,False,3.7.0
2026-03-24 02:43:00-04:00,1774334580000,24417.0,False,False,0,0,BN_LONG_UP,8,3,9.0,9.0,5.0,False,3.7.0
2026-03-24 02:43:59-04:00,1774334639000,24416.5,False,False,0,0,BN_LONG_DN,6,4,9.0,9.0,5.0,False,3.7.0
2026-03-24 02:45:00-04:00,1774334700000,24429.5,False,False,0,0,CONFLUENCE_BUY,8,3,9.0,9.0,5.0,False,3.7.0
2026-03-24 02:46:00-04:00,1774334760000,24410.5,False,False,0,0,BN_LONG_DN,6,7,9.0,9.0,5.0,False,3.7.0
2026-03-24 02:46:59-04:00,1774334819000,24403.75,False,False,0,0,BN_LONG_DN,6,7,9.0,9.0,5.0,False,3.7.0
2026-03-24 02:48:00-04:00,1774334880000,24384.25,False,False,0,0,BN_LONG_DN,5,6,9.0,9.0,5.0,False,3.7.0
2026-03-24 02:49:00-04:00,1774334940000,24388.5,False,False,0,0,BN_LONG_DN,7,5,9.0,9.0,5.0,False,3.7.0
2026-03-24 02:49:59-04:00,1774334999000,24402.25,False,False,0,0,BN_LONG_UP,9,4,18.25,9.0,5.0,False,3.7.0
2026-03-24 02:51:00-04:00,1774335060000,24408.75,False,False,0,0,BN_LONG_UP,6,3,9.0,9.0,5.0,False,3.7.0
2026-03-24 02:52:00-04:00,1774335120000,24397.0,False,False,0,0,BN_LONG_DN,5,5,9.0,9.0,5.0,False,3.7.0
2026-03-24 02:53:00-04:00,1774335180000,24409.0,False,False,0,0,BN_LONG_UP,9,3,9.0,9.0,5.0,False,3.7.0
2026-03-24 02:53:59-04:00,1774335239000,24401.5,False,False,0,0,BN_LONG_DN,7,8,9.0,9.0,5.0,False,3.7.0
2026-03-24 02:55:00-04:00,1774335300000,24404.0,False,False,0,0,CONFLUENCE_BUY,8,3,9.0,9.0,5.0,False,3.7.0
2026-03-24 02:56:00-04:00,1774335360000,24399.25,False,False,0,0,CONFLUENCE_BUY,9,5,9.0,9.0,5.0,False,3.7.0
2026-03-24 02:56:59-04:00,1774335419000,24399.25,False,False,0,0,CONFLUENCE_BUY,7,6,9.0,9.0,5.0,False,3.7.0
2026-03-24 02:58:00-04:00,1774335480000,24402.25,False,False,0,0,CONFLUENCE_BUY,7,5,9.0,9.0,5.0,False,3.7.0
2026-03-24 02:59:00-04:00,1774335540000,24406.5,False,False,0,0,CONFLUENCE_BUY,8,3,-6.5,9.0,5.0,False,3.7.0
2026-03-24 02:59:59-04:00,1774335599000,24415.0,False,False,0,0,BN_LONG_UP,7,3,9.0,9.0,5.0,False,3.7.0
2026-03-24 03:01:00-04:00,1774335660000,24376.0,False,False,0,0,RVOL_SPIKE_SELL,7,9,9.0,9.0,5.0,False,3.7.0
2026-03-24 03:02:00-04:00,1774335720000,24383.25,False,False,0,0,BN_LONG_DN,5,6,9.0,9.0,5.0,False,3.7.0
2026-03-24 03:02:59-04:00,1774335779000,24404.0,False,False,0,0,BN_LONG_UP,7,4,9.0,9.0,5.0,False,3.7.0
2026-03-24 03:04:00-04:00,1774335840000,24403.5,False,False,0,0,BN_LONG_UP,6,5,9.0,9.0,5.0,False,3.7.0
2026-03-24 03:05:00-04:00,1774335900000,24399.5,False,False,0,0,BN_LONG_DN,7,6,9.0,9.0,5.0,False,3.7.0
2026-03-24 03:05:59-04:00,1774335959000,24401.5,True,False,1,1,BN_LONG_UP,7,8,9.0,9.0,5.0,False,3.7.0
2026-03-24 03:07:00-04:00,1774336020000,24419.75,True,False,-1,5,BN_LONG_UP,8,3,9.0,9.0,5.0,False,3.7.0
2026-03-24 03:08:00-04:00,1774336080000,24417.5,True,False,0,2,CONFLUENCE_BUY,6,4,-23.75,9.0,5.0,False,3.7.0
2026-03-24 03:09:00-04:00,1774336140000,24413.0,True,False,1,1,BN_LONG_DN,6,5,9.0,9.0,5.0,False,3.7.0
2026-03-24 03:09:59-04:00,1774336199000,24420.5,True,False,-1,4,BN_LONG_DN,8,4,9.0,9.0,5.0,False,3.7.0
2026-03-24 03:11:00-04:00,1774336260000,24422.75,True,False,-1,3,CONFLUENCE_BUY,7,4,9.0,9.0,5.0,False,3.7.0
2026-03-24 03:12:00-04:00,1774336320000,24417.25,True,False,-1,1,BN_LONG_DN,6,5,9.0,9.0,5.0,False,3.7.0
2026-03-24 03:12:59-04:00,1774336379000,24411.5,True,False,-1,3,CONFLUENCE_BUY,6,3,9.0,9.0,5.0,False,3.7.0
2026-03-24 03:14:00-04:00,1774336440000,24413.0,True,False,-1,1,BN_LONG_DN,5,6,9.0,9.0,5.0,False,3.7.0
2026-03-24 03:15:00-04:00,1774336500000,24389.5,True,False,-1,3,BN_LONG_DN,4,7,9.0,9.0,5.0,False,3.7.0
2026-03-24 03:15:59-04:00,1774336559000,24377.0,True,False,0,0,BN_LONG_DN,5,5,-1.25,9.0,5.0,False,3.7.0
2026-03-24 03:17:00-04:00,1774336620000,24371.25,True,False,1,2,CONFLUENCE_SELL,5,7,9.0,9.0,5.0,False,3.7.0
2026-03-24 03:18:00-04:00,1774336680000,24384.0,True,False,1,0,NONE,5,5,9.0,9.0,5.0,False,3.7.0
2026-03-24 03:18:59-04:00,1774336739000,24400.0,True,False,-1,3,CONFLUENCE_BUY,8,5,9.0,9.0,5.0,False,3.7.0
2026-03-24 03:20:00-04:00,1774336800000,24384.5,True,False,1,2,CONFLUENCE_SELL,5,7,9.0,9.0,5.0,False,3.7.0
2026-03-24 03:21:00-04:00,1774336860000,24389.0,True,False,0,2,BN_LONG_DN,7,5,-11.0,9.0,5.0,False,3.7.0
2026-03-24 03:21:59-04:00,1774336919000,24388.25,True,False,0,0,NONE,5,5,-6.5,9.0,5.0,False,3.7.0
2026-03-24 03:23:00-04:00,1774336980000,24391.5,True,False,-1,2,BN_LONG_UP,6,4,9.0,9.0,5.0,False,3.7.0
2026-03-24 03:24:00-04:00,1774337040000,24394.5,True,False,-1,1,CONFLUENCE_BUY,5,4,9.0,9.0,5.0,False,3.7.0
2026-03-24 03:25:00-04:00,1774337100000,24379.75,True,False,1,0,NONE,6,6,9.0,9.0,5.0,False,3.7.0
2026-03-24 03:25:59-04:00,1774337159000,24380.75,True,False,1,1,BN_LONG_DN,7,6,9.0,9.0,5.0,False,3.7.0
2026-03-24 03:27:00-04:00,1774337220000,24385.0,True,False,0,2,CONFLUENCE_BUY,6,4,23.0,9.0,5.0,False,3.7.0
2026-03-24 03:28:00-04:00,1774337280000,24393.75,True,False,-1,1,BN_LONG_UP,6,5,9.0,9.0,5.0,False,3.7.0
2026-03-24 03:28:59-04:00,1774337339000,24385.0,True,False,-1,3,BN_LONG_DN,3,6,9.0,9.0,5.0,False,3.7.0
2026-03-24 03:30:00-04:00,1774337400000,24371.0,True,False,1,1,BN_LONG_DN,5,6,9.0,9.0,5.0,False,3.7.0
2026-03-24 03:31:00-04:00,1774337460000,24372.0,True,False,1,0,NONE,5,5,9.0,9.0,5.0,False,3.7.0
2026-03-24 03:31:59-04:00,1774337519000,24375.0,True,False,1,1,CONFLUENCE_SELL,4,5,9.0,9.0,5.0,False,3.7.0
2026-03-24 03:33:00-04:00,1774337580000,24373.5,True,False,1,2,BN_LONG_DN,4,6,9.0,9.0,5.0,False,3.7.0
2026-03-24 03:34:00-04:00,1774337640000,24385.0,True,False,-1,1,CONFLUENCE_BUY,5,4,9.0,9.0,5.0,False,3.7.0
2026-03-24 03:34:59-04:00,1774337699000,24368.25,True,False,1,2,BN_LONG_DN,5,7,9.0,9.0,5.0,False,3.7.0
2026-03-24 03:36:00-04:00,1774337760000,24375.75,True,False,1,2,BN_LONG_UP,6,4,9.0,9.0,5.0,False,3.7.0
2026-03-24 03:37:00-04:00,1774337820000,24381.5,True,False,0,2,BN_LONG_UP,5,7,-22.5,9.0,5.0,False,3.7.0
2026-03-24 03:38:00-04:00,1774337880000,24388.25,True,False,-1,1,BN_LONG_UP,5,4,9.0,9.0,5.0,False,3.7.0
2026-03-24 03:38:59-04:00,1774337939000,24388.75,True,False,-1,0,BN_LONG_UP,4,4,9.0,9.0,5.0,False,3.7.0
2026-03-24 03:40:00-04:00,1774338000000,24387.75,True,False,-1,2,BN_LONG_UP,6,4,9.0,9.0,5.0,False,3.7.0
2026-03-24 03:41:00-04:00,1774338060000,24378.0,True,False,-1,1,CONFLUENCE_BUY,5,4,9.0,9.0,5.0,False,3.7.0
2026-03-24 03:41:59-04:00,1774338119000,24381.75,True,False,-1,4,BN_LONG_UP,8,4,9.0,9.0,5.0,False,3.7.0
2026-03-24 03:43:00-04:00,1774338180000,24369.0,True,False,1,3,BN_LONG_DN,6,9,9.0,9.0,5.0,False,3.7.0
2026-03-24 03:44:00-04:00,1774338240000,24370.25,True,False,1,3,BN_LONG_DN,8,5,9.0,9.0,5.0,False,3.7.0
2026-03-24 03:44:59-04:00,1774338299000,24382.0,True,False,1,3,BN_LONG_UP,8,5,9.0,9.0,5.0,False,3.7.0
2026-03-24 03:46:00-04:00,1774338360000,24396.25,True,False,1,6,RVOL_SPIKE_BUY,9,3,9.0,9.0,5.0,False,3.7.0
2026-03-24 03:47:00-04:00,1774338420000,24408.0,True,False,-1,1,CONFLUENCE_BUY,5,4,9.0,9.0,5.0,False,3.7.0
2026-03-24 03:47:59-04:00,1774338479000,24412.5,True,False,-1,1,CONFLUENCE_BUY,4,3,9.0,9.0,5.0,False,3.7.0
2026-03-24 03:49:00-04:00,1774338540000,24400.25,True,False,-1,1,BN_LONG_UP,7,6,9.0,9.0,5.0,False,3.7.0
2026-03-24 03:50:00-04:00,1774338600000,24399.5,True,False,-1,3,BN_LONG_DN,8,5,9.0,9.0,5.0,False,3.7.0
2026-03-24 03:50:59-04:00,1774338659000,24371.25,True,False,-1,2,BN_LONG_DN,5,7,9.0,9.0,5.0,False,3.7.0
2026-03-24 03:52:00-04:00,1774338720000,24340.25,True,False,-1,4,VWAP_TRIPLE_BEAR,7,11,9.0,9.0,5.0,False,3.7.0
2026-03-24 03:53:00-04:00,1774338780000,24308.0,True,False,1,2,VWAP_TRIPLE_BEAR,8,6,9.0,9.0,5.0,False,3.7.0
2026-03-24 03:54:00-04:00,1774338840000,24337.5,True,False,1,0,VWAP_TRIPLE_BEAR,7,7,9.0,9.0,5.0,False,3.7.0
2026-03-24 03:54:59-04:00,1774338899000,24346.0,True,False,1,2,VWAP_TRIPLE_BEAR,5,7,9.0,9.0,5.0,False,3.7.0
2026-03-24 03:56:00-04:00,1774338960000,24351.75,True,False,1,3,VWAP_TRIPLE_BEAR,4,7,9.0,9.0,5.0,False,3.7.0
2026-03-24 03:57:00-04:00,1774339020000,24359.0,True,False,1,1,VWAP_TRIPLE_BEAR,5,6,9.0,9.0,5.0,False,3.7.0
2026-03-24 03:57:59-04:00,1774339079000,24356.75,True,False,1,3,VWAP_TRIPLE_BEAR,4,7,9.0,9.0,5.0,False,3.7.0
2026-03-24 03:59:00-04:00,1774339140000,24383.0,True,False,1,2,BN_LONG_UP,8,6,9.0,9.0,5.0,False,3.7.0
2026-03-24 04:00:00-04:00,1774339200000,24392.75,True,False,-1,3,BN_LONG_UP,7,4,9.0,9.0,5.0,False,3.7.0
2026-03-24 04:00:59-04:00,1774339259000,24380.75,True,False,-1,1,BN_LONG_UP,6,7,9.0,9.0,5.0,False,3.7.0
2026-03-24 04:02:00-04:00,1774339320000,24380.25,True,False,-1,1,CONFLUENCE_BUY,6,5,9.0,9.0,5.0,False,3.7.0
2026-03-24 04:03:00-04:00,1774339380000,24377.75,True,False,-1,2,BN_LONG_DN,7,5,9.0,9.0,5.0,False,3.7.0
2026-03-24 04:03:59-04:00,1774339439000,24354.25,True,False,-1,4,VWAP_TRIPLE_BEAR,4,8,9.0,9.0,5.0,False,3.7.0
2026-03-24 04:05:00-04:00,1774339500000,24345.25,True,False,-1,5,VWAP_TRIPLE_BEAR,3,8,9.0,9.0,5.0,False,3.7.0
2026-03-24 04:06:00-04:00,1774339560000,24348.0,True,False,-1,1,VWAP_TRIPLE_BEAR,7,6,9.0,9.0,5.0,False,3.7.0
2026-03-24 04:06:59-04:00,1774339619000,24343.25,True,False,-1,3,VWAP_TRIPLE_BEAR,5,8,9.0,9.0,5.0,False,3.7.0
2026-03-24 04:08:00-04:00,1774339680000,24337.25,True,False,-1,3,VWAP_TRIPLE_BEAR,5,8,9.0,9.0,5.0,False,3.7.0
2026-03-24 04:09:00-04:00,1774339740000,24340.75,True,False,-1,1,VWAP_TRIPLE_BEAR,5,6,9.0,9.0,5.0,False,3.7.0
2026-03-24 04:10:00-04:00,1774339800000,24333.25,True,False,0,2,VWAP_TRIPLE_BEAR,4,6,10.75,9.0,5.0,False,3.7.0
2026-03-24 04:10:59-04:00,1774339859000,24328.0,True,False,1,3,VWAP_TRIPLE_BEAR,4,7,9.0,9.0,5.0,False,3.7.0
2026-03-24 04:12:00-04:00,1774339920000,24333.5,True,False,1,0,VWAP_TRIPLE_BEAR,6,6,9.0,9.0,5.0,False,3.7.0
2026-03-24 04:13:00-04:00,1774339980000,24355.25,True,False,-1,0,VWAP_TRIPLE_BEAR,6,6,9.0,9.0,5.0,False,3.7.0
2026-03-24 04:13:59-04:00,1774340039000,24345.25,True,False,-1,5,VWAP_TRIPLE_BEAR,3,8,9.0,9.0,5.0,False,3.7.0
2026-03-24 04:15:00-04:00,1774340100000,24336.0,True,False,0,4,VWAP_TRIPLE_BEAR,4,8,-38.0,9.0,5.0,False,3.7.0
2026-03-24 04:16:00-04:00,1774340160000,24330.75,True,False,1,6,VWAP_TRIPLE_BEAR,3,9,9.0,9.0,5.0,False,3.7.0
2026-03-24 04:16:59-04:00,1774340219000,24333.0,True,False,1,1,VWAP_TRIPLE_BEAR,6,7,9.0,9.0,5.0,False,3.7.0
2026-03-24 04:18:00-04:00,1774340280000,24341.75,True,False,-1,5,VWAP_TRIPLE_BEAR,3,8,9.0,9.0,5.0,False,3.7.0
2026-03-24 04:19:00-04:00,1774340340000,24337.25,True,False,0,3,VWAP_TRIPLE_BEAR,5,8,-59.25,9.0,5.0,False,3.7.0
2026-03-24 04:19:59-04:00,1774340399000,24333.75,True,False,1,2,VWAP_TRIPLE_BEAR,5,7,9.0,9.0,5.0,False,3.7.0
2026-03-24 04:21:00-04:00,1774340460000,24334.5,True,False,0,4,VWAP_TRIPLE_BEAR,4,8,-46.5,9.0,5.0,False,3.7.0
2026-03-24 04:22:00-04:00,1774340520000,24329.5,True,False,1,1,VWAP_TRIPLE_BEAR,5,6,9.0,9.0,5.0,False,3.7.0
2026-03-24 04:23:00-04:00,1774340580000,24334.0,True,False,1,3,VWAP_TRIPLE_BEAR,4,7,9.0,9.0,5.0,False,3.7.0
2026-03-24 04:23:59-04:00,1774340639000,24346.0,True,False,1,2,VWAP_TRIPLE_BEAR,5,7,9.0,9.0,5.0,False,3.7.0
2026-03-24 04:25:00-04:00,1774340700000,24352.75,True,False,1,3,VWAP_TRIPLE_BEAR,4,7,9.0,9.0,5.0,False,3.7.0
2026-03-24 04:26:00-04:00,1774340760000,24367.25,True,False,-1,2,CONFLUENCE_BUY,7,5,9.0,9.0,5.0,False,3.7.0
2026-03-24 04:26:59-04:00,1774340819000,24369.75,True,False,-1,1,CONFLUENCE_BUY,6,5,9.0,9.0,5.0,False,3.7.0
2026-03-24 04:28:00-04:00,1774340880000,24363.5,True,False,-1,4,BN_LONG_DN,4,8,9.0,9.0,5.0,False,3.7.0
2026-03-24 04:29:00-04:00,1774340940000,24356.25,True,False,-1,3,VWAP_TRIPLE_BEAR,4,7,9.0,9.0,5.0,False,3.7.0
2026-03-24 04:29:59-04:00,1774340999000,24344.0,True,False,-1,5,VWAP_TRIPLE_BEAR,4,9,9.0,9.0,5.0,False,3.7.0
2026-03-24 04:31:00-04:00,1774341060000,24333.75,True,False,-1,2,VWAP_TRIPLE_BEAR,5,7,9.0,9.0,5.0,False,3.7.0
2026-03-24 04:32:00-04:00,1774341120000,24320.0,True,False,-1,5,VWAP_TRIPLE_BEAR,5,10,9.0,9.0,5.0,False,3.7.0
2026-03-24 04:32:59-04:00,1774341179000,24296.5,True,False,0,7,VWAP_TRIPLE_BEAR,5,12,1.5,9.0,5.0,False,3.7.0
2026-03-24 04:34:00-04:00,1774341240000,24303.0,True,False,-1,1,VWAP_TRIPLE_BEAR,7,6,9.0,9.0,5.0,False,3.7.0
2026-03-24 04:35:00-04:00,1774341300000,24298.0,True,False,-1,5,VWAP_TRIPLE_BEAR,5,10,9.0,9.0,5.0,False,3.7.0
2026-03-24 04:35:59-04:00,1774341359000,24297.0,True,False,-1,4,VWAP_TRIPLE_BEAR,4,8,9.0,9.0,5.0,False,3.7.0
2026-03-24 04:37:00-04:00,1774341420000,24279.25,True,False,0,8,VWAP_TRIPLE_BEAR,6,14,4.0,9.0,5.0,False,3.7.0
2026-03-24 04:38:00-04:00,1774341480000,24280.0,True,False,0,5,VWAP_TRIPLE_BEAR,4,9,-1.75,9.0,5.0,False,3.7.0
2026-03-24 04:39:00-04:00,1774341540000,24278.0,True,False,1,1,VWAP_TRIPLE_BEAR,6,7,9.0,9.0,5.0,False,3.7.0
2026-03-24 04:39:59-04:00,1774341599000,24287.0,True,False,-1,2,VWAP_TRIPLE_BEAR,5,7,9.0,9.0,5.0,False,3.7.0
2026-03-24 04:41:00-04:00,1774341660000,24288.0,True,False,-1,3,VWAP_TRIPLE_BEAR,4,7,9.0,9.0,5.0,False,3.7.0
2026-03-24 04:42:00-04:00,1774341720000,24285.0,True,False,-1,4,VWAP_TRIPLE_BEAR,5,9,9.0,9.0,5.0,False,3.7.0
2026-03-24 04:42:59-04:00,1774341779000,24271.25,True,False,1,4,VWAP_TRIPLE_BEAR,6,10,9.0,9.0,5.0,False,3.7.0
2026-03-24 04:44:00-04:00,1774341840000,24271.5,True,False,1,1,VWAP_TRIPLE_BEAR,7,8,9.0,9.0,5.0,False,3.7.0
2026-03-24 04:45:00-04:00,1774341900000,24275.5,True,False,1,2,VWAP_TRIPLE_BEAR,6,8,9.0,9.0,5.0,False,3.7.0
2026-03-24 04:45:59-04:00,1774341959000,24274.0,True,False,1,0,VWAP_TRIPLE_BEAR,7,7,9.0,9.0,5.0,False,3.7.0
2026-03-24 04:47:00-04:00,1774342020000,24277.5,True,False,0,1,VWAP_TRIPLE_BEAR,6,7,-19.25,9.0,5.0,False,3.7.0
2026-03-24 04:48:00-04:00,1774342080000,24276.5,True,False,1,2,VWAP_TRIPLE_BEAR,6,8,9.0,9.0,5.0,False,3.7.0
2026-03-24 04:48:59-04:00,1774342139000,24271.75,True,False,1,3,VWAP_TRIPLE_BEAR,5,8,9.0,9.0,5.0,False,3.7.0
2026-03-24 04:50:00-04:00,1774342200000,24274.0,True,False,1,2,VWAP_TRIPLE_BEAR,7,9,9.0,9.0,5.0,False,3.7.0
2026-03-24 04:51:00-04:00,1774342260000,24273.75,True,False,1,2,VWAP_TRIPLE_BEAR,6,8,9.0,9.0,5.0,False,3.7.0
2026-03-24 04:51:59-04:00,1774342319000,24303.25,True,False,-1,3,VWAP_TRIPLE_BEAR,6,9,9.0,9.0,5.0,False,3.7.0
2026-03-24 04:53:00-04:00,1774342380000,24298.0,True,False,-1,1,VWAP_TRIPLE_BEAR,6,7,9.0,9.0,5.0,False,3.7.0
2026-03-24 04:54:00-04:00,1774342440000,24298.75,True,False,-1,5,VWAP_TRIPLE_BEAR,3,8,9.0,9.0,5.0,False,3.7.0
2026-03-24 04:55:00-04:00,1774342500000,24290.25,True,False,-1,2,VWAP_TRIPLE_BEAR,6,8,9.0,9.0,5.0,False,3.7.0
2026-03-24 04:55:59-04:00,1774342559000,24277.5,True,False,1,6,VWAP_TRIPLE_BEAR,5,11,9.0,9.0,5.0,False,3.7.0
2026-03-24 04:57:00-04:00,1774342620000,24283.25,True,False,-1,2,VWAP_TRIPLE_BEAR,6,8,9.0,9.0,5.0,False,3.7.0
2026-03-24 04:58:00-04:00,1774342680000,24278.25,True,False,1,2,VWAP_TRIPLE_BEAR,6,8,9.0,9.0,5.0,False,3.7.0
2026-03-24 04:58:59-04:00,1774342739000,24280.25,True,False,0,0,VWAP_TRIPLE_BEAR,7,7,-37.25,9.0,5.0,False,3.7.0
2026-03-24 05:00:00-04:00,1774342800000,24273.5,True,False,1,4,VWAP_TRIPLE_BEAR,5,9,9.0,9.0,5.0,False,3.7.0
2026-03-24 05:01:00-04:00,1774342860000,24278.75,True,False,1,5,VWAP_TRIPLE_BEAR,4,9,9.0,9.0,5.0,False,3.7.0
2026-03-24 05:01:59-04:00,1774342919000,24292.0,True,False,-1,1,VWAP_TRIPLE_BEAR,7,6,9.0,9.0,5.0,False,3.7.0
2026-03-24 05:03:00-04:00,1774342980000,24287.75,True,False,-1,3,VWAP_TRIPLE_BEAR,5,8,9.0,9.0,5.0,False,3.7.0
2026-03-24 05:04:00-04:00,1774343040000,24275.0,True,False,-1,2,VWAP_TRIPLE_BEAR,6,8,9.0,9.0,5.0,False,3.7.0
2026-03-24 05:04:59-04:00,1774343099000,24276.25,True,False,-1,4,VWAP_TRIPLE_BEAR,5,9,9.0,9.0,5.0,False,3.7.0
2026-03-24 05:06:00-04:00,1774343160000,24268.0,True,False,-1,3,VWAP_TRIPLE_BEAR,7,10,9.0,9.0,5.0,False,3.7.0
2026-03-24 05:07:00-04:00,1774343220000,24258.25,True,False,-1,5,VWAP_TRIPLE_BEAR,5,10,9.0,9.0,5.0,False,3.7.0
2026-03-24 05:08:00-04:00,1774343280000,24240.5,True,False,0,3,VWAP_TRIPLE_BEAR,6,9,-2.0,9.0,5.0,False,3.7.0
2026-03-24 05:08:59-04:00,1774343339000,24232.0,True,False,1,2,VWAP_TRIPLE_BEAR,6,8,9.0,9.0,5.0,False,3.7.0
2026-03-24 05:10:00-04:00,1774343400000,24240.25,True,False,1,3,VWAP_TRIPLE_BEAR,6,9,9.0,9.0,5.0,False,3.7.0
2026-03-24 05:11:00-04:00,1774343460000,24256.75,True,False,-1,5,VWAP_TRIPLE_BEAR,5,10,9.0,9.0,5.0,False,3.7.0
2026-03-24 05:11:59-04:00,1774343519000,24252.25,True,False,-1,2,VWAP_TRIPLE_BEAR,6,8,9.0,9.0,5.0,False,3.7.0
2026-03-24 05:13:00-04:00,1774343580000,24252.5,True,False,-1,2,VWAP_TRIPLE_BEAR,6,8,9.0,9.0,5.0,False,3.7.0
2026-03-24 05:14:00-04:00,1774343640000,24255.0,True,False,-1,0,VWAP_TRIPLE_BEAR,7,7,9.0,9.0,5.0,False,3.7.0
2026-03-24 05:14:59-04:00,1774343699000,24254.0,True,False,-1,1,VWAP_TRIPLE_BEAR,9,8,9.0,9.0,5.0,False,3.7.0
2026-03-24 05:16:00-04:00,1774343760000,24257.0,True,False,-1,2,VWAP_TRIPLE_BEAR,6,8,9.0,9.0,5.0,False,3.7.0
2026-03-24 05:17:00-04:00,1774343820000,24254.0,True,False,-1,0,VWAP_TRIPLE_BEAR,7,7,9.0,9.0,5.0,False,3.7.0
2026-03-24 05:17:59-04:00,1774343879000,24239.0,True,False,1,4,VWAP_TRIPLE_BEAR,5,9,9.0,9.0,5.0,False,3.7.0
2026-03-24 05:19:00-04:00,1774343940000,24243.0,True,False,1,2,VWAP_TRIPLE_BEAR,6,8,9.0,9.0,5.0,False,3.7.0
2026-03-24 05:20:00-04:00,1774344000000,24239.5,True,False,1,0,VWAP_TRIPLE_BEAR,7,7,9.0,9.0,5.0,False,3.7.0
2026-03-24 05:20:59-04:00,1774344059000,24245.5,True,False,1,4,VWAP_TRIPLE_BEAR,6,10,9.0,9.0,5.0,False,3.7.0
2026-03-24 05:22:00-04:00,1774344120000,24246.75,True,False,1,2,VWAP_TRIPLE_BEAR,6,8,9.0,9.0,5.0,False,3.7.0
2026-03-24 05:23:00-04:00,1774344180000,24257.25,True,False,-1,4,VWAP_TRIPLE_BEAR,11,7,9.0,9.0,5.0,False,3.7.0
2026-03-24 05:24:00-04:00,1774344240000,24248.0,True,False,1,3,VWAP_TRIPLE_BEAR,6,9,9.0,9.0,5.0,False,3.7.0
2026-03-24 05:24:59-04:00,1774344299000,24269.5,True,False,-1,2,VWAP_TRIPLE_BEAR,9,7,9.0,9.0,5.0,False,3.7.0
2026-03-24 05:26:00-04:00,1774344360000,24253.25,True,False,-1,4,VWAP_TRIPLE_BEAR,7,11,9.0,9.0,5.0,False,3.7.0
2026-03-24 05:27:00-04:00,1774344420000,24235.25,True,False,1,4,VWAP_TRIPLE_BEAR,5,9,9.0,9.0,5.0,False,3.7.0
2026-03-24 05:27:59-04:00,1774344479000,24238.5,True,False,1,3,VWAP_TRIPLE_BEAR,6,9,9.0,9.0,5.0,False,3.7.0
2026-03-24 05:29:00-04:00,1774344540000,24254.5,True,False,1,0,VWAP_TRIPLE_BEAR,8,8,9.0,9.0,5.0,False,3.7.0
2026-03-24 05:30:00-04:00,1774344600000,24263.75,True,False,1,1,VWAP_TRIPLE_BEAR,7,8,9.0,9.0,5.0,False,3.7.0
2026-03-24 05:30:59-04:00,1774344659000,24313.0,True,False,-1,2,VWAP_TRIPLE_BEAR,8,6,9.0,9.0,5.0,False,3.7.0
2026-03-24 05:32:00-04:00,1774344720000,24289.0,True,False,1,2,VWAP_TRIPLE_BEAR,6,8,9.0,9.0,5.0,False,3.7.0
2026-03-24 05:33:00-04:00,1774344780000,24286.75,True,False,1,2,VWAP_TRIPLE_BEAR,8,6,9.0,9.0,5.0,False,3.7.0
2026-03-24 05:33:59-04:00,1774344839000,24304.25,True,False,-1,2,VWAP_TRIPLE_BEAR,7,9,9.0,9.0,5.0,False,3.7.0
2026-03-24 05:35:00-04:00,1774344900000,24272.0,True,False,-1,2,VWAP_TRIPLE_BEAR,10,8,9.0,9.0,5.0,False,3.7.0
2026-03-24 05:36:00-04:00,1774344960000,24248.25,True,False,-1,2,VWAP_TRIPLE_BEAR,7,9,9.0,9.0,5.0,False,3.7.0
2026-03-24 05:36:59-04:00,1774345019000,24236.75,True,False,1,4,VWAP_TRIPLE_BEAR,6,10,9.0,9.0,5.0,False,3.7.0
2026-03-24 05:38:00-04:00,1774345080000,24249.0,True,False,-1,2,VWAP_TRIPLE_BEAR,6,8,9.0,9.0,5.0,False,3.7.0
2026-03-24 05:39:00-04:00,1774345140000,24209.25,True,False,-1,3,VWAP_TRIPLE_BEAR,7,10,9.0,9.0,5.0,False,3.7.0
2026-03-24 05:40:00-04:00,1774345200000,24179.0,True,False,-1,0,VWAP_TRIPLE_BEAR,8,8,9.0,9.0,5.0,False,3.7.0
2026-03-24 05:40:59-04:00,1774345259000,24141.5,True,False,1,1,VWAP_TRIPLE_BEAR,8,9,9.0,9.0,5.0,False,3.7.0
2026-03-24 05:42:00-04:00,1774345320000,24197.75,True,False,-1,2,VWAP_TRIPLE_BEAR,10,8,9.0,9.0,5.0,False,3.7.0
2026-03-24 05:43:00-04:00,1774345380000,24173.5,True,False,1,0,VWAP_TRIPLE_BEAR,8,8,9.0,9.0,5.0,False,3.7.0
2026-03-24 05:43:59-04:00,1774345439000,24188.0,True,False,1,2,VWAP_TRIPLE_BEAR,9,7,9.0,9.0,5.0,False,3.7.0
2026-03-24 05:45:00-04:00,1774345500000,24188.75,True,False,1,4,VWAP_TRIPLE_BEAR,6,10,9.0,9.0,5.0,False,3.7.0
2026-03-24 05:46:00-04:00,1774345560000,24223.25,True,False,-1,0,VWAP_TRIPLE_BEAR,9,9,9.0,9.0,5.0,False,3.7.0
2026-03-24 05:46:59-04:00,1774345619000,24206.25,True,False,-1,4,VWAP_TRIPLE_BEAR,6,10,9.0,9.0,5.0,False,3.7.0
2026-03-24 05:48:00-04:00,1774345680000,24171.75,True,False,-1,0,VWAP_TRIPLE_BEAR,8,8,9.0,9.0,5.0,False,3.7.0
2026-03-24 05:49:00-04:00,1774345740000,24154.75,True,False,-1,1,VWAP_TRIPLE_BEAR,7,8,9.0,9.0,5.0,False,3.7.0
2026-03-24 05:49:59-04:00,1774345799000,24145.25,True,False,1,0,VWAP_TRIPLE_BEAR,8,8,9.0,9.0,5.0,False,3.7.0
2026-03-24 05:51:00-04:00,1774345860000,24143.25,True,False,1,2,VWAP_TRIPLE_BEAR,9,7,9.0,9.0,5.0,False,3.7.0
2026-03-24 05:52:00-04:00,1774345920000,24178.0,True,False,0,2,VWAP_TRIPLE_BEAR,8,10,42.0,9.0,5.0,False,3.7.0
2026-03-24 05:53:00-04:00,1774345980000,24185.0,True,False,-1,1,VWAP_TRIPLE_BEAR,9,8,9.0,9.0,5.0,False,3.7.0
2026-03-24 05:53:59-04:00,1774346039000,24165.0,True,False,1,2,VWAP_TRIPLE_BEAR,7,9,9.0,9.0,5.0,False,3.7.0
2026-03-24 05:55:00-04:00,1774346100000,24173.5,True,False,1,3,VWAP_TRIPLE_BEAR,6,9,9.0,9.0,5.0,False,3.7.0
2026-03-24 05:56:00-04:00,1774346160000,24184.25,True,False,1,5,VWAP_TRIPLE_BEAR,4,9,9.0,9.0,5.0,False,3.7.0
2026-03-24 05:56:59-04:00,1774346219000,24207.0,True,False,1,3,VWAP_TRIPLE_BEAR,6,9,9.0,9.0,5.0,False,3.7.0
2026-03-24 05:58:00-04:00,1774346280000,24208.75,True,False,1,5,VWAP_TRIPLE_BEAR,5,10,9.0,9.0,5.0,False,3.7.0
2026-03-24 05:59:00-04:00,1774346340000,24215.75,True,False,1,3,VWAP_TRIPLE_BEAR,6,9,9.0,9.0,5.0,False,3.7.0
2026-03-24 05:59:59-04:00,1774346399000,24242.5,True,False,-1,1,VWAP_TRIPLE_BEAR,8,9,9.0,9.0,5.0,False,3.7.0
2026-03-24 06:01:00-04:00,1774346460000,24224.75,True,False,0,3,VWAP_TRIPLE_BEAR,7,10,4.75,9.0,5.0,False,3.7.0
2026-03-24 06:02:00-04:00,1774346520000,24231.0,True,False,-1,2,VWAP_TRIPLE_BEAR,7,9,9.0,9.0,5.0,False,3.7.0
2026-03-24 06:02:59-04:00,1774346579000,24219.75,True,False,1,1,VWAP_TRIPLE_BEAR,7,8,9.0,9.0,5.0,False,3.7.0
2026-03-24 06:04:00-04:00,1774346640000,24235.25,True,False,-1,1,VWAP_TRIPLE_BEAR,8,7,9.0,9.0,5.0,False,3.7.0
2026-03-24 06:05:00-04:00,1774346700000,24211.0,True,False,1,1,VWAP_TRIPLE_BEAR,7,8,9.0,9.0,5.0,False,3.7.0
2026-03-24 06:05:59-04:00,1774346759000,24232.5,True,False,1,1,VWAP_TRIPLE_BEAR,6,7,9.0,9.0,5.0,False,3.7.0
2026-03-24 06:07:00-04:00,1774346820000,24266.0,True,False,0,4,VWAP_TRIPLE_BEAR,5,9,-28.75,9.0,5.0,False,3.7.0
2026-03-24 06:08:00-04:00,1774346880000,24259.25,True,False,1,5,VWAP_TRIPLE_BEAR,5,10,9.0,9.0,5.0,False,3.7.0
2026-03-24 06:09:00-04:00,1774346940000,24275.0,True,False,-1,0,VWAP_TRIPLE_BEAR,7,7,9.0,9.0,5.0,False,3.7.0
2026-03-24 06:09:59-04:00,1774346999000,24258.75,True,False,-1,2,VWAP_TRIPLE_BEAR,9,7,9.0,9.0,5.0,False,3.7.0
2026-03-24 06:11:00-04:00,1774347060000,24243.75,True,False,-1,1,VWAP_TRIPLE_BEAR,7,6,9.0,9.0,5.0,False,3.7.0
2026-03-24 06:12:00-04:00,1774347120000,24220.0,True,False,-1,2,VWAP_TRIPLE_BEAR,6,8,9.0,9.0,5.0,False,3.7.0
2026-03-24 06:12:59-04:00,1774347179000,24194.75,True,False,1,1,VWAP_TRIPLE_BEAR,8,7,9.0,9.0,5.0,False,3.7.0
2026-03-24 06:14:00-04:00,1774347240000,24222.5,True,False,-1,6,VWAP_TRIPLE_BEAR,4,10,9.0,9.0,5.0,False,3.7.0
2026-03-24 06:15:00-04:00,1774347300000,24212.75,True,False,-1,4,VWAP_TRIPLE_BEAR,5,9,9.0,9.0,5.0,False,3.7.0
2026-03-24 06:15:59-04:00,1774347359000,24192.25,True,False,1,1,VWAP_TRIPLE_BEAR,7,8,9.0,9.0,5.0,False,3.7.0
2026-03-24 06:17:00-04:00,1774347420000,24213.25,True,False,1,5,VWAP_TRIPLE_BEAR,5,10,9.0,9.0,5.0,False,3.7.0
2026-03-24 06:18:00-04:00,1774347480000,24223.0,True,False,0,3,VWAP_TRIPLE_BEAR,5,8,-22.25,9.0,5.0,False,3.7.0
2026-03-24 06:18:59-04:00,1774347539000,24226.25,True,False,-1,1,VWAP_TRIPLE_BEAR,6,7,9.0,9.0,5.0,False,3.7.0
2026-03-24 06:20:00-04:00,1774347600000,24224.75,True,False,-1,4,VWAP_TRIPLE_BEAR,5,9,9.0,9.0,5.0,False,3.7.0
2026-03-24 06:21:00-04:00,1774347660000,24229.5,True,False,-1,3,VWAP_TRIPLE_BEAR,4,7,9.0,9.0,5.0,False,3.7.0
2026-03-24 06:21:59-04:00,1774347719000,24186.75,True,False,1,2,VWAP_TRIPLE_BEAR,6,8,9.0,9.0,5.0,False,3.7.0
2026-03-24 06:23:00-04:00,1774347780000,24198.5,True,False,-1,0,VWAP_TRIPLE_BEAR,8,8,9.0,9.0,5.0,False,3.7.0
2026-03-24 06:24:00-04:00,1774347840000,24202.25,True,False,-1,0,VWAP_TRIPLE_BEAR,7,7,9.0,9.0,5.0,False,3.7.0
2026-03-24 06:25:00-04:00,1774347900000,24185.75,True,False,1,3,VWAP_TRIPLE_BEAR,5,8,9.0,9.0,5.0,False,3.7.0
2026-03-24 06:25:59-04:00,1774347959000,24205.0,True,False,1,1,VWAP_TRIPLE_BEAR,7,8,9.0,9.0,5.0,False,3.7.0
2026-03-24 06:27:00-04:00,1774348020000,24237.25,True,False,-1,0,VWAP_TRIPLE_BEAR,7,7,9.0,9.0,5.0,False,3.7.0
2026-03-24 06:28:00-04:00,1774348080000,24234.0,True,False,-1,3,VWAP_TRIPLE_BEAR,4,7,9.0,9.0,5.0,False,3.7.0
2026-03-24 06:28:59-04:00,1774348139000,24204.75,True,False,1,3,VWAP_TRIPLE_BEAR,5,8,9.0,9.0,5.0,False,3.7.0
2026-03-24 06:30:00-04:00,1774348200000,24210.25,True,False,1,2,VWAP_TRIPLE_BEAR,6,8,9.0,9.0,5.0,False,3.7.0
2026-03-24 06:31:00-04:00,1774348260000,24214.25,True,False,1,1,VWAP_TRIPLE_BEAR,7,8,9.0,9.0,5.0,False,3.7.0
2026-03-24 06:31:59-04:00,1774348319000,24217.5,True,False,1,3,VWAP_TRIPLE_BEAR,4,7,9.0,9.0,5.0,False,3.7.0
2026-03-24 06:33:00-04:00,1774348380000,24227.0,True,False,-1,6,VWAP_TRIPLE_BEAR,4,10,9.0,9.0,5.0,False,3.7.0
2026-03-24 06:34:00-04:00,1774348440000,24231.25,True,False,-1,2,VWAP_TRIPLE_BEAR,6,8,9.0,9.0,5.0,False,3.7.0
2026-03-24 06:34:59-04:00,1774348499000,24225.25,True,False,-1,2,VWAP_TRIPLE_BEAR,6,8,9.0,9.0,5.0,False,3.7.0
2026-03-24 06:36:00-04:00,1774348560000,24197.5,True,False,1,1,VWAP_TRIPLE_BEAR,7,8,9.0,9.0,5.0,False,3.7.0
2026-03-24 06:37:00-04:00,1774348620000,24196.25,True,False,1,1,VWAP_TRIPLE_BEAR,7,8,9.0,9.0,5.0,False,3.7.0
2026-03-24 06:38:00-04:00,1774348680000,24200.75,True,False,1,3,VWAP_TRIPLE_BEAR,7,10,9.0,9.0,5.0,False,3.7.0
2026-03-24 06:38:59-04:00,1774348739000,24204.25,True,False,1,0,VWAP_TRIPLE_BEAR,7,7,9.0,9.0,5.0,False,3.7.0
2026-03-24 06:40:00-04:00,1774348800000,24224.75,True,False,1,0,VWAP_TRIPLE_BEAR,7,7,9.0,9.0,5.0,False,3.7.0
2026-03-24 06:41:00-04:00,1774348860000,24225.5,True,False,1,3,VWAP_TRIPLE_BEAR,6,9,9.0,9.0,5.0,False,3.7.0
2026-03-24 06:41:59-04:00,1774348919000,24240.5,True,False,-1,0,VWAP_TRIPLE_BEAR,6,6,9.0,9.0,5.0,False,3.7.0
2026-03-24 06:43:00-04:00,1774348980000,24229.25,True,False,1,0,VWAP_TRIPLE_BEAR,7,7,9.0,9.0,5.0,False,3.7.0
2026-03-24 06:44:00-04:00,1774349040000,24250.0,True,False,-1,4,VWAP_TRIPLE_BEAR,6,10,9.0,9.0,5.0,False,3.7.0
2026-03-24 06:44:59-04:00,1774349099000,24212.0,True,False,1,4,VWAP_TRIPLE_BEAR,5,9,9.0,9.0,5.0,False,3.7.0
2026-03-24 06:46:00-04:00,1774349160000,24265.25,True,False,-1,3,VWAP_TRIPLE_BEAR,6,9,9.0,9.0,5.0,False,3.7.0
2026-03-24 06:47:00-04:00,1774349220000,24246.75,True,False,0,2,VWAP_TRIPLE_BEAR,6,8,57.75,9.0,5.0,False,3.7.0
2026-03-24 06:47:59-04:00,1774349279000,24253.25,True,False,-1,2,VWAP_TRIPLE_BEAR,8,6,9.0,9.0,5.0,False,3.7.0
2026-03-24 06:49:00-04:00,1774349340000,24220.25,True,False,-1,5,VWAP_TRIPLE_BEAR,5,10,9.0,9.0,5.0,False,3.7.0
2026-03-24 06:50:00-04:00,1774349400000,24196.5,True,False,1,2,VWAP_TRIPLE_BEAR,7,9,9.0,9.0,5.0,False,3.7.0
2026-03-24 06:50:59-04:00,1774349459000,24291.0,True,False,1,4,RVOL_SPIKE_BUY,11,7,9.0,9.0,5.0,False,3.7.0
2026-03-24 06:52:00-04:00,1774349520000,24296.75,True,False,1,1,RVOL_SPIKE_BUY,8,9,9.0,9.0,5.0,False,3.7.0
2026-03-24 06:53:00-04:00,1774349580000,24313.0,True,False,-1,2,CONFLUENCE_BUY,8,6,9.0,9.0,5.0,False,3.7.0
2026-03-24 06:54:00-04:00,1774349640000,24280.5,True,False,1,2,VWAP_TRIPLE_BEAR,6,8,9.0,9.0,5.0,False,3.7.0
2026-03-24 06:54:59-04:00,1774349699000,24301.25,True,False,1,5,BN_LONG_UP,10,5,9.0,9.0,5.0,False,3.7.0
2026-03-24 06:56:00-04:00,1774349760000,24319.5,True,False,-1,1,CONFLUENCE_BUY,8,7,9.0,9.0,5.0,False,3.7.0
2026-03-24 06:57:00-04:00,1774349820000,24318.25,True,False,-1,1,BN_LONG_DN,8,9,9.0,9.0,5.0,False,3.7.0
2026-03-24 06:57:59-04:00,1774349879000,24278.5,True,False,-1,3,VWAP_TRIPLE_BEAR,7,10,9.0,9.0,5.0,False,3.7.0
2026-03-24 06:59:00-04:00,1774349940000,24242.5,True,False,1,1,VWAP_TRIPLE_BEAR,8,9,9.0,9.0,5.0,False,3.7.0
2026-03-24 07:00:00-04:00,1774350000000,24293.0,True,False,1,4,BN_LONG_UP,10,6,9.0,9.0,5.0,False,3.7.0
2026-03-24 07:00:59-04:00,1774350059000,24301.75,True,False,-1,0,BN_LONG_DN,8,8,9.0,9.0,5.0,False,3.7.0
2026-03-24 07:02:00-04:00,1774350120000,24298.5,True,False,0,0,BN_LONG_DN,7,7,53.75,9.0,5.0,False,3.7.0
2026-03-24 07:03:00-04:00,1774350180000,24304.25,True,False,-1,2,BN_LONG_UP,8,6,9.0,9.0,5.0,False,3.7.0
2026-03-24 07:03:59-04:00,1774350239000,24291.75,True,False,1,1,BN_LONG_DN,8,7,9.0,9.0,5.0,False,3.7.0
2026-03-24 07:05:00-04:00,1774350300000,24290.0,True,False,1,0,BN_LONG_DN,8,8,9.0,9.0,5.0,False,3.7.0
2026-03-24 07:06:00-04:00,1774350360000,24295.0,True,False,1,2,BN_LONG_DN,6,8,9.0,9.0,5.0,False,3.7.0
2026-03-24 07:06:59-04:00,1774350419000,24304.5,True,False,-1,4,BN_LONG_UP,10,6,9.0,9.0,5.0,False,3.7.0
2026-03-24 07:08:00-04:00,1774350480000,24292.25,True,False,1,1,BN_LONG_DN,8,7,9.0,9.0,5.0,False,3.7.0
2026-03-24 07:09:00-04:00,1774350540000,24295.5,True,False,1,3,BN_LONG_UP,8,5,9.0,9.0,5.0,False,3.7.0
2026-03-24 07:10:00-04:00,1774350600000,24291.75,True,False,1,5,BN_LONG_UP,10,5,9.0,9.0,5.0,False,3.7.0
2026-03-24 07:10:59-04:00,1774350659000,24307.75,True,False,-1,0,NONE,7,7,9.0,9.0,5.0,False,3.7.0
2026-03-24 07:12:00-04:00,1774350720000,24308.0,True,False,-1,2,BN_LONG_UP,9,7,9.0,9.0,5.0,False,3.7.0
2026-03-24 07:13:00-04:00,1774350780000,24298.25,True,False,1,2,BN_LONG_UP,8,6,9.0,9.0,5.0,False,3.7.0
2026-03-24 07:13:59-04:00,1774350839000,24311.5,True,False,1,2,BN_LONG_UP,8,6,9.0,9.0,5.0,False,3.7.0
2026-03-24 07:15:00-04:00,1774350900000,24326.0,True,False,1,5,BN_LONG_UP,11,6,9.0,9.0,5.0,False,3.7.0
2026-03-24 07:16:00-04:00,1774350960000,24341.75,True,False,-1,1,BN_LONG_DN,8,9,9.0,9.0,5.0,False,3.7.0
2026-03-24 07:16:59-04:00,1774351019000,24315.5,True,False,1,2,BN_LONG_DN,6,8,9.0,9.0,5.0,False,3.7.0
2026-03-24 07:18:00-04:00,1774351080000,24335.0,True,False,1,4,BN_LONG_UP,10,6,9.0,9.0,5.0,False,3.7.0
2026-03-24 07:19:00-04:00,1774351140000,24334.0,True,False,1,3,BN_LONG_DN,6,9,9.0,9.0,5.0,False,3.7.0
2026-03-24 07:19:59-04:00,1774351199000,24333.0,True,False,1,0,BN_LONG_DN,8,8,9.0,9.0,5.0,False,3.7.0
2026-03-24 07:21:00-04:00,1774351260000,24342.75,True,False,1,1,BN_LONG_DN,8,9,9.0,9.0,5.0,False,3.7.0
2026-03-24 07:22:00-04:00,1774351320000,24352.25,True,False,0,4,BN_LONG_UP,10,6,-15.0,9.0,5.0,False,3.7.0
2026-03-24 07:23:00-04:00,1774351380000,24346.0,True,False,1,2,BN_LONG_DN,7,9,9.0,9.0,5.0,False,3.7.0
2026-03-24 07:23:59-04:00,1774351439000,24367.25,True,False,1,2,BN_LONG_UP,9,7,9.0,9.0,5.0,False,3.7.0
2026-03-24 07:25:00-04:00,1774351500000,24384.5,True,False,-1,2,BN_LONG_UP,8,6,9.0,9.0,5.0,False,3.7.0
2026-03-24 07:26:00-04:00,1774351560000,24371.75,True,False,-1,3,BN_LONG_DN,5,8,9.0,9.0,5.0,False,3.7.0
2026-03-24 07:26:59-04:00,1774351619000,24352.75,True,False,-1,2,CONFLUENCE_SELL,6,8,9.0,9.0,5.0,False,3.7.0
2026-03-24 07:28:00-04:00,1774351680000,24345.25,True,False,-1,1,BN_LONG_UP,9,8,9.0,9.0,5.0,False,3.7.0
2026-03-24 07:29:00-04:00,1774351740000,24341.5,True,False,-1,4,CONFLUENCE_BUY,10,6,9.0,9.0,5.0,False,3.7.0
2026-03-24 07:29:59-04:00,1774351799000,24336.5,True,False,-1,0,BN_LONG_DN,9,9,9.0,9.0,5.0,False,3.7.0
2026-03-24 07:31:00-04:00,1774351860000,24326.5,True,False,-1,4,BN_LONG_UP,11,7,9.0,9.0,5.0,False,3.7.0
2026-03-24 07:32:00-04:00,1774351920000,24313.5,True,False,0,4,CONFLUENCE_BUY,10,6,55.25,9.0,5.0,False,3.7.0
2026-03-24 07:32:59-04:00,1774351979000,24307.0,True,False,1,2,BN_LONG_DN,9,7,9.0,9.0,5.0,False,3.7.0
2026-03-24 07:34:00-04:00,1774352040000,24325.75,True,False,1,5,CONFLUENCE_BUY,11,6,9.0,9.0,5.0,False,3.7.0
2026-03-24 07:35:00-04:00,1774352100000,24330.5,True,False,1,4,BN_LONG_UP,10,6,9.0,9.0,5.0,False,3.7.0
2026-03-24 07:35:59-04:00,1774352159000,24341.75,True,False,1,5,BN_LONG_UP,11,6,9.0,9.0,5.0,False,3.7.0
2026-03-24 07:37:00-04:00,1774352220000,24350.0,True,False,-1,0,BN_LONG_DN,7,7,9.0,9.0,5.0,False,3.7.0
2026-03-24 07:38:00-04:00,1774352280000,24352.0,True,False,-1,1,BN_LONG_DN,8,7,9.0,9.0,5.0,False,3.7.0
2026-03-24 07:39:00-04:00,1774352340000,24349.75,True,False,-1,1,BN_LONG_DN,7,8,9.0,9.0,5.0,False,3.7.0
2026-03-24 07:39:59-04:00,1774352399000,24354.25,True,False,-1,0,BN_LONG_DN,8,8,9.0,9.0,5.0,False,3.7.0
2026-03-24 07:41:00-04:00,1774352460000,24348.25,True,False,-1,2,BN_LONG_DN,9,7,9.0,9.0,5.0,False,3.7.0
2026-03-24 07:42:00-04:00,1774352520000,24337.25,True,False,1,4,BN_LONG_UP,10,6,9.0,9.0,5.0,False,3.7.0
2026-03-24 07:42:59-04:00,1774352579000,24339.25,True,False,1,2,CONFLUENCE_BUY,8,6,9.0,9.0,5.0,False,3.7.0
2026-03-24 07:44:00-04:00,1774352640000,24342.5,True,False,1,4,BN_LONG_UP,10,6,9.0,9.0,5.0,False,3.7.0
2026-03-24 07:45:00-04:00,1774352700000,24344.0,True,False,1,4,CONFLUENCE_BUY,9,5,9.0,9.0,5.0,False,3.7.0
2026-03-24 07:45:59-04:00,1774352759000,24347.0,True,False,0,3,CONFLUENCE_BUY,9,6,-69.75,9.0,5.0,False,3.7.0
2026-03-24 07:47:00-04:00,1774352820000,24339.5,True,False,1,2,BN_LONG_DN,7,9,9.0,9.0,5.0,False,3.7.0
2026-03-24 07:48:00-04:00,1774352880000,24350.0,True,False,1,3,BN_LONG_UP,9,6,9.0,9.0,5.0,False,3.7.0
2026-03-24 07:48:59-04:00,1774352939000,24352.5,True,False,1,4,BN_LONG_UP,10,6,9.0,9.0,5.0,False,3.7.0
2026-03-24 07:50:00-04:00,1774353000000,24358.5,True,False,1,3,CONFLUENCE_BUY,9,6,9.0,9.0,5.0,False,3.7.0
2026-03-24 07:51:00-04:00,1774353060000,24374.75,True,False,-1,5,BN_LONG_UP,10,5,9.0,9.0,5.0,False,3.7.0
2026-03-24 07:51:59-04:00,1774353119000,24368.75,True,False,-1,0,BN_LONG_DN,8,8,9.0,9.0,5.0,False,3.7.0
2026-03-24 07:53:00-04:00,1774353180000,24353.0,True,False,-1,3,BN_LONG_UP,11,8,9.0,9.0,5.0,False,3.7.0
2026-03-24 07:54:00-04:00,1774353240000,24350.75,True,False,-1,2,BN_LONG_DN,9,7,9.0,9.0,5.0,False,3.7.0
2026-03-24 07:55:00-04:00,1774353300000,24328.25,True,False,-1,1,CONFLUENCE_BUY,8,7,9.0,9.0,5.0,False,3.7.0
2026-03-24 07:55:59-04:00,1774353359000,24296.5,True,False,0,1,RVOL_SPIKE_SELL,9,10,31.25,9.0,5.0,False,3.7.0
2026-03-24 07:57:00-04:00,1774353420000,24293.5,True,False,1,2,VWAP_TRIPLE_BEAR,10,8,9.0,9.0,5.0,False,3.7.0
2026-03-24 07:58:00-04:00,1774353480000,24305.25,True,False,-1,1,CONFLUENCE_BUY,7,6,9.0,9.0,5.0,False,3.7.0
2026-03-24 07:58:59-04:00,1774353539000,24295.5,True,False,1,1,BN_LONG_DN,8,9,9.0,9.0,5.0,False,3.7.0
2026-03-24 08:00:00-04:00,1774353600000,24304.75,True,False,-1,0,BN_LONG_DN,8,8,9.0,9.0,5.0,False,3.7.0
2026-03-24 08:01:00-04:00,1774353660000,24286.25,True,False,-1,4,VWAP_TRIPLE_BEAR,6,10,9.0,9.0,5.0,False,3.7.0
2026-03-24 08:01:59-04:00,1774353719000,24287.0,True,False,-1,2,VWAP_TRIPLE_BEAR,9,7,9.0,9.0,5.0,False,3.7.0
2026-03-24 08:03:00-04:00,1774353780000,24286.0,True,False,-1,3,VWAP_TRIPLE_BEAR,6,9,9.0,9.0,5.0,False,3.7.0
2026-03-24 08:04:00-04:00,1774353840000,24284.25,True,False,-1,1,VWAP_TRIPLE_BEAR,8,7,9.0,9.0,5.0,False,3.7.0
2026-03-24 08:04:59-04:00,1774353899000,24274.75,True,False,1,0,VWAP_TRIPLE_BEAR,8,8,9.0,9.0,5.0,False,3.7.0
2026-03-24 08:06:00-04:00,1774353960000,24277.25,True,False,1,1,VWAP_TRIPLE_BEAR,7,8,9.0,9.0,5.0,False,3.7.0
2026-03-24 08:07:00-04:00,1774354020000,24284.0,True,False,1,1,VWAP_TRIPLE_BEAR,8,7,9.0,9.0,5.0,False,3.7.0
2026-03-24 08:08:00-04:00,1774354080000,24279.75,True,False,1,1,VWAP_TRIPLE_BEAR,6,7,9.0,9.0,5.0,False,3.7.0
2026-03-24 08:08:59-04:00,1774354139000,24300.0,True,False,-1,4,BN_LONG_UP,10,6,9.0,9.0,5.0,False,3.7.0
2026-03-24 08:10:00-04:00,1774354200000,24297.25,True,False,-1,5,BN_LONG_UP,10,5,9.0,9.0,5.0,False,3.7.0
2026-03-24 08:11:00-04:00,1774354260000,24284.25,True,False,1,1,VWAP_TRIPLE_BEAR,8,9,9.0,9.0,5.0,False,3.7.0
2026-03-24 08:11:59-04:00,1774354319000,24285.75,True,False,1,1,VWAP_TRIPLE_BEAR,7,8,9.0,9.0,5.0,False,3.7.0
2026-03-24 08:13:00-04:00,1774354380000,24283.0,True,False,1,2,VWAP_TRIPLE_BEAR,9,7,9.0,9.0,5.0,False,3.7.0
2026-03-24 08:14:00-04:00,1774354440000,24289.0,True,False,1,4,VWAP_TRIPLE_BEAR,5,9,9.0,9.0,5.0,False,3.7.0
2026-03-24 08:14:59-04:00,1774354499000,24301.5,True,False,1,0,BN_LONG_DN,9,9,9.0,9.0,5.0,False,3.7.0
2026-03-24 08:16:00-04:00,1774354560000,24327.75,True,False,1,3,BN_LONG_UP,9,6,9.0,9.0,5.0,False,3.7.0
2026-03-24 08:17:00-04:00,1774354620000,24334.25,True,False,-1,0,BN_LONG_DN,7,7,9.0,9.0,5.0,False,3.7.0
2026-03-24 08:17:59-04:00,1774354679000,24325.25,True,False,1,3,BN_LONG_UP,9,6,9.0,9.0,5.0,False,3.7.0
2026-03-24 08:19:00-04:00,1774354740000,24331.75,True,False,0,2,BN_LONG_UP,8,6,-82.5,9.0,5.0,False,3.7.0
2026-03-24 08:20:00-04:00,1774354800000,24326.5,True,False,1,1,BN_LONG_DN,8,7,9.0,9.0,5.0,False,3.7.0
2026-03-24 08:20:59-04:00,1774354859000,24325.75,True,False,1,4,BN_LONG_UP,9,5,9.0,9.0,5.0,False,3.7.0
2026-03-24 08:22:00-04:00,1774354920000,24343.0,True,False,-1,1,BN_LONG_DN,8,7,9.0,9.0,5.0,False,3.7.0
2026-03-24 08:23:00-04:00,1774354980000,24342.25,True,False,-1,1,BN_LONG_DN,8,7,9.0,9.0,5.0,False,3.7.0
2026-03-24 08:24:00-04:00,1774355040000,24338.0,True,False,-1,3,CONFLUENCE_BUY,8,5,9.0,9.0,5.0,False,3.7.0
2026-03-24 08:24:59-04:00,1774355099000,24321.25,True,False,1,1,BN_LONG_UP,10,9,9.0,9.0,5.0,False,3.7.0
2026-03-24 08:26:00-04:00,1774355160000,24321.5,True,False,1,3,BN_LONG_UP,9,6,9.0,9.0,5.0,False,3.7.0
2026-03-24 08:27:00-04:00,1774355220000,24333.0,True,False,-1,5,BN_LONG_UP,10,5,9.0,9.0,5.0,False,3.7.0
2026-03-24 08:27:59-04:00,1774355279000,24330.0,True,False,-1,3,CONFLUENCE_BUY,8,5,9.0,9.0,5.0,False,3.7.0
2026-03-24 08:29:00-04:00,1774355340000,24331.0,True,False,-1,2,CONFLUENCE_BUY,7,5,9.0,9.0,5.0,False,3.7.0
2026-03-24 08:30:00-04:00,1774355400000,24320.5,True,False,1,1,BN_LONG_DN,7,8,9.0,9.0,5.0,False,3.7.0
2026-03-24 08:30:59-04:00,1774355459000,24329.75,True,False,-1,2,BN_LONG_UP,8,6,9.0,9.0,5.0,False,3.7.0
2026-03-24 08:32:00-04:00,1774355520000,24330.25,True,False,-1,3,BN_LONG_UP,8,5,9.0,9.0,5.0,False,3.7.0
2026-03-24 08:33:00-04:00,1774355580000,24314.25,True,False,-1,3,BN_LONG_UP,8,5,9.0,9.0,5.0,False,3.7.0
2026-03-24 08:33:59-04:00,1774355639000,24307.75,True,False,-1,0,BN_LONG_DN,7,7,9.0,9.0,5.0,False,3.7.0
2026-03-24 08:35:00-04:00,1774355700000,24280.25,True,False,-1,1,VWAP_TRIPLE_BEAR,8,9,9.0,9.0,5.0,False,3.7.0
2026-03-24 08:36:00-04:00,1774355760000,24279.5,True,False,-1,2,VWAP_TRIPLE_BEAR,8,6,9.0,9.0,5.0,False,3.7.0
2026-03-24 08:36:59-04:00,1774355819000,24262.5,True,False,-1,0,VWAP_TRIPLE_BEAR,7,7,9.0,9.0,5.0,False,3.7.0
2026-03-24 08:38:00-04:00,1774355880000,24263.5,True,False,-1,4,VWAP_TRIPLE_BEAR,5,9,9.0,9.0,5.0,False,3.7.0
2026-03-24 08:39:00-04:00,1774355940000,24249.25,True,False,1,4,VWAP_TRIPLE_BEAR,6,10,9.0,9.0,5.0,False,3.7.0
2026-03-24 08:40:00-04:00,1774356000000,24250.75,True,False,1,1,VWAP_TRIPLE_BEAR,8,7,9.0,9.0,5.0,False,3.7.0
2026-03-24 08:40:59-04:00,1774356059000,24258.5,True,False,1,1,VWAP_TRIPLE_BEAR,7,6,9.0,9.0,5.0,False,3.7.0
2026-03-24 08:42:00-04:00,1774356120000,24265.75,True,False,1,2,VWAP_TRIPLE_BEAR,5,7,9.0,9.0,5.0,False,3.7.0
2026-03-24 08:43:00-04:00,1774356180000,24281.75,True,False,1,5,VWAP_TRIPLE_BEAR,4,9,9.0,9.0,5.0,False,3.7.0
2026-03-24 08:43:59-04:00,1774356239000,24288.5,True,False,1,3,VWAP_TRIPLE_BEAR,5,8,9.0,9.0,5.0,False,3.7.0
2026-03-24 08:45:00-04:00,1774356300000,24310.25,True,False,-1,2,CONFLUENCE_BUY,8,6,9.0,9.0,5.0,False,3.7.0
2026-03-24 08:46:00-04:00,1774356360000,24304.75,True,False,-1,0,BN_LONG_DN,7,7,9.0,9.0,5.0,False,3.7.0
2026-03-24 08:46:59-04:00,1774356419000,24303.0,True,False,-1,0,BN_LONG_DN,7,7,9.0,9.0,5.0,False,3.7.0
2026-03-24 08:48:00-04:00,1774356480000,24285.25,True,False,1,4,VWAP_TRIPLE_BEAR,4,8,9.0,9.0,5.0,False,3.7.0
2026-03-24 08:49:00-04:00,1774356540000,24290.5,True,False,1,1,VWAP_TRIPLE_BEAR,6,7,9.0,9.0,5.0,False,3.7.0
2026-03-24 08:49:59-04:00,1774356599000,24299.0,True,False,1,1,BN_LONG_DN,8,7,9.0,9.0,5.0,False,3.7.0
2026-03-24 08:51:00-04:00,1774356660000,24302.0,True,False,0,1,CONFLUENCE_BUY,8,7,-105.75,9.0,5.0,False,3.7.0
2026-03-24 08:52:00-04:00,1774356720000,24309.25,True,False,-1,3,BN_LONG_UP,7,4,9.0,9.0,5.0,False,3.7.0
2026-03-24 08:53:00-04:00,1774356780000,24299.0,True,False,-1,3,BN_LONG_UP,9,6,9.0,9.0,5.0,False,3.7.0
2026-03-24 08:53:59-04:00,1774356839000,24286.75,True,False,-1,4,VWAP_TRIPLE_BEAR,5,9,9.0,9.0,5.0,False,3.7.0
2026-03-24 08:55:00-04:00,1774356900000,24266.25,True,False,1,1,VWAP_TRIPLE_BEAR,7,6,9.0,9.0,5.0,False,3.7.0
2026-03-24 08:56:00-04:00,1774356960000,24289.5,True,False,-1,1,VWAP_TRIPLE_BEAR,7,6,9.0,9.0,5.0,False,3.7.0
2026-03-24 08:56:59-04:00,1774357019000,24271.75,True,False,1,0,VWAP_TRIPLE_BEAR,6,6,9.0,9.0,5.0,False,3.7.0
2026-03-24 08:58:00-04:00,1774357080000,24279.5,True,False,1,2,VWAP_TRIPLE_BEAR,5,7,9.0,9.0,5.0,False,3.7.0
2026-03-24 08:59:00-04:00,1774357140000,24281.25,True,False,1,2,VWAP_TRIPLE_BEAR,5,7,9.0,9.0,5.0,False,3.7.0
2026-03-24 08:59:59-04:00,1774357199000,24293.5,True,False,-1,1,VWAP_TRIPLE_BEAR,7,6,9.0,9.0,5.0,False,3.7.0
2026-03-24 09:01:00-04:00,1774357260000,24291.5,True,False,-1,0,VWAP_TRIPLE_BEAR,6,6,9.0,9.0,5.0,False,3.7.0
2026-03-24 09:02:00-04:00,1774357320000,24269.5,True,False,-1,5,VWAP_TRIPLE_BEAR,5,10,9.0,9.0,5.0,False,3.7.0
2026-03-24 09:02:59-04:00,1774357379000,24239.25,True,False,-1,1,VWAP_TRIPLE_BEAR,7,8,9.0,9.0,5.0,False,3.7.0
2026-03-24 09:04:00-04:00,1774357440000,24221.75,True,False,-1,0,VWAP_TRIPLE_BEAR,7,7,9.0,9.0,5.0,False,3.7.0
2026-03-24 09:05:00-04:00,1774357500000,24191.25,True,False,1,4,VWAP_TRIPLE_BEAR,7,11,9.0,9.0,5.0,False,3.7.0
2026-03-24 09:05:59-04:00,1774357559000,24210.75,True,False,-1,3,VWAP_TRIPLE_BEAR,6,9,9.0,9.0,5.0,False,3.7.0
2026-03-24 09:07:00-04:00,1774357620000,24211.25,True,False,-1,5,VWAP_TRIPLE_BEAR,4,9,9.0,9.0,5.0,False,3.7.0
2026-03-24 09:08:00-04:00,1774357680000,24204.0,True,False,-1,2,VWAP_TRIPLE_BEAR,6,8,9.0,9.0,5.0,False,3.7.0
2026-03-24 09:09:00-04:00,1774357740000,24193.25,True,False,-1,3,VWAP_TRIPLE_BEAR,5,8,9.0,9.0,5.0,False,3.7.0
2026-03-24 09:09:59-04:00,1774357799000,24188.25,True,False,0,1,VWAP_TRIPLE_BEAR,7,8,31.0,9.0,5.0,False,3.7.0
2026-03-24 09:11:00-04:00,1774357860000,24196.25,True,False,-1,0,VWAP_TRIPLE_BEAR,7,7,9.0,9.0,5.0,False,3.7.0
2026-03-24 09:12:00-04:00,1774357920000,24172.75,True,False,1,3,VWAP_TRIPLE_BEAR,6,9,9.0,9.0,5.0,False,3.7.0
2026-03-24 09:12:59-04:00,1774357979000,24189.25,True,False,-1,2,VWAP_TRIPLE_BEAR,6,8,9.0,9.0,5.0,False,3.7.0
2026-03-24 09:14:00-04:00,1774358040000,24187.0,True,False,-1,5,VWAP_TRIPLE_BEAR,5,10,9.0,9.0,5.0,False,3.7.0
2026-03-24 09:15:00-04:00,1774358100000,24184.0,True,False,-1,5,VWAP_TRIPLE_BEAR,5,10,9.0,9.0,5.0,False,3.7.0
2026-03-24 09:15:59-04:00,1774358159000,24174.25,True,False,0,3,VWAP_TRIPLE_BEAR,5,8,7.5,9.0,5.0,False,3.7.0
2026-03-24 09:17:00-04:00,1774358220000,24166.0,True,False,1,0,VWAP_TRIPLE_BEAR,7,7,9.0,9.0,5.0,False,3.7.0
2026-03-24 09:18:00-04:00,1774358280000,24168.5,True,False,1,1,VWAP_TRIPLE_BEAR,7,8,9.0,9.0,5.0,False,3.7.0
2026-03-24 09:18:59-04:00,1774358339000,24172.0,True,False,1,0,VWAP_TRIPLE_BEAR,7,7,9.0,9.0,5.0,False,3.7.0
2026-03-24 09:20:00-04:00,1774358400000,24184.0,True,False,0,2,VWAP_TRIPLE_BEAR,6,8,14.0,9.0,5.0,False,3.7.0
2026-03-24 09:21:00-04:00,1774358460000,24184.75,True,False,0,4,VWAP_TRIPLE_BEAR,5,9,7.5,9.0,5.0,False,3.7.0
2026-03-24 09:21:59-04:00,1774358519000,24180.75,True,False,1,0,VWAP_TRIPLE_BEAR,8,8,9.0,9.0,5.0,False,3.7.0
2026-03-24 09:23:00-04:00,1774358580000,24189.5,True,False,-1,6,VWAP_TRIPLE_BEAR,4,10,9.0,9.0,5.0,False,3.7.0
2026-03-24 09:24:00-04:00,1774358640000,24181.25,True,False,1,5,VWAP_TRIPLE_BEAR,5,10,9.0,9.0,5.0,False,3.7.0
2026-03-24 09:25:00-04:00,1774358700000,24178.25,True,False,1,2,VWAP_TRIPLE_BEAR,7,9,9.0,9.0,5.0,False,3.7.0
2026-03-24 09:25:59-04:00,1774358759000,24176.75,True,False,1,2,VWAP_TRIPLE_BEAR,7,9,9.0,9.0,5.0,False,3.7.0
2026-03-24 09:27:00-04:00,1774358820000,24180.5,True,False,1,4,VWAP_TRIPLE_BEAR,5,9,9.0,9.0,5.0,False,3.7.0
2026-03-24 09:28:00-04:00,1774358880000,24200.75,True,False,1,3,VWAP_TRIPLE_BEAR,10,7,9.0,9.0,5.0,False,3.7.0
2026-03-24 09:28:59-04:00,1774358939000,24200.0,True,False,1,4,VWAP_TRIPLE_BEAR,6,10,9.0,9.0,5.0,False,3.7.0
2026-03-24 09:30:00-04:00,1774359000000,24219.25,True,False,0,5,VWAP_TRIPLE_BEAR,5,10,-38.25,9.0,5.0,False,3.7.0
2026-03-24 09:31:00-04:00,1774359060000,24224.25,True,False,-1,5,VWAP_TRIPLE_BEAR,4,9,9.0,9.0,5.0,False,3.7.0
2026-03-24 09:31:59-04:00,1774359119000,24208.75,True,False,-1,3,VWAP_TRIPLE_BEAR,6,9,9.0,9.0,5.0,False,3.7.0
2026-03-24 09:33:00-04:00,1774359180000,24185.75,True,False,0,3,VWAP_TRIPLE_BEAR,7,10,3.5,9.0,5.0,False,3.7.0
2026-03-24 09:34:00-04:00,1774359240000,24180.0,True,False,1,1,VWAP_TRIPLE_BEAR,8,9,9.0,9.0,5.0,False,3.7.0
2026-03-24 09:34:59-04:00,1774359299000,24180.5,True,False,1,2,VWAP_TRIPLE_BEAR,10,8,9.0,9.0,5.0,False,3.7.0
2026-03-24 09:36:00-04:00,1774359360000,24181.75,True,False,1,0,VWAP_TRIPLE_BEAR,8,8,9.0,9.0,5.0,False,3.7.0
2026-03-24 09:37:00-04:00,1774359420000,24201.5,True,False,-1,0,VWAP_TRIPLE_BEAR,8,8,9.0,9.0,5.0,False,3.7.0
2026-03-24 09:38:00-04:00,1774359480000,24189.75,True,False,1,5,VWAP_TRIPLE_BEAR,5,10,9.0,9.0,5.0,False,3.7.0
2026-03-24 09:38:59-04:00,1774359539000,24198.75,True,False,-1,3,VWAP_TRIPLE_BEAR,7,10,9.0,9.0,5.0,False,3.7.0
2026-03-24 09:40:00-04:00,1774359600000,24198.0,True,False,-1,2,VWAP_TRIPLE_BEAR,10,8,9.0,9.0,5.0,False,3.7.0
2026-03-24 09:41:00-04:00,1774359660000,24192.25,True,False,-1,1,VWAP_TRIPLE_BEAR,7,8,9.0,9.0,5.0,False,3.7.0
2026-03-24 09:41:59-04:00,1774359719000,24172.0,True,False,1,4,VWAP_TRIPLE_BEAR,7,11,9.0,9.0,5.0,False,3.7.0
2026-03-24 09:43:00-04:00,1774359780000,24171.25,True,False,1,0,VWAP_TRIPLE_BEAR,8,8,9.0,9.0,5.0,False,3.7.0
2026-03-24 09:44:00-04:00,1774359840000,24168.0,True,False,1,1,VWAP_TRIPLE_BEAR,8,7,9.0,9.0,5.0,False,3.7.0
2026-03-24 09:44:59-04:00,1774359899000,24169.0,True,False,1,1,VWAP_TRIPLE_BEAR,7,8,9.0,9.0,5.0,False,3.7.0
2026-03-24 09:46:00-04:00,1774359960000,24174.25,True,False,1,2,VWAP_TRIPLE_BEAR,10,8,9.0,9.0,5.0,False,3.7.0
2026-03-24 09:47:00-04:00,1774360020000,24177.5,True,False,1,1,VWAP_TRIPLE_BEAR,7,8,9.0,9.0,5.0,False,3.7.0
2026-03-24 09:47:59-04:00,1774360079000,24183.0,True,False,1,2,VWAP_TRIPLE_BEAR,7,9,9.0,9.0,5.0,False,3.7.0
2026-03-24 09:49:00-04:00,1774360140000,24181.0,True,False,1,4,VWAP_TRIPLE_BEAR,6,10,9.0,9.0,5.0,False,3.7.0
2026-03-24 09:50:00-04:00,1774360200000,24181.0,True,False,1,1,VWAP_TRIPLE_BEAR,7,8,9.0,9.0,5.0,False,3.7.0
2026-03-24 09:50:59-04:00,1774360259000,24181.5,True,False,1,1,VWAP_TRIPLE_BEAR,8,7,9.0,9.0,5.0,False,3.7.0
2026-03-24 09:52:00-04:00,1774360320000,24190.25,True,False,1,4,VWAP_TRIPLE_BEAR,8,12,9.0,9.0,5.0,False,3.7.0
2026-03-24 09:53:00-04:00,1774360380000,24189.25,True,False,1,5,VWAP_TRIPLE_BEAR,5,10,9.0,9.0,5.0,False,3.7.0
2026-03-24 09:54:00-04:00,1774360440000,24199.75,True,False,1,3,VWAP_TRIPLE_BEAR,7,10,9.0,9.0,5.0,False,3.7.0
2026-03-24 09:54:59-04:00,1774360499000,24224.25,True,False,1,3,VWAP_TRIPLE_BEAR,6,9,9.0,9.0,5.0,False,3.7.0
2026-03-24 09:56:00-04:00,1774360560000,24228.25,True,False,1,3,VWAP_TRIPLE_BEAR,6,9,9.0,9.0,5.0,False,3.7.0
2026-03-24 09:57:00-04:00,1774360620000,24227.75,True,False,1,3,VWAP_TRIPLE_BEAR,10,7,9.0,9.0,5.0,False,3.7.0
2026-03-24 09:57:59-04:00,1774360679000,24243.25,True,False,1,1,VWAP_TRIPLE_BEAR,8,7,9.0,9.0,5.0,False,3.7.0
2026-03-24 09:59:00-04:00,1774360740000,24242.5,True,False,1,3,VWAP_TRIPLE_BEAR,6,9,9.0,9.0,5.0,False,3.7.0
2026-03-24 10:00:00-04:00,1774360800000,24257.75,True,False,-1,2,VWAP_TRIPLE_BEAR,9,7,9.0,9.0,5.0,False,3.7.0
2026-03-24 10:00:59-04:00,1774360859000,24244.5,True,False,0,2,VWAP_TRIPLE_BEAR,7,9,-0.25,9.0,5.0,False,3.7.0
2026-03-24 10:02:00-04:00,1774360920000,24250.0,True,False,-1,2,VWAP_TRIPLE_BEAR,9,7,9.0,9.0,5.0,False,3.7.0
2026-03-24 10:03:00-04:00,1774360980000,24244.75,True,False,0,1,VWAP_TRIPLE_BEAR,7,8,-12.25,9.0,5.0,False,3.7.0
2026-03-24 10:03:59-04:00,1774361039000,24248.5,True,False,-1,1,VWAP_TRIPLE_BEAR,9,8,9.0,9.0,5.0,False,3.7.0
2026-03-24 10:05:00-04:00,1774361100000,24250.0,True,False,-1,1,VWAP_TRIPLE_BEAR,6,7,9.0,9.0,5.0,False,3.7.0
2026-03-24 10:06:00-04:00,1774361160000,24247.0,True,False,-1,1,VWAP_TRIPLE_BEAR,7,8,9.0,9.0,5.0,False,3.7.0
2026-03-24 10:06:59-04:00,1774361219000,24249.0,True,False,-1,2,VWAP_TRIPLE_BEAR,9,7,9.0,9.0,5.0,False,3.7.0
2026-03-24 10:08:00-04:00,1774361280000,24236.25,True,False,0,3,VWAP_TRIPLE_BEAR,9,6,16.25,9.0,5.0,False,3.7.0
2026-03-24 10:09:00-04:00,1774361340000,24232.0,True,False,1,1,VWAP_TRIPLE_BEAR,8,7,9.0,9.0,5.0,False,3.7.0
2026-03-24 10:10:00-04:00,1774361400000,24228.75,True,False,1,0,VWAP_TRIPLE_BEAR,6,6,9.0,9.0,5.0,False,3.7.0
2026-03-24 10:10:59-04:00,1774361459000,24245.5,True,False,-1,2,VWAP_TRIPLE_BEAR,6,8,9.0,9.0,5.0,False,3.7.0
2026-03-24 10:12:00-04:00,1774361520000,24241.25,True,False,-1,1,VWAP_TRIPLE_BEAR,6,7,9.0,9.0,5.0,False,3.7.0
2026-03-24 10:13:00-04:00,1774361580000,24234.25,True,False,-1,2,VWAP_TRIPLE_BEAR,5,7,9.0,9.0,5.0,False,3.7.0
2026-03-24 10:13:59-04:00,1774361639000,24238.25,True,False,-1,1,VWAP_TRIPLE_BEAR,6,7,9.0,9.0,5.0,False,3.7.0
2026-03-24 10:15:00-04:00,1774361700000,24229.5,True,False,-1,0,VWAP_TRIPLE_BEAR,7,7,9.0,9.0,5.0,False,3.7.0
2026-03-24 10:16:00-04:00,1774361760000,24228.25,True,False,-1,1,VWAP_TRIPLE_BEAR,7,6,9.0,9.0,5.0,False,3.7.0
2026-03-24 10:16:59-04:00,1774361819000,24218.75,True,False,1,1,VWAP_TRIPLE_BEAR,7,6,9.0,9.0,5.0,False,3.7.0
2026-03-24 10:18:00-04:00,1774361880000,24219.5,True,False,1,1,VWAP_TRIPLE_BEAR,8,7,9.0,9.0,5.0,False,3.7.0
2026-03-24 10:19:00-04:00,1774361940000,24244.25,True,False,-1,2,VWAP_TRIPLE_BEAR,10,8,9.0,9.0,5.0,False,3.7.0
2026-03-24 10:19:59-04:00,1774361999000,24243.75,True,False,-1,1,VWAP_TRIPLE_BEAR,7,8,9.0,9.0,5.0,False,3.7.0
2026-03-24 10:21:00-04:00,1774362060000,24244.25,True,False,-1,1,VWAP_TRIPLE_BEAR,7,8,9.0,9.0,5.0,False,3.7.0
2026-03-24 10:22:00-04:00,1774362120000,24230.0,True,False,1,3,VWAP_TRIPLE_BEAR,6,9,9.0,9.0,5.0,False,3.7.0
2026-03-24 10:23:00-04:00,1774362180000,24232.5,True,False,1,3,VWAP_TRIPLE_BEAR,9,6,9.0,9.0,5.0,False,3.7.0
2026-03-24 10:23:59-04:00,1774362239000,24241.75,True,False,1,1,VWAP_TRIPLE_BEAR,8,7,9.0,9.0,5.0,False,3.7.0
2026-03-24 10:25:00-04:00,1774362300000,24251.0,True,False,1,3,VWAP_TRIPLE_BEAR,10,7,9.0,9.0,5.0,False,3.7.0
2026-03-24 10:26:00-04:00,1774362360000,24253.5,True,False,1,3,VWAP_TRIPLE_BEAR,10,7,9.0,9.0,5.0,False,3.7.0
2026-03-24 10:26:59-04:00,1774362419000,24273.75,True,False,-1,3,VWAP_TRIPLE_BEAR,10,7,9.0,9.0,5.0,False,3.7.0
2026-03-24 10:28:00-04:00,1774362480000,24252.5,True,False,1,2,VWAP_TRIPLE_BEAR,8,10,9.0,9.0,5.0,False,3.7.0
2026-03-24 10:29:00-04:00,1774362540000,24259.75,True,False,0,2,VWAP_TRIPLE_BEAR,9,7,19.0,9.0,5.0,False,3.7.0
2026-03-24 10:29:59-04:00,1774362599000,24253.75,True,False,1,1,VWAP_TRIPLE_BEAR,8,7,9.0,9.0,5.0,False,3.7.0
2026-03-24 10:31:00-04:00,1774362660000,24286.5,True,False,0,0,RVOL_SPIKE_BUY,9,9,-0.75,9.0,5.0,False,3.7.0
2026-03-24 10:32:00-04:00,1774362720000,24292.0,True,False,-1,0,NONE,7,7,9.0,9.0,5.0,False,3.7.0
2026-03-24 10:32:59-04:00,1774362779000,24281.75,True,False,1,2,VWAP_TRIPLE_BEAR,10,8,9.0,9.0,5.0,False,3.7.0
2026-03-24 10:34:00-04:00,1774362840000,24281.25,True,False,1,2,VWAP_TRIPLE_BEAR,9,7,9.0,9.0,5.0,False,3.7.0
2026-03-24 10:35:00-04:00,1774362900000,24297.5,True,False,1,2,BN_LONG_DN,10,8,9.0,9.0,5.0,False,3.7.0
2026-03-24 10:35:59-04:00,1774362959000,24296.5,True,False,1,2,BN_LONG_DN,9,7,9.0,9.0,5.0,False,3.7.0
2026-03-24 10:37:00-04:00,1774363020000,24300.25,True,False,1,3,BN_LONG_UP,10,7,9.0,9.0,5.0,False,3.7.0
2026-03-24 10:38:00-04:00,1774363080000,24327.0,True,False,1,4,BN_LONG_UP,11,7,9.0,9.0,5.0,False,3.7.0
2026-03-24 10:39:00-04:00,1774363140000,24345.25,True,False,-1,2,BN_LONG_DN,6,8,9.0,9.0,5.0,False,3.7.0
2026-03-24 10:39:59-04:00,1774363199000,24343.5,True,False,-1,0,BN_LONG_DN,8,8,9.0,9.0,5.0,False,3.7.0
2026-03-24 10:41:00-04:00,1774363260000,24298.75,True,False,-1,2,CONFLUENCE_BUY,10,8,9.0,9.0,5.0,False,3.7.0
2026-03-24 10:42:00-04:00,1774363320000,24291.0,True,False,-1,5,RVOL_SPIKE_SELL,12,7,9.0,9.0,5.0,False,3.7.0
2026-03-24 10:42:59-04:00,1774363379000,24290.5,True,False,0,5,BN_LONG_UP,9,4,3.75,9.0,5.0,False,3.7.0
2026-03-24 10:44:00-04:00,1774363440000,24295.75,True,False,-1,0,NONE,6,6,9.0,9.0,5.0,False,3.7.0
2026-03-24 10:45:00-04:00,1774363500000,24290.5,True,False,-1,4,BN_LONG_UP,8,4,9.0,9.0,5.0,False,3.7.0
2026-03-24 10:45:59-04:00,1774363559000,24289.25,True,False,-1,4,BN_LONG_UP,9,5,9.0,9.0,5.0,False,3.7.0
2026-03-24 10:47:00-04:00,1774363620000,24277.75,True,False,1,5,VWAP_TRIPLE_BEAR,5,10,9.0,9.0,5.0,False,3.7.0
2026-03-24 10:48:00-04:00,1774363680000,24276.0,True,False,1,2,VWAP_TRIPLE_BEAR,6,8,9.0,9.0,5.0,False,3.7.0
2026-03-24 10:48:59-04:00,1774363739000,24278.75,True,False,1,1,VWAP_TRIPLE_BEAR,7,6,9.0,9.0,5.0,False,3.7.0
2026-03-24 10:50:00-04:00,1774363800000,24280.25,True,False,1,1,VWAP_TRIPLE_BEAR,8,7,9.0,9.0,5.0,False,3.7.0
2026-03-24 10:51:00-04:00,1774363860000,24285.75,True,False,1,3,BN_LONG_DN,6,9,9.0,9.0,5.0,False,3.7.0
2026-03-24 10:51:59-04:00,1774363919000,24295.0,True,False,-1,2,BN_LONG_UP,8,6,9.0,9.0,5.0,False,3.7.0
2026-03-24 10:53:00-04:00,1774363980000,24289.75,True,False,-1,2,BN_LONG_DN,6,8,9.0,9.0,5.0,False,3.7.0
2026-03-24 10:54:00-04:00,1774364040000,24291.75,True,False,-1,2,BN_LONG_DN,5,7,9.0,9.0,5.0,False,3.7.0
2026-03-24 10:55:00-04:00,1774364100000,24279.5,True,False,-1,1,VWAP_TRIPLE_BEAR,8,9,9.0,9.0,5.0,False,3.7.0
2026-03-24 10:55:59-04:00,1774364159000,24270.5,True,False,1,4,VWAP_TRIPLE_BEAR,5,9,9.0,9.0,5.0,False,3.7.0
2026-03-24 10:57:00-04:00,1774364220000,24269.0,True,False,1,4,VWAP_TRIPLE_BEAR,5,9,9.0,9.0,5.0,False,3.7.0
2026-03-24 10:58:00-04:00,1774364280000,24273.0,True,False,1,1,VWAP_TRIPLE_BEAR,7,8,9.0,9.0,5.0,False,3.7.0
2026-03-24 10:58:59-04:00,1774364339000,24276.25,True,False,1,2,VWAP_TRIPLE_BEAR,5,7,9.0,9.0,5.0,False,3.7.0
2026-03-24 11:00:00-04:00,1774364400000,24301.75,True,False,-1,1,BN_LONG_DN,8,9,9.0,9.0,5.0,False,3.7.0
2026-03-24 11:01:00-04:00,1774364460000,24298.25,True,False,-1,2,CONFLUENCE_SELL,7,9,9.0,9.0,5.0,False,3.7.0
2026-03-24 11:01:59-04:00,1774364519000,24292.75,True,False,1,1,BN_LONG_DN,7,8,9.0,9.0,5.0,False,3.7.0
2026-03-24 11:03:00-04:00,1774364580000,24294.25,True,False,0,3,BN_LONG_DN,6,9,-0.5,9.0,5.0,False,3.7.0
2026-03-24 11:04:00-04:00,1774364640000,24291.0,True,False,1,1,BN_LONG_UP,7,6,9.0,9.0,5.0,False,3.7.0
2026-03-24 11:04:59-04:00,1774364699000,24293.25,True,False,0,2,BN_LONG_DN,7,9,3.25,9.0,5.0,False,3.7.0
2026-03-24 11:06:00-04:00,1774364760000,24295.75,True,False,0,0,BN_LONG_DN,7,7,-7.5,9.0,5.0,False,3.7.0
2026-03-24 11:07:00-04:00,1774364820000,24288.25,True,False,1,0,BN_LONG_DN,6,6,9.0,9.0,5.0,False,3.7.0
2026-03-24 11:08:00-04:00,1774364880000,24292.25,True,False,1,2,CONFLUENCE_BUY,7,5,9.0,9.0,5.0,False,3.7.0
2026-03-24 11:08:59-04:00,1774364939000,24299.75,True,False,1,3,CONFLUENCE_SELL,6,9,9.0,9.0,5.0,False,3.7.0
2026-03-24 11:10:00-04:00,1774365000000,24297.0,True,False,1,3,BN_LONG_DN,6,9,9.0,9.0,5.0,False,3.7.0
2026-03-24 11:11:00-04:00,1774365060000,24300.75,True,False,1,1,BN_LONG_DN,8,9,9.0,9.0,5.0,False,3.7.0
2026-03-24 11:11:59-04:00,1774365119000,24304.0,True,False,1,0,BN_LONG_UP,7,7,9.0,9.0,5.0,False,3.7.0
2026-03-24 11:13:00-04:00,1774365180000,24308.0,True,False,0,2,BN_LONG_UP,8,6,-51.0,9.0,5.0,False,3.7.0
2026-03-24 11:14:00-04:00,1774365240000,24315.5,True,False,-1,2,CONFLUENCE_SELL,6,8,9.0,9.0,5.0,False,3.7.0
2026-03-24 11:14:59-04:00,1774365299000,24315.25,True,False,-1,1,BN_LONG_UP,8,7,9.0,9.0,5.0,False,3.7.0
2026-03-24 11:16:00-04:00,1774365360000,24309.5,True,False,-1,2,BN_LONG_DN,7,9,9.0,9.0,5.0,False,3.7.0
2026-03-24 11:17:00-04:00,1774365420000,24304.0,True,False,-1,0,BN_LONG_UP,8,8,9.0,9.0,5.0,False,3.7.0
2026-03-24 11:17:59-04:00,1774365479000,24300.25,True,False,0,3,BN_LONG_UP,10,7,-54.25,9.0,5.0,False,3.7.0
2026-03-24 11:19:00-04:00,1774365540000,24307.25,True,False,-1,2,BN_LONG_UP,9,7,9.0,9.0,5.0,False,3.7.0
2026-03-24 11:20:00-04:00,1774365600000,24303.25,True,False,-1,0,NONE,7,7,9.0,9.0,5.0,False,3.7.0
2026-03-24 11:20:59-04:00,1774365659000,24297.75,True,False,-1,2,BN_LONG_DN,8,10,9.0,9.0,5.0,False,3.7.0
2026-03-24 11:22:00-04:00,1774365720000,24296.5,True,False,-1,1,BN_LONG_DN,7,8,9.0,9.0,5.0,False,3.7.0
2026-03-24 11:23:00-04:00,1774365780000,24293.75,True,False,-1,2,BN_LONG_DN,7,9,9.0,9.0,5.0,False,3.7.0
2026-03-24 11:24:00-04:00,1774365840000,24298.5,True,False,-1,0,NONE,8,8,9.0,9.0,5.0,False,3.7.0
2026-03-24 11:24:59-04:00,1774365899000,24296.5,True,False,-1,2,BN_LONG_DN,6,8,9.0,9.0,5.0,False,3.7.0
2026-03-24 11:26:00-04:00,1774365960000,24288.25,True,False,-1,1,CONFLUENCE_BUY,7,6,9.0,9.0,5.0,False,3.7.0
2026-03-24 11:27:00-04:00,1774366020000,24281.0,True,False,-1,4,VWAP_TRIPLE_BEAR,4,8,9.0,9.0,5.0,False,3.7.0
2026-03-24 11:27:59-04:00,1774366079000,24270.0,True,False,-1,4,VWAP_TRIPLE_BEAR,5,9,9.0,9.0,5.0,False,3.7.0
2026-03-24 11:29:00-04:00,1774366140000,24267.75,True,False,-1,2,VWAP_TRIPLE_BEAR,5,7,9.0,9.0,5.0,False,3.7.0
2026-03-24 11:30:00-04:00,1774366200000,24265.0,True,False,-1,6,VWAP_TRIPLE_BEAR,6,12,9.0,9.0,5.0,False,3.7.0
2026-03-24 11:30:59-04:00,1774366259000,24266.75,True,False,-1,3,VWAP_TRIPLE_BEAR,5,8,9.0,9.0,5.0,False,3.7.0
2026-03-24 11:32:00-04:00,1774366320000,24257.0,True,False,-1,2,VWAP_TRIPLE_BEAR,6,8,9.0,9.0,5.0,False,3.7.0
2026-03-24 11:33:00-04:00,1774366380000,24257.0,True,False,-1,3,VWAP_TRIPLE_BEAR,5,8,9.0,9.0,5.0,False,3.7.0
2026-03-24 11:33:59-04:00,1774366439000,24246.25,True,False,-1,6,VWAP_TRIPLE_BEAR,4,10,9.0,9.0,5.0,False,3.7.0
2026-03-24 11:35:00-04:00,1774366500000,24231.25,True,False,1,3,VWAP_TRIPLE_BEAR,5,8,9.0,9.0,5.0,False,3.7.0
2026-03-24 11:36:00-04:00,1774366560000,24244.25,True,False,1,6,VWAP_TRIPLE_BEAR,4,10,9.0,9.0,5.0,False,3.7.0
2026-03-24 11:36:59-04:00,1774366619000,24251.0,True,False,0,3,VWAP_TRIPLE_BEAR,5,8,-55.5,9.0,5.0,False,3.7.0
2026-03-24 11:38:00-04:00,1774366680000,24246.0,True,False,1,7,VWAP_TRIPLE_BEAR,4,11,9.0,9.0,5.0,False,3.7.0
2026-03-24 11:39:00-04:00,1774366740000,24245.75,True,False,1,3,VWAP_TRIPLE_BEAR,6,9,9.0,9.0,5.0,False,3.7.0
2026-03-24 11:40:00-04:00,1774366800000,24246.25,True,False,1,4,VWAP_TRIPLE_BEAR,5,9,9.0,9.0,5.0,False,3.7.0
2026-03-24 11:40:59-04:00,1774366859000,24246.5,True,False,1,3,VWAP_TRIPLE_BEAR,5,8,9.0,9.0,5.0,False,3.7.0
2026-03-24 11:42:00-04:00,1774366920000,24257.5,True,False,-1,0,VWAP_TRIPLE_BEAR,8,8,9.0,9.0,5.0,False,3.7.0
2026-03-24 11:43:00-04:00,1774366980000,24248.0,True,False,-1,0,VWAP_TRIPLE_BEAR,9,9,9.0,9.0,5.0,False,3.7.0
2026-03-24 11:43:59-04:00,1774367039000,24240.75,True,False,-1,6,VWAP_TRIPLE_BEAR,5,11,9.0,9.0,5.0,False,3.7.0
2026-03-24 11:45:00-04:00,1774367100000,24228.75,True,False,-1,4,VWAP_TRIPLE_BEAR,6,10,9.0,9.0,5.0,False,3.7.0
2026-03-24 11:46:00-04:00,1774367160000,24217.5,True,False,1,3,VWAP_TRIPLE_BEAR,6,9,9.0,9.0,5.0,False,3.7.0
2026-03-24 11:46:59-04:00,1774367219000,24220.5,True,False,0,3,VWAP_TRIPLE_BEAR,6,9,3.75,9.0,5.0,False,3.7.0
2026-03-24 11:48:00-04:00,1774367280000,24222.5,True,False,0,0,VWAP_TRIPLE_BEAR,7,7,3.0,9.0,5.0,False,3.7.0
2026-03-24 11:49:00-04:00,1774367340000,24229.0,True,False,-1,2,VWAP_TRIPLE_BEAR,5,7,9.0,9.0,5.0,False,3.7.0
2026-03-24 11:49:59-04:00,1774367399000,24221.5,True,False,-1,1,VWAP_TRIPLE_BEAR,7,8,9.0,9.0,5.0,False,3.7.0
2026-03-24 11:51:00-04:00,1774367460000,24214.5,True,False,-1,0,VWAP_TRIPLE_BEAR,8,8,9.0,9.0,5.0,False,3.7.0
2026-03-24 11:52:00-04:00,1774367520000,24207.0,True,False,-1,2,VWAP_TRIPLE_BEAR,7,9,9.0,9.0,5.0,False,3.7.0
2026-03-24 11:53:00-04:00,1774367580000,24204.0,True,False,0,3,VWAP_TRIPLE_BEAR,5,8,28.75,9.0,5.0,False,3.7.0
2026-03-24 11:53:59-04:00,1774367639000,24205.0,True,False,-1,3,VWAP_TRIPLE_BEAR,6,9,9.0,9.0,5.0,False,3.7.0
2026-03-24 11:55:00-04:00,1774367700000,24200.25,True,False,1,4,VWAP_TRIPLE_BEAR,7,11,9.0,9.0,5.0,False,3.7.0
2026-03-24 11:56:00-04:00,1774367760000,24203.5,True,False,0,0,VWAP_TRIPLE_BEAR,8,8,25.5,9.0,5.0,False,3.7.0
2026-03-24 11:56:59-04:00,1774367819000,24195.5,True,False,1,1,VWAP_TRIPLE_BEAR,9,8,9.0,9.0,5.0,False,3.7.0
2026-03-24 11:58:00-04:00,1774367880000,24200.5,True,False,1,3,VWAP_TRIPLE_BEAR,7,10,9.0,9.0,5.0,False,3.7.0
2026-03-24 11:59:00-04:00,1774367940000,24219.25,True,False,1,1,VWAP_TRIPLE_BEAR,7,8,9.0,9.0,5.0,False,3.7.0
2026-03-24 11:59:59-04:00,1774367999000,24223.75,True,False,1,2,VWAP_TRIPLE_BEAR,7,9,9.0,9.0,5.0,False,3.7.0
2026-03-24 12:01:00-04:00,1774368060000,24222.75,True,False,1,1,VWAP_TRIPLE_BEAR,9,8,9.0,9.0,5.0,False,3.7.0
2026-03-24 12:02:00-04:00,1774368120000,24225.25,True,False,1,3,VWAP_TRIPLE_BEAR,6,9,9.0,9.0,5.0,False,3.7.0
2026-03-24 12:02:59-04:00,1774368179000,24226.25,True,False,1,4,VWAP_TRIPLE_BEAR,7,11,9.0,9.0,5.0,False,3.7.0
2026-03-24 12:04:00-04:00,1774368240000,24225.75,True,False,1,3,VWAP_TRIPLE_BEAR,6,9,9.0,9.0,5.0,False,3.7.0
2026-03-24 12:05:00-04:00,1774368300000,24226.5,True,False,1,2,VWAP_TRIPLE_BEAR,7,9,9.0,9.0,5.0,False,3.7.0
2026-03-24 12:05:59-04:00,1774368359000,24224.0,True,False,1,4,VWAP_TRIPLE_BEAR,7,11,9.0,9.0,5.0,False,3.7.0
2026-03-24 12:07:00-04:00,1774368420000,24224.25,True,False,1,4,VWAP_TRIPLE_BEAR,6,10,9.0,9.0,5.0,False,3.7.0
2026-03-24 12:08:00-04:00,1774368480000,24225.5,True,False,1,3,VWAP_TRIPLE_BEAR,7,10,9.0,9.0,5.0,False,3.7.0
2026-03-24 12:09:00-04:00,1774368540000,24224.0,True,False,1,4,VWAP_TRIPLE_BEAR,6,10,9.0,9.0,5.0,False,3.7.0
2026-03-24 12:09:59-04:00,1774368599000,24225.5,True,False,1,1,VWAP_TRIPLE_BEAR,8,7,9.0,9.0,5.0,False,3.7.0
2026-03-24 12:11:00-04:00,1774368660000,24226.25,True,False,1,1,VWAP_TRIPLE_BEAR,6,7,9.0,9.0,5.0,False,3.7.0
2026-03-24 12:12:00-04:00,1774368720000,24229.0,True,False,1,0,VWAP_TRIPLE_BEAR,8,8,9.0,9.0,5.0,False,3.7.0
2026-03-24 12:12:59-04:00,1774368779000,24232.75,True,False,1,2,VWAP_TRIPLE_BEAR,6,8,9.0,9.0,5.0,False,3.7.0
2026-03-24 12:14:00-04:00,1774368840000,24236.75,True,False,0,0,VWAP_TRIPLE_BEAR,8,8,192.25,9.0,5.0,False,3.7.0
2026-03-24 12:15:00-04:00,1774368900000,24235.5,True,False,0,3,VWAP_TRIPLE_BEAR,6,9,219.0,9.0,5.0,False,3.7.0
2026-03-24 12:15:59-04:00,1774368959000,24229.0,True,False,1,2,VWAP_TRIPLE_BEAR,6,8,9.0,9.0,5.0,False,3.7.0
2026-03-24 12:17:00-04:00,1774369020000,24233.0,True,False,1,2,VWAP_TRIPLE_BEAR,9,7,9.0,9.0,5.0,False,3.7.0
2026-03-24 12:18:00-04:00,1774369080000,24230.25,True,False,1,2,VWAP_TRIPLE_BEAR,6,8,9.0,9.0,5.0,False,3.7.0
2026-03-24 12:18:59-04:00,1774369139000,24256.25,True,False,1,1,VWAP_TRIPLE_BEAR,8,9,9.0,9.0,5.0,False,3.7.0
2026-03-24 12:20:00-04:00,1774369200000,24376.25,True,False,-1,2,RVOL_SPIKE_BUY,11,9,9.0,9.0,5.0,False,3.7.0
2026-03-24 12:21:00-04:00,1774369260000,24358.5,True,False,1,5,BN_LONG_DN,5,10,9.0,9.0,5.0,False,3.7.0
2026-03-24 12:21:59-04:00,1774369319000,24450.5,True,False,1,2,RVOL_SPIKE_BUY,11,9,9.0,9.0,5.0,False,3.7.0
2026-03-24 12:23:00-04:00,1774369380000,24449.5,True,False,1,2,BN_LONG_UP,9,7,9.0,9.0,5.0,False,3.7.0
2026-03-24 12:24:00-04:00,1774369440000,24490.75,True,False,1,2,BN_LONG_DN,6,8,9.0,9.0,5.0,False,3.7.0
2026-03-24 12:25:00-04:00,1774369500000,24487.0,True,False,1,3,RVOL_SPIKE_BUY,7,10,9.0,9.0,5.0,False,3.7.0
2026-03-24 12:25:59-04:00,1774369559000,24537.75,True,False,-1,0,NONE,7,7,9.0,9.0,5.0,False,3.7.0
2026-03-24 12:27:00-04:00,1774369620000,24484.25,True,False,-1,3,BN_LONG_UP,9,6,9.0,9.0,5.0,False,3.7.0
2026-03-24 12:28:00-04:00,1774369680000,24428.0,True,False,-1,1,BN_LONG_UP,8,7,9.0,9.0,5.0,False,3.7.0
2026-03-24 12:28:59-04:00,1774369739000,24422.0,True,False,-1,4,BN_LONG_DN,5,9,9.0,9.0,5.0,False,3.7.0
2026-03-24 12:30:00-04:00,1774369800000,24406.5,True,False,1,0,BN_LONG_DN,8,8,9.0,9.0,5.0,False,3.7.0
2026-03-24 12:31:00-04:00,1774369860000,24407.5,True,False,1,0,NONE,7,7,9.0,9.0,5.0,False,3.7.0
2026-03-24 12:31:59-04:00,1774369919000,24418.25,True,False,1,1,BN_LONG_DN,8,9,9.0,9.0,5.0,False,3.7.0
2026-03-24 12:33:00-04:00,1774369980000,24429.75,True,False,1,2,BN_LONG_UP,9,7,9.0,9.0,5.0,False,3.7.0
2026-03-24 12:34:00-04:00,1774370040000,24429.0,True,False,1,1,BN_LONG_DN,8,9,9.0,9.0,5.0,False,3.7.0
2026-03-24 12:34:59-04:00,1774370099000,24454.5,True,False,1,6,BN_LONG_UP,12,6,9.0,9.0,5.0,False,3.7.0
2026-03-24 12:36:00-04:00,1774370160000,24484.5,True,False,1,1,CONFLUENCE_BUY,8,7,9.0,9.0,5.0,False,3.7.0
2026-03-24 12:37:00-04:00,1774370220000,24480.75,True,False,1,3,BN_LONG_UP,10,7,9.0,9.0,5.0,False,3.7.0
2026-03-24 12:38:00-04:00,1774370280000,24485.25,True,False,1,4,BN_LONG_UP,10,6,9.0,9.0,5.0,False,3.7.0
2026-03-24 12:38:59-04:00,1774370339000,24524.75,True,False,-1,0,BN_LONG_DN,8,8,9.0,9.0,5.0,False,3.7.0
2026-03-24 12:40:00-04:00,1774370400000,24470.75,True,False,-1,4,BN_LONG_DN,7,11,9.0,9.0,5.0,False,3.7.0
2026-03-24 12:41:00-04:00,1774370460000,24448.5,True,False,-1,1,BN_LONG_DN,7,8,9.0,9.0,5.0,False,3.7.0
2026-03-24 12:41:59-04:00,1774370519000,24436.0,True,False,-1,1,CONFLUENCE_BUY,7,6,9.0,9.0,5.0,False,3.7.0
2026-03-24 12:43:00-04:00,1774370580000,24407.0,True,False,1,3,BN_LONG_DN,6,9,9.0,9.0,5.0,False,3.7.0
2026-03-24 12:44:00-04:00,1774370640000,24430.25,True,False,-1,3,BN_LONG_DN,6,9,9.0,9.0,5.0,False,3.7.0
2026-03-24 12:44:59-04:00,1774370699000,24432.25,True,False,-1,1,BN_LONG_DN,8,9,9.0,9.0,5.0,False,3.7.0
2026-03-24 12:46:00-04:00,1774370760000,24392.5,True,False,1,3,BN_LONG_UP,9,6,9.0,9.0,5.0,False,3.7.0
2026-03-24 12:47:00-04:00,1774370820000,24396.0,True,False,1,2,BN_LONG_DN,6,8,9.0,9.0,5.0,False,3.7.0
2026-03-24 12:47:59-04:00,1774370879000,24413.0,True,False,0,1,BN_LONG_UP,7,6,36.75,9.0,5.0,False,3.7.0
2026-03-24 12:49:00-04:00,1774370940000,24420.25,True,False,-1,2,CONFLUENCE_BUY,8,6,9.0,9.0,5.0,False,3.7.0
2026-03-24 12:50:00-04:00,1774371000000,24404.0,True,False,1,2,BN_LONG_DN,7,9,9.0,9.0,5.0,False,3.7.0
2026-03-24 12:50:59-04:00,1774371059000,24419.75,True,False,-1,2,BN_LONG_UP,9,7,9.0,9.0,5.0,False,3.7.0
2026-03-24 12:52:00-04:00,1774371120000,24414.25,True,False,-1,2,BN_LONG_UP,8,6,9.0,9.0,5.0,False,3.7.0
2026-03-24 12:53:00-04:00,1774371180000,24408.0,True,False,-1,0,BN_LONG_DN,8,8,9.0,9.0,5.0,False,3.7.0
2026-03-24 12:54:00-04:00,1774371240000,24395.5,True,False,1,2,BN_LONG_UP,7,9,9.0,9.0,5.0,False,3.7.0
2026-03-24 12:54:59-04:00,1774371299000,24407.0,True,False,1,0,BN_LONG_DN,8,8,9.0,9.0,5.0,False,3.7.0
2026-03-24 12:56:00-04:00,1774371360000,24404.5,True,False,1,2,BN_LONG_UP,7,9,9.0,9.0,5.0,False,3.7.0
2026-03-24 12:57:00-04:00,1774371420000,24413.0,True,False,-1,1,BN_LONG_UP,8,7,9.0,9.0,5.0,False,3.7.0
2026-03-24 12:57:59-04:00,1774371479000,24404.5,True,False,1,2,BN_LONG_DN,6,8,9.0,9.0,5.0,False,3.7.0
2026-03-24 12:59:00-04:00,1774371540000,24403.75,True,False,1,2,CONFLUENCE_BUY,8,6,9.0,9.0,5.0,False,3.7.0
2026-03-24 14:00:00-04:00,1774375200000,24425.0,True,False,1,4,BN_LONG_UP,10,6,9.0,9.0,5.0,False,3.7.0
2026-03-24 14:01:00-04:00,1774375260000,24428.5,True,False,1,1,BN_LONG_UP,7,6,9.0,9.0,5.0,False,3.7.0
2026-03-24 14:01:59-04:00,1774375319000,24437.0,True,False,-1,2,BN_LONG_UP,8,6,9.0,9.0,5.0,False,3.7.0
2026-03-24 14:03:00-04:00,1774375380000,24427.25,True,False,1,0,BN_LONG_DN,6,6,9.0,9.0,5.0,False,3.7.0
2026-03-24 14:04:00-04:00,1774375440000,24441.75,True,False,0,2,BN_LONG_UP,8,6,-41.5,9.0,5.0,False,3.7.0
2026-03-24 14:04:59-04:00,1774375499000,24443.75,True,False,0,2,BN_LONG_UP,8,6,-50.75,9.0,5.0,False,3.7.0
2026-03-24 14:06:00-04:00,1774375560000,24447.75,True,False,-1,2,BN_LONG_UP,7,5,9.0,9.0,5.0,False,3.7.0
2026-03-24 14:07:00-04:00,1774375620000,24450.0,True,False,-1,3,BN_LONG_UP,9,6,9.0,9.0,5.0,False,3.7.0
2026-03-24 14:08:00-04:00,1774375680000,24449.75,True,False,-1,3,BN_LONG_UP,8,5,9.0,9.0,5.0,False,3.7.0
2026-03-24 14:08:59-04:00,1774375739000,24445.5,True,False,-1,3,BN_LONG_DN,7,10,9.0,9.0,5.0,False,3.7.0
2026-03-24 14:10:00-04:00,1774375800000,24440.75,True,False,-1,2,BN_LONG_UP,8,6,9.0,9.0,5.0,False,3.7.0
2026-03-24 14:11:00-04:00,1774375860000,24435.25,True,False,-1,2,VAL_BOUNCE,9,7,9.0,9.0,5.0,False,3.7.0
2026-03-24 14:11:59-04:00,1774375919000,24430.75,True,False,-1,2,BN_LONG_DN,8,6,9.0,9.0,5.0,False,3.7.0
2026-03-24 14:13:00-04:00,1774375980000,24432.75,True,False,-1,4,BN_LONG_UP,10,6,9.0,9.0,5.0,False,3.7.0
2026-03-24 14:14:00-04:00,1774376040000,24428.0,True,False,-1,1,BN_LONG_DN,7,6,9.0,9.0,5.0,False,3.7.0
2026-03-24 14:14:59-04:00,1774376099000,24411.75,True,False,0,1,CONFLUENCE_SELL,7,8,1.0,9.0,5.0,False,3.7.0
2026-03-24 14:16:00-04:00,1774376160000,24413.75,True,False,0,3,BN_LONG_UP,9,6,0.25,9.0,5.0,False,3.7.0
2026-03-24 14:17:00-04:00,1774376220000,24408.0,True,False,1,1,BN_LONG_DN,8,7,9.0,9.0,5.0,False,3.7.0
2026-03-24 14:17:59-04:00,1774376279000,24411.0,True,False,1,4,BN_LONG_UP,11,7,9.0,9.0,5.0,False,3.7.0
2026-03-24 14:19:00-04:00,1774376340000,24420.25,True,False,-1,7,CONFLUENCE_BUY,11,4,9.0,9.0,5.0,False,3.7.0
2026-03-24 14:20:00-04:00,1774376400000,24415.25,True,False,-1,2,BN_LONG_DN,6,8,9.0,9.0,5.0,False,3.7.0
2026-03-24 14:20:59-04:00,1774376459000,24411.0,True,False,-1,1,CONFLUENCE_BUY,8,7,9.0,9.0,5.0,False,3.7.0
2026-03-24 14:22:00-04:00,1774376520000,24405.25,True,False,-1,2,BN_LONG_DN,8,6,9.0,9.0,5.0,False,3.7.0
2026-03-24 14:23:00-04:00,1774376580000,24405.25,True,False,-1,1,BN_LONG_DN,8,7,9.0,9.0,5.0,False,3.7.0
2026-03-24 14:24:00-04:00,1774376640000,24400.25,True,False,0,3,CONFLUENCE_BUY,8,5,21.25,9.0,5.0,False,3.7.0
2026-03-24 14:24:59-04:00,1774376699000,24393.0,True,False,1,2,RVOL_SPIKE_SELL,11,9,9.0,9.0,5.0,False,3.7.0
2026-03-24 14:26:00-04:00,1774376760000,24396.75,True,False,1,4,CONFLUENCE_BUY,9,5,9.0,9.0,5.0,False,3.7.0
2026-03-24 14:27:00-04:00,1774376820000,24400.0,True,False,1,6,BN_LONG_UP,11,5,9.0,9.0,5.0,False,3.7.0
2026-03-24 14:27:59-04:00,1774376879000,24395.75,True,False,1,2,BN_LONG_UP,8,6,9.0,9.0,5.0,False,3.7.0
2026-03-24 14:29:00-04:00,1774376940000,24398.75,True,False,1,0,NONE,6,6,9.0,9.0,5.0,False,3.7.0
2026-03-24 14:30:00-04:00,1774377000000,24407.5,True,False,1,2,BN_LONG_UP,7,5,9.0,9.0,5.0,False,3.7.0
2026-03-24 14:30:59-04:00,1774377059000,24408.25,True,False,1,1,BN_LONG_UP,7,8,9.0,9.0,5.0,False,3.7.0
2026-03-24 14:32:00-04:00,1774377120000,24407.25,True,False,1,1,BN_LONG_DN,5,6,9.0,9.0,5.0,False,3.7.0
2026-03-24 14:33:00-04:00,1774377180000,24416.0,True,False,-1,2,CONFLUENCE_BUY,6,4,9.0,9.0,5.0,False,3.7.0
2026-03-24 14:33:59-04:00,1774377239000,24410.25,True,False,0,3,BN_LONG_DN,6,9,4.25,9.0,5.0,False,3.7.0
2026-03-24 14:35:00-04:00,1774377300000,24412.75,True,False,0,1,CONFLUENCE_SELL,5,6,4.25,9.0,5.0,False,3.7.0
2026-03-24 14:36:00-04:00,1774377360000,24414.0,True,False,-1,1,CONFLUENCE_BUY,5,4,9.0,9.0,5.0,False,3.7.0
2026-03-24 14:36:59-04:00,1774377419000,24416.25,True,False,-1,1,CONFLUENCE_SELL,4,5,9.0,9.0,5.0,False,3.7.0
2026-03-24 14:38:00-04:00,1774377480000,24417.75,True,False,-1,1,BN_LONG_UP,5,4,9.0,9.0,5.0,False,3.7.0
2026-03-24 14:39:00-04:00,1774377540000,24406.0,True,False,1,3,BN_LONG_DN,4,7,9.0,9.0,5.0,False,3.7.0
2026-03-24 14:40:00-04:00,1774377600000,24409.5,True,False,1,0,NONE,5,5,9.0,9.0,5.0,False,3.7.0
2026-03-24 14:40:59-04:00,1774377659000,24405.0,True,False,1,4,BN_LONG_DN,4,8,9.0,9.0,5.0,False,3.7.0
2026-03-24 14:42:00-04:00,1774377720000,24409.5,True,False,1,1,CONFLUENCE_SELL,5,6,9.0,9.0,5.0,False,3.7.0
2026-03-24 14:43:00-04:00,1774377780000,24419.75,True,False,0,6,BN_LONG_UP,9,3,-15.5,9.0,5.0,False,3.7.0
2026-03-24 14:43:59-04:00,1774377839000,24421.5,True,False,-1,2,CONFLUENCE_BUY,7,5,9.0,9.0,5.0,False,3.7.0
2026-03-24 14:45:00-04:00,1774377900000,24426.25,True,False,-1,5,BN_LONG_UP,8,3,9.0,9.0,5.0,False,3.7.0
2026-03-24 14:46:00-04:00,1774377960000,24417.5,True,False,0,6,BN_LONG_DN,3,9,-2.5,9.0,5.0,False,3.7.0
2026-03-24 14:46:59-04:00,1774378019000,24420.25,True,False,-1,2,BN_LONG_DN,5,7,9.0,9.0,5.0,False,3.7.0
2026-03-24 14:48:00-04:00,1774378080000,24413.0,True,False,1,6,BN_LONG_DN,3,9,9.0,9.0,5.0,False,3.7.0
2026-03-24 14:49:00-04:00,1774378140000,24415.75,True,False,0,2,CONFLUENCE_SELL,3,5,-6.25,9.0,5.0,False,3.7.0
2026-03-24 14:49:59-04:00,1774378199000,24417.25,True,False,0,0,NONE,5,5,5.25,9.0,5.0,False,3.7.0
2026-03-24 14:51:00-04:00,1774378260000,24415.75,True,False,0,6,BN_LONG_DN,3,9,4.25,9.0,5.0,False,3.7.0
2026-03-24 14:52:00-04:00,1774378320000,24409.75,True,False,1,6,BN_LONG_DN,4,10,9.0,9.0,5.0,False,3.7.0
2026-03-24 14:53:00-04:00,1774378380000,24412.5,True,False,1,2,BN_LONG_DN,4,6,9.0,9.0,5.0,False,3.7.0
2026-03-24 14:53:59-04:00,1774378439000,24414.5,True,False,1,2,BN_LONG_UP,7,5,9.0,9.0,5.0,False,3.7.0
2026-03-24 14:55:00-04:00,1774378500000,24417.0,True,False,0,1,CONFLUENCE_SELL,4,5,4.5,9.0,5.0,False,3.7.0
2026-03-24 14:56:00-04:00,1774378560000,24412.0,True,False,1,5,CONFLUENCE_SELL,4,9,9.0,9.0,5.0,False,3.7.0
2026-03-24 14:56:59-04:00,1774378619000,24414.25,True,False,1,5,CONFLUENCE_SELL,3,8,9.0,9.0,5.0,False,3.7.0
2026-03-24 14:58:00-04:00,1774378680000,24420.75,True,False,0,4,RVOL_SPIKE_BUY,11,7,4.0,9.0,5.0,False,3.7.0
2026-03-24 14:59:00-04:00,1774378740000,24426.5,True,False,-1,3,BN_LONG_UP,7,4,9.0,9.0,5.0,False,3.7.0
2026-03-24 14:59:59-04:00,1774378799000,24426.25,True,False,-1,0,NONE,4,4,9.0,9.0,5.0,False,3.7.0
2026-03-24 15:01:00-04:00,1774378860000,24418.0,True,False,-1,2,BN_LONG_DN,5,7,9.0,9.0,5.0,False,3.7.0
2026-03-24 15:02:00-04:00,1774378920000,24407.25,True,False,1,5,BN_LONG_DN,4,9,9.0,9.0,5.0,False,3.7.0
2026-03-24 15:02:59-04:00,1774378979000,24404.25,True,False,1,1,BN_LONG_DN,5,6,9.0,9.0,5.0,False,3.7.0
2026-03-24 15:04:00-04:00,1774379040000,24406.0,True,False,1,2,CONFLUENCE_BUY,7,5,9.0,9.0,5.0,False,3.7.0
2026-03-24 15:05:00-04:00,1774379100000,24412.5,True,False,0,1,CONFLUENCE_SELL,4,5,26.0,9.0,5.0,False,3.7.0
2026-03-24 15:05:59-04:00,1774379159000,24415.0,True,False,0,1,CONFLUENCE_SELL,5,6,24.0,9.0,5.0,False,3.7.0
2026-03-24 15:07:00-04:00,1774379220000,24408.0,True,False,1,0,BN_LONG_UP,7,7,9.0,9.0,5.0,False,3.7.0
2026-03-24 15:08:00-04:00,1774379280000,24407.25,True,False,1,3,BN_LONG_DN,4,7,9.0,9.0,5.0,False,3.7.0
2026-03-24 15:09:00-04:00,1774379340000,24409.5,True,False,1,2,BN_LONG_UP,8,6,9.0,9.0,5.0,False,3.7.0
2026-03-24 15:09:59-04:00,1774379399000,24422.5,True,False,0,6,BN_LONG_UP,9,3,10.0,9.0,5.0,False,3.7.0
2026-03-24 15:11:00-04:00,1774379460000,24420.0,True,False,1,1,CONFLUENCE_SELL,5,6,9.0,9.0,5.0,False,3.7.0
2026-03-24 15:12:00-04:00,1774379520000,24416.25,True,False,1,2,CONFLUENCE_SELL,3,5,9.0,9.0,5.0,False,3.7.0
2026-03-24 15:12:59-04:00,1774379579000,24416.5,True,False,1,4,CONFLUENCE_SELL,3,7,9.0,9.0,5.0,False,3.7.0
2026-03-24 15:14:00-04:00,1774379640000,24416.75,True,False,1,0,NONE,5,5,9.0,9.0,5.0,False,3.7.0
2026-03-24 15:15:00-04:00,1774379700000,24421.5,True,False,1,6,BN_LONG_UP,8,2,9.0,9.0,5.0,False,3.7.0
2026-03-24 15:15:59-04:00,1774379759000,24428.0,True,False,1,5,CONFLUENCE_BUY,7,2,9.0,9.0,5.0,False,3.7.0
2026-03-24 15:17:00-04:00,1774379820000,24428.75,True,False,1,0,BN_LONG_DN,4,4,9.0,9.0,5.0,False,3.7.0
2026-03-24 15:18:00-04:00,1774379880000,24424.75,True,False,1,1,CONFLUENCE_BUY,5,4,9.0,9.0,5.0,False,3.7.0
2026-03-24 15:18:59-04:00,1774379939000,24428.0,True,False,1,3,BN_LONG_UP,6,3,9.0,9.0,5.0,False,3.7.0
2026-03-24 15:20:00-04:00,1774380000000,24428.0,True,False,1,0,NONE,5,5,9.0,9.0,5.0,False,3.7.0
2026-03-24 15:21:00-04:00,1774380060000,24436.25,True,False,0,4,BN_LONG_UP,8,4,-17.25,9.0,5.0,False,3.7.0
2026-03-24 15:21:59-04:00,1774380119000,24431.75,True,False,1,0,BN_LONG_DN,5,5,9.0,9.0,5.0,False,3.7.0
2026-03-24 15:23:00-04:00,1774380180000,24438.25,True,False,-1,4,BN_LONG_UP,8,4,9.0,9.0,5.0,False,3.7.0
2026-03-24 15:24:00-04:00,1774380240000,24438.25,True,False,-1,1,BN_LONG_UP,5,6,9.0,9.0,5.0,False,3.7.0
2026-03-24 15:25:00-04:00,1774380300000,24438.5,True,False,-1,2,CONFLUENCE_BUY,7,5,9.0,9.0,5.0,False,3.7.0
2026-03-24 15:25:59-04:00,1774380359000,24439.0,True,False,-1,1,CONFLUENCE_BUY,5,4,9.0,9.0,5.0,False,3.7.0
2026-03-24 15:27:00-04:00,1774380420000,24443.0,True,False,-1,1,CONFLUENCE_BUY,5,4,9.0,9.0,5.0,False,3.7.0
2026-03-24 15:28:00-04:00,1774380480000,24438.0,True,False,-1,2,BN_LONG_DN,5,7,9.0,9.0,5.0,False,3.7.0
2026-03-24 15:28:59-04:00,1774380539000,24430.0,True,False,-1,2,CONFLUENCE_SELL,5,7,9.0,9.0,5.0,False,3.7.0
2026-03-24 15:30:00-04:00,1774380600000,24432.5,True,False,-1,3,BN_LONG_UP,8,5,9.0,9.0,5.0,False,3.7.0
2026-03-24 15:31:00-04:00,1774380660000,24431.75,True,False,-1,3,BN_LONG_DN,5,8,9.0,9.0,5.0,False,3.7.0
2026-03-24 15:31:59-04:00,1774380719000,24432.25,True,False,-1,2,BN_LONG_UP,7,5,9.0,9.0,5.0,False,3.7.0
2026-03-24 15:33:00-04:00,1774380780000,24431.75,True,False,-1,3,BN_LONG_DN,5,8,9.0,9.0,5.0,False,3.7.0
2026-03-24 15:34:00-04:00,1774380840000,24428.5,True,False,0,2,BN_LONG_DN,5,7,-14.25,9.0,5.0,False,3.7.0
2026-03-24 15:34:59-04:00,1774380899000,24430.25,True,False,-1,1,BN_LONG_DN,6,5,9.0,9.0,5.0,False,3.7.0
2026-03-24 15:36:00-04:00,1774380960000,24427.5,True,False,0,1,CONFLUENCE_BUY,5,4,-12.0,9.0,5.0,False,3.7.0
2026-03-24 15:37:00-04:00,1774381020000,24433.75,True,False,-1,5,BN_LONG_UP,10,5,9.0,9.0,5.0,False,3.7.0
2026-03-24 15:38:00-04:00,1774381080000,24431.0,True,False,-1,3,BN_LONG_UP,7,4,9.0,9.0,5.0,False,3.7.0
2026-03-24 15:38:59-04:00,1774381139000,24433.25,True,False,-1,4,BN_LONG_UP,9,5,9.0,9.0,5.0,False,3.7.0
2026-03-24 15:40:00-04:00,1774381200000,24426.25,True,False,-1,1,CONFLUENCE_SELL,5,6,9.0,9.0,5.0,False,3.7.0
2026-03-24 15:41:00-04:00,1774381260000,24419.0,True,False,-1,6,RVOL_SPIKE_SELL,5,11,9.0,9.0,5.0,False,3.7.0
2026-03-24 15:41:59-04:00,1774381319000,24417.5,True,False,-1,2,BN_LONG_DN,4,6,9.0,9.0,5.0,False,3.7.0
2026-03-24 15:43:00-04:00,1774381380000,24417.0,True,False,-1,1,BN_LONG_DN,5,6,9.0,9.0,5.0,False,3.7.0
2026-03-24 15:44:00-04:00,1774381440000,24415.25,False,False,0,0,NONE,5,5,9.0,9.0,5.0,False,3.7.0
2026-03-24 15:44:59-04:00,1774381499000,24411.75,False,False,0,0,BN_LONG_DN,7,8,-22.75,9.0,5.0,False,3.7.0
2026-03-24 15:46:00-04:00,1774381560000,24410.75,False,False,0,0,BN_LONG_UP,7,6,-21.75,9.0,5.0,False,3.7.0
2026-03-24 15:47:00-04:00,1774381620000,24411.25,False,False,0,0,NONE,6,6,-22.25,9.0,5.0,False,3.7.0
2026-03-24 15:47:59-04:00,1774381679000,24414.0,False,False,0,0,CONFLUENCE_BUY,7,4,9.0,9.0,5.0,False,3.7.0
2026-03-24 15:49:00-04:00,1774381740000,24415.25,False,False,0,0,NONE,5,5,9.0,9.0,5.0,False,3.7.0
2026-03-24 15:50:00-04:00,1774381800000,24414.25,False,False,0,0,CONFLUENCE_BUY,5,4,9.0,9.0,5.0,False,3.7.0
2026-03-24 15:50:59-04:00,1774381859000,24418.25,False,False,0,0,CONFLUENCE_BUY,7,4,9.0,9.0,5.0,False,3.7.0
2026-03-24 15:52:00-04:00,1774381920000,24410.75,False,False,0,0,BN_LONG_DN,5,9,-21.75,9.0,5.0,False,3.7.0
2026-03-24 15:53:00-04:00,1774381980000,24418.0,False,False,0,0,BN_LONG_DN,6,5,9.0,9.0,5.0,False,3.7.0
2026-03-24 15:54:00-04:00,1774382040000,24414.25,False,False,0,0,BN_LONG_UP,4,4,9.0,9.0,5.0,False,3.7.0
2026-03-24 15:54:59-04:00,1774382099000,24413.0,False,False,0,0,CONFLUENCE_SELL,3,4,9.0,9.0,5.0,False,3.7.0
2026-03-24 15:56:00-04:00,1774382160000,24415.5,False,False,0,0,CONFLUENCE_BUY,6,4,9.0,9.0,5.0,False,3.7.0
2026-03-24 15:57:00-04:00,1774382220000,24416.5,False,False,0,0,CONFLUENCE_BUY,6,4,9.0,9.0,5.0,False,3.7.0
2026-03-24 15:57:59-04:00,1774382279000,24414.0,False,False,0,0,CONFLUENCE_SELL,3,6,9.0,9.0,5.0,False,3.7.0
2026-03-24 15:59:00-04:00,1774382340000,24411.75,False,False,0,0,BN_LONG_DN,4,6,9.0,9.0,5.0,False,3.7.0
2026-03-24 16:00:00-04:00,1774382400000,24404.0,False,False,0,0,RVOL_SPIKE_SELL,7,8,9.0,9.0,5.0,False,3.7.0
2026-03-24 16:00:59-04:00,1774382459000,24392.0,False,False,0,0,RVOL_SPIKE_SELL,5,9,-3.0,9.0,5.0,False,3.7.0
2026-03-24 16:02:00-04:00,1774382520000,24393.75,False,False,0,0,RVOL_SPIKE_BUY,8,4,-4.75,9.0,5.0,False,3.7.0
2026-03-24 16:03:00-04:00,1774382580000,24389.0,False,False,0,0,BN_LONG_DN,4,6,0.0,9.0,5.0,False,3.7.0
2026-03-24 16:03:00-04:00,1774382580000,24389.0,False,False,0,0,VWAP_TRIPLE_BEAR,11,8,,9.0,5.0,False,3.7.0
