datetime_et,ts,price,valid_bar,partial_session,label,label_quality,setup_type,score_buy,score_sell,realized_pts,tp_pts,sl_pts,hl_mode,schema
2026-03-23 19:00:00-04:00,1774306800000,6595.0,False,False,0,0,VWAP_TRIPLE_BEAR,8,9,2.25,2.25,1.25,False,3.7.0
2026-03-23 19:00:59-04:00,1774306859000,6595.25,False,False,0,0,VWAP_TRIPLE_BEAR,8,8,2.25,2.25,1.25,False,3.7.0
2026-03-23 19:02:00-04:00,1774306920000,6596.0,False,False,0,0,VWAP_TRIPLE_BEAR,10,7,3.0,2.25,1.25,False,3.7.0
2026-03-23 19:03:00-04:00,1774306980000,6596.25,False,False,0,0,VWAP_TRIPLE_BEAR,7,7,3.25,2.25,1.25,False,3.7.0
2026-03-23 19:03:59-04:00,1774307039000,6595.5,False,False,0,0,VWAP_TRIPLE_BEAR,7,8,2.25,2.25,1.25,False,3.7.0
2026-03-23 19:05:00-04:00,1774307100000,6596.5,False,False,0,0,VWAP_TRIPLE_BEAR,9,7,2.5,2.25,1.25,False,3.7.0
2026-03-23 19:06:00-04:00,1774307160000,6595.75,False,False,0,0,VWAP_TRIPLE_BEAR,9,7,4.0,2.25,1.25,False,3.7.0
2026-03-23 19:06:59-04:00,1774307219000,6594.75,False,False,0,0,VWAP_TRIPLE_BEAR,7,9,2.25,2.25,1.25,False,3.7.0
2026-03-23 19:08:00-04:00,1774307280000,6594.5,False,False,0,0,VWAP_TRIPLE_BEAR,8,8,2.25,2.25,1.25,False,3.7.0
2026-03-23 19:09:00-04:00,1774307340000,6594.75,False,False,0,0,VWAP_TRIPLE_BEAR,8,7,2.25,2.25,1.25,False,3.7.0
2026-03-23 19:10:00-04:00,1774307400000,6595.5,False,False,0,0,VWAP_TRIPLE_BEAR,9,7,2.25,2.25,1.25,False,3.7.0
2026-03-23 19:10:59-04:00,1774307459000,6595.0,False,False,0,0,VWAP_TRIPLE_BEAR,7,7,2.25,2.25,1.25,False,3.7.0
2026-03-23 19:12:00-04:00,1774307520000,6595.5,False,False,0,0,VWAP_TRIPLE_BEAR,8,7,2.25,2.25,1.25,False,3.7.0
2026-03-23 19:13:00-04:00,1774307580000,6595.25,False,False,0,0,VWAP_TRIPLE_BEAR,9,7,2.25,2.25,1.25,False,3.7.0
2026-03-23 19:13:59-04:00,1774307639000,6596.25,False,False,0,0,VWAP_TRIPLE_BEAR,11,7,2.25,2.25,1.25,False,3.7.0
2026-03-23 19:15:00-04:00,1774307700000,6597.5,False,False,0,0,VWAP_TRIPLE_BEAR,9,7,2.25,2.25,1.25,False,3.7.0
2026-03-23 19:16:00-04:00,1774307760000,6598.75,False,False,0,0,VWAP_TRIPLE_BEAR,11,9,-5.5,2.25,1.25,False,3.7.0
2026-03-23 19:16:59-04:00,1774307819000,6598.0,False,False,0,0,VWAP_TRIPLE_BEAR,9,9,2.25,2.25,1.25,False,3.7.0
2026-03-23 19:18:00-04:00,1774307880000,6597.25,False,False,0,0,VWAP_TRIPLE_BEAR,8,9,2.25,2.25,1.25,False,3.7.0
2026-03-23 19:19:00-04:00,1774307940000,6597.0,False,False,0,0,VWAP_TRIPLE_BEAR,9,7,2.25,2.25,1.25,False,3.7.0
2026-03-23 19:19:59-04:00,1774307999000,6598.75,False,False,0,0,VWAP_TRIPLE_BEAR,11,8,2.25,2.25,1.25,False,3.7.0
2026-03-23 19:21:00-04:00,1774308060000,6598.5,False,False,0,0,VWAP_TRIPLE_BEAR,7,9,2.25,2.25,1.25,False,3.7.0
2026-03-23 19:22:00-04:00,1774308120000,6599.0,False,False,0,0,VWAP_TRIPLE_BEAR,8,9,2.25,2.25,1.25,False,3.7.0
2026-03-23 19:23:00-04:00,1774308180000,6599.5,False,False,0,0,VWAP_TRIPLE_BEAR,7,8,2.25,2.25,1.25,False,3.7.0
2026-03-23 19:23:59-04:00,1774308239000,6599.0,False,False,0,0,VWAP_TRIPLE_BEAR,7,10,2.25,2.25,1.25,False,3.7.0
2026-03-23 19:25:00-04:00,1774308300000,6599.0,False,False,0,0,VWAP_TRIPLE_BEAR,7,8,2.25,2.25,1.25,False,3.7.0
2026-03-23 19:26:00-04:00,1774308360000,6599.75,False,False,0,0,VWAP_TRIPLE_BEAR,7,9,2.25,2.25,1.25,False,3.7.0
2026-03-23 19:26:59-04:00,1774308419000,6600.5,False,False,0,0,VWAP_TRIPLE_BEAR,10,6,1.0,2.25,1.25,False,3.7.0
2026-03-23 19:28:00-04:00,1774308480000,6602.5,False,False,0,0,VWAP_TRIPLE_BEAR,11,5,2.25,2.25,1.25,False,3.7.0
2026-03-23 19:29:00-04:00,1774308540000,6601.25,False,False,0,0,VWAP_TRIPLE_BEAR,9,8,2.25,2.25,1.25,False,3.7.0
2026-03-23 19:29:59-04:00,1774308599000,6597.0,False,False,0,0,VWAP_TRIPLE_BEAR,7,12,2.25,2.25,1.25,False,3.7.0
2026-03-23 19:31:00-04:00,1774308660000,6594.75,False,False,0,0,VWAP_TRIPLE_BEAR,6,8,2.25,2.25,1.25,False,3.7.0
2026-03-23 19:32:00-04:00,1774308720000,6595.25,False,False,0,0,VWAP_TRIPLE_BEAR,7,8,2.25,2.25,1.25,False,3.7.0
2026-03-23 19:32:59-04:00,1774308779000,6595.0,False,False,0,0,VWAP_TRIPLE_BEAR,7,6,2.25,2.25,1.25,False,3.7.0
2026-03-23 19:34:00-04:00,1774308840000,6594.0,False,False,0,0,VWAP_TRIPLE_BEAR,6,7,7.0,2.25,1.25,False,3.7.0
2026-03-23 19:35:00-04:00,1774308900000,6592.5,False,False,0,0,VWAP_TRIPLE_BEAR,7,11,2.25,2.25,1.25,False,3.7.0
2026-03-23 19:35:59-04:00,1774308959000,6593.25,False,False,0,0,VWAP_TRIPLE_BEAR,8,7,2.25,2.25,1.25,False,3.7.0
2026-03-23 19:37:00-04:00,1774309020000,6594.0,False,False,0,0,VWAP_TRIPLE_BEAR,7,7,2.25,2.25,1.25,False,3.7.0
2026-03-23 19:38:00-04:00,1774309080000,6596.25,False,False,0,0,VWAP_TRIPLE_BEAR,7,8,2.25,2.25,1.25,False,3.7.0
2026-03-23 19:39:00-04:00,1774309140000,6598.25,False,False,0,0,VWAP_TRIPLE_BEAR,11,7,2.25,2.25,1.25,False,3.7.0
2026-03-23 19:39:59-04:00,1774309199000,6601.5,False,False,0,0,VWAP_TRIPLE_BEAR,14,10,2.25,2.25,1.25,False,3.7.0
2026-03-23 19:41:00-04:00,1774309260000,6601.75,False,False,0,0,VWAP_TRIPLE_BEAR,8,8,2.25,2.25,1.25,False,3.7.0
2026-03-23 19:42:00-04:00,1774309320000,6600.25,False,False,0,0,VWAP_TRIPLE_BEAR,8,10,4.25,2.25,1.25,False,3.7.0
2026-03-23 19:42:59-04:00,1774309379000,6599.25,False,False,0,0,VWAP_TRIPLE_BEAR,7,9,2.25,2.25,1.25,False,3.7.0
2026-03-23 19:44:00-04:00,1774309440000,6600.0,False,False,0,0,VWAP_TRIPLE_BEAR,7,9,5.75,2.25,1.25,False,3.7.0
2026-03-23 19:45:00-04:00,1774309500000,6599.25,False,False,0,0,VWAP_TRIPLE_BEAR,8,8,2.25,2.25,1.25,False,3.7.0
2026-03-23 19:45:59-04:00,1774309559000,6600.25,False,False,0,0,VWAP_TRIPLE_BEAR,9,7,5.5,2.25,1.25,False,3.7.0
2026-03-23 19:47:00-04:00,1774309620000,6601.5,False,False,0,0,VWAP_TRIPLE_BEAR,10,8,2.25,2.25,1.25,False,3.7.0
2026-03-23 19:48:00-04:00,1774309680000,6600.25,False,False,0,0,VWAP_TRIPLE_BEAR,8,9,6.25,2.25,1.25,False,3.7.0
2026-03-23 19:48:59-04:00,1774309739000,6600.25,False,False,0,0,VWAP_TRIPLE_BEAR,8,8,7.0,2.25,1.25,False,3.7.0
2026-03-23 19:50:00-04:00,1774309800000,6599.25,False,False,0,0,VWAP_TRIPLE_BEAR,8,8,2.25,2.25,1.25,False,3.7.0
2026-03-23 19:51:00-04:00,1774309860000,6598.25,False,False,0,0,VWAP_TRIPLE_BEAR,7,9,2.25,2.25,1.25,False,3.7.0
2026-03-23 19:51:59-04:00,1774309919000,6599.25,False,False,0,0,VWAP_TRIPLE_BEAR,8,9,2.25,2.25,1.25,False,3.7.0
2026-03-23 19:53:00-04:00,1774309980000,6599.75,False,False,0,0,VWAP_TRIPLE_BEAR,8,8,2.25,2.25,1.25,False,3.7.0
2026-03-23 19:54:00-04:00,1774310040000,6601.0,False,False,0,0,VWAP_TRIPLE_BEAR,10,7,2.25,2.25,1.25,False,3.7.0
2026-03-23 19:55:00-04:00,1774310100000,6601.0,False,False,0,0,VWAP_TRIPLE_BEAR,12,7,2.25,2.25,1.25,False,3.7.0
2026-03-23 19:55:59-04:00,1774310159000,6602.5,False,False,0,0,VWAP_TRIPLE_BEAR,9,7,2.25,2.25,1.25,False,3.7.0
2026-03-23 19:57:00-04:00,1774310220000,6601.75,False,False,0,0,VWAP_TRIPLE_BEAR,9,9,2.25,2.25,1.25,False,3.7.0
2026-03-23 19:58:00-04:00,1774310280000,6602.5,False,False,0,0,VWAP_TRIPLE_BEAR,9,6,2.25,2.25,1.25,False,3.7.0
2026-03-23 19:58:59-04:00,1774310339000,6603.0,False,False,0,0,VWAP_TRIPLE_BEAR,7,7,2.25,2.25,1.25,False,3.7.0
2026-03-23 20:00:00-04:00,1774310400000,6604.0,False,False,0,0,VWAP_TRIPLE_BEAR,8,6,2.25,2.25,1.25,False,3.7.0
2026-03-23 20:01:00-04:00,1774310460000,6604.5,False,False,0,0,VWAP_TRIPLE_BEAR,7,7,2.25,2.25,1.25,False,3.7.0
2026-03-23 20:01:59-04:00,1774310519000,6604.5,False,False,0,0,VWAP_TRIPLE_BEAR,7,6,2.25,2.25,1.25,False,3.7.0
2026-03-23 20:03:00-04:00,1774310580000,6605.25,False,False,0,0,VWAP_TRIPLE_BEAR,5,8,2.25,2.25,1.25,False,3.7.0
2026-03-23 20:04:00-04:00,1774310640000,6605.75,False,False,0,0,VWAP_TRIPLE_BEAR,7,7,2.25,2.25,1.25,False,3.7.0
2026-03-23 20:04:59-04:00,1774310699000,6607.0,False,False,0,0,VWAP_TRIPLE_BEAR,6,6,-8.75,2.25,1.25,False,3.7.0
2026-03-23 20:06:00-04:00,1774310760000,6605.75,False,False,0,0,VWAP_TRIPLE_BEAR,5,7,2.25,2.25,1.25,False,3.7.0
2026-03-23 20:07:00-04:00,1774310820000,6605.5,False,False,0,0,VWAP_TRIPLE_BEAR,5,6,2.25,2.25,1.25,False,3.7.0
2026-03-23 20:08:00-04:00,1774310880000,6606.5,False,False,0,0,VWAP_TRIPLE_BEAR,6,5,-7.75,2.25,1.25,False,3.7.0
2026-03-23 20:08:59-04:00,1774310939000,6607.25,False,False,0,0,VWAP_TRIPLE_BEAR,5,5,-9.25,2.25,1.25,False,3.7.0
2026-03-23 20:10:00-04:00,1774311000000,6608.5,False,False,0,0,VWAP_TRIPLE_BEAR,6,5,2.25,2.25,1.25,False,3.7.0
2026-03-23 20:11:00-04:00,1774311060000,6607.5,False,False,0,0,VWAP_TRIPLE_BEAR,5,8,2.25,2.25,1.25,False,3.7.0
2026-03-23 20:11:59-04:00,1774311119000,6605.5,False,False,0,0,VWAP_TRIPLE_BEAR,6,7,2.25,2.25,1.25,False,3.7.0
2026-03-23 20:13:00-04:00,1774311180000,6605.75,False,False,0,0,VWAP_TRIPLE_BEAR,5,5,2.25,2.25,1.25,False,3.7.0
2026-03-23 20:14:00-04:00,1774311240000,6606.0,False,False,0,0,VWAP_TRIPLE_BEAR,5,5,2.25,2.25,1.25,False,3.7.0
2026-03-23 20:14:59-04:00,1774311299000,6603.75,False,False,0,0,VWAP_TRIPLE_BEAR,6,10,2.25,2.25,1.25,False,3.7.0
2026-03-23 20:16:00-04:00,1774311360000,6602.5,False,False,0,0,VWAP_TRIPLE_BEAR,7,6,2.25,2.25,1.25,False,3.7.0
2026-03-23 20:17:00-04:00,1774311420000,6602.0,False,False,0,0,VWAP_TRIPLE_BEAR,8,11,2.25,2.25,1.25,False,3.7.0
2026-03-23 20:17:59-04:00,1774311479000,6601.75,False,False,0,0,VWAP_TRIPLE_BEAR,10,7,2.25,2.25,1.25,False,3.7.0
2026-03-23 20:19:00-04:00,1774311540000,6602.0,False,False,0,0,VWAP_TRIPLE_BEAR,8,9,2.25,2.25,1.25,False,3.7.0
2026-03-23 20:20:00-04:00,1774311600000,6602.0,False,False,0,0,VWAP_TRIPLE_BEAR,7,7,2.25,2.25,1.25,False,3.7.0
2026-03-23 20:20:59-04:00,1774311659000,6601.0,False,False,0,0,VWAP_TRIPLE_BEAR,6,10,2.25,2.25,1.25,False,3.7.0
2026-03-23 20:22:00-04:00,1774311720000,6599.25,False,False,0,0,VWAP_TRIPLE_BEAR,5,9,2.25,2.25,1.25,False,3.7.0
2026-03-23 20:23:00-04:00,1774311780000,6600.0,False,False,0,0,VWAP_TRIPLE_BEAR,7,8,2.25,2.25,1.25,False,3.7.0
2026-03-23 20:24:00-04:00,1774311840000,6599.5,False,False,0,0,VWAP_TRIPLE_BEAR,5,9,2.25,2.25,1.25,False,3.7.0
2026-03-23 20:24:59-04:00,1774311899000,6598.25,False,False,0,0,VWAP_TRIPLE_BEAR,5,11,2.25,2.25,1.25,False,3.7.0
2026-03-23 20:26:00-04:00,1774311960000,6598.75,False,False,0,0,VWAP_TRIPLE_BEAR,7,9,2.25,2.25,1.25,False,3.7.0
2026-03-23 20:27:00-04:00,1774312020000,6598.0,False,False,0,0,VWAP_TRIPLE_BEAR,6,10,2.25,2.25,1.25,False,3.7.0
2026-03-23 20:27:59-04:00,1774312079000,6598.75,False,False,0,0,VWAP_TRIPLE_BEAR,9,9,2.25,2.25,1.25,False,3.7.0
2026-03-23 20:29:00-04:00,1774312140000,6598.0,False,False,0,0,VWAP_TRIPLE_BEAR,7,9,2.25,2.25,1.25,False,3.7.0
2026-03-23 20:30:00-04:00,1774312200000,6598.5,False,False,0,0,VWAP_TRIPLE_BEAR,6,9,2.25,2.25,1.25,False,3.7.0
2026-03-23 20:30:59-04:00,1774312259000,6595.5,False,False,0,0,VWAP_TRIPLE_BEAR,6,11,2.25,2.25,1.25,False,3.7.0
2026-03-23 20:32:00-04:00,1774312320000,6596.0,False,False,0,0,VWAP_TRIPLE_BEAR,6,9,2.25,2.25,1.25,False,3.7.0
2026-03-23 20:33:00-04:00,1774312380000,6595.75,False,False,0,0,VWAP_TRIPLE_BEAR,6,7,2.25,2.25,1.25,False,3.7.0
2026-03-23 20:33:59-04:00,1774312439000,6597.0,False,False,0,0,VWAP_TRIPLE_BEAR,6,8,2.5,2.25,1.25,False,3.7.0
2026-03-23 20:35:00-04:00,1774312500000,6596.0,False,False,0,0,VWAP_TRIPLE_BEAR,6,9,2.25,2.25,1.25,False,3.7.0
2026-03-23 20:36:00-04:00,1774312560000,6596.5,False,False,0,0,VWAP_TRIPLE_BEAR,7,7,0.0,2.25,1.25,False,3.7.0
2026-03-23 20:36:59-04:00,1774312619000,6596.75,False,False,0,0,VWAP_TRIPLE_BEAR,9,8,0.0,2.25,1.25,False,3.7.0
2026-03-23 20:38:00-04:00,1774312680000,6596.25,False,False,0,0,VWAP_TRIPLE_BEAR,6,8,2.25,2.25,1.25,False,3.7.0
2026-03-23 20:39:00-04:00,1774312740000,6596.0,False,False,0,0,VWAP_TRIPLE_BEAR,7,7,2.25,2.25,1.25,False,3.7.0
2026-03-23 20:40:00-04:00,1774312800000,6595.75,False,False,0,0,VWAP_TRIPLE_BEAR,5,10,2.25,2.25,1.25,False,3.7.0
2026-03-23 20:40:59-04:00,1774312859000,6595.75,False,False,0,0,VWAP_TRIPLE_BEAR,5,8,2.25,2.25,1.25,False,3.7.0
2026-03-23 20:42:00-04:00,1774312920000,6595.25,False,False,0,0,VWAP_TRIPLE_BEAR,6,9,2.25,2.25,1.25,False,3.7.0
2026-03-23 20:43:00-04:00,1774312980000,6596.25,False,False,0,0,VWAP_TRIPLE_BEAR,7,7,2.25,2.25,1.25,False,3.7.0
2026-03-23 20:43:59-04:00,1774313039000,6595.25,False,False,0,0,VWAP_TRIPLE_BEAR,6,8,2.25,2.25,1.25,False,3.7.0
2026-03-23 20:45:00-04:00,1774313100000,6597.0,False,False,0,0,VWAP_TRIPLE_BEAR,9,7,2.25,2.25,1.25,False,3.7.0
2026-03-23 20:46:00-04:00,1774313160000,6596.75,False,False,0,0,VWAP_TRIPLE_BEAR,7,7,2.25,2.25,1.25,False,3.7.0
2026-03-23 20:46:59-04:00,1774313219000,6598.0,False,False,0,0,VWAP_TRIPLE_BEAR,9,10,2.25,2.25,1.25,False,3.7.0
2026-03-23 20:48:00-04:00,1774313280000,6598.75,False,False,0,0,VWAP_TRIPLE_BEAR,6,10,-8.75,2.25,1.25,False,3.7.0
2026-03-23 20:49:00-04:00,1774313340000,6597.75,False,False,0,0,VWAP_TRIPLE_BEAR,6,10,2.25,2.25,1.25,False,3.7.0
2026-03-23 20:49:59-04:00,1774313399000,6597.75,False,False,0,0,VWAP_TRIPLE_BEAR,5,11,2.25,2.25,1.25,False,3.7.0
2026-03-23 20:51:00-04:00,1774313460000,6599.25,False,False,0,0,VWAP_TRIPLE_BEAR,9,8,-10.75,2.25,1.25,False,3.7.0
2026-03-23 20:52:00-04:00,1774313520000,6600.75,False,False,0,0,VWAP_TRIPLE_BEAR,10,8,2.25,2.25,1.25,False,3.7.0
2026-03-23 20:53:00-04:00,1774313580000,6599.5,False,False,0,0,VWAP_TRIPLE_BEAR,5,8,2.25,2.25,1.25,False,3.7.0
2026-03-23 20:53:59-04:00,1774313639000,6599.5,False,False,0,0,VWAP_TRIPLE_BEAR,5,8,2.25,2.25,1.25,False,3.7.0
2026-03-23 20:55:00-04:00,1774313700000,6599.25,False,False,0,0,VWAP_TRIPLE_BEAR,5,8,2.25,2.25,1.25,False,3.7.0
2026-03-23 20:56:00-04:00,1774313760000,6596.5,False,False,0,0,VWAP_TRIPLE_BEAR,5,10,-2.75,2.25,1.25,False,3.7.0
2026-03-23 20:56:59-04:00,1774313819000,6596.75,False,False,0,0,VWAP_TRIPLE_BEAR,6,7,-3.5,2.25,1.25,False,3.7.0
2026-03-23 20:58:00-04:00,1774313880000,6597.0,False,False,0,0,VWAP_TRIPLE_BEAR,7,7,2.25,2.25,1.25,False,3.7.0
2026-03-23 20:59:00-04:00,1774313940000,6598.0,False,False,0,0,VWAP_TRIPLE_BEAR,5,8,2.25,2.25,1.25,False,3.7.0
2026-03-23 20:59:59-04:00,1774313999000,6597.0,False,False,0,0,VWAP_TRIPLE_BEAR,6,7,2.25,2.25,1.25,False,3.7.0
2026-03-23 21:01:00-04:00,1774314060000,6593.5,False,False,0,0,VWAP_TRIPLE_BEAR,6,13,1.25,2.25,1.25,False,3.7.0
2026-03-23 21:02:00-04:00,1774314120000,6594.75,False,False,0,0,VWAP_TRIPLE_BEAR,6,8,2.25,2.25,1.25,False,3.7.0
2026-03-23 21:02:59-04:00,1774314179000,6592.5,False,False,0,0,VWAP_TRIPLE_BEAR,7,7,2.25,2.25,1.25,False,3.7.0
2026-03-23 21:04:00-04:00,1774314240000,6591.75,False,False,0,0,VWAP_TRIPLE_BEAR,8,10,2.25,2.25,1.25,False,3.7.0
2026-03-23 21:05:00-04:00,1774314300000,6590.0,False,False,0,0,VWAP_TRIPLE_BEAR,10,12,1.5,2.25,1.25,False,3.7.0
2026-03-23 21:05:59-04:00,1774314359000,6590.5,False,False,0,0,VWAP_TRIPLE_BEAR,9,6,2.25,2.25,1.25,False,3.7.0
2026-03-23 21:07:00-04:00,1774314420000,6591.25,False,False,0,0,VWAP_TRIPLE_BEAR,8,6,2.25,2.25,1.25,False,3.7.0
2026-03-23 21:08:00-04:00,1774314480000,6590.0,False,False,0,0,VWAP_TRIPLE_BEAR,9,7,2.25,2.25,1.25,False,3.7.0
2026-03-23 21:09:00-04:00,1774314540000,6587.5,False,False,0,0,VWAP_TRIPLE_BEAR,8,10,2.25,2.25,1.25,False,3.7.0
2026-03-23 21:09:59-04:00,1774314599000,6587.0,False,False,0,0,VWAP_TRIPLE_BEAR,8,7,2.25,2.25,1.25,False,3.7.0
2026-03-23 21:11:00-04:00,1774314660000,6588.5,False,False,0,0,VWAP_TRIPLE_BEAR,8,7,2.25,2.25,1.25,False,3.7.0
2026-03-23 21:12:00-04:00,1774314720000,6593.0,False,False,0,0,VWAP_TRIPLE_BEAR,10,6,2.25,2.25,1.25,False,3.7.0
2026-03-23 21:12:59-04:00,1774314779000,6593.25,False,False,0,0,VWAP_TRIPLE_BEAR,8,6,2.25,2.25,1.25,False,3.7.0
2026-03-23 21:14:00-04:00,1774314840000,6592.5,False,False,0,0,VWAP_TRIPLE_BEAR,8,6,2.25,2.25,1.25,False,3.7.0
2026-03-23 21:15:00-04:00,1774314900000,6592.75,False,False,0,0,VWAP_TRIPLE_BEAR,6,6,2.25,2.25,1.25,False,3.7.0
2026-03-23 21:15:59-04:00,1774314959000,6593.75,False,False,0,0,VWAP_TRIPLE_BEAR,9,7,2.25,2.25,1.25,False,3.7.0
2026-03-23 21:17:00-04:00,1774315020000,6593.25,False,False,0,0,VWAP_TRIPLE_BEAR,6,6,2.25,2.25,1.25,False,3.7.0
2026-03-23 21:18:00-04:00,1774315080000,6609.0,False,False,0,0,VWAP_TRIPLE_BEAR,11,7,2.25,2.25,1.25,False,3.7.0
2026-03-23 21:18:59-04:00,1774315139000,6599.0,False,False,0,0,VWAP_TRIPLE_BEAR,8,9,2.25,2.25,1.25,False,3.7.0
2026-03-23 21:20:00-04:00,1774315200000,6599.75,False,False,0,0,VWAP_TRIPLE_BEAR,6,9,2.25,2.25,1.25,False,3.7.0
2026-03-23 21:21:00-04:00,1774315260000,6594.75,False,False,0,0,VWAP_TRIPLE_BEAR,7,6,2.25,2.25,1.25,False,3.7.0
2026-03-23 21:21:59-04:00,1774315319000,6589.5,False,False,0,0,VWAP_TRIPLE_BEAR,6,8,2.25,2.25,1.25,False,3.7.0
2026-03-23 21:23:00-04:00,1774315380000,6594.25,False,False,0,0,VWAP_TRIPLE_BEAR,6,8,2.25,2.25,1.25,False,3.7.0
2026-03-23 21:24:00-04:00,1774315440000,6591.25,False,False,0,0,VWAP_TRIPLE_BEAR,5,10,2.25,2.25,1.25,False,3.7.0
2026-03-23 21:25:00-04:00,1774315500000,6591.5,False,False,0,0,VWAP_TRIPLE_BEAR,5,7,2.25,2.25,1.25,False,3.7.0
2026-03-23 21:25:59-04:00,1774315559000,6590.5,False,False,0,0,VWAP_TRIPLE_BEAR,5,9,2.25,2.25,1.25,False,3.7.0
2026-03-23 21:27:00-04:00,1774315620000,6588.5,False,False,0,0,VWAP_TRIPLE_BEAR,6,10,2.25,2.25,1.25,False,3.7.0
2026-03-23 21:28:00-04:00,1774315680000,6583.75,False,False,0,0,VWAP_TRIPLE_BEAR,7,10,2.25,2.25,1.25,False,3.7.0
2026-03-23 21:28:59-04:00,1774315739000,6583.5,False,False,0,0,VWAP_TRIPLE_BEAR,6,7,2.25,2.25,1.25,False,3.7.0
2026-03-23 21:30:00-04:00,1774315800000,6583.25,False,False,0,0,VWAP_TRIPLE_BEAR,6,10,2.25,2.25,1.25,False,3.7.0
2026-03-23 21:31:00-04:00,1774315860000,6587.25,False,False,0,0,VWAP_TRIPLE_BEAR,12,7,8.5,2.25,1.25,False,3.7.0
2026-03-23 21:31:59-04:00,1774315919000,6585.5,False,False,0,0,VWAP_TRIPLE_BEAR,9,11,2.25,2.25,1.25,False,3.7.0
2026-03-23 21:33:00-04:00,1774315980000,6586.25,False,False,0,0,VWAP_TRIPLE_BEAR,9,8,2.25,2.25,1.25,False,3.7.0
2026-03-23 21:34:00-04:00,1774316040000,6587.75,False,False,0,0,VWAP_TRIPLE_BEAR,9,7,2.25,2.25,1.25,False,3.7.0
2026-03-23 21:34:59-04:00,1774316099000,6588.5,False,False,0,0,VWAP_TRIPLE_BEAR,9,7,2.25,2.25,1.25,False,3.7.0
2026-03-23 21:36:00-04:00,1774316160000,6588.0,False,False,0,0,VWAP_TRIPLE_BEAR,11,7,2.25,2.25,1.25,False,3.7.0
2026-03-23 21:37:00-04:00,1774316220000,6589.25,False,False,0,0,VWAP_TRIPLE_BEAR,11,7,2.25,2.25,1.25,False,3.7.0
2026-03-23 21:38:00-04:00,1774316280000,6591.5,False,False,0,0,VWAP_TRIPLE_BEAR,9,7,2.25,2.25,1.25,False,3.7.0
2026-03-23 21:38:59-04:00,1774316339000,6591.25,False,False,0,0,VWAP_TRIPLE_BEAR,7,8,2.25,2.25,1.25,False,3.7.0
2026-03-23 21:40:00-04:00,1774316400000,6595.25,False,False,0,0,VWAP_TRIPLE_BEAR,7,9,2.25,2.25,1.25,False,3.7.0
2026-03-23 21:41:00-04:00,1774316460000,6597.5,False,False,0,0,VWAP_TRIPLE_BEAR,7,7,2.0,2.25,1.25,False,3.7.0
2026-03-23 21:41:59-04:00,1774316519000,6598.0,False,False,0,0,VWAP_TRIPLE_BEAR,8,8,2.25,2.25,1.25,False,3.7.0
2026-03-23 21:43:00-04:00,1774316580000,6596.75,False,False,0,0,VWAP_TRIPLE_BEAR,8,8,5.75,2.25,1.25,False,3.7.0
2026-03-23 21:44:00-04:00,1774316640000,6595.5,False,False,0,0,VWAP_TRIPLE_BEAR,5,9,2.25,2.25,1.25,False,3.7.0
2026-03-23 21:44:59-04:00,1774316699000,6597.75,False,False,0,0,VWAP_TRIPLE_BEAR,8,8,7.75,2.25,1.25,False,3.7.0
2026-03-23 21:46:00-04:00,1774316760000,6598.0,False,False,0,0,VWAP_TRIPLE_BEAR,6,8,2.25,2.25,1.25,False,3.7.0
2026-03-23 21:47:00-04:00,1774316820000,6597.5,False,False,0,0,VWAP_TRIPLE_BEAR,5,7,5.5,2.25,1.25,False,3.7.0
2026-03-23 21:47:59-04:00,1774316879000,6596.5,False,False,0,0,VWAP_TRIPLE_BEAR,6,7,2.25,2.25,1.25,False,3.7.0
2026-03-23 21:49:00-04:00,1774316940000,6596.5,False,False,0,0,VWAP_TRIPLE_BEAR,8,7,2.25,2.25,1.25,False,3.7.0
2026-03-23 21:50:00-04:00,1774317000000,6597.75,False,False,0,0,VWAP_TRIPLE_BEAR,6,8,7.25,2.25,1.25,False,3.7.0
2026-03-23 21:50:59-04:00,1774317059000,6595.75,False,False,0,0,VWAP_TRIPLE_BEAR,4,8,2.25,2.25,1.25,False,3.7.0
2026-03-23 21:52:00-04:00,1774317120000,6598.25,False,False,0,0,VWAP_TRIPLE_BEAR,10,8,4.75,2.25,1.25,False,3.7.0
2026-03-23 21:53:00-04:00,1774317180000,6597.25,False,False,0,0,VWAP_TRIPLE_BEAR,7,8,2.25,2.25,1.25,False,3.7.0
2026-03-23 21:54:00-04:00,1774317240000,6597.5,False,False,0,0,VWAP_TRIPLE_BEAR,5,10,2.25,2.25,1.25,False,3.7.0
2026-03-23 21:54:59-04:00,1774317299000,6597.0,False,False,0,0,VWAP_TRIPLE_BEAR,8,7,2.25,2.25,1.25,False,3.7.0
2026-03-23 21:56:00-04:00,1774317360000,6597.0,False,False,0,0,VWAP_TRIPLE_BEAR,5,8,2.25,2.25,1.25,False,3.7.0
2026-03-23 21:57:00-04:00,1774317420000,6596.75,False,False,0,0,VWAP_TRIPLE_BEAR,7,8,2.25,2.25,1.25,False,3.7.0
2026-03-23 21:57:59-04:00,1774317479000,6597.0,False,False,0,0,VWAP_TRIPLE_BEAR,5,8,2.25,2.25,1.25,False,3.7.0
2026-03-23 21:59:00-04:00,1774317540000,6597.25,False,False,0,0,VWAP_TRIPLE_BEAR,7,7,2.25,2.25,1.25,False,3.7.0
2026-03-23 22:00:00-04:00,1774317600000,6599.0,False,False,0,0,VWAP_TRIPLE_BEAR,9,8,2.25,2.25,1.25,False,3.7.0
2026-03-23 22:00:59-04:00,1774317659000,6599.5,False,False,0,0,VWAP_TRIPLE_BEAR,8,8,2.25,2.25,1.25,False,3.7.0
2026-03-23 22:02:00-04:00,1774317720000,6604.0,False,False,0,0,VWAP_TRIPLE_BEAR,11,8,6.5,2.25,1.25,False,3.7.0
2026-03-23 22:03:00-04:00,1774317780000,6602.5,False,False,0,0,VWAP_TRIPLE_BEAR,7,7,2.25,2.25,1.25,False,3.7.0
2026-03-23 22:03:59-04:00,1774317839000,6603.0,False,False,0,0,VWAP_TRIPLE_BEAR,7,7,2.25,2.25,1.25,False,3.7.0
2026-03-23 22:05:00-04:00,1774317900000,6605.5,False,False,0,0,VWAP_TRIPLE_BEAR,6,6,2.25,2.25,1.25,False,3.7.0
2026-03-23 22:06:00-04:00,1774317960000,6603.75,False,False,0,0,VWAP_TRIPLE_BEAR,6,7,10.75,2.25,1.25,False,3.7.0
2026-03-23 22:06:59-04:00,1774318019000,6603.0,False,False,0,0,VWAP_TRIPLE_BEAR,8,5,2.25,2.25,1.25,False,3.7.0
2026-03-23 22:08:00-04:00,1774318080000,6603.75,False,False,0,0,VWAP_TRIPLE_BEAR,7,6,8.25,2.25,1.25,False,3.7.0
2026-03-23 22:09:00-04:00,1774318140000,6605.25,False,False,0,0,VWAP_TRIPLE_BEAR,7,5,2.25,2.25,1.25,False,3.7.0
2026-03-23 22:10:00-04:00,1774318200000,6605.0,False,False,0,0,VWAP_TRIPLE_BEAR,7,6,2.25,2.25,1.25,False,3.7.0
2026-03-23 22:10:59-04:00,1774318259000,6603.75,False,False,0,0,VWAP_TRIPLE_BEAR,6,7,10.0,2.25,1.25,False,3.7.0
2026-03-23 22:12:00-04:00,1774318320000,6603.0,False,False,0,0,VWAP_TRIPLE_BEAR,6,8,2.25,2.25,1.25,False,3.7.0
2026-03-23 22:13:00-04:00,1774318380000,6602.0,False,False,0,0,VWAP_TRIPLE_BEAR,8,9,2.25,2.25,1.25,False,3.7.0
2026-03-23 22:13:59-04:00,1774318439000,6604.5,False,False,0,0,VWAP_TRIPLE_BEAR,8,7,2.25,2.25,1.25,False,3.7.0
2026-03-23 22:15:00-04:00,1774318500000,6604.75,False,False,0,0,VWAP_TRIPLE_BEAR,9,5,2.25,2.25,1.25,False,3.7.0
2026-03-23 22:16:00-04:00,1774318560000,6606.25,False,False,0,0,VWAP_TRIPLE_BEAR,10,6,2.25,2.25,1.25,False,3.7.0
2026-03-23 22:16:59-04:00,1774318619000,6607.25,False,False,0,0,VWAP_TRIPLE_BEAR,7,6,2.25,2.25,1.25,False,3.7.0
2026-03-23 22:18:00-04:00,1774318680000,6607.25,False,False,0,0,VWAP_TRIPLE_BEAR,6,5,2.25,2.25,1.25,False,3.7.0
2026-03-23 22:19:00-04:00,1774318740000,6606.5,False,False,0,0,VWAP_TRIPLE_BEAR,7,6,2.25,2.25,1.25,False,3.7.0
2026-03-23 22:19:59-04:00,1774318799000,6607.5,False,False,0,0,VWAP_TRIPLE_BEAR,6,8,2.25,2.25,1.25,False,3.7.0
2026-03-23 22:21:00-04:00,1774318860000,6608.0,False,False,0,0,VWAP_TRIPLE_BEAR,8,6,2.25,2.25,1.25,False,3.7.0
2026-03-23 22:22:00-04:00,1774318920000,6610.5,False,False,0,0,VWAP_TRIPLE_BEAR,10,8,2.25,2.25,1.25,False,3.7.0
2026-03-23 22:23:00-04:00,1774318980000,6610.25,False,False,0,0,VWAP_TRIPLE_BEAR,5,6,2.25,2.25,1.25,False,3.7.0
2026-03-23 22:23:59-04:00,1774319039000,6610.25,False,False,0,0,VWAP_TRIPLE_BEAR,6,6,2.25,2.25,1.25,False,3.7.0
2026-03-23 22:25:00-04:00,1774319100000,6616.5,False,False,0,0,RVOL_SPIKE_BUY,12,5,2.25,2.25,1.25,False,3.7.0
2026-03-23 22:26:00-04:00,1774319160000,6614.5,False,False,0,0,CONFLUENCE_BUY,7,6,2.25,2.25,1.25,False,3.7.0
2026-03-23 22:26:59-04:00,1774319219000,6614.75,False,False,0,0,CONFLUENCE_BUY,8,6,2.25,2.25,1.25,False,3.7.0
2026-03-23 22:28:00-04:00,1774319280000,6612.0,False,False,0,0,VWAP_TRIPLE_BEAR,7,10,2.25,2.25,1.25,False,3.7.0
2026-03-23 22:29:00-04:00,1774319340000,6612.5,False,False,0,0,CONFLUENCE_BUY,8,6,2.25,2.25,1.25,False,3.7.0
2026-03-23 22:29:59-04:00,1774319399000,6615.25,False,False,0,0,RVOL_SPIKE_SELL,9,10,6.25,2.25,1.25,False,3.7.0
2026-03-23 22:31:00-04:00,1774319460000,6613.75,False,False,0,0,BN_LONG_DN,8,6,2.25,2.25,1.25,False,3.7.0
2026-03-23 22:32:00-04:00,1774319520000,6616.25,False,False,0,0,BN_LONG_UP,10,5,4.75,2.25,1.25,False,3.7.0
2026-03-23 22:32:59-04:00,1774319579000,6615.75,False,False,0,0,BN_LONG_UP,9,8,2.25,2.25,1.25,False,3.7.0
2026-03-23 22:34:00-04:00,1774319640000,6615.0,False,False,0,0,NONE,7,7,2.25,2.25,1.25,False,3.7.0
2026-03-23 22:35:00-04:00,1774319700000,6616.5,False,False,0,0,BN_LONG_UP,9,5,2.25,2.25,1.25,False,3.7.0
2026-03-23 22:35:59-04:00,1774319759000,6616.5,False,False,0,0,CONFLUENCE_SELL,7,8,2.25,2.25,1.25,False,3.7.0
2026-03-23 22:37:00-04:00,1774319820000,6619.25,False,False,0,0,VAH_REJECTION,9,7,2.25,2.25,1.25,False,3.7.0
2026-03-23 22:38:00-04:00,1774319880000,6617.0,False,False,0,0,BN_LONG_DN,8,7,2.25,2.25,1.25,False,3.7.0
2026-03-23 22:39:00-04:00,1774319940000,6618.0,False,False,0,0,NONE,7,7,6.5,2.25,1.25,False,3.7.0
2026-03-23 22:39:59-04:00,1774319999000,6617.0,False,False,0,0,CONFLUENCE_BUY,7,6,2.25,2.25,1.25,False,3.7.0
2026-03-23 22:41:00-04:00,1774320060000,6620.0,False,False,0,0,BN_LONG_UP,8,7,2.25,2.25,1.25,False,3.7.0
2026-03-23 22:42:00-04:00,1774320120000,6619.25,False,False,0,0,VAH_REJECTION,7,7,2.25,2.25,1.25,False,3.7.0
2026-03-23 22:42:59-04:00,1774320179000,6617.75,False,False,0,0,NONE,7,7,14.25,2.25,1.25,False,3.7.0
2026-03-23 22:44:00-04:00,1774320240000,6618.75,False,False,0,0,CONFLUENCE_BUY,7,6,2.25,2.25,1.25,False,3.7.0
2026-03-23 22:45:00-04:00,1774320300000,6616.25,False,False,0,0,CONFLUENCE_SELL,7,8,2.25,2.25,1.25,False,3.7.0
2026-03-23 22:45:59-04:00,1774320359000,6620.25,False,False,0,0,RVOL_SPIKE_BUY,11,9,2.25,2.25,1.25,False,3.7.0
2026-03-23 22:47:00-04:00,1774320420000,6620.0,False,False,0,0,VAH_REJECTION,8,7,2.25,2.25,1.25,False,3.7.0
2026-03-23 22:48:00-04:00,1774320480000,6621.0,False,False,0,0,BN_LONG_UP,10,7,2.25,2.25,1.25,False,3.7.0
2026-03-23 22:48:59-04:00,1774320539000,6621.25,False,False,0,0,VAH_REJECTION,7,9,2.25,2.25,1.25,False,3.7.0
2026-03-23 22:50:00-04:00,1774320600000,6621.5,False,False,0,0,VAH_REJECTION,7,8,2.25,2.25,1.25,False,3.7.0
2026-03-23 22:51:00-04:00,1774320660000,6620.75,False,False,0,0,VAH_REJECTION,7,9,2.25,2.25,1.25,False,3.7.0
2026-03-23 22:51:59-04:00,1774320719000,6621.0,False,False,0,0,VAH_REJECTION,7,7,2.25,2.25,1.25,False,3.7.0
2026-03-23 22:53:00-04:00,1774320780000,6625.5,False,False,0,0,RVOL_SPIKE_BUY,11,6,2.25,2.25,1.25,False,3.7.0
2026-03-23 22:54:00-04:00,1774320840000,6629.5,False,False,0,0,RVOL_SPIKE_BUY,12,5,2.25,2.25,1.25,False,3.7.0
2026-03-23 22:55:00-04:00,1774320900000,6626.0,False,False,0,0,BN_LONG_DN,6,9,24.25,2.25,1.25,False,3.7.0
2026-03-23 22:55:59-04:00,1774320959000,6626.0,False,False,0,0,CONFLUENCE_BUY,7,5,25.75,2.25,1.25,False,3.7.0
2026-03-23 22:57:00-04:00,1774321020000,6625.0,False,False,0,0,VAH_REJECTION,5,8,2.25,2.25,1.25,False,3.7.0
2026-03-23 22:58:00-04:00,1774321080000,6625.25,False,False,0,0,BN_LONG_DN,6,8,2.25,2.25,1.25,False,3.7.0
2026-03-23 22:58:59-04:00,1774321139000,6624.5,False,False,0,0,VAH_REJECTION,5,10,2.25,2.25,1.25,False,3.7.0
2026-03-23 23:00:00-04:00,1774321200000,6626.75,False,False,0,0,CONFLUENCE_BUY,10,5,17.5,2.25,1.25,False,3.7.0
2026-03-23 23:01:00-04:00,1774321260000,6625.5,False,False,0,0,VAH_REJECTION,7,7,2.25,2.25,1.25,False,3.7.0
2026-03-23 23:01:59-04:00,1774321319000,6630.0,False,False,0,0,CONFLUENCE_BUY,9,6,2.25,2.25,1.25,False,3.7.0
2026-03-23 23:03:00-04:00,1774321380000,6632.0,False,False,0,0,RVOL_SPIKE_BUY,10,8,2.25,2.25,1.25,False,3.7.0
2026-03-23 23:04:00-04:00,1774321440000,6632.5,False,False,0,0,CONFLUENCE_BUY,8,7,2.25,2.25,1.25,False,3.7.0
2026-03-23 23:04:59-04:00,1774321499000,6638.25,False,False,0,0,RVOL_SPIKE_BUY,11,8,2.25,2.25,1.25,False,3.7.0
2026-03-23 23:06:00-04:00,1774321560000,6641.0,False,False,0,0,RVOL_SPIKE_BUY,8,7,2.25,2.25,1.25,False,3.7.0
2026-03-23 23:07:00-04:00,1774321620000,6639.75,False,False,0,0,CONFLUENCE_BUY,7,6,2.25,2.25,1.25,False,3.7.0
2026-03-23 23:08:00-04:00,1774321680000,6638.75,False,False,0,0,NONE,7,7,2.25,2.25,1.25,False,3.7.0
2026-03-23 23:08:59-04:00,1774321739000,6640.5,False,False,0,0,BN_LONG_DN,8,6,2.25,2.25,1.25,False,3.7.0
2026-03-23 23:10:00-04:00,1774321800000,6646.0,False,False,0,0,CONFLUENCE_BUY,8,6,-3.75,2.25,1.25,False,3.7.0
2026-03-23 23:11:00-04:00,1774321860000,6644.0,False,False,0,0,BN_LONG_DN,8,7,2.25,2.25,1.25,False,3.7.0
2026-03-23 23:11:59-04:00,1774321919000,6649.75,False,False,0,0,BN_LONG_DN,7,8,-10.5,2.25,1.25,False,3.7.0
2026-03-23 23:13:00-04:00,1774321980000,6648.25,False,False,0,0,RVOL_SPIKE_SELL,6,9,2.25,2.25,1.25,False,3.7.0
2026-03-23 23:14:00-04:00,1774322040000,6648.25,False,False,0,0,NONE,7,7,2.25,2.25,1.25,False,3.7.0
2026-03-23 23:14:59-04:00,1774322099000,6650.25,False,False,0,0,BN_LONG_UP,8,5,-13.75,2.25,1.25,False,3.7.0
2026-03-23 23:16:00-04:00,1774322160000,6651.75,False,False,0,0,CONFLUENCE_BUY,8,5,2.25,2.25,1.25,False,3.7.0
2026-03-23 23:17:00-04:00,1774322220000,6648.5,False,False,0,0,BN_LONG_DN,6,7,2.25,2.25,1.25,False,3.7.0
2026-03-23 23:17:59-04:00,1774322279000,6647.25,False,False,0,0,BN_LONG_DN,7,10,2.25,2.25,1.25,False,3.7.0
2026-03-23 23:19:00-04:00,1774322340000,6647.25,False,False,0,0,NONE,7,7,2.25,2.25,1.25,False,3.7.0
2026-03-23 23:20:00-04:00,1774322400000,6644.25,False,False,0,0,BN_LONG_DN,6,8,-5.5,2.25,1.25,False,3.7.0
2026-03-23 23:20:59-04:00,1774322459000,6645.75,False,False,0,0,BN_LONG_UP,7,6,2.25,2.25,1.25,False,3.7.0
2026-03-23 23:22:00-04:00,1774322520000,6645.75,False,False,0,0,CONFLUENCE_SELL,5,7,2.25,2.25,1.25,False,3.7.0
2026-03-23 23:23:00-04:00,1774322580000,6644.75,False,False,0,0,NONE,6,6,2.25,2.25,1.25,False,3.7.0
2026-03-23 23:24:00-04:00,1774322640000,6644.0,False,False,0,0,CONFLUENCE_BUY,7,5,2.25,2.25,1.25,False,3.7.0
2026-03-23 23:24:59-04:00,1774322699000,6642.75,False,False,0,0,BN_LONG_DN,6,7,-3.75,2.25,1.25,False,3.7.0
2026-03-23 23:26:00-04:00,1774322760000,6641.0,False,False,0,0,NONE,7,7,2.25,2.25,1.25,False,3.7.0
2026-03-23 23:27:00-04:00,1774322820000,6642.5,False,False,0,0,CONFLUENCE_BUY,7,6,-2.5,2.25,1.25,False,3.7.0
2026-03-23 23:27:59-04:00,1774322879000,6644.25,False,False,0,0,CONFLUENCE_BUY,8,6,2.25,2.25,1.25,False,3.7.0
2026-03-23 23:29:00-04:00,1774322940000,6644.0,False,False,0,0,BN_LONG_DN,6,7,2.25,2.25,1.25,False,3.7.0
2026-03-23 23:30:00-04:00,1774323000000,6642.25,False,False,0,0,NONE,6,6,2.25,2.25,1.25,False,3.7.0
2026-03-23 23:30:59-04:00,1774323059000,6641.5,False,False,0,0,CONFLUENCE_BUY,8,6,2.25,2.25,1.25,False,3.7.0
2026-03-23 23:32:00-04:00,1774323120000,6639.25,False,False,0,0,CONFLUENCE_BUY,8,6,2.25,2.25,1.25,False,3.7.0
2026-03-23 23:33:00-04:00,1774323180000,6638.25,False,False,0,0,CONFLUENCE_BUY,9,7,4.25,2.25,1.25,False,3.7.0
2026-03-23 23:33:59-04:00,1774323239000,6637.75,False,False,0,0,CONFLUENCE_BUY,9,6,3.5,2.25,1.25,False,3.7.0
2026-03-23 23:35:00-04:00,1774323300000,6636.5,False,False,0,0,CONFLUENCE_BUY,8,7,2.25,2.25,1.25,False,3.7.0
2026-03-23 23:36:00-04:00,1774323360000,6638.5,False,False,0,0,BN_LONG_UP,10,7,2.25,2.25,1.25,False,3.7.0
2026-03-23 23:36:59-04:00,1774323419000,6638.25,False,False,0,0,BN_LONG_UP,9,7,2.25,2.25,1.25,False,3.7.0
2026-03-23 23:38:00-04:00,1774323480000,6641.25,False,False,0,0,CONFLUENCE_BUY,7,5,2.25,2.25,1.25,False,3.7.0
2026-03-23 23:39:00-04:00,1774323540000,6640.25,False,False,0,0,CONFLUENCE_BUY,7,6,4.5,2.25,1.25,False,3.7.0
2026-03-23 23:40:00-04:00,1774323600000,6638.75,False,False,0,0,BN_LONG_DN,8,7,2.25,2.25,1.25,False,3.7.0
2026-03-23 23:40:59-04:00,1774323659000,6642.25,False,False,0,0,CONFLUENCE_BUY,7,5,2.25,2.25,1.25,False,3.7.0
2026-03-23 23:42:00-04:00,1774323720000,6640.25,False,False,0,0,CONFLUENCE_BUY,8,7,2.25,2.25,1.25,False,3.7.0
2026-03-23 23:43:00-04:00,1774323780000,6641.0,False,False,0,0,NONE,6,6,3.5,2.25,1.25,False,3.7.0
2026-03-23 23:43:59-04:00,1774323839000,6642.75,False,False,0,0,CONFLUENCE_BUY,8,6,2.25,2.25,1.25,False,3.7.0
2026-03-23 23:45:00-04:00,1774323900000,6639.0,False,False,0,0,BN_LONG_DN,7,8,2.25,2.25,1.25,False,3.7.0
2026-03-23 23:46:00-04:00,1774323960000,6639.25,False,False,0,0,BN_LONG_UP,9,6,2.25,2.25,1.25,False,3.7.0
2026-03-23 23:46:59-04:00,1774324019000,6640.0,False,False,0,0,BN_LONG_DN,8,7,2.25,2.25,1.25,False,3.7.0
2026-03-23 23:48:00-04:00,1774324080000,6639.5,False,False,0,0,BN_LONG_UP,9,6,2.25,2.25,1.25,False,3.7.0
2026-03-23 23:49:00-04:00,1774324140000,6640.75,False,False,0,0,NONE,7,7,2.25,2.25,1.25,False,3.7.0
2026-03-23 23:49:59-04:00,1774324199000,6641.75,False,False,0,0,BN_LONG_DN,8,7,2.25,2.25,1.25,False,3.7.0
2026-03-23 23:51:00-04:00,1774324260000,6642.75,False,False,0,0,BN_LONG_UP,11,7,3.25,2.25,1.25,False,3.7.0
2026-03-23 23:52:00-04:00,1774324320000,6644.75,False,False,0,0,CONFLUENCE_BUY,8,6,2.25,2.25,1.25,False,3.7.0
2026-03-23 23:53:00-04:00,1774324380000,6642.5,False,False,0,0,BN_LONG_DN,9,7,6.25,2.25,1.25,False,3.7.0
2026-03-23 23:53:59-04:00,1774324439000,6641.25,False,False,0,0,BN_LONG_DN,9,7,2.25,2.25,1.25,False,3.7.0
2026-03-23 23:55:00-04:00,1774324500000,6643.0,False,False,0,0,BN_LONG_DN,8,8,2.25,2.25,1.25,False,3.7.0
2026-03-23 23:56:00-04:00,1774324560000,6642.75,False,False,0,0,BN_LONG_UP,9,6,2.25,2.25,1.25,False,3.7.0
2026-03-23 23:56:59-04:00,1774324619000,6644.5,False,False,0,0,BN_LONG_UP,8,7,2.25,2.25,1.25,False,3.7.0
2026-03-23 23:58:00-04:00,1774324680000,6645.5,False,False,0,0,CONFLUENCE_BUY,11,6,-6.75,2.25,1.25,False,3.7.0
2026-03-23 23:59:00-04:00,1774324740000,6644.75,False,False,0,0,CONFLUENCE_BUY,7,5,-12.0,2.25,1.25,False,3.7.0
2026-03-23 23:59:59-04:00,1774324799000,6646.75,False,False,0,0,BN_LONG_UP,10,5,2.25,2.25,1.25,False,3.7.0
2026-03-24 00:01:00-04:00,1774324860000,6642.25,False,False,0,0,CONFLUENCE_BUY,8,6,2.25,2.25,1.25,False,3.7.0
2026-03-24 00:02:00-04:00,1774324920000,6646.0,False,False,0,0,BN_LONG_DN,11,6,-11.25,2.25,1.25,False,3.7.0
2026-03-24 00:02:59-04:00,1774324979000,6644.5,False,False,0,0,CONFLUENCE_BUY,8,5,2.25,2.25,1.25,False,3.7.0
2026-03-24 00:04:00-04:00,1774325040000,6646.75,False,False,0,0,BN_LONG_DN,9,6,2.25,2.25,1.25,False,3.7.0
2026-03-24 00:05:00-04:00,1774325100000,6650.5,False,False,0,0,CONFLUENCE_BUY,12,4,2.25,2.25,1.25,False,3.7.0
2026-03-24 00:05:59-04:00,1774325159000,6650.75,False,False,0,0,CONFLUENCE_BUY,11,4,2.25,2.25,1.25,False,3.7.0
2026-03-24 00:07:00-04:00,1774325220000,6649.25,False,False,0,0,CONFLUENCE_BUY,9,6,2.25,2.25,1.25,False,3.7.0
2026-03-24 00:08:00-04:00,1774325280000,6645.75,False,False,0,0,CONFLUENCE_BUY,8,7,2.25,2.25,1.25,False,3.7.0
2026-03-24 00:09:00-04:00,1774325340000,6648.5,False,False,0,0,BN_LONG_DN,10,7,2.25,2.25,1.25,False,3.7.0
2026-03-24 00:09:59-04:00,1774325399000,6645.25,False,False,0,0,BN_LONG_DN,9,7,2.25,2.25,1.25,False,3.7.0
2026-03-24 00:11:00-04:00,1774325460000,6646.0,False,False,0,0,CONFLUENCE_BUY,9,5,2.25,2.25,1.25,False,3.7.0
2026-03-24 00:12:00-04:00,1774325520000,6648.5,False,False,0,0,CONFLUENCE_BUY,10,5,2.25,2.25,1.25,False,3.7.0
2026-03-24 00:12:59-04:00,1774325579000,6648.75,False,False,0,0,BN_LONG_UP,11,5,2.25,2.25,1.25,False,3.7.0
2026-03-24 00:14:00-04:00,1774325640000,6647.0,False,False,0,0,BN_LONG_DN,11,6,-19.5,2.25,1.25,False,3.7.0
2026-03-24 00:15:00-04:00,1774325700000,6648.25,False,False,0,0,BN_LONG_UP,11,6,2.25,2.25,1.25,False,3.7.0
2026-03-24 00:15:59-04:00,1774325759000,6647.75,False,False,0,0,CONFLUENCE_BUY,9,6,2.25,2.25,1.25,False,3.7.0
2026-03-24 00:17:00-04:00,1774325820000,6644.75,False,False,0,0,BN_LONG_DN,8,7,2.25,2.25,1.25,False,3.7.0
2026-03-24 00:18:00-04:00,1774325880000,6638.75,False,False,0,0,VAH_REJECTION,8,9,2.25,2.25,1.25,False,3.7.0
2026-03-24 00:18:59-04:00,1774325939000,6632.75,False,False,0,0,RVOL_SPIKE_SELL,10,10,-3.0,2.25,1.25,False,3.7.0
2026-03-24 00:20:00-04:00,1774326000000,6631.0,False,False,0,0,RVOL_SPIKE_BUY,11,8,2.25,2.25,1.25,False,3.7.0
2026-03-24 00:21:00-04:00,1774326060000,6633.5,False,False,0,0,BN_LONG_DN,10,8,-2.5,2.25,1.25,False,3.7.0
2026-03-24 00:21:59-04:00,1774326119000,6634.75,False,False,0,0,CONFLUENCE_BUY,10,6,2.25,2.25,1.25,False,3.7.0
2026-03-24 00:23:00-04:00,1774326180000,6634.25,False,False,0,0,CONFLUENCE_BUY,10,7,2.25,2.25,1.25,False,3.7.0
2026-03-24 00:24:00-04:00,1774326240000,6631.5,False,False,0,0,BN_LONG_DN,10,8,2.25,2.25,1.25,False,3.7.0
2026-03-24 00:25:00-04:00,1774326300000,6628.5,False,False,0,0,CONFLUENCE_BUY,10,5,2.25,2.25,1.25,False,3.7.0
2026-03-24 00:25:59-04:00,1774326359000,6628.0,False,False,0,0,BN_LONG_UP,10,5,2.25,2.25,1.25,False,3.7.0
2026-03-24 00:27:00-04:00,1774326420000,6628.75,False,False,0,0,CONFLUENCE_BUY,10,5,2.25,2.25,1.25,False,3.7.0
2026-03-24 00:28:00-04:00,1774326480000,6627.5,False,False,0,0,CONFLUENCE_BUY,8,4,2.25,2.25,1.25,False,3.7.0
2026-03-24 00:28:59-04:00,1774326539000,6626.75,False,False,0,0,BN_LONG_UP,10,4,3.0,2.25,1.25,False,3.7.0
2026-03-24 00:30:00-04:00,1774326600000,6626.25,False,False,0,0,CONFLUENCE_BUY,9,4,-2.25,2.25,1.25,False,3.7.0
2026-03-24 00:31:00-04:00,1774326660000,6627.0,False,False,0,0,BN_LONG_UP,9,4,-4.5,2.25,1.25,False,3.7.0
2026-03-24 00:31:59-04:00,1774326719000,6627.75,False,False,0,0,BN_LONG_UP,10,5,2.25,2.25,1.25,False,3.7.0
2026-03-24 00:33:00-04:00,1774326780000,6625.0,False,False,0,0,BN_LONG_UP,8,6,2.25,2.25,1.25,False,3.7.0
2026-03-24 00:34:00-04:00,1774326840000,6627.5,False,False,0,0,CONFLUENCE_BUY,9,5,2.25,2.25,1.25,False,3.7.0
2026-03-24 00:34:59-04:00,1774326899000,6632.5,False,False,0,0,CONFLUENCE_BUY,11,6,-6.75,2.25,1.25,False,3.7.0
2026-03-24 00:36:00-04:00,1774326960000,6633.75,False,False,0,0,DOUBLE_BOT_DIV,14,6,2.25,2.25,1.25,False,3.7.0
2026-03-24 00:37:00-04:00,1774327020000,6631.25,False,False,0,0,CONFLUENCE_BUY,10,6,2.25,2.25,1.25,False,3.7.0
2026-03-24 00:38:00-04:00,1774327080000,6628.0,False,False,0,0,CONFLUENCE_BUY,9,8,2.25,2.25,1.25,False,3.7.0
2026-03-24 00:38:59-04:00,1774327139000,6629.75,False,False,0,0,BN_LONG_DN,10,7,2.25,2.25,1.25,False,3.7.0
2026-03-24 00:40:00-04:00,1774327200000,6632.5,False,False,0,0,CONFLUENCE_BUY,10,7,2.25,2.25,1.25,False,3.7.0
2026-03-24 00:41:00-04:00,1774327260000,6631.0,False,False,0,0,CONFLUENCE_BUY,8,6,2.25,2.25,1.25,False,3.7.0
2026-03-24 00:41:59-04:00,1774327319000,6627.0,False,False,0,0,CONFLUENCE_BUY,8,5,-2.25,2.25,1.25,False,3.7.0
2026-03-24 00:43:00-04:00,1774327380000,6625.75,False,False,0,0,CONFLUENCE_BUY,9,4,2.25,2.25,1.25,False,3.7.0
2026-03-24 00:44:00-04:00,1774327440000,6625.75,False,False,0,0,CONFLUENCE_BUY,8,5,2.25,2.25,1.25,False,3.7.0
2026-03-24 00:44:59-04:00,1774327499000,6627.75,False,False,0,0,CONFLUENCE_BUY,9,6,2.25,2.25,1.25,False,3.7.0
2026-03-24 00:46:00-04:00,1774327560000,6629.5,False,False,0,0,BN_LONG_UP,12,5,2.25,2.25,1.25,False,3.7.0
2026-03-24 00:47:00-04:00,1774327620000,6631.75,False,False,0,0,BN_LONG_UP,12,6,2.25,2.25,1.25,False,3.7.0
2026-03-24 00:47:59-04:00,1774327679000,6632.25,False,False,0,0,CONFLUENCE_BUY,11,5,2.25,2.25,1.25,False,3.7.0
2026-03-24 00:49:00-04:00,1774327740000,6629.75,False,False,0,0,CONFLUENCE_BUY,10,5,2.25,2.25,1.25,False,3.7.0
2026-03-24 00:50:00-04:00,1774327800000,6624.0,False,False,0,0,BN_LONG_UP,12,6,-7.0,2.25,1.25,False,3.7.0
2026-03-24 00:50:59-04:00,1774327859000,6622.5,False,False,0,0,RVOL_SPIKE_SELL,10,10,2.25,2.25,1.25,False,3.7.0
2026-03-24 00:52:00-04:00,1774327920000,6628.5,False,False,0,0,CONFLUENCE_BUY,10,6,2.25,2.25,1.25,False,3.7.0
2026-03-24 00:53:00-04:00,1774327980000,6625.75,False,False,0,0,CONFLUENCE_BUY,9,6,2.25,2.25,1.25,False,3.7.0
2026-03-24 00:54:00-04:00,1774328040000,6625.5,False,False,0,0,BN_LONG_DN,11,6,2.25,2.25,1.25,False,3.7.0
2026-03-24 00:54:59-04:00,1774328099000,6625.75,False,False,0,0,BN_LONG_DN,10,6,2.25,2.25,1.25,False,3.7.0
2026-03-24 00:56:00-04:00,1774328160000,6620.0,False,False,0,0,VWAP_TRIPLE_BEAR,9,9,2.25,2.25,1.25,False,3.7.0
2026-03-24 00:57:00-04:00,1774328220000,6620.25,False,False,0,0,VWAP_TRIPLE_BEAR,9,8,2.25,2.25,1.25,False,3.7.0
2026-03-24 00:57:59-04:00,1774328279000,6623.5,False,False,0,0,BN_LONG_UP,9,8,-11.0,2.25,1.25,False,3.7.0
2026-03-24 00:59:00-04:00,1774328340000,6622.5,False,False,0,0,CONFLUENCE_BUY,8,7,2.25,2.25,1.25,False,3.7.0
2026-03-24 01:00:00-04:00,1774328400000,6621.5,False,False,0,0,CONFLUENCE_BUY,9,8,2.25,2.25,1.25,False,3.7.0
2026-03-24 01:00:59-04:00,1774328459000,6623.0,False,False,0,0,CONFLUENCE_SELL,7,8,2.25,2.25,1.25,False,3.7.0
2026-03-24 01:02:00-04:00,1774328520000,6624.75,False,False,0,0,BN_LONG_DN,8,7,-15.25,2.25,1.25,False,3.7.0
2026-03-24 01:03:00-04:00,1774328580000,6624.0,False,False,0,0,CONFLUENCE_SELL,7,8,2.25,2.25,1.25,False,3.7.0
2026-03-24 01:03:59-04:00,1774328639000,6626.5,False,False,0,0,BN_LONG_UP,9,7,2.25,2.25,1.25,False,3.7.0
2026-03-24 01:05:00-04:00,1774328700000,6624.75,False,False,0,0,NONE,7,7,2.25,2.25,1.25,False,3.7.0
2026-03-24 01:06:00-04:00,1774328760000,6620.5,False,False,0,0,VWAP_TRIPLE_BEAR,7,10,2.25,2.25,1.25,False,3.7.0
2026-03-24 01:06:59-04:00,1774328819000,6617.5,False,False,0,0,VWAP_TRIPLE_BEAR,7,9,2.25,2.25,1.25,False,3.7.0
2026-03-24 01:08:00-04:00,1774328880000,6615.25,False,False,0,0,VWAP_TRIPLE_BEAR,8,7,3.25,2.25,1.25,False,3.7.0
2026-03-24 01:09:00-04:00,1774328940000,6614.0,False,False,0,0,VWAP_TRIPLE_BEAR,7,6,2.25,2.25,1.25,False,3.7.0
2026-03-24 01:10:00-04:00,1774329000000,6617.0,False,False,0,0,VWAP_TRIPLE_BEAR,9,8,2.25,2.25,1.25,False,3.7.0
2026-03-24 01:10:59-04:00,1774329059000,6613.0,False,False,0,0,VWAP_TRIPLE_BEAR,7,7,2.25,2.25,1.25,False,3.7.0
2026-03-24 01:12:00-04:00,1774329120000,6611.0,False,False,0,0,VWAP_TRIPLE_BEAR,7,6,2.25,2.25,1.25,False,3.7.0
2026-03-24 01:13:00-04:00,1774329180000,6609.5,False,False,0,0,VWAP_TRIPLE_BEAR,9,9,2.25,2.25,1.25,False,3.7.0
2026-03-24 01:13:59-04:00,1774329239000,6605.0,False,False,0,0,VWAP_TRIPLE_BEAR,8,9,2.25,2.25,1.25,False,3.7.0
2026-03-24 01:15:00-04:00,1774329300000,6606.75,False,False,0,0,VWAP_TRIPLE_BEAR,7,8,2.25,2.25,1.25,False,3.7.0
2026-03-24 01:16:00-04:00,1774329360000,6610.25,False,False,0,0,VWAP_TRIPLE_BEAR,7,6,2.25,2.25,1.25,False,3.7.0
2026-03-24 01:16:59-04:00,1774329419000,6614.0,False,False,0,0,VWAP_TRIPLE_BEAR,7,6,2.25,2.25,1.25,False,3.7.0
2026-03-24 01:18:00-04:00,1774329480000,6612.5,False,False,0,0,VWAP_TRIPLE_BEAR,6,6,4.75,2.25,1.25,False,3.7.0
2026-03-24 01:19:00-04:00,1774329540000,6614.0,False,False,0,0,VWAP_TRIPLE_BEAR,6,7,2.25,2.25,1.25,False,3.7.0
2026-03-24 01:19:59-04:00,1774329599000,6610.75,False,False,0,0,VWAP_TRIPLE_BEAR,6,8,14.75,2.25,1.25,False,3.7.0
2026-03-24 01:21:00-04:00,1774329660000,6610.25,False,False,0,0,VWAP_TRIPLE_BEAR,6,7,2.25,2.25,1.25,False,3.7.0
2026-03-24 01:22:00-04:00,1774329720000,6609.5,False,False,0,0,VWAP_TRIPLE_BEAR,7,6,2.25,2.25,1.25,False,3.7.0
2026-03-24 01:23:00-04:00,1774329780000,6611.75,False,False,0,0,VWAP_TRIPLE_BEAR,5,6,2.25,2.25,1.25,False,3.7.0
2026-03-24 01:23:59-04:00,1774329839000,6613.0,False,False,0,0,VWAP_TRIPLE_BEAR,5,7,2.25,2.25,1.25,False,3.7.0
2026-03-24 01:25:00-04:00,1774329900000,6615.0,False,False,0,0,VWAP_TRIPLE_BEAR,10,6,10.0,2.25,1.25,False,3.7.0
2026-03-24 01:26:00-04:00,1774329960000,6613.25,False,False,0,0,VWAP_TRIPLE_BEAR,7,7,2.25,2.25,1.25,False,3.7.0
2026-03-24 01:26:59-04:00,1774330019000,6615.5,False,False,0,0,VWAP_TRIPLE_BEAR,8,7,2.25,2.25,1.25,False,3.7.0
2026-03-24 01:28:00-04:00,1774330080000,6618.5,False,False,0,0,VWAP_TRIPLE_BEAR,9,6,6.75,2.25,1.25,False,3.7.0
2026-03-24 01:29:00-04:00,1774330140000,6618.25,False,False,0,0,VWAP_TRIPLE_BEAR,9,7,2.25,2.25,1.25,False,3.7.0
2026-03-24 01:29:59-04:00,1774330199000,6619.0,False,False,0,0,VWAP_TRIPLE_BEAR,8,8,2.75,2.25,1.25,False,3.7.0
2026-03-24 01:31:00-04:00,1774330260000,6617.5,False,False,0,0,VWAP_TRIPLE_BEAR,9,6,2.25,2.25,1.25,False,3.7.0
2026-03-24 01:32:00-04:00,1774330320000,6619.5,False,False,0,0,VWAP_TRIPLE_BEAR,10,7,2.25,2.25,1.25,False,3.7.0
2026-03-24 01:32:59-04:00,1774330379000,6617.5,False,False,0,0,VWAP_TRIPLE_BEAR,7,9,2.25,2.25,1.25,False,3.7.0
2026-03-24 01:34:00-04:00,1774330440000,6617.5,False,False,0,0,VWAP_TRIPLE_BEAR,7,6,2.25,2.25,1.25,False,3.7.0
2026-03-24 01:35:00-04:00,1774330500000,6620.25,False,False,0,0,VWAP_TRIPLE_BEAR,9,8,2.25,2.25,1.25,False,3.7.0
2026-03-24 01:35:59-04:00,1774330559000,6619.0,False,False,0,0,VWAP_TRIPLE_BEAR,9,7,10.5,2.25,1.25,False,3.7.0
2026-03-24 01:37:00-04:00,1774330620000,6619.75,False,False,0,0,VWAP_TRIPLE_BEAR,10,6,2.25,2.25,1.25,False,3.7.0
2026-03-24 01:38:00-04:00,1774330680000,6617.25,False,False,0,0,VWAP_TRIPLE_BEAR,7,7,2.25,2.25,1.25,False,3.7.0
2026-03-24 01:39:00-04:00,1774330740000,6619.5,False,False,0,0,VWAP_TRIPLE_BEAR,10,7,2.25,2.25,1.25,False,3.7.0
2026-03-24 01:39:59-04:00,1774330799000,6625.5,False,False,0,0,BN_LONG_UP,12,4,2.25,2.25,1.25,False,3.7.0
2026-03-24 01:41:00-04:00,1774330860000,6624.5,False,False,0,0,BN_LONG_DN,8,7,2.25,2.25,1.25,False,3.7.0
2026-03-24 01:42:00-04:00,1774330920000,6625.0,False,False,0,0,CONFLUENCE_BUY,8,6,2.25,2.25,1.25,False,3.7.0
2026-03-24 01:42:59-04:00,1774330979000,6624.75,False,False,0,0,BN_LONG_DN,8,7,2.25,2.25,1.25,False,3.7.0
2026-03-24 01:44:00-04:00,1774331040000,6624.5,False,False,0,0,NONE,7,7,2.25,2.25,1.25,False,3.7.0
2026-03-24 01:45:00-04:00,1774331100000,6625.0,False,False,0,0,BN_LONG_UP,8,7,2.25,2.25,1.25,False,3.7.0
2026-03-24 01:45:59-04:00,1774331159000,6620.75,False,False,0,0,BN_LONG_DN,8,8,2.25,2.25,1.25,False,3.7.0
2026-03-24 01:47:00-04:00,1774331220000,6622.75,False,False,0,0,CONFLUENCE_BUY,7,6,2.25,2.25,1.25,False,3.7.0
2026-03-24 01:48:00-04:00,1774331280000,6625.25,False,False,0,0,CONFLUENCE_BUY,8,4,2.25,2.25,1.25,False,3.7.0
2026-03-24 01:48:59-04:00,1774331339000,6623.25,False,False,0,0,BN_LONG_DN,8,7,2.25,2.25,1.25,False,3.7.0
2026-03-24 01:50:00-04:00,1774331400000,6621.75,False,False,0,0,BN_LONG_DN,7,7,2.25,2.25,1.25,False,3.7.0
2026-03-24 01:51:00-04:00,1774331460000,6619.5,False,False,0,0,VWAP_TRIPLE_BEAR,9,6,2.25,2.25,1.25,False,3.7.0
2026-03-24 01:51:59-04:00,1774331519000,6620.75,False,False,0,0,CONFLUENCE_BUY,10,6,2.25,2.25,1.25,False,3.7.0
2026-03-24 01:53:00-04:00,1774331580000,6624.75,False,False,0,0,CONFLUENCE_BUY,9,5,2.25,2.25,1.25,False,3.7.0
2026-03-24 01:54:00-04:00,1774331640000,6626.25,False,False,0,0,BN_LONG_UP,10,7,2.25,2.25,1.25,False,3.7.0
2026-03-24 01:55:00-04:00,1774331700000,6628.75,False,False,0,0,RVOL_SPIKE_BUY,15,6,2.25,2.25,1.25,False,3.7.0
2026-03-24 01:55:59-04:00,1774331759000,6629.5,False,False,0,0,RVOL_SPIKE_BUY,13,6,2.25,2.25,1.25,False,3.7.0
2026-03-24 01:57:00-04:00,1774331820000,6633.25,False,False,0,0,VAH_REJECTION,12,6,0.25,2.25,1.25,False,3.7.0
2026-03-24 01:58:00-04:00,1774331880000,6634.5,False,False,0,0,VAH_REJECTION,11,6,2.25,2.25,1.25,False,3.7.0
2026-03-24 01:58:59-04:00,1774331939000,6631.75,False,False,0,0,BN_LONG_DN,11,9,2.25,2.25,1.25,False,3.7.0
2026-03-24 02:00:00-04:00,1774332000000,6629.0,False,False,0,0,CONFLUENCE_BUY,11,6,2.25,2.25,1.25,False,3.7.0
2026-03-24 02:01:00-04:00,1774332060000,6624.0,False,False,0,0,NONE,7,7,8.25,2.25,1.25,False,3.7.0
2026-03-24 02:01:59-04:00,1774332119000,6622.25,False,False,0,0,CONFLUENCE_BUY,8,7,2.25,2.25,1.25,False,3.7.0
2026-03-24 02:03:00-04:00,1774332180000,6623.0,False,False,0,0,BN_LONG_DN,6,8,2.25,2.25,1.25,False,3.7.0
2026-03-24 02:04:00-04:00,1774332240000,6627.0,False,False,0,0,BN_LONG_UP,11,4,2.25,2.25,1.25,False,3.7.0
2026-03-24 02:04:59-04:00,1774332299000,6628.5,False,False,0,0,BN_LONG_UP,9,5,2.25,2.25,1.25,False,3.7.0
2026-03-24 02:06:00-04:00,1774332360000,6629.5,False,False,0,0,BN_LONG_UP,14,5,2.25,2.25,1.25,False,3.7.0
2026-03-24 02:07:00-04:00,1774332420000,6633.0,False,False,0,0,CONFLUENCE_BUY,12,5,2.25,2.25,1.25,False,3.7.0
2026-03-24 02:08:00-04:00,1774332480000,6632.25,False,False,0,0,BN_LONG_UP,12,5,-6.75,2.25,1.25,False,3.7.0
2026-03-24 02:08:59-04:00,1774332539000,6633.75,False,False,0,0,BN_LONG_DN,8,6,2.25,2.25,1.25,False,3.7.0
2026-03-24 02:10:00-04:00,1774332600000,6633.5,False,False,0,0,CONFLUENCE_BUY,11,5,2.25,2.25,1.25,False,3.7.0
2026-03-24 02:11:00-04:00,1774332660000,6633.25,False,False,0,0,CONFLUENCE_BUY,11,6,2.25,2.25,1.25,False,3.7.0
2026-03-24 02:11:59-04:00,1774332719000,6633.0,False,False,0,0,CONFLUENCE_BUY,12,6,2.25,2.25,1.25,False,3.7.0
2026-03-24 02:13:00-04:00,1774332780000,6634.0,False,False,0,0,CONFLUENCE_BUY,10,6,2.25,2.25,1.25,False,3.7.0
2026-03-24 02:14:00-04:00,1774332840000,6633.25,False,False,0,0,CONFLUENCE_BUY,11,7,2.25,2.25,1.25,False,3.7.0
2026-03-24 02:14:59-04:00,1774332899000,6633.75,False,False,0,0,CONFLUENCE_BUY,9,6,2.25,2.25,1.25,False,3.7.0
2026-03-24 02:16:00-04:00,1774332960000,6633.0,False,False,0,0,BN_LONG_UP,11,7,2.25,2.25,1.25,False,3.7.0
2026-03-24 02:17:00-04:00,1774333020000,6633.5,False,False,0,0,BN_LONG_DN,9,6,2.25,2.25,1.25,False,3.7.0
2026-03-24 02:17:59-04:00,1774333079000,6633.75,False,False,0,0,BN_LONG_DN,10,7,2.25,2.25,1.25,False,3.7.0
2026-03-24 02:19:00-04:00,1774333140000,6632.5,False,False,0,0,CONFLUENCE_BUY,10,6,2.25,2.25,1.25,False,3.7.0
2026-03-24 02:20:00-04:00,1774333200000,6632.25,False,False,0,0,BN_LONG_DN,11,7,2.25,2.25,1.25,False,3.7.0
2026-03-24 02:20:59-04:00,1774333259000,6632.25,False,False,0,0,BN_LONG_UP,12,6,2.25,2.25,1.25,False,3.7.0
2026-03-24 02:22:00-04:00,1774333320000,6632.75,False,False,0,0,CONFLUENCE_BUY,10,8,2.25,2.25,1.25,False,3.7.0
2026-03-24 02:23:00-04:00,1774333380000,6633.0,False,False,0,0,CONFLUENCE_BUY,11,6,2.25,2.25,1.25,False,3.7.0
2026-03-24 02:24:00-04:00,1774333440000,6630.0,False,False,0,0,CONFLUENCE_BUY,9,5,2.25,2.25,1.25,False,3.7.0
2026-03-24 02:24:59-04:00,1774333499000,6629.5,False,False,0,0,CONFLUENCE_BUY,9,7,2.25,2.25,1.25,False,3.7.0
2026-03-24 02:26:00-04:00,1774333560000,6630.0,False,False,0,0,CONFLUENCE_BUY,8,7,2.25,2.25,1.25,False,3.7.0
2026-03-24 02:27:00-04:00,1774333620000,6630.0,False,False,0,0,CONFLUENCE_BUY,8,5,2.25,2.25,1.25,False,3.7.0
2026-03-24 02:27:59-04:00,1774333679000,6625.5,False,False,0,0,BN_LONG_DN,7,5,2.25,2.25,1.25,False,3.7.0
2026-03-24 02:29:00-04:00,1774333740000,6625.0,False,False,0,0,BN_LONG_DN,6,7,2.25,2.25,1.25,False,3.7.0
2026-03-24 02:30:00-04:00,1774333800000,6626.25,False,False,0,0,BN_LONG_UP,9,4,2.5,2.25,1.25,False,3.7.0
2026-03-24 02:30:59-04:00,1774333859000,6625.75,False,False,0,0,CONFLUENCE_BUY,8,5,4.25,2.25,1.25,False,3.7.0
2026-03-24 02:32:00-04:00,1774333920000,6627.75,False,False,0,0,BN_LONG_UP,10,3,2.25,2.25,1.25,False,3.7.0
2026-03-24 02:33:00-04:00,1774333980000,6625.25,False,False,0,0,BN_LONG_DN,7,6,2.25,2.25,1.25,False,3.7.0
2026-03-24 02:33:59-04:00,1774334039000,6621.75,False,False,0,0,NONE,7,7,2.25,2.25,1.25,False,3.7.0
2026-03-24 02:35:00-04:00,1774334100000,6626.0,False,False,0,0,CONFLUENCE_BUY,10,4,2.25,2.25,1.25,False,3.7.0
2026-03-24 02:36:00-04:00,1774334160000,6625.25,False,False,0,0,RVOL_SPIKE_SELL,9,8,2.25,2.25,1.25,False,3.7.0
2026-03-24 02:36:59-04:00,1774334219000,6628.25,False,False,0,0,BN_LONG_UP,12,4,2.25,2.25,1.25,False,3.7.0
2026-03-24 02:38:00-04:00,1774334280000,6628.0,False,False,0,0,CONFLUENCE_BUY,10,3,2.25,2.25,1.25,False,3.7.0
2026-03-24 02:39:00-04:00,1774334340000,6631.0,False,False,0,0,CONFLUENCE_BUY,11,4,2.25,2.25,1.25,False,3.7.0
2026-03-24 02:40:00-04:00,1774334400000,6626.75,False,False,0,0,BN_LONG_UP,8,3,2.25,2.25,1.25,False,3.7.0
2026-03-24 02:40:59-04:00,1774334459000,6631.5,False,False,0,0,CONFLUENCE_BUY,10,5,2.25,2.25,1.25,False,3.7.0
2026-03-24 02:42:00-04:00,1774334520000,6628.5,False,False,0,0,BN_LONG_DN,8,4,2.25,2.25,1.25,False,3.7.0
2026-03-24 02:43:00-04:00,1774334580000,6632.25,False,False,0,0,BN_LONG_UP,12,5,2.25,2.25,1.25,False,3.7.0
2026-03-24 02:43:59-04:00,1774334639000,6631.75,False,False,0,0,CONFLUENCE_BUY,10,6,2.25,2.25,1.25,False,3.7.0
2026-03-24 02:45:00-04:00,1774334700000,6634.5,False,False,0,0,BN_LONG_UP,11,5,2.25,2.25,1.25,False,3.7.0
2026-03-24 02:46:00-04:00,1774334760000,6630.5,False,False,0,0,CONFLUENCE_BUY,9,6,2.25,2.25,1.25,False,3.7.0
2026-03-24 02:46:59-04:00,1774334819000,6629.0,False,False,0,0,BN_LONG_DN,10,6,2.25,2.25,1.25,False,3.7.0
2026-03-24 02:48:00-04:00,1774334880000,6624.0,False,False,0,0,BN_LONG_DN,7,8,2.25,2.25,1.25,False,3.7.0
2026-03-24 02:49:00-04:00,1774334940000,6624.75,False,False,0,0,BN_LONG_DN,7,8,2.25,2.25,1.25,False,3.7.0
2026-03-24 02:49:59-04:00,1774334999000,6628.75,False,False,0,0,CONFLUENCE_BUY,11,4,2.25,2.25,1.25,False,3.7.0
2026-03-24 02:51:00-04:00,1774335060000,6630.0,False,False,0,0,CONFLUENCE_BUY,8,4,3.5,2.25,1.25,False,3.7.0
2026-03-24 02:52:00-04:00,1774335120000,6628.25,False,False,0,0,BN_LONG_DN,8,5,2.25,2.25,1.25,False,3.7.0
2026-03-24 02:53:00-04:00,1774335180000,6630.0,False,False,0,0,CONFLUENCE_BUY,10,5,0.75,2.25,1.25,False,3.7.0
2026-03-24 02:53:59-04:00,1774335239000,6628.0,False,False,0,0,CONFLUENCE_BUY,8,5,2.25,2.25,1.25,False,3.7.0
2026-03-24 02:55:00-04:00,1774335300000,6629.25,False,False,0,0,CONFLUENCE_BUY,10,4,-3.5,2.25,1.25,False,3.7.0
2026-03-24 02:56:00-04:00,1774335360000,6628.0,False,False,0,0,CONFLUENCE_BUY,8,4,2.25,2.25,1.25,False,3.7.0
2026-03-24 02:56:59-04:00,1774335419000,6628.25,False,False,0,0,CONFLUENCE_BUY,8,6,2.25,2.25,1.25,False,3.7.0
2026-03-24 02:58:00-04:00,1774335480000,6629.25,False,False,0,0,CONFLUENCE_BUY,9,5,2.25,2.25,1.25,False,3.7.0
2026-03-24 02:59:00-04:00,1774335540000,6630.0,False,False,0,0,CONFLUENCE_BUY,9,4,-2.0,2.25,1.25,False,3.7.0
2026-03-24 02:59:59-04:00,1774335599000,6631.75,False,False,0,0,CONFLUENCE_BUY,11,6,2.25,2.25,1.25,False,3.7.0
2026-03-24 03:01:00-04:00,1774335660000,6622.75,False,False,0,0,RVOL_SPIKE_SELL,7,9,2.25,2.25,1.25,False,3.7.0
2026-03-24 03:02:00-04:00,1774335720000,6624.5,False,False,0,0,NONE,7,7,2.25,2.25,1.25,False,3.7.0
2026-03-24 03:02:59-04:00,1774335779000,6629.75,False,False,0,0,CONFLUENCE_BUY,9,4,-3.25,2.25,1.25,False,3.7.0
2026-03-24 03:04:00-04:00,1774335840000,6629.0,False,False,0,0,BN_LONG_UP,10,5,2.25,2.25,1.25,False,3.7.0
2026-03-24 03:05:00-04:00,1774335900000,6628.5,False,False,0,0,BN_LONG_DN,7,6,2.25,2.25,1.25,False,3.7.0
2026-03-24 03:05:59-04:00,1774335959000,6629.25,True,False,1,5,CONFLUENCE_BUY,9,4,2.25,2.25,1.25,False,3.7.0
2026-03-24 03:07:00-04:00,1774336020000,6632.75,True,False,-1,7,BN_LONG_UP,13,6,2.25,2.25,1.25,False,3.7.0
2026-03-24 03:08:00-04:00,1774336080000,6632.25,True,False,0,4,CONFLUENCE_BUY,10,6,-6.0,2.25,1.25,False,3.7.0
2026-03-24 03:09:00-04:00,1774336140000,6631.5,True,False,0,3,BN_LONG_DN,10,7,-6.25,2.25,1.25,False,3.7.0
2026-03-24 03:09:59-04:00,1774336199000,6633.25,True,False,-1,5,CONFLUENCE_BUY,11,6,2.25,2.25,1.25,False,3.7.0
2026-03-24 03:11:00-04:00,1774336260000,6633.5,True,False,-1,8,CONFLUENCE_BUY,12,4,2.25,2.25,1.25,False,3.7.0
2026-03-24 03:12:00-04:00,1774336320000,6632.5,True,False,-1,5,CONFLUENCE_BUY,10,5,2.25,2.25,1.25,False,3.7.0
2026-03-24 03:12:59-04:00,1774336379000,6630.75,True,False,-1,4,CONFLUENCE_BUY,9,5,2.25,2.25,1.25,False,3.7.0
2026-03-24 03:14:00-04:00,1774336440000,6630.75,True,False,-1,4,CONFLUENCE_BUY,9,5,2.25,2.25,1.25,False,3.7.0
2026-03-24 03:15:00-04:00,1774336500000,6625.75,True,False,-1,0,BN_LONG_DN,7,7,2.25,2.25,1.25,False,3.7.0
2026-03-24 03:15:59-04:00,1774336559000,6622.5,True,False,0,0,RVOL_SPIKE_SELL,9,9,-0.25,2.25,1.25,False,3.7.0
2026-03-24 03:17:00-04:00,1774336620000,6620.75,True,False,1,2,VWAP_TRIPLE_BEAR,6,8,2.25,2.25,1.25,False,3.7.0
2026-03-24 03:18:00-04:00,1774336680000,6623.5,True,False,1,3,CONFLUENCE_BUY,8,5,2.25,2.25,1.25,False,3.7.0
2026-03-24 03:18:59-04:00,1774336739000,6628.0,True,False,-1,4,CONFLUENCE_BUY,8,4,2.25,2.25,1.25,False,3.7.0
2026-03-24 03:20:00-04:00,1774336800000,6624.5,True,False,1,1,CONFLUENCE_BUY,7,6,2.25,2.25,1.25,False,3.7.0
2026-03-24 03:21:00-04:00,1774336860000,6626.0,True,False,-1,6,CONFLUENCE_BUY,9,3,2.25,2.25,1.25,False,3.7.0
2026-03-24 03:21:59-04:00,1774336919000,6626.25,True,False,-1,4,CONFLUENCE_BUY,8,4,2.25,2.25,1.25,False,3.7.0
2026-03-24 03:23:00-04:00,1774336980000,6626.5,True,False,-1,6,CONFLUENCE_BUY,9,3,2.25,2.25,1.25,False,3.7.0
2026-03-24 03:24:00-04:00,1774337040000,6627.0,True,False,-1,5,CONFLUENCE_BUY,9,4,2.25,2.25,1.25,False,3.7.0
2026-03-24 03:25:00-04:00,1774337100000,6623.0,True,False,1,0,BN_LONG_DN,7,7,2.25,2.25,1.25,False,3.7.0
2026-03-24 03:25:59-04:00,1774337159000,6623.75,True,False,1,0,BN_LONG_DN,6,6,2.25,2.25,1.25,False,3.7.0
2026-03-24 03:27:00-04:00,1774337220000,6624.5,True,False,0,2,CONFLUENCE_BUY,7,5,6.5,2.25,1.25,False,3.7.0
2026-03-24 03:28:00-04:00,1774337280000,6626.25,True,False,-1,4,BN_LONG_UP,8,4,2.25,2.25,1.25,False,3.7.0
2026-03-24 03:28:59-04:00,1774337339000,6625.25,True,False,-1,3,BN_LONG_UP,7,4,2.25,2.25,1.25,False,3.7.0
2026-03-24 03:30:00-04:00,1774337400000,6622.5,True,False,0,0,BN_LONG_DN,7,7,6.5,2.25,1.25,False,3.7.0
2026-03-24 03:31:00-04:00,1774337460000,6622.5,True,False,0,0,NONE,6,6,0.25,2.25,1.25,False,3.7.0
2026-03-24 03:31:59-04:00,1774337519000,6622.5,True,False,0,1,CONFLUENCE_BUY,7,6,-7.0,2.25,1.25,False,3.7.0
2026-03-24 03:33:00-04:00,1774337580000,6622.0,True,False,1,2,CONFLUENCE_BUY,7,5,2.25,2.25,1.25,False,3.7.0
2026-03-24 03:34:00-04:00,1774337640000,6624.25,True,False,-1,1,CONFLUENCE_BUY,5,4,2.25,2.25,1.25,False,3.7.0
2026-03-24 03:34:59-04:00,1774337699000,6620.75,True,False,1,2,VWAP_TRIPLE_BEAR,7,9,2.25,2.25,1.25,False,3.7.0
2026-03-24 03:36:00-04:00,1774337760000,6622.25,True,False,1,1,CONFLUENCE_BUY,7,6,2.25,2.25,1.25,False,3.7.0
2026-03-24 03:37:00-04:00,1774337820000,6623.75,True,False,0,4,BN_LONG_UP,8,4,-3.25,2.25,1.25,False,3.7.0
2026-03-24 03:38:00-04:00,1774337880000,6625.5,True,False,-1,5,CONFLUENCE_BUY,8,3,2.25,2.25,1.25,False,3.7.0
2026-03-24 03:38:59-04:00,1774337939000,6625.5,True,False,-1,6,CONFLUENCE_BUY,9,3,2.25,2.25,1.25,False,3.7.0
2026-03-24 03:40:00-04:00,1774338000000,6625.5,True,False,-1,3,CONFLUENCE_BUY,7,4,2.25,2.25,1.25,False,3.7.0
2026-03-24 03:41:00-04:00,1774338060000,6623.5,True,False,-1,1,BN_LONG_DN,6,7,2.25,2.25,1.25,False,3.7.0
2026-03-24 03:41:59-04:00,1774338119000,6624.0,True,False,-1,2,BN_LONG_DN,7,5,2.25,2.25,1.25,False,3.7.0
2026-03-24 03:43:00-04:00,1774338180000,6621.0,True,False,1,1,VWAP_TRIPLE_BEAR,8,9,2.25,2.25,1.25,False,3.7.0
2026-03-24 03:44:00-04:00,1774338240000,6622.0,True,False,1,5,RVOL_SPIKE_BUY,11,6,2.25,2.25,1.25,False,3.7.0
2026-03-24 03:44:59-04:00,1774338299000,6625.0,True,False,1,3,RVOL_SPIKE_BUY,9,6,2.25,2.25,1.25,False,3.7.0
2026-03-24 03:46:00-04:00,1774338360000,6628.5,True,False,1,9,RVOL_SPIKE_BUY,12,3,2.25,2.25,1.25,False,3.7.0
2026-03-24 03:47:00-04:00,1774338420000,6631.0,True,False,0,6,CONFLUENCE_BUY,10,4,-14.5,2.25,1.25,False,3.7.0
2026-03-24 03:47:59-04:00,1774338479000,6632.25,True,False,-1,4,CONFLUENCE_BUY,9,5,2.25,2.25,1.25,False,3.7.0
2026-03-24 03:49:00-04:00,1774338540000,6629.5,True,False,-1,7,BN_LONG_UP,11,4,2.25,2.25,1.25,False,3.7.0
2026-03-24 03:50:00-04:00,1774338600000,6629.0,True,False,-1,4,CONFLUENCE_BUY,9,5,2.25,2.25,1.25,False,3.7.0
2026-03-24 03:50:59-04:00,1774338659000,6622.75,True,False,-1,0,NONE,8,8,2.25,2.25,1.25,False,3.7.0
2026-03-24 03:52:00-04:00,1774338720000,6615.5,True,False,-1,1,VWAP_TRIPLE_BEAR,7,8,2.25,2.25,1.25,False,3.7.0
2026-03-24 03:53:00-04:00,1774338780000,6607.25,True,False,1,2,VWAP_TRIPLE_BEAR,7,5,2.25,2.25,1.25,False,3.7.0
2026-03-24 03:54:00-04:00,1774338840000,6614.75,True,False,1,0,VWAP_TRIPLE_BEAR,8,8,2.25,2.25,1.25,False,3.7.0
2026-03-24 03:54:59-04:00,1774338899000,6617.5,True,False,1,1,VWAP_TRIPLE_BEAR,6,5,2.25,2.25,1.25,False,3.7.0
2026-03-24 03:56:00-04:00,1774338960000,6619.25,True,False,1,3,VWAP_TRIPLE_BEAR,7,4,2.25,2.25,1.25,False,3.7.0
2026-03-24 03:57:00-04:00,1774339020000,6620.5,True,False,1,0,VWAP_TRIPLE_BEAR,8,8,2.25,2.25,1.25,False,3.7.0
2026-03-24 03:57:59-04:00,1774339079000,6620.5,True,False,1,1,VWAP_TRIPLE_BEAR,7,8,2.25,2.25,1.25,False,3.7.0
2026-03-24 03:59:00-04:00,1774339140000,6627.0,True,False,1,8,BN_LONG_UP,11,3,2.25,2.25,1.25,False,3.7.0
2026-03-24 04:00:00-04:00,1774339200000,6629.25,True,False,-1,8,CONFLUENCE_BUY,12,4,2.25,2.25,1.25,False,3.7.0
2026-03-24 04:00:59-04:00,1774339259000,6626.5,True,False,-1,4,CONFLUENCE_BUY,8,4,2.25,2.25,1.25,False,3.7.0
2026-03-24 04:02:00-04:00,1774339320000,6626.75,True,False,-1,3,BN_LONG_DN,8,5,2.25,2.25,1.25,False,3.7.0
2026-03-24 04:03:00-04:00,1774339380000,6625.75,True,False,-1,4,BN_LONG_DN,9,5,2.25,2.25,1.25,False,3.7.0
2026-03-24 04:03:59-04:00,1774339439000,6620.0,True,False,-1,1,VWAP_TRIPLE_BEAR,6,5,2.25,2.25,1.25,False,3.7.0
2026-03-24 04:05:00-04:00,1774339500000,6617.0,True,False,-1,0,VWAP_TRIPLE_BEAR,6,6,2.25,2.25,1.25,False,3.7.0
2026-03-24 04:06:00-04:00,1774339560000,6617.75,True,False,-1,1,VWAP_TRIPLE_BEAR,6,5,2.25,2.25,1.25,False,3.7.0
2026-03-24 04:06:59-04:00,1774339619000,6616.5,True,False,-1,1,VWAP_TRIPLE_BEAR,5,4,2.25,2.25,1.25,False,3.7.0
2026-03-24 04:08:00-04:00,1774339680000,6615.0,True,False,0,0,VWAP_TRIPLE_BEAR,6,6,7.0,2.25,1.25,False,3.7.0
2026-03-24 04:09:00-04:00,1774339740000,6615.75,True,False,-1,2,VWAP_TRIPLE_BEAR,6,4,2.25,2.25,1.25,False,3.7.0
2026-03-24 04:10:00-04:00,1774339800000,6614.25,True,False,1,1,VWAP_TRIPLE_BEAR,5,6,2.25,2.25,1.25,False,3.7.0
2026-03-24 04:10:59-04:00,1774339859000,6613.25,True,False,1,1,VWAP_TRIPLE_BEAR,6,7,2.25,2.25,1.25,False,3.7.0
2026-03-24 04:12:00-04:00,1774339920000,6614.25,True,False,1,2,VWAP_TRIPLE_BEAR,7,5,2.25,2.25,1.25,False,3.7.0
2026-03-24 04:13:00-04:00,1774339980000,6619.5,True,False,-1,3,VWAP_TRIPLE_BEAR,8,5,2.25,2.25,1.25,False,3.7.0
2026-03-24 04:13:59-04:00,1774340039000,6617.25,True,False,-1,2,VWAP_TRIPLE_BEAR,6,8,2.25,2.25,1.25,False,3.7.0
2026-03-24 04:15:00-04:00,1774340100000,6615.75,True,False,-1,1,VWAP_TRIPLE_BEAR,5,6,2.25,2.25,1.25,False,3.7.0
2026-03-24 04:16:00-04:00,1774340160000,6614.5,True,False,1,1,VWAP_TRIPLE_BEAR,6,7,2.25,2.25,1.25,False,3.7.0
2026-03-24 04:16:59-04:00,1774340219000,6614.0,True,False,1,1,VWAP_TRIPLE_BEAR,6,7,2.25,2.25,1.25,False,3.7.0
2026-03-24 04:18:00-04:00,1774340280000,6616.5,True,False,-1,1,VWAP_TRIPLE_BEAR,5,6,2.25,2.25,1.25,False,3.7.0
2026-03-24 04:19:00-04:00,1774340340000,6615.5,True,False,0,0,VWAP_TRIPLE_BEAR,6,6,-14.25,2.25,1.25,False,3.7.0
2026-03-24 04:19:59-04:00,1774340399000,6614.75,True,False,0,2,VWAP_TRIPLE_BEAR,5,7,-11.75,2.25,1.25,False,3.7.0
2026-03-24 04:21:00-04:00,1774340460000,6615.0,True,False,0,2,VWAP_TRIPLE_BEAR,5,7,-12.5,2.25,1.25,False,3.7.0
2026-03-24 04:22:00-04:00,1774340520000,6613.5,True,False,1,1,VWAP_TRIPLE_BEAR,5,6,2.25,2.25,1.25,False,3.7.0
2026-03-24 04:23:00-04:00,1774340580000,6615.0,True,False,1,0,VWAP_TRIPLE_BEAR,6,6,2.25,2.25,1.25,False,3.7.0
2026-03-24 04:23:59-04:00,1774340639000,6618.0,True,False,1,1,VWAP_TRIPLE_BEAR,7,6,2.25,2.25,1.25,False,3.7.0
2026-03-24 04:25:00-04:00,1774340700000,6619.0,True,False,1,2,VWAP_TRIPLE_BEAR,5,7,2.25,2.25,1.25,False,3.7.0
2026-03-24 04:26:00-04:00,1774340760000,6622.0,True,False,-1,4,CONFLUENCE_BUY,9,5,2.25,2.25,1.25,False,3.7.0
2026-03-24 04:26:59-04:00,1774340819000,6622.75,True,False,-1,2,CONFLUENCE_BUY,7,5,2.25,2.25,1.25,False,3.7.0
2026-03-24 04:28:00-04:00,1774340880000,6622.0,True,False,-1,4,CONFLUENCE_BUY,9,5,2.25,2.25,1.25,False,3.7.0
2026-03-24 04:29:00-04:00,1774340940000,6619.75,True,False,-1,1,VWAP_TRIPLE_BEAR,6,7,2.25,2.25,1.25,False,3.7.0
2026-03-24 04:29:59-04:00,1774340999000,6618.0,True,False,-1,0,VWAP_TRIPLE_BEAR,6,6,2.25,2.25,1.25,False,3.7.0
2026-03-24 04:31:00-04:00,1774341060000,6615.75,True,False,-1,0,VWAP_TRIPLE_BEAR,5,5,2.25,2.25,1.25,False,3.7.0
2026-03-24 04:32:00-04:00,1774341120000,6612.25,True,False,-1,3,VWAP_TRIPLE_BEAR,6,9,2.25,2.25,1.25,False,3.7.0
2026-03-24 04:32:59-04:00,1774341179000,6606.5,True,False,0,3,VWAP_TRIPLE_BEAR,6,9,-1.5,2.25,1.25,False,3.7.0
2026-03-24 04:34:00-04:00,1774341240000,6608.5,True,False,-1,0,VWAP_TRIPLE_BEAR,7,7,2.25,2.25,1.25,False,3.7.0
2026-03-24 04:35:00-04:00,1774341300000,6607.0,True,False,-1,2,VWAP_TRIPLE_BEAR,6,8,2.25,2.25,1.25,False,3.7.0
2026-03-24 04:35:59-04:00,1774341359000,6607.25,True,False,-1,1,VWAP_TRIPLE_BEAR,6,7,2.25,2.25,1.25,False,3.7.0
2026-03-24 04:37:00-04:00,1774341420000,6601.5,True,False,0,5,VWAP_TRIPLE_BEAR,8,13,-0.25,2.25,1.25,False,3.7.0
2026-03-24 04:38:00-04:00,1774341480000,6602.0,True,False,-1,1,VWAP_TRIPLE_BEAR,8,7,2.25,2.25,1.25,False,3.7.0
2026-03-24 04:39:00-04:00,1774341540000,6601.25,True,False,0,1,VWAP_TRIPLE_BEAR,8,7,-1.5,2.25,1.25,False,3.7.0
2026-03-24 04:39:59-04:00,1774341599000,6603.0,True,False,-1,2,VWAP_TRIPLE_BEAR,9,7,2.25,2.25,1.25,False,3.7.0
2026-03-24 04:41:00-04:00,1774341660000,6602.5,True,False,-1,1,VWAP_TRIPLE_BEAR,8,7,2.25,2.25,1.25,False,3.7.0
2026-03-24 04:42:00-04:00,1774341720000,6601.25,True,False,-1,2,VWAP_TRIPLE_BEAR,9,7,2.25,2.25,1.25,False,3.7.0
2026-03-24 04:42:59-04:00,1774341779000,6598.75,True,False,1,2,VWAP_TRIPLE_BEAR,7,9,2.25,2.25,1.25,False,3.7.0
2026-03-24 04:44:00-04:00,1774341840000,6598.25,True,False,1,0,VWAP_TRIPLE_BEAR,8,8,2.25,2.25,1.25,False,3.7.0
2026-03-24 04:45:00-04:00,1774341900000,6600.75,True,False,-1,3,VWAP_TRIPLE_BEAR,9,6,2.25,2.25,1.25,False,3.7.0
2026-03-24 04:45:59-04:00,1774341959000,6599.75,True,False,0,0,VWAP_TRIPLE_BEAR,8,8,-1.75,2.25,1.25,False,3.7.0
2026-03-24 04:47:00-04:00,1774342020000,6600.25,True,False,-1,2,VWAP_TRIPLE_BEAR,9,7,2.25,2.25,1.25,False,3.7.0
2026-03-24 04:48:00-04:00,1774342080000,6598.5,True,False,1,0,VWAP_TRIPLE_BEAR,8,8,2.25,2.25,1.25,False,3.7.0
2026-03-24 04:48:59-04:00,1774342139000,6598.0,True,False,1,1,VWAP_TRIPLE_BEAR,9,8,2.25,2.25,1.25,False,3.7.0
2026-03-24 04:50:00-04:00,1774342200000,6597.75,True,False,1,0,VWAP_TRIPLE_BEAR,8,8,2.25,2.25,1.25,False,3.7.0
2026-03-24 04:51:00-04:00,1774342260000,6598.0,True,False,1,0,VWAP_TRIPLE_BEAR,8,8,2.25,2.25,1.25,False,3.7.0
2026-03-24 04:51:59-04:00,1774342319000,6605.5,True,False,-1,3,VWAP_TRIPLE_BEAR,10,7,2.25,2.25,1.25,False,3.7.0
2026-03-24 04:53:00-04:00,1774342380000,6605.0,True,False,-1,3,VWAP_TRIPLE_BEAR,9,6,2.25,2.25,1.25,False,3.7.0
2026-03-24 04:54:00-04:00,1774342440000,6604.75,True,False,-1,2,VWAP_TRIPLE_BEAR,8,6,2.25,2.25,1.25,False,3.7.0
2026-03-24 04:55:00-04:00,1774342500000,6602.5,True,False,-1,0,VWAP_TRIPLE_BEAR,7,7,2.25,2.25,1.25,False,3.7.0
2026-03-24 04:55:59-04:00,1774342559000,6600.25,True,False,0,3,VWAP_TRIPLE_BEAR,8,11,-6.0,2.25,1.25,False,3.7.0
2026-03-24 04:57:00-04:00,1774342620000,6601.25,True,False,-1,2,VWAP_TRIPLE_BEAR,8,10,2.25,2.25,1.25,False,3.7.0
2026-03-24 04:58:00-04:00,1774342680000,6600.0,True,False,0,2,VWAP_TRIPLE_BEAR,8,10,-10.5,2.25,1.25,False,3.7.0
2026-03-24 04:58:59-04:00,1774342739000,6599.75,True,False,0,0,VWAP_TRIPLE_BEAR,8,8,-9.75,2.25,1.25,False,3.7.0
2026-03-24 05:00:00-04:00,1774342800000,6598.5,True,False,1,1,VWAP_TRIPLE_BEAR,8,9,2.25,2.25,1.25,False,3.7.0
2026-03-24 05:01:00-04:00,1774342860000,6600.0,True,False,1,2,VWAP_TRIPLE_BEAR,7,9,2.25,2.25,1.25,False,3.7.0
2026-03-24 05:01:59-04:00,1774342919000,6602.5,True,False,-1,2,VWAP_TRIPLE_BEAR,6,8,2.25,2.25,1.25,False,3.7.0
2026-03-24 05:03:00-04:00,1774342980000,6602.5,True,False,-1,3,VWAP_TRIPLE_BEAR,9,6,2.25,2.25,1.25,False,3.7.0
2026-03-24 05:04:00-04:00,1774343040000,6600.0,True,False,-1,2,VWAP_TRIPLE_BEAR,9,11,2.25,2.25,1.25,False,3.7.0
2026-03-24 05:04:59-04:00,1774343099000,6600.5,True,False,-1,2,VWAP_TRIPLE_BEAR,10,8,2.25,2.25,1.25,False,3.7.0
2026-03-24 05:06:00-04:00,1774343160000,6598.0,True,False,-1,1,VWAP_TRIPLE_BEAR,9,10,2.25,2.25,1.25,False,3.7.0
2026-03-24 05:07:00-04:00,1774343220000,6593.25,True,False,-1,1,VWAP_TRIPLE_BEAR,9,8,2.25,2.25,1.25,False,3.7.0
2026-03-24 05:08:00-04:00,1774343280000,6589.0,True,False,1,4,VWAP_TRIPLE_BEAR,11,7,2.25,2.25,1.25,False,3.7.0
2026-03-24 05:08:59-04:00,1774343339000,6588.5,True,False,1,4,VWAP_TRIPLE_BEAR,13,9,2.25,2.25,1.25,False,3.7.0
2026-03-24 05:10:00-04:00,1774343400000,6590.25,True,False,1,3,VWAP_TRIPLE_BEAR,11,8,2.25,2.25,1.25,False,3.7.0
2026-03-24 05:11:00-04:00,1774343460000,6593.5,True,False,-1,3,VWAP_TRIPLE_BEAR,11,8,2.25,2.25,1.25,False,3.7.0
2026-03-24 05:11:59-04:00,1774343519000,6593.5,True,False,-1,3,VWAP_TRIPLE_BEAR,11,8,2.25,2.25,1.25,False,3.7.0
2026-03-24 05:13:00-04:00,1774343580000,6594.0,True,False,-1,3,VWAP_TRIPLE_BEAR,10,7,2.25,2.25,1.25,False,3.7.0
2026-03-24 05:14:00-04:00,1774343640000,6594.5,True,False,-1,2,VWAP_TRIPLE_BEAR,9,7,2.25,2.25,1.25,False,3.7.0
2026-03-24 05:14:59-04:00,1774343699000,6594.5,True,False,-1,4,VWAP_TRIPLE_BEAR,11,7,2.25,2.25,1.25,False,3.7.0
2026-03-24 05:16:00-04:00,1774343760000,6594.25,True,False,-1,2,VWAP_TRIPLE_BEAR,9,7,2.25,2.25,1.25,False,3.7.0
2026-03-24 05:17:00-04:00,1774343820000,6592.25,True,False,-1,3,VWAP_TRIPLE_BEAR,9,6,2.25,2.25,1.25,False,3.7.0
2026-03-24 05:17:59-04:00,1774343879000,6589.5,True,False,1,2,VWAP_TRIPLE_BEAR,9,7,2.25,2.25,1.25,False,3.7.0
2026-03-24 05:19:00-04:00,1774343940000,6590.0,True,False,0,0,VWAP_TRIPLE_BEAR,8,8,-1.5,2.25,1.25,False,3.7.0
2026-03-24 05:20:00-04:00,1774344000000,6588.5,True,False,1,2,VWAP_TRIPLE_BEAR,9,7,2.25,2.25,1.25,False,3.7.0
2026-03-24 05:20:59-04:00,1774344059000,6589.75,True,False,1,3,VWAP_TRIPLE_BEAR,9,6,2.25,2.25,1.25,False,3.7.0
2026-03-24 05:22:00-04:00,1774344120000,6590.25,True,False,1,2,VWAP_TRIPLE_BEAR,9,7,2.25,2.25,1.25,False,3.7.0
2026-03-24 05:23:00-04:00,1774344180000,6592.75,True,False,-1,1,VWAP_TRIPLE_BEAR,8,7,2.25,2.25,1.25,False,3.7.0
2026-03-24 05:24:00-04:00,1774344240000,6590.25,True,False,1,2,VWAP_TRIPLE_BEAR,8,6,2.25,2.25,1.25,False,3.7.0
2026-03-24 05:24:59-04:00,1774344299000,6594.75,True,False,-1,5,VWAP_TRIPLE_BEAR,11,6,2.25,2.25,1.25,False,3.7.0
2026-03-24 05:26:00-04:00,1774344360000,6590.25,True,False,-1,1,VWAP_TRIPLE_BEAR,8,7,2.25,2.25,1.25,False,3.7.0
2026-03-24 05:27:00-04:00,1774344420000,6587.25,True,False,1,3,VWAP_TRIPLE_BEAR,9,6,2.25,2.25,1.25,False,3.7.0
2026-03-24 05:27:59-04:00,1774344479000,6587.0,True,False,1,3,VWAP_TRIPLE_BEAR,9,6,2.25,2.25,1.25,False,3.7.0
2026-03-24 05:29:00-04:00,1774344540000,6589.0,True,False,1,2,VWAP_TRIPLE_BEAR,8,6,2.25,2.25,1.25,False,3.7.0
2026-03-24 05:30:00-04:00,1774344600000,6590.75,True,False,1,4,VWAP_TRIPLE_BEAR,10,6,2.25,2.25,1.25,False,3.7.0
2026-03-24 05:30:59-04:00,1774344659000,6598.0,True,False,1,1,VWAP_TRIPLE_BEAR,8,7,2.25,2.25,1.25,False,3.7.0
2026-03-24 05:32:00-04:00,1774344720000,6597.5,True,False,1,0,VWAP_TRIPLE_BEAR,7,7,2.25,2.25,1.25,False,3.7.0
2026-03-24 05:33:00-04:00,1774344780000,6599.75,True,False,1,2,VWAP_TRIPLE_BEAR,10,8,2.25,2.25,1.25,False,3.7.0
2026-03-24 05:33:59-04:00,1774344839000,6603.5,True,False,-1,2,VWAP_TRIPLE_BEAR,8,6,2.25,2.25,1.25,False,3.7.0
2026-03-24 05:35:00-04:00,1774344900000,6599.25,True,False,-1,3,VWAP_TRIPLE_BEAR,12,9,2.25,2.25,1.25,False,3.7.0
2026-03-24 05:36:00-04:00,1774344960000,6595.0,True,False,0,2,VWAP_TRIPLE_BEAR,8,6,-11.5,2.25,1.25,False,3.7.0
2026-03-24 05:36:59-04:00,1774345019000,6594.25,True,False,1,1,VWAP_TRIPLE_BEAR,8,7,2.25,2.25,1.25,False,3.7.0
2026-03-24 05:38:00-04:00,1774345080000,6596.5,True,False,-1,1,VWAP_TRIPLE_BEAR,9,8,2.25,2.25,1.25,False,3.7.0
2026-03-24 05:39:00-04:00,1774345140000,6588.5,True,False,-1,2,VWAP_TRIPLE_BEAR,7,9,2.25,2.25,1.25,False,3.7.0
2026-03-24 05:40:00-04:00,1774345200000,6583.25,True,False,-1,3,VWAP_TRIPLE_BEAR,11,8,2.25,2.25,1.25,False,3.7.0
2026-03-24 05:40:59-04:00,1774345259000,6574.0,True,False,1,2,VWAP_TRIPLE_BEAR,6,8,2.25,2.25,1.25,False,3.7.0
2026-03-24 05:42:00-04:00,1774345320000,6587.5,True,False,-1,0,VWAP_TRIPLE_BEAR,7,7,2.25,2.25,1.25,False,3.7.0
2026-03-24 05:43:00-04:00,1774345380000,6583.25,True,False,1,2,VWAP_TRIPLE_BEAR,10,8,2.25,2.25,1.25,False,3.7.0
2026-03-24 05:43:59-04:00,1774345439000,6583.25,True,False,1,4,VWAP_TRIPLE_BEAR,12,8,2.25,2.25,1.25,False,3.7.0
2026-03-24 05:45:00-04:00,1774345500000,6583.75,True,False,1,1,VWAP_TRIPLE_BEAR,9,10,2.25,2.25,1.25,False,3.7.0
2026-03-24 05:46:00-04:00,1774345560000,6590.0,True,False,-1,1,VWAP_TRIPLE_BEAR,8,7,2.25,2.25,1.25,False,3.7.0
2026-03-24 05:46:59-04:00,1774345619000,6586.0,True,False,-1,3,VWAP_TRIPLE_BEAR,9,6,2.25,2.25,1.25,False,3.7.0
2026-03-24 05:48:00-04:00,1774345680000,6580.75,True,False,-1,3,VWAP_TRIPLE_BEAR,10,7,2.25,2.25,1.25,False,3.7.0
2026-03-24 05:49:00-04:00,1774345740000,6576.75,True,False,0,1,VWAP_TRIPLE_BEAR,8,7,32.75,2.25,1.25,False,3.7.0
2026-03-24 05:49:59-04:00,1774345799000,6575.25,True,False,1,1,VWAP_TRIPLE_BEAR,9,8,2.25,2.25,1.25,False,3.7.0
2026-03-24 05:51:00-04:00,1774345860000,6575.75,True,False,1,4,VWAP_TRIPLE_BEAR,11,7,2.25,2.25,1.25,False,3.7.0
2026-03-24 05:52:00-04:00,1774345920000,6582.25,True,False,-1,1,VWAP_TRIPLE_BEAR,8,7,2.25,2.25,1.25,False,3.7.0
2026-03-24 05:53:00-04:00,1774345980000,6581.75,True,False,-1,4,VWAP_TRIPLE_BEAR,10,6,2.25,2.25,1.25,False,3.7.0
2026-03-24 05:53:59-04:00,1774346039000,6578.25,True,False,1,1,VWAP_TRIPLE_BEAR,8,7,2.25,2.25,1.25,False,3.7.0
2026-03-24 05:55:00-04:00,1774346100000,6581.0,True,False,1,2,VWAP_TRIPLE_BEAR,8,6,2.25,2.25,1.25,False,3.7.0
2026-03-24 05:56:00-04:00,1774346160000,6583.5,True,False,1,0,VWAP_TRIPLE_BEAR,8,8,2.25,2.25,1.25,False,3.7.0
2026-03-24 05:56:59-04:00,1774346219000,6587.5,True,False,1,3,VWAP_TRIPLE_BEAR,6,9,2.25,2.25,1.25,False,3.7.0
2026-03-24 05:58:00-04:00,1774346280000,6587.75,True,False,1,2,VWAP_TRIPLE_BEAR,8,6,2.25,2.25,1.25,False,3.7.0
2026-03-24 05:59:00-04:00,1774346340000,6589.75,True,False,1,2,VWAP_TRIPLE_BEAR,7,9,2.25,2.25,1.25,False,3.7.0
2026-03-24 05:59:59-04:00,1774346399000,6596.0,True,False,-1,5,VWAP_TRIPLE_BEAR,14,9,2.25,2.25,1.25,False,3.7.0
2026-03-24 06:01:00-04:00,1774346460000,6593.25,True,False,1,2,VWAP_TRIPLE_BEAR,8,6,2.25,2.25,1.25,False,3.7.0
2026-03-24 06:02:00-04:00,1774346520000,6595.75,True,False,1,3,VWAP_TRIPLE_BEAR,11,8,2.25,2.25,1.25,False,3.7.0
2026-03-24 06:02:59-04:00,1774346579000,6595.5,True,False,1,0,VWAP_TRIPLE_BEAR,8,8,2.25,2.25,1.25,False,3.7.0
2026-03-24 06:04:00-04:00,1774346640000,6598.5,True,False,-1,1,VWAP_TRIPLE_BEAR,9,10,2.25,2.25,1.25,False,3.7.0
2026-03-24 06:05:00-04:00,1774346700000,6592.75,True,False,1,1,VWAP_TRIPLE_BEAR,8,7,2.25,2.25,1.25,False,3.7.0
2026-03-24 06:05:59-04:00,1774346759000,6598.5,True,False,1,1,VWAP_TRIPLE_BEAR,8,9,2.25,2.25,1.25,False,3.7.0
2026-03-24 06:07:00-04:00,1774346820000,6608.0,True,False,0,5,CONFLUENCE_BUY,11,6,-0.75,2.25,1.25,False,3.7.0
2026-03-24 06:08:00-04:00,1774346880000,6606.5,True,False,1,3,BN_LONG_DN,11,8,2.25,2.25,1.25,False,3.7.0
2026-03-24 06:09:00-04:00,1774346940000,6609.5,True,False,-1,0,BN_LONG_DN,9,9,2.25,2.25,1.25,False,3.7.0
2026-03-24 06:09:59-04:00,1774346999000,6607.0,True,False,-1,3,CONFLUENCE_BUY,9,6,2.25,2.25,1.25,False,3.7.0
2026-03-24 06:11:00-04:00,1774347060000,6603.75,True,False,-1,2,VWAP_TRIPLE_BEAR,9,7,2.25,2.25,1.25,False,3.7.0
2026-03-24 06:12:00-04:00,1774347120000,6600.0,True,False,-1,1,VWAP_TRIPLE_BEAR,9,8,2.25,2.25,1.25,False,3.7.0
2026-03-24 06:12:59-04:00,1774347179000,6594.25,True,False,1,2,VWAP_TRIPLE_BEAR,9,7,2.25,2.25,1.25,False,3.7.0
2026-03-24 06:14:00-04:00,1774347240000,6601.25,True,False,-1,0,VWAP_TRIPLE_BEAR,9,9,2.25,2.25,1.25,False,3.7.0
2026-03-24 06:15:00-04:00,1774347300000,6598.5,True,False,-1,2,VWAP_TRIPLE_BEAR,10,8,2.25,2.25,1.25,False,3.7.0
2026-03-24 06:15:59-04:00,1774347359000,6592.75,True,False,1,4,VWAP_TRIPLE_BEAR,10,6,2.25,2.25,1.25,False,3.7.0
2026-03-24 06:17:00-04:00,1774347420000,6597.0,True,False,1,0,VWAP_TRIPLE_BEAR,10,10,2.25,2.25,1.25,False,3.7.0
2026-03-24 06:18:00-04:00,1774347480000,6599.0,True,False,1,0,VWAP_TRIPLE_BEAR,8,8,2.25,2.25,1.25,False,3.7.0
2026-03-24 06:18:59-04:00,1774347539000,6601.0,True,False,0,3,VWAP_TRIPLE_BEAR,9,6,1.25,2.25,1.25,False,3.7.0
2026-03-24 06:20:00-04:00,1774347600000,6600.75,True,False,0,2,VWAP_TRIPLE_BEAR,10,8,6.5,2.25,1.25,False,3.7.0
2026-03-24 06:21:00-04:00,1774347660000,6602.5,True,False,-1,3,VWAP_TRIPLE_BEAR,9,6,2.25,2.25,1.25,False,3.7.0
2026-03-24 06:21:59-04:00,1774347719000,6593.75,True,False,1,2,VWAP_TRIPLE_BEAR,8,6,2.25,2.25,1.25,False,3.7.0
2026-03-24 06:23:00-04:00,1774347780000,6598.25,True,False,-1,2,VWAP_TRIPLE_BEAR,8,10,2.25,2.25,1.25,False,3.7.0
2026-03-24 06:24:00-04:00,1774347840000,6598.5,True,False,-1,3,VWAP_TRIPLE_BEAR,8,11,2.25,2.25,1.25,False,3.7.0
2026-03-24 06:25:00-04:00,1774347900000,6595.0,True,False,1,1,VWAP_TRIPLE_BEAR,7,8,2.25,2.25,1.25,False,3.7.0
2026-03-24 06:25:59-04:00,1774347959000,6599.75,True,False,1,0,VWAP_TRIPLE_BEAR,8,8,2.25,2.25,1.25,False,3.7.0
2026-03-24 06:27:00-04:00,1774348020000,6607.25,True,False,-1,5,BN_LONG_UP,11,6,2.25,2.25,1.25,False,3.7.0
2026-03-24 06:28:00-04:00,1774348080000,6607.0,True,False,-1,2,CONFLUENCE_BUY,8,6,2.25,2.25,1.25,False,3.7.0
2026-03-24 06:28:59-04:00,1774348139000,6600.0,True,False,1,2,VWAP_TRIPLE_BEAR,6,8,2.25,2.25,1.25,False,3.7.0
2026-03-24 06:30:00-04:00,1774348200000,6602.5,True,False,1,6,VWAP_TRIPLE_BEAR,11,5,2.25,2.25,1.25,False,3.7.0
2026-03-24 06:31:00-04:00,1774348260000,6604.75,True,False,1,2,VWAP_TRIPLE_BEAR,10,8,2.25,2.25,1.25,False,3.7.0
2026-03-24 06:31:59-04:00,1774348319000,6606.25,True,False,1,4,CONFLUENCE_BUY,10,6,2.25,2.25,1.25,False,3.7.0
2026-03-24 06:33:00-04:00,1774348380000,6608.25,True,False,-1,3,CONFLUENCE_BUY,8,5,2.25,2.25,1.25,False,3.7.0
2026-03-24 06:34:00-04:00,1774348440000,6608.75,True,False,-1,2,CONFLUENCE_BUY,8,6,2.25,2.25,1.25,False,3.7.0
2026-03-24 06:34:59-04:00,1774348499000,6607.0,True,False,-1,6,BN_LONG_UP,12,6,2.25,2.25,1.25,False,3.7.0
2026-03-24 06:36:00-04:00,1774348560000,6601.0,True,False,1,0,VWAP_TRIPLE_BEAR,7,7,2.25,2.25,1.25,False,3.7.0
2026-03-24 06:37:00-04:00,1774348620000,6601.0,True,False,1,1,VWAP_TRIPLE_BEAR,8,7,2.25,2.25,1.25,False,3.7.0
2026-03-24 06:38:00-04:00,1774348680000,6601.25,True,False,1,2,VWAP_TRIPLE_BEAR,8,6,2.25,2.25,1.25,False,3.7.0
2026-03-24 06:38:59-04:00,1774348739000,6602.25,True,False,1,2,VWAP_TRIPLE_BEAR,9,7,2.25,2.25,1.25,False,3.7.0
2026-03-24 06:40:00-04:00,1774348800000,6607.25,True,False,1,3,CONFLUENCE_BUY,9,6,2.25,2.25,1.25,False,3.7.0
2026-03-24 06:41:00-04:00,1774348860000,6607.0,True,False,1,2,BN_LONG_DN,10,8,2.25,2.25,1.25,False,3.7.0
2026-03-24 06:41:59-04:00,1774348919000,6611.5,True,False,-1,4,VAH_REJECTION,11,7,2.25,2.25,1.25,False,3.7.0
2026-03-24 06:43:00-04:00,1774348980000,6607.5,True,False,1,1,BN_LONG_DN,9,8,2.25,2.25,1.25,False,3.7.0
2026-03-24 06:44:00-04:00,1774349040000,6613.0,True,False,-1,1,BN_LONG_DN,8,9,2.25,2.25,1.25,False,3.7.0
2026-03-24 06:44:59-04:00,1774349099000,6602.25,True,False,1,0,VWAP_TRIPLE_BEAR,8,8,2.25,2.25,1.25,False,3.7.0
2026-03-24 06:46:00-04:00,1774349160000,6615.0,True,False,-1,1,RVOL_SPIKE_BUY,10,9,2.25,2.25,1.25,False,3.7.0
2026-03-24 06:47:00-04:00,1774349220000,6609.75,True,False,-1,3,CONFLUENCE_BUY,8,5,2.25,2.25,1.25,False,3.7.0
2026-03-24 06:47:59-04:00,1774349279000,6610.25,True,False,-1,2,CONFLUENCE_BUY,8,6,2.25,2.25,1.25,False,3.7.0
2026-03-24 06:49:00-04:00,1774349340000,6602.75,True,False,-1,1,VWAP_TRIPLE_BEAR,6,7,2.25,2.25,1.25,False,3.7.0
2026-03-24 06:50:00-04:00,1774349400000,6598.0,True,False,1,0,VWAP_TRIPLE_BEAR,10,10,2.25,2.25,1.25,False,3.7.0
2026-03-24 06:50:59-04:00,1774349459000,6621.25,True,False,1,3,RVOL_SPIKE_BUY,11,8,2.25,2.25,1.25,False,3.7.0
2026-03-24 06:52:00-04:00,1774349520000,6623.5,True,False,1,5,BN_LONG_UP,11,6,2.25,2.25,1.25,False,3.7.0
2026-03-24 06:53:00-04:00,1774349580000,6629.0,True,False,-1,2,BN_LONG_DN,8,6,2.25,2.25,1.25,False,3.7.0
2026-03-24 06:54:00-04:00,1774349640000,6620.0,True,False,1,2,BN_LONG_DN,8,6,2.25,2.25,1.25,False,3.7.0
2026-03-24 06:54:59-04:00,1774349699000,6624.5,True,False,1,1,BN_LONG_DN,6,7,2.25,2.25,1.25,False,3.7.0
2026-03-24 06:56:00-04:00,1774349760000,6629.75,True,False,-1,3,CONFLUENCE_BUY,8,5,2.25,2.25,1.25,False,3.7.0
2026-03-24 06:57:00-04:00,1774349820000,6629.0,True,False,-1,3,CONFLUENCE_BUY,8,5,2.25,2.25,1.25,False,3.7.0
2026-03-24 06:57:59-04:00,1774349879000,6621.5,True,False,-1,1,BN_LONG_DN,7,8,2.25,2.25,1.25,False,3.7.0
2026-03-24 06:59:00-04:00,1774349940000,6615.0,True,False,1,2,RVOL_SPIKE_SELL,8,6,2.25,2.25,1.25,False,3.7.0
2026-03-24 07:00:00-04:00,1774350000000,6625.5,True,False,0,5,BN_LONG_UP,10,5,7.25,2.25,1.25,False,3.7.0
2026-03-24 07:00:59-04:00,1774350059000,6627.5,True,False,-1,1,BN_LONG_DN,8,7,2.25,2.25,1.25,False,3.7.0
2026-03-24 07:02:00-04:00,1774350120000,6627.0,True,False,-1,3,CONFLUENCE_BUY,8,5,2.25,2.25,1.25,False,3.7.0
2026-03-24 07:03:00-04:00,1774350180000,6627.0,True,False,-1,2,CONFLUENCE_BUY,7,5,2.25,2.25,1.25,False,3.7.0
2026-03-24 07:03:59-04:00,1774350239000,6624.75,True,False,1,0,NONE,6,6,2.25,2.25,1.25,False,3.7.0
2026-03-24 07:05:00-04:00,1774350300000,6623.75,True,False,1,0,BN_LONG_DN,8,8,2.25,2.25,1.25,False,3.7.0
2026-03-24 07:06:00-04:00,1774350360000,6625.0,True,False,0,2,CONFLUENCE_BUY,8,6,15.25,2.25,1.25,False,3.7.0
2026-03-24 07:06:59-04:00,1774350419000,6627.0,True,False,-1,5,CONFLUENCE_BUY,9,4,2.25,2.25,1.25,False,3.7.0
2026-03-24 07:08:00-04:00,1774350480000,6624.0,True,False,1,1,BN_LONG_DN,8,7,2.25,2.25,1.25,False,3.7.0
2026-03-24 07:09:00-04:00,1774350540000,6624.75,True,False,0,3,CONFLUENCE_BUY,8,5,11.75,2.25,1.25,False,3.7.0
2026-03-24 07:10:00-04:00,1774350600000,6623.5,True,False,1,1,BN_LONG_DN,8,9,2.25,2.25,1.25,False,3.7.0
2026-03-24 07:10:59-04:00,1774350659000,6627.0,True,False,0,4,CONFLUENCE_BUY,9,5,6.5,2.25,1.25,False,3.7.0
2026-03-24 07:12:00-04:00,1774350720000,6626.75,True,False,0,5,CONFLUENCE_BUY,9,4,4.75,2.25,1.25,False,3.7.0
2026-03-24 07:13:00-04:00,1774350780000,6625.5,True,False,1,2,BN_LONG_DN,9,7,2.25,2.25,1.25,False,3.7.0
2026-03-24 07:13:59-04:00,1774350839000,6628.25,True,False,1,1,BN_LONG_DN,8,7,2.25,2.25,1.25,False,3.7.0
2026-03-24 07:15:00-04:00,1774350900000,6630.75,True,False,1,4,CONFLUENCE_BUY,10,6,2.25,2.25,1.25,False,3.7.0
2026-03-24 07:16:00-04:00,1774350960000,6634.0,True,False,-1,6,BN_LONG_UP,11,5,2.25,2.25,1.25,False,3.7.0
2026-03-24 07:16:59-04:00,1774351019000,6627.75,True,False,1,1,BN_LONG_DN,9,8,2.25,2.25,1.25,False,3.7.0
2026-03-24 07:18:00-04:00,1774351080000,6632.0,True,False,1,5,BN_LONG_UP,11,6,2.25,2.25,1.25,False,3.7.0
2026-03-24 07:19:00-04:00,1774351140000,6632.5,True,False,1,0,BN_LONG_DN,9,9,2.25,2.25,1.25,False,3.7.0
2026-03-24 07:19:59-04:00,1774351199000,6632.75,True,False,1,2,BN_LONG_DN,8,10,2.25,2.25,1.25,False,3.7.0
2026-03-24 07:21:00-04:00,1774351260000,6635.0,True,False,1,0,NONE,9,9,2.25,2.25,1.25,False,3.7.0
2026-03-24 07:22:00-04:00,1774351320000,6636.0,True,False,1,1,BN_LONG_DN,9,10,2.25,2.25,1.25,False,3.7.0
2026-03-24 07:23:00-04:00,1774351380000,6635.0,True,False,1,5,BN_LONG_UP,12,7,2.25,2.25,1.25,False,3.7.0
2026-03-24 07:23:59-04:00,1774351439000,6639.5,True,False,1,1,CONFLUENCE_BUY,8,7,2.25,2.25,1.25,False,3.7.0
2026-03-24 07:25:00-04:00,1774351500000,6643.5,True,False,-1,6,RVOL_SPIKE_BUY,11,5,2.25,2.25,1.25,False,3.7.0
2026-03-24 07:26:00-04:00,1774351560000,6640.25,True,False,-1,1,CONFLUENCE_BUY,7,6,2.25,2.25,1.25,False,3.7.0
2026-03-24 07:26:59-04:00,1774351619000,6636.5,True,False,-1,3,BN_LONG_DN,7,10,2.25,2.25,1.25,False,3.7.0
2026-03-24 07:28:00-04:00,1774351680000,6635.75,True,False,-1,0,NONE,8,8,2.25,2.25,1.25,False,3.7.0
2026-03-24 07:29:00-04:00,1774351740000,6636.5,True,False,-1,2,BN_LONG_DN,7,9,2.25,2.25,1.25,False,3.7.0
2026-03-24 07:29:59-04:00,1774351799000,6636.0,True,False,-1,0,NONE,9,9,2.25,2.25,1.25,False,3.7.0
2026-03-24 07:31:00-04:00,1774351860000,6633.5,True,False,-1,2,CONFLUENCE_BUY,9,7,2.25,2.25,1.25,False,3.7.0
2026-03-24 07:32:00-04:00,1774351920000,6631.5,True,False,-1,1,CONFLUENCE_BUY,9,8,2.25,2.25,1.25,False,3.7.0
2026-03-24 07:32:59-04:00,1774351979000,6629.25,True,False,1,2,CONFLUENCE_BUY,9,7,2.25,2.25,1.25,False,3.7.0
2026-03-24 07:34:00-04:00,1774352040000,6633.25,True,False,1,0,NONE,8,8,2.25,2.25,1.25,False,3.7.0
2026-03-24 07:35:00-04:00,1774352100000,6634.5,True,False,1,3,CONFLUENCE_BUY,10,7,2.25,2.25,1.25,False,3.7.0
2026-03-24 07:35:59-04:00,1774352159000,6636.5,True,False,1,0,NONE,8,8,2.25,2.25,1.25,False,3.7.0
2026-03-24 07:37:00-04:00,1774352220000,6639.0,True,False,-1,1,CONFLUENCE_SELL,6,7,2.25,2.25,1.25,False,3.7.0
2026-03-24 07:38:00-04:00,1774352280000,6639.0,True,False,-1,2,CONFLUENCE_BUY,8,6,2.25,2.25,1.25,False,3.7.0
2026-03-24 07:39:00-04:00,1774352340000,6638.5,True,False,0,3,CONFLUENCE_BUY,9,6,-12.75,2.25,1.25,False,3.7.0
2026-03-24 07:39:59-04:00,1774352399000,6639.75,True,False,-1,0,BN_LONG_DN,8,8,2.25,2.25,1.25,False,3.7.0
2026-03-24 07:41:00-04:00,1774352460000,6638.75,True,False,0,2,CONFLUENCE_BUY,8,6,-16.5,2.25,1.25,False,3.7.0
2026-03-24 07:42:00-04:00,1774352520000,6636.75,True,False,1,2,CONFLUENCE_BUY,9,7,2.25,2.25,1.25,False,3.7.0
2026-03-24 07:42:59-04:00,1774352579000,6637.0,True,False,1,2,CONFLUENCE_BUY,9,7,2.25,2.25,1.25,False,3.7.0
2026-03-24 07:44:00-04:00,1774352640000,6638.0,True,False,1,1,CONFLUENCE_BUY,8,7,2.25,2.25,1.25,False,3.7.0
2026-03-24 07:45:00-04:00,1774352700000,6638.5,True,False,1,2,CONFLUENCE_BUY,9,7,2.25,2.25,1.25,False,3.7.0
2026-03-24 07:45:59-04:00,1774352759000,6639.25,True,False,0,1,CONFLUENCE_BUY,7,6,-18.75,2.25,1.25,False,3.7.0
2026-03-24 07:47:00-04:00,1774352820000,6637.75,True,False,1,1,CONFLUENCE_BUY,8,7,2.25,2.25,1.25,False,3.7.0
2026-03-24 07:48:00-04:00,1774352880000,6640.75,True,False,1,4,BN_LONG_UP,10,6,2.25,2.25,1.25,False,3.7.0
2026-03-24 07:48:59-04:00,1774352939000,6641.25,True,False,1,3,CONFLUENCE_BUY,8,5,2.25,2.25,1.25,False,3.7.0
2026-03-24 07:50:00-04:00,1774353000000,6642.0,True,False,1,3,CONFLUENCE_BUY,9,6,2.25,2.25,1.25,False,3.7.0
2026-03-24 07:51:00-04:00,1774353060000,6645.25,True,False,-1,3,BN_LONG_UP,10,7,2.25,2.25,1.25,False,3.7.0
2026-03-24 07:51:59-04:00,1774353119000,6644.25,True,False,-1,1,BN_LONG_DN,9,8,2.25,2.25,1.25,False,3.7.0
2026-03-24 07:53:00-04:00,1774353180000,6640.75,True,False,-1,1,BN_LONG_DN,9,8,2.25,2.25,1.25,False,3.7.0
2026-03-24 07:54:00-04:00,1774353240000,6640.0,True,False,-1,3,CONFLUENCE_BUY,9,6,2.25,2.25,1.25,False,3.7.0
2026-03-24 07:55:00-04:00,1774353300000,6635.0,True,False,-1,0,NONE,8,8,2.25,2.25,1.25,False,3.7.0
2026-03-24 07:55:59-04:00,1774353359000,6627.25,True,False,-1,2,RVOL_SPIKE_SELL,10,12,2.25,2.25,1.25,False,3.7.0
2026-03-24 07:57:00-04:00,1774353420000,6625.75,True,False,0,0,BN_LONG_DN,9,9,9.25,2.25,1.25,False,3.7.0
2026-03-24 07:58:00-04:00,1774353480000,6627.75,True,False,-1,1,VAH_REJECTION,10,9,2.25,2.25,1.25,False,3.7.0
2026-03-24 07:58:59-04:00,1774353539000,6625.75,True,False,-1,1,VAH_REJECTION,9,8,2.25,2.25,1.25,False,3.7.0
2026-03-24 08:00:00-04:00,1774353600000,6626.25,True,False,-1,5,BN_LONG_UP,13,8,2.25,2.25,1.25,False,3.7.0
2026-03-24 08:01:00-04:00,1774353660000,6622.25,True,False,0,1,CONFLUENCE_BUY,9,8,11.0,2.25,1.25,False,3.7.0
2026-03-24 08:01:59-04:00,1774353719000,6623.0,True,False,-1,3,BN_LONG_UP,11,8,2.25,2.25,1.25,False,3.7.0
2026-03-24 08:03:00-04:00,1774353780000,6622.5,True,False,0,1,CONFLUENCE_BUY,9,8,13.75,2.25,1.25,False,3.7.0
2026-03-24 08:04:00-04:00,1774353840000,6622.0,True,False,0,1,CONFLUENCE_BUY,9,8,13.5,2.25,1.25,False,3.7.0
2026-03-24 08:04:59-04:00,1774353899000,6620.5,True,False,1,4,BN_LONG_DN,6,10,2.25,2.25,1.25,False,3.7.0
2026-03-24 08:06:00-04:00,1774353960000,6620.5,True,False,1,3,BN_LONG_DN,7,10,2.25,2.25,1.25,False,3.7.0
2026-03-24 08:07:00-04:00,1774354020000,6622.75,True,False,1,2,CONFLUENCE_SELL,7,9,2.25,2.25,1.25,False,3.7.0
2026-03-24 08:08:00-04:00,1774354080000,6621.75,True,False,1,1,CONFLUENCE_SELL,7,8,2.25,2.25,1.25,False,3.7.0
2026-03-24 08:08:59-04:00,1774354139000,6626.25,True,False,-1,1,VAH_REJECTION,10,9,2.25,2.25,1.25,False,3.7.0
2026-03-24 08:10:00-04:00,1774354200000,6626.25,True,False,-1,2,VAH_REJECTION,10,8,2.25,2.25,1.25,False,3.7.0
2026-03-24 08:11:00-04:00,1774354260000,6622.75,True,False,1,0,BN_LONG_DN,9,9,2.25,2.25,1.25,False,3.7.0
2026-03-24 08:11:59-04:00,1774354319000,6624.0,True,False,1,3,BN_LONG_DN,8,11,2.25,2.25,1.25,False,3.7.0
2026-03-24 08:13:00-04:00,1774354380000,6623.25,True,False,1,0,BN_LONG_DN,9,9,2.25,2.25,1.25,False,3.7.0
2026-03-24 08:14:00-04:00,1774354440000,6625.0,True,False,1,2,BN_LONG_DN,8,10,2.25,2.25,1.25,False,3.7.0
2026-03-24 08:14:59-04:00,1774354499000,6628.0,True,False,1,0,VAH_REJECTION,9,9,2.25,2.25,1.25,False,3.7.0
2026-03-24 08:16:00-04:00,1774354560000,6634.25,True,False,0,1,CONFLUENCE_BUY,8,7,-10.75,2.25,1.25,False,3.7.0
2026-03-24 08:17:00-04:00,1774354620000,6635.0,True,False,0,2,CONFLUENCE_BUY,8,6,-15.5,2.25,1.25,False,3.7.0
2026-03-24 08:17:59-04:00,1774354679000,6633.0,True,False,1,1,CONFLUENCE_BUY,8,7,2.25,2.25,1.25,False,3.7.0
2026-03-24 08:19:00-04:00,1774354740000,6634.5,True,False,0,0,NONE,7,7,-17.75,2.25,1.25,False,3.7.0
2026-03-24 08:20:00-04:00,1774354800000,6633.75,True,False,1,1,CONFLUENCE_BUY,9,8,2.25,2.25,1.25,False,3.7.0
2026-03-24 08:20:59-04:00,1774354859000,6633.25,True,False,1,0,BN_LONG_DN,9,9,2.25,2.25,1.25,False,3.7.0
2026-03-24 08:22:00-04:00,1774354920000,6637.25,True,False,-1,1,CONFLUENCE_BUY,9,8,2.25,2.25,1.25,False,3.7.0
2026-03-24 08:23:00-04:00,1774354980000,6636.25,True,False,-1,4,CONFLUENCE_BUY,10,6,2.25,2.25,1.25,False,3.7.0
2026-03-24 08:24:00-04:00,1774355040000,6635.5,True,False,-1,3,CONFLUENCE_BUY,10,7,2.25,2.25,1.25,False,3.7.0
2026-03-24 08:24:59-04:00,1774355099000,6632.25,True,False,1,3,CONFLUENCE_BUY,10,7,2.25,2.25,1.25,False,3.7.0
2026-03-24 08:26:00-04:00,1774355160000,6633.0,True,False,1,1,CONFLUENCE_BUY,8,7,2.25,2.25,1.25,False,3.7.0
2026-03-24 08:27:00-04:00,1774355220000,6635.25,True,False,-1,1,BN_LONG_DN,8,9,2.25,2.25,1.25,False,3.7.0
2026-03-24 08:27:59-04:00,1774355279000,6635.0,True,False,-1,3,CONFLUENCE_BUY,9,6,2.25,2.25,1.25,False,3.7.0
2026-03-24 08:29:00-04:00,1774355340000,6635.25,True,False,-1,0,BN_LONG_DN,8,8,2.25,2.25,1.25,False,3.7.0
2026-03-24 08:30:00-04:00,1774355400000,6633.0,True,False,0,2,CONFLUENCE_BUY,8,6,-5.25,2.25,1.25,False,3.7.0
2026-03-24 08:30:59-04:00,1774355459000,6634.5,True,False,-1,0,NONE,7,7,2.25,2.25,1.25,False,3.7.0
2026-03-24 08:32:00-04:00,1774355520000,6634.5,True,False,-1,4,BN_LONG_UP,10,6,2.25,2.25,1.25,False,3.7.0
2026-03-24 08:33:00-04:00,1774355580000,6631.25,True,False,-1,2,CONFLUENCE_BUY,8,6,2.25,2.25,1.25,False,3.7.0
2026-03-24 08:33:59-04:00,1774355639000,6629.5,True,False,-1,1,BN_LONG_DN,8,9,2.25,2.25,1.25,False,3.7.0
2026-03-24 08:35:00-04:00,1774355700000,6623.75,True,False,-1,0,NONE,8,8,2.25,2.25,1.25,False,3.7.0
2026-03-24 08:36:00-04:00,1774355760000,6623.5,True,False,-1,4,BN_LONG_DN,6,10,2.25,2.25,1.25,False,3.7.0
2026-03-24 08:36:59-04:00,1774355819000,6619.5,True,False,-1,0,NONE,7,7,2.25,2.25,1.25,False,3.7.0
2026-03-24 08:38:00-04:00,1774355880000,6620.0,True,False,-1,2,CONFLUENCE_BUY,8,6,2.25,2.25,1.25,False,3.7.0
2026-03-24 08:39:00-04:00,1774355940000,6616.75,True,False,1,3,BN_LONG_UP,9,6,2.25,2.25,1.25,False,3.7.0
2026-03-24 08:40:00-04:00,1774356000000,6617.75,True,False,1,2,BN_LONG_UP,9,7,2.25,2.25,1.25,False,3.7.0
2026-03-24 08:40:59-04:00,1774356059000,6620.0,True,False,1,2,CONFLUENCE_BUY,8,6,2.25,2.25,1.25,False,3.7.0
2026-03-24 08:42:00-04:00,1774356120000,6621.75,True,False,1,0,NONE,8,8,2.25,2.25,1.25,False,3.7.0
2026-03-24 08:43:00-04:00,1774356180000,6626.0,True,False,1,2,CONFLUENCE_BUY,9,7,2.25,2.25,1.25,False,3.7.0
2026-03-24 08:43:59-04:00,1774356239000,6627.5,True,False,1,2,VAH_REJECTION,9,7,2.25,2.25,1.25,False,3.7.0
2026-03-24 08:45:00-04:00,1774356300000,6631.75,True,False,-1,5,BN_LONG_UP,12,7,2.25,2.25,1.25,False,3.7.0
2026-03-24 08:46:00-04:00,1774356360000,6629.75,True,False,-1,0,BN_LONG_DN,9,9,2.25,2.25,1.25,False,3.7.0
2026-03-24 08:46:59-04:00,1774356419000,6629.25,True,False,-1,2,VAH_REJECTION,9,7,2.25,2.25,1.25,False,3.7.0
2026-03-24 08:48:00-04:00,1774356480000,6625.25,True,False,1,1,CONFLUENCE_BUY,8,7,2.25,2.25,1.25,False,3.7.0
2026-03-24 08:49:00-04:00,1774356540000,6625.75,True,False,1,3,CONFLUENCE_BUY,9,6,2.25,2.25,1.25,False,3.7.0
2026-03-24 08:49:59-04:00,1774356599000,6627.75,True,False,1,3,CONFLUENCE_BUY,10,7,2.25,2.25,1.25,False,3.7.0
2026-03-24 08:51:00-04:00,1774356660000,6629.25,True,False,0,7,BN_LONG_UP,11,4,-23.25,2.25,1.25,False,3.7.0
2026-03-24 08:52:00-04:00,1774356720000,6631.0,True,False,-1,3,CONFLUENCE_BUY,8,5,2.25,2.25,1.25,False,3.7.0
2026-03-24 08:53:00-04:00,1774356780000,6629.25,True,False,-1,2,BN_LONG_DN,9,7,2.25,2.25,1.25,False,3.7.0
2026-03-24 08:53:59-04:00,1774356839000,6626.0,True,False,-1,2,BN_LONG_DN,10,8,2.25,2.25,1.25,False,3.7.0
2026-03-24 08:55:00-04:00,1774356900000,6622.25,True,False,1,1,RVOL_SPIKE_SELL,8,9,2.25,2.25,1.25,False,3.7.0
2026-03-24 08:56:00-04:00,1774356960000,6627.75,True,False,-1,2,BN_LONG_DN,8,6,2.25,2.25,1.25,False,3.7.0
2026-03-24 08:56:59-04:00,1774357019000,6624.0,True,False,1,1,CONFLUENCE_BUY,8,7,2.25,2.25,1.25,False,3.7.0
2026-03-24 08:58:00-04:00,1774357080000,6626.0,True,False,1,3,BN_LONG_DN,11,8,2.25,2.25,1.25,False,3.7.0
2026-03-24 08:59:00-04:00,1774357140000,6626.5,True,False,1,4,CONFLUENCE_BUY,10,6,2.25,2.25,1.25,False,3.7.0
2026-03-24 08:59:59-04:00,1774357199000,6628.75,True,False,-1,4,CONFLUENCE_BUY,9,5,2.25,2.25,1.25,False,3.7.0
2026-03-24 09:01:00-04:00,1774357260000,6628.0,True,False,-1,4,CONFLUENCE_BUY,10,6,2.25,2.25,1.25,False,3.7.0
2026-03-24 09:02:00-04:00,1774357320000,6623.0,True,False,-1,3,BN_LONG_DN,6,9,2.25,2.25,1.25,False,3.7.0
2026-03-24 09:02:59-04:00,1774357379000,6615.5,True,False,-1,2,BN_LONG_DN,7,9,2.25,2.25,1.25,False,3.7.0
2026-03-24 09:04:00-04:00,1774357440000,6610.75,True,False,-1,2,VWAP_TRIPLE_BEAR,5,7,2.25,2.25,1.25,False,3.7.0
2026-03-24 09:05:00-04:00,1774357500000,6603.5,True,False,1,0,VWAP_TRIPLE_BEAR,9,9,2.25,2.25,1.25,False,3.7.0
2026-03-24 09:05:59-04:00,1774357559000,6608.25,True,False,-1,0,VWAP_TRIPLE_BEAR,7,7,2.25,2.25,1.25,False,3.7.0
2026-03-24 09:07:00-04:00,1774357620000,6608.75,True,False,-1,1,VWAP_TRIPLE_BEAR,5,6,2.25,2.25,1.25,False,3.7.0
2026-03-24 09:08:00-04:00,1774357680000,6607.25,True,False,-1,1,VWAP_TRIPLE_BEAR,7,6,2.25,2.25,1.25,False,3.7.0
2026-03-24 09:09:00-04:00,1774357740000,6605.0,True,False,-1,1,VWAP_TRIPLE_BEAR,7,6,2.25,2.25,1.25,False,3.7.0
2026-03-24 09:09:59-04:00,1774357799000,6604.25,True,False,0,0,VWAP_TRIPLE_BEAR,7,7,9.25,2.25,1.25,False,3.7.0
2026-03-24 09:11:00-04:00,1774357860000,6606.0,True,False,-1,0,VWAP_TRIPLE_BEAR,7,7,2.25,2.25,1.25,False,3.7.0
2026-03-24 09:12:00-04:00,1774357920000,6601.0,True,False,1,0,VWAP_TRIPLE_BEAR,9,9,2.25,2.25,1.25,False,3.7.0
2026-03-24 09:12:59-04:00,1774357979000,6604.75,True,False,-1,0,VWAP_TRIPLE_BEAR,7,7,2.25,2.25,1.25,False,3.7.0
2026-03-24 09:14:00-04:00,1774358040000,6604.0,True,False,-1,0,VWAP_TRIPLE_BEAR,7,7,2.25,2.25,1.25,False,3.7.0
2026-03-24 09:15:00-04:00,1774358100000,6604.75,True,False,-1,0,VWAP_TRIPLE_BEAR,7,7,2.25,2.25,1.25,False,3.7.0
2026-03-24 09:15:59-04:00,1774358159000,6603.25,True,False,-1,1,VWAP_TRIPLE_BEAR,8,7,2.25,2.25,1.25,False,3.7.0
2026-03-24 09:17:00-04:00,1774358220000,6601.0,True,False,1,1,VWAP_TRIPLE_BEAR,8,9,2.25,2.25,1.25,False,3.7.0
2026-03-24 09:18:00-04:00,1774358280000,6601.75,True,False,1,3,VWAP_TRIPLE_BEAR,10,7,2.25,2.25,1.25,False,3.7.0
2026-03-24 09:18:59-04:00,1774358339000,6602.75,True,False,1,0,VWAP_TRIPLE_BEAR,7,7,2.25,2.25,1.25,False,3.7.0
2026-03-24 09:20:00-04:00,1774358400000,6605.25,True,False,1,1,VWAP_TRIPLE_BEAR,8,7,2.25,2.25,1.25,False,3.7.0
2026-03-24 09:21:00-04:00,1774358460000,6605.75,True,False,1,1,VWAP_TRIPLE_BEAR,6,7,2.25,2.25,1.25,False,3.7.0
2026-03-24 09:21:59-04:00,1774358519000,6605.75,True,False,1,0,VWAP_TRIPLE_BEAR,7,7,2.25,2.25,1.25,False,3.7.0
2026-03-24 09:23:00-04:00,1774358580000,6607.25,True,False,-1,0,VWAP_TRIPLE_BEAR,7,7,2.25,2.25,1.25,False,3.7.0
2026-03-24 09:24:00-04:00,1774358640000,6605.75,True,False,1,0,VWAP_TRIPLE_BEAR,7,7,2.25,2.25,1.25,False,3.7.0
2026-03-24 09:25:00-04:00,1774358700000,6605.25,True,False,1,1,VWAP_TRIPLE_BEAR,6,7,2.25,2.25,1.25,False,3.7.0
2026-03-24 09:25:59-04:00,1774358759000,6604.75,True,False,1,3,VWAP_TRIPLE_BEAR,10,7,2.25,2.25,1.25,False,3.7.0
2026-03-24 09:27:00-04:00,1774358820000,6605.5,True,False,1,2,VWAP_TRIPLE_BEAR,7,9,2.25,2.25,1.25,False,3.7.0
2026-03-24 09:28:00-04:00,1774358880000,6609.5,True,False,1,1,VWAP_TRIPLE_BEAR,7,6,2.25,2.25,1.25,False,3.7.0
2026-03-24 09:28:59-04:00,1774358939000,6608.75,True,False,1,2,VWAP_TRIPLE_BEAR,6,8,2.25,2.25,1.25,False,3.7.0
2026-03-24 09:30:00-04:00,1774359000000,6613.5,True,False,0,0,VWAP_TRIPLE_BEAR,8,8,-10.0,2.25,1.25,False,3.7.0
2026-03-24 09:31:00-04:00,1774359060000,6614.75,True,False,-1,1,BN_LONG_DN,9,8,2.25,2.25,1.25,False,3.7.0
2026-03-24 09:31:59-04:00,1774359119000,6611.0,True,False,-1,2,VWAP_TRIPLE_BEAR,9,7,2.25,2.25,1.25,False,3.7.0
2026-03-24 09:33:00-04:00,1774359180000,6606.0,True,False,0,0,VWAP_TRIPLE_BEAR,7,7,-1.25,2.25,1.25,False,3.7.0
2026-03-24 09:34:00-04:00,1774359240000,6604.5,True,False,1,2,VWAP_TRIPLE_BEAR,8,6,2.25,2.25,1.25,False,3.7.0
2026-03-24 09:34:59-04:00,1774359299000,6604.5,True,False,1,2,VWAP_TRIPLE_BEAR,8,6,2.25,2.25,1.25,False,3.7.0
2026-03-24 09:36:00-04:00,1774359360000,6604.5,True,False,1,1,VWAP_TRIPLE_BEAR,8,7,2.25,2.25,1.25,False,3.7.0
2026-03-24 09:37:00-04:00,1774359420000,6608.75,True,False,-1,1,VWAP_TRIPLE_BEAR,8,7,2.25,2.25,1.25,False,3.7.0
2026-03-24 09:38:00-04:00,1774359480000,6606.25,True,False,1,1,VWAP_TRIPLE_BEAR,7,6,2.25,2.25,1.25,False,3.7.0
2026-03-24 09:38:59-04:00,1774359539000,6608.5,True,False,-1,0,VWAP_TRIPLE_BEAR,6,6,2.25,2.25,1.25,False,3.7.0
2026-03-24 09:40:00-04:00,1774359600000,6608.5,True,False,-1,2,VWAP_TRIPLE_BEAR,8,6,2.25,2.25,1.25,False,3.7.0
2026-03-24 09:41:00-04:00,1774359660000,6607.5,True,False,-1,1,VWAP_TRIPLE_BEAR,8,7,2.25,2.25,1.25,False,3.7.0
2026-03-24 09:41:59-04:00,1774359719000,6602.25,True,False,0,2,VWAP_TRIPLE_BEAR,9,7,16.75,2.25,1.25,False,3.7.0
2026-03-24 09:43:00-04:00,1774359780000,6601.75,True,False,0,2,VWAP_TRIPLE_BEAR,9,7,16.0,2.25,1.25,False,3.7.0
2026-03-24 09:44:00-04:00,1774359840000,6600.75,True,False,1,2,VWAP_TRIPLE_BEAR,10,8,2.25,2.25,1.25,False,3.7.0
2026-03-24 09:44:59-04:00,1774359899000,6600.5,True,False,1,1,VWAP_TRIPLE_BEAR,9,8,2.25,2.25,1.25,False,3.7.0
2026-03-24 09:46:00-04:00,1774359960000,6601.75,True,False,1,5,VWAP_TRIPLE_BEAR,12,7,2.25,2.25,1.25,False,3.7.0
2026-03-24 09:47:00-04:00,1774360020000,6602.75,True,False,1,3,VWAP_TRIPLE_BEAR,10,7,2.25,2.25,1.25,False,3.7.0
2026-03-24 09:47:59-04:00,1774360079000,6604.0,True,False,1,1,VWAP_TRIPLE_BEAR,9,8,2.25,2.25,1.25,False,3.7.0
2026-03-24 09:49:00-04:00,1774360140000,6603.5,True,False,1,1,VWAP_TRIPLE_BEAR,8,9,2.25,2.25,1.25,False,3.7.0
2026-03-24 09:50:00-04:00,1774360200000,6603.5,True,False,1,0,VWAP_TRIPLE_BEAR,9,9,2.25,2.25,1.25,False,3.7.0
2026-03-24 09:50:59-04:00,1774360259000,6603.5,True,False,1,3,VWAP_TRIPLE_BEAR,10,7,2.25,2.25,1.25,False,3.7.0
2026-03-24 09:52:00-04:00,1774360320000,6605.0,True,False,1,0,VWAP_TRIPLE_BEAR,9,9,2.25,2.25,1.25,False,3.7.0
2026-03-24 09:53:00-04:00,1774360380000,6604.75,True,False,1,1,VWAP_TRIPLE_BEAR,8,7,2.25,2.25,1.25,False,3.7.0
2026-03-24 09:54:00-04:00,1774360440000,6606.5,True,False,1,1,VWAP_TRIPLE_BEAR,7,8,2.25,2.25,1.25,False,3.7.0
2026-03-24 09:54:59-04:00,1774360499000,6612.0,True,False,1,0,VWAP_TRIPLE_BEAR,7,7,2.25,2.25,1.25,False,3.7.0
2026-03-24 09:56:00-04:00,1774360560000,6613.25,True,False,1,1,VWAP_TRIPLE_BEAR,9,10,2.25,2.25,1.25,False,3.7.0
2026-03-24 09:57:00-04:00,1774360620000,6613.5,True,False,1,3,CONFLUENCE_BUY,9,6,2.25,2.25,1.25,False,3.7.0
2026-03-24 09:57:59-04:00,1774360679000,6617.75,True,False,1,2,CONFLUENCE_BUY,7,5,2.25,2.25,1.25,False,3.7.0
2026-03-24 09:59:00-04:00,1774360740000,6618.25,True,False,1,3,CONFLUENCE_BUY,7,4,2.25,2.25,1.25,False,3.7.0
2026-03-24 10:00:00-04:00,1774360800000,6620.75,True,False,-1,1,CONFLUENCE_BUY,7,6,2.25,2.25,1.25,False,3.7.0
2026-03-24 10:00:59-04:00,1774360859000,6618.0,True,False,-1,1,DOUBLE_TOP_DIV,7,6,2.25,2.25,1.25,False,3.7.0
2026-03-24 10:02:00-04:00,1774360920000,6619.0,True,False,-1,0,NONE,6,6,2.25,2.25,1.25,False,3.7.0
2026-03-24 10:03:00-04:00,1774360980000,6617.75,True,False,-1,2,CONFLUENCE_BUY,7,5,2.25,2.25,1.25,False,3.7.0
2026-03-24 10:03:59-04:00,1774361039000,6618.0,True,False,-1,1,BN_LONG_DN,7,8,2.25,2.25,1.25,False,3.7.0
2026-03-24 10:05:00-04:00,1774361100000,6618.5,True,False,-1,2,BN_LONG_UP,8,6,2.25,2.25,1.25,False,3.7.0
2026-03-24 10:06:00-04:00,1774361160000,6617.5,True,False,-1,0,DOUBLE_TOP_DIV,7,7,2.25,2.25,1.25,False,3.7.0
2026-03-24 10:06:59-04:00,1774361219000,6618.25,True,False,-1,0,BN_LONG_DN,7,7,2.25,2.25,1.25,False,3.7.0
2026-03-24 10:08:00-04:00,1774361280000,6614.5,True,False,-1,2,CONFLUENCE_BUY,9,7,2.25,2.25,1.25,False,3.7.0
2026-03-24 10:09:00-04:00,1774361340000,6613.0,True,False,1,1,VWAP_TRIPLE_BEAR,7,8,2.25,2.25,1.25,False,3.7.0
2026-03-24 10:10:00-04:00,1774361400000,6612.0,True,False,1,3,VWAP_TRIPLE_BEAR,9,6,2.25,2.25,1.25,False,3.7.0
2026-03-24 10:10:59-04:00,1774361459000,6615.5,True,False,-1,2,CONFLUENCE_BUY,7,5,2.25,2.25,1.25,False,3.7.0
2026-03-24 10:12:00-04:00,1774361520000,6614.5,True,False,-1,1,CONFLUENCE_BUY,8,7,2.25,2.25,1.25,False,3.7.0
2026-03-24 10:13:00-04:00,1774361580000,6612.75,True,False,-1,1,VWAP_TRIPLE_BEAR,8,9,2.25,2.25,1.25,False,3.7.0
2026-03-24 10:13:59-04:00,1774361639000,6613.5,True,False,-1,3,CONFLUENCE_BUY,9,6,2.25,2.25,1.25,False,3.7.0
2026-03-24 10:15:00-04:00,1774361700000,6611.25,True,False,0,1,VWAP_TRIPLE_BEAR,6,7,18.25,2.25,1.25,False,3.7.0
2026-03-24 10:16:00-04:00,1774361760000,6611.25,True,False,0,0,VWAP_TRIPLE_BEAR,6,6,17.75,2.25,1.25,False,3.7.0
2026-03-24 10:16:59-04:00,1774361819000,6609.25,True,False,1,1,VWAP_TRIPLE_BEAR,6,7,2.25,2.25,1.25,False,3.7.0
2026-03-24 10:18:00-04:00,1774361880000,6610.0,True,False,1,1,VWAP_TRIPLE_BEAR,6,7,2.25,2.25,1.25,False,3.7.0
2026-03-24 10:19:00-04:00,1774361940000,6615.75,True,False,-1,3,RVOL_SPIKE_BUY,9,6,2.25,2.25,1.25,False,3.7.0
2026-03-24 10:19:59-04:00,1774361999000,6615.75,True,False,-1,3,CONFLUENCE_BUY,7,4,2.25,2.25,1.25,False,3.7.0
2026-03-24 10:21:00-04:00,1774362060000,6616.25,True,False,-1,1,BN_LONG_DN,7,6,2.25,2.25,1.25,False,3.7.0
2026-03-24 10:22:00-04:00,1774362120000,6613.25,True,False,1,1,VWAP_TRIPLE_BEAR,8,9,2.25,2.25,1.25,False,3.7.0
2026-03-24 10:23:00-04:00,1774362180000,6614.0,True,False,1,6,BN_LONG_UP,11,5,2.25,2.25,1.25,False,3.7.0
2026-03-24 10:23:59-04:00,1774362239000,6616.5,True,False,1,4,BN_LONG_UP,9,5,2.25,2.25,1.25,False,3.7.0
2026-03-24 10:25:00-04:00,1774362300000,6619.0,True,False,1,3,CONFLUENCE_BUY,8,5,2.25,2.25,1.25,False,3.7.0
2026-03-24 10:26:00-04:00,1774362360000,6620.0,True,False,1,5,BN_LONG_UP,9,4,2.25,2.25,1.25,False,3.7.0
2026-03-24 10:26:59-04:00,1774362419000,6624.0,True,False,-1,2,BN_LONG_UP,9,7,2.25,2.25,1.25,False,3.7.0
2026-03-24 10:28:00-04:00,1774362480000,6619.0,True,False,1,3,CONFLUENCE_BUY,8,5,2.25,2.25,1.25,False,3.7.0
2026-03-24 10:29:00-04:00,1774362540000,6621.0,True,False,0,3,BN_LONG_UP,9,6,4.25,2.25,1.25,False,3.7.0
2026-03-24 10:29:59-04:00,1774362599000,6619.75,True,False,1,6,BN_LONG_UP,10,4,2.25,2.25,1.25,False,3.7.0
2026-03-24 10:31:00-04:00,1774362660000,6627.25,True,False,0,3,CONFLUENCE_BUY,9,6,-0.25,2.25,1.25,False,3.7.0
2026-03-24 10:32:00-04:00,1774362720000,6628.75,True,False,-1,1,VAH_REJECTION,7,8,2.25,2.25,1.25,False,3.7.0
2026-03-24 10:32:59-04:00,1774362779000,6626.25,True,False,0,1,CONFLUENCE_BUY,9,8,1.5,2.25,1.25,False,3.7.0
2026-03-24 10:34:00-04:00,1774362840000,6625.0,True,False,1,2,CONFLUENCE_SELL,8,10,2.25,2.25,1.25,False,3.7.0
2026-03-24 10:35:00-04:00,1774362900000,6629.5,True,False,1,3,CONFLUENCE_BUY,10,7,2.25,2.25,1.25,False,3.7.0
2026-03-24 10:35:59-04:00,1774362959000,6629.0,True,False,1,2,BN_LONG_DN,9,7,2.25,2.25,1.25,False,3.7.0
2026-03-24 10:37:00-04:00,1774363020000,6629.5,True,False,1,4,CONFLUENCE_BUY,9,5,2.25,2.25,1.25,False,3.7.0
2026-03-24 10:38:00-04:00,1774363080000,6636.5,True,False,1,3,BN_LONG_UP,11,8,2.25,2.25,1.25,False,3.7.0
2026-03-24 10:39:00-04:00,1774363140000,6640.75,True,False,-1,2,RVOL_SPIKE_BUY,9,7,2.25,2.25,1.25,False,3.7.0
2026-03-24 10:39:59-04:00,1774363199000,6639.25,True,False,-1,1,CONFLUENCE_BUY,7,6,2.25,2.25,1.25,False,3.7.0
2026-03-24 10:41:00-04:00,1774363260000,6629.0,True,False,-1,4,RVOL_SPIKE_SELL,11,7,2.25,2.25,1.25,False,3.7.0
2026-03-24 10:42:00-04:00,1774363320000,6627.5,True,False,-1,1,RVOL_SPIKE_SELL,10,9,2.25,2.25,1.25,False,3.7.0
2026-03-24 10:42:59-04:00,1774363379000,6627.0,True,False,0,3,CONFLUENCE_BUY,10,7,1.0,2.25,1.25,False,3.7.0
2026-03-24 10:44:00-04:00,1774363440000,6628.5,True,False,-1,3,CONFLUENCE_BUY,9,6,2.25,2.25,1.25,False,3.7.0
2026-03-24 10:45:00-04:00,1774363500000,6626.75,True,False,-1,3,CONFLUENCE_BUY,10,7,2.25,2.25,1.25,False,3.7.0
2026-03-24 10:45:59-04:00,1774363559000,6626.75,True,False,-1,1,DOUBLE_TOP_DIV,9,8,2.25,2.25,1.25,False,3.7.0
2026-03-24 10:47:00-04:00,1774363620000,6624.5,True,False,1,4,BN_LONG_UP,12,8,2.25,2.25,1.25,False,3.7.0
2026-03-24 10:48:00-04:00,1774363680000,6624.25,True,False,1,1,CONFLUENCE_BUY,9,8,2.25,2.25,1.25,False,3.7.0
2026-03-24 10:48:59-04:00,1774363739000,6625.25,True,False,1,4,CONFLUENCE_BUY,10,6,2.25,2.25,1.25,False,3.7.0
2026-03-24 10:50:00-04:00,1774363800000,6625.75,True,False,1,4,CONFLUENCE_BUY,10,6,2.25,2.25,1.25,False,3.7.0
2026-03-24 10:51:00-04:00,1774363860000,6627.0,True,False,0,4,CONFLUENCE_BUY,10,6,2.25,2.25,1.25,False,3.7.0
2026-03-24 10:51:59-04:00,1774363919000,6629.0,True,False,-1,6,BN_LONG_UP,11,5,2.25,2.25,1.25,False,3.7.0
2026-03-24 10:53:00-04:00,1774363980000,6627.75,True,False,-1,4,CONFLUENCE_BUY,10,6,2.25,2.25,1.25,False,3.7.0
2026-03-24 10:54:00-04:00,1774364040000,6627.75,True,False,-1,4,CONFLUENCE_BUY,10,6,2.25,2.25,1.25,False,3.7.0
2026-03-24 10:55:00-04:00,1774364100000,6624.25,True,False,-1,0,NONE,8,8,2.25,2.25,1.25,False,3.7.0
2026-03-24 10:55:59-04:00,1774364159000,6622.75,True,False,1,0,NONE,7,7,2.25,2.25,1.25,False,3.7.0
2026-03-24 10:57:00-04:00,1774364220000,6622.0,True,False,1,1,CONFLUENCE_SELL,6,7,2.25,2.25,1.25,False,3.7.0
2026-03-24 10:58:00-04:00,1774364280000,6623.25,True,False,1,0,NONE,7,7,2.25,2.25,1.25,False,3.7.0
2026-03-24 10:58:59-04:00,1774364339000,6623.75,True,False,1,1,CONFLUENCE_SELL,7,8,2.25,2.25,1.25,False,3.7.0
2026-03-24 11:00:00-04:00,1774364400000,6629.0,True,False,-1,4,CONFLUENCE_BUY,9,5,2.25,2.25,1.25,False,3.7.0
2026-03-24 11:01:00-04:00,1774364460000,6628.5,True,False,-1,3,CONFLUENCE_BUY,8,5,2.25,2.25,1.25,False,3.7.0
2026-03-24 11:01:59-04:00,1774364519000,6627.25,True,False,0,1,BN_LONG_DN,9,8,-2.0,2.25,1.25,False,3.7.0
2026-03-24 11:03:00-04:00,1774364580000,6628.0,True,False,-1,6,BN_LONG_UP,11,5,2.25,2.25,1.25,False,3.7.0
2026-03-24 11:04:00-04:00,1774364640000,6626.75,True,False,0,4,CONFLUENCE_BUY,10,6,-0.75,2.25,1.25,False,3.7.0
2026-03-24 11:04:59-04:00,1774364699000,6627.5,True,False,-1,5,CONFLUENCE_BUY,10,5,2.25,2.25,1.25,False,3.7.0
2026-03-24 11:06:00-04:00,1774364760000,6627.25,True,False,0,4,CONFLUENCE_BUY,10,6,-4.25,2.25,1.25,False,3.7.0
2026-03-24 11:07:00-04:00,1774364820000,6625.25,True,False,1,1,CONFLUENCE_BUY,8,7,2.25,2.25,1.25,False,3.7.0
2026-03-24 11:08:00-04:00,1774364880000,6626.5,True,False,1,5,CONFLUENCE_BUY,11,6,2.25,2.25,1.25,False,3.7.0
2026-03-24 11:08:59-04:00,1774364939000,6628.5,True,False,1,3,CONFLUENCE_BUY,8,5,2.25,2.25,1.25,False,3.7.0
2026-03-24 11:10:00-04:00,1774365000000,6628.25,True,False,1,4,BN_LONG_UP,10,6,2.25,2.25,1.25,False,3.7.0
2026-03-24 11:11:00-04:00,1774365060000,6629.25,True,False,1,3,CONFLUENCE_BUY,8,5,2.25,2.25,1.25,False,3.7.0
2026-03-24 11:11:59-04:00,1774365119000,6629.5,True,False,1,4,BN_LONG_UP,10,6,2.25,2.25,1.25,False,3.7.0
2026-03-24 11:13:00-04:00,1774365180000,6630.0,True,False,0,3,CONFLUENCE_BUY,8,5,-11.25,2.25,1.25,False,3.7.0
2026-03-24 11:14:00-04:00,1774365240000,6632.0,True,False,-1,3,CONFLUENCE_BUY,9,6,2.25,2.25,1.25,False,3.7.0
2026-03-24 11:14:59-04:00,1774365299000,6631.0,True,False,-1,0,NONE,6,6,2.25,2.25,1.25,False,3.7.0
2026-03-24 11:16:00-04:00,1774365360000,6630.0,True,False,-1,2,CONFLUENCE_BUY,8,6,2.25,2.25,1.25,False,3.7.0
2026-03-24 11:17:00-04:00,1774365420000,6627.25,True,False,-1,4,CONFLUENCE_BUY,10,6,2.25,2.25,1.25,False,3.7.0
2026-03-24 11:17:59-04:00,1774365479000,6626.5,True,False,0,4,CONFLUENCE_BUY,10,6,-12.0,2.25,1.25,False,3.7.0
2026-03-24 11:19:00-04:00,1774365540000,6627.75,True,False,-1,3,CONFLUENCE_BUY,9,6,2.25,2.25,1.25,False,3.7.0
2026-03-24 11:20:00-04:00,1774365600000,6627.0,True,False,-1,1,BN_LONG_DN,10,9,2.25,2.25,1.25,False,3.7.0
2026-03-24 11:20:59-04:00,1774365659000,6626.0,True,False,-1,2,CONFLUENCE_BUY,9,7,2.25,2.25,1.25,False,3.7.0
2026-03-24 11:22:00-04:00,1774365720000,6625.25,True,False,-1,3,CONFLUENCE_BUY,9,6,2.25,2.25,1.25,False,3.7.0
2026-03-24 11:23:00-04:00,1774365780000,6625.0,True,False,-1,0,RVOL_SPIKE_SELL,10,10,2.25,2.25,1.25,False,3.7.0
2026-03-24 11:24:00-04:00,1774365840000,6626.0,True,False,-1,4,CONFLUENCE_BUY,10,6,2.25,2.25,1.25,False,3.7.0
2026-03-24 11:24:59-04:00,1774365899000,6624.5,True,False,-1,3,BN_LONG_DN,7,10,2.25,2.25,1.25,False,3.7.0
2026-03-24 11:26:00-04:00,1774365960000,6623.0,True,False,-1,0,NONE,7,7,2.25,2.25,1.25,False,3.7.0
2026-03-24 11:27:00-04:00,1774366020000,6622.0,True,False,-1,0,NONE,7,7,2.25,2.25,1.25,False,3.7.0
2026-03-24 11:27:59-04:00,1774366079000,6619.25,True,False,-1,2,BN_LONG_DN,6,8,2.25,2.25,1.25,False,3.7.0
2026-03-24 11:29:00-04:00,1774366140000,6619.75,True,False,-1,0,NONE,6,6,2.25,2.25,1.25,False,3.7.0
2026-03-24 11:30:00-04:00,1774366200000,6620.0,True,False,-1,2,BN_LONG_DN,5,7,2.25,2.25,1.25,False,3.7.0
2026-03-24 11:30:59-04:00,1774366259000,6620.0,True,False,-1,2,BN_LONG_UP,8,6,2.25,2.25,1.25,False,3.7.0
2026-03-24 11:32:00-04:00,1774366320000,6618.5,True,False,-1,0,NONE,6,6,2.25,2.25,1.25,False,3.7.0
2026-03-24 11:33:00-04:00,1774366380000,6618.75,True,False,-1,0,NONE,6,6,2.25,2.25,1.25,False,3.7.0
2026-03-24 11:33:59-04:00,1774366439000,6616.0,True,False,-1,2,CONFLUENCE_BUY,7,5,2.25,2.25,1.25,False,3.7.0
2026-03-24 11:35:00-04:00,1774366500000,6612.0,True,False,1,0,VWAP_TRIPLE_BEAR,6,6,2.25,2.25,1.25,False,3.7.0
2026-03-24 11:36:00-04:00,1774366560000,6614.0,True,False,1,2,VWAP_TRIPLE_BEAR,5,7,2.25,2.25,1.25,False,3.7.0
2026-03-24 11:36:59-04:00,1774366619000,6615.25,True,False,1,1,CONFLUENCE_BUY,6,5,2.25,2.25,1.25,False,3.7.0
2026-03-24 11:38:00-04:00,1774366680000,6614.5,True,False,1,1,VWAP_TRIPLE_BEAR,6,7,2.25,2.25,1.25,False,3.7.0
2026-03-24 11:39:00-04:00,1774366740000,6614.75,True,False,1,5,VWAP_TRIPLE_BEAR,5,10,2.25,2.25,1.25,False,3.7.0
2026-03-24 11:40:00-04:00,1774366800000,6614.5,True,False,1,3,VWAP_TRIPLE_BEAR,5,8,2.25,2.25,1.25,False,3.7.0
2026-03-24 11:40:59-04:00,1774366859000,6615.0,True,False,1,2,CONFLUENCE_BUY,7,5,2.25,2.25,1.25,False,3.7.0
2026-03-24 11:42:00-04:00,1774366920000,6617.5,True,False,-1,2,CONFLUENCE_BUY,6,4,2.25,2.25,1.25,False,3.7.0
2026-03-24 11:43:00-04:00,1774366980000,6615.0,True,False,-1,0,NONE,6,6,2.25,2.25,1.25,False,3.7.0
2026-03-24 11:43:59-04:00,1774367039000,6613.25,True,False,-1,0,VWAP_TRIPLE_BEAR,6,6,2.25,2.25,1.25,False,3.7.0
2026-03-24 11:45:00-04:00,1774367100000,6610.25,True,False,-1,1,VWAP_TRIPLE_BEAR,5,6,2.25,2.25,1.25,False,3.7.0
2026-03-24 11:46:00-04:00,1774367160000,6608.5,True,False,0,2,VWAP_TRIPLE_BEAR,6,8,-1.25,2.25,1.25,False,3.7.0
2026-03-24 11:46:59-04:00,1774367219000,6608.5,True,False,0,1,VWAP_TRIPLE_BEAR,4,5,-1.0,2.25,1.25,False,3.7.0
2026-03-24 11:48:00-04:00,1774367280000,6609.5,True,False,-1,1,VWAP_TRIPLE_BEAR,5,6,2.25,2.25,1.25,False,3.7.0
2026-03-24 11:49:00-04:00,1774367340000,6610.25,True,False,-1,0,VWAP_TRIPLE_BEAR,5,5,2.25,2.25,1.25,False,3.7.0
2026-03-24 11:49:59-04:00,1774367399000,6608.0,True,False,-1,0,VWAP_TRIPLE_BEAR,6,6,2.25,2.25,1.25,False,3.7.0
2026-03-24 11:51:00-04:00,1774367460000,6605.75,True,False,-1,0,VWAP_TRIPLE_BEAR,7,7,2.25,2.25,1.25,False,3.7.0
2026-03-24 11:52:00-04:00,1774367520000,6604.75,True,False,-1,1,VWAP_TRIPLE_BEAR,7,8,2.25,2.25,1.25,False,3.7.0
2026-03-24 11:53:00-04:00,1774367580000,6603.5,True,False,0,0,VWAP_TRIPLE_BEAR,7,7,6.25,2.25,1.25,False,3.7.0
2026-03-24 11:53:59-04:00,1774367639000,6603.75,True,False,-1,1,VWAP_TRIPLE_BEAR,8,9,2.25,2.25,1.25,False,3.7.0
2026-03-24 11:55:00-04:00,1774367700000,6602.5,True,False,1,4,VWAP_TRIPLE_BEAR,8,12,2.25,2.25,1.25,False,3.7.0
2026-03-24 11:56:00-04:00,1774367760000,6603.25,True,False,0,0,VWAP_TRIPLE_BEAR,8,8,5.75,2.25,1.25,False,3.7.0
2026-03-24 11:56:59-04:00,1774367819000,6601.5,True,False,1,1,VWAP_TRIPLE_BEAR,9,8,2.25,2.25,1.25,False,3.7.0
2026-03-24 11:58:00-04:00,1774367880000,6602.75,True,False,1,1,VWAP_TRIPLE_BEAR,9,8,2.25,2.25,1.25,False,3.7.0
2026-03-24 11:59:00-04:00,1774367940000,6607.0,True,False,1,2,VWAP_TRIPLE_BEAR,6,8,2.25,2.25,1.25,False,3.7.0
2026-03-24 11:59:59-04:00,1774367999000,6608.0,True,False,1,0,VWAP_TRIPLE_BEAR,7,7,2.25,2.25,1.25,False,3.7.0
2026-03-24 12:01:00-04:00,1774368060000,6608.5,True,False,0,3,VWAP_TRIPLE_BEAR,6,9,32.25,2.25,1.25,False,3.7.0
2026-03-24 12:02:00-04:00,1774368120000,6608.25,True,False,1,3,VWAP_TRIPLE_BEAR,6,9,2.25,2.25,1.25,False,3.7.0
2026-03-24 12:02:59-04:00,1774368179000,6607.75,True,False,1,1,VWAP_TRIPLE_BEAR,7,8,2.25,2.25,1.25,False,3.7.0
2026-03-24 12:04:00-04:00,1774368240000,6608.5,True,False,0,3,VWAP_TRIPLE_BEAR,7,10,57.25,2.25,1.25,False,3.7.0
2026-03-24 12:05:00-04:00,1774368300000,6608.25,True,False,1,2,VWAP_TRIPLE_BEAR,8,10,2.25,2.25,1.25,False,3.7.0
2026-03-24 12:05:59-04:00,1774368359000,6607.25,True,False,1,3,VWAP_TRIPLE_BEAR,7,10,2.25,2.25,1.25,False,3.7.0
2026-03-24 12:07:00-04:00,1774368420000,6607.5,True,False,1,3,VWAP_TRIPLE_BEAR,7,10,2.25,2.25,1.25,False,3.7.0
2026-03-24 12:08:00-04:00,1774368480000,6607.5,True,False,1,2,VWAP_TRIPLE_BEAR,7,9,2.25,2.25,1.25,False,3.7.0
2026-03-24 12:09:00-04:00,1774368540000,6607.5,True,False,1,3,VWAP_TRIPLE_BEAR,7,10,2.25,2.25,1.25,False,3.7.0
2026-03-24 12:09:59-04:00,1774368599000,6608.25,True,False,1,3,VWAP_TRIPLE_BEAR,6,9,2.25,2.25,1.25,False,3.7.0
2026-03-24 12:11:00-04:00,1774368660000,6607.75,True,False,1,3,VWAP_TRIPLE_BEAR,7,10,2.25,2.25,1.25,False,3.7.0
2026-03-24 12:12:00-04:00,1774368720000,6609.0,True,False,1,2,VWAP_TRIPLE_BEAR,7,9,2.25,2.25,1.25,False,3.7.0
2026-03-24 12:12:59-04:00,1774368779000,6609.75,True,False,1,3,VWAP_TRIPLE_BEAR,6,9,2.25,2.25,1.25,False,3.7.0
2026-03-24 12:14:00-04:00,1774368840000,6610.75,True,False,0,4,VWAP_TRIPLE_BEAR,5,9,43.75,2.25,1.25,False,3.7.0
2026-03-24 12:15:00-04:00,1774368900000,6611.25,True,False,-1,3,VWAP_TRIPLE_BEAR,5,8,2.25,2.25,1.25,False,3.7.0
2026-03-24 12:15:59-04:00,1774368959000,6609.0,True,False,1,6,VWAP_TRIPLE_BEAR,6,12,2.25,2.25,1.25,False,3.7.0
2026-03-24 12:17:00-04:00,1774369020000,6609.5,True,False,1,2,VWAP_TRIPLE_BEAR,6,8,2.25,2.25,1.25,False,3.7.0
2026-03-24 12:18:00-04:00,1774369080000,6609.0,True,False,1,3,VWAP_TRIPLE_BEAR,7,10,2.25,2.25,1.25,False,3.7.0
2026-03-24 12:18:59-04:00,1774369139000,6615.25,True,False,1,0,RVOL_SPIKE_BUY,9,9,2.25,2.25,1.25,False,3.7.0
2026-03-24 12:20:00-04:00,1774369200000,6644.5,True,False,-1,1,RVOL_SPIKE_BUY,9,8,2.25,2.25,1.25,False,3.7.0
2026-03-24 12:21:00-04:00,1774369260000,6640.75,True,False,1,2,BN_LONG_DN,6,8,2.25,2.25,1.25,False,3.7.0
2026-03-24 12:21:59-04:00,1774369319000,6658.75,True,False,1,4,RVOL_SPIKE_BUY,11,7,2.25,2.25,1.25,False,3.7.0
2026-03-24 12:23:00-04:00,1774369380000,6658.5,True,False,1,4,BN_LONG_UP,9,5,2.25,2.25,1.25,False,3.7.0
2026-03-24 12:24:00-04:00,1774369440000,6665.75,True,False,-1,0,RVOL_SPIKE_BUY,9,9,2.25,2.25,1.25,False,3.7.0
2026-03-24 12:25:00-04:00,1774369500000,6663.0,True,False,1,0,NONE,6,6,2.25,2.25,1.25,False,3.7.0
2026-03-24 12:25:59-04:00,1774369559000,6677.5,True,False,-1,3,VWAP_TRIPLE_BULL,12,9,2.25,2.25,1.25,False,3.7.0
2026-03-24 12:27:00-04:00,1774369620000,6660.25,True,False,-1,3,BN_LONG_UP,9,6,2.25,2.25,1.25,False,3.7.0
2026-03-24 12:28:00-04:00,1774369680000,6648.75,True,False,1,1,CONFLUENCE_SELL,6,7,2.25,2.25,1.25,False,3.7.0
2026-03-24 12:28:59-04:00,1774369739000,6649.25,True,False,1,1,BN_LONG_UP,8,7,2.25,2.25,1.25,False,3.7.0
2026-03-24 12:30:00-04:00,1774369800000,6648.25,True,False,1,3,BN_LONG_UP,10,7,2.25,2.25,1.25,False,3.7.0
2026-03-24 12:31:00-04:00,1774369860000,6648.5,True,False,1,2,CONFLUENCE_BUY,8,6,2.25,2.25,1.25,False,3.7.0
2026-03-24 12:31:59-04:00,1774369919000,6652.5,True,False,1,1,BN_LONG_DN,9,8,2.25,2.25,1.25,False,3.7.0
2026-03-24 12:33:00-04:00,1774369980000,6655.75,True,False,0,6,BN_LONG_UP,12,6,-7.0,2.25,1.25,False,3.7.0
2026-03-24 12:34:00-04:00,1774370040000,6654.5,True,False,1,4,CONFLUENCE_BUY,10,6,2.25,2.25,1.25,False,3.7.0
2026-03-24 12:34:59-04:00,1774370099000,6660.0,True,False,1,2,BN_LONG_DN,10,8,2.25,2.25,1.25,False,3.7.0
2026-03-24 12:36:00-04:00,1774370160000,6666.25,True,False,0,1,BN_LONG_DN,9,8,-17.75,2.25,1.25,False,3.7.0
2026-03-24 12:37:00-04:00,1774370220000,6664.75,True,False,1,2,CONFLUENCE_BUY,8,6,2.25,2.25,1.25,False,3.7.0
2026-03-24 12:38:00-04:00,1774370280000,6666.0,True,False,1,2,BN_LONG_DN,9,7,2.25,2.25,1.25,False,3.7.0
2026-03-24 12:38:59-04:00,1774370339000,6674.0,True,False,-1,1,VWAP_TRIPLE_BULL,10,9,2.25,2.25,1.25,False,3.7.0
2026-03-24 12:40:00-04:00,1774370400000,6659.75,True,False,-1,5,BN_LONG_UP,11,6,2.25,2.25,1.25,False,3.7.0
2026-03-24 12:41:00-04:00,1774370460000,6654.0,True,False,-1,2,BN_LONG_DN,9,7,2.25,2.25,1.25,False,3.7.0
2026-03-24 12:41:59-04:00,1774370519000,6650.75,True,False,-1,1,BN_LONG_DN,9,8,2.25,2.25,1.25,False,3.7.0
2026-03-24 12:43:00-04:00,1774370580000,6647.5,True,False,1,2,BN_LONG_DN,7,9,2.25,2.25,1.25,False,3.7.0
2026-03-24 12:44:00-04:00,1774370640000,6652.5,True,False,-1,4,BN_LONG_DN,10,6,2.25,2.25,1.25,False,3.7.0
2026-03-24 12:44:59-04:00,1774370699000,6653.5,True,False,-1,3,CONFLUENCE_BUY,9,6,2.25,2.25,1.25,False,3.7.0
2026-03-24 12:46:00-04:00,1774370760000,6644.5,True,False,1,1,CONFLUENCE_BUY,7,6,2.25,2.25,1.25,False,3.7.0
2026-03-24 12:47:00-04:00,1774370820000,6645.0,True,False,1,1,CONFLUENCE_BUY,7,6,2.25,2.25,1.25,False,3.7.0
2026-03-24 12:47:59-04:00,1774370879000,6649.0,True,False,1,4,BN_LONG_UP,10,6,2.25,2.25,1.25,False,3.7.0
2026-03-24 12:49:00-04:00,1774370940000,6651.75,True,False,-1,3,CONFLUENCE_BUY,9,6,2.25,2.25,1.25,False,3.7.0
2026-03-24 12:50:00-04:00,1774371000000,6648.25,True,False,1,1,CONFLUENCE_BUY,8,7,2.25,2.25,1.25,False,3.7.0
2026-03-24 12:50:59-04:00,1774371059000,6651.5,True,False,-1,4,BN_LONG_DN,11,7,2.25,2.25,1.25,False,3.7.0
2026-03-24 12:52:00-04:00,1774371120000,6650.5,True,False,-1,3,CONFLUENCE_BUY,9,6,2.25,2.25,1.25,False,3.7.0
2026-03-24 12:53:00-04:00,1774371180000,6648.75,True,False,-1,0,BN_LONG_DN,7,7,2.25,2.25,1.25,False,3.7.0
2026-03-24 12:54:00-04:00,1774371240000,6646.5,True,False,1,1,BN_LONG_DN,8,9,2.25,2.25,1.25,False,3.7.0
2026-03-24 12:54:59-04:00,1774371299000,6649.5,True,False,-1,2,BN_LONG_UP,10,8,2.25,2.25,1.25,False,3.7.0
2026-03-24 12:56:00-04:00,1774371360000,6648.5,True,False,-1,2,CONFLUENCE_SELL,6,8,2.25,2.25,1.25,False,3.7.0
2026-03-24 12:57:00-04:00,1774371420000,6649.5,True,False,-1,2,BN_LONG_DN,7,9,2.25,2.25,1.25,False,3.7.0
2026-03-24 12:57:59-04:00,1774371479000,6648.0,True,False,0,2,BN_LONG_DN,6,8,2.25,2.25,1.25,False,3.7.0
2026-03-24 12:59:00-04:00,1774371540000,6646.25,True,False,1,2,BN_LONG_DN,9,11,2.25,2.25,1.25,False,3.7.0
2026-03-24 14:00:00-04:00,1774375200000,6653.5,True,False,1,3,VAH_REJECTION,11,8,2.25,2.25,1.25,False,3.7.0
2026-03-24 14:01:00-04:00,1774375260000,6653.0,True,False,1,3,BN_LONG_DN,11,8,2.25,2.25,1.25,False,3.7.0
2026-03-24 14:01:59-04:00,1774375319000,6654.0,True,False,0,0,BN_LONG_DN,9,9,-5.5,2.25,1.25,False,3.7.0
2026-03-24 14:03:00-04:00,1774375380000,6652.75,True,False,1,2,VAL_BOUNCE,11,9,2.25,2.25,1.25,False,3.7.0
2026-03-24 14:04:00-04:00,1774375440000,6655.75,True,False,1,2,VAH_REJECTION,9,7,2.25,2.25,1.25,False,3.7.0
2026-03-24 14:04:59-04:00,1774375499000,6657.0,True,False,1,0,VAH_REJECTION,7,7,2.25,2.25,1.25,False,3.7.0
2026-03-24 14:06:00-04:00,1774375560000,6658.25,True,False,-1,0,VAH_REJECTION,7,7,2.25,2.25,1.25,False,3.7.0
2026-03-24 14:07:00-04:00,1774375620000,6659.25,True,False,-1,3,VAH_REJECTION,8,5,2.25,2.25,1.25,False,3.7.0
2026-03-24 14:08:00-04:00,1774375680000,6658.75,True,False,-1,0,BN_LONG_UP,7,7,2.25,2.25,1.25,False,3.7.0
2026-03-24 14:08:59-04:00,1774375739000,6657.25,True,False,-1,1,CONFLUENCE_BUY,8,7,2.25,2.25,1.25,False,3.7.0
2026-03-24 14:10:00-04:00,1774375800000,6656.75,True,False,-1,1,BN_LONG_UP,9,8,2.25,2.25,1.25,False,3.7.0
2026-03-24 14:11:00-04:00,1774375860000,6654.0,True,False,-1,2,BN_LONG_DN,8,10,2.25,2.25,1.25,False,3.7.0
2026-03-24 14:11:59-04:00,1774375919000,6654.0,True,False,-1,2,VAL_BOUNCE,10,8,2.25,2.25,1.25,False,3.7.0
2026-03-24 14:13:00-04:00,1774375980000,6655.0,True,False,-1,2,CONFLUENCE_BUY,10,8,2.25,2.25,1.25,False,3.7.0
2026-03-24 14:14:00-04:00,1774376040000,6652.5,True,False,-1,2,BN_LONG_DN,9,11,2.25,2.25,1.25,False,3.7.0
2026-03-24 14:14:59-04:00,1774376099000,6649.0,True,False,1,4,BN_LONG_DN,8,12,2.25,2.25,1.25,False,3.7.0
2026-03-24 14:16:00-04:00,1774376160000,6649.75,True,False,1,2,CONFLUENCE_SELL,7,9,2.25,2.25,1.25,False,3.7.0
2026-03-24 14:17:00-04:00,1774376220000,6649.5,True,False,1,1,CONFLUENCE_SELL,8,9,2.25,2.25,1.25,False,3.7.0
2026-03-24 14:17:59-04:00,1774376279000,6650.25,True,False,0,7,BN_LONG_UP,13,6,1.75,2.25,1.25,False,3.7.0
2026-03-24 14:19:00-04:00,1774376340000,6652.25,True,False,-1,8,CONFLUENCE_BUY,13,5,2.25,2.25,1.25,False,3.7.0
2026-03-24 14:20:00-04:00,1774376400000,6650.5,True,False,-1,5,VAL_BOUNCE,11,6,2.25,2.25,1.25,False,3.7.0
2026-03-24 14:20:59-04:00,1774376459000,6649.75,True,False,-1,2,VAL_BOUNCE,10,8,2.25,2.25,1.25,False,3.7.0
2026-03-24 14:22:00-04:00,1774376520000,6648.5,True,False,-1,3,BN_LONG_DN,11,8,2.25,2.25,1.25,False,3.7.0
2026-03-24 14:23:00-04:00,1774376580000,6647.75,True,False,-1,0,BN_LONG_DN,10,10,2.25,2.25,1.25,False,3.7.0
2026-03-24 14:24:00-04:00,1774376640000,6646.5,True,False,-1,1,CONFLUENCE_BUY,9,8,2.25,2.25,1.25,False,3.7.0
2026-03-24 14:24:59-04:00,1774376699000,6644.25,True,False,1,3,CONFLUENCE_BUY,8,5,2.25,2.25,1.25,False,3.7.0
2026-03-24 14:26:00-04:00,1774376760000,6644.5,True,False,1,4,CONFLUENCE_BUY,9,5,2.25,2.25,1.25,False,3.7.0
2026-03-24 14:27:00-04:00,1774376820000,6645.75,True,False,1,4,BN_LONG_UP,11,7,2.25,2.25,1.25,False,3.7.0
2026-03-24 14:27:59-04:00,1774376879000,6645.5,True,False,1,1,RVOL_SPIKE_BUY,9,8,2.25,2.25,1.25,False,3.7.0
2026-03-24 14:29:00-04:00,1774376940000,6646.75,True,False,1,4,BN_LONG_DN,11,7,2.25,2.25,1.25,False,3.7.0
2026-03-24 14:30:00-04:00,1774377000000,6649.5,True,False,1,0,BN_LONG_UP,8,8,2.25,2.25,1.25,False,3.7.0
2026-03-24 14:30:59-04:00,1774377059000,6649.75,True,False,1,1,CONFLUENCE_BUY,8,7,2.25,2.25,1.25,False,3.7.0
2026-03-24 14:32:00-04:00,1774377120000,6649.0,True,False,1,1,CONFLUENCE_SELL,6,7,2.25,2.25,1.25,False,3.7.0
2026-03-24 14:33:00-04:00,1774377180000,6650.75,True,False,1,5,CONFLUENCE_BUY,10,5,2.25,2.25,1.25,False,3.7.0
2026-03-24 14:33:59-04:00,1774377239000,6650.25,True,False,1,1,BN_LONG_DN,6,7,2.25,2.25,1.25,False,3.7.0
2026-03-24 14:35:00-04:00,1774377300000,6650.75,True,False,1,2,CONFLUENCE_BUY,7,5,2.25,2.25,1.25,False,3.7.0
2026-03-24 14:36:00-04:00,1774377360000,6650.75,True,False,1,3,CONFLUENCE_BUY,8,5,2.25,2.25,1.25,False,3.7.0
2026-03-24 14:36:59-04:00,1774377419000,6651.75,True,False,0,6,RVOL_SPIKE_BUY,13,7,1.25,2.25,1.25,False,3.7.0
2026-03-24 14:38:00-04:00,1774377480000,6652.0,True,False,-1,3,CONFLUENCE_BUY,10,7,2.25,2.25,1.25,False,3.7.0
2026-03-24 14:39:00-04:00,1774377540000,6649.75,True,False,1,1,VAL_BOUNCE,8,7,2.25,2.25,1.25,False,3.7.0
2026-03-24 14:40:00-04:00,1774377600000,6650.5,True,False,1,4,CONFLUENCE_BUY,9,5,2.25,2.25,1.25,False,3.7.0
2026-03-24 14:40:59-04:00,1774377659000,6649.75,True,False,1,1,VAL_BOUNCE,8,9,2.25,2.25,1.25,False,3.7.0
2026-03-24 14:42:00-04:00,1774377720000,6650.75,True,False,1,4,CONFLUENCE_BUY,10,6,2.25,2.25,1.25,False,3.7.0
2026-03-24 14:43:00-04:00,1774377780000,6652.25,True,False,1,6,BN_LONG_UP,11,5,2.25,2.25,1.25,False,3.7.0
2026-03-24 14:43:59-04:00,1774377839000,6653.75,True,False,-1,6,CONFLUENCE_BUY,11,5,2.25,2.25,1.25,False,3.7.0
2026-03-24 14:45:00-04:00,1774377900000,6654.25,True,False,-1,4,CONFLUENCE_BUY,10,6,2.25,2.25,1.25,False,3.7.0
2026-03-24 14:46:00-04:00,1774377960000,6652.5,True,False,0,2,BN_LONG_DN,8,10,-1.0,2.25,1.25,False,3.7.0
2026-03-24 14:46:59-04:00,1774378019000,6653.25,True,False,0,3,CONFLUENCE_BUY,10,7,-3.75,2.25,1.25,False,3.7.0
2026-03-24 14:48:00-04:00,1774378080000,6652.5,True,False,0,2,CONFLUENCE_BUY,9,7,-2.5,2.25,1.25,False,3.7.0
2026-03-24 14:49:00-04:00,1774378140000,6652.75,True,False,0,0,NONE,8,8,-2.25,2.25,1.25,False,3.7.0
2026-03-24 14:49:59-04:00,1774378199000,6653.0,True,False,0,4,CONFLUENCE_BUY,10,6,0.5,2.25,1.25,False,3.7.0
2026-03-24 14:51:00-04:00,1774378260000,6652.75,True,False,0,2,CONFLUENCE_BUY,8,6,0.5,2.25,1.25,False,3.7.0
2026-03-24 14:52:00-04:00,1774378320000,6651.25,True,False,1,2,CONFLUENCE_SELL,8,10,2.25,2.25,1.25,False,3.7.0
2026-03-24 14:53:00-04:00,1774378380000,6652.0,True,False,1,1,CONFLUENCE_BUY,9,8,2.25,2.25,1.25,False,3.7.0
2026-03-24 14:53:59-04:00,1774378439000,6653.0,True,False,1,4,BN_LONG_UP,10,6,2.25,2.25,1.25,False,3.7.0
2026-03-24 14:55:00-04:00,1774378500000,6653.5,True,False,0,4,CONFLUENCE_BUY,9,5,-1.25,2.25,1.25,False,3.7.0
2026-03-24 14:56:00-04:00,1774378560000,6652.75,True,False,1,3,CONFLUENCE_BUY,9,6,2.25,2.25,1.25,False,3.7.0
2026-03-24 14:56:59-04:00,1774378619000,6653.0,True,False,1,4,CONFLUENCE_BUY,10,6,2.25,2.25,1.25,False,3.7.0
2026-03-24 14:58:00-04:00,1774378680000,6654.5,True,False,-1,4,BN_LONG_UP,12,8,2.25,2.25,1.25,False,3.7.0
2026-03-24 14:59:00-04:00,1774378740000,6655.25,True,False,-1,3,VAH_REJECTION,9,6,2.25,2.25,1.25,False,3.7.0
2026-03-24 14:59:59-04:00,1774378799000,6655.25,True,False,-1,1,VAH_REJECTION,8,7,2.25,2.25,1.25,False,3.7.0
2026-03-24 15:01:00-04:00,1774378860000,6653.0,True,False,-1,1,BN_LONG_DN,9,8,2.25,2.25,1.25,False,3.7.0
2026-03-24 15:02:00-04:00,1774378920000,6650.5,True,False,1,1,BN_LONG_DN,7,8,2.25,2.25,1.25,False,3.7.0
2026-03-24 15:02:59-04:00,1774378979000,6649.75,True,False,1,1,VAL_BOUNCE,7,6,2.25,2.25,1.25,False,3.7.0
2026-03-24 15:04:00-04:00,1774379040000,6649.5,True,False,1,1,VAL_BOUNCE,7,8,2.25,2.25,1.25,False,3.7.0
2026-03-24 15:05:00-04:00,1774379100000,6650.75,True,False,0,3,CONFLUENCE_BUY,8,5,7.25,2.25,1.25,False,3.7.0
2026-03-24 15:05:59-04:00,1774379159000,6651.5,True,False,0,5,RVOL_SPIKE_BUY,13,8,6.75,2.25,1.25,False,3.7.0
2026-03-24 15:07:00-04:00,1774379220000,6649.5,True,False,1,2,VAL_BOUNCE,8,6,2.25,2.25,1.25,False,3.7.0
2026-03-24 15:08:00-04:00,1774379280000,6650.0,True,False,1,4,VAL_BOUNCE,11,7,2.25,2.25,1.25,False,3.7.0
2026-03-24 15:09:00-04:00,1774379340000,6650.5,True,False,1,2,VAL_BOUNCE,8,6,2.25,2.25,1.25,False,3.7.0
2026-03-24 15:09:59-04:00,1774379399000,6653.5,True,False,0,7,BN_LONG_UP,11,4,2.75,2.25,1.25,False,3.7.0
2026-03-24 15:11:00-04:00,1774379460000,6653.25,True,False,0,3,CONFLUENCE_BUY,8,5,2.5,2.25,1.25,False,3.7.0
2026-03-24 15:12:00-04:00,1774379520000,6652.0,True,False,1,1,CONFLUENCE_BUY,9,8,2.25,2.25,1.25,False,3.7.0
2026-03-24 15:12:59-04:00,1774379579000,6652.0,True,False,1,2,CONFLUENCE_BUY,9,7,2.25,2.25,1.25,False,3.7.0
2026-03-24 15:14:00-04:00,1774379640000,6651.75,True,False,1,0,NONE,7,7,2.25,2.25,1.25,False,3.7.0
2026-03-24 15:15:00-04:00,1774379700000,6652.25,True,False,1,2,CONFLUENCE_BUY,7,5,2.25,2.25,1.25,False,3.7.0
2026-03-24 15:15:59-04:00,1774379759000,6653.75,True,False,1,2,VAH_REJECTION,7,5,2.25,2.25,1.25,False,3.7.0
2026-03-24 15:17:00-04:00,1774379820000,6654.25,True,False,1,3,VAH_REJECTION,8,5,2.25,2.25,1.25,False,3.7.0
2026-03-24 15:18:00-04:00,1774379880000,6653.5,True,False,1,1,CONFLUENCE_BUY,7,6,2.25,2.25,1.25,False,3.7.0
2026-03-24 15:18:59-04:00,1774379939000,6654.5,True,False,1,2,VAH_REJECTION,7,5,2.25,2.25,1.25,False,3.7.0
2026-03-24 15:20:00-04:00,1774380000000,6654.75,True,False,1,1,VAH_REJECTION,9,8,2.25,2.25,1.25,False,3.7.0
2026-03-24 15:21:00-04:00,1774380060000,6656.5,True,False,1,3,VAH_REJECTION,9,6,2.25,2.25,1.25,False,3.7.0
2026-03-24 15:21:59-04:00,1774380119000,6655.5,True,False,1,1,VAH_REJECTION,7,8,2.25,2.25,1.25,False,3.7.0
2026-03-24 15:23:00-04:00,1774380180000,6657.75,True,False,0,2,CONFLUENCE_BUY,7,5,-5.25,2.25,1.25,False,3.7.0
2026-03-24 15:24:00-04:00,1774380240000,6658.0,True,False,-1,1,DOUBLE_TOP_DIV,6,7,2.25,2.25,1.25,False,3.7.0
2026-03-24 15:25:00-04:00,1774380300000,6658.0,True,False,-1,1,CONFLUENCE_BUY,6,5,2.25,2.25,1.25,False,3.7.0
2026-03-24 15:25:59-04:00,1774380359000,6658.25,True,False,-1,1,CONFLUENCE_SELL,6,7,2.25,2.25,1.25,False,3.7.0
2026-03-24 15:27:00-04:00,1774380420000,6659.0,True,False,-1,2,CONFLUENCE_BUY,7,5,2.25,2.25,1.25,False,3.7.0
2026-03-24 15:28:00-04:00,1774380480000,6657.75,True,False,-1,4,VAH_REJECTION,6,10,2.25,2.25,1.25,False,3.7.0
2026-03-24 15:28:59-04:00,1774380539000,6656.0,True,False,-1,1,BN_LONG_DN,8,9,2.25,2.25,1.25,False,3.7.0
2026-03-24 15:30:00-04:00,1774380600000,6656.25,True,False,-1,1,VAH_REJECTION,7,6,2.25,2.25,1.25,False,3.7.0
2026-03-24 15:31:00-04:00,1774380660000,6655.75,True,False,-1,0,VAH_REJECTION,7,7,2.25,2.25,1.25,False,3.7.0
2026-03-24 15:31:59-04:00,1774380719000,6655.75,True,False,-1,2,VAH_REJECTION,7,9,2.25,2.25,1.25,False,3.7.0
2026-03-24 15:33:00-04:00,1774380780000,6656.0,True,False,-1,0,VAH_REJECTION,7,7,2.25,2.25,1.25,False,3.7.0
2026-03-24 15:34:00-04:00,1774380840000,6655.25,True,False,-1,1,VAH_REJECTION,7,6,2.25,2.25,1.25,False,3.7.0
2026-03-24 15:34:59-04:00,1774380899000,6655.0,True,False,0,1,VAH_REJECTION,8,7,-3.75,2.25,1.25,False,3.7.0
2026-03-24 15:36:00-04:00,1774380960000,6654.25,True,False,0,3,CONFLUENCE_BUY,6,3,-2.5,2.25,1.25,False,3.7.0
2026-03-24 15:37:00-04:00,1774381020000,6656.25,True,False,-1,5,BN_LONG_UP,10,5,2.25,2.25,1.25,False,3.7.0
2026-03-24 15:38:00-04:00,1774381080000,6655.5,True,False,-1,0,VAH_REJECTION,6,6,2.25,2.25,1.25,False,3.7.0
2026-03-24 15:38:59-04:00,1774381139000,6655.75,True,False,-1,2,VAH_REJECTION,7,5,2.25,2.25,1.25,False,3.7.0
2026-03-24 15:40:00-04:00,1774381200000,6654.25,True,False,-1,4,CONFLUENCE_BUY,7,3,2.25,2.25,1.25,False,3.7.0
2026-03-24 15:41:00-04:00,1774381260000,6652.5,True,False,-1,1,RVOL_SPIKE_SELL,8,9,2.25,2.25,1.25,False,3.7.0
2026-03-24 15:41:59-04:00,1774381319000,6652.5,True,False,-1,0,NONE,7,7,2.25,2.25,1.25,False,3.7.0
2026-03-24 15:43:00-04:00,1774381380000,6652.5,True,False,-1,0,NONE,7,7,2.25,2.25,1.25,False,3.7.0
2026-03-24 15:44:00-04:00,1774381440000,6651.75,False,False,0,0,CONFLUENCE_BUY,10,7,2.25,2.25,1.25,False,3.7.0
2026-03-24 15:44:59-04:00,1774381499000,6651.5,False,False,0,0,CONFLUENCE_BUY,8,7,2.25,2.25,1.25,False,3.7.0
2026-03-24 15:46:00-04:00,1774381560000,6651.5,False,False,0,0,CONFLUENCE_BUY,8,7,2.25,2.25,1.25,False,3.7.0
2026-03-24 15:47:00-04:00,1774381620000,6651.25,False,False,0,0,CONFLUENCE_SELL,6,7,-3.75,2.25,1.25,False,3.7.0
2026-03-24 15:47:59-04:00,1774381679000,6652.0,False,False,0,0,CONFLUENCE_BUY,10,7,2.25,2.25,1.25,False,3.7.0
2026-03-24 15:49:00-04:00,1774381740000,6652.25,False,False,0,0,CONFLUENCE_BUY,8,7,2.25,2.25,1.25,False,3.7.0
2026-03-24 15:50:00-04:00,1774381800000,6651.75,False,False,0,0,CONFLUENCE_SELL,7,9,2.25,2.25,1.25,False,3.7.0
2026-03-24 15:50:59-04:00,1774381859000,6652.5,False,False,0,0,CONFLUENCE_BUY,8,7,2.25,2.25,1.25,False,3.7.0
2026-03-24 15:52:00-04:00,1774381920000,6650.75,False,False,0,0,VAL_BOUNCE,7,8,-3.25,2.25,1.25,False,3.7.0
2026-03-24 15:53:00-04:00,1774381980000,6652.5,False,False,0,0,RVOL_SPIKE_SELL,7,11,2.25,2.25,1.25,False,3.7.0
2026-03-24 15:54:00-04:00,1774382040000,6652.0,False,False,0,0,CONFLUENCE_BUY,8,7,2.25,2.25,1.25,False,3.7.0
2026-03-24 15:54:59-04:00,1774382099000,6651.25,False,False,0,0,CONFLUENCE_BUY,9,6,2.25,2.25,1.25,False,3.7.0
2026-03-24 15:56:00-04:00,1774382160000,6651.75,False,False,0,0,CONFLUENCE_BUY,10,7,2.25,2.25,1.25,False,3.7.0
2026-03-24 15:57:00-04:00,1774382220000,6652.25,False,False,0,0,DOUBLE_BOT_DIV,12,7,2.25,2.25,1.25,False,3.7.0
2026-03-24 15:57:59-04:00,1774382279000,6651.75,False,False,0,0,CONFLUENCE_BUY,9,7,2.25,2.25,1.25,False,3.7.0
2026-03-24 15:59:00-04:00,1774382340000,6651.0,False,False,0,0,VAL_BOUNCE,9,8,2.25,2.25,1.25,False,3.7.0
2026-03-24 16:00:00-04:00,1774382400000,6649.75,False,False,0,0,RVOL_SPIKE_BUY,11,8,2.25,2.25,1.25,False,3.7.0
2026-03-24 16:00:59-04:00,1774382459000,6647.0,False,False,0,0,RVOL_SPIKE_SELL,6,10,0.5,2.25,1.25,False,3.7.0
2026-03-24 16:02:00-04:00,1774382520000,6647.75,False,False,0,0,RVOL_SPIKE_SELL,8,11,-0.25,2.25,1.25,False,3.7.0
2026-03-24 16:03:00-04:00,1774382580000,6647.5,False,False,0,0,BN_LONG_DN,9,7,0.0,2.25,1.25,False,3.7.0
2026-03-24 16:03:00-04:00,1774382580000,6647.5,False,False,0,0,VWAP_TRIPLE_BEAR,14,9,,2.25,1.25,False,3.7.0
