datetime_et,ts,price,valid_bar,partial_session,label,label_quality,setup_type,score_buy,score_sell,realized_pts,tp_pts,sl_pts,hl_mode,schema
2026-03-22 19:00:00-04:00,1774220400000,6542.75,False,False,0,0,CONFLUENCE_BUY,8,7,-7.0,2.25,1.25,False,3.7.0
2026-03-22 19:00:59-04:00,1774220459000,6543.5,False,False,0,0,BN_LONG_DN,7,8,2.25,2.25,1.25,False,3.7.0
2026-03-22 19:02:00-04:00,1774220520000,6544.5,False,False,0,0,CONFLUENCE_SELL,6,7,2.25,2.25,1.25,False,3.7.0
2026-03-22 19:03:00-04:00,1774220580000,6543.25,False,False,0,0,CONFLUENCE_SELL,5,9,2.25,2.25,1.25,False,3.7.0
2026-03-22 19:03:59-04:00,1774220639000,6543.5,False,False,0,0,CONFLUENCE_SELL,5,6,2.25,2.25,1.25,False,3.7.0
2026-03-22 19:05:00-04:00,1774220700000,6540.5,False,False,0,0,VWAP_TRIPLE_BEAR,6,10,-5.75,2.25,1.25,False,3.7.0
2026-03-22 19:06:00-04:00,1774220760000,6541.25,False,False,0,0,CONFLUENCE_SELL,6,7,-4.25,2.25,1.25,False,3.7.0
2026-03-22 19:06:59-04:00,1774220819000,6542.5,False,False,0,0,CONFLUENCE_BUY,6,5,2.25,2.25,1.25,False,3.7.0
2026-03-22 19:08:00-04:00,1774220880000,6539.75,False,False,0,0,VWAP_TRIPLE_BEAR,6,10,2.25,2.25,1.25,False,3.7.0
2026-03-22 19:09:00-04:00,1774220940000,6539.25,False,False,0,0,VWAP_TRIPLE_BEAR,5,8,2.25,2.25,1.25,False,3.7.0
2026-03-22 19:10:00-04:00,1774221000000,6539.25,False,False,0,0,VWAP_TRIPLE_BEAR,5,8,2.25,2.25,1.25,False,3.7.0
2026-03-22 19:10:59-04:00,1774221059000,6537.75,False,False,0,0,VWAP_TRIPLE_BEAR,7,7,2.25,2.25,1.25,False,3.7.0
2026-03-22 19:12:00-04:00,1774221120000,6534.5,False,False,0,0,VWAP_TRIPLE_BEAR,7,12,2.25,2.25,1.25,False,3.7.0
2026-03-22 19:13:00-04:00,1774221180000,6535.0,False,False,0,0,VWAP_TRIPLE_BEAR,8,9,2.25,2.25,1.25,False,3.7.0
2026-03-22 19:13:59-04:00,1774221239000,6533.25,False,False,0,0,VWAP_TRIPLE_BEAR,9,10,3.0,2.25,1.25,False,3.7.0
2026-03-22 19:15:00-04:00,1774221300000,6532.5,False,False,0,0,VWAP_TRIPLE_BEAR,6,10,2.25,2.25,1.25,False,3.7.0
2026-03-22 19:16:00-04:00,1774221360000,6534.25,False,False,0,0,VWAP_TRIPLE_BEAR,9,8,2.25,2.25,1.25,False,3.7.0
2026-03-22 19:16:59-04:00,1774221419000,6534.25,False,False,0,0,VWAP_TRIPLE_BEAR,7,8,2.25,2.25,1.25,False,3.7.0
2026-03-22 19:18:00-04:00,1774221480000,6532.0,False,False,0,0,VWAP_TRIPLE_BEAR,8,11,2.25,2.25,1.25,False,3.7.0
2026-03-22 19:19:00-04:00,1774221540000,6533.75,False,False,0,0,VWAP_TRIPLE_BEAR,8,7,2.25,2.25,1.25,False,3.7.0
2026-03-22 19:19:59-04:00,1774221599000,6535.75,False,False,0,0,VWAP_TRIPLE_BEAR,9,8,-3.25,2.25,1.25,False,3.7.0
2026-03-22 19:21:00-04:00,1774221660000,6535.5,False,False,0,0,VWAP_TRIPLE_BEAR,9,9,-4.0,2.25,1.25,False,3.7.0
2026-03-22 19:22:00-04:00,1774221720000,6536.0,False,False,0,0,VWAP_TRIPLE_BEAR,8,9,2.25,2.25,1.25,False,3.7.0
2026-03-22 19:23:00-04:00,1774221780000,6534.75,False,False,0,0,VWAP_TRIPLE_BEAR,8,11,2.25,2.25,1.25,False,3.7.0
2026-03-22 19:23:59-04:00,1774221839000,6534.25,False,False,0,0,VWAP_TRIPLE_BEAR,8,8,2.25,2.25,1.25,False,3.7.0
2026-03-22 19:25:00-04:00,1774221900000,6534.75,False,False,0,0,VWAP_TRIPLE_BEAR,8,9,2.25,2.25,1.25,False,3.7.0
2026-03-22 19:26:00-04:00,1774221960000,6537.0,False,False,0,0,VWAP_TRIPLE_BEAR,8,7,2.25,2.25,1.25,False,3.7.0
2026-03-22 19:26:59-04:00,1774222019000,6534.75,False,False,0,0,VWAP_TRIPLE_BEAR,8,9,-4.0,2.25,1.25,False,3.7.0
2026-03-22 19:28:00-04:00,1774222080000,6534.75,False,False,0,0,VWAP_TRIPLE_BEAR,7,8,-5.0,2.25,1.25,False,3.7.0
2026-03-22 19:29:00-04:00,1774222140000,6535.25,False,False,0,0,VWAP_TRIPLE_BEAR,7,9,2.25,2.25,1.25,False,3.7.0
2026-03-22 19:29:59-04:00,1774222199000,6533.5,False,False,0,0,VWAP_TRIPLE_BEAR,7,9,2.25,2.25,1.25,False,3.7.0
2026-03-22 19:31:00-04:00,1774222260000,6535.75,False,False,0,0,VWAP_TRIPLE_BEAR,9,7,2.25,2.25,1.25,False,3.7.0
2026-03-22 19:32:00-04:00,1774222320000,6534.5,False,False,0,0,VWAP_TRIPLE_BEAR,7,8,-5.75,2.25,1.25,False,3.7.0
2026-03-22 19:32:59-04:00,1774222379000,6532.75,False,False,0,0,VWAP_TRIPLE_BEAR,6,10,2.25,2.25,1.25,False,3.7.0
2026-03-22 19:34:00-04:00,1774222440000,6536.25,False,False,0,0,VWAP_TRIPLE_BEAR,7,7,2.25,2.25,1.25,False,3.7.0
2026-03-22 19:35:00-04:00,1774222500000,6534.75,False,False,0,0,VWAP_TRIPLE_BEAR,7,11,2.25,2.25,1.25,False,3.7.0
2026-03-22 19:35:59-04:00,1774222559000,6534.0,False,False,0,0,VWAP_TRIPLE_BEAR,7,8,2.25,2.25,1.25,False,3.7.0
2026-03-22 19:37:00-04:00,1774222620000,6534.25,False,False,0,0,VWAP_TRIPLE_BEAR,7,7,2.25,2.25,1.25,False,3.7.0
2026-03-22 19:38:00-04:00,1774222680000,6534.75,False,False,0,0,VWAP_TRIPLE_BEAR,8,6,2.25,2.25,1.25,False,3.7.0
2026-03-22 19:39:00-04:00,1774222740000,6533.25,False,False,0,0,VWAP_TRIPLE_BEAR,7,10,2.25,2.25,1.25,False,3.7.0
2026-03-22 19:39:59-04:00,1774222799000,6532.5,False,False,0,0,VWAP_TRIPLE_BEAR,7,8,2.25,2.25,1.25,False,3.7.0
2026-03-22 19:41:00-04:00,1774222860000,6531.5,False,False,0,0,VWAP_TRIPLE_BEAR,5,11,2.25,2.25,1.25,False,3.7.0
2026-03-22 19:42:00-04:00,1774222920000,6530.75,False,False,0,0,VWAP_TRIPLE_BEAR,7,12,-6.75,2.25,1.25,False,3.7.0
2026-03-22 19:42:59-04:00,1774222979000,6530.0,False,False,0,0,VWAP_TRIPLE_BEAR,5,9,2.25,2.25,1.25,False,3.7.0
2026-03-22 19:44:00-04:00,1774223040000,6532.25,False,False,0,0,VWAP_TRIPLE_BEAR,7,8,2.25,2.25,1.25,False,3.7.0
2026-03-22 19:45:00-04:00,1774223100000,6530.5,False,False,0,0,VWAP_TRIPLE_BEAR,7,11,-5.0,2.25,1.25,False,3.7.0
2026-03-22 19:45:59-04:00,1774223159000,6531.75,False,False,0,0,VWAP_TRIPLE_BEAR,7,9,2.25,2.25,1.25,False,3.7.0
2026-03-22 19:47:00-04:00,1774223220000,6530.75,False,False,0,0,VWAP_TRIPLE_BEAR,6,11,2.25,2.25,1.25,False,3.7.0
2026-03-22 19:48:00-04:00,1774223280000,6529.75,False,False,0,0,VWAP_TRIPLE_BEAR,6,10,2.25,2.25,1.25,False,3.7.0
2026-03-22 19:48:59-04:00,1774223339000,6529.0,False,False,0,0,VWAP_TRIPLE_BEAR,6,10,2.25,2.25,1.25,False,3.7.0
2026-03-22 19:50:00-04:00,1774223400000,6527.75,False,False,0,0,VWAP_TRIPLE_BEAR,6,10,-1.5,2.25,1.25,False,3.7.0
2026-03-22 19:51:00-04:00,1774223460000,6529.5,False,False,0,0,VWAP_TRIPLE_BEAR,7,7,2.25,2.25,1.25,False,3.7.0
2026-03-22 19:51:59-04:00,1774223519000,6528.75,False,False,0,0,VWAP_TRIPLE_BEAR,6,8,2.25,2.25,1.25,False,3.7.0
2026-03-22 19:53:00-04:00,1774223580000,6528.0,False,False,0,0,VWAP_TRIPLE_BEAR,7,9,2.25,2.25,1.25,False,3.7.0
2026-03-22 19:54:00-04:00,1774223640000,6526.75,False,False,0,0,VWAP_TRIPLE_BEAR,7,10,2.25,2.25,1.25,False,3.7.0
2026-03-22 19:55:00-04:00,1774223700000,6525.25,False,False,0,0,VWAP_TRIPLE_BEAR,6,10,2.25,2.25,1.25,False,3.7.0
2026-03-22 19:55:59-04:00,1774223759000,6525.25,False,False,0,0,VWAP_TRIPLE_BEAR,5,10,2.25,2.25,1.25,False,3.7.0
2026-03-22 19:57:00-04:00,1774223820000,6524.75,False,False,0,0,VWAP_TRIPLE_BEAR,5,11,2.25,2.25,1.25,False,3.7.0
2026-03-22 19:58:00-04:00,1774223880000,6524.75,False,False,0,0,VWAP_TRIPLE_BEAR,4,10,2.25,2.25,1.25,False,3.7.0
2026-03-22 19:58:59-04:00,1774223939000,6524.5,False,False,0,0,VWAP_TRIPLE_BEAR,4,8,2.25,2.25,1.25,False,3.7.0
2026-03-22 20:00:00-04:00,1774224000000,6527.5,False,False,0,0,VWAP_TRIPLE_BEAR,10,8,2.25,2.25,1.25,False,3.7.0
2026-03-22 20:01:00-04:00,1774224060000,6525.5,False,False,0,0,VWAP_TRIPLE_BEAR,5,10,6.0,2.25,1.25,False,3.7.0
2026-03-22 20:01:59-04:00,1774224119000,6524.0,False,False,0,0,VWAP_TRIPLE_BEAR,4,11,2.25,2.25,1.25,False,3.7.0
2026-03-22 20:03:00-04:00,1774224180000,6523.75,False,False,0,0,VWAP_TRIPLE_BEAR,4,9,2.25,2.25,1.25,False,3.7.0
2026-03-22 20:04:00-04:00,1774224240000,6524.75,False,False,0,0,VWAP_TRIPLE_BEAR,4,9,2.25,2.25,1.25,False,3.7.0
2026-03-22 20:04:59-04:00,1774224299000,6525.5,False,False,0,0,VWAP_TRIPLE_BEAR,5,8,2.25,2.25,1.25,False,3.7.0
2026-03-22 20:06:00-04:00,1774224360000,6527.5,False,False,0,0,VWAP_TRIPLE_BEAR,6,8,6.5,2.25,1.25,False,3.7.0
2026-03-22 20:07:00-04:00,1774224420000,6526.5,False,False,0,0,VWAP_TRIPLE_BEAR,5,10,2.25,2.25,1.25,False,3.7.0
2026-03-22 20:08:00-04:00,1774224480000,6526.75,False,False,0,0,VWAP_TRIPLE_BEAR,5,10,2.25,2.25,1.25,False,3.7.0
2026-03-22 20:08:59-04:00,1774224539000,6526.25,False,False,0,0,VWAP_TRIPLE_BEAR,5,8,2.25,2.25,1.25,False,3.7.0
2026-03-22 20:10:00-04:00,1774224600000,6526.25,False,False,0,0,VWAP_TRIPLE_BEAR,5,9,2.25,2.25,1.25,False,3.7.0
2026-03-22 20:11:00-04:00,1774224660000,6527.25,False,False,0,0,VWAP_TRIPLE_BEAR,7,7,2.25,2.25,1.25,False,3.7.0
2026-03-22 20:11:59-04:00,1774224719000,6526.75,False,False,0,0,VWAP_TRIPLE_BEAR,6,7,2.25,2.25,1.25,False,3.7.0
2026-03-22 20:13:00-04:00,1774224780000,6527.75,False,False,0,0,VWAP_TRIPLE_BEAR,7,8,2.25,2.25,1.25,False,3.7.0
2026-03-22 20:14:00-04:00,1774224840000,6528.0,False,False,0,0,VWAP_TRIPLE_BEAR,6,8,2.25,2.25,1.25,False,3.7.0
2026-03-22 20:14:59-04:00,1774224899000,6528.75,False,False,0,0,VWAP_TRIPLE_BEAR,6,8,2.25,2.25,1.25,False,3.7.0
2026-03-22 20:16:00-04:00,1774224960000,6531.0,False,False,0,0,VWAP_TRIPLE_BEAR,6,6,4.25,2.25,1.25,False,3.7.0
2026-03-22 20:17:00-04:00,1774225020000,6531.25,False,False,0,0,VWAP_TRIPLE_BEAR,6,7,2.25,2.25,1.25,False,3.7.0
2026-03-22 20:17:59-04:00,1774225079000,6529.5,False,False,0,0,VWAP_TRIPLE_BEAR,5,10,2.25,2.25,1.25,False,3.7.0
2026-03-22 20:19:00-04:00,1774225140000,6530.75,False,False,0,0,VWAP_TRIPLE_BEAR,5,6,5.0,2.25,1.25,False,3.7.0
2026-03-22 20:20:00-04:00,1774225200000,6529.0,False,False,0,0,VWAP_TRIPLE_BEAR,6,7,2.25,2.25,1.25,False,3.7.0
2026-03-22 20:20:59-04:00,1774225259000,6531.5,False,False,0,0,VWAP_TRIPLE_BEAR,7,6,4.0,2.25,1.25,False,3.7.0
2026-03-22 20:22:00-04:00,1774225320000,6531.5,False,False,0,0,VWAP_TRIPLE_BEAR,9,6,3.0,2.25,1.25,False,3.7.0
2026-03-22 20:23:00-04:00,1774225380000,6530.0,False,False,0,0,VWAP_TRIPLE_BEAR,5,7,2.25,2.25,1.25,False,3.7.0
2026-03-22 20:24:00-04:00,1774225440000,6531.5,False,False,0,0,VWAP_TRIPLE_BEAR,6,6,2.25,2.25,1.25,False,3.7.0
2026-03-22 20:24:59-04:00,1774225499000,6531.5,False,False,0,0,VWAP_TRIPLE_BEAR,7,7,2.25,2.25,1.25,False,3.7.0
2026-03-22 20:26:00-04:00,1774225560000,6534.0,False,False,0,0,VWAP_TRIPLE_BEAR,10,7,-1.75,2.25,1.25,False,3.7.0
2026-03-22 20:27:00-04:00,1774225620000,6532.0,False,False,0,0,VWAP_TRIPLE_BEAR,7,6,2.25,2.25,1.25,False,3.7.0
2026-03-22 20:27:59-04:00,1774225679000,6532.25,False,False,0,0,VWAP_TRIPLE_BEAR,7,7,2.25,2.25,1.25,False,3.7.0
2026-03-22 20:29:00-04:00,1774225740000,6533.0,False,False,0,0,VWAP_TRIPLE_BEAR,7,8,2.25,2.25,1.25,False,3.7.0
2026-03-22 20:30:00-04:00,1774225800000,6532.75,False,False,0,0,VWAP_TRIPLE_BEAR,8,7,2.25,2.25,1.25,False,3.7.0
2026-03-22 20:30:59-04:00,1774225859000,6533.5,False,False,0,0,VWAP_TRIPLE_BEAR,8,7,2.25,2.25,1.25,False,3.7.0
2026-03-22 20:32:00-04:00,1774225920000,6534.0,False,False,0,0,VWAP_TRIPLE_BEAR,8,6,-1.25,2.25,1.25,False,3.7.0
2026-03-22 20:33:00-04:00,1774225980000,6533.25,False,False,0,0,VWAP_TRIPLE_BEAR,7,9,2.25,2.25,1.25,False,3.7.0
2026-03-22 20:33:59-04:00,1774226039000,6534.0,False,False,0,0,VWAP_TRIPLE_BEAR,7,6,-1.5,2.25,1.25,False,3.7.0
2026-03-22 20:35:00-04:00,1774226100000,6534.5,False,False,0,0,VWAP_TRIPLE_BEAR,8,6,-1.75,2.25,1.25,False,3.7.0
2026-03-22 20:36:00-04:00,1774226160000,6535.25,False,False,0,0,VWAP_TRIPLE_BEAR,9,7,2.25,2.25,1.25,False,3.7.0
2026-03-22 20:36:59-04:00,1774226219000,6535.25,False,False,0,0,VWAP_TRIPLE_BEAR,6,7,2.25,2.25,1.25,False,3.7.0
2026-03-22 20:38:00-04:00,1774226280000,6536.0,False,False,0,0,VWAP_TRIPLE_BEAR,8,6,2.25,2.25,1.25,False,3.7.0
2026-03-22 20:39:00-04:00,1774226340000,6535.75,False,False,0,0,VWAP_TRIPLE_BEAR,6,7,2.25,2.25,1.25,False,3.7.0
2026-03-22 20:40:00-04:00,1774226400000,6534.75,False,False,0,0,VWAP_TRIPLE_BEAR,8,9,2.25,2.25,1.25,False,3.7.0
2026-03-22 20:40:59-04:00,1774226459000,6535.5,False,False,0,0,VWAP_TRIPLE_BEAR,6,10,2.25,2.25,1.25,False,3.7.0
2026-03-22 20:42:00-04:00,1774226520000,6534.5,False,False,0,0,VWAP_TRIPLE_BEAR,7,7,2.25,2.25,1.25,False,3.7.0
2026-03-22 20:43:00-04:00,1774226580000,6534.0,False,False,0,0,VWAP_TRIPLE_BEAR,8,7,2.25,2.25,1.25,False,3.7.0
2026-03-22 20:43:59-04:00,1774226639000,6532.25,False,False,0,0,VWAP_TRIPLE_BEAR,8,10,4.0,2.25,1.25,False,3.7.0
2026-03-22 20:45:00-04:00,1774226700000,6532.5,False,False,0,0,VWAP_TRIPLE_BEAR,7,7,7.25,2.25,1.25,False,3.7.0
2026-03-22 20:46:00-04:00,1774226760000,6532.25,False,False,0,0,VWAP_TRIPLE_BEAR,7,7,9.5,2.25,1.25,False,3.7.0
2026-03-22 20:46:59-04:00,1774226819000,6534.0,False,False,0,0,VWAP_TRIPLE_BEAR,10,7,2.25,2.25,1.25,False,3.7.0
2026-03-22 20:48:00-04:00,1774226880000,6533.25,False,False,0,0,VWAP_TRIPLE_BEAR,7,6,2.25,2.25,1.25,False,3.7.0
2026-03-22 20:49:00-04:00,1774226940000,6531.5,False,False,0,0,VWAP_TRIPLE_BEAR,7,9,2.25,2.25,1.25,False,3.7.0
2026-03-22 20:49:59-04:00,1774226999000,6531.0,False,False,0,0,VWAP_TRIPLE_BEAR,7,7,2.25,2.25,1.25,False,3.7.0
2026-03-22 20:51:00-04:00,1774227060000,6532.25,False,False,0,0,VWAP_TRIPLE_BEAR,7,6,2.25,2.25,1.25,False,3.7.0
2026-03-22 20:52:00-04:00,1774227120000,6532.75,False,False,0,0,VWAP_TRIPLE_BEAR,9,6,2.25,2.25,1.25,False,3.7.0
2026-03-22 20:53:00-04:00,1774227180000,6532.25,False,False,0,0,VWAP_TRIPLE_BEAR,7,7,2.25,2.25,1.25,False,3.7.0
2026-03-22 20:53:59-04:00,1774227239000,6532.5,False,False,0,0,VWAP_TRIPLE_BEAR,7,7,2.25,2.25,1.25,False,3.7.0
2026-03-22 20:55:00-04:00,1774227300000,6532.75,False,False,0,0,VWAP_TRIPLE_BEAR,7,7,2.25,2.25,1.25,False,3.7.0
2026-03-22 20:56:00-04:00,1774227360000,6535.5,False,False,0,0,VWAP_TRIPLE_BEAR,8,11,2.25,2.25,1.25,False,3.7.0
2026-03-22 20:56:59-04:00,1774227419000,6536.0,False,False,0,0,VWAP_TRIPLE_BEAR,10,7,3.75,2.25,1.25,False,3.7.0
2026-03-22 20:58:00-04:00,1774227480000,6535.5,False,False,0,0,VWAP_TRIPLE_BEAR,8,8,2.25,2.25,1.25,False,3.7.0
2026-03-22 20:59:00-04:00,1774227540000,6534.75,False,False,0,0,VWAP_TRIPLE_BEAR,7,8,2.25,2.25,1.25,False,3.7.0
2026-03-22 20:59:59-04:00,1774227599000,6535.5,False,False,0,0,VWAP_TRIPLE_BEAR,8,8,2.25,2.25,1.25,False,3.7.0
2026-03-22 21:01:00-04:00,1774227660000,6536.5,False,False,0,0,VWAP_TRIPLE_BEAR,8,8,2.25,2.25,1.25,False,3.7.0
2026-03-22 21:02:00-04:00,1774227720000,6536.5,False,False,0,0,VWAP_TRIPLE_BEAR,9,7,2.25,2.25,1.25,False,3.7.0
2026-03-22 21:02:59-04:00,1774227779000,6539.0,False,False,0,0,VWAP_TRIPLE_BEAR,12,8,2.25,2.25,1.25,False,3.7.0
2026-03-22 21:04:00-04:00,1774227840000,6536.25,False,False,0,0,VWAP_TRIPLE_BEAR,7,9,2.25,2.25,1.25,False,3.7.0
2026-03-22 21:05:00-04:00,1774227900000,6539.75,False,False,0,0,CONFLUENCE_BUY,10,7,-7.75,2.25,1.25,False,3.7.0
2026-03-22 21:05:59-04:00,1774227959000,6541.75,False,False,0,0,CONFLUENCE_BUY,8,6,2.25,2.25,1.25,False,3.7.0
2026-03-22 21:07:00-04:00,1774228020000,6541.75,False,False,0,0,CONFLUENCE_SELL,5,7,2.25,2.25,1.25,False,3.7.0
2026-03-22 21:08:00-04:00,1774228080000,6538.5,False,False,0,0,VWAP_TRIPLE_BEAR,6,11,2.25,2.25,1.25,False,3.7.0
2026-03-22 21:09:00-04:00,1774228140000,6537.0,False,False,0,0,VWAP_TRIPLE_BEAR,6,8,2.25,2.25,1.25,False,3.7.0
2026-03-22 21:09:59-04:00,1774228199000,6536.25,False,False,0,0,VWAP_TRIPLE_BEAR,7,8,2.25,2.25,1.25,False,3.7.0
2026-03-22 21:11:00-04:00,1774228260000,6536.5,False,False,0,0,VWAP_TRIPLE_BEAR,7,8,2.25,2.25,1.25,False,3.7.0
2026-03-22 21:12:00-04:00,1774228320000,6538.0,False,False,0,0,VWAP_TRIPLE_BEAR,7,8,2.25,2.25,1.25,False,3.7.0
2026-03-22 21:12:59-04:00,1774228379000,6539.25,False,False,0,0,VWAP_TRIPLE_BEAR,8,9,-15.0,2.25,1.25,False,3.7.0
2026-03-22 21:14:00-04:00,1774228440000,6538.75,False,False,0,0,VWAP_TRIPLE_BEAR,7,8,2.25,2.25,1.25,False,3.7.0
2026-03-22 21:15:00-04:00,1774228500000,6540.25,False,False,0,0,BN_LONG_UP,8,7,2.25,2.25,1.25,False,3.7.0
2026-03-22 21:15:59-04:00,1774228559000,6541.0,False,False,0,0,NONE,6,6,2.25,2.25,1.25,False,3.7.0
2026-03-22 21:17:00-04:00,1774228620000,6539.75,False,False,0,0,CONFLUENCE_SELL,8,9,2.25,2.25,1.25,False,3.7.0
2026-03-22 21:18:00-04:00,1774228680000,6538.5,False,False,0,0,VWAP_TRIPLE_BEAR,6,12,2.25,2.25,1.25,False,3.7.0
2026-03-22 21:18:59-04:00,1774228739000,6538.75,False,False,0,0,VWAP_TRIPLE_BEAR,8,8,2.25,2.25,1.25,False,3.7.0
2026-03-22 21:20:00-04:00,1774228800000,6535.5,False,False,0,0,VWAP_TRIPLE_BEAR,7,11,2.25,2.25,1.25,False,3.7.0
2026-03-22 21:21:00-04:00,1774228860000,6536.0,False,False,0,0,VWAP_TRIPLE_BEAR,6,7,2.25,2.25,1.25,False,3.7.0
2026-03-22 21:21:59-04:00,1774228919000,6534.0,False,False,0,0,VWAP_TRIPLE_BEAR,7,8,2.25,2.25,1.25,False,3.7.0
2026-03-22 21:23:00-04:00,1774228980000,6533.75,False,False,0,0,VWAP_TRIPLE_BEAR,7,7,2.25,2.25,1.25,False,3.7.0
2026-03-22 21:24:00-04:00,1774229040000,6532.25,False,False,0,0,VWAP_TRIPLE_BEAR,6,8,-4.0,2.25,1.25,False,3.7.0
2026-03-22 21:25:00-04:00,1774229100000,6532.0,False,False,0,0,VWAP_TRIPLE_BEAR,8,8,-5.0,2.25,1.25,False,3.7.0
2026-03-22 21:25:59-04:00,1774229159000,6533.5,False,False,0,0,VWAP_TRIPLE_BEAR,7,8,2.25,2.25,1.25,False,3.7.0
2026-03-22 21:27:00-04:00,1774229220000,6533.0,False,False,0,0,VWAP_TRIPLE_BEAR,7,8,2.25,2.25,1.25,False,3.7.0
2026-03-22 21:28:00-04:00,1774229280000,6534.0,False,False,0,0,VWAP_TRIPLE_BEAR,7,7,2.25,2.25,1.25,False,3.7.0
2026-03-22 21:28:59-04:00,1774229339000,6533.25,False,False,0,0,VWAP_TRIPLE_BEAR,8,7,2.25,2.25,1.25,False,3.7.0
2026-03-22 21:30:00-04:00,1774229400000,6528.25,False,False,0,0,VWAP_TRIPLE_BEAR,8,11,2.25,2.25,1.25,False,3.7.0
2026-03-22 21:31:00-04:00,1774229460000,6527.25,False,False,0,0,VWAP_TRIPLE_BEAR,6,9,2.25,2.25,1.25,False,3.7.0
2026-03-22 21:31:59-04:00,1774229519000,6525.0,False,False,0,0,VWAP_TRIPLE_BEAR,7,10,2.25,2.25,1.25,False,3.7.0
2026-03-22 21:33:00-04:00,1774229580000,6524.25,False,False,0,0,VWAP_TRIPLE_BEAR,7,11,2.25,2.25,1.25,False,3.7.0
2026-03-22 21:34:00-04:00,1774229640000,6527.5,False,False,0,0,VWAP_TRIPLE_BEAR,7,8,2.25,2.25,1.25,False,3.7.0
2026-03-22 21:34:59-04:00,1774229699000,6528.0,False,False,0,0,VWAP_TRIPLE_BEAR,7,7,2.25,2.25,1.25,False,3.7.0
2026-03-22 21:36:00-04:00,1774229760000,6532.0,False,False,0,0,VWAP_TRIPLE_BEAR,9,9,2.25,2.25,1.25,False,3.7.0
2026-03-22 21:37:00-04:00,1774229820000,6535.5,False,False,0,0,VWAP_TRIPLE_BEAR,7,8,2.25,2.25,1.25,False,3.7.0
2026-03-22 21:38:00-04:00,1774229880000,6533.5,False,False,0,0,VWAP_TRIPLE_BEAR,7,7,2.25,2.25,1.25,False,3.7.0
2026-03-22 21:38:59-04:00,1774229939000,6533.25,False,False,0,0,VWAP_TRIPLE_BEAR,6,9,2.25,2.25,1.25,False,3.7.0
2026-03-22 21:40:00-04:00,1774230000000,6531.25,False,False,0,0,VWAP_TRIPLE_BEAR,7,8,-4.75,2.25,1.25,False,3.7.0
2026-03-22 21:41:00-04:00,1774230060000,6532.75,False,False,0,0,VWAP_TRIPLE_BEAR,9,8,2.25,2.25,1.25,False,3.7.0
2026-03-22 21:41:59-04:00,1774230119000,6529.75,False,False,0,0,VWAP_TRIPLE_BEAR,9,7,2.25,2.25,1.25,False,3.7.0
2026-03-22 21:43:00-04:00,1774230180000,6530.0,False,False,0,0,VWAP_TRIPLE_BEAR,8,7,2.25,2.25,1.25,False,3.7.0
2026-03-22 21:44:00-04:00,1774230240000,6528.25,False,False,0,0,VWAP_TRIPLE_BEAR,8,7,2.25,2.25,1.25,False,3.7.0
2026-03-22 21:44:59-04:00,1774230299000,6527.0,False,False,0,0,VWAP_TRIPLE_BEAR,5,7,2.25,2.25,1.25,False,3.7.0
2026-03-22 21:46:00-04:00,1774230360000,6526.0,False,False,0,0,VWAP_TRIPLE_BEAR,6,6,2.25,2.25,1.25,False,3.7.0
2026-03-22 21:47:00-04:00,1774230420000,6525.0,False,False,0,0,VWAP_TRIPLE_BEAR,4,9,2.25,2.25,1.25,False,3.7.0
2026-03-22 21:47:59-04:00,1774230479000,6524.25,False,False,0,0,VWAP_TRIPLE_BEAR,4,8,0.25,2.25,1.25,False,3.7.0
2026-03-22 21:49:00-04:00,1774230540000,6523.5,False,False,0,0,VWAP_TRIPLE_BEAR,4,8,1.75,2.25,1.25,False,3.7.0
2026-03-22 21:50:00-04:00,1774230600000,6524.0,False,False,0,0,VWAP_TRIPLE_BEAR,4,6,0.5,2.25,1.25,False,3.7.0
2026-03-22 21:50:59-04:00,1774230659000,6525.5,False,False,0,0,VWAP_TRIPLE_BEAR,6,6,2.25,2.25,1.25,False,3.7.0
2026-03-22 21:52:00-04:00,1774230720000,6521.5,False,False,0,0,VWAP_TRIPLE_BEAR,6,12,2.25,2.25,1.25,False,3.7.0
2026-03-22 21:53:00-04:00,1774230780000,6523.0,False,False,0,0,VWAP_TRIPLE_BEAR,8,8,2.25,2.25,1.25,False,3.7.0
2026-03-22 21:54:00-04:00,1774230840000,6524.0,False,False,0,0,VWAP_TRIPLE_BEAR,6,7,2.25,2.25,1.25,False,3.7.0
2026-03-22 21:54:59-04:00,1774230899000,6527.0,False,False,0,0,VWAP_TRIPLE_BEAR,8,7,2.25,2.25,1.25,False,3.7.0
2026-03-22 21:56:00-04:00,1774230960000,6530.5,False,False,0,0,VWAP_TRIPLE_BEAR,7,5,2.25,2.25,1.25,False,3.7.0
2026-03-22 21:57:00-04:00,1774231020000,6530.5,False,False,0,0,VWAP_TRIPLE_BEAR,4,6,2.25,2.25,1.25,False,3.7.0
2026-03-22 21:57:59-04:00,1774231079000,6528.5,False,False,0,0,VWAP_TRIPLE_BEAR,7,8,-7.5,2.25,1.25,False,3.7.0
2026-03-22 21:59:00-04:00,1774231140000,6530.0,False,False,0,0,VWAP_TRIPLE_BEAR,7,5,2.25,2.25,1.25,False,3.7.0
2026-03-22 22:00:00-04:00,1774231200000,6526.5,False,False,0,0,VWAP_TRIPLE_BEAR,7,8,2.25,2.25,1.25,False,3.7.0
2026-03-22 22:00:59-04:00,1774231259000,6527.25,False,False,0,0,VWAP_TRIPLE_BEAR,9,7,2.25,2.25,1.25,False,3.7.0
2026-03-22 22:02:00-04:00,1774231320000,6526.75,False,False,0,0,VWAP_TRIPLE_BEAR,7,7,2.25,2.25,1.25,False,3.7.0
2026-03-22 22:03:00-04:00,1774231380000,6526.75,False,False,0,0,VWAP_TRIPLE_BEAR,7,7,2.25,2.25,1.25,False,3.7.0
2026-03-22 22:03:59-04:00,1774231439000,6526.0,False,False,0,0,VWAP_TRIPLE_BEAR,7,7,2.25,2.25,1.25,False,3.7.0
2026-03-22 22:05:00-04:00,1774231500000,6523.0,False,False,0,0,VWAP_TRIPLE_BEAR,5,11,2.25,2.25,1.25,False,3.7.0
2026-03-22 22:06:00-04:00,1774231560000,6524.25,False,False,0,0,VWAP_TRIPLE_BEAR,7,8,2.25,2.25,1.25,False,3.7.0
2026-03-22 22:06:59-04:00,1774231619000,6525.75,False,False,0,0,VWAP_TRIPLE_BEAR,10,5,2.25,2.25,1.25,False,3.7.0
2026-03-22 22:08:00-04:00,1774231680000,6524.5,False,False,0,0,VWAP_TRIPLE_BEAR,6,7,-3.5,2.25,1.25,False,3.7.0
2026-03-22 22:09:00-04:00,1774231740000,6525.25,False,False,0,0,VWAP_TRIPLE_BEAR,7,7,-6.0,2.25,1.25,False,3.7.0
2026-03-22 22:10:00-04:00,1774231800000,6524.5,False,False,0,0,VWAP_TRIPLE_BEAR,7,8,-8.5,2.25,1.25,False,3.7.0
2026-03-22 22:10:59-04:00,1774231859000,6526.5,False,False,0,0,VWAP_TRIPLE_BEAR,9,5,2.25,2.25,1.25,False,3.7.0
2026-03-22 22:12:00-04:00,1774231920000,6523.75,False,False,0,0,VWAP_TRIPLE_BEAR,6,8,2.25,2.25,1.25,False,3.7.0
2026-03-22 22:13:00-04:00,1774231980000,6518.75,False,False,0,0,VWAP_TRIPLE_BEAR,4,12,2.25,2.25,1.25,False,3.7.0
2026-03-22 22:13:59-04:00,1774232039000,6522.5,False,False,0,0,VWAP_TRIPLE_BEAR,9,7,-6.5,2.25,1.25,False,3.7.0
2026-03-22 22:15:00-04:00,1774232100000,6524.0,False,False,0,0,VWAP_TRIPLE_BEAR,6,8,2.25,2.25,1.25,False,3.7.0
2026-03-22 22:16:00-04:00,1774232160000,6522.0,False,False,0,0,VWAP_TRIPLE_BEAR,6,10,-8.0,2.25,1.25,False,3.7.0
2026-03-22 22:16:59-04:00,1774232219000,6520.25,False,False,0,0,VWAP_TRIPLE_BEAR,5,10,2.25,2.25,1.25,False,3.7.0
2026-03-22 22:18:00-04:00,1774232280000,6521.0,False,False,0,0,VWAP_TRIPLE_BEAR,6,9,2.25,2.25,1.25,False,3.7.0
2026-03-22 22:19:00-04:00,1774232340000,6521.75,False,False,0,0,VWAP_TRIPLE_BEAR,7,8,-8.0,2.25,1.25,False,3.7.0
2026-03-22 22:19:59-04:00,1774232399000,6520.25,False,False,0,0,VWAP_TRIPLE_BEAR,7,9,2.25,2.25,1.25,False,3.7.0
2026-03-22 22:21:00-04:00,1774232460000,6523.25,False,False,0,0,VWAP_TRIPLE_BEAR,8,8,2.25,2.25,1.25,False,3.7.0
2026-03-22 22:22:00-04:00,1774232520000,6522.0,False,False,0,0,VWAP_TRIPLE_BEAR,9,8,2.25,2.25,1.25,False,3.7.0
2026-03-22 22:23:00-04:00,1774232580000,6521.25,False,False,0,0,VWAP_TRIPLE_BEAR,5,9,-12.5,2.25,1.25,False,3.7.0
2026-03-22 22:23:59-04:00,1774232639000,6522.25,False,False,0,0,VWAP_TRIPLE_BEAR,6,8,2.25,2.25,1.25,False,3.7.0
2026-03-22 22:25:00-04:00,1774232700000,6522.5,False,False,0,0,VWAP_TRIPLE_BEAR,5,8,2.25,2.25,1.25,False,3.7.0
2026-03-22 22:26:00-04:00,1774232760000,6519.75,False,False,0,0,VWAP_TRIPLE_BEAR,4,7,-11.75,2.25,1.25,False,3.7.0
2026-03-22 22:26:59-04:00,1774232819000,6520.5,False,False,0,0,VWAP_TRIPLE_BEAR,4,7,2.25,2.25,1.25,False,3.7.0
2026-03-22 22:28:00-04:00,1774232880000,6521.0,False,False,0,0,VWAP_TRIPLE_BEAR,4,8,2.25,2.25,1.25,False,3.7.0
2026-03-22 22:29:00-04:00,1774232940000,6519.25,False,False,0,0,VWAP_TRIPLE_BEAR,4,7,2.25,2.25,1.25,False,3.7.0
2026-03-22 22:29:59-04:00,1774232999000,6516.0,False,False,0,0,VWAP_TRIPLE_BEAR,6,11,2.25,2.25,1.25,False,3.7.0
2026-03-22 22:31:00-04:00,1774233060000,6519.0,False,False,0,0,VWAP_TRIPLE_BEAR,6,9,2.25,2.25,1.25,False,3.7.0
2026-03-22 22:32:00-04:00,1774233120000,6518.75,False,False,0,0,VWAP_TRIPLE_BEAR,6,8,2.25,2.25,1.25,False,3.7.0
2026-03-22 22:32:59-04:00,1774233179000,6517.0,False,False,0,0,VWAP_TRIPLE_BEAR,6,7,2.25,2.25,1.25,False,3.7.0
2026-03-22 22:34:00-04:00,1774233240000,6516.0,False,False,0,0,VWAP_TRIPLE_BEAR,7,6,-8.0,2.25,1.25,False,3.7.0
2026-03-22 22:35:00-04:00,1774233300000,6517.25,False,False,0,0,VWAP_TRIPLE_BEAR,6,9,2.25,2.25,1.25,False,3.7.0
2026-03-22 22:35:59-04:00,1774233359000,6514.0,False,False,0,0,VWAP_TRIPLE_BEAR,9,12,-15.25,2.25,1.25,False,3.7.0
2026-03-22 22:37:00-04:00,1774233420000,6513.25,False,False,0,0,VWAP_TRIPLE_BEAR,11,6,2.25,2.25,1.25,False,3.7.0
2026-03-22 22:38:00-04:00,1774233480000,6514.5,False,False,0,0,VWAP_TRIPLE_BEAR,12,7,2.25,2.25,1.25,False,3.7.0
2026-03-22 22:39:00-04:00,1774233540000,6513.75,False,False,0,0,VWAP_TRIPLE_BEAR,9,9,-10.0,2.25,1.25,False,3.7.0
2026-03-22 22:39:59-04:00,1774233599000,6515.5,False,False,0,0,VWAP_TRIPLE_BEAR,6,8,2.25,2.25,1.25,False,3.7.0
2026-03-22 22:41:00-04:00,1774233660000,6515.5,False,False,0,0,VWAP_TRIPLE_BEAR,6,7,2.25,2.25,1.25,False,3.7.0
2026-03-22 22:42:00-04:00,1774233720000,6510.0,False,False,0,0,VWAP_TRIPLE_BEAR,6,11,2.25,2.25,1.25,False,3.7.0
2026-03-22 22:42:59-04:00,1774233779000,6508.75,False,False,0,0,VWAP_TRIPLE_BEAR,7,8,2.25,2.25,1.25,False,3.7.0
2026-03-22 22:44:00-04:00,1774233840000,6507.0,False,False,0,0,VWAP_TRIPLE_BEAR,6,7,2.25,2.25,1.25,False,3.7.0
2026-03-22 22:45:00-04:00,1774233900000,6508.25,False,False,0,0,VWAP_TRIPLE_BEAR,10,7,-0.5,2.25,1.25,False,3.7.0
2026-03-22 22:45:59-04:00,1774233959000,6508.0,False,False,0,0,VWAP_TRIPLE_BEAR,8,6,0.5,2.25,1.25,False,3.7.0
2026-03-22 22:47:00-04:00,1774234020000,6507.5,False,False,0,0,VWAP_TRIPLE_BEAR,7,6,6.0,2.25,1.25,False,3.7.0
2026-03-22 22:48:00-04:00,1774234080000,6507.25,False,False,0,0,VWAP_TRIPLE_BEAR,8,6,2.25,2.25,1.25,False,3.7.0
2026-03-22 22:48:59-04:00,1774234139000,6508.75,False,False,0,0,VWAP_TRIPLE_BEAR,9,6,2.25,2.25,1.25,False,3.7.0
2026-03-22 22:50:00-04:00,1774234200000,6509.0,False,False,0,0,VWAP_TRIPLE_BEAR,7,7,2.25,2.25,1.25,False,3.7.0
2026-03-22 22:51:00-04:00,1774234260000,6509.5,False,False,0,0,VWAP_TRIPLE_BEAR,7,8,2.25,2.25,1.25,False,3.7.0
2026-03-22 22:51:59-04:00,1774234319000,6509.5,False,False,0,0,VWAP_TRIPLE_BEAR,8,7,2.25,2.25,1.25,False,3.7.0
2026-03-22 22:53:00-04:00,1774234380000,6507.5,False,False,0,0,VWAP_TRIPLE_BEAR,8,7,2.25,2.25,1.25,False,3.7.0
2026-03-22 22:54:00-04:00,1774234440000,6508.0,False,False,0,0,VWAP_TRIPLE_BEAR,8,8,2.25,2.25,1.25,False,3.7.0
2026-03-22 22:55:00-04:00,1774234500000,6504.0,False,False,0,0,VWAP_TRIPLE_BEAR,8,13,2.25,2.25,1.25,False,3.7.0
2026-03-22 22:55:59-04:00,1774234559000,6498.75,False,False,0,0,VWAP_TRIPLE_BEAR,8,11,9.25,2.25,1.25,False,3.7.0
2026-03-22 22:57:00-04:00,1774234620000,6497.5,False,False,0,0,VWAP_TRIPLE_BEAR,7,7,2.25,2.25,1.25,False,3.7.0
2026-03-22 22:58:00-04:00,1774234680000,6501.25,False,False,0,0,VWAP_TRIPLE_BEAR,12,8,2.25,2.25,1.25,False,3.7.0
2026-03-22 22:58:59-04:00,1774234739000,6503.75,False,False,0,0,VWAP_TRIPLE_BEAR,9,8,2.25,2.25,1.25,False,3.7.0
2026-03-22 23:00:00-04:00,1774234800000,6503.25,False,False,0,0,VWAP_TRIPLE_BEAR,10,8,2.25,2.25,1.25,False,3.7.0
2026-03-22 23:01:00-04:00,1774234860000,6502.75,False,False,0,0,VWAP_TRIPLE_BEAR,8,9,2.25,2.25,1.25,False,3.7.0
2026-03-22 23:01:59-04:00,1774234919000,6500.0,False,False,0,0,VWAP_TRIPLE_BEAR,9,9,2.25,2.25,1.25,False,3.7.0
2026-03-22 23:03:00-04:00,1774234980000,6502.5,False,False,0,0,VWAP_TRIPLE_BEAR,9,9,2.25,2.25,1.25,False,3.7.0
2026-03-22 23:04:00-04:00,1774235040000,6505.5,False,False,0,0,VWAP_TRIPLE_BEAR,8,7,2.25,2.25,1.25,False,3.7.0
2026-03-22 23:04:59-04:00,1774235099000,6507.75,False,False,0,0,VWAP_TRIPLE_BEAR,8,7,2.25,2.25,1.25,False,3.7.0
2026-03-22 23:06:00-04:00,1774235160000,6508.5,False,False,0,0,VWAP_TRIPLE_BEAR,10,7,2.25,2.25,1.25,False,3.7.0
2026-03-22 23:07:00-04:00,1774235220000,6513.5,False,False,0,0,VWAP_TRIPLE_BEAR,10,7,2.25,2.25,1.25,False,3.7.0
2026-03-22 23:08:00-04:00,1774235280000,6512.5,False,False,0,0,VWAP_TRIPLE_BEAR,10,7,-22.25,2.25,1.25,False,3.7.0
2026-03-22 23:08:59-04:00,1774235339000,6511.0,False,False,0,0,VWAP_TRIPLE_BEAR,10,6,2.25,2.25,1.25,False,3.7.0
2026-03-22 23:10:00-04:00,1774235400000,6513.5,False,False,0,0,VWAP_TRIPLE_BEAR,10,6,2.25,2.25,1.25,False,3.7.0
2026-03-22 23:11:00-04:00,1774235460000,6516.75,False,False,0,0,VWAP_TRIPLE_BEAR,9,7,2.25,2.25,1.25,False,3.7.0
2026-03-22 23:11:59-04:00,1774235519000,6513.75,False,False,0,0,VWAP_TRIPLE_BEAR,8,9,2.25,2.25,1.25,False,3.7.0
2026-03-22 23:13:00-04:00,1774235580000,6511.0,False,False,0,0,VWAP_TRIPLE_BEAR,9,9,-20.25,2.25,1.25,False,3.7.0
2026-03-22 23:14:00-04:00,1774235640000,6512.75,False,False,0,0,VWAP_TRIPLE_BEAR,10,7,2.25,2.25,1.25,False,3.7.0
2026-03-22 23:14:59-04:00,1774235699000,6509.25,False,False,0,0,VWAP_TRIPLE_BEAR,8,11,2.25,2.25,1.25,False,3.7.0
2026-03-22 23:16:00-04:00,1774235760000,6508.0,False,False,0,0,VWAP_TRIPLE_BEAR,8,9,-16.5,2.25,1.25,False,3.7.0
2026-03-22 23:17:00-04:00,1774235820000,6509.75,False,False,0,0,VWAP_TRIPLE_BEAR,10,9,2.25,2.25,1.25,False,3.7.0
2026-03-22 23:17:59-04:00,1774235879000,6508.25,False,False,0,0,VWAP_TRIPLE_BEAR,9,8,2.25,2.25,1.25,False,3.7.0
2026-03-22 23:19:00-04:00,1774235940000,6508.25,False,False,0,0,VWAP_TRIPLE_BEAR,9,7,2.25,2.25,1.25,False,3.7.0
2026-03-22 23:20:00-04:00,1774236000000,6504.5,False,False,0,0,VWAP_TRIPLE_BEAR,9,10,2.25,2.25,1.25,False,3.7.0
2026-03-22 23:20:59-04:00,1774236059000,6504.5,False,False,0,0,VWAP_TRIPLE_BEAR,9,8,2.25,2.25,1.25,False,3.7.0
2026-03-22 23:22:00-04:00,1774236120000,6496.5,False,False,0,0,VWAP_TRIPLE_BEAR,7,11,2.25,2.25,1.25,False,3.7.0
2026-03-22 23:23:00-04:00,1774236180000,6494.0,False,False,0,0,VWAP_TRIPLE_BEAR,7,10,2.25,2.25,1.25,False,3.7.0
2026-03-22 23:24:00-04:00,1774236240000,6489.25,False,False,0,0,VWAP_TRIPLE_BEAR,7,9,2.25,2.25,1.25,False,3.7.0
2026-03-22 23:24:59-04:00,1774236299000,6490.75,False,False,0,0,VWAP_TRIPLE_BEAR,7,7,2.25,2.25,1.25,False,3.7.0
2026-03-22 23:26:00-04:00,1774236360000,6491.25,False,False,0,0,VWAP_TRIPLE_BEAR,7,7,2.25,2.25,1.25,False,3.7.0
2026-03-22 23:27:00-04:00,1774236420000,6491.5,False,False,0,0,VWAP_TRIPLE_BEAR,7,8,12.5,2.25,1.25,False,3.7.0
2026-03-22 23:27:59-04:00,1774236479000,6490.25,False,False,0,0,VWAP_TRIPLE_BEAR,9,12,2.25,2.25,1.25,False,3.7.0
2026-03-22 23:29:00-04:00,1774236540000,6490.25,False,False,0,0,VWAP_TRIPLE_BEAR,8,8,2.25,2.25,1.25,False,3.7.0
2026-03-22 23:30:00-04:00,1774236600000,6493.0,False,False,0,0,VWAP_TRIPLE_BEAR,7,8,2.25,2.25,1.25,False,3.7.0
2026-03-22 23:30:59-04:00,1774236659000,6496.5,False,False,0,0,VWAP_TRIPLE_BEAR,9,8,2.25,2.25,1.25,False,3.7.0
2026-03-22 23:32:00-04:00,1774236720000,6492.25,False,False,0,0,VWAP_TRIPLE_BEAR,8,7,6.0,2.25,1.25,False,3.7.0
2026-03-22 23:33:00-04:00,1774236780000,6490.75,False,False,0,0,VWAP_TRIPLE_BEAR,8,8,2.25,2.25,1.25,False,3.7.0
2026-03-22 23:33:59-04:00,1774236839000,6490.25,False,False,0,0,VWAP_TRIPLE_BEAR,9,7,2.25,2.25,1.25,False,3.7.0
2026-03-22 23:35:00-04:00,1774236900000,6490.25,False,False,0,0,VWAP_TRIPLE_BEAR,8,8,2.25,2.25,1.25,False,3.7.0
2026-03-22 23:36:00-04:00,1774236960000,6491.5,False,False,0,0,VWAP_TRIPLE_BEAR,8,7,2.25,2.25,1.25,False,3.7.0
2026-03-22 23:36:59-04:00,1774237019000,6492.0,False,False,0,0,VWAP_TRIPLE_BEAR,7,8,2.25,2.25,1.25,False,3.7.0
2026-03-22 23:38:00-04:00,1774237080000,6495.0,False,False,0,0,VWAP_TRIPLE_BEAR,6,9,2.25,2.25,1.25,False,3.7.0
2026-03-22 23:39:00-04:00,1774237140000,6491.25,False,False,0,0,VWAP_TRIPLE_BEAR,7,8,6.5,2.25,1.25,False,3.7.0
2026-03-22 23:40:00-04:00,1774237200000,6490.25,False,False,0,0,VWAP_TRIPLE_BEAR,6,8,2.25,2.25,1.25,False,3.7.0
2026-03-22 23:40:59-04:00,1774237259000,6491.0,False,False,0,0,VWAP_TRIPLE_BEAR,7,7,10.75,2.25,1.25,False,3.7.0
2026-03-22 23:42:00-04:00,1774237320000,6489.5,False,False,0,0,VWAP_TRIPLE_BEAR,6,8,2.25,2.25,1.25,False,3.7.0
2026-03-22 23:43:00-04:00,1774237380000,6491.75,False,False,0,0,VWAP_TRIPLE_BEAR,6,9,2.25,2.25,1.25,False,3.7.0
2026-03-22 23:43:59-04:00,1774237439000,6496.75,False,False,0,0,VWAP_TRIPLE_BEAR,7,8,2.25,2.25,1.25,False,3.7.0
2026-03-22 23:45:00-04:00,1774237500000,6502.0,False,False,0,0,VWAP_TRIPLE_BEAR,9,7,2.25,2.25,1.25,False,3.7.0
2026-03-22 23:46:00-04:00,1774237560000,6504.0,False,False,0,0,VWAP_TRIPLE_BEAR,8,8,4.5,2.25,1.25,False,3.7.0
2026-03-22 23:46:59-04:00,1774237619000,6504.0,False,False,0,0,VWAP_TRIPLE_BEAR,9,9,6.0,2.25,1.25,False,3.7.0
2026-03-22 23:48:00-04:00,1774237680000,6505.25,False,False,0,0,VWAP_TRIPLE_BEAR,8,8,2.25,2.25,1.25,False,3.7.0
2026-03-22 23:49:00-04:00,1774237740000,6502.25,False,False,0,0,VWAP_TRIPLE_BEAR,8,9,2.25,2.25,1.25,False,3.7.0
2026-03-22 23:49:59-04:00,1774237799000,6499.5,False,False,0,0,VWAP_TRIPLE_BEAR,7,8,6.25,2.25,1.25,False,3.7.0
2026-03-22 23:51:00-04:00,1774237860000,6500.75,False,False,0,0,VWAP_TRIPLE_BEAR,8,8,2.25,2.25,1.25,False,3.7.0
2026-03-22 23:52:00-04:00,1774237920000,6498.25,False,False,0,0,VWAP_TRIPLE_BEAR,6,8,2.25,2.25,1.25,False,3.7.0
2026-03-22 23:53:00-04:00,1774237980000,6495.75,False,False,0,0,VWAP_TRIPLE_BEAR,5,10,2.25,2.25,1.25,False,3.7.0
2026-03-22 23:53:59-04:00,1774238039000,6497.0,False,False,0,0,VWAP_TRIPLE_BEAR,8,7,17.0,2.25,1.25,False,3.7.0
2026-03-22 23:55:00-04:00,1774238100000,6496.75,False,False,0,0,VWAP_TRIPLE_BEAR,7,9,2.25,2.25,1.25,False,3.7.0
2026-03-22 23:56:00-04:00,1774238160000,6499.0,False,False,0,0,VWAP_TRIPLE_BEAR,9,10,2.25,2.25,1.25,False,3.7.0
2026-03-22 23:56:59-04:00,1774238219000,6495.25,False,False,0,0,VWAP_TRIPLE_BEAR,6,9,2.25,2.25,1.25,False,3.7.0
2026-03-22 23:58:00-04:00,1774238280000,6495.5,False,False,0,0,VWAP_TRIPLE_BEAR,7,7,2.25,2.25,1.25,False,3.7.0
2026-03-22 23:59:00-04:00,1774238340000,6497.75,False,False,0,0,VWAP_TRIPLE_BEAR,8,7,2.25,2.25,1.25,False,3.7.0
2026-03-22 23:59:59-04:00,1774238399000,6505.0,False,False,0,0,VWAP_TRIPLE_BEAR,10,10,2.25,2.25,1.25,False,3.7.0
2026-03-23 00:01:00-04:00,1774238460000,6501.75,False,False,0,0,VWAP_TRIPLE_BEAR,9,8,2.25,2.25,1.25,False,3.7.0
2026-03-23 00:02:00-04:00,1774238520000,6507.0,False,False,0,0,VWAP_TRIPLE_BEAR,10,8,8.5,2.25,1.25,False,3.7.0
2026-03-23 00:02:59-04:00,1774238579000,6506.0,False,False,0,0,VWAP_TRIPLE_BEAR,9,7,2.25,2.25,1.25,False,3.7.0
2026-03-23 00:04:00-04:00,1774238640000,6505.5,False,False,0,0,VWAP_TRIPLE_BEAR,8,10,2.25,2.25,1.25,False,3.7.0
2026-03-23 00:05:00-04:00,1774238700000,6505.75,False,False,0,0,VWAP_TRIPLE_BEAR,9,8,2.25,2.25,1.25,False,3.7.0
2026-03-23 00:05:59-04:00,1774238759000,6508.5,False,False,0,0,VWAP_TRIPLE_BEAR,7,8,4.25,2.25,1.25,False,3.7.0
2026-03-23 00:07:00-04:00,1774238820000,6510.0,False,False,0,0,VWAP_TRIPLE_BEAR,10,8,2.25,2.25,1.25,False,3.7.0
2026-03-23 00:08:00-04:00,1774238880000,6508.5,False,False,0,0,VWAP_TRIPLE_BEAR,8,9,2.25,2.25,1.25,False,3.7.0
2026-03-23 00:09:00-04:00,1774238940000,6507.25,False,False,0,0,VWAP_TRIPLE_BEAR,9,7,1.75,2.25,1.25,False,3.7.0
2026-03-23 00:09:59-04:00,1774238999000,6505.75,False,False,0,0,VWAP_TRIPLE_BEAR,10,8,2.25,2.25,1.25,False,3.7.0
2026-03-23 00:11:00-04:00,1774239060000,6508.5,False,False,0,0,VWAP_TRIPLE_BEAR,7,8,2.25,2.25,1.25,False,3.7.0
2026-03-23 00:12:00-04:00,1774239120000,6509.25,False,False,0,0,VWAP_TRIPLE_BEAR,8,8,2.25,2.25,1.25,False,3.7.0
2026-03-23 00:12:59-04:00,1774239179000,6510.5,False,False,0,0,VWAP_TRIPLE_BEAR,8,8,2.25,2.25,1.25,False,3.7.0
2026-03-23 00:14:00-04:00,1774239240000,6514.0,False,False,0,0,VWAP_TRIPLE_BEAR,9,8,2.25,2.25,1.25,False,3.7.0
2026-03-23 00:15:00-04:00,1774239300000,6514.0,False,False,0,0,VWAP_TRIPLE_BEAR,8,7,2.25,2.25,1.25,False,3.7.0
2026-03-23 00:15:59-04:00,1774239359000,6510.75,False,False,0,0,VWAP_TRIPLE_BEAR,8,10,7.25,2.25,1.25,False,3.7.0
2026-03-23 00:17:00-04:00,1774239420000,6509.75,False,False,0,0,VWAP_TRIPLE_BEAR,7,7,2.25,2.25,1.25,False,3.7.0
2026-03-23 00:18:00-04:00,1774239480000,6509.0,False,False,0,0,VWAP_TRIPLE_BEAR,8,8,2.25,2.25,1.25,False,3.7.0
2026-03-23 00:18:59-04:00,1774239539000,6512.0,False,False,0,0,VWAP_TRIPLE_BEAR,9,8,4.5,2.25,1.25,False,3.7.0
2026-03-23 00:20:00-04:00,1774239600000,6513.25,False,False,0,0,VWAP_TRIPLE_BEAR,8,8,2.25,2.25,1.25,False,3.7.0
2026-03-23 00:21:00-04:00,1774239660000,6510.5,False,False,0,0,VWAP_TRIPLE_BEAR,9,8,2.25,2.25,1.25,False,3.7.0
2026-03-23 00:21:59-04:00,1774239719000,6515.5,False,False,0,0,VWAP_TRIPLE_BEAR,8,7,2.25,2.25,1.25,False,3.7.0
2026-03-23 00:23:00-04:00,1774239780000,6512.75,False,False,0,0,VWAP_TRIPLE_BEAR,9,8,2.25,2.25,1.25,False,3.7.0
2026-03-23 00:24:00-04:00,1774239840000,6510.5,False,False,0,0,VWAP_TRIPLE_BEAR,8,7,2.25,2.25,1.25,False,3.7.0
2026-03-23 00:25:00-04:00,1774239900000,6511.25,False,False,0,0,VWAP_TRIPLE_BEAR,8,8,2.25,2.25,1.25,False,3.7.0
2026-03-23 00:25:59-04:00,1774239959000,6512.75,False,False,0,0,VWAP_TRIPLE_BEAR,9,6,2.25,2.25,1.25,False,3.7.0
2026-03-23 00:27:00-04:00,1774240020000,6513.75,False,False,0,0,VWAP_TRIPLE_BEAR,10,6,2.25,2.25,1.25,False,3.7.0
2026-03-23 00:28:00-04:00,1774240080000,6511.5,False,False,0,0,VWAP_TRIPLE_BEAR,10,7,2.25,2.25,1.25,False,3.7.0
2026-03-23 00:28:59-04:00,1774240139000,6509.0,False,False,0,0,VWAP_TRIPLE_BEAR,8,9,2.25,2.25,1.25,False,3.7.0
2026-03-23 00:30:00-04:00,1774240200000,6511.75,False,False,0,0,VWAP_TRIPLE_BEAR,9,9,2.25,2.25,1.25,False,3.7.0
2026-03-23 00:31:00-04:00,1774240260000,6516.75,False,False,0,0,VWAP_TRIPLE_BEAR,8,8,2.25,2.25,1.25,False,3.7.0
2026-03-23 00:31:59-04:00,1774240319000,6519.5,False,False,0,0,VWAP_TRIPLE_BEAR,10,9,2.25,2.25,1.25,False,3.7.0
2026-03-23 00:33:00-04:00,1774240380000,6519.25,False,False,0,0,VWAP_TRIPLE_BEAR,7,9,2.25,2.25,1.25,False,3.7.0
2026-03-23 00:34:00-04:00,1774240440000,6518.25,False,False,0,0,VWAP_TRIPLE_BEAR,6,8,2.25,2.25,1.25,False,3.7.0
2026-03-23 00:34:59-04:00,1774240499000,6515.5,False,False,0,0,VWAP_TRIPLE_BEAR,7,7,2.25,2.25,1.25,False,3.7.0
2026-03-23 00:36:00-04:00,1774240560000,6518.0,False,False,0,0,VWAP_TRIPLE_BEAR,7,7,2.25,2.25,1.25,False,3.7.0
2026-03-23 00:37:00-04:00,1774240620000,6517.5,False,False,0,0,VWAP_TRIPLE_BEAR,7,8,2.25,2.25,1.25,False,3.7.0
2026-03-23 00:38:00-04:00,1774240680000,6514.5,False,False,0,0,VWAP_TRIPLE_BEAR,7,7,2.25,2.25,1.25,False,3.7.0
2026-03-23 00:38:59-04:00,1774240739000,6516.5,False,False,0,0,VWAP_TRIPLE_BEAR,7,8,2.25,2.25,1.25,False,3.7.0
2026-03-23 00:40:00-04:00,1774240800000,6519.75,False,False,0,0,VWAP_TRIPLE_BEAR,6,7,2.25,2.25,1.25,False,3.7.0
2026-03-23 00:41:00-04:00,1774240860000,6519.0,False,False,0,0,VWAP_TRIPLE_BEAR,8,7,2.25,2.25,1.25,False,3.7.0
2026-03-23 00:41:59-04:00,1774240919000,6516.0,False,False,0,0,VWAP_TRIPLE_BEAR,9,6,-4.5,2.25,1.25,False,3.7.0
2026-03-23 00:43:00-04:00,1774240980000,6514.25,False,False,0,0,VWAP_TRIPLE_BEAR,6,8,2.25,2.25,1.25,False,3.7.0
2026-03-23 00:44:00-04:00,1774241040000,6515.25,False,False,0,0,VWAP_TRIPLE_BEAR,6,7,2.25,2.25,1.25,False,3.7.0
2026-03-23 00:44:59-04:00,1774241099000,6517.5,False,False,0,0,VWAP_TRIPLE_BEAR,9,6,2.25,2.25,1.25,False,3.7.0
2026-03-23 00:46:00-04:00,1774241160000,6519.25,False,False,0,0,VWAP_TRIPLE_BEAR,6,6,2.25,2.25,1.25,False,3.7.0
2026-03-23 00:47:00-04:00,1774241220000,6523.25,False,False,0,0,VWAP_TRIPLE_BEAR,9,8,2.25,2.25,1.25,False,3.7.0
2026-03-23 00:47:59-04:00,1774241279000,6523.0,False,False,0,0,VWAP_TRIPLE_BEAR,7,8,2.25,2.25,1.25,False,3.7.0
2026-03-23 00:49:00-04:00,1774241340000,6519.75,False,False,0,0,VWAP_TRIPLE_BEAR,6,6,2.25,2.25,1.25,False,3.7.0
2026-03-23 00:50:00-04:00,1774241400000,6519.75,False,False,0,0,VWAP_TRIPLE_BEAR,7,7,2.25,2.25,1.25,False,3.7.0
2026-03-23 00:50:59-04:00,1774241459000,6521.75,False,False,0,0,VWAP_TRIPLE_BEAR,7,8,2.25,2.25,1.25,False,3.7.0
2026-03-23 00:52:00-04:00,1774241520000,6520.75,False,False,0,0,VWAP_TRIPLE_BEAR,6,10,0.0,2.25,1.25,False,3.7.0
2026-03-23 00:53:00-04:00,1774241580000,6522.75,False,False,0,0,VWAP_TRIPLE_BEAR,7,9,2.25,2.25,1.25,False,3.7.0
2026-03-23 00:54:00-04:00,1774241640000,6520.25,False,False,0,0,VWAP_TRIPLE_BEAR,8,8,2.25,2.25,1.25,False,3.7.0
2026-03-23 00:54:59-04:00,1774241699000,6515.25,False,False,0,0,VWAP_TRIPLE_BEAR,6,8,2.25,2.25,1.25,False,3.7.0
2026-03-23 00:56:00-04:00,1774241760000,6517.0,False,False,0,0,VWAP_TRIPLE_BEAR,6,7,2.25,2.25,1.25,False,3.7.0
2026-03-23 00:57:00-04:00,1774241820000,6521.0,False,False,0,0,VWAP_TRIPLE_BEAR,5,7,2.25,2.25,1.25,False,3.7.0
2026-03-23 00:57:59-04:00,1774241879000,6521.0,False,False,0,0,VWAP_TRIPLE_BEAR,5,8,2.25,2.25,1.25,False,3.7.0
2026-03-23 00:59:00-04:00,1774241940000,6518.75,False,False,0,0,VWAP_TRIPLE_BEAR,6,7,2.25,2.25,1.25,False,3.7.0
2026-03-23 01:00:00-04:00,1774242000000,6517.0,False,False,0,0,VWAP_TRIPLE_BEAR,5,7,2.25,2.25,1.25,False,3.7.0
2026-03-23 01:00:59-04:00,1774242059000,6513.75,False,False,0,0,VWAP_TRIPLE_BEAR,7,10,2.25,2.25,1.25,False,3.7.0
2026-03-23 01:02:00-04:00,1774242120000,6511.5,False,False,0,0,VWAP_TRIPLE_BEAR,9,8,2.25,2.25,1.25,False,3.7.0
2026-03-23 01:03:00-04:00,1774242180000,6510.75,False,False,0,0,VWAP_TRIPLE_BEAR,12,10,2.25,2.25,1.25,False,3.7.0
2026-03-23 01:03:59-04:00,1774242239000,6514.25,False,False,0,0,VWAP_TRIPLE_BEAR,8,8,2.25,2.25,1.25,False,3.7.0
2026-03-23 01:05:00-04:00,1774242300000,6514.5,False,False,0,0,VWAP_TRIPLE_BEAR,8,8,2.25,2.25,1.25,False,3.7.0
2026-03-23 01:06:00-04:00,1774242360000,6518.0,False,False,0,0,VWAP_TRIPLE_BEAR,6,7,2.25,2.25,1.25,False,3.7.0
2026-03-23 01:06:59-04:00,1774242419000,6522.0,False,False,0,0,VWAP_TRIPLE_BEAR,9,7,2.25,2.25,1.25,False,3.7.0
2026-03-23 01:08:00-04:00,1774242480000,6518.0,False,False,0,0,VWAP_TRIPLE_BEAR,6,7,2.25,2.25,1.25,False,3.7.0
2026-03-23 01:09:00-04:00,1774242540000,6520.25,False,False,0,0,VWAP_TRIPLE_BEAR,8,6,-1.75,2.25,1.25,False,3.7.0
2026-03-23 01:10:00-04:00,1774242600000,6520.0,False,False,0,0,VWAP_TRIPLE_BEAR,7,5,-3.5,2.25,1.25,False,3.7.0
2026-03-23 01:10:59-04:00,1774242659000,6521.0,False,False,0,0,VWAP_TRIPLE_BEAR,7,7,2.25,2.25,1.25,False,3.7.0
2026-03-23 01:12:00-04:00,1774242720000,6520.75,False,False,0,0,VWAP_TRIPLE_BEAR,7,7,2.25,2.25,1.25,False,3.7.0
2026-03-23 01:13:00-04:00,1774242780000,6519.5,False,False,0,0,VWAP_TRIPLE_BEAR,7,8,-10.75,2.25,1.25,False,3.7.0
2026-03-23 01:13:59-04:00,1774242839000,6519.5,False,False,0,0,VWAP_TRIPLE_BEAR,7,5,-14.5,2.25,1.25,False,3.7.0
2026-03-23 01:15:00-04:00,1774242900000,6518.25,False,False,0,0,VWAP_TRIPLE_BEAR,6,7,2.25,2.25,1.25,False,3.7.0
2026-03-23 01:16:00-04:00,1774242960000,6521.25,False,False,0,0,VWAP_TRIPLE_BEAR,5,7,2.25,2.25,1.25,False,3.7.0
2026-03-23 01:16:59-04:00,1774243019000,6520.0,False,False,0,0,VWAP_TRIPLE_BEAR,7,5,-20.25,2.25,1.25,False,3.7.0
2026-03-23 01:18:00-04:00,1774243080000,6518.5,False,False,0,0,VWAP_TRIPLE_BEAR,6,6,2.25,2.25,1.25,False,3.7.0
2026-03-23 01:19:00-04:00,1774243140000,6519.0,False,False,0,0,VWAP_TRIPLE_BEAR,7,5,2.25,2.25,1.25,False,3.7.0
2026-03-23 01:19:59-04:00,1774243199000,6522.0,False,False,0,0,VWAP_TRIPLE_BEAR,7,7,2.25,2.25,1.25,False,3.7.0
2026-03-23 01:21:00-04:00,1774243260000,6527.0,False,False,0,0,VWAP_TRIPLE_BEAR,10,6,2.25,2.25,1.25,False,3.7.0
2026-03-23 01:22:00-04:00,1774243320000,6526.25,False,False,0,0,VWAP_TRIPLE_BEAR,7,6,2.25,2.25,1.25,False,3.7.0
2026-03-23 01:23:00-04:00,1774243380000,6524.0,False,False,0,0,VWAP_TRIPLE_BEAR,7,8,2.25,2.25,1.25,False,3.7.0
2026-03-23 01:23:59-04:00,1774243439000,6518.0,False,False,0,0,VWAP_TRIPLE_BEAR,6,7,2.25,2.25,1.25,False,3.7.0
2026-03-23 01:25:00-04:00,1774243500000,6516.25,False,False,0,0,VWAP_TRIPLE_BEAR,6,7,2.25,2.25,1.25,False,3.7.0
2026-03-23 01:26:00-04:00,1774243560000,6518.0,False,False,0,0,VWAP_TRIPLE_BEAR,6,6,2.25,2.25,1.25,False,3.7.0
2026-03-23 01:26:59-04:00,1774243619000,6519.0,False,False,0,0,VWAP_TRIPLE_BEAR,7,6,2.25,2.25,1.25,False,3.7.0
2026-03-23 01:28:00-04:00,1774243680000,6518.75,False,False,0,0,VWAP_TRIPLE_BEAR,6,6,2.25,2.25,1.25,False,3.7.0
2026-03-23 01:29:00-04:00,1774243740000,6518.5,False,False,0,0,VWAP_TRIPLE_BEAR,7,7,2.25,2.25,1.25,False,3.7.0
2026-03-23 01:29:59-04:00,1774243799000,6516.5,False,False,0,0,VWAP_TRIPLE_BEAR,5,6,2.25,2.25,1.25,False,3.7.0
2026-03-23 01:31:00-04:00,1774243860000,6515.0,False,False,0,0,VWAP_TRIPLE_BEAR,5,8,2.25,2.25,1.25,False,3.7.0
2026-03-23 01:32:00-04:00,1774243920000,6513.5,False,False,0,0,VWAP_TRIPLE_BEAR,8,7,2.25,2.25,1.25,False,3.7.0
2026-03-23 01:32:59-04:00,1774243979000,6508.75,False,False,0,0,VWAP_TRIPLE_BEAR,7,9,2.25,2.25,1.25,False,3.7.0
2026-03-23 01:34:00-04:00,1774244040000,6505.0,False,False,0,0,VWAP_TRIPLE_BEAR,7,8,2.25,2.25,1.25,False,3.7.0
2026-03-23 01:35:00-04:00,1774244100000,6501.75,False,False,0,0,VWAP_TRIPLE_BEAR,8,9,0.25,2.25,1.25,False,3.7.0
2026-03-23 01:35:59-04:00,1774244159000,6500.25,False,False,0,0,VWAP_TRIPLE_BEAR,8,9,2.25,2.25,1.25,False,3.7.0
2026-03-23 01:37:00-04:00,1774244220000,6499.75,False,False,0,0,VWAP_TRIPLE_BEAR,6,6,2.25,2.25,1.25,False,3.7.0
2026-03-23 01:38:00-04:00,1774244280000,6502.0,False,False,0,0,VWAP_TRIPLE_BEAR,8,7,2.25,2.25,1.25,False,3.7.0
2026-03-23 01:39:00-04:00,1774244340000,6503.5,False,False,0,0,VWAP_TRIPLE_BEAR,7,7,2.25,2.25,1.25,False,3.7.0
2026-03-23 01:39:59-04:00,1774244399000,6504.25,False,False,0,0,VWAP_TRIPLE_BEAR,7,7,2.25,2.25,1.25,False,3.7.0
2026-03-23 01:41:00-04:00,1774244460000,6507.0,False,False,0,0,VWAP_TRIPLE_BEAR,8,6,2.25,2.25,1.25,False,3.7.0
2026-03-23 01:42:00-04:00,1774244520000,6503.75,False,False,0,0,VWAP_TRIPLE_BEAR,6,7,2.25,2.25,1.25,False,3.7.0
2026-03-23 01:42:59-04:00,1774244579000,6503.0,False,False,0,0,VWAP_TRIPLE_BEAR,8,7,2.25,2.25,1.25,False,3.7.0
2026-03-23 01:44:00-04:00,1774244640000,6505.0,False,False,0,0,VWAP_TRIPLE_BEAR,8,6,2.25,2.25,1.25,False,3.7.0
2026-03-23 01:45:00-04:00,1774244700000,6504.5,False,False,0,0,VWAP_TRIPLE_BEAR,8,6,2.25,2.25,1.25,False,3.7.0
2026-03-23 01:45:59-04:00,1774244759000,6507.0,False,False,0,0,VWAP_TRIPLE_BEAR,10,7,2.25,2.25,1.25,False,3.7.0
2026-03-23 01:47:00-04:00,1774244820000,6507.75,False,False,0,0,VWAP_TRIPLE_BEAR,9,9,2.25,2.25,1.25,False,3.7.0
2026-03-23 01:48:00-04:00,1774244880000,6505.75,False,False,0,0,VWAP_TRIPLE_BEAR,8,7,2.25,2.25,1.25,False,3.7.0
2026-03-23 01:48:59-04:00,1774244939000,6505.25,False,False,0,0,VWAP_TRIPLE_BEAR,8,8,2.25,2.25,1.25,False,3.7.0
2026-03-23 01:50:00-04:00,1774245000000,6504.75,False,False,0,0,VWAP_TRIPLE_BEAR,6,7,2.25,2.25,1.25,False,3.7.0
2026-03-23 01:51:00-04:00,1774245060000,6503.75,False,False,0,0,VWAP_TRIPLE_BEAR,5,7,12.25,2.25,1.25,False,3.7.0
2026-03-23 01:51:59-04:00,1774245119000,6503.5,False,False,0,0,VWAP_TRIPLE_BEAR,7,7,10.0,2.25,1.25,False,3.7.0
2026-03-23 01:53:00-04:00,1774245180000,6504.0,False,False,0,0,VWAP_TRIPLE_BEAR,6,7,6.0,2.25,1.25,False,3.7.0
2026-03-23 01:54:00-04:00,1774245240000,6502.0,False,False,0,0,VWAP_TRIPLE_BEAR,6,10,2.25,2.25,1.25,False,3.7.0
2026-03-23 01:55:00-04:00,1774245300000,6502.0,False,False,0,0,VWAP_TRIPLE_BEAR,6,7,2.25,2.25,1.25,False,3.7.0
2026-03-23 01:55:59-04:00,1774245359000,6503.0,False,False,0,0,VWAP_TRIPLE_BEAR,7,6,2.25,2.25,1.25,False,3.7.0
2026-03-23 01:57:00-04:00,1774245420000,6502.75,False,False,0,0,VWAP_TRIPLE_BEAR,6,6,2.25,2.25,1.25,False,3.7.0
2026-03-23 01:58:00-04:00,1774245480000,6503.5,False,False,0,0,VWAP_TRIPLE_BEAR,7,7,2.25,2.25,1.25,False,3.7.0
2026-03-23 01:58:59-04:00,1774245539000,6506.25,False,False,0,0,VWAP_TRIPLE_BEAR,8,6,2.25,2.25,1.25,False,3.7.0
2026-03-23 02:00:00-04:00,1774245600000,6505.75,False,False,0,0,VWAP_TRIPLE_BEAR,8,7,2.25,2.25,1.25,False,3.7.0
2026-03-23 02:01:00-04:00,1774245660000,6505.75,False,False,0,0,VWAP_TRIPLE_BEAR,8,7,2.25,2.25,1.25,False,3.7.0
2026-03-23 02:01:59-04:00,1774245719000,6510.5,False,False,0,0,VWAP_TRIPLE_BEAR,7,6,2.25,2.25,1.25,False,3.7.0
2026-03-23 02:03:00-04:00,1774245780000,6506.75,False,False,0,0,VWAP_TRIPLE_BEAR,7,6,2.25,2.25,1.25,False,3.7.0
2026-03-23 02:04:00-04:00,1774245840000,6509.25,False,False,0,0,VWAP_TRIPLE_BEAR,9,7,2.25,2.25,1.25,False,3.7.0
2026-03-23 02:04:59-04:00,1774245899000,6509.5,False,False,0,0,VWAP_TRIPLE_BEAR,11,6,2.25,2.25,1.25,False,3.7.0
2026-03-23 02:06:00-04:00,1774245960000,6508.75,False,False,0,0,VWAP_TRIPLE_BEAR,8,9,2.25,2.25,1.25,False,3.7.0
2026-03-23 02:07:00-04:00,1774246020000,6508.5,False,False,0,0,VWAP_TRIPLE_BEAR,9,9,2.25,2.25,1.25,False,3.7.0
2026-03-23 02:08:00-04:00,1774246080000,6509.75,False,False,0,0,VWAP_TRIPLE_BEAR,10,7,2.25,2.25,1.25,False,3.7.0
2026-03-23 02:08:59-04:00,1774246139000,6513.75,False,False,0,0,VWAP_TRIPLE_BEAR,11,7,2.25,2.25,1.25,False,3.7.0
2026-03-23 02:10:00-04:00,1774246200000,6514.25,False,False,0,0,VWAP_TRIPLE_BEAR,7,7,-16.25,2.25,1.25,False,3.7.0
2026-03-23 02:11:00-04:00,1774246260000,6516.0,False,False,0,0,VWAP_TRIPLE_BEAR,8,5,2.25,2.25,1.25,False,3.7.0
2026-03-23 02:11:59-04:00,1774246319000,6513.5,False,False,0,0,VWAP_TRIPLE_BEAR,7,6,2.25,2.25,1.25,False,3.7.0
2026-03-23 02:13:00-04:00,1774246380000,6510.0,False,False,0,0,VWAP_TRIPLE_BEAR,8,13,2.25,2.25,1.25,False,3.7.0
2026-03-23 02:14:00-04:00,1774246440000,6508.75,False,False,0,0,VWAP_TRIPLE_BEAR,9,8,2.25,2.25,1.25,False,3.7.0
2026-03-23 02:14:59-04:00,1774246499000,6506.75,False,False,0,0,VWAP_TRIPLE_BEAR,8,7,2.25,2.25,1.25,False,3.7.0
2026-03-23 02:16:00-04:00,1774246560000,6506.75,False,False,0,0,VWAP_TRIPLE_BEAR,7,6,2.25,2.25,1.25,False,3.7.0
2026-03-23 02:17:00-04:00,1774246620000,6508.5,False,False,0,0,VWAP_TRIPLE_BEAR,9,9,2.25,2.25,1.25,False,3.7.0
2026-03-23 02:17:59-04:00,1774246679000,6509.5,False,False,0,0,VWAP_TRIPLE_BEAR,10,7,2.25,2.25,1.25,False,3.7.0
2026-03-23 02:19:00-04:00,1774246740000,6506.75,False,False,0,0,VWAP_TRIPLE_BEAR,8,7,2.25,2.25,1.25,False,3.7.0
2026-03-23 02:20:00-04:00,1774246800000,6503.0,False,False,0,0,VWAP_TRIPLE_BEAR,7,8,2.25,2.25,1.25,False,3.7.0
2026-03-23 02:20:59-04:00,1774246859000,6500.75,False,False,0,0,VWAP_TRIPLE_BEAR,8,9,2.25,2.25,1.25,False,3.7.0
2026-03-23 02:22:00-04:00,1774246920000,6499.75,False,False,0,0,VWAP_TRIPLE_BEAR,6,6,-0.75,2.25,1.25,False,3.7.0
2026-03-23 02:23:00-04:00,1774246980000,6498.75,False,False,0,0,VWAP_TRIPLE_BEAR,6,6,2.25,2.25,1.25,False,3.7.0
2026-03-23 02:24:00-04:00,1774247040000,6499.75,False,False,0,0,VWAP_TRIPLE_BEAR,7,6,0.25,2.25,1.25,False,3.7.0
2026-03-23 02:24:59-04:00,1774247099000,6500.75,False,False,0,0,VWAP_TRIPLE_BEAR,10,8,2.25,2.25,1.25,False,3.7.0
2026-03-23 02:26:00-04:00,1774247160000,6501.75,False,False,0,0,VWAP_TRIPLE_BEAR,10,8,2.25,2.25,1.25,False,3.7.0
2026-03-23 02:27:00-04:00,1774247220000,6499.5,False,False,0,0,VWAP_TRIPLE_BEAR,10,5,-3.25,2.25,1.25,False,3.7.0
2026-03-23 02:27:59-04:00,1774247279000,6498.25,False,False,0,0,VWAP_TRIPLE_BEAR,7,6,2.25,2.25,1.25,False,3.7.0
2026-03-23 02:29:00-04:00,1774247340000,6498.75,False,False,0,0,VWAP_TRIPLE_BEAR,8,5,2.25,2.25,1.25,False,3.7.0
2026-03-23 02:30:00-04:00,1774247400000,6498.0,False,False,0,0,VWAP_TRIPLE_BEAR,7,7,2.25,2.25,1.25,False,3.7.0
2026-03-23 02:30:59-04:00,1774247459000,6501.25,False,False,0,0,VWAP_TRIPLE_BEAR,10,8,2.25,2.25,1.25,False,3.7.0
2026-03-23 02:32:00-04:00,1774247520000,6504.0,False,False,0,0,VWAP_TRIPLE_BEAR,9,6,-0.5,2.25,1.25,False,3.7.0
2026-03-23 02:33:00-04:00,1774247580000,6502.75,False,False,0,0,VWAP_TRIPLE_BEAR,10,7,2.25,2.25,1.25,False,3.7.0
2026-03-23 02:33:59-04:00,1774247639000,6502.75,False,False,0,0,VWAP_TRIPLE_BEAR,10,6,2.25,2.25,1.25,False,3.7.0
2026-03-23 02:35:00-04:00,1774247700000,6505.75,False,False,0,0,VWAP_TRIPLE_BEAR,8,7,-4.75,2.25,1.25,False,3.7.0
2026-03-23 02:36:00-04:00,1774247760000,6507.25,False,False,0,0,VWAP_TRIPLE_BEAR,8,7,2.25,2.25,1.25,False,3.7.0
2026-03-23 02:36:59-04:00,1774247819000,6503.75,False,False,0,0,VWAP_TRIPLE_BEAR,7,9,2.25,2.25,1.25,False,3.7.0
2026-03-23 02:38:00-04:00,1774247880000,6502.0,False,False,0,0,VWAP_TRIPLE_BEAR,8,8,2.25,2.25,1.25,False,3.7.0
2026-03-23 02:39:00-04:00,1774247940000,6496.75,False,False,0,0,VWAP_TRIPLE_BEAR,7,8,10.0,2.25,1.25,False,3.7.0
2026-03-23 02:40:00-04:00,1774248000000,6496.0,False,False,0,0,VWAP_TRIPLE_BEAR,6,7,2.25,2.25,1.25,False,3.7.0
2026-03-23 02:40:59-04:00,1774248059000,6495.0,False,False,0,0,VWAP_TRIPLE_BEAR,5,6,2.25,2.25,1.25,False,3.7.0
2026-03-23 02:42:00-04:00,1774248120000,6499.0,False,False,0,0,VWAP_TRIPLE_BEAR,8,5,2.25,2.25,1.25,False,3.7.0
2026-03-23 02:43:00-04:00,1774248180000,6497.25,False,False,0,0,VWAP_TRIPLE_BEAR,7,7,2.25,2.25,1.25,False,3.7.0
2026-03-23 02:43:59-04:00,1774248239000,6500.0,False,False,0,0,VWAP_TRIPLE_BEAR,9,9,2.25,2.25,1.25,False,3.7.0
2026-03-23 02:45:00-04:00,1774248300000,6497.0,False,False,0,0,VWAP_TRIPLE_BEAR,8,8,2.25,2.25,1.25,False,3.7.0
2026-03-23 02:46:00-04:00,1774248360000,6497.5,False,False,0,0,VWAP_TRIPLE_BEAR,9,6,2.25,2.25,1.25,False,3.7.0
2026-03-23 02:46:59-04:00,1774248419000,6496.25,False,False,0,0,VWAP_TRIPLE_BEAR,6,8,2.25,2.25,1.25,False,3.7.0
2026-03-23 02:48:00-04:00,1774248480000,6494.0,False,False,0,0,VWAP_TRIPLE_BEAR,7,6,2.25,2.25,1.25,False,3.7.0
2026-03-23 02:49:00-04:00,1774248540000,6494.5,False,False,0,0,VWAP_TRIPLE_BEAR,8,6,2.25,2.25,1.25,False,3.7.0
2026-03-23 02:49:59-04:00,1774248599000,6509.5,False,False,0,0,VWAP_TRIPLE_BEAR,13,9,2.25,2.25,1.25,False,3.7.0
2026-03-23 02:51:00-04:00,1774248660000,6503.75,False,False,0,0,VWAP_TRIPLE_BEAR,10,7,2.25,2.25,1.25,False,3.7.0
2026-03-23 02:52:00-04:00,1774248720000,6503.5,False,False,0,0,VWAP_TRIPLE_BEAR,8,8,2.25,2.25,1.25,False,3.7.0
2026-03-23 02:53:00-04:00,1774248780000,6504.25,False,False,0,0,VWAP_TRIPLE_BEAR,7,8,2.25,2.25,1.25,False,3.7.0
2026-03-23 02:53:59-04:00,1774248839000,6503.0,False,False,0,0,VWAP_TRIPLE_BEAR,9,7,235.25,2.25,1.25,False,3.7.0
2026-03-23 02:55:00-04:00,1774248900000,6501.0,False,False,0,0,VWAP_TRIPLE_BEAR,7,8,2.25,2.25,1.25,False,3.7.0
2026-03-23 02:56:00-04:00,1774248960000,6502.25,False,False,0,0,VWAP_TRIPLE_BEAR,8,8,2.25,2.25,1.25,False,3.7.0
2026-03-23 02:56:59-04:00,1774249019000,6504.25,False,False,0,0,VWAP_TRIPLE_BEAR,7,8,2.25,2.25,1.25,False,3.7.0
2026-03-23 02:58:00-04:00,1774249080000,6504.5,False,False,0,0,VWAP_TRIPLE_BEAR,7,7,2.25,2.25,1.25,False,3.7.0
2026-03-23 02:59:00-04:00,1774249140000,6506.75,False,False,0,0,VWAP_TRIPLE_BEAR,9,8,2.25,2.25,1.25,False,3.7.0
2026-03-23 02:59:59-04:00,1774249199000,6512.0,False,False,0,0,VWAP_TRIPLE_BEAR,8,8,2.25,2.25,1.25,False,3.7.0
2026-03-23 03:01:00-04:00,1774249260000,6511.75,False,False,0,0,VWAP_TRIPLE_BEAR,8,9,2.25,2.25,1.25,False,3.7.0
2026-03-23 03:02:00-04:00,1774249320000,6509.75,False,False,0,0,VWAP_TRIPLE_BEAR,7,9,2.25,2.25,1.25,False,3.7.0
2026-03-23 03:02:59-04:00,1774249379000,6509.0,False,False,0,0,VWAP_TRIPLE_BEAR,8,7,2.25,2.25,1.25,False,3.7.0
2026-03-23 03:04:00-04:00,1774249440000,6510.5,False,False,0,0,VWAP_TRIPLE_BEAR,9,7,2.25,2.25,1.25,False,3.7.0
2026-03-23 03:05:00-04:00,1774249500000,6629.0,False,False,0,0,RVOL_SPIKE_BUY,10,7,2.25,2.25,1.25,False,3.7.0
2026-03-23 03:05:59-04:00,1774249559000,6685.25,True,False,1,0,VWAP_TRIPLE_BULL,8,8,2.25,2.25,1.25,False,3.7.0
2026-03-23 03:07:00-04:00,1774249620000,6702.75,True,False,-1,2,VWAP_TRIPLE_BULL,10,8,2.25,2.25,1.25,False,3.7.0
2026-03-23 03:08:00-04:00,1774249680000,6697.5,True,False,1,7,VWAP_TRIPLE_BULL,15,8,2.25,2.25,1.25,False,3.7.0
2026-03-23 03:09:00-04:00,1774249740000,6725.25,True,False,0,3,VWAP_TRIPLE_BULL,11,8,-49.25,2.25,1.25,False,3.7.0
2026-03-23 03:09:59-04:00,1774249799000,6726.5,True,False,-1,6,VWAP_TRIPLE_BULL,13,7,2.25,2.25,1.25,False,3.7.0
2026-03-23 03:11:00-04:00,1774249860000,6716.75,True,False,-1,6,VWAP_TRIPLE_BULL,11,5,2.25,2.25,1.25,False,3.7.0
2026-03-23 03:12:00-04:00,1774249920000,6707.5,True,False,1,5,VWAP_TRIPLE_BULL,10,5,2.25,2.25,1.25,False,3.7.0
2026-03-23 03:12:59-04:00,1774249979000,6729.0,True,False,1,7,VWAP_TRIPLE_BULL,13,6,2.25,2.25,1.25,False,3.7.0
2026-03-23 03:14:00-04:00,1774250040000,6738.25,True,False,-1,4,VWAP_TRIPLE_BULL,11,7,2.25,2.25,1.25,False,3.7.0
2026-03-23 03:15:00-04:00,1774250100000,6723.0,True,False,-1,2,VWAP_TRIPLE_BULL,9,7,2.25,2.25,1.25,False,3.7.0
2026-03-23 03:15:59-04:00,1774250159000,6702.5,True,False,1,1,VWAP_TRIPLE_BULL,10,9,2.25,2.25,1.25,False,3.7.0
2026-03-23 03:17:00-04:00,1774250220000,6714.25,True,False,-1,6,VWAP_TRIPLE_BULL,12,6,2.25,2.25,1.25,False,3.7.0
2026-03-23 03:18:00-04:00,1774250280000,6706.5,True,False,-1,1,VWAP_TRIPLE_BULL,9,8,2.25,2.25,1.25,False,3.7.0
2026-03-23 03:18:59-04:00,1774250339000,6702.75,True,False,-1,4,VWAP_TRIPLE_BULL,11,7,2.25,2.25,1.25,False,3.7.0
2026-03-23 03:20:00-04:00,1774250400000,6683.0,True,False,1,5,BN_LONG_UP,11,6,2.25,2.25,1.25,False,3.7.0
2026-03-23 03:21:00-04:00,1774250460000,6690.0,True,False,1,6,VWAP_TRIPLE_BULL,12,6,2.25,2.25,1.25,False,3.7.0
2026-03-23 03:21:59-04:00,1774250519000,6697.5,True,False,-1,2,VWAP_TRIPLE_BULL,11,9,2.25,2.25,1.25,False,3.7.0
2026-03-23 03:23:00-04:00,1774250580000,6682.0,True,False,-1,1,BN_LONG_DN,9,8,2.25,2.25,1.25,False,3.7.0
2026-03-23 03:24:00-04:00,1774250640000,6679.75,True,False,1,8,BN_LONG_UP,13,5,2.25,2.25,1.25,False,3.7.0
2026-03-23 03:25:00-04:00,1774250700000,6686.5,True,False,-1,8,VWAP_TRIPLE_BULL,13,5,2.25,2.25,1.25,False,3.7.0
2026-03-23 03:25:59-04:00,1774250759000,6680.5,True,False,-1,4,BN_LONG_UP,10,6,2.25,2.25,1.25,False,3.7.0
2026-03-23 03:27:00-04:00,1774250820000,6671.75,True,False,0,2,CONFLUENCE_BUY,9,7,-15.75,2.25,1.25,False,3.7.0
2026-03-23 03:28:00-04:00,1774250880000,6670.0,True,False,1,1,BN_LONG_DN,9,8,2.25,2.25,1.25,False,3.7.0
2026-03-23 03:28:59-04:00,1774250939000,6676.0,True,False,1,2,BN_LONG_DN,10,8,2.25,2.25,1.25,False,3.7.0
2026-03-23 03:30:00-04:00,1774251000000,6696.0,True,False,1,4,VWAP_TRIPLE_BULL,11,7,2.25,2.25,1.25,False,3.7.0
2026-03-23 03:31:00-04:00,1774251060000,6699.5,True,False,1,2,VWAP_TRIPLE_BULL,10,8,2.25,2.25,1.25,False,3.7.0
2026-03-23 03:31:59-04:00,1774251119000,6702.5,True,False,1,3,VWAP_TRIPLE_BULL,10,7,2.25,2.25,1.25,False,3.7.0
2026-03-23 03:33:00-04:00,1774251180000,6718.75,True,False,1,5,VWAP_TRIPLE_BULL,11,6,2.25,2.25,1.25,False,3.7.0
2026-03-23 03:34:00-04:00,1774251240000,6721.75,True,False,-1,0,VWAP_TRIPLE_BULL,8,8,2.25,2.25,1.25,False,3.7.0
2026-03-23 03:34:59-04:00,1774251299000,6717.5,True,False,-1,3,VWAP_TRIPLE_BULL,10,7,2.25,2.25,1.25,False,3.7.0
2026-03-23 03:36:00-04:00,1774251360000,6700.75,True,False,-1,2,VWAP_TRIPLE_BULL,11,9,2.25,2.25,1.25,False,3.7.0
2026-03-23 03:37:00-04:00,1774251420000,6700.5,True,False,-1,3,VWAP_TRIPLE_BULL,11,8,2.25,2.25,1.25,False,3.7.0
2026-03-23 03:38:00-04:00,1774251480000,6696.75,True,False,-1,1,VWAP_TRIPLE_BULL,10,9,2.25,2.25,1.25,False,3.7.0
2026-03-23 03:38:59-04:00,1774251539000,6695.25,True,False,-1,1,VWAP_TRIPLE_BULL,10,9,2.25,2.25,1.25,False,3.7.0
2026-03-23 03:40:00-04:00,1774251600000,6686.5,True,False,-1,1,VWAP_TRIPLE_BULL,10,9,2.25,2.25,1.25,False,3.7.0
2026-03-23 03:41:00-04:00,1774251660000,6684.75,True,False,-1,1,VWAP_TRIPLE_BULL,8,7,2.25,2.25,1.25,False,3.7.0
2026-03-23 03:41:59-04:00,1774251719000,6677.25,True,False,1,2,CONFLUENCE_BUY,9,7,2.25,2.25,1.25,False,3.7.0
2026-03-23 03:43:00-04:00,1774251780000,6681.0,True,False,-1,1,CONFLUENCE_BUY,8,7,2.25,2.25,1.25,False,3.7.0
2026-03-23 03:44:00-04:00,1774251840000,6670.75,True,False,-1,1,CONFLUENCE_BUY,8,7,2.25,2.25,1.25,False,3.7.0
2026-03-23 03:44:59-04:00,1774251899000,6670.25,True,False,-1,2,BN_LONG_UP,9,7,2.25,2.25,1.25,False,3.7.0
2026-03-23 03:46:00-04:00,1774251960000,6644.75,True,False,1,3,BN_LONG_DN,7,10,2.25,2.25,1.25,False,3.7.0
2026-03-23 03:47:00-04:00,1774252020000,6656.0,True,False,1,0,BN_LONG_UP,8,8,2.25,2.25,1.25,False,3.7.0
2026-03-23 03:47:59-04:00,1774252079000,6663.5,True,False,1,1,CONFLUENCE_BUY,7,6,2.25,2.25,1.25,False,3.7.0
2026-03-23 03:49:00-04:00,1774252140000,6665.75,True,False,-1,2,BN_LONG_DN,7,9,2.25,2.25,1.25,False,3.7.0
2026-03-23 03:50:00-04:00,1774252200000,6653.5,True,False,1,1,CONFLUENCE_BUY,8,7,2.25,2.25,1.25,False,3.7.0
2026-03-23 03:50:59-04:00,1774252259000,6653.0,True,False,1,4,BN_LONG_UP,11,7,2.25,2.25,1.25,False,3.7.0
2026-03-23 03:52:00-04:00,1774252320000,6652.75,True,False,1,3,BN_LONG_UP,10,7,2.25,2.25,1.25,False,3.7.0
2026-03-23 03:53:00-04:00,1774252380000,6654.5,True,False,1,1,BN_LONG_DN,8,9,2.25,2.25,1.25,False,3.7.0
2026-03-23 03:54:00-04:00,1774252440000,6661.25,True,False,-1,1,BN_LONG_DN,8,9,2.25,2.25,1.25,False,3.7.0
2026-03-23 03:54:59-04:00,1774252499000,6640.75,True,False,-1,1,BN_LONG_DN,8,9,2.25,2.25,1.25,False,3.7.0
2026-03-23 03:56:00-04:00,1774252560000,6639.5,True,False,-1,0,NONE,7,7,2.25,2.25,1.25,False,3.7.0
2026-03-23 03:57:00-04:00,1774252620000,6635.75,True,False,1,1,CONFLUENCE_SELL,6,7,2.25,2.25,1.25,False,3.7.0
2026-03-23 03:57:59-04:00,1774252679000,6639.0,True,False,-1,2,CONFLUENCE_SELL,5,7,2.25,2.25,1.25,False,3.7.0
2026-03-23 03:59:00-04:00,1774252740000,6638.75,True,False,-1,2,BN_LONG_DN,6,8,2.25,2.25,1.25,False,3.7.0
2026-03-23 04:00:00-04:00,1774252800000,6633.25,True,False,1,1,BN_LONG_UP,8,7,2.25,2.25,1.25,False,3.7.0
2026-03-23 04:00:59-04:00,1774252859000,6632.75,True,False,1,3,BN_LONG_DN,6,9,2.25,2.25,1.25,False,3.7.0
2026-03-23 04:02:00-04:00,1774252920000,6633.0,True,False,1,3,BN_LONG_DN,6,9,2.25,2.25,1.25,False,3.7.0
2026-03-23 04:03:00-04:00,1774252980000,6642.0,True,False,1,3,BN_LONG_DN,6,9,2.25,2.25,1.25,False,3.7.0
2026-03-23 04:03:59-04:00,1774253039000,6647.25,True,False,-1,2,BN_LONG_DN,7,9,2.25,2.25,1.25,False,3.7.0
2026-03-23 04:05:00-04:00,1774253100000,6639.75,True,False,0,2,BN_LONG_UP,8,6,25.75,2.25,1.25,False,3.7.0
2026-03-23 04:06:00-04:00,1774253160000,6641.25,True,False,-1,2,BN_LONG_UP,9,7,2.25,2.25,1.25,False,3.7.0
2026-03-23 04:06:59-04:00,1774253219000,6636.25,True,False,1,2,BN_LONG_DN,6,8,2.25,2.25,1.25,False,3.7.0
2026-03-23 04:08:00-04:00,1774253280000,6646.75,True,False,1,2,CONFLUENCE_SELL,6,8,2.25,2.25,1.25,False,3.7.0
2026-03-23 04:09:00-04:00,1774253340000,6659.0,True,False,0,1,BN_LONG_UP,8,7,7.25,2.25,1.25,False,3.7.0
2026-03-23 04:10:00-04:00,1774253400000,6660.5,True,False,-1,1,BN_LONG_UP,9,8,2.25,2.25,1.25,False,3.7.0
2026-03-23 04:10:59-04:00,1774253459000,6652.25,True,False,-1,0,NONE,8,8,2.25,2.25,1.25,False,3.7.0
2026-03-23 04:12:00-04:00,1774253520000,6652.5,True,False,-1,1,CONFLUENCE_BUY,8,7,2.25,2.25,1.25,False,3.7.0
2026-03-23 04:13:00-04:00,1774253580000,6648.75,True,False,-1,4,BN_LONG_DN,6,10,2.25,2.25,1.25,False,3.7.0
2026-03-23 04:13:59-04:00,1774253639000,6642.0,True,False,1,0,BN_LONG_DN,7,7,2.25,2.25,1.25,False,3.7.0
2026-03-23 04:15:00-04:00,1774253700000,6647.5,True,False,1,2,BN_LONG_DN,7,9,2.25,2.25,1.25,False,3.7.0
2026-03-23 04:16:00-04:00,1774253760000,6657.0,True,False,1,1,BN_LONG_UP,8,7,2.25,2.25,1.25,False,3.7.0
2026-03-23 04:16:59-04:00,1774253819000,6662.75,True,False,1,3,BN_LONG_DN,6,9,2.25,2.25,1.25,False,3.7.0
2026-03-23 04:18:00-04:00,1774253880000,6662.5,True,False,1,1,VAH_REJECTION,6,7,2.25,2.25,1.25,False,3.7.0
2026-03-23 04:19:00-04:00,1774253940000,6673.0,True,False,-1,1,CONFLUENCE_SELL,7,8,2.25,2.25,1.25,False,3.7.0
2026-03-23 04:19:59-04:00,1774253999000,6672.25,True,False,-1,3,BN_LONG_DN,7,10,2.25,2.25,1.25,False,3.7.0
2026-03-23 04:21:00-04:00,1774254060000,6670.75,True,False,-1,2,BN_LONG_UP,9,7,2.25,2.25,1.25,False,3.7.0
2026-03-23 04:22:00-04:00,1774254120000,6667.75,True,False,-1,0,NONE,7,7,2.25,2.25,1.25,False,3.7.0
2026-03-23 04:23:00-04:00,1774254180000,6666.75,True,False,0,0,BN_LONG_UP,7,7,20.0,2.25,1.25,False,3.7.0
2026-03-23 04:23:59-04:00,1774254239000,6666.25,True,False,1,2,BN_LONG_UP,8,6,2.25,2.25,1.25,False,3.7.0
2026-03-23 04:25:00-04:00,1774254300000,6665.5,True,False,1,1,BN_LONG_DN,8,9,2.25,2.25,1.25,False,3.7.0
2026-03-23 04:26:00-04:00,1774254360000,6668.0,True,False,1,3,BN_LONG_DN,5,8,2.25,2.25,1.25,False,3.7.0
2026-03-23 04:26:59-04:00,1774254419000,6668.25,True,False,1,1,CONFLUENCE_SELL,6,7,2.25,2.25,1.25,False,3.7.0
2026-03-23 04:28:00-04:00,1774254480000,6672.25,True,False,-1,3,BN_LONG_UP,11,8,2.25,2.25,1.25,False,3.7.0
2026-03-23 04:29:00-04:00,1774254540000,6666.25,True,False,-1,2,BN_LONG_DN,6,8,2.25,2.25,1.25,False,3.7.0
2026-03-23 04:29:59-04:00,1774254599000,6662.0,True,False,-1,1,CONFLUENCE_BUY,7,6,2.25,2.25,1.25,False,3.7.0
2026-03-23 04:31:00-04:00,1774254660000,6659.0,True,False,-1,2,CONFLUENCE_BUY,8,6,2.25,2.25,1.25,False,3.7.0
2026-03-23 04:32:00-04:00,1774254720000,6655.5,True,False,1,5,BN_LONG_UP,10,5,2.25,2.25,1.25,False,3.7.0
2026-03-23 04:32:59-04:00,1774254779000,6655.25,True,False,1,4,CONFLUENCE_BUY,8,4,2.25,2.25,1.25,False,3.7.0
2026-03-23 04:34:00-04:00,1774254840000,6656.5,True,False,1,4,BN_LONG_UP,9,5,2.25,2.25,1.25,False,3.7.0
2026-03-23 04:35:00-04:00,1774254900000,6658.25,True,False,1,2,CONFLUENCE_BUY,7,5,2.25,2.25,1.25,False,3.7.0
2026-03-23 04:35:59-04:00,1774254959000,6663.25,True,False,-1,1,VAH_REJECTION,7,6,2.25,2.25,1.25,False,3.7.0
2026-03-23 04:37:00-04:00,1774255020000,6660.75,True,False,-1,2,CONFLUENCE_BUY,8,6,2.25,2.25,1.25,False,3.7.0
2026-03-23 04:38:00-04:00,1774255080000,6656.75,True,False,0,3,CONFLUENCE_BUY,8,5,32.75,2.25,1.25,False,3.7.0
2026-03-23 04:39:00-04:00,1774255140000,6656.5,True,False,0,2,CONFLUENCE_BUY,8,6,34.25,2.25,1.25,False,3.7.0
2026-03-23 04:39:59-04:00,1774255199000,6654.75,True,False,1,7,BN_LONG_UP,11,4,2.25,2.25,1.25,False,3.7.0
2026-03-23 04:41:00-04:00,1774255260000,6665.0,True,False,1,4,RVOL_SPIKE_BUY,11,7,2.25,2.25,1.25,False,3.7.0
2026-03-23 04:42:00-04:00,1774255320000,6683.0,True,False,1,7,VWAP_TRIPLE_BULL,13,6,2.25,2.25,1.25,False,3.7.0
2026-03-23 04:42:59-04:00,1774255379000,6686.75,True,False,-1,4,VWAP_TRIPLE_BULL,10,6,2.25,2.25,1.25,False,3.7.0
2026-03-23 04:44:00-04:00,1774255440000,6687.25,True,False,-1,4,VWAP_TRIPLE_BULL,10,6,2.25,2.25,1.25,False,3.7.0
2026-03-23 04:45:00-04:00,1774255500000,6681.5,True,False,1,4,CONFLUENCE_BUY,9,5,2.25,2.25,1.25,False,3.7.0
2026-03-23 04:45:59-04:00,1774255559000,6687.5,True,False,1,4,VWAP_TRIPLE_BULL,10,6,2.25,2.25,1.25,False,3.7.0
2026-03-23 04:47:00-04:00,1774255620000,6688.5,True,False,1,4,VWAP_TRIPLE_BULL,10,6,2.25,2.25,1.25,False,3.7.0
2026-03-23 04:48:00-04:00,1774255680000,6690.0,True,False,1,3,VWAP_TRIPLE_BULL,9,6,2.25,2.25,1.25,False,3.7.0
2026-03-23 04:48:59-04:00,1774255739000,6689.75,True,False,1,5,VWAP_TRIPLE_BULL,10,5,2.25,2.25,1.25,False,3.7.0
2026-03-23 04:50:00-04:00,1774255800000,6689.0,True,False,1,6,VWAP_TRIPLE_BULL,10,4,2.25,2.25,1.25,False,3.7.0
2026-03-23 04:51:00-04:00,1774255860000,6692.75,True,False,1,5,VWAP_TRIPLE_BULL,10,5,2.25,2.25,1.25,False,3.7.0
2026-03-23 04:51:59-04:00,1774255919000,6696.0,True,False,-1,3,VWAP_TRIPLE_BULL,10,7,2.25,2.25,1.25,False,3.7.0
2026-03-23 04:53:00-04:00,1774255980000,6692.25,True,False,-1,4,VWAP_TRIPLE_BULL,10,6,2.25,2.25,1.25,False,3.7.0
2026-03-23 04:54:00-04:00,1774256040000,6686.0,True,False,0,3,VWAP_TRIPLE_BULL,10,7,-11.5,2.25,1.25,False,3.7.0
2026-03-23 04:55:00-04:00,1774256100000,6684.75,True,False,1,8,VWAP_TRIPLE_BULL,12,4,2.25,2.25,1.25,False,3.7.0
2026-03-23 04:55:59-04:00,1774256159000,6684.0,True,False,1,1,VWAP_TRIPLE_BULL,9,8,2.25,2.25,1.25,False,3.7.0
2026-03-23 04:57:00-04:00,1774256220000,6684.5,True,False,1,5,VWAP_TRIPLE_BULL,10,5,2.25,2.25,1.25,False,3.7.0
2026-03-23 04:58:00-04:00,1774256280000,6689.5,True,False,1,2,VWAP_TRIPLE_BULL,8,6,2.25,2.25,1.25,False,3.7.0
2026-03-23 04:58:59-04:00,1774256339000,6690.75,True,False,1,5,VWAP_TRIPLE_BULL,11,6,2.25,2.25,1.25,False,3.7.0
2026-03-23 05:00:00-04:00,1774256400000,6695.5,True,False,-1,7,VWAP_TRIPLE_BULL,13,6,2.25,2.25,1.25,False,3.7.0
2026-03-23 05:01:00-04:00,1774256460000,6687.5,True,False,-1,6,VWAP_TRIPLE_BULL,12,6,2.25,2.25,1.25,False,3.7.0
2026-03-23 05:01:59-04:00,1774256519000,6684.75,True,False,0,5,VWAP_TRIPLE_BULL,11,6,-14.5,2.25,1.25,False,3.7.0
2026-03-23 05:03:00-04:00,1774256580000,6686.75,True,False,-1,6,VWAP_TRIPLE_BULL,11,5,2.25,2.25,1.25,False,3.7.0
2026-03-23 05:04:00-04:00,1774256640000,6684.0,True,False,-1,3,VWAP_TRIPLE_BULL,9,6,2.25,2.25,1.25,False,3.7.0
2026-03-23 05:04:59-04:00,1774256699000,6676.5,True,False,1,4,CONFLUENCE_BUY,10,6,2.25,2.25,1.25,False,3.7.0
2026-03-23 05:06:00-04:00,1774256760000,6675.5,True,False,1,5,VAH_REJECTION,11,6,2.25,2.25,1.25,False,3.7.0
2026-03-23 05:07:00-04:00,1774256820000,6677.25,True,False,1,4,CONFLUENCE_BUY,10,6,2.25,2.25,1.25,False,3.7.0
2026-03-23 05:08:00-04:00,1774256880000,6681.5,True,False,1,1,BN_LONG_DN,7,8,2.25,2.25,1.25,False,3.7.0
2026-03-23 05:08:59-04:00,1774256939000,6683.75,True,False,-1,6,VWAP_TRIPLE_BULL,11,5,2.25,2.25,1.25,False,3.7.0
2026-03-23 05:10:00-04:00,1774257000000,6679.75,True,False,-1,4,BN_LONG_DN,10,6,2.25,2.25,1.25,False,3.7.0
2026-03-23 05:11:00-04:00,1774257060000,6678.5,True,False,-1,5,BN_LONG_DN,11,6,2.25,2.25,1.25,False,3.7.0
2026-03-23 05:11:59-04:00,1774257119000,6675.5,True,False,1,4,BN_LONG_UP,11,7,2.25,2.25,1.25,False,3.7.0
2026-03-23 05:13:00-04:00,1774257180000,6675.25,True,False,1,2,VAH_REJECTION,9,7,2.25,2.25,1.25,False,3.7.0
2026-03-23 05:14:00-04:00,1774257240000,6674.5,True,False,1,2,BN_LONG_UP,10,8,2.25,2.25,1.25,False,3.7.0
2026-03-23 05:14:59-04:00,1774257299000,6676.5,True,False,0,2,VAH_REJECTION,9,7,-35.5,2.25,1.25,False,3.7.0
2026-03-23 05:16:00-04:00,1774257360000,6678.0,True,False,-1,2,BN_LONG_UP,9,7,2.25,2.25,1.25,False,3.7.0
2026-03-23 05:17:00-04:00,1774257420000,6676.25,True,False,-1,1,VAH_REJECTION,9,8,2.25,2.25,1.25,False,3.7.0
2026-03-23 05:17:59-04:00,1774257479000,6676.75,True,False,-1,2,BN_LONG_UP,10,8,2.25,2.25,1.25,False,3.7.0
2026-03-23 05:19:00-04:00,1774257540000,6672.25,True,False,1,0,BN_LONG_UP,9,9,2.25,2.25,1.25,False,3.7.0
2026-03-23 05:20:00-04:00,1774257600000,6676.0,True,False,-1,2,VAH_REJECTION,9,7,2.25,2.25,1.25,False,3.7.0
2026-03-23 05:20:59-04:00,1774257659000,6672.5,True,False,-1,0,NONE,8,8,2.25,2.25,1.25,False,3.7.0
2026-03-23 05:22:00-04:00,1774257720000,6670.25,True,False,-1,2,CONFLUENCE_BUY,9,7,2.25,2.25,1.25,False,3.7.0
2026-03-23 05:23:00-04:00,1774257780000,6666.0,True,False,1,1,BN_LONG_DN,8,9,2.25,2.25,1.25,False,3.7.0
2026-03-23 05:24:00-04:00,1774257840000,6670.5,True,False,-1,6,BN_LONG_UP,13,7,2.25,2.25,1.25,False,3.7.0
2026-03-23 05:24:59-04:00,1774257899000,6664.5,True,False,-1,2,CONFLUENCE_BUY,9,7,2.25,2.25,1.25,False,3.7.0
2026-03-23 05:26:00-04:00,1774257960000,6664.0,True,False,-1,1,BN_LONG_DN,9,8,2.25,2.25,1.25,False,3.7.0
2026-03-23 05:27:00-04:00,1774258020000,6662.75,True,False,0,5,BN_LONG_UP,11,6,-9.25,2.25,1.25,False,3.7.0
2026-03-23 05:27:59-04:00,1774258079000,6664.5,True,False,-1,5,BN_LONG_UP,11,6,2.25,2.25,1.25,False,3.7.0
2026-03-23 05:29:00-04:00,1774258140000,6658.25,True,False,-1,0,RVOL_SPIKE_SELL,9,9,2.25,2.25,1.25,False,3.7.0
2026-03-23 05:30:00-04:00,1774258200000,6653.25,True,False,0,0,NONE,7,7,16.5,2.25,1.25,False,3.7.0
2026-03-23 05:30:59-04:00,1774258259000,6654.5,True,False,-1,0,NONE,7,7,2.25,2.25,1.25,False,3.7.0
2026-03-23 05:32:00-04:00,1774258320000,6645.25,True,False,1,0,RVOL_SPIKE_SELL,8,8,2.25,2.25,1.25,False,3.7.0
2026-03-23 05:33:00-04:00,1774258380000,6649.75,True,False,-1,1,CONFLUENCE_BUY,8,7,2.25,2.25,1.25,False,3.7.0
2026-03-23 05:33:59-04:00,1774258439000,6645.5,True,False,-1,0,NONE,7,7,2.25,2.25,1.25,False,3.7.0
2026-03-23 05:35:00-04:00,1774258500000,6641.0,True,False,1,2,CONFLUENCE_BUY,7,5,2.25,2.25,1.25,False,3.7.0
2026-03-23 05:36:00-04:00,1774258560000,6650.0,True,False,1,2,CONFLUENCE_SELL,6,8,2.25,2.25,1.25,False,3.7.0
2026-03-23 05:36:59-04:00,1774258619000,6649.75,True,False,1,1,CONFLUENCE_SELL,6,7,2.25,2.25,1.25,False,3.7.0
2026-03-23 05:38:00-04:00,1774258680000,6655.75,True,False,1,1,CONFLUENCE_BUY,6,5,2.25,2.25,1.25,False,3.7.0
2026-03-23 05:39:00-04:00,1774258740000,6661.0,True,False,-1,0,NONE,6,6,2.25,2.25,1.25,False,3.7.0
2026-03-23 05:40:00-04:00,1774258800000,6657.25,True,False,1,1,CONFLUENCE_BUY,7,6,2.25,2.25,1.25,False,3.7.0
2026-03-23 05:40:59-04:00,1774258859000,6662.0,True,False,1,1,CONFLUENCE_BUY,6,5,2.25,2.25,1.25,False,3.7.0
2026-03-23 05:42:00-04:00,1774258920000,6670.5,True,False,-1,2,DOUBLE_BOT_DIV,8,6,2.25,2.25,1.25,False,3.7.0
2026-03-23 05:43:00-04:00,1774258980000,6667.25,True,False,-1,2,CONFLUENCE_BUY,7,5,2.25,2.25,1.25,False,3.7.0
2026-03-23 05:43:59-04:00,1774259039000,6658.0,True,False,1,3,CONFLUENCE_BUY,8,5,2.25,2.25,1.25,False,3.7.0
2026-03-23 05:45:00-04:00,1774259100000,6662.5,True,False,-1,1,CONFLUENCE_BUY,6,5,2.25,2.25,1.25,False,3.7.0
2026-03-23 05:46:00-04:00,1774259160000,6660.25,True,False,-1,2,CONFLUENCE_BUY,6,4,2.25,2.25,1.25,False,3.7.0
2026-03-23 05:46:59-04:00,1774259219000,6653.5,True,False,1,3,CONFLUENCE_BUY,8,5,2.25,2.25,1.25,False,3.7.0
2026-03-23 05:48:00-04:00,1774259280000,6662.25,True,False,1,0,NONE,5,5,2.25,2.25,1.25,False,3.7.0
2026-03-23 05:49:00-04:00,1774259340000,6668.0,True,False,1,1,CONFLUENCE_BUY,5,4,2.25,2.25,1.25,False,3.7.0
2026-03-23 05:49:59-04:00,1774259399000,6669.75,True,False,1,5,CONFLUENCE_BUY,8,3,2.25,2.25,1.25,False,3.7.0
2026-03-23 05:51:00-04:00,1774259460000,6670.75,True,False,1,3,CONFLUENCE_BUY,7,4,2.25,2.25,1.25,False,3.7.0
2026-03-23 05:52:00-04:00,1774259520000,6676.75,True,False,-1,3,CONFLUENCE_BUY,7,4,2.25,2.25,1.25,False,3.7.0
2026-03-23 05:53:00-04:00,1774259580000,6677.75,True,False,-1,0,NONE,6,6,2.25,2.25,1.25,False,3.7.0
2026-03-23 05:53:59-04:00,1774259639000,6673.25,True,False,-1,1,CONFLUENCE_BUY,6,5,2.25,2.25,1.25,False,3.7.0
2026-03-23 05:55:00-04:00,1774259700000,6667.25,True,False,1,1,CONFLUENCE_BUY,6,5,2.25,2.25,1.25,False,3.7.0
2026-03-23 05:56:00-04:00,1774259760000,6670.75,True,False,1,1,CONFLUENCE_BUY,7,6,2.25,2.25,1.25,False,3.7.0
2026-03-23 05:56:59-04:00,1774259819000,6675.25,True,False,1,3,CONFLUENCE_BUY,7,4,2.25,2.25,1.25,False,3.7.0
2026-03-23 05:58:00-04:00,1774259880000,6678.5,True,False,1,1,CONFLUENCE_BUY,6,5,2.25,2.25,1.25,False,3.7.0
2026-03-23 05:59:00-04:00,1774259940000,6680.25,True,False,0,2,CONFLUENCE_BUY,6,4,9.75,2.25,1.25,False,3.7.0
2026-03-23 05:59:59-04:00,1774259999000,6679.0,True,False,1,3,CONFLUENCE_BUY,8,5,2.25,2.25,1.25,False,3.7.0
2026-03-23 06:01:00-04:00,1774260060000,6681.75,True,False,1,3,CONFLUENCE_BUY,8,5,2.25,2.25,1.25,False,3.7.0
2026-03-23 06:02:00-04:00,1774260120000,6685.0,True,False,-1,4,VWAP_TRIPLE_BULL,9,5,2.25,2.25,1.25,False,3.7.0
2026-03-23 06:02:59-04:00,1774260179000,6677.25,True,False,-1,2,CONFLUENCE_BUY,7,5,2.25,2.25,1.25,False,3.7.0
2026-03-23 06:04:00-04:00,1774260240000,6670.5,True,False,0,0,NONE,8,8,26.0,2.25,1.25,False,3.7.0
2026-03-23 06:05:00-04:00,1774260300000,6671.75,True,False,-1,0,NONE,7,7,2.25,2.25,1.25,False,3.7.0
2026-03-23 06:05:59-04:00,1774260359000,6666.75,True,False,1,0,NONE,5,5,2.25,2.25,1.25,False,3.7.0
2026-03-23 06:07:00-04:00,1774260420000,6676.25,True,False,-1,3,CONFLUENCE_BUY,8,5,2.25,2.25,1.25,False,3.7.0
2026-03-23 06:08:00-04:00,1774260480000,6671.5,True,False,1,0,NONE,7,7,2.25,2.25,1.25,False,3.7.0
2026-03-23 06:09:00-04:00,1774260540000,6674.5,True,False,-1,1,CONFLUENCE_BUY,7,6,2.25,2.25,1.25,False,3.7.0
2026-03-23 06:09:59-04:00,1774260599000,6672.25,True,False,1,0,NONE,7,7,2.25,2.25,1.25,False,3.7.0
2026-03-23 06:11:00-04:00,1774260660000,6675.5,True,False,1,3,CONFLUENCE_BUY,8,5,2.25,2.25,1.25,False,3.7.0
2026-03-23 06:12:00-04:00,1774260720000,6677.25,True,False,1,2,CONFLUENCE_BUY,7,5,2.25,2.25,1.25,False,3.7.0
2026-03-23 06:12:59-04:00,1774260779000,6681.5,True,False,0,0,NONE,6,6,9.75,2.25,1.25,False,3.7.0
2026-03-23 06:14:00-04:00,1774260840000,6679.5,True,False,1,3,CONFLUENCE_BUY,7,4,2.25,2.25,1.25,False,3.7.0
2026-03-23 06:15:00-04:00,1774260900000,6684.75,True,False,1,3,VWAP_TRIPLE_BULL,9,6,2.25,2.25,1.25,False,3.7.0
2026-03-23 06:15:59-04:00,1774260959000,6684.25,True,False,1,2,VWAP_TRIPLE_BULL,7,5,2.25,2.25,1.25,False,3.7.0
2026-03-23 06:17:00-04:00,1774261020000,6685.75,True,False,1,4,VWAP_TRIPLE_BULL,9,5,2.25,2.25,1.25,False,3.7.0
2026-03-23 06:18:00-04:00,1774261080000,6687.75,True,False,1,3,VWAP_TRIPLE_BULL,8,5,2.25,2.25,1.25,False,3.7.0
2026-03-23 06:18:59-04:00,1774261139000,6690.0,True,False,1,4,VWAP_TRIPLE_BULL,8,4,2.25,2.25,1.25,False,3.7.0
2026-03-23 06:20:00-04:00,1774261200000,6689.75,True,False,1,4,VWAP_TRIPLE_BULL,8,4,2.25,2.25,1.25,False,3.7.0
2026-03-23 06:21:00-04:00,1774261260000,6694.0,True,False,1,2,VWAP_TRIPLE_BULL,7,5,2.25,2.25,1.25,False,3.7.0
2026-03-23 06:21:59-04:00,1774261319000,6697.0,True,False,1,4,VWAP_TRIPLE_BULL,9,5,2.25,2.25,1.25,False,3.7.0
2026-03-23 06:23:00-04:00,1774261380000,6700.5,True,False,-1,2,VWAP_TRIPLE_BULL,9,7,2.25,2.25,1.25,False,3.7.0
2026-03-23 06:24:00-04:00,1774261440000,6696.5,True,False,-1,3,VWAP_TRIPLE_BULL,8,5,2.25,2.25,1.25,False,3.7.0
2026-03-23 06:25:00-04:00,1774261500000,6693.75,True,False,-1,3,VWAP_TRIPLE_BULL,8,5,2.25,2.25,1.25,False,3.7.0
2026-03-23 06:25:59-04:00,1774261559000,6692.0,True,False,-1,3,VWAP_TRIPLE_BULL,8,5,2.25,2.25,1.25,False,3.7.0
2026-03-23 06:27:00-04:00,1774261620000,6688.5,True,False,-1,4,VWAP_TRIPLE_BULL,8,4,2.25,2.25,1.25,False,3.7.0
2026-03-23 06:28:00-04:00,1774261680000,6685.25,True,False,1,3,VWAP_TRIPLE_BULL,9,6,2.25,2.25,1.25,False,3.7.0
2026-03-23 06:28:59-04:00,1774261739000,6688.0,True,False,-1,3,VWAP_TRIPLE_BULL,9,6,2.25,2.25,1.25,False,3.7.0
2026-03-23 06:30:00-04:00,1774261800000,6682.0,True,False,1,2,CONFLUENCE_BUY,8,6,2.25,2.25,1.25,False,3.7.0
2026-03-23 06:31:00-04:00,1774261860000,6684.0,True,False,1,1,VWAP_TRIPLE_BULL,7,6,2.25,2.25,1.25,False,3.7.0
2026-03-23 06:31:59-04:00,1774261919000,6686.75,True,False,1,1,VWAP_TRIPLE_BULL,8,7,2.25,2.25,1.25,False,3.7.0
2026-03-23 06:33:00-04:00,1774261980000,6691.25,True,False,-1,3,VWAP_TRIPLE_BULL,8,5,2.25,2.25,1.25,False,3.7.0
2026-03-23 06:34:00-04:00,1774262040000,6688.0,True,False,1,3,VWAP_TRIPLE_BULL,7,4,2.25,2.25,1.25,False,3.7.0
2026-03-23 06:34:59-04:00,1774262099000,6691.5,True,False,-1,2,VWAP_TRIPLE_BULL,7,5,2.25,2.25,1.25,False,3.7.0
2026-03-23 06:36:00-04:00,1774262160000,6681.5,True,False,1,1,CONFLUENCE_SELL,6,7,2.25,2.25,1.25,False,3.7.0
2026-03-23 06:37:00-04:00,1774262220000,6681.25,True,False,1,0,NONE,6,6,2.25,2.25,1.25,False,3.7.0
2026-03-23 06:38:00-04:00,1774262280000,6685.0,True,False,-1,2,VWAP_TRIPLE_BULL,7,5,2.25,2.25,1.25,False,3.7.0
2026-03-23 06:38:59-04:00,1774262339000,6683.25,True,False,0,2,VWAP_TRIPLE_BULL,8,6,5.75,2.25,1.25,False,3.7.0
2026-03-23 06:40:00-04:00,1774262400000,6682.25,True,False,1,0,NONE,6,6,2.25,2.25,1.25,False,3.7.0
2026-03-23 06:41:00-04:00,1774262460000,6681.25,True,False,1,0,NONE,6,6,2.25,2.25,1.25,False,3.7.0
2026-03-23 06:41:59-04:00,1774262519000,6685.25,True,False,-1,5,VWAP_TRIPLE_BULL,9,4,2.25,2.25,1.25,False,3.7.0
2026-03-23 06:43:00-04:00,1774262580000,6685.5,True,False,-1,4,VWAP_TRIPLE_BULL,9,5,2.25,2.25,1.25,False,3.7.0
2026-03-23 06:44:00-04:00,1774262640000,6682.0,True,False,1,1,CONFLUENCE_BUY,7,6,2.25,2.25,1.25,False,3.7.0
2026-03-23 06:44:59-04:00,1774262699000,6682.5,True,False,1,0,VWAP_TRIPLE_BULL,6,6,2.25,2.25,1.25,False,3.7.0
2026-03-23 06:46:00-04:00,1774262760000,6686.0,True,False,1,3,VWAP_TRIPLE_BULL,9,6,2.25,2.25,1.25,False,3.7.0
2026-03-23 06:47:00-04:00,1774262820000,6694.25,True,False,-1,3,VWAP_TRIPLE_BULL,8,5,2.25,2.25,1.25,False,3.7.0
2026-03-23 06:47:59-04:00,1774262879000,6691.5,True,False,-1,3,VWAP_TRIPLE_BULL,8,5,2.25,2.25,1.25,False,3.7.0
2026-03-23 06:49:00-04:00,1774262940000,6691.5,True,False,-1,4,VWAP_TRIPLE_BULL,8,4,2.25,2.25,1.25,False,3.7.0
2026-03-23 06:50:00-04:00,1774263000000,6686.0,True,False,1,3,VWAP_TRIPLE_BULL,9,6,2.25,2.25,1.25,False,3.7.0
2026-03-23 06:50:59-04:00,1774263059000,6687.5,True,False,1,3,VWAP_TRIPLE_BULL,8,5,2.25,2.25,1.25,False,3.7.0
2026-03-23 06:52:00-04:00,1774263120000,6690.5,True,False,-1,1,VWAP_TRIPLE_BULL,7,6,2.25,2.25,1.25,False,3.7.0
2026-03-23 06:53:00-04:00,1774263180000,6689.25,True,False,-1,1,VWAP_TRIPLE_BULL,7,6,2.25,2.25,1.25,False,3.7.0
2026-03-23 06:54:00-04:00,1774263240000,6687.25,True,False,-1,3,VWAP_TRIPLE_BULL,9,6,2.25,2.25,1.25,False,3.7.0
2026-03-23 06:54:59-04:00,1774263299000,6685.0,True,False,1,0,VWAP_TRIPLE_BULL,7,7,2.25,2.25,1.25,False,3.7.0
2026-03-23 06:56:00-04:00,1774263360000,6689.5,True,False,0,4,VWAP_TRIPLE_BULL,8,4,7.25,2.25,1.25,False,3.7.0
2026-03-23 06:57:00-04:00,1774263420000,6688.0,True,False,1,3,VWAP_TRIPLE_BULL,8,5,2.25,2.25,1.25,False,3.7.0
2026-03-23 06:57:59-04:00,1774263479000,6689.25,True,False,1,4,VWAP_TRIPLE_BULL,9,5,2.25,2.25,1.25,False,3.7.0
2026-03-23 06:59:00-04:00,1774263540000,6689.0,True,False,1,2,VWAP_TRIPLE_BULL,7,5,2.25,2.25,1.25,False,3.7.0
2026-03-23 07:00:00-04:00,1774263600000,6691.75,True,False,1,3,VWAP_TRIPLE_BULL,8,5,2.25,2.25,1.25,False,3.7.0
2026-03-23 07:00:59-04:00,1774263659000,6696.5,True,False,1,4,VWAP_TRIPLE_BULL,9,5,2.25,2.25,1.25,False,3.7.0
2026-03-23 07:02:00-04:00,1774263720000,6703.0,True,False,-1,4,VWAP_TRIPLE_BULL,11,7,2.25,2.25,1.25,False,3.7.0
2026-03-23 07:03:00-04:00,1774263780000,6701.5,True,False,0,4,VWAP_TRIPLE_BULL,10,6,-3.75,2.25,1.25,False,3.7.0
2026-03-23 07:03:59-04:00,1774263839000,6702.5,True,False,-1,4,VWAP_TRIPLE_BULL,10,6,2.25,2.25,1.25,False,3.7.0
2026-03-23 07:05:00-04:00,1774263900000,6700.25,True,False,1,4,VWAP_TRIPLE_BULL,9,5,2.25,2.25,1.25,False,3.7.0
2026-03-23 07:06:00-04:00,1774263960000,6700.25,True,False,1,4,VWAP_TRIPLE_BULL,9,5,2.25,2.25,1.25,False,3.7.0
2026-03-23 07:06:59-04:00,1774264019000,6702.5,True,False,-1,3,VWAP_TRIPLE_BULL,9,6,2.25,2.25,1.25,False,3.7.0
2026-03-23 07:08:00-04:00,1774264080000,6700.5,True,False,1,4,VWAP_TRIPLE_BULL,10,6,2.25,2.25,1.25,False,3.7.0
2026-03-23 07:09:00-04:00,1774264140000,6701.0,True,False,0,8,VWAP_TRIPLE_BULL,13,5,-13.75,2.25,1.25,False,3.7.0
2026-03-23 07:10:00-04:00,1774264200000,6702.5,True,False,-1,5,VWAP_TRIPLE_BULL,11,6,2.25,2.25,1.25,False,3.7.0
2026-03-23 07:10:59-04:00,1774264259000,6702.75,True,False,-1,5,VWAP_TRIPLE_BULL,11,6,2.25,2.25,1.25,False,3.7.0
2026-03-23 07:12:00-04:00,1774264320000,6700.5,True,False,-1,6,VWAP_TRIPLE_BULL,12,6,2.25,2.25,1.25,False,3.7.0
2026-03-23 07:13:00-04:00,1774264380000,6699.5,True,False,-1,6,VWAP_TRIPLE_BULL,11,5,2.25,2.25,1.25,False,3.7.0
2026-03-23 07:13:59-04:00,1774264439000,6699.0,True,False,-1,5,VWAP_TRIPLE_BULL,10,5,2.25,2.25,1.25,False,3.7.0
2026-03-23 07:15:00-04:00,1774264500000,6699.0,True,False,-1,4,VWAP_TRIPLE_BULL,10,6,2.25,2.25,1.25,False,3.7.0
2026-03-23 07:16:00-04:00,1774264560000,6696.75,True,False,-1,5,VWAP_TRIPLE_BULL,11,6,2.25,2.25,1.25,False,3.7.0
2026-03-23 07:16:59-04:00,1774264619000,6695.75,True,False,-1,4,VWAP_TRIPLE_BULL,10,6,2.25,2.25,1.25,False,3.7.0
2026-03-23 07:18:00-04:00,1774264680000,6695.25,True,False,-1,5,VWAP_TRIPLE_BULL,10,5,2.25,2.25,1.25,False,3.7.0
2026-03-23 07:19:00-04:00,1774264740000,6692.75,True,False,-1,6,VWAP_TRIPLE_BULL,11,5,2.25,2.25,1.25,False,3.7.0
2026-03-23 07:19:59-04:00,1774264799000,6688.25,True,False,1,1,VWAP_TRIPLE_BULL,7,6,2.25,2.25,1.25,False,3.7.0
2026-03-23 07:21:00-04:00,1774264860000,6691.75,True,False,1,5,VWAP_TRIPLE_BULL,9,4,2.25,2.25,1.25,False,3.7.0
2026-03-23 07:22:00-04:00,1774264920000,6697.0,True,False,-1,4,VWAP_TRIPLE_BULL,10,6,2.25,2.25,1.25,False,3.7.0
2026-03-23 07:23:00-04:00,1774264980000,6697.75,True,False,-1,3,VWAP_TRIPLE_BULL,9,6,2.25,2.25,1.25,False,3.7.0
2026-03-23 07:23:59-04:00,1774265039000,6698.0,True,False,-1,2,VWAP_TRIPLE_BULL,8,6,2.25,2.25,1.25,False,3.7.0
2026-03-23 07:25:00-04:00,1774265100000,6696.75,True,False,-1,3,VWAP_TRIPLE_BULL,10,7,2.25,2.25,1.25,False,3.7.0
2026-03-23 07:26:00-04:00,1774265160000,6690.5,True,False,-1,3,VWAP_TRIPLE_BULL,9,6,2.25,2.25,1.25,False,3.7.0
2026-03-23 07:26:59-04:00,1774265219000,6688.0,True,False,-1,2,VWAP_TRIPLE_BULL,9,7,2.25,2.25,1.25,False,3.7.0
2026-03-23 07:28:00-04:00,1774265280000,6686.75,True,False,1,2,VWAP_TRIPLE_BULL,9,7,2.25,2.25,1.25,False,3.7.0
2026-03-23 07:29:00-04:00,1774265340000,6687.25,True,False,0,3,VWAP_TRIPLE_BULL,9,6,-22.5,2.25,1.25,False,3.7.0
2026-03-23 07:29:59-04:00,1774265399000,6687.0,True,False,0,1,VWAP_TRIPLE_BULL,8,7,-22.25,2.25,1.25,False,3.7.0
2026-03-23 07:31:00-04:00,1774265460000,6689.0,True,False,-1,3,VWAP_TRIPLE_BULL,9,6,2.25,2.25,1.25,False,3.7.0
2026-03-23 07:32:00-04:00,1774265520000,6688.5,True,False,-1,2,VWAP_TRIPLE_BULL,9,7,2.25,2.25,1.25,False,3.7.0
2026-03-23 07:32:59-04:00,1774265579000,6685.75,True,False,-1,2,VWAP_TRIPLE_BULL,9,7,2.25,2.25,1.25,False,3.7.0
2026-03-23 07:34:00-04:00,1774265640000,6684.5,True,False,-1,3,VWAP_TRIPLE_BULL,8,5,2.25,2.25,1.25,False,3.7.0
2026-03-23 07:35:00-04:00,1774265700000,6680.75,True,False,-1,1,CONFLUENCE_BUY,7,6,2.25,2.25,1.25,False,3.7.0
2026-03-23 07:35:59-04:00,1774265759000,6675.25,True,False,-1,1,CONFLUENCE_BUY,7,6,2.25,2.25,1.25,False,3.7.0
2026-03-23 07:37:00-04:00,1774265820000,6674.0,True,False,-1,1,BN_LONG_UP,8,7,2.25,2.25,1.25,False,3.7.0
2026-03-23 07:38:00-04:00,1774265880000,6671.75,True,False,-1,3,BN_LONG_UP,9,6,2.25,2.25,1.25,False,3.7.0
2026-03-23 07:39:00-04:00,1774265940000,6670.75,True,False,-1,3,BN_LONG_UP,9,6,2.25,2.25,1.25,False,3.7.0
2026-03-23 07:39:59-04:00,1774265999000,6669.25,True,False,0,0,NONE,7,7,-30.5,2.25,1.25,False,3.7.0
2026-03-23 07:41:00-04:00,1774266060000,6671.0,True,False,-1,2,BN_LONG_UP,9,7,2.25,2.25,1.25,False,3.7.0
2026-03-23 07:42:00-04:00,1774266120000,6667.5,True,False,1,1,CONFLUENCE_BUY,7,6,2.25,2.25,1.25,False,3.7.0
2026-03-23 07:42:59-04:00,1774266179000,6667.5,True,False,1,0,NONE,6,6,2.25,2.25,1.25,False,3.7.0
2026-03-23 07:44:00-04:00,1774266240000,6669.75,True,False,-1,3,BN_LONG_UP,9,6,2.25,2.25,1.25,False,3.7.0
2026-03-23 07:45:00-04:00,1774266300000,6665.5,True,False,-1,1,CONFLUENCE_BUY,7,6,2.25,2.25,1.25,False,3.7.0
2026-03-23 07:45:59-04:00,1774266359000,6663.0,True,False,0,2,CONFLUENCE_BUY,8,6,-19.5,2.25,1.25,False,3.7.0
2026-03-23 07:47:00-04:00,1774266420000,6663.25,True,False,0,1,CONFLUENCE_BUY,7,6,-16.5,2.25,1.25,False,3.7.0
2026-03-23 07:48:00-04:00,1774266480000,6662.75,True,False,0,0,NONE,6,6,-11.5,2.25,1.25,False,3.7.0
2026-03-23 07:48:59-04:00,1774266539000,6664.75,True,False,-1,3,BN_LONG_UP,9,6,2.25,2.25,1.25,False,3.7.0
2026-03-23 07:50:00-04:00,1774266600000,6664.75,True,False,-1,1,CONFLUENCE_BUY,7,6,2.25,2.25,1.25,False,3.7.0
2026-03-23 07:51:00-04:00,1774266660000,6664.75,True,False,-1,1,CONFLUENCE_BUY,7,6,2.25,2.25,1.25,False,3.7.0
2026-03-23 07:51:59-04:00,1774266719000,6655.5,True,False,0,5,RVOL_SPIKE_SELL,6,11,-6.5,2.25,1.25,False,3.7.0
2026-03-23 07:53:00-04:00,1774266780000,6657.25,True,False,-1,2,BN_LONG_UP,9,7,2.25,2.25,1.25,False,3.7.0
2026-03-23 07:54:00-04:00,1774266840000,6650.5,True,False,-1,0,NONE,7,7,2.25,2.25,1.25,False,3.7.0
2026-03-23 07:55:00-04:00,1774266900000,6649.5,True,False,-1,2,CONFLUENCE_SELL,7,9,2.25,2.25,1.25,False,3.7.0
2026-03-23 07:55:59-04:00,1774266959000,6643.5,True,False,-1,2,CONFLUENCE_BUY,8,6,2.25,2.25,1.25,False,3.7.0
2026-03-23 07:57:00-04:00,1774267020000,6643.75,True,False,-1,2,BN_LONG_UP,9,7,2.25,2.25,1.25,False,3.7.0
2026-03-23 07:58:00-04:00,1774267080000,6636.5,True,False,1,0,VWAP_TRIPLE_BEAR,9,9,2.25,2.25,1.25,False,3.7.0
2026-03-23 07:58:59-04:00,1774267139000,6637.25,True,False,1,0,VWAP_TRIPLE_BEAR,8,8,2.25,2.25,1.25,False,3.7.0
2026-03-23 08:00:00-04:00,1774267200000,6638.75,True,False,1,1,VWAP_TRIPLE_BEAR,8,7,2.25,2.25,1.25,False,3.7.0
2026-03-23 08:01:00-04:00,1774267260000,6643.25,True,False,1,1,CONFLUENCE_BUY,7,6,2.25,2.25,1.25,False,3.7.0
2026-03-23 08:01:59-04:00,1774267319000,6647.5,True,False,-1,2,CONFLUENCE_SELL,7,9,2.25,2.25,1.25,False,3.7.0
2026-03-23 08:03:00-04:00,1774267380000,6642.5,True,False,1,0,NONE,7,7,2.25,2.25,1.25,False,3.7.0
2026-03-23 08:04:00-04:00,1774267440000,6642.25,True,False,1,0,NONE,7,7,2.25,2.25,1.25,False,3.7.0
2026-03-23 08:04:59-04:00,1774267499000,6642.75,True,False,1,1,CONFLUENCE_BUY,8,7,2.25,2.25,1.25,False,3.7.0
2026-03-23 08:06:00-04:00,1774267560000,6643.5,True,False,1,0,NONE,8,8,2.25,2.25,1.25,False,3.7.0
2026-03-23 08:07:00-04:00,1774267620000,6646.75,True,False,1,0,NONE,8,8,2.25,2.25,1.25,False,3.7.0
2026-03-23 08:08:00-04:00,1774267680000,6651.25,True,False,-1,1,CONFLUENCE_BUY,8,7,2.25,2.25,1.25,False,3.7.0
2026-03-23 08:08:59-04:00,1774267739000,6646.5,True,False,1,2,CONFLUENCE_SELL,7,9,2.25,2.25,1.25,False,3.7.0
2026-03-23 08:10:00-04:00,1774267800000,6646.0,True,False,1,0,NONE,8,8,2.25,2.25,1.25,False,3.7.0
2026-03-23 08:11:00-04:00,1774267860000,6647.75,True,False,0,2,BN_LONG_UP,10,8,-21.0,2.25,1.25,False,3.7.0
2026-03-23 08:11:59-04:00,1774267919000,6649.0,True,False,-1,2,BN_LONG_UP,10,8,2.25,2.25,1.25,False,3.7.0
2026-03-23 08:13:00-04:00,1774267980000,6647.5,True,False,-1,0,NONE,8,8,2.25,2.25,1.25,False,3.7.0
2026-03-23 08:14:00-04:00,1774268040000,6648.25,True,False,-1,1,CONFLUENCE_SELL,8,9,2.25,2.25,1.25,False,3.7.0
2026-03-23 08:14:59-04:00,1774268099000,6644.25,True,False,-1,2,CONFLUENCE_SELL,6,8,2.25,2.25,1.25,False,3.7.0
2026-03-23 08:16:00-04:00,1774268160000,6643.75,True,False,-1,0,NONE,7,7,2.25,2.25,1.25,False,3.7.0
2026-03-23 08:17:00-04:00,1774268220000,6638.25,True,False,-1,0,VWAP_TRIPLE_BEAR,8,8,2.25,2.25,1.25,False,3.7.0
2026-03-23 08:17:59-04:00,1774268279000,6638.5,True,False,-1,2,VWAP_TRIPLE_BEAR,10,8,2.25,2.25,1.25,False,3.7.0
2026-03-23 08:19:00-04:00,1774268340000,6637.5,True,False,-1,0,VWAP_TRIPLE_BEAR,8,8,2.25,2.25,1.25,False,3.7.0
2026-03-23 08:20:00-04:00,1774268400000,6633.5,True,False,1,1,VWAP_TRIPLE_BEAR,9,8,2.25,2.25,1.25,False,3.7.0
2026-03-23 08:20:59-04:00,1774268459000,6636.5,True,False,-1,1,VWAP_TRIPLE_BEAR,8,9,2.25,2.25,1.25,False,3.7.0
2026-03-23 08:22:00-04:00,1774268520000,6633.5,True,False,-1,1,VWAP_TRIPLE_BEAR,7,8,2.25,2.25,1.25,False,3.7.0
2026-03-23 08:23:00-04:00,1774268580000,6632.5,True,False,0,1,VWAP_TRIPLE_BEAR,7,8,2.5,2.25,1.25,False,3.7.0
2026-03-23 08:24:00-04:00,1774268640000,6633.75,True,False,-1,2,VWAP_TRIPLE_BEAR,10,8,2.25,2.25,1.25,False,3.7.0
2026-03-23 08:24:59-04:00,1774268699000,6629.75,True,False,-1,2,VWAP_TRIPLE_BEAR,8,10,2.25,2.25,1.25,False,3.7.0
2026-03-23 08:26:00-04:00,1774268760000,6628.25,True,False,0,0,VWAP_TRIPLE_BEAR,8,8,9.75,2.25,1.25,False,3.7.0
2026-03-23 08:27:00-04:00,1774268820000,6627.5,True,False,1,0,VWAP_TRIPLE_BEAR,8,8,2.25,2.25,1.25,False,3.7.0
2026-03-23 08:27:59-04:00,1774268879000,6629.75,True,False,-1,2,VWAP_TRIPLE_BEAR,10,8,2.25,2.25,1.25,False,3.7.0
2026-03-23 08:29:00-04:00,1774268940000,6618.0,True,False,1,6,VWAP_TRIPLE_BEAR,7,13,2.25,2.25,1.25,False,3.7.0
2026-03-23 08:30:00-04:00,1774269000000,6619.5,True,False,1,2,VWAP_TRIPLE_BEAR,7,9,2.25,2.25,1.25,False,3.7.0
2026-03-23 08:30:59-04:00,1774269059000,6626.75,True,False,1,2,VWAP_TRIPLE_BEAR,6,8,2.25,2.25,1.25,False,3.7.0
2026-03-23 08:32:00-04:00,1774269120000,6626.25,True,False,1,2,VWAP_TRIPLE_BEAR,6,8,2.25,2.25,1.25,False,3.7.0
2026-03-23 08:33:00-04:00,1774269180000,6627.0,True,False,1,2,VWAP_TRIPLE_BEAR,6,8,2.25,2.25,1.25,False,3.7.0
2026-03-23 08:33:59-04:00,1774269239000,6633.0,True,False,1,3,VWAP_TRIPLE_BEAR,11,8,2.25,2.25,1.25,False,3.7.0
2026-03-23 08:35:00-04:00,1774269300000,6635.5,True,False,-1,2,VWAP_TRIPLE_BEAR,7,9,2.25,2.25,1.25,False,3.7.0
2026-03-23 08:36:00-04:00,1774269360000,6635.25,True,False,-1,0,VWAP_TRIPLE_BEAR,9,9,2.25,2.25,1.25,False,3.7.0
2026-03-23 08:36:59-04:00,1774269419000,6636.25,True,False,-1,2,VWAP_TRIPLE_BEAR,7,9,2.25,2.25,1.25,False,3.7.0
2026-03-23 08:38:00-04:00,1774269480000,6633.5,True,False,0,2,VWAP_TRIPLE_BEAR,7,9,0.0,2.25,1.25,False,3.7.0
2026-03-23 08:39:00-04:00,1774269540000,6631.75,True,False,1,0,VWAP_TRIPLE_BEAR,8,8,2.25,2.25,1.25,False,3.7.0
2026-03-23 08:40:00-04:00,1774269600000,6635.0,True,False,1,0,VWAP_TRIPLE_BEAR,8,8,2.25,2.25,1.25,False,3.7.0
2026-03-23 08:40:59-04:00,1774269659000,6636.25,True,False,0,1,VWAP_TRIPLE_BEAR,8,7,-1.25,2.25,1.25,False,3.7.0
2026-03-23 08:42:00-04:00,1774269720000,6636.25,True,False,0,2,VWAP_TRIPLE_BEAR,8,6,-6.5,2.25,1.25,False,3.7.0
2026-03-23 08:43:00-04:00,1774269780000,6635.0,True,False,1,0,VWAP_TRIPLE_BEAR,8,8,2.25,2.25,1.25,False,3.7.0
2026-03-23 08:43:59-04:00,1774269839000,6637.75,True,False,1,2,VWAP_TRIPLE_BEAR,8,6,2.25,2.25,1.25,False,3.7.0
2026-03-23 08:45:00-04:00,1774269900000,6643.0,True,False,-1,2,CONFLUENCE_BUY,8,6,2.25,2.25,1.25,False,3.7.0
2026-03-23 08:46:00-04:00,1774269960000,6638.0,True,False,1,1,VWAP_TRIPLE_BEAR,8,7,2.25,2.25,1.25,False,3.7.0
2026-03-23 08:46:59-04:00,1774270019000,6638.5,True,False,0,4,VWAP_TRIPLE_BEAR,11,7,-5.75,2.25,1.25,False,3.7.0
2026-03-23 08:48:00-04:00,1774270080000,6639.0,True,False,0,2,VWAP_TRIPLE_BEAR,9,7,-4.5,2.25,1.25,False,3.7.0
2026-03-23 08:49:00-04:00,1774270140000,6640.25,True,False,-1,2,CONFLUENCE_BUY,9,7,2.25,2.25,1.25,False,3.7.0
2026-03-23 08:49:59-04:00,1774270199000,6639.25,True,False,-1,1,VWAP_TRIPLE_BEAR,9,8,2.25,2.25,1.25,False,3.7.0
2026-03-23 08:51:00-04:00,1774270260000,6634.25,True,False,1,1,VWAP_TRIPLE_BEAR,9,8,2.25,2.25,1.25,False,3.7.0
2026-03-23 08:52:00-04:00,1774270320000,6635.0,True,False,1,1,VWAP_TRIPLE_BEAR,8,7,2.25,2.25,1.25,False,3.7.0
2026-03-23 08:53:00-04:00,1774270380000,6637.75,True,False,-1,1,VWAP_TRIPLE_BEAR,8,7,2.25,2.25,1.25,False,3.7.0
2026-03-23 08:53:59-04:00,1774270439000,6636.0,True,False,-1,2,VWAP_TRIPLE_BEAR,9,7,2.25,2.25,1.25,False,3.7.0
2026-03-23 08:55:00-04:00,1774270500000,6635.5,True,False,-1,2,VWAP_TRIPLE_BEAR,8,6,2.25,2.25,1.25,False,3.7.0
2026-03-23 08:56:00-04:00,1774270560000,6635.0,True,False,-1,3,VWAP_TRIPLE_BEAR,10,7,2.25,2.25,1.25,False,3.7.0
2026-03-23 08:56:59-04:00,1774270619000,6631.0,True,False,1,2,VWAP_TRIPLE_BEAR,7,9,2.25,2.25,1.25,False,3.7.0
2026-03-23 08:58:00-04:00,1774270680000,6633.5,True,False,0,0,VWAP_TRIPLE_BEAR,7,7,-4.25,2.25,1.25,False,3.7.0
2026-03-23 08:59:00-04:00,1774270740000,6632.75,True,False,1,3,VWAP_TRIPLE_BEAR,7,10,2.25,2.25,1.25,False,3.7.0
2026-03-23 08:59:59-04:00,1774270799000,6635.5,True,False,-1,1,VWAP_TRIPLE_BEAR,8,7,2.25,2.25,1.25,False,3.7.0
2026-03-23 09:01:00-04:00,1774270860000,6635.0,True,False,-1,1,VWAP_TRIPLE_BEAR,8,9,2.25,2.25,1.25,False,3.7.0
2026-03-23 09:02:00-04:00,1774270920000,6629.75,True,False,-1,1,VWAP_TRIPLE_BEAR,7,8,2.25,2.25,1.25,False,3.7.0
2026-03-23 09:02:59-04:00,1774270979000,6630.75,True,False,-1,1,VWAP_TRIPLE_BEAR,7,6,2.25,2.25,1.25,False,3.7.0
2026-03-23 09:04:00-04:00,1774271040000,6627.5,True,False,1,2,VWAP_TRIPLE_BEAR,6,8,2.25,2.25,1.25,False,3.7.0
2026-03-23 09:05:00-04:00,1774271100000,6628.0,True,False,1,1,VWAP_TRIPLE_BEAR,9,8,2.25,2.25,1.25,False,3.7.0
2026-03-23 09:05:59-04:00,1774271159000,6628.0,True,False,1,2,VWAP_TRIPLE_BEAR,9,7,2.25,2.25,1.25,False,3.7.0
2026-03-23 09:07:00-04:00,1774271220000,6632.75,True,False,1,1,VWAP_TRIPLE_BEAR,8,7,2.25,2.25,1.25,False,3.7.0
2026-03-23 09:08:00-04:00,1774271280000,6634.5,True,False,1,2,VWAP_TRIPLE_BEAR,9,7,2.25,2.25,1.25,False,3.7.0
2026-03-23 09:09:00-04:00,1774271340000,6638.0,True,False,-1,0,VWAP_TRIPLE_BEAR,7,7,2.25,2.25,1.25,False,3.7.0
2026-03-23 09:09:59-04:00,1774271399000,6635.75,True,False,0,2,VWAP_TRIPLE_BEAR,9,7,-3.25,2.25,1.25,False,3.7.0
2026-03-23 09:11:00-04:00,1774271460000,6637.25,True,False,-1,1,VWAP_TRIPLE_BEAR,8,7,2.25,2.25,1.25,False,3.7.0
2026-03-23 09:12:00-04:00,1774271520000,6637.0,True,False,-1,1,VWAP_TRIPLE_BEAR,8,7,2.25,2.25,1.25,False,3.7.0
2026-03-23 09:12:59-04:00,1774271579000,6637.5,True,False,-1,2,VWAP_TRIPLE_BEAR,8,6,2.25,2.25,1.25,False,3.7.0
2026-03-23 09:14:00-04:00,1774271640000,6630.25,True,False,-1,1,VWAP_TRIPLE_BEAR,8,9,2.25,2.25,1.25,False,3.7.0
2026-03-23 09:15:00-04:00,1774271700000,6630.0,True,False,-1,2,VWAP_TRIPLE_BEAR,6,8,2.25,2.25,1.25,False,3.7.0
2026-03-23 09:15:59-04:00,1774271759000,6627.5,True,False,1,4,VWAP_TRIPLE_BEAR,7,11,2.25,2.25,1.25,False,3.7.0
2026-03-23 09:17:00-04:00,1774271820000,6630.25,True,False,-1,0,VWAP_TRIPLE_BEAR,8,8,2.25,2.25,1.25,False,3.7.0
2026-03-23 09:18:00-04:00,1774271880000,6629.25,True,False,-1,0,VWAP_TRIPLE_BEAR,8,8,2.25,2.25,1.25,False,3.7.0
2026-03-23 09:18:59-04:00,1774271939000,6628.5,True,False,-1,0,VWAP_TRIPLE_BEAR,7,7,2.25,2.25,1.25,False,3.7.0
2026-03-23 09:20:00-04:00,1774272000000,6620.75,True,False,1,1,VWAP_TRIPLE_BEAR,8,9,2.25,2.25,1.25,False,3.7.0
2026-03-23 09:21:00-04:00,1774272060000,6622.75,True,False,1,1,VWAP_TRIPLE_BEAR,9,8,2.25,2.25,1.25,False,3.7.0
2026-03-23 09:21:59-04:00,1774272119000,6624.75,True,False,1,2,VWAP_TRIPLE_BEAR,10,8,2.25,2.25,1.25,False,3.7.0
2026-03-23 09:23:00-04:00,1774272180000,6626.5,True,False,0,1,VWAP_TRIPLE_BEAR,7,8,17.5,2.25,1.25,False,3.7.0
2026-03-23 09:24:00-04:00,1774272240000,6624.5,True,False,1,2,VWAP_TRIPLE_BEAR,7,9,2.25,2.25,1.25,False,3.7.0
2026-03-23 09:25:00-04:00,1774272300000,6629.5,True,False,1,2,VWAP_TRIPLE_BEAR,9,7,2.25,2.25,1.25,False,3.7.0
2026-03-23 09:25:59-04:00,1774272359000,6631.75,True,False,-1,4,VWAP_TRIPLE_BEAR,11,7,2.25,2.25,1.25,False,3.7.0
2026-03-23 09:27:00-04:00,1774272420000,6630.75,True,False,0,0,VWAP_TRIPLE_BEAR,9,9,12.25,2.25,1.25,False,3.7.0
2026-03-23 09:28:00-04:00,1774272480000,6629.25,True,False,1,1,VWAP_TRIPLE_BEAR,8,9,2.25,2.25,1.25,False,3.7.0
2026-03-23 09:28:59-04:00,1774272539000,6629.75,True,False,1,4,VWAP_TRIPLE_BEAR,11,7,2.25,2.25,1.25,False,3.7.0
2026-03-23 09:30:00-04:00,1774272600000,6632.5,True,False,1,2,VWAP_TRIPLE_BEAR,9,7,2.25,2.25,1.25,False,3.7.0
2026-03-23 09:31:00-04:00,1774272660000,6635.5,True,False,-1,3,VWAP_TRIPLE_BEAR,10,7,2.25,2.25,1.25,False,3.7.0
2026-03-23 09:31:59-04:00,1774272719000,6633.25,True,False,1,1,VWAP_TRIPLE_BEAR,8,7,2.25,2.25,1.25,False,3.7.0
2026-03-23 09:33:00-04:00,1774272780000,6645.75,True,False,1,0,RVOL_SPIKE_BUY,8,8,2.25,2.25,1.25,False,3.7.0
2026-03-23 09:34:00-04:00,1774272840000,6647.75,True,False,1,0,BN_LONG_UP,7,7,2.25,2.25,1.25,False,3.7.0
2026-03-23 09:34:59-04:00,1774272899000,6655.25,True,False,0,6,RVOL_SPIKE_BUY,12,6,-1.75,2.25,1.25,False,3.7.0
2026-03-23 09:36:00-04:00,1774272960000,6657.25,True,False,-1,3,BN_LONG_UP,9,6,2.25,2.25,1.25,False,3.7.0
2026-03-23 09:37:00-04:00,1774273020000,6656.0,True,False,-1,1,CONFLUENCE_BUY,7,6,2.25,2.25,1.25,False,3.7.0
2026-03-23 09:38:00-04:00,1774273080000,6653.25,True,False,1,2,CONFLUENCE_BUY,8,6,2.25,2.25,1.25,False,3.7.0
2026-03-23 09:38:59-04:00,1774273139000,6655.5,True,False,-1,1,CONFLUENCE_BUY,7,6,2.25,2.25,1.25,False,3.7.0
2026-03-23 09:40:00-04:00,1774273200000,6654.0,True,False,-1,0,BN_LONG_DN,8,8,2.25,2.25,1.25,False,3.7.0
2026-03-23 09:41:00-04:00,1774273260000,6649.5,True,False,-1,0,NONE,7,7,2.25,2.25,1.25,False,3.7.0
2026-03-23 09:41:59-04:00,1774273319000,6649.0,True,False,-1,1,BN_LONG_UP,8,7,2.25,2.25,1.25,False,3.7.0
2026-03-23 09:43:00-04:00,1774273380000,6644.0,True,False,1,1,RVOL_SPIKE_SELL,9,10,2.25,2.25,1.25,False,3.7.0
2026-03-23 09:44:00-04:00,1774273440000,6644.75,True,False,0,3,BN_LONG_UP,9,6,14.25,2.25,1.25,False,3.7.0
2026-03-23 09:44:59-04:00,1774273499000,6643.5,True,False,1,5,BN_LONG_UP,10,5,2.25,2.25,1.25,False,3.7.0
2026-03-23 09:46:00-04:00,1774273560000,6643.5,True,False,1,2,CONFLUENCE_BUY,8,6,2.25,2.25,1.25,False,3.7.0
2026-03-23 09:47:00-04:00,1774273620000,6643.0,True,False,1,3,CONFLUENCE_BUY,9,6,2.25,2.25,1.25,False,3.7.0
2026-03-23 09:47:59-04:00,1774273679000,6645.0,True,False,1,2,CONFLUENCE_BUY,8,6,2.25,2.25,1.25,False,3.7.0
2026-03-23 09:49:00-04:00,1774273740000,6644.5,True,False,1,3,BN_LONG_UP,9,6,2.25,2.25,1.25,False,3.7.0
2026-03-23 09:50:00-04:00,1774273800000,6647.0,True,False,1,2,BN_LONG_DN,7,9,2.25,2.25,1.25,False,3.7.0
2026-03-23 09:50:59-04:00,1774273859000,6648.0,True,False,1,1,BN_LONG_UP,8,7,2.25,2.25,1.25,False,3.7.0
2026-03-23 09:52:00-04:00,1774273920000,6648.0,True,False,1,0,NONE,7,7,2.25,2.25,1.25,False,3.7.0
2026-03-23 09:53:00-04:00,1774273980000,6649.5,True,False,1,0,NONE,7,7,2.25,2.25,1.25,False,3.7.0
2026-03-23 09:54:00-04:00,1774274040000,6651.25,True,False,1,2,CONFLUENCE_BUY,8,6,2.25,2.25,1.25,False,3.7.0
2026-03-23 09:54:59-04:00,1774274099000,6653.5,True,False,1,3,CONFLUENCE_BUY,8,5,2.25,2.25,1.25,False,3.7.0
2026-03-23 09:56:00-04:00,1774274160000,6655.0,True,False,1,1,CONFLUENCE_BUY,7,6,2.25,2.25,1.25,False,3.7.0
2026-03-23 09:57:00-04:00,1774274220000,6655.5,True,False,1,2,CONFLUENCE_BUY,7,5,2.25,2.25,1.25,False,3.7.0
2026-03-23 09:57:59-04:00,1774274279000,6657.25,True,False,0,3,BN_LONG_UP,9,6,-4.5,2.25,1.25,False,3.7.0
2026-03-23 09:59:00-04:00,1774274340000,6658.0,True,False,-1,4,BN_LONG_UP,10,6,2.25,2.25,1.25,False,3.7.0
2026-03-23 10:00:00-04:00,1774274400000,6656.75,True,False,1,1,CONFLUENCE_BUY,7,6,2.25,2.25,1.25,False,3.7.0
2026-03-23 10:00:59-04:00,1774274459000,6656.0,True,False,1,1,CONFLUENCE_SELL,6,7,2.25,2.25,1.25,False,3.7.0
2026-03-23 10:02:00-04:00,1774274520000,6656.25,True,False,1,2,CONFLUENCE_BUY,7,5,2.25,2.25,1.25,False,3.7.0
2026-03-23 10:03:00-04:00,1774274580000,6658.5,True,False,-1,1,CONFLUENCE_BUY,7,6,2.25,2.25,1.25,False,3.7.0
2026-03-23 10:03:59-04:00,1774274639000,6659.0,True,False,-1,1,CONFLUENCE_BUY,8,7,2.25,2.25,1.25,False,3.7.0
2026-03-23 10:05:00-04:00,1774274700000,6657.75,True,False,-1,0,NONE,7,7,2.25,2.25,1.25,False,3.7.0
2026-03-23 10:06:00-04:00,1774274760000,6655.0,True,False,-1,1,CONFLUENCE_BUY,8,7,2.25,2.25,1.25,False,3.7.0
2026-03-23 10:06:59-04:00,1774274819000,6644.5,True,False,1,2,BN_LONG_UP,9,7,2.25,2.25,1.25,False,3.7.0
2026-03-23 10:08:00-04:00,1774274880000,6651.75,True,False,1,3,CONFLUENCE_BUY,8,5,2.25,2.25,1.25,False,3.7.0
2026-03-23 10:09:00-04:00,1774274940000,6651.75,True,False,1,2,CONFLUENCE_BUY,8,6,2.25,2.25,1.25,False,3.7.0
2026-03-23 10:10:00-04:00,1774275000000,6654.75,True,False,1,0,BN_LONG_DN,8,8,2.25,2.25,1.25,False,3.7.0
2026-03-23 10:10:59-04:00,1774275059000,6657.25,True,False,-1,0,NONE,7,7,2.25,2.25,1.25,False,3.7.0
2026-03-23 10:12:00-04:00,1774275120000,6653.5,True,False,0,4,BN_LONG_UP,10,6,3.0,2.25,1.25,False,3.7.0
2026-03-23 10:13:00-04:00,1774275180000,6655.5,True,False,-1,3,CONFLUENCE_BUY,8,5,2.25,2.25,1.25,False,3.7.0
2026-03-23 10:13:59-04:00,1774275239000,6653.5,True,False,0,0,BN_LONG_DN,8,8,12.75,2.25,1.25,False,3.7.0
2026-03-23 10:15:00-04:00,1774275300000,6655.0,True,False,-1,3,CONFLUENCE_BUY,8,5,2.25,2.25,1.25,False,3.7.0
2026-03-23 10:16:00-04:00,1774275360000,6649.0,True,False,1,1,BN_LONG_UP,7,8,2.25,2.25,1.25,False,3.7.0
2026-03-23 10:16:59-04:00,1774275419000,6650.5,True,False,1,0,NONE,7,7,2.25,2.25,1.25,False,3.7.0
2026-03-23 10:18:00-04:00,1774275480000,6652.75,True,False,-1,2,CONFLUENCE_BUY,8,6,2.25,2.25,1.25,False,3.7.0
2026-03-23 10:19:00-04:00,1774275540000,6651.25,True,False,0,1,BN_LONG_UP,8,7,16.25,2.25,1.25,False,3.7.0
2026-03-23 10:19:59-04:00,1774275599000,6651.0,True,False,0,1,CONFLUENCE_SELL,6,7,15.25,2.25,1.25,False,3.7.0
2026-03-23 10:21:00-04:00,1774275660000,6652.25,True,False,-1,3,CONFLUENCE_BUY,9,6,2.25,2.25,1.25,False,3.7.0
2026-03-23 10:22:00-04:00,1774275720000,6649.25,True,False,1,0,BN_LONG_UP,8,8,2.25,2.25,1.25,False,3.7.0
2026-03-23 10:23:00-04:00,1774275780000,6651.5,True,False,1,2,BN_LONG_DN,7,9,2.25,2.25,1.25,False,3.7.0
2026-03-23 10:23:59-04:00,1774275839000,6652.5,True,False,0,1,CONFLUENCE_BUY,7,6,12.75,2.25,1.25,False,3.7.0
2026-03-23 10:25:00-04:00,1774275900000,6653.5,True,False,-1,1,CONFLUENCE_BUY,7,6,2.25,2.25,1.25,False,3.7.0
2026-03-23 10:26:00-04:00,1774275960000,6653.5,True,False,-1,3,CONFLUENCE_BUY,8,5,2.25,2.25,1.25,False,3.7.0
2026-03-23 10:26:59-04:00,1774276019000,6652.25,True,False,0,0,NONE,7,7,15.75,2.25,1.25,False,3.7.0
2026-03-23 10:28:00-04:00,1774276080000,6652.25,True,False,0,2,CONFLUENCE_BUY,8,6,15.25,2.25,1.25,False,3.7.0
2026-03-23 10:29:00-04:00,1774276140000,6651.0,True,False,1,2,BN_LONG_DN,7,9,2.25,2.25,1.25,False,3.7.0
2026-03-23 10:29:59-04:00,1774276199000,6656.0,True,False,1,2,BN_LONG_UP,8,6,2.25,2.25,1.25,False,3.7.0
2026-03-23 10:31:00-04:00,1774276260000,6656.0,True,False,1,1,BN_LONG_DN,8,9,2.25,2.25,1.25,False,3.7.0
2026-03-23 10:32:00-04:00,1774276320000,6656.5,True,False,1,0,BN_LONG_DN,8,8,2.25,2.25,1.25,False,3.7.0
2026-03-23 10:32:59-04:00,1774276379000,6662.75,True,False,1,2,RVOL_SPIKE_BUY,8,6,2.25,2.25,1.25,False,3.7.0
2026-03-23 10:34:00-04:00,1774276440000,6666.25,True,False,1,3,BN_LONG_UP,8,5,2.25,2.25,1.25,False,3.7.0
2026-03-23 10:35:00-04:00,1774276500000,6667.25,True,False,1,3,RVOL_SPIKE_BUY,10,7,2.25,2.25,1.25,False,3.7.0
2026-03-23 10:35:59-04:00,1774276559000,6670.5,True,False,0,2,CONFLUENCE_BUY,7,5,-5.0,2.25,1.25,False,3.7.0
2026-03-23 10:37:00-04:00,1774276620000,6672.25,True,False,-1,2,BN_LONG_UP,8,6,2.25,2.25,1.25,False,3.7.0
2026-03-23 10:38:00-04:00,1774276680000,6672.0,True,False,-1,1,BN_LONG_DN,6,7,2.25,2.25,1.25,False,3.7.0
2026-03-23 10:39:00-04:00,1774276740000,6667.5,True,False,-1,1,RVOL_SPIKE_SELL,8,7,2.25,2.25,1.25,False,3.7.0
2026-03-23 10:39:59-04:00,1774276799000,6666.25,True,False,-1,2,CONFLUENCE_BUY,7,5,2.25,2.25,1.25,False,3.7.0
2026-03-23 10:41:00-04:00,1774276860000,6664.0,True,False,1,2,CONFLUENCE_BUY,7,5,2.25,2.25,1.25,False,3.7.0
2026-03-23 10:42:00-04:00,1774276920000,6665.75,True,False,1,0,BN_LONG_DN,7,7,2.25,2.25,1.25,False,3.7.0
2026-03-23 10:42:59-04:00,1774276979000,6666.25,True,False,1,3,BN_LONG_UP,9,6,2.25,2.25,1.25,False,3.7.0
2026-03-23 10:44:00-04:00,1774277040000,6665.25,True,False,1,1,CONFLUENCE_BUY,7,6,2.25,2.25,1.25,False,3.7.0
2026-03-23 10:45:00-04:00,1774277100000,6666.75,True,False,1,1,CONFLUENCE_BUY,7,6,2.25,2.25,1.25,False,3.7.0
2026-03-23 10:45:59-04:00,1774277159000,6667.5,True,False,0,3,BN_LONG_UP,9,6,-4.5,2.25,1.25,False,3.7.0
2026-03-23 10:47:00-04:00,1774277220000,6668.0,True,False,0,2,CONFLUENCE_BUY,8,6,-5.5,2.25,1.25,False,3.7.0
2026-03-23 10:48:00-04:00,1774277280000,6667.5,True,False,0,1,CONFLUENCE_BUY,7,6,-4.0,2.25,1.25,False,3.7.0
2026-03-23 10:48:59-04:00,1774277339000,6669.25,True,False,-1,1,CONFLUENCE_BUY,8,7,2.25,2.25,1.25,False,3.7.0
2026-03-23 10:50:00-04:00,1774277400000,6665.25,True,False,1,1,CONFLUENCE_BUY,6,5,2.25,2.25,1.25,False,3.7.0
2026-03-23 10:51:00-04:00,1774277460000,6667.25,True,False,-1,0,NONE,6,6,2.25,2.25,1.25,False,3.7.0
2026-03-23 10:51:59-04:00,1774277519000,6665.25,True,False,1,1,CONFLUENCE_BUY,7,6,2.25,2.25,1.25,False,3.7.0
2026-03-23 10:53:00-04:00,1774277580000,6666.0,True,False,1,3,CONFLUENCE_BUY,8,5,2.25,2.25,1.25,False,3.7.0
2026-03-23 10:54:00-04:00,1774277640000,6666.25,True,False,0,1,CONFLUENCE_BUY,7,6,-7.5,2.25,1.25,False,3.7.0
2026-03-23 10:55:00-04:00,1774277700000,6666.0,True,False,1,4,BN_LONG_UP,9,5,2.25,2.25,1.25,False,3.7.0
2026-03-23 10:55:59-04:00,1774277759000,6665.5,True,False,1,2,BN_LONG_UP,8,6,2.25,2.25,1.25,False,3.7.0
2026-03-23 10:57:00-04:00,1774277820000,6666.25,True,False,0,2,CONFLUENCE_BUY,7,5,-11.25,2.25,1.25,False,3.7.0
2026-03-23 10:58:00-04:00,1774277880000,6668.25,True,False,-1,0,NONE,8,8,2.25,2.25,1.25,False,3.7.0
2026-03-23 10:58:59-04:00,1774277939000,6667.0,True,False,-1,2,BN_LONG_UP,8,6,2.25,2.25,1.25,False,3.7.0
2026-03-23 11:00:00-04:00,1774278000000,6663.75,True,False,0,2,CONFLUENCE_BUY,8,6,-9.5,2.25,1.25,False,3.7.0
2026-03-23 11:01:00-04:00,1774278060000,6663.75,True,False,0,1,CONFLUENCE_BUY,7,6,-10.25,2.25,1.25,False,3.7.0
2026-03-23 11:01:59-04:00,1774278119000,6665.0,True,False,-1,3,BN_LONG_UP,8,5,2.25,2.25,1.25,False,3.7.0
2026-03-23 11:03:00-04:00,1774278180000,6662.5,True,False,0,1,CONFLUENCE_BUY,7,6,-9.75,2.25,1.25,False,3.7.0
2026-03-23 11:04:00-04:00,1774278240000,6663.5,True,False,-1,3,BN_LONG_UP,9,6,2.25,2.25,1.25,False,3.7.0
2026-03-23 11:04:59-04:00,1774278299000,6663.25,True,False,-1,0,NONE,6,6,2.25,2.25,1.25,False,3.7.0
2026-03-23 11:06:00-04:00,1774278360000,6663.0,True,False,0,1,CONFLUENCE_BUY,7,6,-12.5,2.25,1.25,False,3.7.0
2026-03-23 11:07:00-04:00,1774278420000,6662.5,True,False,0,0,NONE,7,7,-12.5,2.25,1.25,False,3.7.0
2026-03-23 11:08:00-04:00,1774278480000,6663.5,True,False,-1,2,CONFLUENCE_BUY,8,6,2.25,2.25,1.25,False,3.7.0
2026-03-23 11:08:59-04:00,1774278539000,6664.25,True,False,-1,2,CONFLUENCE_BUY,7,5,2.25,2.25,1.25,False,3.7.0
2026-03-23 11:10:00-04:00,1774278600000,6661.5,True,False,-1,2,BN_LONG_UP,9,7,2.25,2.25,1.25,False,3.7.0
2026-03-23 11:11:00-04:00,1774278660000,6661.25,True,False,-1,0,NONE,6,6,2.25,2.25,1.25,False,3.7.0
2026-03-23 11:11:59-04:00,1774278719000,6660.0,True,False,-1,1,CONFLUENCE_BUY,7,6,2.25,2.25,1.25,False,3.7.0
2026-03-23 11:13:00-04:00,1774278780000,6659.5,True,False,-1,2,CONFLUENCE_BUY,7,5,2.25,2.25,1.25,False,3.7.0
2026-03-23 11:14:00-04:00,1774278840000,6658.75,True,False,-1,1,CONFLUENCE_BUY,7,6,2.25,2.25,1.25,False,3.7.0
2026-03-23 11:14:59-04:00,1774278899000,6657.25,True,False,-1,1,BN_LONG_UP,8,7,2.25,2.25,1.25,False,3.7.0
2026-03-23 11:16:00-04:00,1774278960000,6654.0,True,False,0,1,CONFLUENCE_BUY,8,7,-3.25,2.25,1.25,False,3.7.0
2026-03-23 11:17:00-04:00,1774279020000,6655.0,True,False,-1,1,CONFLUENCE_SELL,6,7,2.25,2.25,1.25,False,3.7.0
2026-03-23 11:17:59-04:00,1774279079000,6654.25,True,False,0,0,NONE,7,7,0.5,2.25,1.25,False,3.7.0
2026-03-23 11:19:00-04:00,1774279140000,6656.0,True,False,-1,2,CONFLUENCE_BUY,8,6,2.25,2.25,1.25,False,3.7.0
2026-03-23 11:20:00-04:00,1774279200000,6654.25,True,False,-1,1,CONFLUENCE_BUY,8,7,2.25,2.25,1.25,False,3.7.0
2026-03-23 11:20:59-04:00,1774279259000,6653.5,True,False,-1,1,CONFLUENCE_BUY,8,7,2.25,2.25,1.25,False,3.7.0
2026-03-23 11:22:00-04:00,1774279320000,6652.75,True,False,-1,1,CONFLUENCE_BUY,8,7,2.25,2.25,1.25,False,3.7.0
2026-03-23 11:23:00-04:00,1774279380000,6652.75,True,False,-1,4,BN_LONG_UP,10,6,2.25,2.25,1.25,False,3.7.0
2026-03-23 11:24:00-04:00,1774279440000,6652.75,True,False,-1,2,BN_LONG_DN,7,9,2.25,2.25,1.25,False,3.7.0
2026-03-23 11:24:59-04:00,1774279499000,6652.5,True,False,-1,2,BN_LONG_UP,8,6,2.25,2.25,1.25,False,3.7.0
2026-03-23 11:26:00-04:00,1774279560000,6650.5,True,False,1,1,CONFLUENCE_BUY,7,6,2.25,2.25,1.25,False,3.7.0
2026-03-23 11:27:00-04:00,1774279620000,6650.0,True,False,1,1,CONFLUENCE_SELL,6,7,2.25,2.25,1.25,False,3.7.0
2026-03-23 11:27:59-04:00,1774279679000,6652.5,True,False,-1,3,BN_LONG_UP,9,6,2.25,2.25,1.25,False,3.7.0
2026-03-23 11:29:00-04:00,1774279740000,6650.75,True,False,0,1,CONFLUENCE_BUY,7,6,5.0,2.25,1.25,False,3.7.0
2026-03-23 11:30:00-04:00,1774279800000,6651.5,True,False,0,1,BN_LONG_DN,7,8,-0.5,2.25,1.25,False,3.7.0
2026-03-23 11:30:59-04:00,1774279859000,6650.0,True,False,1,0,NONE,7,7,2.25,2.25,1.25,False,3.7.0
2026-03-23 11:32:00-04:00,1774279920000,6650.75,True,False,0,0,NONE,6,6,-1.75,2.25,1.25,False,3.7.0
2026-03-23 11:33:00-04:00,1774279980000,6652.0,True,False,-1,1,CONFLUENCE_BUY,7,6,2.25,2.25,1.25,False,3.7.0
2026-03-23 11:33:59-04:00,1774280039000,6651.0,True,False,0,2,CONFLUENCE_BUY,7,5,-5.75,2.25,1.25,False,3.7.0
2026-03-23 11:35:00-04:00,1774280100000,6649.5,True,False,1,2,CONFLUENCE_SELL,5,7,2.25,2.25,1.25,False,3.7.0
2026-03-23 11:36:00-04:00,1774280160000,6650.75,True,False,1,3,CONFLUENCE_BUY,8,5,2.25,2.25,1.25,False,3.7.0
2026-03-23 11:36:59-04:00,1774280219000,6651.0,True,False,1,2,CONFLUENCE_BUY,7,5,2.25,2.25,1.25,False,3.7.0
2026-03-23 11:38:00-04:00,1774280280000,6654.75,True,False,-1,1,CONFLUENCE_SELL,7,8,2.25,2.25,1.25,False,3.7.0
2026-03-23 11:39:00-04:00,1774280340000,6653.5,True,False,0,2,BN_LONG_DN,7,9,-22.0,2.25,1.25,False,3.7.0
2026-03-23 11:40:00-04:00,1774280400000,6654.25,True,False,0,1,CONFLUENCE_BUY,8,7,-29.0,2.25,1.25,False,3.7.0
2026-03-23 11:40:59-04:00,1774280459000,6652.75,True,False,1,0,NONE,7,7,2.25,2.25,1.25,False,3.7.0
2026-03-23 11:42:00-04:00,1774280520000,6652.5,True,False,1,2,BN_LONG_DN,6,8,2.25,2.25,1.25,False,3.7.0
2026-03-23 11:43:00-04:00,1774280580000,6652.25,True,False,1,1,CONFLUENCE_SELL,7,8,2.25,2.25,1.25,False,3.7.0
2026-03-23 11:43:59-04:00,1774280639000,6656.75,True,False,1,1,BN_LONG_UP,8,7,2.25,2.25,1.25,False,3.7.0
2026-03-23 11:45:00-04:00,1774280700000,6658.25,True,False,0,3,CONFLUENCE_SELL,5,8,-34.0,2.25,1.25,False,3.7.0
2026-03-23 11:46:00-04:00,1774280760000,6660.25,True,False,-1,0,BN_LONG_UP,8,8,2.25,2.25,1.25,False,3.7.0
2026-03-23 11:46:59-04:00,1774280819000,6656.5,True,False,-1,1,CONFLUENCE_SELL,7,8,2.25,2.25,1.25,False,3.7.0
2026-03-23 11:48:00-04:00,1774280880000,6655.0,True,False,-1,3,CONFLUENCE_SELL,6,9,2.25,2.25,1.25,False,3.7.0
2026-03-23 11:49:00-04:00,1774280940000,6655.75,True,False,-1,1,CONFLUENCE_SELL,7,8,2.25,2.25,1.25,False,3.7.0
2026-03-23 11:49:59-04:00,1774280999000,6651.0,True,False,-1,2,RVOL_SPIKE_SELL,8,10,2.25,2.25,1.25,False,3.7.0
2026-03-23 11:51:00-04:00,1774281060000,6647.5,True,False,0,2,BN_LONG_UP,8,10,-18.0,2.25,1.25,False,3.7.0
2026-03-23 11:52:00-04:00,1774281120000,6649.0,True,False,-1,2,CONFLUENCE_SELL,6,8,2.25,2.25,1.25,False,3.7.0
2026-03-23 11:53:00-04:00,1774281180000,6648.0,True,False,-1,6,BN_LONG_DN,6,12,2.25,2.25,1.25,False,3.7.0
2026-03-23 11:53:59-04:00,1774281239000,6645.25,True,False,-1,5,RVOL_SPIKE_SELL,6,11,2.25,2.25,1.25,False,3.7.0
2026-03-23 11:55:00-04:00,1774281300000,6641.0,True,False,-1,3,VWAP_TRIPLE_BEAR,8,11,2.25,2.25,1.25,False,3.7.0
2026-03-23 11:56:00-04:00,1774281360000,6637.25,True,False,-1,3,VWAP_TRIPLE_BEAR,7,10,2.25,2.25,1.25,False,3.7.0
2026-03-23 11:56:59-04:00,1774281419000,6635.75,True,False,-1,5,VWAP_TRIPLE_BEAR,6,11,2.25,2.25,1.25,False,3.7.0
2026-03-23 11:58:00-04:00,1774281480000,6633.75,True,False,-1,4,VWAP_TRIPLE_BEAR,7,11,2.25,2.25,1.25,False,3.7.0
2026-03-23 11:59:00-04:00,1774281540000,6631.5,True,False,-1,3,VWAP_TRIPLE_BEAR,8,11,2.25,2.25,1.25,False,3.7.0
2026-03-23 11:59:59-04:00,1774281599000,6625.25,True,False,-1,5,VWAP_TRIPLE_BEAR,5,10,2.25,2.25,1.25,False,3.7.0
2026-03-23 12:01:00-04:00,1774281660000,6623.75,True,False,0,2,VWAP_TRIPLE_BEAR,7,9,10.25,2.25,1.25,False,3.7.0
2026-03-23 12:02:00-04:00,1774281720000,6624.25,True,False,0,2,VWAP_TRIPLE_BEAR,7,9,9.0,2.25,1.25,False,3.7.0
2026-03-23 12:02:59-04:00,1774281779000,6625.5,True,False,-1,1,VWAP_TRIPLE_BEAR,7,8,2.25,2.25,1.25,False,3.7.0
2026-03-23 12:04:00-04:00,1774281840000,6622.5,True,False,1,1,VWAP_TRIPLE_BEAR,9,8,2.25,2.25,1.25,False,3.7.0
2026-03-23 12:05:00-04:00,1774281900000,6624.25,True,False,1,1,VWAP_TRIPLE_BEAR,9,8,2.25,2.25,1.25,False,3.7.0
2026-03-23 12:05:59-04:00,1774281959000,6626.0,True,False,1,2,VWAP_TRIPLE_BEAR,7,9,2.25,2.25,1.25,False,3.7.0
2026-03-23 12:07:00-04:00,1774282020000,6627.0,True,False,1,1,VWAP_TRIPLE_BEAR,9,8,2.25,2.25,1.25,False,3.7.0
2026-03-23 12:08:00-04:00,1774282080000,6628.25,True,False,1,1,VWAP_TRIPLE_BEAR,6,7,2.25,2.25,1.25,False,3.7.0
2026-03-23 12:09:00-04:00,1774282140000,6630.0,True,False,1,0,VWAP_TRIPLE_BEAR,8,8,2.25,2.25,1.25,False,3.7.0
2026-03-23 12:09:59-04:00,1774282199000,6630.75,True,False,0,1,VWAP_TRIPLE_BEAR,7,8,2.5,2.25,1.25,False,3.7.0
2026-03-23 12:11:00-04:00,1774282260000,6629.5,True,False,1,3,VWAP_TRIPLE_BEAR,7,10,2.25,2.25,1.25,False,3.7.0
2026-03-23 12:12:00-04:00,1774282320000,6630.75,True,False,1,0,VWAP_TRIPLE_BEAR,7,7,2.25,2.25,1.25,False,3.7.0
2026-03-23 12:12:59-04:00,1774282379000,6632.0,True,False,1,0,VWAP_TRIPLE_BEAR,7,7,2.25,2.25,1.25,False,3.7.0
2026-03-23 12:14:00-04:00,1774282440000,6632.25,True,False,1,1,VWAP_TRIPLE_BEAR,7,8,2.25,2.25,1.25,False,3.7.0
2026-03-23 12:15:00-04:00,1774282500000,6634.75,True,False,-1,1,VWAP_TRIPLE_BEAR,8,9,2.25,2.25,1.25,False,3.7.0
2026-03-23 12:15:59-04:00,1774282559000,6634.5,True,False,-1,1,VWAP_TRIPLE_BEAR,7,8,2.25,2.25,1.25,False,3.7.0
2026-03-23 12:17:00-04:00,1774282620000,6633.25,True,False,-1,2,VWAP_TRIPLE_BEAR,8,10,2.25,2.25,1.25,False,3.7.0
2026-03-23 12:18:00-04:00,1774282680000,6632.25,True,False,0,2,VWAP_TRIPLE_BEAR,6,8,5.5,2.25,1.25,False,3.7.0
2026-03-23 12:18:59-04:00,1774282739000,6630.25,True,False,1,1,VWAP_TRIPLE_BEAR,7,8,2.25,2.25,1.25,False,3.7.0
2026-03-23 12:20:00-04:00,1774282800000,6632.0,True,False,1,3,VWAP_TRIPLE_BEAR,10,7,2.25,2.25,1.25,False,3.7.0
2026-03-23 12:21:00-04:00,1774282860000,6634.0,True,False,0,1,VWAP_TRIPLE_BEAR,9,8,5.0,2.25,1.25,False,3.7.0
2026-03-23 12:21:59-04:00,1774282919000,6633.25,True,False,0,1,VWAP_TRIPLE_BEAR,8,9,5.0,2.25,1.25,False,3.7.0
2026-03-23 12:23:00-04:00,1774282980000,6634.0,True,False,0,1,VWAP_TRIPLE_BEAR,9,8,4.5,2.25,1.25,False,3.7.0
2026-03-23 12:24:00-04:00,1774283040000,6634.0,True,False,0,1,VWAP_TRIPLE_BEAR,9,8,3.75,2.25,1.25,False,3.7.0
2026-03-23 12:25:00-04:00,1774283100000,6635.0,True,False,-1,0,VWAP_TRIPLE_BEAR,8,8,2.25,2.25,1.25,False,3.7.0
2026-03-23 12:25:59-04:00,1774283159000,6633.25,True,False,0,2,VWAP_TRIPLE_BEAR,8,10,4.0,2.25,1.25,False,3.7.0
2026-03-23 12:27:00-04:00,1774283220000,6633.75,True,False,0,2,VWAP_TRIPLE_BEAR,9,7,3.25,2.25,1.25,False,3.7.0
2026-03-23 12:28:00-04:00,1774283280000,6633.75,True,False,0,1,VWAP_TRIPLE_BEAR,8,7,3.5,2.25,1.25,False,3.7.0
2026-03-23 12:28:59-04:00,1774283339000,6634.25,True,False,-1,2,VWAP_TRIPLE_BEAR,9,7,2.25,2.25,1.25,False,3.7.0
2026-03-23 12:30:00-04:00,1774283400000,6633.25,True,False,0,1,VWAP_TRIPLE_BEAR,9,10,2.25,2.25,1.25,False,3.7.0
2026-03-23 12:31:00-04:00,1774283460000,6632.5,True,False,1,1,VWAP_TRIPLE_BEAR,8,9,2.25,2.25,1.25,False,3.7.0
2026-03-23 12:31:59-04:00,1774283519000,6632.0,True,False,1,0,VWAP_TRIPLE_BEAR,8,8,2.25,2.25,1.25,False,3.7.0
2026-03-23 12:33:00-04:00,1774283580000,6632.5,True,False,1,1,VWAP_TRIPLE_BEAR,9,8,2.25,2.25,1.25,False,3.7.0
2026-03-23 12:34:00-04:00,1774283640000,6634.0,True,False,1,1,VWAP_TRIPLE_BEAR,10,9,2.25,2.25,1.25,False,3.7.0
2026-03-23 12:34:59-04:00,1774283699000,6635.25,True,False,1,5,VWAP_TRIPLE_BEAR,13,8,2.25,2.25,1.25,False,3.7.0
2026-03-23 12:36:00-04:00,1774283760000,6637.0,True,False,0,4,VWAP_TRIPLE_BEAR,12,8,-3.5,2.25,1.25,False,3.7.0
2026-03-23 12:37:00-04:00,1774283820000,6638.25,True,False,-1,1,VWAP_TRIPLE_BEAR,9,8,2.25,2.25,1.25,False,3.7.0
2026-03-23 12:38:00-04:00,1774283880000,6637.75,True,False,0,2,VWAP_TRIPLE_BEAR,7,9,-5.75,2.25,1.25,False,3.7.0
2026-03-23 12:38:59-04:00,1774283939000,6638.0,True,False,-1,2,VWAP_TRIPLE_BEAR,10,8,2.25,2.25,1.25,False,3.7.0
2026-03-23 12:40:00-04:00,1774284000000,6639.0,True,False,-1,2,VWAP_TRIPLE_BEAR,9,7,2.25,2.25,1.25,False,3.7.0
2026-03-23 12:41:00-04:00,1774284060000,6639.0,True,False,-1,2,VWAP_TRIPLE_BEAR,9,7,2.25,2.25,1.25,False,3.7.0
2026-03-23 12:41:59-04:00,1774284119000,6638.25,True,False,-1,0,VWAP_TRIPLE_BEAR,7,7,2.25,2.25,1.25,False,3.7.0
2026-03-23 12:43:00-04:00,1774284180000,6638.5,True,False,-1,2,VWAP_TRIPLE_BEAR,8,6,2.25,2.25,1.25,False,3.7.0
2026-03-23 12:44:00-04:00,1774284240000,6637.75,True,False,-1,2,VWAP_TRIPLE_BEAR,7,9,2.25,2.25,1.25,False,3.7.0
2026-03-23 12:44:59-04:00,1774284299000,6637.5,True,False,-1,2,VWAP_TRIPLE_BEAR,7,9,2.25,2.25,1.25,False,3.7.0
2026-03-23 12:46:00-04:00,1774284360000,6637.25,True,False,-1,2,VWAP_TRIPLE_BEAR,8,10,2.25,2.25,1.25,False,3.7.0
2026-03-23 12:47:00-04:00,1774284420000,6637.0,True,False,-1,1,VWAP_TRIPLE_BEAR,9,8,2.25,2.25,1.25,False,3.7.0
2026-03-23 12:47:59-04:00,1774284479000,6637.25,True,False,-1,1,VWAP_TRIPLE_BEAR,11,10,2.25,2.25,1.25,False,3.7.0
2026-03-23 12:49:00-04:00,1774284540000,6636.5,True,False,-1,0,VWAP_TRIPLE_BEAR,10,10,2.25,2.25,1.25,False,3.7.0
2026-03-23 12:50:00-04:00,1774284600000,6635.5,True,False,-1,1,VWAP_TRIPLE_BEAR,10,9,2.25,2.25,1.25,False,3.7.0
2026-03-23 12:50:59-04:00,1774284659000,6635.75,True,False,-1,2,VWAP_TRIPLE_BEAR,10,8,2.25,2.25,1.25,False,3.7.0
2026-03-23 12:52:00-04:00,1774284720000,6633.5,True,False,-1,2,VWAP_TRIPLE_BEAR,8,10,2.25,2.25,1.25,False,3.7.0
2026-03-23 12:53:00-04:00,1774284780000,6633.25,True,False,-1,0,VWAP_TRIPLE_BEAR,8,8,2.25,2.25,1.25,False,3.7.0
2026-03-23 12:54:00-04:00,1774284840000,6633.5,True,False,-1,0,VWAP_TRIPLE_BEAR,8,8,2.25,2.25,1.25,False,3.7.0
2026-03-23 12:54:59-04:00,1774284899000,6633.25,True,False,-1,1,VWAP_TRIPLE_BEAR,8,9,2.25,2.25,1.25,False,3.7.0
2026-03-23 12:56:00-04:00,1774284960000,6633.5,True,False,-1,1,VWAP_TRIPLE_BEAR,10,9,2.25,2.25,1.25,False,3.7.0
2026-03-23 12:57:00-04:00,1774285020000,6632.5,True,False,-1,4,VWAP_TRIPLE_BEAR,7,11,2.25,2.25,1.25,False,3.7.0
2026-03-23 12:57:59-04:00,1774285079000,6632.0,True,False,-1,1,VWAP_TRIPLE_BEAR,8,9,2.25,2.25,1.25,False,3.7.0
2026-03-23 12:59:00-04:00,1774285140000,6632.75,True,False,-1,1,VWAP_TRIPLE_BEAR,9,8,2.25,2.25,1.25,False,3.7.0
2026-03-23 14:00:00-04:00,1774288800000,6630.75,True,False,-1,3,VWAP_TRIPLE_BEAR,13,10,2.25,2.25,1.25,False,3.7.0
2026-03-23 14:01:00-04:00,1774288860000,6631.25,True,False,-1,2,VWAP_TRIPLE_BEAR,10,12,2.25,2.25,1.25,False,3.7.0
2026-03-23 14:01:59-04:00,1774288919000,6629.25,True,False,-1,1,VWAP_TRIPLE_BEAR,10,11,2.25,2.25,1.25,False,3.7.0
2026-03-23 14:03:00-04:00,1774288980000,6626.25,True,False,1,1,VWAP_TRIPLE_BEAR,8,7,2.25,2.25,1.25,False,3.7.0
2026-03-23 14:04:00-04:00,1774289040000,6626.75,True,False,1,3,VWAP_TRIPLE_BEAR,9,6,2.25,2.25,1.25,False,3.7.0
2026-03-23 14:04:59-04:00,1774289099000,6627.5,True,False,1,3,VWAP_TRIPLE_BEAR,9,6,2.25,2.25,1.25,False,3.7.0
2026-03-23 14:06:00-04:00,1774289160000,6626.75,True,False,1,3,VWAP_TRIPLE_BEAR,10,7,2.25,2.25,1.25,False,3.7.0
2026-03-23 14:07:00-04:00,1774289220000,6628.25,True,False,1,0,VWAP_TRIPLE_BEAR,8,8,2.25,2.25,1.25,False,3.7.0
2026-03-23 14:08:00-04:00,1774289280000,6633.5,True,False,1,3,DOUBLE_BOT_DIV,11,8,2.25,2.25,1.25,False,3.7.0
2026-03-23 14:08:59-04:00,1774289339000,6633.0,True,False,1,3,VAH_REJECTION,11,8,2.25,2.25,1.25,False,3.7.0
2026-03-23 14:10:00-04:00,1774289400000,6634.0,True,False,1,1,VAH_REJECTION,10,9,2.25,2.25,1.25,False,3.7.0
2026-03-23 14:11:00-04:00,1774289460000,6633.25,True,False,1,3,BN_LONG_UP,11,8,2.25,2.25,1.25,False,3.7.0
2026-03-23 14:11:59-04:00,1774289519000,6634.5,True,False,1,4,VAH_REJECTION,12,8,2.25,2.25,1.25,False,3.7.0
2026-03-23 14:13:00-04:00,1774289580000,6635.25,True,False,1,2,CONFLUENCE_BUY,9,7,2.25,2.25,1.25,False,3.7.0
2026-03-23 14:14:00-04:00,1774289640000,6635.5,True,False,1,4,CONFLUENCE_BUY,10,6,2.25,2.25,1.25,False,3.7.0
2026-03-23 14:14:59-04:00,1774289699000,6634.5,True,False,1,1,VAH_REJECTION,10,9,2.25,2.25,1.25,False,3.7.0
2026-03-23 14:16:00-04:00,1774289760000,6635.25,True,False,1,6,VAH_REJECTION,13,7,2.25,2.25,1.25,False,3.7.0
2026-03-23 14:17:00-04:00,1774289820000,6635.25,True,False,1,5,VAH_REJECTION,12,7,2.25,2.25,1.25,False,3.7.0
2026-03-23 14:17:59-04:00,1774289879000,6634.75,True,False,1,0,VAH_REJECTION,10,10,2.25,2.25,1.25,False,3.7.0
2026-03-23 14:19:00-04:00,1774289940000,6636.0,True,False,0,7,CONFLUENCE_BUY,13,6,2.75,2.25,1.25,False,3.7.0
2026-03-23 14:20:00-04:00,1774290000000,6635.75,True,False,0,3,CONFLUENCE_BUY,10,7,3.5,2.25,1.25,False,3.7.0
2026-03-23 14:20:59-04:00,1774290059000,6634.5,True,False,1,2,CONFLUENCE_BUY,11,9,2.25,2.25,1.25,False,3.7.0
2026-03-23 14:22:00-04:00,1774290120000,6635.25,True,False,1,3,VAH_REJECTION,11,8,2.25,2.25,1.25,False,3.7.0
2026-03-23 14:23:00-04:00,1774290180000,6637.25,True,False,0,3,VAH_REJECTION,12,9,2.25,2.25,1.25,False,3.7.0
2026-03-23 14:24:00-04:00,1774290240000,6637.25,True,False,0,2,VAH_REJECTION,11,9,3.0,2.25,1.25,False,3.7.0
2026-03-23 14:24:59-04:00,1774290299000,6637.75,True,False,-1,1,VAH_REJECTION,10,9,2.25,2.25,1.25,False,3.7.0
2026-03-23 14:26:00-04:00,1774290360000,6637.5,True,False,-1,1,VAH_REJECTION,9,10,2.25,2.25,1.25,False,3.7.0
2026-03-23 14:27:00-04:00,1774290420000,6638.5,True,False,-1,1,VAH_REJECTION,11,10,2.25,2.25,1.25,False,3.7.0
2026-03-23 14:27:59-04:00,1774290479000,6637.25,True,False,0,1,RVOL_SPIKE_SELL,11,12,6.0,2.25,1.25,False,3.7.0
2026-03-23 14:29:00-04:00,1774290540000,6638.5,True,False,-1,3,VAH_REJECTION,12,9,2.25,2.25,1.25,False,3.7.0
2026-03-23 14:30:00-04:00,1774290600000,6637.25,True,False,0,2,VAH_REJECTION,10,12,6.25,2.25,1.25,False,3.7.0
2026-03-23 14:30:59-04:00,1774290659000,6636.75,True,False,0,2,VAH_REJECTION,10,12,8.25,2.25,1.25,False,3.7.0
2026-03-23 14:32:00-04:00,1774290720000,6635.25,True,False,1,0,NONE,10,10,2.25,2.25,1.25,False,3.7.0
2026-03-23 14:33:00-04:00,1774290780000,6635.25,True,False,1,2,CONFLUENCE_BUY,10,8,2.25,2.25,1.25,False,3.7.0
2026-03-23 14:33:59-04:00,1774290839000,6636.75,True,False,1,6,BN_LONG_UP,14,8,2.25,2.25,1.25,False,3.7.0
2026-03-23 14:35:00-04:00,1774290900000,6638.5,True,False,1,6,BN_LONG_UP,14,8,2.25,2.25,1.25,False,3.7.0
2026-03-23 14:36:00-04:00,1774290960000,6638.5,True,False,1,3,RVOL_SPIKE_BUY,13,10,2.25,2.25,1.25,False,3.7.0
2026-03-23 14:36:59-04:00,1774291019000,6640.25,True,False,0,4,VAH_REJECTION,11,7,11.25,2.25,1.25,False,3.7.0
2026-03-23 14:38:00-04:00,1774291080000,6640.0,True,False,0,2,VAH_REJECTION,9,7,12.0,2.25,1.25,False,3.7.0
2026-03-23 14:39:00-04:00,1774291140000,6638.75,True,False,1,0,VAH_REJECTION,9,9,2.25,2.25,1.25,False,3.7.0
2026-03-23 14:40:00-04:00,1774291200000,6639.25,True,False,1,6,VAH_REJECTION,12,6,2.25,2.25,1.25,False,3.7.0
2026-03-23 14:40:59-04:00,1774291259000,6638.75,True,False,1,2,CONFLUENCE_BUY,9,7,2.25,2.25,1.25,False,3.7.0
2026-03-23 14:42:00-04:00,1774291320000,6638.5,True,False,1,4,CONFLUENCE_BUY,10,6,2.25,2.25,1.25,False,3.7.0
2026-03-23 14:43:00-04:00,1774291380000,6639.5,True,False,1,5,VAH_REJECTION,11,6,2.25,2.25,1.25,False,3.7.0
2026-03-23 14:43:59-04:00,1774291439000,6640.25,True,False,1,6,VAH_REJECTION,11,5,2.25,2.25,1.25,False,3.7.0
2026-03-23 14:45:00-04:00,1774291500000,6640.5,True,False,1,7,VAH_REJECTION,12,5,2.25,2.25,1.25,False,3.7.0
2026-03-23 14:46:00-04:00,1774291560000,6640.5,True,False,1,3,VAH_REJECTION,10,7,2.25,2.25,1.25,False,3.7.0
2026-03-23 14:46:59-04:00,1774291619000,6642.25,True,False,1,8,VAH_REJECTION,12,4,2.25,2.25,1.25,False,3.7.0
2026-03-23 14:48:00-04:00,1774291680000,6643.25,True,False,1,5,RVOL_SPIKE_BUY,10,5,2.25,2.25,1.25,False,3.7.0
2026-03-23 14:49:00-04:00,1774291740000,6642.5,True,False,1,2,VAH_REJECTION,8,6,2.25,2.25,1.25,False,3.7.0
2026-03-23 14:49:59-04:00,1774291799000,6643.5,True,False,1,4,CONFLUENCE_BUY,9,5,2.25,2.25,1.25,False,3.7.0
2026-03-23 14:51:00-04:00,1774291860000,6645.0,True,False,1,4,RVOL_SPIKE_BUY,8,4,2.25,2.25,1.25,False,3.7.0
2026-03-23 14:52:00-04:00,1774291920000,6646.5,True,False,1,4,RVOL_SPIKE_BUY,9,5,2.25,2.25,1.25,False,3.7.0
2026-03-23 14:53:00-04:00,1774291980000,6648.5,True,False,1,4,RVOL_SPIKE_BUY,9,5,2.25,2.25,1.25,False,3.7.0
2026-03-23 14:53:59-04:00,1774292039000,6649.75,True,False,1,3,RVOL_SPIKE_BUY,10,7,2.25,2.25,1.25,False,3.7.0
2026-03-23 14:55:00-04:00,1774292100000,6650.25,True,False,0,4,CONFLUENCE_BUY,8,4,-3.0,2.25,1.25,False,3.7.0
2026-03-23 14:56:00-04:00,1774292160000,6650.0,True,False,0,0,NONE,6,6,-2.5,2.25,1.25,False,3.7.0
2026-03-23 14:56:59-04:00,1774292219000,6651.5,True,False,-1,5,CONFLUENCE_BUY,8,3,2.25,2.25,1.25,False,3.7.0
2026-03-23 14:58:00-04:00,1774292280000,6652.0,True,False,-1,5,CONFLUENCE_BUY,9,4,2.25,2.25,1.25,False,3.7.0
2026-03-23 14:59:00-04:00,1774292340000,6650.75,True,False,-1,0,NONE,7,7,2.25,2.25,1.25,False,3.7.0
2026-03-23 14:59:59-04:00,1774292399000,6647.75,True,False,0,1,CONFLUENCE_SELL,7,8,-0.75,2.25,1.25,False,3.7.0
2026-03-23 15:01:00-04:00,1774292460000,6649.25,True,False,-1,3,BN_LONG_UP,8,5,2.25,2.25,1.25,False,3.7.0
2026-03-23 15:02:00-04:00,1774292520000,6649.0,True,False,-1,2,CONFLUENCE_BUY,8,6,2.25,2.25,1.25,False,3.7.0
2026-03-23 15:02:59-04:00,1774292579000,6649.0,True,False,-1,3,CONFLUENCE_BUY,8,5,2.25,2.25,1.25,False,3.7.0
2026-03-23 15:04:00-04:00,1774292640000,6648.0,True,False,-1,2,BN_LONG_DN,9,7,2.25,2.25,1.25,False,3.7.0
2026-03-23 15:05:00-04:00,1774292700000,6647.0,True,False,0,2,CONFLUENCE_SELL,6,8,1.0,2.25,1.25,False,3.7.0
2026-03-23 15:05:59-04:00,1774292759000,6646.25,True,False,1,0,NONE,7,7,2.25,2.25,1.25,False,3.7.0
2026-03-23 15:07:00-04:00,1774292820000,6646.75,True,False,0,1,CONFLUENCE_BUY,7,6,1.75,2.25,1.25,False,3.7.0
2026-03-23 15:08:00-04:00,1774292880000,6646.5,True,False,1,4,CONFLUENCE_BUY,9,5,2.25,2.25,1.25,False,3.7.0
2026-03-23 15:09:00-04:00,1774292940000,6647.0,True,False,0,1,CONFLUENCE_BUY,6,5,-0.75,2.25,1.25,False,3.7.0
2026-03-23 15:09:59-04:00,1774292999000,6648.0,True,False,-1,4,CONFLUENCE_BUY,10,6,2.25,2.25,1.25,False,3.7.0
2026-03-23 15:11:00-04:00,1774293060000,6645.75,True,False,1,4,BN_LONG_DN,6,10,2.25,2.25,1.25,False,3.7.0
2026-03-23 15:12:00-04:00,1774293120000,6646.25,True,False,1,3,VAH_REJECTION,9,6,2.25,2.25,1.25,False,3.7.0
2026-03-23 15:12:59-04:00,1774293179000,6648.25,True,False,-1,3,CONFLUENCE_BUY,9,6,2.25,2.25,1.25,False,3.7.0
2026-03-23 15:14:00-04:00,1774293240000,6647.25,True,False,0,1,BN_LONG_UP,8,7,-3.0,2.25,1.25,False,3.7.0
2026-03-23 15:15:00-04:00,1774293300000,6647.25,True,False,0,1,VAH_REJECTION,7,6,-4.0,2.25,1.25,False,3.7.0
2026-03-23 15:15:59-04:00,1774293359000,6647.5,True,False,0,3,VAH_REJECTION,9,6,-3.75,2.25,1.25,False,3.7.0
2026-03-23 15:17:00-04:00,1774293420000,6648.25,True,False,-1,6,CONFLUENCE_BUY,11,5,2.25,2.25,1.25,False,3.7.0
2026-03-23 15:18:00-04:00,1774293480000,6648.5,True,False,-1,3,CONFLUENCE_BUY,9,6,2.25,2.25,1.25,False,3.7.0
2026-03-23 15:18:59-04:00,1774293539000,6648.5,True,False,-1,5,CONFLUENCE_BUY,10,5,2.25,2.25,1.25,False,3.7.0
2026-03-23 15:20:00-04:00,1774293600000,6647.0,True,False,0,2,BN_LONG_DN,7,9,-1.25,2.25,1.25,False,3.7.0
2026-03-23 15:21:00-04:00,1774293660000,6648.5,True,False,-1,4,CONFLUENCE_BUY,10,6,2.25,2.25,1.25,False,3.7.0
2026-03-23 15:21:59-04:00,1774293719000,6648.5,True,False,-1,2,BN_LONG_UP,8,6,2.25,2.25,1.25,False,3.7.0
2026-03-23 15:23:00-04:00,1774293780000,6647.5,True,False,0,1,VAH_REJECTION,7,8,-1.0,2.25,1.25,False,3.7.0
2026-03-23 15:24:00-04:00,1774293840000,6648.75,True,False,-1,4,CONFLUENCE_BUY,10,6,2.25,2.25,1.25,False,3.7.0
2026-03-23 15:25:00-04:00,1774293900000,6648.0,True,False,-1,2,VAH_REJECTION,7,9,2.25,2.25,1.25,False,3.7.0
2026-03-23 15:25:59-04:00,1774293959000,6648.5,True,False,-1,1,CONFLUENCE_BUY,7,6,2.25,2.25,1.25,False,3.7.0
2026-03-23 15:27:00-04:00,1774294020000,6648.5,True,False,-1,1,CONFLUENCE_SELL,7,8,2.25,2.25,1.25,False,3.7.0
2026-03-23 15:28:00-04:00,1774294080000,6646.25,True,False,-1,4,BN_LONG_DN,8,12,2.25,2.25,1.25,False,3.7.0
2026-03-23 15:28:59-04:00,1774294139000,6646.25,True,False,-1,2,RVOL_SPIKE_BUY,10,8,2.25,2.25,1.25,False,3.7.0
2026-03-23 15:30:00-04:00,1774294200000,6644.25,True,False,1,1,RVOL_SPIKE_SELL,10,11,2.25,2.25,1.25,False,3.7.0
2026-03-23 15:31:00-04:00,1774294260000,6645.25,True,False,0,1,VAH_REJECTION,9,8,-5.5,2.25,1.25,False,3.7.0
2026-03-23 15:31:59-04:00,1774294319000,6644.25,True,False,1,3,DOUBLE_BOT_DIV,9,6,2.25,2.25,1.25,False,3.7.0
2026-03-23 15:33:00-04:00,1774294380000,6644.75,True,False,0,4,VAH_REJECTION,11,7,-2.25,2.25,1.25,False,3.7.0
2026-03-23 15:34:00-04:00,1774294440000,6644.25,True,False,1,1,CONFLUENCE_BUY,8,7,2.25,2.25,1.25,False,3.7.0
2026-03-23 15:34:59-04:00,1774294499000,6643.25,True,False,1,0,NONE,8,8,2.25,2.25,1.25,False,3.7.0
2026-03-23 15:36:00-04:00,1774294560000,6643.75,True,False,1,2,DOUBLE_BOT_DIV,9,7,2.25,2.25,1.25,False,3.7.0
2026-03-23 15:37:00-04:00,1774294620000,6643.25,True,False,1,0,NONE,8,8,2.25,2.25,1.25,False,3.7.0
2026-03-23 15:38:00-04:00,1774294680000,6643.5,True,False,1,0,NONE,8,8,2.25,2.25,1.25,False,3.7.0
2026-03-23 15:38:59-04:00,1774294739000,6645.25,True,False,1,2,VAH_REJECTION,10,8,2.25,2.25,1.25,False,3.7.0
2026-03-23 15:40:00-04:00,1774294800000,6645.75,True,False,0,1,RVOL_SPIKE_BUY,8,7,-3.0,2.25,1.25,False,3.7.0
2026-03-23 15:41:00-04:00,1774294860000,6645.5,True,False,0,0,VAH_REJECTION,7,7,-11.0,2.25,1.25,False,3.7.0
2026-03-23 15:41:59-04:00,1774294919000,6646.5,True,False,-1,4,VAH_REJECTION,10,6,2.25,2.25,1.25,False,3.7.0
2026-03-23 15:43:00-04:00,1774294980000,6646.5,True,False,-1,1,VAH_REJECTION,8,7,2.25,2.25,1.25,False,3.7.0
2026-03-23 15:44:00-04:00,1774295040000,6647.5,True,False,-1,3,VAH_REJECTION,9,6,2.25,2.25,1.25,False,3.7.0
2026-03-23 15:44:59-04:00,1774295099000,6642.25,True,False,-1,6,RVOL_SPIKE_SELL,5,11,2.25,2.25,1.25,False,3.7.0
2026-03-23 15:46:00-04:00,1774295160000,6642.5,True,False,-1,1,BN_LONG_UP,6,5,2.25,2.25,1.25,False,3.7.0
2026-03-23 15:47:00-04:00,1774295220000,6640.5,True,False,0,0,NONE,6,6,-7.25,2.25,1.25,False,3.7.0
2026-03-23 15:47:59-04:00,1774295279000,6640.75,True,False,0,0,NONE,6,6,-10.75,2.25,1.25,False,3.7.0
2026-03-23 15:49:00-04:00,1774295340000,6640.25,True,False,1,1,RVOL_SPIKE_SELL,9,8,2.25,2.25,1.25,False,3.7.0
2026-03-23 15:50:00-04:00,1774295400000,6640.75,True,False,0,6,CONFLUENCE_BUY,11,5,-8.0,2.25,1.25,False,3.7.0
2026-03-23 15:50:59-04:00,1774295459000,6639.75,True,False,1,1,VWAP_TRIPLE_BEAR,8,7,2.25,2.25,1.25,False,3.7.0
2026-03-23 15:52:00-04:00,1774295520000,6640.0,True,False,1,1,VWAP_TRIPLE_BEAR,8,9,2.25,2.25,1.25,False,3.7.0
2026-03-23 15:53:00-04:00,1774295580000,6642.5,True,False,-1,4,CONFLUENCE_BUY,9,5,2.25,2.25,1.25,False,3.7.0
2026-03-23 15:54:00-04:00,1774295640000,6639.0,True,False,1,1,VWAP_TRIPLE_BEAR,9,10,2.25,2.25,1.25,False,3.7.0
2026-03-23 15:54:59-04:00,1774295699000,6640.75,True,False,0,4,CONFLUENCE_BUY,10,6,-20.75,2.25,1.25,False,3.7.0
2026-03-23 15:56:00-04:00,1774295760000,6639.5,True,False,1,1,VWAP_TRIPLE_BEAR,8,9,2.25,2.25,1.25,False,3.7.0
2026-03-23 15:57:00-04:00,1774295820000,6640.0,True,False,1,2,VWAP_TRIPLE_BEAR,10,8,2.25,2.25,1.25,False,3.7.0
2026-03-23 15:57:59-04:00,1774295879000,6644.5,True,False,-1,6,CONFLUENCE_BUY,9,3,2.25,2.25,1.25,False,3.7.0
2026-03-23 15:59:00-04:00,1774295940000,6645.0,True,False,-1,3,CONFLUENCE_BUY,6,3,2.25,2.25,1.25,False,3.7.0
2026-03-23 16:00:00-04:00,1774296000000,6642.75,True,False,-1,3,CONFLUENCE_BUY,6,3,2.25,2.25,1.25,False,3.7.0
2026-03-23 16:00:59-04:00,1774296059000,6634.5,True,False,-1,0,VWAP_TRIPLE_BEAR,9,9,2.25,2.25,1.25,False,3.7.0
2026-03-23 16:02:00-04:00,1774296120000,6634.0,True,False,-1,2,VWAP_TRIPLE_BEAR,9,7,2.25,2.25,1.25,False,3.7.0
2026-03-23 16:03:00-04:00,1774296180000,6632.5,True,False,-1,1,VWAP_TRIPLE_BEAR,8,7,2.25,2.25,1.25,False,3.7.0
2026-03-23 16:03:59-04:00,1774296239000,6630.5,True,False,1,1,VWAP_TRIPLE_BEAR,7,6,2.25,2.25,1.25,False,3.7.0
2026-03-23 16:05:00-04:00,1774296300000,6630.75,True,False,1,3,VWAP_TRIPLE_BEAR,9,6,2.25,2.25,1.25,False,3.7.0
2026-03-23 16:06:00-04:00,1774296360000,6630.75,True,False,1,4,VWAP_TRIPLE_BEAR,9,5,2.25,2.25,1.25,False,3.7.0
2026-03-23 16:06:59-04:00,1774296419000,6633.25,True,False,-1,2,VWAP_TRIPLE_BEAR,6,8,2.25,2.25,1.25,False,3.7.0
2026-03-23 16:08:00-04:00,1774296480000,6630.0,True,False,1,2,VWAP_TRIPLE_BEAR,8,6,2.25,2.25,1.25,False,3.7.0
2026-03-23 16:09:00-04:00,1774296540000,6630.25,True,False,1,2,VWAP_TRIPLE_BEAR,7,5,2.25,2.25,1.25,False,3.7.0
2026-03-23 16:10:00-04:00,1774296600000,6632.75,True,False,-1,1,VWAP_TRIPLE_BEAR,8,7,2.25,2.25,1.25,False,3.7.0
2026-03-23 16:10:59-04:00,1774296659000,6629.5,True,False,-1,0,VWAP_TRIPLE_BEAR,7,7,2.25,2.25,1.25,False,3.7.0
2026-03-23 16:12:00-04:00,1774296720000,6627.75,True,False,-1,1,VWAP_TRIPLE_BEAR,8,7,2.25,2.25,1.25,False,3.7.0
2026-03-23 16:13:00-04:00,1774296780000,6627.5,True,False,-1,2,VWAP_TRIPLE_BEAR,7,5,2.25,2.25,1.25,False,3.7.0
2026-03-23 16:13:59-04:00,1774296839000,6625.25,True,False,-1,1,VWAP_TRIPLE_BEAR,6,7,2.25,2.25,1.25,False,3.7.0
2026-03-23 16:15:00-04:00,1774296900000,6620.0,True,False,-1,1,VWAP_TRIPLE_BEAR,9,10,2.25,2.25,1.25,False,3.7.0
2026-03-23 16:16:00-04:00,1774296960000,6618.75,True,False,-1,2,VWAP_TRIPLE_BEAR,7,9,2.25,2.25,1.25,False,3.7.0
2026-03-23 16:16:59-04:00,1774297019000,6613.75,True,False,0,3,VWAP_TRIPLE_BEAR,6,9,10.0,2.25,1.25,False,3.7.0
2026-03-23 16:18:00-04:00,1774297080000,6613.5,True,False,0,4,VWAP_TRIPLE_BEAR,6,10,-0.5,2.25,1.25,False,3.7.0
2026-03-23 16:19:00-04:00,1774297140000,6615.25,True,False,-1,3,VWAP_TRIPLE_BEAR,6,9,2.25,2.25,1.25,False,3.7.0
2026-03-23 16:19:59-04:00,1774297199000,6612.25,True,False,1,1,VWAP_TRIPLE_BEAR,10,9,2.25,2.25,1.25,False,3.7.0
2026-03-23 16:21:00-04:00,1774297260000,6620.0,True,False,1,2,VWAP_TRIPLE_BEAR,8,10,2.25,2.25,1.25,False,3.7.0
2026-03-23 16:22:00-04:00,1774297320000,6622.75,True,False,1,1,VWAP_TRIPLE_BEAR,8,9,2.25,2.25,1.25,False,3.7.0
2026-03-23 16:23:00-04:00,1774297380000,6623.5,True,False,1,0,VWAP_TRIPLE_BEAR,8,8,2.25,2.25,1.25,False,3.7.0
2026-03-23 16:23:59-04:00,1774297439000,6626.5,True,False,1,1,VWAP_TRIPLE_BEAR,8,9,2.25,2.25,1.25,False,3.7.0
2026-03-23 16:25:00-04:00,1774297500000,6630.0,True,False,-1,1,VWAP_TRIPLE_BEAR,9,8,2.25,2.25,1.25,False,3.7.0
2026-03-23 16:26:00-04:00,1774297560000,6628.0,True,False,1,0,VWAP_TRIPLE_BEAR,9,9,2.25,2.25,1.25,False,3.7.0
2026-03-23 16:26:59-04:00,1774297619000,6627.75,True,False,1,2,VWAP_TRIPLE_BEAR,7,9,2.25,2.25,1.25,False,3.7.0
2026-03-23 16:28:00-04:00,1774297680000,6629.5,True,False,-1,0,VWAP_TRIPLE_BEAR,8,8,2.25,2.25,1.25,False,3.7.0
2026-03-23 16:29:00-04:00,1774297740000,6629.5,True,False,-1,2,VWAP_TRIPLE_BEAR,10,8,2.25,2.25,1.25,False,3.7.0
2026-03-23 16:29:59-04:00,1774297799000,6630.5,True,False,-1,0,VWAP_TRIPLE_BEAR,7,7,2.25,2.25,1.25,False,3.7.0
2026-03-23 16:31:00-04:00,1774297860000,6626.75,True,False,-1,2,VWAP_TRIPLE_BEAR,7,9,2.25,2.25,1.25,False,3.7.0
2026-03-23 16:32:00-04:00,1774297920000,6623.75,True,False,1,2,VWAP_TRIPLE_BEAR,7,9,2.25,2.25,1.25,False,3.7.0
2026-03-23 16:32:59-04:00,1774297979000,6623.0,True,False,1,3,VWAP_TRIPLE_BEAR,6,9,2.25,2.25,1.25,False,3.7.0
2026-03-23 16:34:00-04:00,1774298040000,6627.75,True,False,-1,2,VWAP_TRIPLE_BEAR,9,7,2.25,2.25,1.25,False,3.7.0
2026-03-23 16:35:00-04:00,1774298100000,6623.5,True,False,-1,1,VWAP_TRIPLE_BEAR,9,8,2.25,2.25,1.25,False,3.7.0
2026-03-23 16:35:59-04:00,1774298159000,6624.5,True,False,-1,3,VWAP_TRIPLE_BEAR,10,7,2.25,2.25,1.25,False,3.7.0
2026-03-23 16:37:00-04:00,1774298220000,6623.75,True,False,-1,1,VWAP_TRIPLE_BEAR,9,8,2.25,2.25,1.25,False,3.7.0
2026-03-23 16:38:00-04:00,1774298280000,6613.0,True,False,-1,2,VWAP_TRIPLE_BEAR,9,11,2.25,2.25,1.25,False,3.7.0
2026-03-23 16:39:00-04:00,1774298340000,6610.0,True,False,1,4,VWAP_TRIPLE_BEAR,8,12,2.25,2.25,1.25,False,3.7.0
2026-03-23 16:39:59-04:00,1774298399000,6613.5,True,False,1,1,VWAP_TRIPLE_BEAR,8,7,2.25,2.25,1.25,False,3.7.0
2026-03-23 16:41:00-04:00,1774298460000,6617.0,True,False,-1,0,VWAP_TRIPLE_BEAR,8,8,2.25,2.25,1.25,False,3.7.0
2026-03-23 16:42:00-04:00,1774298520000,6615.0,True,False,0,0,VWAP_TRIPLE_BEAR,8,8,-8.25,2.25,1.25,False,3.7.0
2026-03-23 16:42:59-04:00,1774298579000,6615.0,True,False,0,0,VWAP_TRIPLE_BEAR,8,8,-11.25,2.25,1.25,False,3.7.0
2026-03-23 16:44:00-04:00,1774298640000,6614.25,True,False,1,0,VWAP_TRIPLE_BEAR,8,8,2.25,2.25,1.25,False,3.7.0
2026-03-23 16:45:00-04:00,1774298700000,6616.75,True,False,-1,1,VWAP_TRIPLE_BEAR,9,8,2.25,2.25,1.25,False,3.7.0
2026-03-23 16:45:59-04:00,1774298759000,6616.75,True,False,-1,2,VWAP_TRIPLE_BEAR,9,7,2.25,2.25,1.25,False,3.7.0
2026-03-23 16:47:00-04:00,1774298820000,6616.0,True,False,-1,1,VWAP_TRIPLE_BEAR,7,8,2.25,2.25,1.25,False,3.7.0
2026-03-23 16:48:00-04:00,1774298880000,6615.5,True,False,-1,2,VWAP_TRIPLE_BEAR,7,9,2.25,2.25,1.25,False,3.7.0
2026-03-23 16:48:59-04:00,1774298939000,6614.0,True,False,0,2,VWAP_TRIPLE_BEAR,8,10,-12.0,2.25,1.25,False,3.7.0
2026-03-23 16:50:00-04:00,1774299000000,6612.75,True,False,1,1,VWAP_TRIPLE_BEAR,7,8,2.25,2.25,1.25,False,3.7.0
2026-03-23 16:51:00-04:00,1774299060000,6614.0,True,False,1,2,VWAP_TRIPLE_BEAR,6,8,2.25,2.25,1.25,False,3.7.0
2026-03-23 16:51:59-04:00,1774299119000,6615.0,True,False,0,2,VWAP_TRIPLE_BEAR,6,8,-11.0,2.25,1.25,False,3.7.0
2026-03-23 16:53:00-04:00,1774299180000,6617.0,True,False,-1,4,VWAP_TRIPLE_BEAR,10,6,2.25,2.25,1.25,False,3.7.0
2026-03-23 16:54:00-04:00,1774299240000,6613.75,True,False,1,1,VWAP_TRIPLE_BEAR,7,8,2.25,2.25,1.25,False,3.7.0
2026-03-23 16:55:00-04:00,1774299300000,6616.25,True,False,-1,1,VWAP_TRIPLE_BEAR,8,7,2.25,2.25,1.25,False,3.7.0
2026-03-23 16:55:59-04:00,1774299359000,6612.25,True,False,1,2,VWAP_TRIPLE_BEAR,7,9,2.25,2.25,1.25,False,3.7.0
2026-03-23 16:57:00-04:00,1774299420000,6612.25,True,False,1,1,VWAP_TRIPLE_BEAR,8,7,2.25,2.25,1.25,False,3.7.0
2026-03-23 16:58:00-04:00,1774299480000,6614.5,True,False,-1,1,VWAP_TRIPLE_BEAR,8,9,2.25,2.25,1.25,False,3.7.0
2026-03-23 16:58:59-04:00,1774299539000,6612.5,True,False,-1,2,VWAP_TRIPLE_BEAR,10,8,2.25,2.25,1.25,False,3.7.0
2026-03-23 17:00:00-04:00,1774299600000,6609.75,True,False,0,1,VWAP_TRIPLE_BEAR,8,9,-7.25,2.25,1.25,False,3.7.0
2026-03-23 17:01:00-04:00,1774299660000,6611.5,True,False,-1,1,VWAP_TRIPLE_BEAR,9,8,2.25,2.25,1.25,False,3.7.0
2026-03-23 17:01:59-04:00,1774299719000,6606.75,True,False,-1,1,VWAP_TRIPLE_BEAR,8,9,2.25,2.25,1.25,False,3.7.0
2026-03-23 17:03:00-04:00,1774299780000,6603.75,True,False,0,1,VWAP_TRIPLE_BEAR,9,8,1.25,2.25,1.25,False,3.7.0
2026-03-23 17:04:00-04:00,1774299840000,6605.75,True,False,-1,2,VWAP_TRIPLE_BEAR,9,7,2.25,2.25,1.25,False,3.7.0
2026-03-23 17:04:59-04:00,1774299899000,6605.25,True,False,-1,1,VWAP_TRIPLE_BEAR,10,9,2.25,2.25,1.25,False,3.7.0
2026-03-23 17:06:00-04:00,1774299960000,6599.75,True,False,1,3,VWAP_TRIPLE_BEAR,10,13,2.25,2.25,1.25,False,3.7.0
2026-03-23 17:07:00-04:00,1774300020000,6600.5,True,False,1,4,VWAP_TRIPLE_BEAR,11,7,2.25,2.25,1.25,False,3.7.0
2026-03-23 17:08:00-04:00,1774300080000,6601.5,True,False,1,2,VWAP_TRIPLE_BEAR,9,7,2.25,2.25,1.25,False,3.7.0
2026-03-23 17:08:59-04:00,1774300139000,6602.0,True,False,1,0,VWAP_TRIPLE_BEAR,9,9,2.25,2.25,1.25,False,3.7.0
2026-03-23 17:10:00-04:00,1774300200000,6605.75,True,False,-1,2,VWAP_TRIPLE_BEAR,6,8,2.25,2.25,1.25,False,3.7.0
2026-03-23 17:11:00-04:00,1774300260000,6604.75,True,False,-1,1,VWAP_TRIPLE_BEAR,9,8,2.25,2.25,1.25,False,3.7.0
2026-03-23 17:11:59-04:00,1774300319000,6604.0,True,False,-1,2,VWAP_TRIPLE_BEAR,10,8,2.25,2.25,1.25,False,3.7.0
2026-03-23 17:13:00-04:00,1774300380000,6602.75,True,False,-1,0,VWAP_TRIPLE_BEAR,9,9,2.25,2.25,1.25,False,3.7.0
2026-03-23 17:14:00-04:00,1774300440000,6602.25,True,False,-1,1,VWAP_TRIPLE_BEAR,9,8,2.25,2.25,1.25,False,3.7.0
2026-03-23 17:14:59-04:00,1774300499000,6600.75,True,False,-1,0,VWAP_TRIPLE_BEAR,9,9,2.25,2.25,1.25,False,3.7.0
2026-03-23 17:16:00-04:00,1774300560000,6599.0,True,False,1,1,VWAP_TRIPLE_BEAR,9,10,2.25,2.25,1.25,False,3.7.0
2026-03-23 17:17:00-04:00,1774300620000,6598.0,True,False,1,1,VWAP_TRIPLE_BEAR,10,9,2.25,2.25,1.25,False,3.7.0
2026-03-23 17:17:59-04:00,1774300679000,6598.75,True,False,1,1,VWAP_TRIPLE_BEAR,9,10,2.25,2.25,1.25,False,3.7.0
2026-03-23 17:19:00-04:00,1774300740000,6599.75,True,False,1,1,VWAP_TRIPLE_BEAR,8,9,2.25,2.25,1.25,False,3.7.0
2026-03-23 17:20:00-04:00,1774300800000,6602.5,True,False,0,4,VWAP_TRIPLE_BEAR,12,8,-2.75,2.25,1.25,False,3.7.0
2026-03-23 17:20:59-04:00,1774300859000,6600.75,True,False,1,3,VWAP_TRIPLE_BEAR,10,7,2.25,2.25,1.25,False,3.7.0
2026-03-23 17:22:00-04:00,1774300920000,6606.0,True,False,1,0,VWAP_TRIPLE_BEAR,8,8,2.25,2.25,1.25,False,3.7.0
2026-03-23 17:23:00-04:00,1774300980000,6605.0,True,False,1,0,VWAP_TRIPLE_BEAR,7,7,2.25,2.25,1.25,False,3.7.0
2026-03-23 17:24:00-04:00,1774301040000,6606.75,True,False,0,1,VWAP_TRIPLE_BEAR,7,8,-13.25,2.25,1.25,False,3.7.0
2026-03-23 17:24:59-04:00,1774301099000,6608.25,True,False,-1,2,VWAP_TRIPLE_BEAR,8,6,2.25,2.25,1.25,False,3.7.0
2026-03-23 17:26:00-04:00,1774301160000,6606.25,True,False,1,4,VWAP_TRIPLE_BEAR,6,10,2.25,2.25,1.25,False,3.7.0
2026-03-23 17:27:00-04:00,1774301220000,6608.75,True,False,-1,4,VWAP_TRIPLE_BEAR,11,7,2.25,2.25,1.25,False,3.7.0
2026-03-23 17:27:59-04:00,1774301279000,6608.0,True,False,-1,0,VWAP_TRIPLE_BEAR,7,7,2.25,2.25,1.25,False,3.7.0
2026-03-23 17:29:00-04:00,1774301340000,6607.5,True,False,-1,2,VWAP_TRIPLE_BEAR,6,8,2.25,2.25,1.25,False,3.7.0
2026-03-23 17:30:00-04:00,1774301400000,6605.0,True,False,-1,6,VWAP_TRIPLE_BEAR,5,11,2.25,2.25,1.25,False,3.7.0
2026-03-23 17:30:59-04:00,1774301459000,6603.5,True,False,-1,2,VWAP_TRIPLE_BEAR,9,7,2.25,2.25,1.25,False,3.7.0
2026-03-23 17:32:00-04:00,1774301520000,6601.5,True,False,1,2,VWAP_TRIPLE_BEAR,9,7,2.25,2.25,1.25,False,3.7.0
2026-03-23 17:33:00-04:00,1774301580000,6602.25,True,False,0,1,VWAP_TRIPLE_BEAR,8,7,-5.0,2.25,1.25,False,3.7.0
2026-03-23 17:33:59-04:00,1774301639000,6604.0,True,False,-1,1,VWAP_TRIPLE_BEAR,9,8,2.25,2.25,1.25,False,3.7.0
2026-03-23 17:35:00-04:00,1774301700000,6603.5,True,False,-1,0,VWAP_TRIPLE_BEAR,8,8,2.25,2.25,1.25,False,3.7.0
2026-03-23 17:36:00-04:00,1774301760000,6603.0,True,False,-1,3,VWAP_TRIPLE_BEAR,10,7,2.25,2.25,1.25,False,3.7.0
2026-03-23 17:36:59-04:00,1774301819000,6600.0,True,False,-1,2,VWAP_TRIPLE_BEAR,7,9,2.25,2.25,1.25,False,3.7.0
2026-03-23 17:38:00-04:00,1774301880000,6599.25,True,False,-1,1,VWAP_TRIPLE_BEAR,8,9,2.25,2.25,1.25,False,3.7.0
2026-03-23 17:39:00-04:00,1774301940000,6599.75,True,False,-1,0,VWAP_TRIPLE_BEAR,8,8,2.25,2.25,1.25,False,3.7.0
2026-03-23 17:40:00-04:00,1774302000000,6599.75,True,False,-1,1,VWAP_TRIPLE_BEAR,9,8,2.25,2.25,1.25,False,3.7.0
2026-03-23 17:40:59-04:00,1774302059000,6595.5,True,False,0,4,VWAP_TRIPLE_BEAR,9,13,3.75,2.25,1.25,False,3.7.0
2026-03-23 17:42:00-04:00,1774302120000,6596.75,True,False,-1,0,VWAP_TRIPLE_BEAR,10,10,2.25,2.25,1.25,False,3.7.0
2026-03-23 17:43:00-04:00,1774302180000,6595.75,True,False,-1,0,VWAP_TRIPLE_BEAR,9,9,2.25,2.25,1.25,False,3.7.0
2026-03-23 17:43:59-04:00,1774302239000,6593.5,True,False,0,0,VWAP_TRIPLE_BEAR,10,10,5.25,2.25,1.25,False,3.7.0
2026-03-23 17:45:00-04:00,1774302300000,6593.0,True,False,1,4,VWAP_TRIPLE_BEAR,12,8,2.25,2.25,1.25,False,3.7.0
2026-03-23 17:46:00-04:00,1774302360000,6592.25,True,False,1,0,VWAP_TRIPLE_BEAR,9,9,2.25,2.25,1.25,False,3.7.0
2026-03-23 17:46:59-04:00,1774302419000,6592.0,True,False,1,0,VWAP_TRIPLE_BEAR,9,9,2.25,2.25,1.25,False,3.7.0
2026-03-23 17:48:00-04:00,1774302480000,6592.75,True,False,1,1,VWAP_TRIPLE_BEAR,9,8,2.25,2.25,1.25,False,3.7.0
2026-03-23 17:49:00-04:00,1774302540000,6593.75,True,False,1,2,VWAP_TRIPLE_BEAR,9,7,2.25,2.25,1.25,False,3.7.0
2026-03-23 17:49:59-04:00,1774302599000,6597.0,True,False,0,1,VWAP_TRIPLE_BEAR,11,10,-4.25,2.25,1.25,False,3.7.0
2026-03-23 17:51:00-04:00,1774302660000,6596.75,True,False,1,0,VWAP_TRIPLE_BEAR,9,9,2.25,2.25,1.25,False,3.7.0
2026-03-23 17:52:00-04:00,1774302720000,6598.0,True,False,-1,2,VWAP_TRIPLE_BEAR,10,8,2.25,2.25,1.25,False,3.7.0
2026-03-23 17:53:00-04:00,1774302780000,6597.25,True,False,0,4,VWAP_TRIPLE_BEAR,7,11,-1.0,2.25,1.25,False,3.7.0
2026-03-23 17:53:59-04:00,1774302839000,6595.75,True,False,1,1,VWAP_TRIPLE_BEAR,9,10,2.25,2.25,1.25,False,3.7.0
2026-03-23 17:55:00-04:00,1774302900000,6596.5,True,False,1,1,VWAP_TRIPLE_BEAR,9,10,2.25,2.25,1.25,False,3.7.0
2026-03-23 17:56:00-04:00,1774302960000,6597.25,False,False,0,0,VWAP_TRIPLE_BEAR,7,10,0.25,2.25,1.25,False,3.7.0
2026-03-23 17:56:59-04:00,1774303019000,6597.0,False,False,0,0,VWAP_TRIPLE_BEAR,7,9,2.25,2.25,1.25,False,3.7.0
2026-03-23 17:58:00-04:00,1774303080000,6598.25,False,False,0,0,VWAP_TRIPLE_BEAR,7,9,2.25,2.25,1.25,False,3.7.0
2026-03-23 17:59:00-04:00,1774303140000,6599.0,False,False,0,0,VWAP_TRIPLE_BEAR,10,8,2.25,2.25,1.25,False,3.7.0
2026-03-23 17:59:59-04:00,1774303199000,6596.5,False,False,0,0,VWAP_TRIPLE_BEAR,6,11,2.25,2.25,1.25,False,3.7.0
2026-03-23 18:01:00-04:00,1774303260000,6599.25,False,False,0,0,VWAP_TRIPLE_BEAR,7,9,2.25,2.25,1.25,False,3.7.0
2026-03-23 18:02:00-04:00,1774303320000,6599.25,False,False,0,0,VWAP_TRIPLE_BEAR,8,9,2.25,2.25,1.25,False,3.7.0
2026-03-23 18:02:59-04:00,1774303379000,6599.25,False,False,0,0,VWAP_TRIPLE_BEAR,6,10,2.25,2.25,1.25,False,3.7.0
2026-03-23 18:04:00-04:00,1774303440000,6598.75,False,False,0,0,VWAP_TRIPLE_BEAR,7,8,2.25,2.25,1.25,False,3.7.0
2026-03-23 18:05:00-04:00,1774303500000,6595.75,False,False,0,0,VWAP_TRIPLE_BEAR,7,10,11.0,2.25,1.25,False,3.7.0
2026-03-23 18:05:59-04:00,1774303559000,6597.25,False,False,0,0,VWAP_TRIPLE_BEAR,7,10,2.25,2.25,1.25,False,3.7.0
2026-03-23 18:07:00-04:00,1774303620000,6597.75,False,False,0,0,VWAP_TRIPLE_BEAR,6,9,2.25,2.25,1.25,False,3.7.0
2026-03-23 18:08:00-04:00,1774303680000,6595.5,False,False,0,0,VWAP_TRIPLE_BEAR,8,9,6.0,2.25,1.25,False,3.7.0
2026-03-23 18:09:00-04:00,1774303740000,6596.75,False,False,0,0,VWAP_TRIPLE_BEAR,8,7,2.25,2.25,1.25,False,3.7.0
2026-03-23 18:09:59-04:00,1774303799000,6592.75,False,False,0,0,VWAP_TRIPLE_BEAR,8,11,2.25,2.25,1.25,False,3.7.0
2026-03-23 18:11:00-04:00,1774303860000,6590.25,False,False,0,0,VWAP_TRIPLE_BEAR,8,12,2.25,2.25,1.25,False,3.7.0
2026-03-23 18:12:00-04:00,1774303920000,6594.25,False,False,0,0,VWAP_TRIPLE_BEAR,10,10,2.25,2.25,1.25,False,3.7.0
2026-03-23 18:12:59-04:00,1774303979000,6596.25,False,False,0,0,VWAP_TRIPLE_BEAR,7,7,4.75,2.25,1.25,False,3.7.0
2026-03-23 18:14:00-04:00,1774304040000,6594.75,False,False,0,0,VWAP_TRIPLE_BEAR,6,9,2.25,2.25,1.25,False,3.7.0
2026-03-23 18:15:00-04:00,1774304100000,6594.5,False,False,0,0,VWAP_TRIPLE_BEAR,6,8,2.25,2.25,1.25,False,3.7.0
2026-03-23 18:15:59-04:00,1774304159000,6597.5,False,False,0,0,VWAP_TRIPLE_BEAR,10,9,2.25,2.25,1.25,False,3.7.0
2026-03-23 18:17:00-04:00,1774304220000,6595.25,False,False,0,0,VWAP_TRIPLE_BEAR,7,10,2.25,2.25,1.25,False,3.7.0
2026-03-23 18:18:00-04:00,1774304280000,6594.75,False,False,0,0,VWAP_TRIPLE_BEAR,6,10,2.25,2.25,1.25,False,3.7.0
2026-03-23 18:18:59-04:00,1774304339000,6598.25,False,False,0,0,VWAP_TRIPLE_BEAR,8,9,2.25,2.25,1.25,False,3.7.0
2026-03-23 18:20:00-04:00,1774304400000,6599.25,False,False,0,0,VWAP_TRIPLE_BEAR,12,12,2.25,2.25,1.25,False,3.7.0
2026-03-23 18:21:00-04:00,1774304460000,6601.75,False,False,0,0,VWAP_TRIPLE_BEAR,9,8,2.25,2.25,1.25,False,3.7.0
2026-03-23 18:21:59-04:00,1774304519000,6603.5,False,False,0,0,VWAP_TRIPLE_BEAR,8,8,2.25,2.25,1.25,False,3.7.0
2026-03-23 18:23:00-04:00,1774304580000,6604.75,False,False,0,0,VWAP_TRIPLE_BEAR,8,8,-1.25,2.25,1.25,False,3.7.0
2026-03-23 18:24:00-04:00,1774304640000,6605.0,False,False,0,0,VWAP_TRIPLE_BEAR,6,7,-0.5,2.25,1.25,False,3.7.0
2026-03-23 18:25:00-04:00,1774304700000,6606.75,False,False,0,0,VWAP_TRIPLE_BEAR,10,6,2.25,2.25,1.25,False,3.7.0
2026-03-23 18:25:59-04:00,1774304759000,6601.0,False,False,0,0,VWAP_TRIPLE_BEAR,9,10,2.25,2.25,1.25,False,3.7.0
2026-03-23 18:27:00-04:00,1774304820000,6601.5,False,False,0,0,VWAP_TRIPLE_BEAR,9,11,2.25,2.25,1.25,False,3.7.0
2026-03-23 18:28:00-04:00,1774304880000,6601.5,False,False,0,0,VWAP_TRIPLE_BEAR,9,8,2.25,2.25,1.25,False,3.7.0
2026-03-23 18:28:59-04:00,1774304939000,6603.0,False,False,0,0,VWAP_TRIPLE_BEAR,9,8,2.25,2.25,1.25,False,3.7.0
2026-03-23 18:30:00-04:00,1774305000000,6601.75,False,False,0,0,VWAP_TRIPLE_BEAR,10,9,2.25,2.25,1.25,False,3.7.0
2026-03-23 18:31:00-04:00,1774305060000,6601.0,False,False,0,0,VWAP_TRIPLE_BEAR,9,10,2.25,2.25,1.25,False,3.7.0
2026-03-23 18:31:59-04:00,1774305119000,6601.5,False,False,0,0,VWAP_TRIPLE_BEAR,9,8,2.25,2.25,1.25,False,3.7.0
2026-03-23 18:33:00-04:00,1774305180000,6601.0,False,False,0,0,VWAP_TRIPLE_BEAR,9,9,2.25,2.25,1.25,False,3.7.0
2026-03-23 18:34:00-04:00,1774305240000,6600.75,False,False,0,0,VWAP_TRIPLE_BEAR,10,7,2.25,2.25,1.25,False,3.7.0
2026-03-23 18:34:59-04:00,1774305299000,6603.0,False,False,0,0,VWAP_TRIPLE_BEAR,10,6,-5.0,2.25,1.25,False,3.7.0
2026-03-23 18:36:00-04:00,1774305360000,6603.25,False,False,0,0,VWAP_TRIPLE_BEAR,10,7,-6.5,2.25,1.25,False,3.7.0
2026-03-23 18:37:00-04:00,1774305420000,6604.5,False,False,0,0,VWAP_TRIPLE_BEAR,10,6,2.25,2.25,1.25,False,3.7.0
2026-03-23 18:38:00-04:00,1774305480000,6603.25,False,False,0,0,VWAP_TRIPLE_BEAR,8,7,2.25,2.25,1.25,False,3.7.0
2026-03-23 18:38:59-04:00,1774305539000,6600.25,False,False,0,0,VWAP_TRIPLE_BEAR,9,10,2.25,2.25,1.25,False,3.7.0
2026-03-23 18:40:00-04:00,1774305600000,6600.5,False,False,0,0,VWAP_TRIPLE_BEAR,9,9,2.25,2.25,1.25,False,3.7.0
2026-03-23 18:41:00-04:00,1774305660000,6603.25,False,False,0,0,VWAP_TRIPLE_BEAR,9,6,2.25,2.25,1.25,False,3.7.0
2026-03-23 18:41:59-04:00,1774305719000,6602.5,False,False,0,0,VWAP_TRIPLE_BEAR,10,6,2.25,2.25,1.25,False,3.7.0
2026-03-23 18:43:00-04:00,1774305780000,6603.5,False,False,0,0,VWAP_TRIPLE_BEAR,10,6,2.25,2.25,1.25,False,3.7.0
2026-03-23 18:44:00-04:00,1774305840000,6604.5,False,False,0,0,VWAP_TRIPLE_BEAR,12,6,2.25,2.25,1.25,False,3.7.0
2026-03-23 18:44:59-04:00,1774305899000,6604.5,False,False,0,0,VWAP_TRIPLE_BEAR,8,7,2.25,2.25,1.25,False,3.7.0
2026-03-23 18:46:00-04:00,1774305960000,6606.75,False,False,0,0,VWAP_TRIPLE_BEAR,12,6,2.25,2.25,1.25,False,3.7.0
2026-03-23 18:47:00-04:00,1774306020000,6605.25,False,False,0,0,VWAP_TRIPLE_BEAR,7,8,2.25,2.25,1.25,False,3.7.0
2026-03-23 18:47:59-04:00,1774306079000,6605.5,False,False,0,0,VWAP_TRIPLE_BEAR,7,7,2.25,2.25,1.25,False,3.7.0
2026-03-23 18:49:00-04:00,1774306140000,6602.75,False,False,0,0,VWAP_TRIPLE_BEAR,7,11,2.25,2.25,1.25,False,3.7.0
2026-03-23 18:50:00-04:00,1774306200000,6598.25,False,False,0,0,VWAP_TRIPLE_BEAR,8,15,-2.0,2.25,1.25,False,3.7.0
2026-03-23 18:50:59-04:00,1774306259000,6598.5,False,False,0,0,VWAP_TRIPLE_BEAR,7,12,2.25,2.25,1.25,False,3.7.0
2026-03-23 18:52:00-04:00,1774306320000,6596.5,False,False,0,0,VWAP_TRIPLE_BEAR,7,11,-0.25,2.25,1.25,False,3.7.0
2026-03-23 18:53:00-04:00,1774306380000,6597.5,False,False,0,0,VWAP_TRIPLE_BEAR,8,9,-1.25,2.25,1.25,False,3.7.0
2026-03-23 18:54:00-04:00,1774306440000,6598.5,False,False,0,0,VWAP_TRIPLE_BEAR,12,9,2.25,2.25,1.25,False,3.7.0
2026-03-23 18:54:59-04:00,1774306499000,6598.0,False,False,0,0,VWAP_TRIPLE_BEAR,10,10,-1.75,2.25,1.25,False,3.7.0
2026-03-23 18:56:00-04:00,1774306560000,6596.75,False,False,0,0,VWAP_TRIPLE_BEAR,8,9,-0.5,2.25,1.25,False,3.7.0
2026-03-23 18:57:00-04:00,1774306620000,6597.25,False,False,0,0,VWAP_TRIPLE_BEAR,8,12,-1.0,2.25,1.25,False,3.7.0
2026-03-23 18:57:59-04:00,1774306679000,6598.5,False,False,0,0,VWAP_TRIPLE_BEAR,9,9,2.25,2.25,1.25,False,3.7.0
2026-03-23 18:59:00-04:00,1774306740000,6596.25,False,False,0,0,VWAP_TRIPLE_BEAR,8,10,,2.25,1.25,False,3.7.0
