datetime_et,ts,price,valid_bar,partial_session,label,label_quality,setup_type,score_buy,score_sell,realized_pts,tp_pts,sl_pts,hl_mode,schema
2026-03-22 19:00:00-04:00,1774220400000,24018.5,False,False,0,0,BN_LONG_UP,6,7,-23.25,9.0,5.0,False,3.7.0
2026-03-22 19:00:59-04:00,1774220459000,24020.5,False,False,0,0,BN_LONG_DN,6,9,-25.5,9.0,5.0,False,3.7.0
2026-03-22 19:02:00-04:00,1774220520000,24027.25,False,False,0,0,BN_LONG_UP,5,7,9.0,9.0,5.0,False,3.7.0
2026-03-22 19:03:00-04:00,1774220580000,24020.0,False,False,0,0,BN_LONG_DN,4,10,9.0,9.0,5.0,False,3.7.0
2026-03-22 19:03:59-04:00,1774220639000,24021.75,False,False,0,0,CONFLUENCE_SELL,3,9,9.0,9.0,5.0,False,3.7.0
2026-03-22 19:05:00-04:00,1774220700000,24008.5,False,False,0,0,VWAP_TRIPLE_BEAR,4,12,9.0,9.0,5.0,False,3.7.0
2026-03-22 19:06:00-04:00,1774220760000,24012.0,False,False,0,0,VWAP_TRIPLE_BEAR,5,8,-9.25,9.0,5.0,False,3.7.0
2026-03-22 19:06:59-04:00,1774220819000,24018.25,False,False,0,0,CONFLUENCE_SELL,6,7,9.0,9.0,5.0,False,3.7.0
2026-03-22 19:08:00-04:00,1774220880000,24006.25,False,False,0,0,VWAP_TRIPLE_BEAR,4,12,9.0,9.0,5.0,False,3.7.0
2026-03-22 19:09:00-04:00,1774220940000,24006.25,False,False,0,0,VWAP_TRIPLE_BEAR,6,8,9.0,9.0,5.0,False,3.7.0
2026-03-22 19:10:00-04:00,1774221000000,24004.25,False,False,0,0,VWAP_TRIPLE_BEAR,4,10,9.0,9.0,5.0,False,3.7.0
2026-03-22 19:10:59-04:00,1774221059000,23998.5,False,False,0,0,VWAP_TRIPLE_BEAR,6,8,9.0,9.0,5.0,False,3.7.0
2026-03-22 19:12:00-04:00,1774221120000,23982.25,False,False,0,0,VWAP_TRIPLE_BEAR,5,12,9.25,9.0,5.0,False,3.7.0
2026-03-22 19:13:00-04:00,1774221180000,23983.75,False,False,0,0,VWAP_TRIPLE_BEAR,6,8,-0.25,9.0,5.0,False,3.7.0
2026-03-22 19:13:59-04:00,1774221239000,23978.0,False,False,0,0,VWAP_TRIPLE_BEAR,4,10,9.0,9.0,5.0,False,3.7.0
2026-03-22 19:15:00-04:00,1774221300000,23976.0,False,False,0,0,VWAP_TRIPLE_BEAR,4,8,9.0,9.0,5.0,False,3.7.0
2026-03-22 19:16:00-04:00,1774221360000,23985.0,False,False,0,0,VWAP_TRIPLE_BEAR,8,7,9.0,9.0,5.0,False,3.7.0
2026-03-22 19:16:59-04:00,1774221419000,23986.25,False,False,0,0,VWAP_TRIPLE_BEAR,5,8,9.0,9.0,5.0,False,3.7.0
2026-03-22 19:18:00-04:00,1774221480000,23975.75,False,False,0,0,VWAP_TRIPLE_BEAR,5,9,9.0,9.0,5.0,False,3.7.0
2026-03-22 19:19:00-04:00,1774221540000,23985.0,False,False,0,0,VWAP_TRIPLE_BEAR,6,7,9.0,9.0,5.0,False,3.7.0
2026-03-22 19:19:59-04:00,1774221599000,23995.25,False,False,0,0,VWAP_TRIPLE_BEAR,6,7,-9.5,9.0,5.0,False,3.7.0
2026-03-22 19:21:00-04:00,1774221660000,23995.0,False,False,0,0,VWAP_TRIPLE_BEAR,5,7,-13.25,9.0,5.0,False,3.7.0
2026-03-22 19:22:00-04:00,1774221720000,23994.75,False,False,0,0,VWAP_TRIPLE_BEAR,6,7,-15.25,9.0,5.0,False,3.7.0
2026-03-22 19:23:00-04:00,1774221780000,23990.5,False,False,0,0,VWAP_TRIPLE_BEAR,4,12,9.0,9.0,5.0,False,3.7.0
2026-03-22 19:23:59-04:00,1774221839000,23988.0,False,False,0,0,VWAP_TRIPLE_BEAR,4,9,9.0,9.0,5.0,False,3.7.0
2026-03-22 19:25:00-04:00,1774221900000,23993.5,False,False,0,0,VWAP_TRIPLE_BEAR,7,7,9.0,9.0,5.0,False,3.7.0
2026-03-22 19:26:00-04:00,1774221960000,24002.75,False,False,0,0,VWAP_TRIPLE_BEAR,6,8,9.0,9.0,5.0,False,3.7.0
2026-03-22 19:26:59-04:00,1774222019000,23990.5,False,False,0,0,VWAP_TRIPLE_BEAR,4,11,-10.5,9.0,5.0,False,3.7.0
2026-03-22 19:28:00-04:00,1774222080000,23992.25,False,False,0,0,VWAP_TRIPLE_BEAR,4,10,-16.75,9.0,5.0,False,3.7.0
2026-03-22 19:29:00-04:00,1774222140000,23994.25,False,False,0,0,VWAP_TRIPLE_BEAR,4,7,9.0,9.0,5.0,False,3.7.0
2026-03-22 19:29:59-04:00,1774222199000,23988.5,False,False,0,0,VWAP_TRIPLE_BEAR,4,8,-21.25,9.0,5.0,False,3.7.0
2026-03-22 19:31:00-04:00,1774222260000,23997.25,False,False,0,0,VWAP_TRIPLE_BEAR,6,8,9.0,9.0,5.0,False,3.7.0
2026-03-22 19:32:00-04:00,1774222320000,23991.5,False,False,0,0,VWAP_TRIPLE_BEAR,4,8,-20.5,9.0,5.0,False,3.7.0
2026-03-22 19:32:59-04:00,1774222379000,23983.5,False,False,0,0,VWAP_TRIPLE_BEAR,5,10,9.0,9.0,5.0,False,3.7.0
2026-03-22 19:34:00-04:00,1774222440000,24001.5,False,False,0,0,VWAP_TRIPLE_BEAR,9,7,9.0,9.0,5.0,False,3.7.0
2026-03-22 19:35:00-04:00,1774222500000,23997.0,False,False,0,0,VWAP_TRIPLE_BEAR,7,8,9.0,9.0,5.0,False,3.7.0
2026-03-22 19:35:59-04:00,1774222559000,23990.25,False,False,0,0,VWAP_TRIPLE_BEAR,5,10,-34.25,9.0,5.0,False,3.7.0
2026-03-22 19:37:00-04:00,1774222620000,23991.0,False,False,0,0,VWAP_TRIPLE_BEAR,5,7,-38.0,9.0,5.0,False,3.7.0
2026-03-22 19:38:00-04:00,1774222680000,23996.0,False,False,0,0,VWAP_TRIPLE_BEAR,6,6,9.0,9.0,5.0,False,3.7.0
2026-03-22 19:39:00-04:00,1774222740000,23990.0,False,False,0,0,VWAP_TRIPLE_BEAR,6,9,9.0,9.0,5.0,False,3.7.0
2026-03-22 19:39:59-04:00,1774222799000,23985.75,False,False,0,0,VWAP_TRIPLE_BEAR,5,10,9.0,9.0,5.0,False,3.7.0
2026-03-22 19:41:00-04:00,1774222860000,23981.75,False,False,0,0,VWAP_TRIPLE_BEAR,4,11,9.0,9.0,5.0,False,3.7.0
2026-03-22 19:42:00-04:00,1774222920000,23979.5,False,False,0,0,VWAP_TRIPLE_BEAR,5,10,-29.5,9.0,5.0,False,3.7.0
2026-03-22 19:42:59-04:00,1774222979000,23974.25,False,False,0,0,VWAP_TRIPLE_BEAR,5,8,9.0,9.0,5.0,False,3.7.0
2026-03-22 19:44:00-04:00,1774223040000,23986.0,False,False,0,0,VWAP_TRIPLE_BEAR,9,7,9.0,9.0,5.0,False,3.7.0
2026-03-22 19:45:00-04:00,1774223100000,23977.75,False,False,0,0,VWAP_TRIPLE_BEAR,5,10,-23.25,9.0,5.0,False,3.7.0
2026-03-22 19:45:59-04:00,1774223159000,23983.75,False,False,0,0,VWAP_TRIPLE_BEAR,5,8,9.0,9.0,5.0,False,3.7.0
2026-03-22 19:47:00-04:00,1774223220000,23980.0,False,False,0,0,VWAP_TRIPLE_BEAR,5,7,9.0,9.0,5.0,False,3.7.0
2026-03-22 19:48:00-04:00,1774223280000,23975.5,False,False,0,0,VWAP_TRIPLE_BEAR,5,8,9.0,9.0,5.0,False,3.7.0
2026-03-22 19:48:59-04:00,1774223339000,23973.25,False,False,0,0,VWAP_TRIPLE_BEAR,5,11,9.0,9.0,5.0,False,3.7.0
2026-03-22 19:50:00-04:00,1774223400000,23967.25,False,False,0,0,VWAP_TRIPLE_BEAR,4,11,-6.25,9.0,5.0,False,3.7.0
2026-03-22 19:51:00-04:00,1774223460000,23974.75,False,False,0,0,VWAP_TRIPLE_BEAR,7,9,9.0,9.0,5.0,False,3.7.0
2026-03-22 19:51:59-04:00,1774223519000,23971.0,False,False,0,0,VWAP_TRIPLE_BEAR,4,8,9.0,9.0,5.0,False,3.7.0
2026-03-22 19:53:00-04:00,1774223580000,23965.25,False,False,0,0,VWAP_TRIPLE_BEAR,4,11,9.0,9.0,5.0,False,3.7.0
2026-03-22 19:54:00-04:00,1774223640000,23959.0,False,False,0,0,VWAP_TRIPLE_BEAR,3,12,11.5,9.0,5.0,False,3.7.0
2026-03-22 19:55:00-04:00,1774223700000,23955.25,False,False,0,0,VWAP_TRIPLE_BEAR,3,8,9.0,9.0,5.0,False,3.7.0
2026-03-22 19:55:59-04:00,1774223759000,23956.0,False,False,0,0,VWAP_TRIPLE_BEAR,4,8,25.25,9.0,5.0,False,3.7.0
2026-03-22 19:57:00-04:00,1774223820000,23953.0,False,False,0,0,VWAP_TRIPLE_BEAR,4,8,9.0,9.0,5.0,False,3.7.0
2026-03-22 19:58:00-04:00,1774223880000,23954.75,False,False,0,0,VWAP_TRIPLE_BEAR,4,9,9.0,9.0,5.0,False,3.7.0
2026-03-22 19:58:59-04:00,1774223939000,23950.75,False,False,0,0,VWAP_TRIPLE_BEAR,7,7,9.0,9.0,5.0,False,3.7.0
2026-03-22 20:00:00-04:00,1774224000000,23966.0,False,False,0,0,VWAP_TRIPLE_BEAR,8,8,9.0,9.0,5.0,False,3.7.0
2026-03-22 20:01:00-04:00,1774224060000,23958.0,False,False,0,0,VWAP_TRIPLE_BEAR,4,9,9.0,9.0,5.0,False,3.7.0
2026-03-22 20:01:59-04:00,1774224119000,23950.0,False,False,0,0,VWAP_TRIPLE_BEAR,3,11,9.0,9.0,5.0,False,3.7.0
2026-03-22 20:03:00-04:00,1774224180000,23948.0,False,False,0,0,VWAP_TRIPLE_BEAR,3,9,9.0,9.0,5.0,False,3.7.0
2026-03-22 20:04:00-04:00,1774224240000,23952.5,False,False,0,0,VWAP_TRIPLE_BEAR,7,8,9.0,9.0,5.0,False,3.7.0
2026-03-22 20:04:59-04:00,1774224299000,23954.5,False,False,0,0,VWAP_TRIPLE_BEAR,7,8,9.0,9.0,5.0,False,3.7.0
2026-03-22 20:06:00-04:00,1774224360000,23967.0,False,False,0,0,VWAP_TRIPLE_BEAR,6,8,9.0,9.0,5.0,False,3.7.0
2026-03-22 20:07:00-04:00,1774224420000,23962.25,False,False,0,0,VWAP_TRIPLE_BEAR,5,10,22.5,9.0,5.0,False,3.7.0
2026-03-22 20:08:00-04:00,1774224480000,23959.75,False,False,0,0,VWAP_TRIPLE_BEAR,3,8,9.0,9.0,5.0,False,3.7.0
2026-03-22 20:08:59-04:00,1774224539000,23957.25,False,False,0,0,VWAP_TRIPLE_BEAR,4,7,9.0,9.0,5.0,False,3.7.0
2026-03-22 20:10:00-04:00,1774224600000,23961.0,False,False,0,0,VWAP_TRIPLE_BEAR,5,7,9.0,9.0,5.0,False,3.7.0
2026-03-22 20:11:00-04:00,1774224660000,23964.0,False,False,0,0,VWAP_TRIPLE_BEAR,4,7,9.0,9.0,5.0,False,3.7.0
2026-03-22 20:11:59-04:00,1774224719000,23962.25,False,False,0,0,VWAP_TRIPLE_BEAR,5,7,9.0,9.0,5.0,False,3.7.0
2026-03-22 20:13:00-04:00,1774224780000,23967.0,False,False,0,0,VWAP_TRIPLE_BEAR,6,7,9.0,9.0,5.0,False,3.7.0
2026-03-22 20:14:00-04:00,1774224840000,23970.5,False,False,0,0,VWAP_TRIPLE_BEAR,3,9,9.0,9.0,5.0,False,3.7.0
2026-03-22 20:14:59-04:00,1774224899000,23969.75,False,False,0,0,VWAP_TRIPLE_BEAR,4,7,9.0,9.0,5.0,False,3.7.0
2026-03-22 20:16:00-04:00,1774224960000,23981.25,False,False,0,0,VWAP_TRIPLE_BEAR,8,6,9.0,9.0,5.0,False,3.7.0
2026-03-22 20:17:00-04:00,1774225020000,23983.0,False,False,0,0,VWAP_TRIPLE_BEAR,6,6,9.0,9.0,5.0,False,3.7.0
2026-03-22 20:17:59-04:00,1774225079000,23974.75,False,False,0,0,VWAP_TRIPLE_BEAR,3,11,9.0,9.0,5.0,False,3.7.0
2026-03-22 20:19:00-04:00,1774225140000,23980.0,False,False,0,0,VWAP_TRIPLE_BEAR,6,7,9.0,9.0,5.0,False,3.7.0
2026-03-22 20:20:00-04:00,1774225200000,23970.0,False,False,0,0,VWAP_TRIPLE_BEAR,4,11,9.0,9.0,5.0,False,3.7.0
2026-03-22 20:20:59-04:00,1774225259000,23982.25,False,False,0,0,VWAP_TRIPLE_BEAR,7,6,16.25,9.0,5.0,False,3.7.0
2026-03-22 20:22:00-04:00,1774225320000,23983.25,False,False,0,0,VWAP_TRIPLE_BEAR,6,6,13.75,9.0,5.0,False,3.7.0
2026-03-22 20:23:00-04:00,1774225380000,23977.0,False,False,0,0,VWAP_TRIPLE_BEAR,4,10,9.0,9.0,5.0,False,3.7.0
2026-03-22 20:24:00-04:00,1774225440000,23983.25,False,False,0,0,VWAP_TRIPLE_BEAR,6,6,9.0,9.0,5.0,False,3.7.0
2026-03-22 20:24:59-04:00,1774225499000,23983.75,False,False,0,0,VWAP_TRIPLE_BEAR,8,6,9.0,9.0,5.0,False,3.7.0
2026-03-22 20:26:00-04:00,1774225560000,23992.0,False,False,0,0,VWAP_TRIPLE_BEAR,7,6,-6.75,9.0,5.0,False,3.7.0
2026-03-22 20:27:00-04:00,1774225620000,23984.75,False,False,0,0,VWAP_TRIPLE_BEAR,5,8,9.0,9.0,5.0,False,3.7.0
2026-03-22 20:27:59-04:00,1774225679000,23987.25,False,False,0,0,VWAP_TRIPLE_BEAR,6,7,9.0,9.0,5.0,False,3.7.0
2026-03-22 20:29:00-04:00,1774225740000,23990.5,False,False,0,0,VWAP_TRIPLE_BEAR,6,7,9.0,9.0,5.0,False,3.7.0
2026-03-22 20:30:00-04:00,1774225800000,23988.0,False,False,0,0,VWAP_TRIPLE_BEAR,5,8,9.0,9.0,5.0,False,3.7.0
2026-03-22 20:30:59-04:00,1774225859000,23994.25,False,False,0,0,VWAP_TRIPLE_BEAR,7,6,-11.0,9.0,5.0,False,3.7.0
2026-03-22 20:32:00-04:00,1774225920000,23993.0,False,False,0,0,VWAP_TRIPLE_BEAR,4,8,9.0,9.0,5.0,False,3.7.0
2026-03-22 20:33:00-04:00,1774225980000,23990.5,False,False,0,0,VWAP_TRIPLE_BEAR,5,6,9.0,9.0,5.0,False,3.7.0
2026-03-22 20:33:59-04:00,1774226039000,23992.25,False,False,0,0,VWAP_TRIPLE_BEAR,5,9,9.0,9.0,5.0,False,3.7.0
2026-03-22 20:35:00-04:00,1774226100000,23994.25,False,False,0,0,VWAP_TRIPLE_BEAR,8,6,-5.5,9.0,5.0,False,3.7.0
2026-03-22 20:36:00-04:00,1774226160000,23999.75,False,False,0,0,VWAP_TRIPLE_BEAR,5,6,9.0,9.0,5.0,False,3.7.0
2026-03-22 20:36:59-04:00,1774226219000,23999.25,False,False,0,0,VWAP_TRIPLE_BEAR,6,7,9.0,9.0,5.0,False,3.7.0
2026-03-22 20:38:00-04:00,1774226280000,24002.0,False,False,0,0,VWAP_TRIPLE_BEAR,6,7,9.0,9.0,5.0,False,3.7.0
2026-03-22 20:39:00-04:00,1774226340000,24000.5,False,False,0,0,VWAP_TRIPLE_BEAR,6,9,9.0,9.0,5.0,False,3.7.0
2026-03-22 20:40:00-04:00,1774226400000,23996.0,False,False,0,0,VWAP_TRIPLE_BEAR,5,9,9.0,9.0,5.0,False,3.7.0
2026-03-22 20:40:59-04:00,1774226459000,23998.5,False,False,0,0,VWAP_TRIPLE_BEAR,7,6,9.0,9.0,5.0,False,3.7.0
2026-03-22 20:42:00-04:00,1774226520000,23997.0,False,False,0,0,VWAP_TRIPLE_BEAR,6,9,9.0,9.0,5.0,False,3.7.0
2026-03-22 20:43:00-04:00,1774226580000,23990.75,False,False,0,0,VWAP_TRIPLE_BEAR,6,7,9.0,9.0,5.0,False,3.7.0
2026-03-22 20:43:59-04:00,1774226639000,23986.25,False,False,0,0,VWAP_TRIPLE_BEAR,5,8,18.75,9.0,5.0,False,3.7.0
2026-03-22 20:45:00-04:00,1774226700000,23985.75,False,False,0,0,VWAP_TRIPLE_BEAR,5,5,34.25,9.0,5.0,False,3.7.0
2026-03-22 20:46:00-04:00,1774226760000,23985.25,False,False,0,0,VWAP_TRIPLE_BEAR,5,5,45.0,9.0,5.0,False,3.7.0
2026-03-22 20:46:59-04:00,1774226819000,23992.75,False,False,0,0,VWAP_TRIPLE_BEAR,7,5,9.0,9.0,5.0,False,3.7.0
2026-03-22 20:48:00-04:00,1774226880000,23988.5,False,False,0,0,VWAP_TRIPLE_BEAR,5,6,9.0,9.0,5.0,False,3.7.0
2026-03-22 20:49:00-04:00,1774226940000,23978.0,False,False,0,0,VWAP_TRIPLE_BEAR,6,11,9.0,9.0,5.0,False,3.7.0
2026-03-22 20:49:59-04:00,1774226999000,23980.25,False,False,0,0,VWAP_TRIPLE_BEAR,6,7,9.0,9.0,5.0,False,3.7.0
2026-03-22 20:51:00-04:00,1774227060000,23983.25,False,False,0,0,VWAP_TRIPLE_BEAR,6,10,9.0,9.0,5.0,False,3.7.0
2026-03-22 20:52:00-04:00,1774227120000,23987.0,False,False,0,0,VWAP_TRIPLE_BEAR,7,5,9.0,9.0,5.0,False,3.7.0
2026-03-22 20:53:00-04:00,1774227180000,23983.25,False,False,0,0,VWAP_TRIPLE_BEAR,10,5,9.0,9.0,5.0,False,3.7.0
2026-03-22 20:53:59-04:00,1774227239000,23983.5,False,False,0,0,VWAP_TRIPLE_BEAR,5,6,9.0,9.0,5.0,False,3.7.0
2026-03-22 20:55:00-04:00,1774227300000,23988.75,False,False,0,0,VWAP_TRIPLE_BEAR,7,6,9.0,9.0,5.0,False,3.7.0
2026-03-22 20:56:00-04:00,1774227360000,23999.25,False,False,0,0,VWAP_TRIPLE_BEAR,8,7,9.0,9.0,5.0,False,3.7.0
2026-03-22 20:56:59-04:00,1774227419000,24001.5,False,False,0,0,VWAP_TRIPLE_BEAR,5,8,15.75,9.0,5.0,False,3.7.0
2026-03-22 20:58:00-04:00,1774227480000,23999.5,False,False,0,0,VWAP_TRIPLE_BEAR,6,5,9.0,9.0,5.0,False,3.7.0
2026-03-22 20:59:00-04:00,1774227540000,23996.0,False,False,0,0,VWAP_TRIPLE_BEAR,4,9,9.0,9.0,5.0,False,3.7.0
2026-03-22 20:59:59-04:00,1774227599000,24000.75,False,False,0,0,VWAP_TRIPLE_BEAR,9,6,9.0,9.0,5.0,False,3.7.0
2026-03-22 21:01:00-04:00,1774227660000,24004.25,False,False,0,0,VWAP_TRIPLE_BEAR,7,10,9.0,9.0,5.0,False,3.7.0
2026-03-22 21:02:00-04:00,1774227720000,24005.25,False,False,0,0,VWAP_TRIPLE_BEAR,6,7,9.0,9.0,5.0,False,3.7.0
2026-03-22 21:02:59-04:00,1774227779000,24014.25,False,False,0,0,BN_LONG_UP,8,6,9.0,9.0,5.0,False,3.7.0
2026-03-22 21:04:00-04:00,1774227840000,24005.0,False,False,0,0,VWAP_TRIPLE_BEAR,6,10,9.0,9.0,5.0,False,3.7.0
2026-03-22 21:05:00-04:00,1774227900000,24020.0,False,False,0,0,BN_LONG_UP,9,6,9.0,9.0,5.0,False,3.7.0
2026-03-22 21:05:59-04:00,1774227959000,24030.25,False,False,0,0,RVOL_SPIKE_BUY,7,6,9.0,9.0,5.0,False,3.7.0
2026-03-22 21:07:00-04:00,1774228020000,24028.5,False,False,0,0,BN_LONG_UP,5,6,9.0,9.0,5.0,False,3.7.0
2026-03-22 21:08:00-04:00,1774228080000,24012.25,False,False,0,0,BN_LONG_DN,6,10,9.0,9.0,5.0,False,3.7.0
2026-03-22 21:09:00-04:00,1774228140000,24007.0,False,False,0,0,VWAP_TRIPLE_BEAR,6,7,9.0,9.0,5.0,False,3.7.0
2026-03-22 21:09:59-04:00,1774228199000,24002.5,False,False,0,0,VWAP_TRIPLE_BEAR,6,11,9.0,9.0,5.0,False,3.7.0
2026-03-22 21:11:00-04:00,1774228260000,24002.5,False,False,0,0,VWAP_TRIPLE_BEAR,7,8,9.0,9.0,5.0,False,3.7.0
2026-03-22 21:12:00-04:00,1774228320000,24010.0,False,False,0,0,VWAP_TRIPLE_BEAR,7,7,9.0,9.0,5.0,False,3.7.0
2026-03-22 21:12:59-04:00,1774228379000,24015.25,False,False,0,0,CONFLUENCE_SELL,4,6,-70.25,9.0,5.0,False,3.7.0
2026-03-22 21:14:00-04:00,1774228440000,24013.5,False,False,0,0,CONFLUENCE_SELL,4,6,-54.0,9.0,5.0,False,3.7.0
2026-03-22 21:15:00-04:00,1774228500000,24020.5,False,False,0,0,CONFLUENCE_BUY,7,5,9.0,9.0,5.0,False,3.7.0
2026-03-22 21:15:59-04:00,1774228559000,24021.0,False,False,0,0,BN_LONG_UP,7,6,9.0,9.0,5.0,False,3.7.0
2026-03-22 21:17:00-04:00,1774228620000,24017.25,False,False,0,0,NONE,5,5,9.0,9.0,5.0,False,3.7.0
2026-03-22 21:18:00-04:00,1774228680000,24011.5,False,False,0,0,VWAP_TRIPLE_BEAR,6,10,9.0,9.0,5.0,False,3.7.0
2026-03-22 21:18:59-04:00,1774228739000,24011.25,False,False,0,0,VWAP_TRIPLE_BEAR,7,10,9.0,9.0,5.0,False,3.7.0
2026-03-22 21:20:00-04:00,1774228800000,23994.75,False,False,0,0,VWAP_TRIPLE_BEAR,4,12,9.0,9.0,5.0,False,3.7.0
2026-03-22 21:21:00-04:00,1774228860000,23997.5,False,False,0,0,VWAP_TRIPLE_BEAR,9,6,9.0,9.0,5.0,False,3.7.0
2026-03-22 21:21:59-04:00,1774228919000,23989.25,False,False,0,0,VWAP_TRIPLE_BEAR,5,9,9.0,9.0,5.0,False,3.7.0
2026-03-22 21:23:00-04:00,1774228980000,23988.75,False,False,0,0,VWAP_TRIPLE_BEAR,5,6,9.0,9.0,5.0,False,3.7.0
2026-03-22 21:24:00-04:00,1774229040000,23983.25,False,False,0,0,VWAP_TRIPLE_BEAR,4,8,-16.75,9.0,5.0,False,3.7.0
2026-03-22 21:25:00-04:00,1774229100000,23981.25,False,False,0,0,VWAP_TRIPLE_BEAR,5,9,-22.5,9.0,5.0,False,3.7.0
2026-03-22 21:25:59-04:00,1774229159000,23988.25,False,False,0,0,VWAP_TRIPLE_BEAR,6,6,9.0,9.0,5.0,False,3.7.0
2026-03-22 21:27:00-04:00,1774229220000,23984.5,False,False,0,0,VWAP_TRIPLE_BEAR,5,8,9.0,9.0,5.0,False,3.7.0
2026-03-22 21:28:00-04:00,1774229280000,23987.75,False,False,0,0,VWAP_TRIPLE_BEAR,5,6,9.0,9.0,5.0,False,3.7.0
2026-03-22 21:28:59-04:00,1774229339000,23985.5,False,False,0,0,VWAP_TRIPLE_BEAR,7,6,9.0,9.0,5.0,False,3.7.0
2026-03-22 21:30:00-04:00,1774229400000,23963.25,False,False,0,0,VWAP_TRIPLE_BEAR,5,10,9.0,9.0,5.0,False,3.7.0
2026-03-22 21:31:00-04:00,1774229460000,23959.0,False,False,0,0,VWAP_TRIPLE_BEAR,3,7,9.0,9.0,5.0,False,3.7.0
2026-03-22 21:31:59-04:00,1774229519000,23951.25,False,False,0,0,VWAP_TRIPLE_BEAR,4,7,-11.25,9.0,5.0,False,3.7.0
2026-03-22 21:33:00-04:00,1774229580000,23945.0,False,False,0,0,VWAP_TRIPLE_BEAR,4,7,9.0,9.0,5.0,False,3.7.0
2026-03-22 21:34:00-04:00,1774229640000,23959.5,False,False,0,0,VWAP_TRIPLE_BEAR,6,7,9.0,9.0,5.0,False,3.7.0
2026-03-22 21:34:59-04:00,1774229699000,23966.25,False,False,0,0,VWAP_TRIPLE_BEAR,6,6,9.0,9.0,5.0,False,3.7.0
2026-03-22 21:36:00-04:00,1774229760000,23982.5,False,False,0,0,VWAP_TRIPLE_BEAR,4,6,9.0,9.0,5.0,False,3.7.0
2026-03-22 21:37:00-04:00,1774229820000,24000.0,False,False,0,0,VWAP_TRIPLE_BEAR,7,8,9.0,9.0,5.0,False,3.7.0
2026-03-22 21:38:00-04:00,1774229880000,23991.75,False,False,0,0,VWAP_TRIPLE_BEAR,3,8,9.0,9.0,5.0,False,3.7.0
2026-03-22 21:38:59-04:00,1774229939000,23987.25,False,False,0,0,VWAP_TRIPLE_BEAR,2,6,9.0,9.0,5.0,False,3.7.0
2026-03-22 21:40:00-04:00,1774230000000,23980.0,False,False,0,0,VWAP_TRIPLE_BEAR,5,7,-23.75,9.0,5.0,False,3.7.0
2026-03-22 21:41:00-04:00,1774230060000,23985.75,False,False,0,0,VWAP_TRIPLE_BEAR,6,5,9.0,9.0,5.0,False,3.7.0
2026-03-22 21:41:59-04:00,1774230119000,23975.0,False,False,0,0,VWAP_TRIPLE_BEAR,4,8,9.0,9.0,5.0,False,3.7.0
2026-03-22 21:43:00-04:00,1774230180000,23972.25,False,False,0,0,VWAP_TRIPLE_BEAR,4,7,9.0,9.0,5.0,False,3.7.0
2026-03-22 21:44:00-04:00,1774230240000,23966.5,False,False,0,0,VWAP_TRIPLE_BEAR,5,7,9.0,9.0,5.0,False,3.7.0
2026-03-22 21:44:59-04:00,1774230299000,23958.75,False,False,0,0,VWAP_TRIPLE_BEAR,4,7,9.0,9.0,5.0,False,3.7.0
2026-03-22 21:46:00-04:00,1774230360000,23955.0,False,False,0,0,VWAP_TRIPLE_BEAR,4,6,9.0,9.0,5.0,False,3.7.0
2026-03-22 21:47:00-04:00,1774230420000,23950.75,False,False,0,0,VWAP_TRIPLE_BEAR,5,6,9.0,9.0,5.0,False,3.7.0
2026-03-22 21:47:59-04:00,1774230479000,23948.5,False,False,0,0,VWAP_TRIPLE_BEAR,3,8,-3.75,9.0,5.0,False,3.7.0
2026-03-22 21:49:00-04:00,1774230540000,23946.0,False,False,0,0,VWAP_TRIPLE_BEAR,6,6,2.25,9.0,5.0,False,3.7.0
2026-03-22 21:50:00-04:00,1774230600000,23946.25,False,False,0,0,VWAP_TRIPLE_BEAR,4,10,-0.75,9.0,5.0,False,3.7.0
2026-03-22 21:50:59-04:00,1774230659000,23954.75,False,False,0,0,VWAP_TRIPLE_BEAR,5,8,9.0,9.0,5.0,False,3.7.0
2026-03-22 21:52:00-04:00,1774230720000,23940.0,False,False,0,0,VWAP_TRIPLE_BEAR,5,8,9.0,9.0,5.0,False,3.7.0
2026-03-22 21:53:00-04:00,1774230780000,23946.25,False,False,0,0,VWAP_TRIPLE_BEAR,8,6,9.0,9.0,5.0,False,3.7.0
2026-03-22 21:54:00-04:00,1774230840000,23951.25,False,False,0,0,VWAP_TRIPLE_BEAR,7,6,9.0,9.0,5.0,False,3.7.0
2026-03-22 21:54:59-04:00,1774230899000,23963.25,False,False,0,0,VWAP_TRIPLE_BEAR,5,6,9.0,9.0,5.0,False,3.7.0
2026-03-22 21:56:00-04:00,1774230960000,23978.75,False,False,0,0,VWAP_TRIPLE_BEAR,5,6,9.0,9.0,5.0,False,3.7.0
2026-03-22 21:57:00-04:00,1774231020000,23975.25,False,False,0,0,VWAP_TRIPLE_BEAR,4,8,9.0,9.0,5.0,False,3.7.0
2026-03-22 21:57:59-04:00,1774231079000,23967.0,False,False,0,0,VWAP_TRIPLE_BEAR,4,8,-34.25,9.0,5.0,False,3.7.0
2026-03-22 21:59:00-04:00,1774231140000,23974.5,False,False,0,0,VWAP_TRIPLE_BEAR,8,5,9.0,9.0,5.0,False,3.7.0
2026-03-22 22:00:00-04:00,1774231200000,23956.25,False,False,0,0,VWAP_TRIPLE_BEAR,3,9,9.0,9.0,5.0,False,3.7.0
2026-03-22 22:00:59-04:00,1774231259000,23958.5,False,False,0,0,VWAP_TRIPLE_BEAR,6,8,9.0,9.0,5.0,False,3.7.0
2026-03-22 22:02:00-04:00,1774231320000,23960.0,False,False,0,0,VWAP_TRIPLE_BEAR,4,7,9.0,9.0,5.0,False,3.7.0
2026-03-22 22:03:00-04:00,1774231380000,23955.5,False,False,0,0,VWAP_TRIPLE_BEAR,4,7,9.0,9.0,5.0,False,3.7.0
2026-03-22 22:03:59-04:00,1774231439000,23955.5,False,False,0,0,VWAP_TRIPLE_BEAR,4,7,9.0,9.0,5.0,False,3.7.0
2026-03-22 22:05:00-04:00,1774231500000,23941.75,False,False,0,0,VWAP_TRIPLE_BEAR,4,10,9.0,9.0,5.0,False,3.7.0
2026-03-22 22:06:00-04:00,1774231560000,23945.75,False,False,0,0,VWAP_TRIPLE_BEAR,5,7,-18.0,9.0,5.0,False,3.7.0
2026-03-22 22:06:59-04:00,1774231619000,23951.25,False,False,0,0,VWAP_TRIPLE_BEAR,5,6,9.0,9.0,5.0,False,3.7.0
2026-03-22 22:08:00-04:00,1774231680000,23944.75,False,False,0,0,VWAP_TRIPLE_BEAR,4,6,-10.5,9.0,5.0,False,3.7.0
2026-03-22 22:09:00-04:00,1774231740000,23948.25,False,False,0,0,VWAP_TRIPLE_BEAR,3,7,9.0,9.0,5.0,False,3.7.0
2026-03-22 22:10:00-04:00,1774231800000,23945.5,False,False,0,0,VWAP_TRIPLE_BEAR,3,8,-34.0,9.0,5.0,False,3.7.0
2026-03-22 22:10:59-04:00,1774231859000,23952.75,False,False,0,0,VWAP_TRIPLE_BEAR,3,7,9.0,9.0,5.0,False,3.7.0
2026-03-22 22:12:00-04:00,1774231920000,23939.25,False,False,0,0,VWAP_TRIPLE_BEAR,5,7,9.0,9.0,5.0,False,3.7.0
2026-03-22 22:13:00-04:00,1774231980000,23918.0,False,False,0,0,VWAP_TRIPLE_BEAR,3,11,9.0,9.0,5.0,False,3.7.0
2026-03-22 22:13:59-04:00,1774232039000,23935.5,False,False,0,0,VWAP_TRIPLE_BEAR,6,6,-26.75,9.0,5.0,False,3.7.0
2026-03-22 22:15:00-04:00,1774232100000,23944.0,False,False,0,0,VWAP_TRIPLE_BEAR,4,7,9.0,9.0,5.0,False,3.7.0
2026-03-22 22:16:00-04:00,1774232160000,23934.25,False,False,0,0,VWAP_TRIPLE_BEAR,4,9,-35.5,9.0,5.0,False,3.7.0
2026-03-22 22:16:59-04:00,1774232219000,23926.0,False,False,0,0,VWAP_TRIPLE_BEAR,5,7,9.0,9.0,5.0,False,3.7.0
2026-03-22 22:18:00-04:00,1774232280000,23932.75,False,False,0,0,VWAP_TRIPLE_BEAR,3,9,9.0,9.0,5.0,False,3.7.0
2026-03-22 22:19:00-04:00,1774232340000,23930.0,False,False,0,0,VWAP_TRIPLE_BEAR,3,6,9.0,9.0,5.0,False,3.7.0
2026-03-22 22:19:59-04:00,1774232399000,23928.5,False,False,0,0,VWAP_TRIPLE_BEAR,5,6,9.0,9.0,5.0,False,3.7.0
2026-03-22 22:21:00-04:00,1774232460000,23942.25,False,False,0,0,VWAP_TRIPLE_BEAR,6,6,9.0,9.0,5.0,False,3.7.0
2026-03-22 22:22:00-04:00,1774232520000,23936.0,False,False,0,0,VWAP_TRIPLE_BEAR,5,8,-49.25,9.0,5.0,False,3.7.0
2026-03-22 22:23:00-04:00,1774232580000,23934.25,False,False,0,0,VWAP_TRIPLE_BEAR,4,7,-54.0,9.0,5.0,False,3.7.0
2026-03-22 22:23:59-04:00,1774232639000,23939.0,False,False,0,0,VWAP_TRIPLE_BEAR,4,6,9.0,9.0,5.0,False,3.7.0
2026-03-22 22:25:00-04:00,1774232700000,23941.5,False,False,0,0,VWAP_TRIPLE_BEAR,5,6,9.0,9.0,5.0,False,3.7.0
2026-03-22 22:26:00-04:00,1774232760000,23927.75,False,False,0,0,VWAP_TRIPLE_BEAR,3,8,-50.75,9.0,5.0,False,3.7.0
2026-03-22 22:26:59-04:00,1774232819000,23931.25,False,False,0,0,VWAP_TRIPLE_BEAR,3,6,9.0,9.0,5.0,False,3.7.0
2026-03-22 22:28:00-04:00,1774232880000,23934.25,False,False,0,0,VWAP_TRIPLE_BEAR,4,6,9.0,9.0,5.0,False,3.7.0
2026-03-22 22:29:00-04:00,1774232940000,23928.5,False,False,0,0,VWAP_TRIPLE_BEAR,4,7,9.0,9.0,5.0,False,3.7.0
2026-03-22 22:29:59-04:00,1774232999000,23911.5,False,False,0,0,VWAP_TRIPLE_BEAR,4,8,9.0,9.0,5.0,False,3.7.0
2026-03-22 22:31:00-04:00,1774233060000,23923.25,False,False,0,0,VWAP_TRIPLE_BEAR,4,7,9.0,9.0,5.0,False,3.7.0
2026-03-22 22:32:00-04:00,1774233120000,23921.5,False,False,0,0,VWAP_TRIPLE_BEAR,4,7,9.0,9.0,5.0,False,3.7.0
2026-03-22 22:32:59-04:00,1774233179000,23914.25,False,False,0,0,VWAP_TRIPLE_BEAR,5,7,9.0,9.0,5.0,False,3.7.0
2026-03-22 22:34:00-04:00,1774233240000,23908.75,False,False,0,0,VWAP_TRIPLE_BEAR,4,6,9.0,9.0,5.0,False,3.7.0
2026-03-22 22:35:00-04:00,1774233300000,23911.0,False,False,0,0,VWAP_TRIPLE_BEAR,4,8,9.0,9.0,5.0,False,3.7.0
2026-03-22 22:35:59-04:00,1774233359000,23898.75,False,False,0,0,VWAP_TRIPLE_BEAR,4,11,9.0,9.0,5.0,False,3.7.0
2026-03-22 22:37:00-04:00,1774233420000,23898.75,False,False,0,0,VWAP_TRIPLE_BEAR,5,7,9.0,9.0,5.0,False,3.7.0
2026-03-22 22:38:00-04:00,1774233480000,23905.0,False,False,0,0,VWAP_TRIPLE_BEAR,6,8,9.0,9.0,5.0,False,3.7.0
2026-03-22 22:39:00-04:00,1774233540000,23900.25,False,False,0,0,VWAP_TRIPLE_BEAR,6,9,-45.75,9.0,5.0,False,3.7.0
2026-03-22 22:39:59-04:00,1774233599000,23908.5,False,False,0,0,VWAP_TRIPLE_BEAR,5,8,9.0,9.0,5.0,False,3.7.0
2026-03-22 22:41:00-04:00,1774233660000,23908.5,False,False,0,0,VWAP_TRIPLE_BEAR,4,6,9.0,9.0,5.0,False,3.7.0
2026-03-22 22:42:00-04:00,1774233720000,23886.75,False,False,0,0,VWAP_TRIPLE_BEAR,4,9,9.0,9.0,5.0,False,3.7.0
2026-03-22 22:42:59-04:00,1774233779000,23880.25,False,False,0,0,VWAP_TRIPLE_BEAR,5,7,9.0,9.0,5.0,False,3.7.0
2026-03-22 22:44:00-04:00,1774233840000,23872.0,False,False,0,0,VWAP_TRIPLE_BEAR,5,7,-9.75,9.0,5.0,False,3.7.0
2026-03-22 22:45:00-04:00,1774233900000,23879.0,False,False,0,0,VWAP_TRIPLE_BEAR,8,7,9.0,9.0,5.0,False,3.7.0
2026-03-22 22:45:59-04:00,1774233959000,23877.0,False,False,0,0,VWAP_TRIPLE_BEAR,5,7,9.0,9.0,5.0,False,3.7.0
2026-03-22 22:47:00-04:00,1774234020000,23872.5,False,False,0,0,VWAP_TRIPLE_BEAR,6,6,25.25,9.0,5.0,False,3.7.0
2026-03-22 22:48:00-04:00,1774234080000,23868.0,False,False,0,0,VWAP_TRIPLE_BEAR,5,7,9.0,9.0,5.0,False,3.7.0
2026-03-22 22:48:59-04:00,1774234139000,23873.75,False,False,0,0,VWAP_TRIPLE_BEAR,8,7,9.0,9.0,5.0,False,3.7.0
2026-03-22 22:50:00-04:00,1774234200000,23874.25,False,False,0,0,VWAP_TRIPLE_BEAR,6,7,9.0,9.0,5.0,False,3.7.0
2026-03-22 22:51:00-04:00,1774234260000,23878.0,False,False,0,0,VWAP_TRIPLE_BEAR,5,7,9.0,9.0,5.0,False,3.7.0
2026-03-22 22:51:59-04:00,1774234319000,23878.5,False,False,0,0,VWAP_TRIPLE_BEAR,5,7,9.0,9.0,5.0,False,3.7.0
2026-03-22 22:53:00-04:00,1774234380000,23866.75,False,False,0,0,VWAP_TRIPLE_BEAR,6,6,9.0,9.0,5.0,False,3.7.0
2026-03-22 22:54:00-04:00,1774234440000,23867.5,False,False,0,0,VWAP_TRIPLE_BEAR,6,7,9.0,9.0,5.0,False,3.7.0
2026-03-22 22:55:00-04:00,1774234500000,23853.25,False,False,0,0,VWAP_TRIPLE_BEAR,5,8,9.0,9.0,5.0,False,3.7.0
2026-03-22 22:55:59-04:00,1774234559000,23834.0,False,False,0,0,VWAP_TRIPLE_BEAR,7,9,44.0,9.0,5.0,False,3.7.0
2026-03-22 22:57:00-04:00,1774234620000,23827.5,False,False,0,0,VWAP_TRIPLE_BEAR,7,6,9.0,9.0,5.0,False,3.7.0
2026-03-22 22:58:00-04:00,1774234680000,23844.0,False,False,0,0,VWAP_TRIPLE_BEAR,8,7,9.0,9.0,5.0,False,3.7.0
2026-03-22 22:58:59-04:00,1774234739000,23854.5,False,False,0,0,VWAP_TRIPLE_BEAR,7,8,9.0,9.0,5.0,False,3.7.0
2026-03-22 23:00:00-04:00,1774234800000,23853.25,False,False,0,0,VWAP_TRIPLE_BEAR,7,7,9.0,9.0,5.0,False,3.7.0
2026-03-22 23:01:00-04:00,1774234860000,23849.75,False,False,0,0,VWAP_TRIPLE_BEAR,6,10,9.0,9.0,5.0,False,3.7.0
2026-03-22 23:01:59-04:00,1774234919000,23837.5,False,False,0,0,VWAP_TRIPLE_BEAR,6,8,9.0,9.0,5.0,False,3.7.0
2026-03-22 23:03:00-04:00,1774234980000,23847.25,False,False,0,0,VWAP_TRIPLE_BEAR,5,9,9.0,9.0,5.0,False,3.7.0
2026-03-22 23:04:00-04:00,1774235040000,23862.25,False,False,0,0,VWAP_TRIPLE_BEAR,8,7,9.0,9.0,5.0,False,3.7.0
2026-03-22 23:04:59-04:00,1774235099000,23872.0,False,False,0,0,VWAP_TRIPLE_BEAR,5,7,9.0,9.0,5.0,False,3.7.0
2026-03-22 23:06:00-04:00,1774235160000,23875.0,False,False,0,0,VWAP_TRIPLE_BEAR,7,7,9.0,9.0,5.0,False,3.7.0
2026-03-22 23:07:00-04:00,1774235220000,23897.75,False,False,0,0,VWAP_TRIPLE_BEAR,5,10,9.0,9.0,5.0,False,3.7.0
2026-03-22 23:08:00-04:00,1774235280000,23889.25,False,False,0,0,VWAP_TRIPLE_BEAR,6,7,-88.0,9.0,5.0,False,3.7.0
2026-03-22 23:08:59-04:00,1774235339000,23883.0,False,False,0,0,VWAP_TRIPLE_BEAR,6,7,9.0,9.0,5.0,False,3.7.0
2026-03-22 23:10:00-04:00,1774235400000,23896.0,False,False,0,0,VWAP_TRIPLE_BEAR,7,8,9.0,9.0,5.0,False,3.7.0
2026-03-22 23:11:00-04:00,1774235460000,23910.25,False,False,0,0,VWAP_TRIPLE_BEAR,6,6,9.0,9.0,5.0,False,3.7.0
2026-03-22 23:11:59-04:00,1774235519000,23902.0,False,False,0,0,VWAP_TRIPLE_BEAR,6,9,9.0,9.0,5.0,False,3.7.0
2026-03-22 23:13:00-04:00,1774235580000,23888.75,False,False,0,0,VWAP_TRIPLE_BEAR,4,9,-85.5,9.0,5.0,False,3.7.0
2026-03-22 23:14:00-04:00,1774235640000,23894.25,False,False,0,0,VWAP_TRIPLE_BEAR,7,8,9.0,9.0,5.0,False,3.7.0
2026-03-22 23:14:59-04:00,1774235699000,23881.5,False,False,0,0,VWAP_TRIPLE_BEAR,5,9,9.0,9.0,5.0,False,3.7.0
2026-03-22 23:16:00-04:00,1774235760000,23878.0,False,False,0,0,VWAP_TRIPLE_BEAR,6,7,-67.25,9.0,5.0,False,3.7.0
2026-03-22 23:17:00-04:00,1774235820000,23885.25,False,False,0,0,VWAP_TRIPLE_BEAR,7,7,9.0,9.0,5.0,False,3.7.0
2026-03-22 23:17:59-04:00,1774235879000,23878.0,False,False,0,0,VWAP_TRIPLE_BEAR,6,7,9.0,9.0,5.0,False,3.7.0
2026-03-22 23:19:00-04:00,1774235940000,23876.5,False,False,0,0,VWAP_TRIPLE_BEAR,5,7,9.0,9.0,5.0,False,3.7.0
2026-03-22 23:20:00-04:00,1774236000000,23857.5,False,False,0,0,VWAP_TRIPLE_BEAR,6,11,9.0,9.0,5.0,False,3.7.0
2026-03-22 23:20:59-04:00,1774236059000,23854.0,False,False,0,0,VWAP_TRIPLE_BEAR,5,9,9.0,9.0,5.0,False,3.7.0
2026-03-22 23:22:00-04:00,1774236120000,23819.0,False,False,0,0,VWAP_TRIPLE_BEAR,5,9,9.0,9.0,5.0,False,3.7.0
2026-03-22 23:23:00-04:00,1774236180000,23809.0,False,False,0,0,VWAP_TRIPLE_BEAR,7,10,9.0,9.0,5.0,False,3.7.0
2026-03-22 23:24:00-04:00,1774236240000,23792.75,False,False,0,0,VWAP_TRIPLE_BEAR,6,7,9.0,9.0,5.0,False,3.7.0
2026-03-22 23:24:59-04:00,1774236299000,23803.5,False,False,0,0,VWAP_TRIPLE_BEAR,9,8,9.0,9.0,5.0,False,3.7.0
2026-03-22 23:26:00-04:00,1774236360000,23805.0,False,False,0,0,VWAP_TRIPLE_BEAR,7,7,62.5,9.0,5.0,False,3.7.0
2026-03-22 23:27:00-04:00,1774236420000,23802.0,False,False,0,0,VWAP_TRIPLE_BEAR,8,7,9.0,9.0,5.0,False,3.7.0
2026-03-22 23:27:59-04:00,1774236479000,23801.25,False,False,0,0,VWAP_TRIPLE_BEAR,8,8,9.0,9.0,5.0,False,3.7.0
2026-03-22 23:29:00-04:00,1774236540000,23799.75,False,False,0,0,VWAP_TRIPLE_BEAR,7,9,9.0,9.0,5.0,False,3.7.0
2026-03-22 23:30:00-04:00,1774236600000,23811.75,False,False,0,0,VWAP_TRIPLE_BEAR,7,8,9.0,9.0,5.0,False,3.7.0
2026-03-22 23:30:59-04:00,1774236659000,23827.0,False,False,0,0,VWAP_TRIPLE_BEAR,6,10,9.0,9.0,5.0,False,3.7.0
2026-03-22 23:32:00-04:00,1774236720000,23808.5,False,False,0,0,VWAP_TRIPLE_BEAR,6,11,32.25,9.0,5.0,False,3.7.0
2026-03-22 23:33:00-04:00,1774236780000,23803.25,False,False,0,0,VWAP_TRIPLE_BEAR,4,10,9.0,9.0,5.0,False,3.7.0
2026-03-22 23:33:59-04:00,1774236839000,23805.5,False,False,0,0,VWAP_TRIPLE_BEAR,6,8,9.0,9.0,5.0,False,3.7.0
2026-03-22 23:35:00-04:00,1774236900000,23802.75,False,False,0,0,VWAP_TRIPLE_BEAR,5,10,9.0,9.0,5.0,False,3.7.0
2026-03-22 23:36:00-04:00,1774236960000,23810.75,False,False,0,0,VWAP_TRIPLE_BEAR,6,9,9.0,9.0,5.0,False,3.7.0
2026-03-22 23:36:59-04:00,1774237019000,23813.5,False,False,0,0,VWAP_TRIPLE_BEAR,5,11,9.0,9.0,5.0,False,3.7.0
2026-03-22 23:38:00-04:00,1774237080000,23826.75,False,False,0,0,VWAP_TRIPLE_BEAR,8,9,9.0,9.0,5.0,False,3.7.0
2026-03-22 23:39:00-04:00,1774237140000,23810.25,False,False,0,0,VWAP_TRIPLE_BEAR,6,9,32.5,9.0,5.0,False,3.7.0
2026-03-22 23:40:00-04:00,1774237200000,23807.25,False,False,0,0,VWAP_TRIPLE_BEAR,6,9,9.0,9.0,5.0,False,3.7.0
2026-03-22 23:40:59-04:00,1774237259000,23804.75,False,False,0,0,VWAP_TRIPLE_BEAR,6,8,9.0,9.0,5.0,False,3.7.0
2026-03-22 23:42:00-04:00,1774237320000,23803.0,False,False,0,0,VWAP_TRIPLE_BEAR,6,8,9.0,9.0,5.0,False,3.7.0
2026-03-22 23:43:00-04:00,1774237380000,23815.0,False,False,0,0,VWAP_TRIPLE_BEAR,5,10,9.0,9.0,5.0,False,3.7.0
2026-03-22 23:43:59-04:00,1774237439000,23833.0,False,False,0,0,VWAP_TRIPLE_BEAR,6,9,9.0,9.0,5.0,False,3.7.0
2026-03-22 23:45:00-04:00,1774237500000,23858.25,False,False,0,0,VWAP_TRIPLE_BEAR,11,8,9.0,9.0,5.0,False,3.7.0
2026-03-22 23:46:00-04:00,1774237560000,23867.5,False,False,0,0,VWAP_TRIPLE_BEAR,8,8,19.75,9.0,5.0,False,3.7.0
2026-03-22 23:46:59-04:00,1774237619000,23867.25,False,False,0,0,VWAP_TRIPLE_BEAR,7,8,26.5,9.0,5.0,False,3.7.0
2026-03-22 23:48:00-04:00,1774237680000,23873.0,False,False,0,0,VWAP_TRIPLE_BEAR,7,8,9.0,9.0,5.0,False,3.7.0
2026-03-22 23:49:00-04:00,1774237740000,23859.5,False,False,0,0,VWAP_TRIPLE_BEAR,6,10,9.0,9.0,5.0,False,3.7.0
2026-03-22 23:49:59-04:00,1774237799000,23847.0,False,False,0,0,VWAP_TRIPLE_BEAR,7,9,25.0,9.0,5.0,False,3.7.0
2026-03-22 23:51:00-04:00,1774237860000,23852.0,False,False,0,0,VWAP_TRIPLE_BEAR,8,8,9.0,9.0,5.0,False,3.7.0
2026-03-22 23:52:00-04:00,1774237920000,23840.75,False,False,0,0,VWAP_TRIPLE_BEAR,5,10,9.0,9.0,5.0,False,3.7.0
2026-03-22 23:53:00-04:00,1774237980000,23830.75,False,False,0,0,VWAP_TRIPLE_BEAR,4,9,9.0,9.0,5.0,False,3.7.0
2026-03-22 23:53:59-04:00,1774238039000,23835.75,False,False,0,0,VWAP_TRIPLE_BEAR,5,8,9.0,9.0,5.0,False,3.7.0
2026-03-22 23:55:00-04:00,1774238100000,23833.5,False,False,0,0,VWAP_TRIPLE_BEAR,5,10,9.0,9.0,5.0,False,3.7.0
2026-03-22 23:56:00-04:00,1774238160000,23846.5,False,False,0,0,VWAP_TRIPLE_BEAR,8,8,9.0,9.0,5.0,False,3.7.0
2026-03-22 23:56:59-04:00,1774238219000,23828.5,False,False,0,0,VWAP_TRIPLE_BEAR,5,10,9.0,9.0,5.0,False,3.7.0
2026-03-22 23:58:00-04:00,1774238280000,23829.75,False,False,0,0,VWAP_TRIPLE_BEAR,8,7,9.0,9.0,5.0,False,3.7.0
2026-03-22 23:59:00-04:00,1774238340000,23842.75,False,False,0,0,VWAP_TRIPLE_BEAR,10,7,9.0,9.0,5.0,False,3.7.0
2026-03-22 23:59:59-04:00,1774238399000,23871.25,False,False,0,0,VWAP_TRIPLE_BEAR,5,9,9.0,9.0,5.0,False,3.7.0
2026-03-23 00:01:00-04:00,1774238460000,23854.25,False,False,0,0,VWAP_TRIPLE_BEAR,7,8,9.0,9.0,5.0,False,3.7.0
2026-03-23 00:02:00-04:00,1774238520000,23877.5,False,False,0,0,VWAP_TRIPLE_BEAR,8,8,46.25,9.0,5.0,False,3.7.0
2026-03-23 00:02:59-04:00,1774238579000,23875.0,False,False,0,0,VWAP_TRIPLE_BEAR,6,8,9.0,9.0,5.0,False,3.7.0
2026-03-23 00:04:00-04:00,1774238640000,23872.25,False,False,0,0,VWAP_TRIPLE_BEAR,6,8,9.0,9.0,5.0,False,3.7.0
2026-03-23 00:05:00-04:00,1774238700000,23872.5,False,False,0,0,VWAP_TRIPLE_BEAR,6,8,9.0,9.0,5.0,False,3.7.0
2026-03-23 00:05:59-04:00,1774238759000,23887.25,False,False,0,0,VWAP_TRIPLE_BEAR,6,8,27.75,9.0,5.0,False,3.7.0
2026-03-23 00:07:00-04:00,1774238820000,23893.75,False,False,0,0,VWAP_TRIPLE_BEAR,8,7,9.0,9.0,5.0,False,3.7.0
2026-03-23 00:08:00-04:00,1774238880000,23885.75,False,False,0,0,VWAP_TRIPLE_BEAR,7,8,9.0,9.0,5.0,False,3.7.0
2026-03-23 00:09:00-04:00,1774238940000,23879.0,False,False,0,0,VWAP_TRIPLE_BEAR,7,11,19.0,9.0,5.0,False,3.7.0
2026-03-23 00:09:59-04:00,1774238999000,23872.0,False,False,0,0,VWAP_TRIPLE_BEAR,7,8,9.0,9.0,5.0,False,3.7.0
2026-03-23 00:11:00-04:00,1774239060000,23883.25,False,False,0,0,VWAP_TRIPLE_BEAR,7,9,9.0,9.0,5.0,False,3.7.0
2026-03-23 00:12:00-04:00,1774239120000,23890.25,False,False,0,0,VWAP_TRIPLE_BEAR,7,9,9.0,9.0,5.0,False,3.7.0
2026-03-23 00:12:59-04:00,1774239179000,23900.75,False,False,0,0,VWAP_TRIPLE_BEAR,8,10,9.0,9.0,5.0,False,3.7.0
2026-03-23 00:14:00-04:00,1774239240000,23917.5,False,False,0,0,VWAP_TRIPLE_BEAR,9,9,9.0,9.0,5.0,False,3.7.0
2026-03-23 00:15:00-04:00,1774239300000,23917.5,False,False,0,0,VWAP_TRIPLE_BEAR,6,8,9.0,9.0,5.0,False,3.7.0
2026-03-23 00:15:59-04:00,1774239359000,23902.5,False,False,0,0,VWAP_TRIPLE_BEAR,5,8,9.0,9.0,5.0,False,3.7.0
2026-03-23 00:17:00-04:00,1774239420000,23896.5,False,False,0,0,VWAP_TRIPLE_BEAR,4,9,9.0,9.0,5.0,False,3.7.0
2026-03-23 00:18:00-04:00,1774239480000,23892.5,False,False,0,0,VWAP_TRIPLE_BEAR,6,7,9.0,9.0,5.0,False,3.7.0
2026-03-23 00:18:59-04:00,1774239539000,23905.75,False,False,0,0,VWAP_TRIPLE_BEAR,5,9,20.75,9.0,5.0,False,3.7.0
2026-03-23 00:20:00-04:00,1774239600000,23912.0,False,False,0,0,VWAP_TRIPLE_BEAR,7,7,9.0,9.0,5.0,False,3.7.0
2026-03-23 00:21:00-04:00,1774239660000,23898.5,False,False,0,0,VWAP_TRIPLE_BEAR,4,10,9.0,9.0,5.0,False,3.7.0
2026-03-23 00:21:59-04:00,1774239719000,23923.75,False,False,0,0,VWAP_TRIPLE_BEAR,8,7,9.0,9.0,5.0,False,3.7.0
2026-03-23 00:23:00-04:00,1774239780000,23914.5,False,False,0,0,VWAP_TRIPLE_BEAR,6,8,9.0,9.0,5.0,False,3.7.0
2026-03-23 00:24:00-04:00,1774239840000,23905.75,False,False,0,0,VWAP_TRIPLE_BEAR,6,7,9.0,9.0,5.0,False,3.7.0
2026-03-23 00:25:00-04:00,1774239900000,23907.75,False,False,0,0,VWAP_TRIPLE_BEAR,5,8,9.0,9.0,5.0,False,3.7.0
2026-03-23 00:25:59-04:00,1774239959000,23915.0,False,False,0,0,VWAP_TRIPLE_BEAR,6,7,9.0,9.0,5.0,False,3.7.0
2026-03-23 00:27:00-04:00,1774240020000,23918.5,False,False,0,0,VWAP_TRIPLE_BEAR,6,7,9.0,9.0,5.0,False,3.7.0
2026-03-23 00:28:00-04:00,1774240080000,23906.75,False,False,0,0,VWAP_TRIPLE_BEAR,6,7,42.75,9.0,5.0,False,3.7.0
2026-03-23 00:28:59-04:00,1774240139000,23898.0,False,False,0,0,VWAP_TRIPLE_BEAR,5,9,9.0,9.0,5.0,False,3.7.0
2026-03-23 00:30:00-04:00,1774240200000,23908.0,False,False,0,0,VWAP_TRIPLE_BEAR,7,7,9.0,9.0,5.0,False,3.7.0
2026-03-23 00:31:00-04:00,1774240260000,23930.25,False,False,0,0,VWAP_TRIPLE_BEAR,9,7,9.0,9.0,5.0,False,3.7.0
2026-03-23 00:31:59-04:00,1774240319000,23939.5,False,False,0,0,VWAP_TRIPLE_BEAR,6,10,9.0,9.0,5.0,False,3.7.0
2026-03-23 00:33:00-04:00,1774240380000,23938.75,False,False,0,0,VWAP_TRIPLE_BEAR,6,7,9.0,9.0,5.0,False,3.7.0
2026-03-23 00:34:00-04:00,1774240440000,23933.75,False,False,0,0,VWAP_TRIPLE_BEAR,5,10,9.0,9.0,5.0,False,3.7.0
2026-03-23 00:34:59-04:00,1774240499000,23923.5,False,False,0,0,VWAP_TRIPLE_BEAR,5,8,-4.5,9.0,5.0,False,3.7.0
2026-03-23 00:36:00-04:00,1774240560000,23932.0,False,False,0,0,VWAP_TRIPLE_BEAR,6,8,9.0,9.0,5.0,False,3.7.0
2026-03-23 00:37:00-04:00,1774240620000,23928.0,False,False,0,0,VWAP_TRIPLE_BEAR,7,7,9.0,9.0,5.0,False,3.7.0
2026-03-23 00:38:00-04:00,1774240680000,23918.0,False,False,0,0,VWAP_TRIPLE_BEAR,4,8,9.0,9.0,5.0,False,3.7.0
2026-03-23 00:38:59-04:00,1774240739000,23926.5,False,False,0,0,VWAP_TRIPLE_BEAR,6,8,9.0,9.0,5.0,False,3.7.0
2026-03-23 00:40:00-04:00,1774240800000,23938.25,False,False,0,0,VWAP_TRIPLE_BEAR,4,8,9.0,9.0,5.0,False,3.7.0
2026-03-23 00:41:00-04:00,1774240860000,23931.75,False,False,0,0,VWAP_TRIPLE_BEAR,5,9,9.0,9.0,5.0,False,3.7.0
2026-03-23 00:41:59-04:00,1774240919000,23921.25,False,False,0,0,VWAP_TRIPLE_BEAR,5,9,-14.0,9.0,5.0,False,3.7.0
2026-03-23 00:43:00-04:00,1774240980000,23914.75,False,False,0,0,VWAP_TRIPLE_BEAR,5,9,9.0,9.0,5.0,False,3.7.0
2026-03-23 00:44:00-04:00,1774241040000,23916.5,False,False,0,0,VWAP_TRIPLE_BEAR,4,9,9.0,9.0,5.0,False,3.7.0
2026-03-23 00:44:59-04:00,1774241099000,23924.75,False,False,0,0,VWAP_TRIPLE_BEAR,6,7,9.0,9.0,5.0,False,3.7.0
2026-03-23 00:46:00-04:00,1774241160000,23935.0,False,False,0,0,VWAP_TRIPLE_BEAR,5,7,9.0,9.0,5.0,False,3.7.0
2026-03-23 00:47:00-04:00,1774241220000,23946.0,False,False,0,0,VWAP_TRIPLE_BEAR,5,8,9.0,9.0,5.0,False,3.7.0
2026-03-23 00:47:59-04:00,1774241279000,23949.5,False,False,0,0,VWAP_TRIPLE_BEAR,5,8,9.0,9.0,5.0,False,3.7.0
2026-03-23 00:49:00-04:00,1774241340000,23938.5,False,False,0,0,VWAP_TRIPLE_BEAR,4,8,-3.5,9.0,5.0,False,3.7.0
2026-03-23 00:50:00-04:00,1774241400000,23932.0,False,False,0,0,VWAP_TRIPLE_BEAR,4,9,9.0,9.0,5.0,False,3.7.0
2026-03-23 00:50:59-04:00,1774241459000,23941.0,False,False,0,0,VWAP_TRIPLE_BEAR,5,8,1.5,9.0,5.0,False,3.7.0
2026-03-23 00:52:00-04:00,1774241520000,23937.5,False,False,0,0,VWAP_TRIPLE_BEAR,5,9,9.0,9.0,5.0,False,3.7.0
2026-03-23 00:53:00-04:00,1774241580000,23947.75,False,False,0,0,VWAP_TRIPLE_BEAR,5,7,9.0,9.0,5.0,False,3.7.0
2026-03-23 00:54:00-04:00,1774241640000,23937.5,False,False,0,0,VWAP_TRIPLE_BEAR,6,7,9.0,9.0,5.0,False,3.7.0
2026-03-23 00:54:59-04:00,1774241699000,23919.0,False,False,0,0,VWAP_TRIPLE_BEAR,4,9,9.0,9.0,5.0,False,3.7.0
2026-03-23 00:56:00-04:00,1774241760000,23927.25,False,False,0,0,VWAP_TRIPLE_BEAR,8,7,9.0,9.0,5.0,False,3.7.0
2026-03-23 00:57:00-04:00,1774241820000,23942.25,False,False,0,0,VWAP_TRIPLE_BEAR,4,8,9.0,9.0,5.0,False,3.7.0
2026-03-23 00:57:59-04:00,1774241879000,23939.5,False,False,0,0,VWAP_TRIPLE_BEAR,4,9,9.0,9.0,5.0,False,3.7.0
2026-03-23 00:59:00-04:00,1774241940000,23932.0,False,False,0,0,VWAP_TRIPLE_BEAR,5,8,9.0,9.0,5.0,False,3.7.0
2026-03-23 01:00:00-04:00,1774242000000,23926.0,False,False,0,0,VWAP_TRIPLE_BEAR,7,7,9.0,9.0,5.0,False,3.7.0
2026-03-23 01:00:59-04:00,1774242059000,23911.25,False,False,0,0,VWAP_TRIPLE_BEAR,4,10,9.0,9.0,5.0,False,3.7.0
2026-03-23 01:02:00-04:00,1774242120000,23907.25,False,False,0,0,VWAP_TRIPLE_BEAR,5,8,58.25,9.0,5.0,False,3.7.0
2026-03-23 01:03:00-04:00,1774242180000,23901.5,False,False,0,0,VWAP_TRIPLE_BEAR,6,8,9.0,9.0,5.0,False,3.7.0
2026-03-23 01:03:59-04:00,1774242239000,23914.75,False,False,0,0,VWAP_TRIPLE_BEAR,5,9,9.0,9.0,5.0,False,3.7.0
2026-03-23 01:05:00-04:00,1774242300000,23913.0,False,False,0,0,VWAP_TRIPLE_BEAR,5,8,9.0,9.0,5.0,False,3.7.0
2026-03-23 01:06:00-04:00,1774242360000,23928.75,False,False,0,0,VWAP_TRIPLE_BEAR,5,9,9.0,9.0,5.0,False,3.7.0
2026-03-23 01:06:59-04:00,1774242419000,23946.0,False,False,0,0,VWAP_TRIPLE_BEAR,6,7,9.0,9.0,5.0,False,3.7.0
2026-03-23 01:08:00-04:00,1774242480000,23926.75,False,False,0,0,VWAP_TRIPLE_BEAR,5,7,9.0,9.0,5.0,False,3.7.0
2026-03-23 01:09:00-04:00,1774242540000,23935.0,False,False,0,0,VWAP_TRIPLE_BEAR,6,6,9.0,9.0,5.0,False,3.7.0
2026-03-23 01:10:00-04:00,1774242600000,23936.75,False,False,0,0,VWAP_TRIPLE_BEAR,6,6,9.0,9.0,5.0,False,3.7.0
2026-03-23 01:10:59-04:00,1774242659000,23942.5,False,False,0,0,VWAP_TRIPLE_BEAR,5,7,9.0,9.0,5.0,False,3.7.0
2026-03-23 01:12:00-04:00,1774242720000,23937.75,False,False,0,0,VWAP_TRIPLE_BEAR,6,7,-21.5,9.0,5.0,False,3.7.0
2026-03-23 01:13:00-04:00,1774242780000,23935.75,False,False,0,0,VWAP_TRIPLE_BEAR,7,6,9.0,9.0,5.0,False,3.7.0
2026-03-23 01:13:59-04:00,1774242839000,23937.0,False,False,0,0,VWAP_TRIPLE_BEAR,6,7,-64.0,9.0,5.0,False,3.7.0
2026-03-23 01:15:00-04:00,1774242900000,23932.0,False,False,0,0,VWAP_TRIPLE_BEAR,5,8,9.0,9.0,5.0,False,3.7.0
2026-03-23 01:16:00-04:00,1774242960000,23942.25,False,False,0,0,VWAP_TRIPLE_BEAR,5,7,-89.0,9.0,5.0,False,3.7.0
2026-03-23 01:16:59-04:00,1774243019000,23939.0,False,False,0,0,VWAP_TRIPLE_BEAR,5,6,-89.0,9.0,5.0,False,3.7.0
2026-03-23 01:18:00-04:00,1774243080000,23933.75,False,False,0,0,VWAP_TRIPLE_BEAR,5,7,9.0,9.0,5.0,False,3.7.0
2026-03-23 01:19:00-04:00,1774243140000,23934.5,False,False,0,0,VWAP_TRIPLE_BEAR,6,6,9.0,9.0,5.0,False,3.7.0
2026-03-23 01:19:59-04:00,1774243199000,23951.25,False,False,0,0,VWAP_TRIPLE_BEAR,8,7,9.0,9.0,5.0,False,3.7.0
2026-03-23 01:21:00-04:00,1774243260000,23968.0,False,False,0,0,BN_LONG_DN,4,6,9.0,9.0,5.0,False,3.7.0
2026-03-23 01:22:00-04:00,1774243320000,23965.5,False,False,0,0,BN_LONG_DN,5,8,9.0,9.0,5.0,False,3.7.0
2026-03-23 01:23:00-04:00,1774243380000,23956.0,False,False,0,0,VWAP_TRIPLE_BEAR,5,6,9.0,9.0,5.0,False,3.7.0
2026-03-23 01:23:59-04:00,1774243439000,23932.75,False,False,0,0,VWAP_TRIPLE_BEAR,6,7,9.0,9.0,5.0,False,3.7.0
2026-03-23 01:25:00-04:00,1774243500000,23924.25,False,False,0,0,VWAP_TRIPLE_BEAR,5,7,9.0,9.0,5.0,False,3.7.0
2026-03-23 01:26:00-04:00,1774243560000,23932.0,False,False,0,0,VWAP_TRIPLE_BEAR,6,5,9.0,9.0,5.0,False,3.7.0
2026-03-23 01:26:59-04:00,1774243619000,23936.75,False,False,0,0,VWAP_TRIPLE_BEAR,4,6,9.0,9.0,5.0,False,3.7.0
2026-03-23 01:28:00-04:00,1774243680000,23934.5,False,False,0,0,VWAP_TRIPLE_BEAR,5,6,9.0,9.0,5.0,False,3.7.0
2026-03-23 01:29:00-04:00,1774243740000,23933.5,False,False,0,0,VWAP_TRIPLE_BEAR,5,7,9.0,9.0,5.0,False,3.7.0
2026-03-23 01:29:59-04:00,1774243799000,23923.5,False,False,0,0,VWAP_TRIPLE_BEAR,5,8,9.0,9.0,5.0,False,3.7.0
2026-03-23 01:31:00-04:00,1774243860000,23919.75,False,False,0,0,VWAP_TRIPLE_BEAR,6,8,9.0,9.0,5.0,False,3.7.0
2026-03-23 01:32:00-04:00,1774243920000,23916.25,False,False,0,0,VWAP_TRIPLE_BEAR,5,7,9.0,9.0,5.0,False,3.7.0
2026-03-23 01:32:59-04:00,1774243979000,23895.25,False,False,0,0,VWAP_TRIPLE_BEAR,4,10,9.0,9.0,5.0,False,3.7.0
2026-03-23 01:34:00-04:00,1774244040000,23873.0,False,False,0,0,VWAP_TRIPLE_BEAR,4,11,9.0,9.0,5.0,False,3.7.0
2026-03-23 01:35:00-04:00,1774244100000,23854.5,False,False,0,0,VWAP_TRIPLE_BEAR,5,7,9.0,9.0,5.0,False,3.7.0
2026-03-23 01:35:59-04:00,1774244159000,23853.25,False,False,0,0,VWAP_TRIPLE_BEAR,4,7,9.0,9.0,5.0,False,3.7.0
2026-03-23 01:37:00-04:00,1774244220000,23850.0,False,False,0,0,VWAP_TRIPLE_BEAR,5,7,9.0,9.0,5.0,False,3.7.0
2026-03-23 01:38:00-04:00,1774244280000,23860.75,False,False,0,0,VWAP_TRIPLE_BEAR,6,7,9.0,9.0,5.0,False,3.7.0
2026-03-23 01:39:00-04:00,1774244340000,23867.25,False,False,0,0,VWAP_TRIPLE_BEAR,7,7,9.0,9.0,5.0,False,3.7.0
2026-03-23 01:39:59-04:00,1774244399000,23873.5,False,False,0,0,VWAP_TRIPLE_BEAR,5,6,9.0,9.0,5.0,False,3.7.0
2026-03-23 01:41:00-04:00,1774244460000,23886.0,False,False,0,0,VWAP_TRIPLE_BEAR,5,6,9.0,9.0,5.0,False,3.7.0
2026-03-23 01:42:00-04:00,1774244520000,23875.75,False,False,0,0,VWAP_TRIPLE_BEAR,5,6,9.0,9.0,5.0,False,3.7.0
2026-03-23 01:42:59-04:00,1774244579000,23864.0,False,False,0,0,VWAP_TRIPLE_BEAR,5,8,9.0,9.0,5.0,False,3.7.0
2026-03-23 01:44:00-04:00,1774244640000,23871.25,False,False,0,0,VWAP_TRIPLE_BEAR,5,7,9.0,9.0,5.0,False,3.7.0
2026-03-23 01:45:00-04:00,1774244700000,23872.5,False,False,0,0,VWAP_TRIPLE_BEAR,4,7,9.0,9.0,5.0,False,3.7.0
2026-03-23 01:45:59-04:00,1774244759000,23881.5,False,False,0,0,VWAP_TRIPLE_BEAR,6,6,9.0,9.0,5.0,False,3.7.0
2026-03-23 01:47:00-04:00,1774244820000,23883.25,False,False,0,0,VWAP_TRIPLE_BEAR,5,7,9.0,9.0,5.0,False,3.7.0
2026-03-23 01:48:00-04:00,1774244880000,23874.75,False,False,0,0,VWAP_TRIPLE_BEAR,5,7,9.0,9.0,5.0,False,3.7.0
2026-03-23 01:48:59-04:00,1774244939000,23872.0,False,False,0,0,VWAP_TRIPLE_BEAR,5,8,9.0,9.0,5.0,False,3.7.0
2026-03-23 01:50:00-04:00,1774245000000,23868.75,False,False,0,0,VWAP_TRIPLE_BEAR,6,6,51.75,9.0,5.0,False,3.7.0
2026-03-23 01:51:00-04:00,1774245060000,23866.0,False,False,0,0,VWAP_TRIPLE_BEAR,5,8,59.0,9.0,5.0,False,3.7.0
2026-03-23 01:51:59-04:00,1774245119000,23862.0,False,False,0,0,VWAP_TRIPLE_BEAR,4,7,9.0,9.0,5.0,False,3.7.0
2026-03-23 01:53:00-04:00,1774245180000,23866.5,False,False,0,0,VWAP_TRIPLE_BEAR,6,6,37.5,9.0,5.0,False,3.7.0
2026-03-23 01:54:00-04:00,1774245240000,23860.5,False,False,0,0,VWAP_TRIPLE_BEAR,4,8,9.0,9.0,5.0,False,3.7.0
2026-03-23 01:55:00-04:00,1774245300000,23860.25,False,False,0,0,VWAP_TRIPLE_BEAR,7,7,9.0,9.0,5.0,False,3.7.0
2026-03-23 01:55:59-04:00,1774245359000,23866.75,False,False,0,0,VWAP_TRIPLE_BEAR,5,8,9.0,9.0,5.0,False,3.7.0
2026-03-23 01:57:00-04:00,1774245420000,23866.25,False,False,0,0,VWAP_TRIPLE_BEAR,4,8,9.0,9.0,5.0,False,3.7.0
2026-03-23 01:58:00-04:00,1774245480000,23870.75,False,False,0,0,VWAP_TRIPLE_BEAR,6,5,9.0,9.0,5.0,False,3.7.0
2026-03-23 01:58:59-04:00,1774245539000,23882.25,False,False,0,0,VWAP_TRIPLE_BEAR,5,6,9.0,9.0,5.0,False,3.7.0
2026-03-23 02:00:00-04:00,1774245600000,23883.75,False,False,0,0,VWAP_TRIPLE_BEAR,7,6,9.0,9.0,5.0,False,3.7.0
2026-03-23 02:01:00-04:00,1774245660000,23882.25,False,False,0,0,VWAP_TRIPLE_BEAR,5,7,9.0,9.0,5.0,False,3.7.0
2026-03-23 02:01:59-04:00,1774245719000,23899.0,False,False,0,0,VWAP_TRIPLE_BEAR,5,6,9.0,9.0,5.0,False,3.7.0
2026-03-23 02:03:00-04:00,1774245780000,23887.5,False,False,0,0,VWAP_TRIPLE_BEAR,6,5,9.0,9.0,5.0,False,3.7.0
2026-03-23 02:04:00-04:00,1774245840000,23898.0,False,False,0,0,VWAP_TRIPLE_BEAR,5,6,9.0,9.0,5.0,False,3.7.0
2026-03-23 02:04:59-04:00,1774245899000,23900.5,False,False,0,0,VWAP_TRIPLE_BEAR,9,5,9.0,9.0,5.0,False,3.7.0
2026-03-23 02:06:00-04:00,1774245960000,23897.25,False,False,0,0,VWAP_TRIPLE_BEAR,5,9,9.0,9.0,5.0,False,3.7.0
2026-03-23 02:07:00-04:00,1774246020000,23897.25,False,False,0,0,VWAP_TRIPLE_BEAR,6,7,9.0,9.0,5.0,False,3.7.0
2026-03-23 02:08:00-04:00,1774246080000,23901.5,False,False,0,0,VWAP_TRIPLE_BEAR,8,5,9.0,9.0,5.0,False,3.7.0
2026-03-23 02:08:59-04:00,1774246139000,23916.25,False,False,0,0,VWAP_TRIPLE_BEAR,9,6,-63.75,9.0,5.0,False,3.7.0
2026-03-23 02:10:00-04:00,1774246200000,23920.5,False,False,0,0,VWAP_TRIPLE_BEAR,5,6,9.0,9.0,5.0,False,3.7.0
2026-03-23 02:11:00-04:00,1774246260000,23925.0,False,False,0,0,VWAP_TRIPLE_BEAR,5,6,9.0,9.0,5.0,False,3.7.0
2026-03-23 02:11:59-04:00,1774246319000,23914.75,False,False,0,0,VWAP_TRIPLE_BEAR,6,6,9.0,9.0,5.0,False,3.7.0
2026-03-23 02:13:00-04:00,1774246380000,23904.0,False,False,0,0,VWAP_TRIPLE_BEAR,7,7,9.0,9.0,5.0,False,3.7.0
2026-03-23 02:14:00-04:00,1774246440000,23898.75,False,False,0,0,VWAP_TRIPLE_BEAR,5,7,9.0,9.0,5.0,False,3.7.0
2026-03-23 02:14:59-04:00,1774246499000,23890.75,False,False,0,0,VWAP_TRIPLE_BEAR,6,6,9.0,9.0,5.0,False,3.7.0
2026-03-23 02:16:00-04:00,1774246560000,23889.25,False,False,0,0,VWAP_TRIPLE_BEAR,6,5,9.0,9.0,5.0,False,3.7.0
2026-03-23 02:17:00-04:00,1774246620000,23895.5,False,False,0,0,VWAP_TRIPLE_BEAR,7,6,-26.0,9.0,5.0,False,3.7.0
2026-03-23 02:17:59-04:00,1774246679000,23901.25,False,False,0,0,VWAP_TRIPLE_BEAR,8,7,9.0,9.0,5.0,False,3.7.0
2026-03-23 02:19:00-04:00,1774246740000,23885.75,False,False,0,0,VWAP_TRIPLE_BEAR,4,8,9.0,9.0,5.0,False,3.7.0
2026-03-23 02:20:00-04:00,1774246800000,23868.0,False,False,0,0,VWAP_TRIPLE_BEAR,7,9,9.0,9.0,5.0,False,3.7.0
2026-03-23 02:20:59-04:00,1774246859000,23854.25,False,False,0,0,VWAP_TRIPLE_BEAR,4,10,9.0,9.0,5.0,False,3.7.0
2026-03-23 02:22:00-04:00,1774246920000,23854.0,False,False,0,0,VWAP_TRIPLE_BEAR,6,6,9.0,9.0,5.0,False,3.7.0
2026-03-23 02:23:00-04:00,1774246980000,23850.5,False,False,0,0,VWAP_TRIPLE_BEAR,4,8,9.0,9.0,5.0,False,3.7.0
2026-03-23 02:24:00-04:00,1774247040000,23855.5,False,False,0,0,VWAP_TRIPLE_BEAR,6,7,0.0,9.0,5.0,False,3.7.0
2026-03-23 02:24:59-04:00,1774247099000,23859.0,False,False,0,0,VWAP_TRIPLE_BEAR,8,6,9.0,9.0,5.0,False,3.7.0
2026-03-23 02:26:00-04:00,1774247160000,23863.5,False,False,0,0,VWAP_TRIPLE_BEAR,5,7,9.0,9.0,5.0,False,3.7.0
2026-03-23 02:27:00-04:00,1774247220000,23854.25,False,False,0,0,VWAP_TRIPLE_BEAR,6,7,-9.5,9.0,5.0,False,3.7.0
2026-03-23 02:27:59-04:00,1774247279000,23848.5,False,False,0,0,VWAP_TRIPLE_BEAR,5,7,9.0,9.0,5.0,False,3.7.0
2026-03-23 02:29:00-04:00,1774247340000,23852.5,False,False,0,0,VWAP_TRIPLE_BEAR,6,6,9.0,9.0,5.0,False,3.7.0
2026-03-23 02:30:00-04:00,1774247400000,23848.0,False,False,0,0,VWAP_TRIPLE_BEAR,4,8,9.0,9.0,5.0,False,3.7.0
2026-03-23 02:30:59-04:00,1774247459000,23861.75,False,False,0,0,VWAP_TRIPLE_BEAR,5,6,9.0,9.0,5.0,False,3.7.0
2026-03-23 02:32:00-04:00,1774247520000,23872.75,False,False,0,0,VWAP_TRIPLE_BEAR,6,6,-0.75,9.0,5.0,False,3.7.0
2026-03-23 02:33:00-04:00,1774247580000,23867.75,False,False,0,0,VWAP_TRIPLE_BEAR,6,6,9.0,9.0,5.0,False,3.7.0
2026-03-23 02:33:59-04:00,1774247639000,23864.25,False,False,0,0,VWAP_TRIPLE_BEAR,4,8,9.0,9.0,5.0,False,3.7.0
2026-03-23 02:35:00-04:00,1774247700000,23877.5,False,False,0,0,VWAP_TRIPLE_BEAR,7,6,-19.25,9.0,5.0,False,3.7.0
2026-03-23 02:36:00-04:00,1774247760000,23883.5,False,False,0,0,VWAP_TRIPLE_BEAR,5,6,9.0,9.0,5.0,False,3.7.0
2026-03-23 02:36:59-04:00,1774247819000,23869.5,False,False,0,0,VWAP_TRIPLE_BEAR,4,7,9.0,9.0,5.0,False,3.7.0
2026-03-23 02:38:00-04:00,1774247880000,23861.5,False,False,0,0,VWAP_TRIPLE_BEAR,6,8,9.0,9.0,5.0,False,3.7.0
2026-03-23 02:39:00-04:00,1774247940000,23843.0,False,False,0,0,VWAP_TRIPLE_BEAR,4,8,38.25,9.0,5.0,False,3.7.0
2026-03-23 02:40:00-04:00,1774248000000,23837.5,False,False,0,0,VWAP_TRIPLE_BEAR,5,6,9.0,9.0,5.0,False,3.7.0
2026-03-23 02:40:59-04:00,1774248059000,23837.25,False,False,0,0,VWAP_TRIPLE_BEAR,7,7,9.0,9.0,5.0,False,3.7.0
2026-03-23 02:42:00-04:00,1774248120000,23853.0,False,False,0,0,VWAP_TRIPLE_BEAR,8,6,9.0,9.0,5.0,False,3.7.0
2026-03-23 02:43:00-04:00,1774248180000,23847.5,False,False,0,0,VWAP_TRIPLE_BEAR,8,6,41.5,9.0,5.0,False,3.7.0
2026-03-23 02:43:59-04:00,1774248239000,23855.5,False,False,0,0,VWAP_TRIPLE_BEAR,5,8,9.0,9.0,5.0,False,3.7.0
2026-03-23 02:45:00-04:00,1774248300000,23845.75,False,False,0,0,VWAP_TRIPLE_BEAR,8,6,9.0,9.0,5.0,False,3.7.0
2026-03-23 02:46:00-04:00,1774248360000,23846.75,False,False,0,0,VWAP_TRIPLE_BEAR,6,7,9.0,9.0,5.0,False,3.7.0
2026-03-23 02:46:59-04:00,1774248419000,23844.75,False,False,0,0,VWAP_TRIPLE_BEAR,7,7,9.0,9.0,5.0,False,3.7.0
2026-03-23 02:48:00-04:00,1774248480000,23832.5,False,False,0,0,VWAP_TRIPLE_BEAR,6,9,9.0,9.0,5.0,False,3.7.0
2026-03-23 02:49:00-04:00,1774248540000,23830.25,False,False,0,0,VWAP_TRIPLE_BEAR,7,11,9.0,9.0,5.0,False,3.7.0
2026-03-23 02:49:59-04:00,1774248599000,23896.5,False,False,0,0,VWAP_TRIPLE_BEAR,8,9,9.0,9.0,5.0,False,3.7.0
2026-03-23 02:51:00-04:00,1774248660000,23874.75,False,False,0,0,VWAP_TRIPLE_BEAR,7,6,9.0,9.0,5.0,False,3.7.0
2026-03-23 02:52:00-04:00,1774248720000,23872.0,False,False,0,0,VWAP_TRIPLE_BEAR,6,7,9.0,9.0,5.0,False,3.7.0
2026-03-23 02:53:00-04:00,1774248780000,23874.25,False,False,0,0,VWAP_TRIPLE_BEAR,5,7,9.0,9.0,5.0,False,3.7.0
2026-03-23 02:53:59-04:00,1774248839000,23864.75,False,False,0,0,VWAP_TRIPLE_BEAR,5,7,856.0,9.0,5.0,False,3.7.0
2026-03-23 02:55:00-04:00,1774248900000,23858.25,False,False,0,0,VWAP_TRIPLE_BEAR,4,7,9.0,9.0,5.0,False,3.7.0
2026-03-23 02:56:00-04:00,1774248960000,23864.75,False,False,0,0,VWAP_TRIPLE_BEAR,6,6,9.0,9.0,5.0,False,3.7.0
2026-03-23 02:56:59-04:00,1774249019000,23870.25,False,False,0,0,VWAP_TRIPLE_BEAR,4,6,9.0,9.0,5.0,False,3.7.0
2026-03-23 02:58:00-04:00,1774249080000,23870.5,False,False,0,0,VWAP_TRIPLE_BEAR,4,5,9.0,9.0,5.0,False,3.7.0
2026-03-23 02:59:00-04:00,1774249140000,23881.25,False,False,0,0,VWAP_TRIPLE_BEAR,8,6,9.0,9.0,5.0,False,3.7.0
2026-03-23 02:59:59-04:00,1774249199000,23901.25,False,False,0,0,VWAP_TRIPLE_BEAR,8,6,9.0,9.0,5.0,False,3.7.0
2026-03-23 03:01:00-04:00,1774249260000,23898.75,False,False,0,0,VWAP_TRIPLE_BEAR,6,8,9.0,9.0,5.0,False,3.7.0
2026-03-23 03:02:00-04:00,1774249320000,23889.0,False,False,0,0,VWAP_TRIPLE_BEAR,5,7,9.0,9.0,5.0,False,3.7.0
2026-03-23 03:02:59-04:00,1774249379000,23889.0,False,False,0,0,VWAP_TRIPLE_BEAR,5,5,9.0,9.0,5.0,False,3.7.0
2026-03-23 03:04:00-04:00,1774249440000,23894.75,False,False,0,0,VWAP_TRIPLE_BEAR,5,5,9.0,9.0,5.0,False,3.7.0
2026-03-23 03:05:00-04:00,1774249500000,24301.0,False,False,0,0,RVOL_SPIKE_BUY,9,8,9.0,9.0,5.0,False,3.7.0
2026-03-23 03:05:59-04:00,1774249559000,24508.75,True,False,1,1,BN_LONG_DN,6,7,9.0,9.0,5.0,False,3.7.0
2026-03-23 03:07:00-04:00,1774249620000,24579.0,True,False,1,3,BN_LONG_UP,8,5,9.0,9.0,5.0,False,3.7.0
2026-03-23 03:08:00-04:00,1774249680000,24577.5,True,False,1,2,RVOL_SPIKE_BUY,9,7,9.0,9.0,5.0,False,3.7.0
2026-03-23 03:09:00-04:00,1774249740000,24685.5,True,False,-1,6,VWAP_TRIPLE_BULL,11,5,9.0,9.0,5.0,False,3.7.0
2026-03-23 03:09:59-04:00,1774249799000,24619.75,True,False,-1,8,VWAP_TRIPLE_BULL,12,4,9.0,9.0,5.0,False,3.7.0
2026-03-23 03:11:00-04:00,1774249860000,24600.25,True,False,1,3,CONFLUENCE_BUY,8,5,9.0,9.0,5.0,False,3.7.0
2026-03-23 03:12:00-04:00,1774249920000,24655.75,True,False,1,3,VWAP_TRIPLE_BULL,10,7,9.0,9.0,5.0,False,3.7.0
2026-03-23 03:12:59-04:00,1774249979000,24744.0,True,False,-1,6,VWAP_TRIPLE_BULL,11,5,9.0,9.0,5.0,False,3.7.0
2026-03-23 03:14:00-04:00,1774250040000,24720.75,True,False,-1,8,VWAP_TRIPLE_BULL,12,4,9.0,9.0,5.0,False,3.7.0
2026-03-23 03:15:00-04:00,1774250100000,24691.25,True,False,-1,4,VWAP_TRIPLE_BULL,10,6,9.0,9.0,5.0,False,3.7.0
2026-03-23 03:15:59-04:00,1774250159000,24605.25,True,False,1,1,BN_LONG_DN,8,7,9.0,9.0,5.0,False,3.7.0
2026-03-23 03:17:00-04:00,1774250220000,24692.25,True,False,-1,6,VWAP_TRIPLE_BULL,11,5,9.0,9.0,5.0,False,3.7.0
2026-03-23 03:18:00-04:00,1774250280000,24661.25,True,False,-1,4,VWAP_TRIPLE_BULL,10,6,9.0,9.0,5.0,False,3.7.0
2026-03-23 03:18:59-04:00,1774250339000,24638.25,True,False,-1,5,VWAP_TRIPLE_BULL,11,6,9.0,9.0,5.0,False,3.7.0
2026-03-23 03:20:00-04:00,1774250400000,24561.5,True,False,1,4,BN_LONG_UP,10,6,9.0,9.0,5.0,False,3.7.0
2026-03-23 03:21:00-04:00,1774250460000,24584.0,True,False,1,6,BN_LONG_UP,11,5,9.0,9.0,5.0,False,3.7.0
2026-03-23 03:21:59-04:00,1774250519000,24627.0,True,False,-1,5,VWAP_TRIPLE_BULL,11,6,9.0,9.0,5.0,False,3.7.0
2026-03-23 03:23:00-04:00,1774250580000,24586.25,True,False,-1,3,BN_LONG_DN,10,7,9.0,9.0,5.0,False,3.7.0
2026-03-23 03:24:00-04:00,1774250640000,24572.0,True,False,1,2,BN_LONG_DN,9,7,9.0,9.0,5.0,False,3.7.0
2026-03-23 03:25:00-04:00,1774250700000,24591.25,True,False,-1,1,BN_LONG_DN,8,7,9.0,9.0,5.0,False,3.7.0
2026-03-23 03:25:59-04:00,1774250759000,24560.75,True,False,-1,1,BN_LONG_DN,8,9,9.0,9.0,5.0,False,3.7.0
2026-03-23 03:27:00-04:00,1774250820000,24527.75,True,False,-1,6,BN_LONG_UP,11,5,9.0,9.0,5.0,False,3.7.0
2026-03-23 03:28:00-04:00,1774250880000,24515.0,True,False,1,1,BN_LONG_DN,9,8,9.0,9.0,5.0,False,3.7.0
2026-03-23 03:28:59-04:00,1774250939000,24516.75,True,False,1,5,BN_LONG_UP,11,6,9.0,9.0,5.0,False,3.7.0
2026-03-23 03:30:00-04:00,1774251000000,24589.25,True,False,1,3,CONFLUENCE_BUY,9,6,9.0,9.0,5.0,False,3.7.0
2026-03-23 03:31:00-04:00,1774251060000,24598.5,True,False,1,1,BN_LONG_DN,8,7,9.0,9.0,5.0,False,3.7.0
2026-03-23 03:31:59-04:00,1774251119000,24614.75,True,False,1,1,BN_LONG_DN,8,7,9.0,9.0,5.0,False,3.7.0
2026-03-23 03:33:00-04:00,1774251180000,24667.0,True,False,-1,6,VWAP_TRIPLE_BULL,12,6,9.0,9.0,5.0,False,3.7.0
2026-03-23 03:34:00-04:00,1774251240000,24668.25,True,False,-1,1,VWAP_TRIPLE_BULL,9,8,9.0,9.0,5.0,False,3.7.0
2026-03-23 03:34:59-04:00,1774251299000,24665.25,True,False,-1,5,VWAP_TRIPLE_BULL,10,5,9.0,9.0,5.0,False,3.7.0
2026-03-23 03:36:00-04:00,1774251360000,24635.25,True,False,-1,1,VWAP_TRIPLE_BULL,10,9,9.0,9.0,5.0,False,3.7.0
2026-03-23 03:37:00-04:00,1774251420000,24626.75,True,False,-1,3,VWAP_TRIPLE_BULL,10,7,9.0,9.0,5.0,False,3.7.0
2026-03-23 03:38:00-04:00,1774251480000,24611.5,True,False,-1,1,BN_LONG_DN,8,9,9.0,9.0,5.0,False,3.7.0
2026-03-23 03:38:59-04:00,1774251539000,24609.5,True,False,-1,2,BN_LONG_DN,7,9,9.0,9.0,5.0,False,3.7.0
2026-03-23 03:40:00-04:00,1774251600000,24575.25,True,False,-1,1,BN_LONG_DN,8,9,9.0,9.0,5.0,False,3.7.0
2026-03-23 03:41:00-04:00,1774251660000,24577.0,True,False,-1,2,BN_LONG_UP,9,7,9.0,9.0,5.0,False,3.7.0
2026-03-23 03:41:59-04:00,1774251719000,24547.25,True,False,1,1,BN_LONG_DN,8,9,9.0,9.0,5.0,False,3.7.0
2026-03-23 03:43:00-04:00,1774251780000,24567.75,True,False,-1,1,BN_LONG_DN,8,9,9.0,9.0,5.0,False,3.7.0
2026-03-23 03:44:00-04:00,1774251840000,24526.5,True,False,-1,3,BN_LONG_UP,10,7,9.0,9.0,5.0,False,3.7.0
2026-03-23 03:44:59-04:00,1774251899000,24516.75,True,False,-1,4,BN_LONG_UP,10,6,9.0,9.0,5.0,False,3.7.0
2026-03-23 03:46:00-04:00,1774251960000,24438.5,True,False,1,2,BN_LONG_UP,9,7,9.0,9.0,5.0,False,3.7.0
2026-03-23 03:47:00-04:00,1774252020000,24461.5,True,False,1,1,BN_LONG_UP,9,8,9.0,9.0,5.0,False,3.7.0
2026-03-23 03:47:59-04:00,1774252079000,24485.75,True,False,0,4,BN_LONG_UP,10,6,-54.25,9.0,5.0,False,3.7.0
2026-03-23 03:49:00-04:00,1774252140000,24494.5,True,False,-1,1,BN_LONG_DN,7,8,9.0,9.0,5.0,False,3.7.0
2026-03-23 03:50:00-04:00,1774252200000,24457.75,True,False,1,1,BN_LONG_DN,7,8,9.0,9.0,5.0,False,3.7.0
2026-03-23 03:50:59-04:00,1774252259000,24466.0,True,False,0,1,BN_LONG_DN,7,8,-26.25,9.0,5.0,False,3.7.0
2026-03-23 03:52:00-04:00,1774252320000,24460.25,True,False,1,3,BN_LONG_UP,11,8,9.0,9.0,5.0,False,3.7.0
2026-03-23 03:53:00-04:00,1774252380000,24473.5,True,False,1,0,BN_LONG_DN,8,8,9.0,9.0,5.0,False,3.7.0
2026-03-23 03:54:00-04:00,1774252440000,24487.5,True,False,-1,1,BN_LONG_DN,10,9,9.0,9.0,5.0,False,3.7.0
2026-03-23 03:54:59-04:00,1774252499000,24427.0,True,False,-1,2,BN_LONG_DN,8,10,9.0,9.0,5.0,False,3.7.0
2026-03-23 03:56:00-04:00,1774252560000,24421.25,True,False,-1,1,BN_LONG_DN,8,9,9.0,9.0,5.0,False,3.7.0
2026-03-23 03:57:00-04:00,1774252620000,24384.75,True,False,0,4,BN_LONG_DN,6,10,87.0,9.0,5.0,False,3.7.0
2026-03-23 03:57:59-04:00,1774252679000,24389.25,True,False,-1,3,BN_LONG_UP,9,6,9.0,9.0,5.0,False,3.7.0
2026-03-23 03:59:00-04:00,1774252740000,24390.0,True,False,-1,1,BN_LONG_UP,8,7,9.0,9.0,5.0,False,3.7.0
2026-03-23 04:00:00-04:00,1774252800000,24367.75,True,False,1,5,BN_LONG_UP,11,6,9.0,9.0,5.0,False,3.7.0
2026-03-23 04:00:59-04:00,1774252859000,24382.5,True,False,1,2,BN_LONG_DN,7,9,9.0,9.0,5.0,False,3.7.0
2026-03-23 04:02:00-04:00,1774252920000,24380.0,True,False,1,1,BN_LONG_DN,7,8,9.0,9.0,5.0,False,3.7.0
2026-03-23 04:03:00-04:00,1774252980000,24409.75,True,False,1,0,BN_LONG_DN,8,8,9.0,9.0,5.0,False,3.7.0
2026-03-23 04:03:59-04:00,1774253039000,24431.0,True,False,-1,1,BN_LONG_DN,9,8,9.0,9.0,5.0,False,3.7.0
2026-03-23 04:05:00-04:00,1774253100000,24402.75,True,False,0,4,BN_LONG_UP,10,6,86.25,9.0,5.0,False,3.7.0
2026-03-23 04:06:00-04:00,1774253160000,24411.0,True,False,-1,1,BN_LONG_DN,8,9,9.0,9.0,5.0,False,3.7.0
2026-03-23 04:06:59-04:00,1774253219000,24395.5,True,False,1,3,BN_LONG_UP,9,6,9.0,9.0,5.0,False,3.7.0
2026-03-23 04:08:00-04:00,1774253280000,24431.5,True,False,1,2,CONFLUENCE_BUY,8,6,9.0,9.0,5.0,False,3.7.0
2026-03-23 04:09:00-04:00,1774253340000,24475.75,True,False,-1,4,BN_LONG_UP,11,7,9.0,9.0,5.0,False,3.7.0
2026-03-23 04:10:00-04:00,1774253400000,24474.75,True,False,-1,0,BN_LONG_DN,8,8,9.0,9.0,5.0,False,3.7.0
2026-03-23 04:10:59-04:00,1774253459000,24439.75,True,False,-1,1,BN_LONG_DN,8,9,9.0,9.0,5.0,False,3.7.0
2026-03-23 04:12:00-04:00,1774253520000,24442.5,True,False,-1,2,BN_LONG_DN,7,9,9.0,9.0,5.0,False,3.7.0
2026-03-23 04:13:00-04:00,1774253580000,24430.5,True,False,-1,2,BN_LONG_UP,9,7,9.0,9.0,5.0,False,3.7.0
2026-03-23 04:13:59-04:00,1774253639000,24399.0,True,False,1,3,BN_LONG_UP,10,7,9.0,9.0,5.0,False,3.7.0
2026-03-23 04:15:00-04:00,1774253700000,24415.75,True,False,1,2,BN_LONG_UP,9,7,9.0,9.0,5.0,False,3.7.0
2026-03-23 04:16:00-04:00,1774253760000,24449.5,True,False,1,5,BN_LONG_UP,11,6,9.0,9.0,5.0,False,3.7.0
2026-03-23 04:16:59-04:00,1774253819000,24471.75,True,False,1,1,BN_LONG_DN,7,8,9.0,9.0,5.0,False,3.7.0
2026-03-23 04:18:00-04:00,1774253880000,24482.5,True,False,1,4,BN_LONG_UP,10,6,9.0,9.0,5.0,False,3.7.0
2026-03-23 04:19:00-04:00,1774253940000,24521.0,True,False,-1,2,CONFLUENCE_BUY,8,6,9.0,9.0,5.0,False,3.7.0
2026-03-23 04:19:59-04:00,1774253999000,24512.75,True,False,-1,0,BN_LONG_DN,8,8,9.0,9.0,5.0,False,3.7.0
2026-03-23 04:21:00-04:00,1774254060000,24503.75,True,False,-1,1,BN_LONG_DN,8,9,9.0,9.0,5.0,False,3.7.0
2026-03-23 04:22:00-04:00,1774254120000,24496.75,True,False,0,1,BN_LONG_DN,8,9,50.0,9.0,5.0,False,3.7.0
2026-03-23 04:23:00-04:00,1774254180000,24500.5,True,False,-1,2,BN_LONG_UP,9,7,9.0,9.0,5.0,False,3.7.0
2026-03-23 04:23:59-04:00,1774254239000,24488.25,True,False,1,2,BN_LONG_UP,9,7,9.0,9.0,5.0,False,3.7.0
2026-03-23 04:25:00-04:00,1774254300000,24489.0,True,False,1,0,BN_LONG_DN,8,8,9.0,9.0,5.0,False,3.7.0
2026-03-23 04:26:00-04:00,1774254360000,24504.0,True,False,1,1,BN_LONG_DN,9,8,9.0,9.0,5.0,False,3.7.0
2026-03-23 04:26:59-04:00,1774254419000,24507.0,True,False,1,0,BN_LONG_DN,8,8,9.0,9.0,5.0,False,3.7.0
2026-03-23 04:28:00-04:00,1774254480000,24519.0,True,False,-1,1,BN_LONG_DN,8,9,9.0,9.0,5.0,False,3.7.0
2026-03-23 04:29:00-04:00,1774254540000,24497.75,True,False,-1,1,BN_LONG_DN,8,7,9.0,9.0,5.0,False,3.7.0
2026-03-23 04:29:59-04:00,1774254599000,24485.0,True,False,0,2,BN_LONG_DN,9,7,89.0,9.0,5.0,False,3.7.0
2026-03-23 04:31:00-04:00,1774254660000,24489.5,True,False,-1,6,BN_LONG_UP,11,5,9.0,9.0,5.0,False,3.7.0
2026-03-23 04:32:00-04:00,1774254720000,24480.25,True,False,1,6,BN_LONG_UP,11,5,9.0,9.0,5.0,False,3.7.0
2026-03-23 04:32:59-04:00,1774254779000,24483.0,True,False,1,4,BN_LONG_UP,9,5,9.0,9.0,5.0,False,3.7.0
2026-03-23 04:34:00-04:00,1774254840000,24481.25,True,False,1,3,BN_LONG_UP,9,6,9.0,9.0,5.0,False,3.7.0
2026-03-23 04:35:00-04:00,1774254900000,24479.75,True,False,1,0,BN_LONG_DN,7,7,9.0,9.0,5.0,False,3.7.0
2026-03-23 04:35:59-04:00,1774254959000,24495.25,True,False,-1,0,BN_LONG_DN,7,7,9.0,9.0,5.0,False,3.7.0
2026-03-23 04:37:00-04:00,1774255020000,24480.5,True,False,-1,0,BN_LONG_DN,8,8,9.0,9.0,5.0,False,3.7.0
2026-03-23 04:38:00-04:00,1774255080000,24470.5,True,False,1,1,BN_LONG_DN,8,7,9.0,9.0,5.0,False,3.7.0
2026-03-23 04:39:00-04:00,1774255140000,24476.5,True,False,0,1,BN_LONG_DN,7,8,132.0,9.0,5.0,False,3.7.0
2026-03-23 04:39:59-04:00,1774255199000,24468.75,True,False,1,4,BN_LONG_UP,10,6,9.0,9.0,5.0,False,3.7.0
2026-03-23 04:41:00-04:00,1774255260000,24493.25,True,False,1,3,RVOL_SPIKE_BUY,10,7,9.0,9.0,5.0,False,3.7.0
2026-03-23 04:42:00-04:00,1774255320000,24546.75,True,False,1,5,RVOL_SPIKE_BUY,11,6,9.0,9.0,5.0,False,3.7.0
2026-03-23 04:42:59-04:00,1774255379000,24560.0,True,False,1,1,BN_LONG_DN,7,6,9.0,9.0,5.0,False,3.7.0
2026-03-23 04:44:00-04:00,1774255440000,24569.25,True,False,-1,1,BN_LONG_DN,7,6,9.0,9.0,5.0,False,3.7.0
2026-03-23 04:45:00-04:00,1774255500000,24549.5,True,False,1,1,BN_LONG_DN,7,6,9.0,9.0,5.0,False,3.7.0
2026-03-23 04:45:59-04:00,1774255559000,24566.5,True,False,1,1,BN_LONG_DN,7,6,9.0,9.0,5.0,False,3.7.0
2026-03-23 04:47:00-04:00,1774255620000,24564.5,True,False,1,5,BN_LONG_UP,9,4,9.0,9.0,5.0,False,3.7.0
2026-03-23 04:48:00-04:00,1774255680000,24583.25,True,False,-1,3,CONFLUENCE_BUY,7,4,9.0,9.0,5.0,False,3.7.0
2026-03-23 04:48:59-04:00,1774255739000,24578.25,True,False,1,1,BN_LONG_DN,7,6,9.0,9.0,5.0,False,3.7.0
2026-03-23 04:50:00-04:00,1774255800000,24574.0,True,False,1,5,BN_LONG_UP,9,4,9.0,9.0,5.0,False,3.7.0
2026-03-23 04:51:00-04:00,1774255860000,24593.0,True,False,1,4,BN_LONG_UP,9,5,9.0,9.0,5.0,False,3.7.0
2026-03-23 04:51:59-04:00,1774255919000,24619.5,True,False,-1,1,VWAP_TRIPLE_BULL,8,7,9.0,9.0,5.0,False,3.7.0
2026-03-23 04:53:00-04:00,1774255980000,24604.25,True,False,-1,0,BN_LONG_DN,7,7,9.0,9.0,5.0,False,3.7.0
2026-03-23 04:54:00-04:00,1774256040000,24589.5,True,False,1,1,BN_LONG_DN,7,6,9.0,9.0,5.0,False,3.7.0
2026-03-23 04:55:00-04:00,1774256100000,24590.25,True,False,1,3,BN_LONG_UP,8,5,9.0,9.0,5.0,False,3.7.0
2026-03-23 04:55:59-04:00,1774256159000,24592.75,True,False,1,2,CONFLUENCE_BUY,6,4,9.0,9.0,5.0,False,3.7.0
2026-03-23 04:57:00-04:00,1774256220000,24596.25,True,False,1,1,BN_LONG_DN,6,7,9.0,9.0,5.0,False,3.7.0
2026-03-23 04:58:00-04:00,1774256280000,24607.75,True,False,1,1,CONFLUENCE_BUY,7,6,9.0,9.0,5.0,False,3.7.0
2026-03-23 04:58:59-04:00,1774256339000,24608.5,True,False,1,2,BN_LONG_DN,6,8,9.0,9.0,5.0,False,3.7.0
2026-03-23 05:00:00-04:00,1774256400000,24633.5,True,False,-1,4,VWAP_TRIPLE_BULL,10,6,9.0,9.0,5.0,False,3.7.0
2026-03-23 05:01:00-04:00,1774256460000,24606.25,True,False,-1,2,BN_LONG_UP,8,6,9.0,9.0,5.0,False,3.7.0
2026-03-23 05:01:59-04:00,1774256519000,24593.0,True,False,0,4,CONFLUENCE_BUY,8,4,-48.75,9.0,5.0,False,3.7.0
2026-03-23 05:03:00-04:00,1774256580000,24599.75,True,False,-1,3,BN_LONG_UP,7,4,9.0,9.0,5.0,False,3.7.0
2026-03-23 05:04:00-04:00,1774256640000,24581.25,True,False,-1,1,BN_LONG_DN,6,7,9.0,9.0,5.0,False,3.7.0
2026-03-23 05:04:59-04:00,1774256699000,24554.5,True,False,1,4,CONFLUENCE_BUY,8,4,9.0,9.0,5.0,False,3.7.0
2026-03-23 05:06:00-04:00,1774256760000,24554.5,True,False,1,0,BN_LONG_DN,7,7,9.0,9.0,5.0,False,3.7.0
2026-03-23 05:07:00-04:00,1774256820000,24552.25,True,False,1,1,BN_LONG_DN,6,7,9.0,9.0,5.0,False,3.7.0
2026-03-23 05:08:00-04:00,1774256880000,24572.75,True,False,1,1,BN_LONG_DN,6,7,9.0,9.0,5.0,False,3.7.0
2026-03-23 05:08:59-04:00,1774256939000,24582.75,True,False,-1,5,BN_LONG_UP,9,4,9.0,9.0,5.0,False,3.7.0
2026-03-23 05:10:00-04:00,1774257000000,24572.0,True,False,-1,2,BN_LONG_DN,8,6,9.0,9.0,5.0,False,3.7.0
2026-03-23 05:11:00-04:00,1774257060000,24570.75,True,False,-1,2,CONFLUENCE_BUY,7,5,9.0,9.0,5.0,False,3.7.0
2026-03-23 05:11:59-04:00,1774257119000,24559.5,True,False,-1,5,BN_LONG_UP,9,4,9.0,9.0,5.0,False,3.7.0
2026-03-23 05:13:00-04:00,1774257180000,24555.75,True,False,-1,1,BN_LONG_DN,6,7,9.0,9.0,5.0,False,3.7.0
2026-03-23 05:14:00-04:00,1774257240000,24552.5,True,False,0,3,BN_LONG_UP,8,5,-75.25,9.0,5.0,False,3.7.0
2026-03-23 05:14:59-04:00,1774257299000,24554.5,True,False,0,2,BN_LONG_DN,5,7,-101.75,9.0,5.0,False,3.7.0
2026-03-23 05:16:00-04:00,1774257360000,24560.0,True,False,-1,2,BN_LONG_UP,7,5,9.0,9.0,5.0,False,3.7.0
2026-03-23 05:17:00-04:00,1774257420000,24556.0,True,False,-1,2,BN_LONG_DN,6,8,9.0,9.0,5.0,False,3.7.0
2026-03-23 05:17:59-04:00,1774257479000,24554.5,True,False,-1,2,BN_LONG_UP,8,6,9.0,9.0,5.0,False,3.7.0
2026-03-23 05:19:00-04:00,1774257540000,24539.0,True,False,1,4,BN_LONG_DN,5,9,9.0,9.0,5.0,False,3.7.0
2026-03-23 05:20:00-04:00,1774257600000,24555.0,True,False,-1,1,BN_LONG_DN,6,7,9.0,9.0,5.0,False,3.7.0
2026-03-23 05:20:59-04:00,1774257659000,24542.5,True,False,-1,3,BN_LONG_UP,8,5,9.0,9.0,5.0,False,3.7.0
2026-03-23 05:22:00-04:00,1774257720000,24544.25,True,False,-1,2,BN_LONG_DN,6,8,9.0,9.0,5.0,False,3.7.0
2026-03-23 05:23:00-04:00,1774257780000,24531.25,True,False,1,2,BN_LONG_DN,5,7,9.0,9.0,5.0,False,3.7.0
2026-03-23 05:24:00-04:00,1774257840000,24541.0,True,False,-1,1,BN_LONG_DN,7,8,9.0,9.0,5.0,False,3.7.0
2026-03-23 05:24:59-04:00,1774257899000,24520.25,True,False,-1,0,BN_LONG_UP,8,8,9.0,9.0,5.0,False,3.7.0
2026-03-23 05:26:00-04:00,1774257960000,24513.75,True,False,-1,1,BN_LONG_DN,7,8,9.0,9.0,5.0,False,3.7.0
2026-03-23 05:27:00-04:00,1774258020000,24515.25,True,False,-1,4,BN_LONG_UP,9,5,9.0,9.0,5.0,False,3.7.0
2026-03-23 05:27:59-04:00,1774258079000,24510.25,True,False,-1,2,CONFLUENCE_BUY,7,5,9.0,9.0,5.0,False,3.7.0
2026-03-23 05:29:00-04:00,1774258140000,24492.75,True,False,-1,2,RVOL_SPIKE_SELL,7,9,9.0,9.0,5.0,False,3.7.0
2026-03-23 05:30:00-04:00,1774258200000,24471.0,True,False,1,1,BN_LONG_UP,7,6,9.0,9.0,5.0,False,3.7.0
2026-03-23 05:30:59-04:00,1774258259000,24492.75,True,False,-1,3,BN_LONG_UP,8,5,9.0,9.0,5.0,False,3.7.0
2026-03-23 05:32:00-04:00,1774258320000,24464.0,True,False,1,3,BN_LONG_UP,9,6,9.0,9.0,5.0,False,3.7.0
2026-03-23 05:33:00-04:00,1774258380000,24495.5,True,False,-1,2,BN_LONG_UP,8,6,9.0,9.0,5.0,False,3.7.0
2026-03-23 05:33:59-04:00,1774258439000,24477.25,True,False,-1,3,BN_LONG_DN,5,8,9.0,9.0,5.0,False,3.7.0
2026-03-23 05:35:00-04:00,1774258500000,24452.75,True,False,1,1,BN_LONG_DN,7,8,9.0,9.0,5.0,False,3.7.0
2026-03-23 05:36:00-04:00,1774258560000,24492.75,True,False,1,2,BN_LONG_DN,6,8,9.0,9.0,5.0,False,3.7.0
2026-03-23 05:36:59-04:00,1774258619000,24493.25,True,False,1,3,BN_LONG_DN,5,8,9.0,9.0,5.0,False,3.7.0
2026-03-23 05:38:00-04:00,1774258680000,24528.5,True,False,1,3,BN_LONG_UP,8,5,9.0,9.0,5.0,False,3.7.0
2026-03-23 05:39:00-04:00,1774258740000,24540.25,True,False,-1,2,BN_LONG_UP,7,5,9.0,9.0,5.0,False,3.7.0
2026-03-23 05:40:00-04:00,1774258800000,24515.0,True,False,1,2,BN_LONG_DN,5,7,9.0,9.0,5.0,False,3.7.0
2026-03-23 05:40:59-04:00,1774258859000,24521.75,True,False,1,1,BN_LONG_UP,7,6,9.0,9.0,5.0,False,3.7.0
2026-03-23 05:42:00-04:00,1774258920000,24553.25,True,False,-1,0,BN_LONG_DN,7,7,9.0,9.0,5.0,False,3.7.0
2026-03-23 05:43:00-04:00,1774258980000,24541.75,True,False,-1,2,CONFLUENCE_BUY,7,5,9.0,9.0,5.0,False,3.7.0
2026-03-23 05:43:59-04:00,1774259039000,24497.0,True,False,1,3,BN_LONG_DN,6,9,9.0,9.0,5.0,False,3.7.0
2026-03-23 05:45:00-04:00,1774259100000,24542.0,True,False,-1,3,BN_LONG_UP,8,5,9.0,9.0,5.0,False,3.7.0
2026-03-23 05:46:00-04:00,1774259160000,24544.5,True,False,-1,1,BN_LONG_DN,7,6,9.0,9.0,5.0,False,3.7.0
2026-03-23 05:46:59-04:00,1774259219000,24522.75,True,False,1,3,BN_LONG_UP,8,5,9.0,9.0,5.0,False,3.7.0
2026-03-23 05:48:00-04:00,1774259280000,24558.0,True,False,1,0,BN_LONG_DN,6,6,9.0,9.0,5.0,False,3.7.0
2026-03-23 05:49:00-04:00,1774259340000,24575.75,True,False,0,4,BN_LONG_UP,9,5,-6.0,9.0,5.0,False,3.7.0
2026-03-23 05:49:59-04:00,1774259399000,24574.25,True,False,1,4,BN_LONG_UP,9,5,9.0,9.0,5.0,False,3.7.0
2026-03-23 05:51:00-04:00,1774259460000,24569.5,True,False,1,1,BN_LONG_DN,7,6,9.0,9.0,5.0,False,3.7.0
2026-03-23 05:52:00-04:00,1774259520000,24595.25,True,False,0,0,BN_LONG_DN,7,7,-1.0,9.0,5.0,False,3.7.0
2026-03-23 05:53:00-04:00,1774259580000,24603.75,True,False,-1,1,BN_LONG_DN,6,7,9.0,9.0,5.0,False,3.7.0
2026-03-23 05:53:59-04:00,1774259639000,24580.0,True,False,-1,1,BN_LONG_DN,6,7,9.0,9.0,5.0,False,3.7.0
2026-03-23 05:55:00-04:00,1774259700000,24557.5,True,False,1,1,BN_LONG_DN,6,7,9.0,9.0,5.0,False,3.7.0
2026-03-23 05:56:00-04:00,1774259760000,24560.5,True,False,1,2,CONFLUENCE_BUY,7,5,9.0,9.0,5.0,False,3.7.0
2026-03-23 05:56:59-04:00,1774259819000,24580.25,True,False,1,1,BN_LONG_DN,6,7,9.0,9.0,5.0,False,3.7.0
2026-03-23 05:58:00-04:00,1774259880000,24587.0,True,False,1,4,BN_LONG_UP,9,5,9.0,9.0,5.0,False,3.7.0
2026-03-23 05:59:00-04:00,1774259940000,24599.25,True,False,-1,5,CONFLUENCE_BUY,9,4,9.0,9.0,5.0,False,3.7.0
2026-03-23 05:59:59-04:00,1774259999000,24589.75,True,False,1,4,BN_LONG_UP,9,5,9.0,9.0,5.0,False,3.7.0
2026-03-23 06:01:00-04:00,1774260060000,24598.25,True,False,1,4,BN_LONG_UP,9,5,9.0,9.0,5.0,False,3.7.0
2026-03-23 06:02:00-04:00,1774260120000,24610.5,True,False,-1,1,BN_LONG_DN,7,8,9.0,9.0,5.0,False,3.7.0
2026-03-23 06:02:59-04:00,1774260179000,24580.0,True,False,-1,1,BN_LONG_DN,6,7,9.0,9.0,5.0,False,3.7.0
2026-03-23 06:04:00-04:00,1774260240000,24550.5,True,False,0,5,BN_LONG_UP,9,4,121.5,9.0,5.0,False,3.7.0
2026-03-23 06:05:00-04:00,1774260300000,24556.75,True,False,-1,3,BN_LONG_UP,8,5,9.0,9.0,5.0,False,3.7.0
2026-03-23 06:05:59-04:00,1774260359000,24537.5,True,False,1,1,BN_LONG_DN,6,7,9.0,9.0,5.0,False,3.7.0
2026-03-23 06:07:00-04:00,1774260420000,24580.75,True,False,-1,4,BN_LONG_UP,9,5,9.0,9.0,5.0,False,3.7.0
2026-03-23 06:08:00-04:00,1774260480000,24561.5,True,False,1,4,BN_LONG_UP,9,5,9.0,9.0,5.0,False,3.7.0
2026-03-23 06:09:00-04:00,1774260540000,24569.75,True,False,1,0,BN_LONG_DN,7,7,9.0,9.0,5.0,False,3.7.0
2026-03-23 06:09:59-04:00,1774260599000,24565.0,True,False,1,4,BN_LONG_UP,9,5,9.0,9.0,5.0,False,3.7.0
2026-03-23 06:11:00-04:00,1774260660000,24584.75,True,False,1,0,BN_LONG_DN,7,7,9.0,9.0,5.0,False,3.7.0
2026-03-23 06:12:00-04:00,1774260720000,24594.25,True,False,1,5,BN_LONG_UP,9,4,9.0,9.0,5.0,False,3.7.0
2026-03-23 06:12:59-04:00,1774260779000,24620.5,True,False,-1,7,VWAP_TRIPLE_BULL,12,5,9.0,9.0,5.0,False,3.7.0
2026-03-23 06:14:00-04:00,1774260840000,24604.75,True,False,1,0,BN_LONG_DN,7,7,9.0,9.0,5.0,False,3.7.0
2026-03-23 06:15:00-04:00,1774260900000,24628.25,True,False,1,5,VWAP_TRIPLE_BULL,10,5,9.0,9.0,5.0,False,3.7.0
2026-03-23 06:15:59-04:00,1774260959000,24624.25,True,False,1,1,VWAP_TRIPLE_BULL,8,7,9.0,9.0,5.0,False,3.7.0
2026-03-23 06:17:00-04:00,1774261020000,24631.5,True,False,1,3,VWAP_TRIPLE_BULL,8,5,9.0,9.0,5.0,False,3.7.0
2026-03-23 06:18:00-04:00,1774261080000,24636.75,True,False,1,2,VWAP_TRIPLE_BULL,9,7,9.0,9.0,5.0,False,3.7.0
2026-03-23 06:18:59-04:00,1774261139000,24643.5,True,False,1,1,VWAP_TRIPLE_BULL,8,7,9.0,9.0,5.0,False,3.7.0
2026-03-23 06:20:00-04:00,1774261200000,24643.0,True,False,1,0,VWAP_TRIPLE_BULL,8,8,9.0,9.0,5.0,False,3.7.0
2026-03-23 06:21:00-04:00,1774261260000,24655.25,True,False,1,0,VWAP_TRIPLE_BULL,8,8,9.0,9.0,5.0,False,3.7.0
2026-03-23 06:21:59-04:00,1774261319000,24667.5,True,False,1,1,VWAP_TRIPLE_BULL,8,7,9.0,9.0,5.0,False,3.7.0
2026-03-23 06:23:00-04:00,1774261380000,24684.5,True,False,-1,3,VWAP_TRIPLE_BULL,9,6,9.0,9.0,5.0,False,3.7.0
2026-03-23 06:24:00-04:00,1774261440000,24672.0,True,False,-1,1,VWAP_TRIPLE_BULL,7,6,9.0,9.0,5.0,False,3.7.0
2026-03-23 06:25:00-04:00,1774261500000,24661.75,True,False,-1,2,VWAP_TRIPLE_BULL,8,6,9.0,9.0,5.0,False,3.7.0
2026-03-23 06:25:59-04:00,1774261559000,24653.75,True,False,-1,2,VWAP_TRIPLE_BULL,8,6,9.0,9.0,5.0,False,3.7.0
2026-03-23 06:27:00-04:00,1774261620000,24636.5,True,False,-1,0,VWAP_TRIPLE_BULL,8,8,9.0,9.0,5.0,False,3.7.0
2026-03-23 06:28:00-04:00,1774261680000,24621.75,True,False,1,1,VWAP_TRIPLE_BULL,7,8,9.0,9.0,5.0,False,3.7.0
2026-03-23 06:28:59-04:00,1774261739000,24637.25,True,False,-1,0,VWAP_TRIPLE_BULL,8,8,9.0,9.0,5.0,False,3.7.0
2026-03-23 06:30:00-04:00,1774261800000,24613.5,True,False,1,1,VWAP_TRIPLE_BULL,9,8,9.0,9.0,5.0,False,3.7.0
2026-03-23 06:31:00-04:00,1774261860000,24624.75,True,False,1,1,VWAP_TRIPLE_BULL,8,7,9.0,9.0,5.0,False,3.7.0
2026-03-23 06:31:59-04:00,1774261919000,24636.25,True,False,1,1,VWAP_TRIPLE_BULL,7,8,9.0,9.0,5.0,False,3.7.0
2026-03-23 06:33:00-04:00,1774261980000,24654.25,True,False,-1,2,VWAP_TRIPLE_BULL,8,6,9.0,9.0,5.0,False,3.7.0
2026-03-23 06:34:00-04:00,1774262040000,24635.5,True,False,1,2,VWAP_TRIPLE_BULL,8,6,9.0,9.0,5.0,False,3.7.0
2026-03-23 06:34:59-04:00,1774262099000,24646.0,True,False,-1,1,VWAP_TRIPLE_BULL,8,7,9.0,9.0,5.0,False,3.7.0
2026-03-23 06:36:00-04:00,1774262160000,24609.0,True,False,1,0,BN_LONG_DN,7,7,9.0,9.0,5.0,False,3.7.0
2026-03-23 06:37:00-04:00,1774262220000,24613.5,True,False,1,0,VWAP_TRIPLE_BULL,8,8,9.0,9.0,5.0,False,3.7.0
2026-03-23 06:38:00-04:00,1774262280000,24627.0,True,False,-1,1,VWAP_TRIPLE_BULL,7,6,9.0,9.0,5.0,False,3.7.0
2026-03-23 06:38:59-04:00,1774262339000,24617.75,True,False,-1,0,VWAP_TRIPLE_BULL,8,8,9.0,9.0,5.0,False,3.7.0
2026-03-23 06:40:00-04:00,1774262400000,24610.0,True,False,1,1,BN_LONG_DN,7,6,9.0,9.0,5.0,False,3.7.0
2026-03-23 06:41:00-04:00,1774262460000,24606.5,True,False,1,2,BN_LONG_DN,6,8,9.0,9.0,5.0,False,3.7.0
2026-03-23 06:41:59-04:00,1774262519000,24620.75,True,False,-1,6,VWAP_TRIPLE_BULL,11,5,9.0,9.0,5.0,False,3.7.0
2026-03-23 06:43:00-04:00,1774262580000,24617.0,True,False,-1,3,VWAP_TRIPLE_BULL,9,6,9.0,9.0,5.0,False,3.7.0
2026-03-23 06:44:00-04:00,1774262640000,24603.0,True,False,1,2,BN_LONG_UP,8,6,9.0,9.0,5.0,False,3.7.0
2026-03-23 06:44:59-04:00,1774262699000,24603.0,True,False,1,2,BN_LONG_DN,6,8,9.0,9.0,5.0,False,3.7.0
2026-03-23 06:46:00-04:00,1774262760000,24611.0,True,False,1,2,CONFLUENCE_BUY,7,5,9.0,9.0,5.0,False,3.7.0
2026-03-23 06:47:00-04:00,1774262820000,24639.75,True,False,-1,2,VWAP_TRIPLE_BULL,8,6,9.0,9.0,5.0,False,3.7.0
2026-03-23 06:47:59-04:00,1774262879000,24627.25,True,False,-1,1,VWAP_TRIPLE_BULL,7,8,9.0,9.0,5.0,False,3.7.0
2026-03-23 06:49:00-04:00,1774262940000,24630.75,True,False,-1,3,VWAP_TRIPLE_BULL,8,5,9.0,9.0,5.0,False,3.7.0
2026-03-23 06:50:00-04:00,1774263000000,24598.5,True,False,1,2,BN_LONG_DN,7,9,9.0,9.0,5.0,False,3.7.0
2026-03-23 06:50:59-04:00,1774263059000,24601.75,True,False,1,1,BN_LONG_DN,7,8,9.0,9.0,5.0,False,3.7.0
2026-03-23 06:52:00-04:00,1774263120000,24618.25,True,False,-1,5,VWAP_TRIPLE_BULL,11,6,9.0,9.0,5.0,False,3.7.0
2026-03-23 06:53:00-04:00,1774263180000,24610.75,True,False,-1,1,BN_LONG_DN,7,6,9.0,9.0,5.0,False,3.7.0
2026-03-23 06:54:00-04:00,1774263240000,24604.5,True,False,-1,3,BN_LONG_DN,5,8,9.0,9.0,5.0,False,3.7.0
2026-03-23 06:54:59-04:00,1774263299000,24593.75,True,False,1,2,BN_LONG_DN,5,7,9.0,9.0,5.0,False,3.7.0
2026-03-23 06:56:00-04:00,1774263360000,24613.75,True,False,0,0,VWAP_TRIPLE_BULL,7,7,40.5,9.0,5.0,False,3.7.0
2026-03-23 06:57:00-04:00,1774263420000,24605.5,True,False,1,2,BN_LONG_DN,5,7,9.0,9.0,5.0,False,3.7.0
2026-03-23 06:57:59-04:00,1774263479000,24614.75,True,False,0,3,VWAP_TRIPLE_BULL,8,5,29.25,9.0,5.0,False,3.7.0
2026-03-23 06:59:00-04:00,1774263540000,24609.5,True,False,1,1,CONFLUENCE_SELL,5,6,9.0,9.0,5.0,False,3.7.0
2026-03-23 07:00:00-04:00,1774263600000,24621.25,True,False,1,5,VWAP_TRIPLE_BULL,10,5,9.0,9.0,5.0,False,3.7.0
2026-03-23 07:00:59-04:00,1774263659000,24646.75,True,False,1,5,VWAP_TRIPLE_BULL,11,6,9.0,9.0,5.0,False,3.7.0
2026-03-23 07:02:00-04:00,1774263720000,24676.0,True,False,-1,0,VWAP_TRIPLE_BULL,8,8,9.0,9.0,5.0,False,3.7.0
2026-03-23 07:03:00-04:00,1774263780000,24668.0,True,False,0,1,VWAP_TRIPLE_BULL,7,8,-14.0,9.0,5.0,False,3.7.0
2026-03-23 07:03:59-04:00,1774263839000,24673.0,True,False,-1,4,VWAP_TRIPLE_BULL,10,6,9.0,9.0,5.0,False,3.7.0
2026-03-23 07:05:00-04:00,1774263900000,24659.75,True,False,1,5,VWAP_TRIPLE_BULL,10,5,9.0,9.0,5.0,False,3.7.0
2026-03-23 07:06:00-04:00,1774263960000,24659.0,True,False,1,5,VWAP_TRIPLE_BULL,10,5,9.0,9.0,5.0,False,3.7.0
2026-03-23 07:06:59-04:00,1774264019000,24672.25,True,False,0,1,VWAP_TRIPLE_BULL,7,6,-65.75,9.0,5.0,False,3.7.0
2026-03-23 07:08:00-04:00,1774264080000,24668.25,True,False,1,3,VWAP_TRIPLE_BULL,9,6,9.0,9.0,5.0,False,3.7.0
2026-03-23 07:09:00-04:00,1774264140000,24675.25,True,False,-1,0,VWAP_TRIPLE_BULL,8,8,9.0,9.0,5.0,False,3.7.0
2026-03-23 07:10:00-04:00,1774264200000,24676.5,True,False,-1,2,VWAP_TRIPLE_BULL,8,6,9.0,9.0,5.0,False,3.7.0
2026-03-23 07:10:59-04:00,1774264259000,24678.75,True,False,-1,1,VWAP_TRIPLE_BULL,7,6,9.0,9.0,5.0,False,3.7.0
2026-03-23 07:12:00-04:00,1774264320000,24666.25,True,False,-1,3,VWAP_TRIPLE_BULL,9,6,9.0,9.0,5.0,False,3.7.0
2026-03-23 07:13:00-04:00,1774264380000,24664.0,True,False,-1,0,VWAP_TRIPLE_BULL,8,8,9.0,9.0,5.0,False,3.7.0
2026-03-23 07:13:59-04:00,1774264439000,24662.75,True,False,-1,5,VWAP_TRIPLE_BULL,10,5,9.0,9.0,5.0,False,3.7.0
2026-03-23 07:15:00-04:00,1774264500000,24665.5,True,False,-1,5,VWAP_TRIPLE_BULL,10,5,9.0,9.0,5.0,False,3.7.0
2026-03-23 07:16:00-04:00,1774264560000,24654.25,True,False,-1,0,VWAP_TRIPLE_BULL,8,8,9.0,9.0,5.0,False,3.7.0
2026-03-23 07:16:59-04:00,1774264619000,24650.0,True,False,-1,1,VWAP_TRIPLE_BULL,8,9,9.0,9.0,5.0,False,3.7.0
2026-03-23 07:18:00-04:00,1774264680000,24644.0,True,False,-1,1,VWAP_TRIPLE_BULL,7,8,9.0,9.0,5.0,False,3.7.0
2026-03-23 07:19:00-04:00,1774264740000,24637.5,True,False,-1,4,VWAP_TRIPLE_BULL,10,6,9.0,9.0,5.0,False,3.7.0
2026-03-23 07:19:59-04:00,1774264799000,24615.5,True,False,1,1,VWAP_TRIPLE_BULL,8,7,9.0,9.0,5.0,False,3.7.0
2026-03-23 07:21:00-04:00,1774264860000,24629.0,True,False,1,1,VWAP_TRIPLE_BULL,7,6,9.0,9.0,5.0,False,3.7.0
2026-03-23 07:22:00-04:00,1774264920000,24649.25,True,False,-1,2,VWAP_TRIPLE_BULL,8,6,9.0,9.0,5.0,False,3.7.0
2026-03-23 07:23:00-04:00,1774264980000,24654.0,True,False,-1,1,VWAP_TRIPLE_BULL,9,8,9.0,9.0,5.0,False,3.7.0
2026-03-23 07:23:59-04:00,1774265039000,24650.75,True,False,-1,1,VWAP_TRIPLE_BULL,8,7,9.0,9.0,5.0,False,3.7.0
2026-03-23 07:25:00-04:00,1774265100000,24645.25,True,False,-1,2,VWAP_TRIPLE_BULL,8,6,9.0,9.0,5.0,False,3.7.0
2026-03-23 07:26:00-04:00,1774265160000,24617.0,True,False,-1,3,VWAP_TRIPLE_BULL,9,6,9.0,9.0,5.0,False,3.7.0
2026-03-23 07:26:59-04:00,1774265219000,24606.5,True,False,1,1,CONFLUENCE_BUY,6,5,9.0,9.0,5.0,False,3.7.0
2026-03-23 07:28:00-04:00,1774265280000,24605.25,True,False,1,2,CONFLUENCE_BUY,6,4,9.0,9.0,5.0,False,3.7.0
2026-03-23 07:29:00-04:00,1774265340000,24612.25,True,False,1,0,BN_LONG_DN,6,6,9.0,9.0,5.0,False,3.7.0
2026-03-23 07:29:59-04:00,1774265399000,24619.5,True,False,0,0,VWAP_TRIPLE_BULL,6,6,-118.25,9.0,5.0,False,3.7.0
2026-03-23 07:31:00-04:00,1774265460000,24625.75,True,False,-1,0,VWAP_TRIPLE_BULL,7,7,9.0,9.0,5.0,False,3.7.0
2026-03-23 07:32:00-04:00,1774265520000,24622.0,True,False,-1,0,VWAP_TRIPLE_BULL,7,7,9.0,9.0,5.0,False,3.7.0
2026-03-23 07:32:59-04:00,1774265579000,24610.5,True,False,-1,2,BN_LONG_DN,5,7,9.0,9.0,5.0,False,3.7.0
2026-03-23 07:34:00-04:00,1774265640000,24604.25,True,False,-1,1,BN_LONG_DN,6,7,9.0,9.0,5.0,False,3.7.0
2026-03-23 07:35:00-04:00,1774265700000,24586.25,True,False,-1,1,BN_LONG_DN,6,7,9.0,9.0,5.0,False,3.7.0
2026-03-23 07:35:59-04:00,1774265759000,24563.5,True,False,-1,1,CONFLUENCE_BUY,6,5,9.0,9.0,5.0,False,3.7.0
2026-03-23 07:37:00-04:00,1774265820000,24556.25,True,False,-1,0,BN_LONG_DN,6,6,9.0,9.0,5.0,False,3.7.0
2026-03-23 07:38:00-04:00,1774265880000,24544.0,True,False,-1,3,BN_LONG_UP,8,5,9.0,9.0,5.0,False,3.7.0
2026-03-23 07:39:00-04:00,1774265940000,24540.0,True,False,-1,2,BN_LONG_DN,5,7,9.0,9.0,5.0,False,3.7.0
2026-03-23 07:39:59-04:00,1774265999000,24534.5,True,False,1,0,BN_LONG_DN,6,6,9.0,9.0,5.0,False,3.7.0
2026-03-23 07:41:00-04:00,1774266060000,24544.25,True,False,-1,6,RVOL_SPIKE_BUY,12,6,9.0,9.0,5.0,False,3.7.0
2026-03-23 07:42:00-04:00,1774266120000,24525.25,True,False,1,1,BN_LONG_DN,6,7,9.0,9.0,5.0,False,3.7.0
2026-03-23 07:42:59-04:00,1774266179000,24524.75,True,False,1,4,BN_LONG_UP,9,5,9.0,9.0,5.0,False,3.7.0
2026-03-23 07:44:00-04:00,1774266240000,24538.0,True,False,-1,1,CONFLUENCE_BUY,7,6,9.0,9.0,5.0,False,3.7.0
2026-03-23 07:45:00-04:00,1774266300000,24511.0,True,False,-1,1,CONFLUENCE_BUY,7,6,9.0,9.0,5.0,False,3.7.0
2026-03-23 07:45:59-04:00,1774266359000,24499.75,True,False,-1,2,BN_LONG_DN,7,9,9.0,9.0,5.0,False,3.7.0
2026-03-23 07:47:00-04:00,1774266420000,24500.25,True,False,-1,6,BN_LONG_UP,11,5,9.0,9.0,5.0,False,3.7.0
2026-03-23 07:48:00-04:00,1774266480000,24499.0,True,False,0,2,BN_LONG_DN,7,9,-46.25,9.0,5.0,False,3.7.0
2026-03-23 07:48:59-04:00,1774266539000,24504.25,True,False,-1,3,BN_LONG_UP,9,6,9.0,9.0,5.0,False,3.7.0
2026-03-23 07:50:00-04:00,1774266600000,24501.25,True,False,-1,1,BN_LONG_DN,8,7,9.0,9.0,5.0,False,3.7.0
2026-03-23 07:51:00-04:00,1774266660000,24497.75,True,False,-1,4,BN_LONG_UP,10,6,9.0,9.0,5.0,False,3.7.0
2026-03-23 07:51:59-04:00,1774266719000,24460.0,True,False,0,1,RVOL_SPIKE_SELL,9,10,-11.25,9.0,5.0,False,3.7.0
2026-03-23 07:53:00-04:00,1774266780000,24467.0,True,False,-1,1,BN_LONG_DN,8,7,9.0,9.0,5.0,False,3.7.0
2026-03-23 07:54:00-04:00,1774266840000,24440.25,True,False,-1,1,BN_LONG_DN,8,7,9.0,9.0,5.0,False,3.7.0
2026-03-23 07:55:00-04:00,1774266900000,24433.0,True,False,-1,3,CONFLUENCE_BUY,9,6,9.0,9.0,5.0,False,3.7.0
2026-03-23 07:55:59-04:00,1774266959000,24404.75,True,False,-1,5,BN_LONG_UP,10,5,9.0,9.0,5.0,False,3.7.0
2026-03-23 07:57:00-04:00,1774267020000,24405.5,True,False,-1,3,BN_LONG_UP,9,6,9.0,9.0,5.0,False,3.7.0
2026-03-23 07:58:00-04:00,1774267080000,24374.0,True,False,1,1,BN_LONG_DN,8,7,9.0,9.0,5.0,False,3.7.0
2026-03-23 07:58:59-04:00,1774267139000,24381.5,True,False,1,0,BN_LONG_DN,7,7,9.0,9.0,5.0,False,3.7.0
2026-03-23 08:00:00-04:00,1774267200000,24391.25,True,False,1,4,BN_LONG_UP,9,5,9.0,9.0,5.0,False,3.7.0
2026-03-23 08:01:00-04:00,1774267260000,24408.0,True,False,1,2,BN_LONG_DN,6,8,9.0,9.0,5.0,False,3.7.0
2026-03-23 08:01:59-04:00,1774267319000,24419.5,True,False,-1,1,BN_LONG_DN,7,8,9.0,9.0,5.0,False,3.7.0
2026-03-23 08:03:00-04:00,1774267380000,24394.0,True,False,1,4,BN_LONG_UP,9,5,9.0,9.0,5.0,False,3.7.0
2026-03-23 08:04:00-04:00,1774267440000,24394.5,True,False,1,2,BN_LONG_UP,8,6,9.0,9.0,5.0,False,3.7.0
2026-03-23 08:04:59-04:00,1774267499000,24403.75,True,False,1,3,BN_LONG_UP,9,6,9.0,9.0,5.0,False,3.7.0
2026-03-23 08:06:00-04:00,1774267560000,24411.0,True,False,1,0,BN_LONG_DN,7,7,9.0,9.0,5.0,False,3.7.0
2026-03-23 08:07:00-04:00,1774267620000,24428.75,True,False,1,1,CONFLUENCE_BUY,7,6,9.0,9.0,5.0,False,3.7.0
2026-03-23 08:08:00-04:00,1774267680000,24452.75,True,False,-1,0,NONE,7,7,9.0,9.0,5.0,False,3.7.0
2026-03-23 08:08:59-04:00,1774267739000,24436.75,True,False,1,1,BN_LONG_DN,7,8,9.0,9.0,5.0,False,3.7.0
2026-03-23 08:10:00-04:00,1774267800000,24434.0,True,False,1,1,CONFLUENCE_BUY,8,7,9.0,9.0,5.0,False,3.7.0
2026-03-23 08:11:00-04:00,1774267860000,24443.5,True,False,0,3,BN_LONG_UP,9,6,-94.25,9.0,5.0,False,3.7.0
2026-03-23 08:11:59-04:00,1774267919000,24448.75,True,False,-1,3,BN_LONG_UP,9,6,9.0,9.0,5.0,False,3.7.0
2026-03-23 08:13:00-04:00,1774267980000,24442.5,True,False,0,1,BN_LONG_DN,7,8,-92.5,9.0,5.0,False,3.7.0
2026-03-23 08:14:00-04:00,1774268040000,24448.75,True,False,-1,2,BN_LONG_UP,8,6,9.0,9.0,5.0,False,3.7.0
2026-03-23 08:14:59-04:00,1774268099000,24431.0,True,False,-1,0,BN_LONG_DN,8,8,9.0,9.0,5.0,False,3.7.0
2026-03-23 08:16:00-04:00,1774268160000,24429.5,True,False,-1,4,BN_LONG_UP,10,6,9.0,9.0,5.0,False,3.7.0
2026-03-23 08:17:00-04:00,1774268220000,24408.25,True,False,-1,1,BN_LONG_DN,7,8,9.0,9.0,5.0,False,3.7.0
2026-03-23 08:17:59-04:00,1774268279000,24411.75,True,False,-1,2,BN_LONG_UP,9,7,9.0,9.0,5.0,False,3.7.0
2026-03-23 08:19:00-04:00,1774268340000,24408.5,True,False,-1,3,BN_LONG_UP,10,7,9.0,9.0,5.0,False,3.7.0
2026-03-23 08:20:00-04:00,1774268400000,24392.0,True,False,1,3,BN_LONG_UP,9,6,9.0,9.0,5.0,False,3.7.0
2026-03-23 08:20:59-04:00,1774268459000,24403.5,True,False,-1,2,BN_LONG_UP,9,7,9.0,9.0,5.0,False,3.7.0
2026-03-23 08:22:00-04:00,1774268520000,24383.5,True,False,-1,2,BN_LONG_UP,9,7,9.0,9.0,5.0,False,3.7.0
2026-03-23 08:23:00-04:00,1774268580000,24379.0,True,False,0,2,CONFLUENCE_BUY,8,6,8.25,9.0,5.0,False,3.7.0
2026-03-23 08:24:00-04:00,1774268640000,24387.75,True,False,-1,2,BN_LONG_UP,9,7,9.0,9.0,5.0,False,3.7.0
2026-03-23 08:24:59-04:00,1774268699000,24362.25,True,False,-1,2,VWAP_TRIPLE_BEAR,7,9,9.0,9.0,5.0,False,3.7.0
2026-03-23 08:26:00-04:00,1774268760000,24353.0,True,False,0,3,VWAP_TRIPLE_BEAR,5,8,47.25,9.0,5.0,False,3.7.0
2026-03-23 08:27:00-04:00,1774268820000,24351.0,True,False,1,1,VWAP_TRIPLE_BEAR,8,7,9.0,9.0,5.0,False,3.7.0
2026-03-23 08:27:59-04:00,1774268879000,24361.0,True,False,-1,0,VWAP_TRIPLE_BEAR,8,8,9.0,9.0,5.0,False,3.7.0
2026-03-23 08:29:00-04:00,1774268940000,24317.5,True,False,1,3,VWAP_TRIPLE_BEAR,8,11,9.0,9.0,5.0,False,3.7.0
2026-03-23 08:30:00-04:00,1774269000000,24324.25,True,False,1,2,VWAP_TRIPLE_BEAR,6,8,9.0,9.0,5.0,False,3.7.0
2026-03-23 08:30:59-04:00,1774269059000,24349.25,True,False,1,1,VWAP_TRIPLE_BEAR,7,8,9.0,9.0,5.0,False,3.7.0
2026-03-23 08:32:00-04:00,1774269120000,24349.0,True,False,1,2,VWAP_TRIPLE_BEAR,8,10,9.0,9.0,5.0,False,3.7.0
2026-03-23 08:33:00-04:00,1774269180000,24350.0,True,False,1,2,VWAP_TRIPLE_BEAR,10,8,9.0,9.0,5.0,False,3.7.0
2026-03-23 08:33:59-04:00,1774269239000,24376.25,True,False,1,4,BN_LONG_UP,10,6,9.0,9.0,5.0,False,3.7.0
2026-03-23 08:35:00-04:00,1774269300000,24385.75,True,False,-1,1,CONFLUENCE_BUY,9,8,9.0,9.0,5.0,False,3.7.0
2026-03-23 08:36:00-04:00,1774269360000,24390.5,True,False,-1,3,BN_LONG_UP,10,7,9.0,9.0,5.0,False,3.7.0
2026-03-23 08:36:59-04:00,1774269419000,24390.5,True,False,-1,4,BN_LONG_UP,10,6,9.0,9.0,5.0,False,3.7.0
2026-03-23 08:38:00-04:00,1774269480000,24377.75,True,False,0,3,BN_LONG_UP,11,8,-6.5,9.0,5.0,False,3.7.0
2026-03-23 08:39:00-04:00,1774269540000,24372.25,True,False,1,2,CONFLUENCE_BUY,9,7,9.0,9.0,5.0,False,3.7.0
2026-03-23 08:40:00-04:00,1774269600000,24384.5,True,False,1,1,BN_LONG_DN,8,9,9.0,9.0,5.0,False,3.7.0
2026-03-23 08:40:59-04:00,1774269659000,24387.25,True,False,1,5,BN_LONG_UP,11,6,9.0,9.0,5.0,False,3.7.0
2026-03-23 08:42:00-04:00,1774269720000,24390.5,True,False,1,2,BN_LONG_DN,9,7,9.0,9.0,5.0,False,3.7.0
2026-03-23 08:43:00-04:00,1774269780000,24387.25,True,False,1,2,BN_LONG_DN,10,8,9.0,9.0,5.0,False,3.7.0
2026-03-23 08:43:59-04:00,1774269839000,24395.25,True,False,1,0,BN_LONG_DN,7,7,9.0,9.0,5.0,False,3.7.0
2026-03-23 08:45:00-04:00,1774269900000,24419.75,True,False,-1,0,BN_LONG_DN,8,8,9.0,9.0,5.0,False,3.7.0
2026-03-23 08:46:00-04:00,1774269960000,24400.25,True,False,0,0,BN_LONG_DN,8,8,-48.25,9.0,5.0,False,3.7.0
2026-03-23 08:46:59-04:00,1774270019000,24399.25,True,False,0,4,BN_LONG_UP,10,6,-28.5,9.0,5.0,False,3.7.0
2026-03-23 08:48:00-04:00,1774270080000,24403.75,True,False,-1,4,BN_LONG_UP,10,6,9.0,9.0,5.0,False,3.7.0
2026-03-23 08:49:00-04:00,1774270140000,24407.5,True,False,-1,3,BN_LONG_UP,9,6,9.0,9.0,5.0,False,3.7.0
2026-03-23 08:49:59-04:00,1774270199000,24405.25,True,False,-1,4,BN_LONG_UP,10,6,9.0,9.0,5.0,False,3.7.0
2026-03-23 08:51:00-04:00,1774270260000,24383.75,True,False,1,2,BN_LONG_DN,7,9,9.0,9.0,5.0,False,3.7.0
2026-03-23 08:52:00-04:00,1774270320000,24384.25,True,False,1,1,BN_LONG_DN,8,9,9.0,9.0,5.0,False,3.7.0
2026-03-23 08:53:00-04:00,1774270380000,24396.0,True,False,-1,3,CONFLUENCE_BUY,9,6,9.0,9.0,5.0,False,3.7.0
2026-03-23 08:53:59-04:00,1774270439000,24385.75,True,False,-1,0,BN_LONG_DN,8,8,9.0,9.0,5.0,False,3.7.0
2026-03-23 08:55:00-04:00,1774270500000,24381.25,True,False,-1,0,BN_LONG_DN,8,8,9.0,9.0,5.0,False,3.7.0
2026-03-23 08:56:00-04:00,1774270560000,24380.25,True,False,-1,6,BN_LONG_UP,11,5,9.0,9.0,5.0,False,3.7.0
2026-03-23 08:56:59-04:00,1774270619000,24362.0,True,False,1,2,VWAP_TRIPLE_BEAR,8,10,9.0,9.0,5.0,False,3.7.0
2026-03-23 08:58:00-04:00,1774270680000,24371.25,True,False,1,2,BN_LONG_DN,9,7,9.0,9.0,5.0,False,3.7.0
2026-03-23 08:59:00-04:00,1774270740000,24368.75,True,False,1,2,BN_LONG_DN,11,9,9.0,9.0,5.0,False,3.7.0
2026-03-23 08:59:59-04:00,1774270799000,24381.0,True,False,-1,5,BN_LONG_UP,10,5,9.0,9.0,5.0,False,3.7.0
2026-03-23 09:01:00-04:00,1774270860000,24379.75,True,False,-1,2,BN_LONG_DN,9,7,9.0,9.0,5.0,False,3.7.0
2026-03-23 09:02:00-04:00,1774270920000,24358.25,True,False,0,2,VWAP_TRIPLE_BEAR,8,10,-26.0,9.0,5.0,False,3.7.0
2026-03-23 09:02:59-04:00,1774270979000,24361.25,True,False,-1,0,VWAP_TRIPLE_BEAR,8,8,9.0,9.0,5.0,False,3.7.0
2026-03-23 09:04:00-04:00,1774271040000,24350.0,True,False,1,1,VWAP_TRIPLE_BEAR,8,9,9.0,9.0,5.0,False,3.7.0
2026-03-23 09:05:00-04:00,1774271100000,24352.0,True,False,1,1,VWAP_TRIPLE_BEAR,9,8,9.0,9.0,5.0,False,3.7.0
2026-03-23 09:05:59-04:00,1774271159000,24352.0,True,False,1,2,VWAP_TRIPLE_BEAR,10,8,9.0,9.0,5.0,False,3.7.0
2026-03-23 09:07:00-04:00,1774271220000,24370.75,True,False,1,4,BN_LONG_UP,9,5,9.0,9.0,5.0,False,3.7.0
2026-03-23 09:08:00-04:00,1774271280000,24374.75,True,False,1,3,BN_LONG_UP,9,6,9.0,9.0,5.0,False,3.7.0
2026-03-23 09:09:00-04:00,1774271340000,24386.75,True,False,-1,3,BN_LONG_UP,9,6,9.0,9.0,5.0,False,3.7.0
2026-03-23 09:09:59-04:00,1774271399000,24376.0,True,False,0,5,BN_LONG_UP,11,6,-6.75,9.0,5.0,False,3.7.0
2026-03-23 09:11:00-04:00,1774271460000,24382.25,True,False,-1,2,BN_LONG_UP,8,6,9.0,9.0,5.0,False,3.7.0
2026-03-23 09:12:00-04:00,1774271520000,24378.75,True,False,-1,2,BN_LONG_DN,8,6,9.0,9.0,5.0,False,3.7.0
2026-03-23 09:12:59-04:00,1774271579000,24382.5,True,False,-1,2,CONFLUENCE_BUY,8,6,9.0,9.0,5.0,False,3.7.0
2026-03-23 09:14:00-04:00,1774271640000,24355.5,True,False,-1,2,VWAP_TRIPLE_BEAR,8,10,9.0,9.0,5.0,False,3.7.0
2026-03-23 09:15:00-04:00,1774271700000,24355.75,True,False,-1,1,VWAP_TRIPLE_BEAR,8,9,9.0,9.0,5.0,False,3.7.0
2026-03-23 09:15:59-04:00,1774271759000,24346.0,True,False,1,2,VWAP_TRIPLE_BEAR,8,10,9.0,9.0,5.0,False,3.7.0
2026-03-23 09:17:00-04:00,1774271820000,24357.0,True,False,-1,3,VWAP_TRIPLE_BEAR,10,7,9.0,9.0,5.0,False,3.7.0
2026-03-23 09:18:00-04:00,1774271880000,24353.0,True,False,-1,2,VWAP_TRIPLE_BEAR,9,7,9.0,9.0,5.0,False,3.7.0
2026-03-23 09:18:59-04:00,1774271939000,24348.75,True,False,-1,2,VWAP_TRIPLE_BEAR,9,7,9.0,9.0,5.0,False,3.7.0
2026-03-23 09:20:00-04:00,1774272000000,24315.0,True,False,1,2,VWAP_TRIPLE_BEAR,7,9,9.0,9.0,5.0,False,3.7.0
2026-03-23 09:21:00-04:00,1774272060000,24325.5,True,False,1,2,VWAP_TRIPLE_BEAR,9,7,9.0,9.0,5.0,False,3.7.0
2026-03-23 09:21:59-04:00,1774272119000,24332.25,True,False,1,2,VWAP_TRIPLE_BEAR,6,8,9.0,9.0,5.0,False,3.7.0
2026-03-23 09:23:00-04:00,1774272180000,24337.0,True,False,0,0,VWAP_TRIPLE_BEAR,8,8,74.75,9.0,5.0,False,3.7.0
2026-03-23 09:24:00-04:00,1774272240000,24331.0,True,False,1,3,VWAP_TRIPLE_BEAR,7,10,9.0,9.0,5.0,False,3.7.0
2026-03-23 09:25:00-04:00,1774272300000,24355.5,True,False,1,2,VWAP_TRIPLE_BEAR,10,8,9.0,9.0,5.0,False,3.7.0
2026-03-23 09:25:59-04:00,1774272359000,24365.25,True,False,-1,1,VWAP_TRIPLE_BEAR,9,8,9.0,9.0,5.0,False,3.7.0
2026-03-23 09:27:00-04:00,1774272420000,24362.5,True,False,0,0,VWAP_TRIPLE_BEAR,7,7,38.75,9.0,5.0,False,3.7.0
2026-03-23 09:28:00-04:00,1774272480000,24355.0,True,False,1,3,VWAP_TRIPLE_BEAR,7,10,9.0,9.0,5.0,False,3.7.0
2026-03-23 09:28:59-04:00,1774272539000,24355.25,True,False,1,0,VWAP_TRIPLE_BEAR,8,8,9.0,9.0,5.0,False,3.7.0
2026-03-23 09:30:00-04:00,1774272600000,24369.25,True,False,1,6,BN_LONG_UP,12,6,9.0,9.0,5.0,False,3.7.0
2026-03-23 09:31:00-04:00,1774272660000,24380.5,True,False,-1,4,BN_LONG_UP,10,6,9.0,9.0,5.0,False,3.7.0
2026-03-23 09:31:59-04:00,1774272719000,24371.25,True,False,1,0,BN_LONG_DN,8,8,9.0,9.0,5.0,False,3.7.0
2026-03-23 09:33:00-04:00,1774272780000,24422.0,True,False,1,1,RVOL_SPIKE_BUY,10,9,9.0,9.0,5.0,False,3.7.0
2026-03-23 09:34:00-04:00,1774272840000,24423.25,True,False,1,1,CONFLUENCE_BUY,6,5,9.0,9.0,5.0,False,3.7.0
2026-03-23 09:34:59-04:00,1774272899000,24454.25,True,False,1,5,RVOL_SPIKE_BUY,12,7,9.0,9.0,5.0,False,3.7.0
2026-03-23 09:36:00-04:00,1774272960000,24465.0,True,False,-1,2,BN_LONG_UP,8,6,9.0,9.0,5.0,False,3.7.0
2026-03-23 09:37:00-04:00,1774273020000,24459.0,True,False,-1,2,BN_LONG_DN,6,8,9.0,9.0,5.0,False,3.7.0
2026-03-23 09:38:00-04:00,1774273080000,24446.0,True,False,-1,3,CONFLUENCE_BUY,9,6,9.0,9.0,5.0,False,3.7.0
2026-03-23 09:38:59-04:00,1774273139000,24450.0,True,False,-1,4,BN_LONG_UP,10,6,9.0,9.0,5.0,False,3.7.0
2026-03-23 09:40:00-04:00,1774273200000,24447.0,True,False,-1,0,BN_LONG_DN,7,7,9.0,9.0,5.0,False,3.7.0
2026-03-23 09:41:00-04:00,1774273260000,24431.0,True,False,-1,1,CONFLUENCE_BUY,7,6,9.0,9.0,5.0,False,3.7.0
2026-03-23 09:41:59-04:00,1774273319000,24430.0,True,False,-1,0,BN_LONG_DN,7,7,9.0,9.0,5.0,False,3.7.0
2026-03-23 09:43:00-04:00,1774273380000,24411.75,True,False,-1,0,BN_LONG_DN,8,8,9.0,9.0,5.0,False,3.7.0
2026-03-23 09:44:00-04:00,1774273440000,24414.5,True,False,-1,4,BN_LONG_UP,10,6,9.0,9.0,5.0,False,3.7.0
2026-03-23 09:44:59-04:00,1774273499000,24408.25,True,False,0,6,BN_LONG_UP,11,5,71.5,9.0,5.0,False,3.7.0
2026-03-23 09:46:00-04:00,1774273560000,24405.0,True,False,1,2,BN_LONG_DN,10,8,9.0,9.0,5.0,False,3.7.0
2026-03-23 09:47:00-04:00,1774273620000,24401.25,True,False,1,6,BN_LONG_UP,11,5,9.0,9.0,5.0,False,3.7.0
2026-03-23 09:47:59-04:00,1774273679000,24410.25,True,False,1,4,BN_LONG_DN,10,6,9.0,9.0,5.0,False,3.7.0
2026-03-23 09:49:00-04:00,1774273740000,24411.5,True,False,1,4,BN_LONG_UP,9,5,9.0,9.0,5.0,False,3.7.0
2026-03-23 09:50:00-04:00,1774273800000,24423.5,True,False,1,0,BN_LONG_DN,8,8,9.0,9.0,5.0,False,3.7.0
2026-03-23 09:50:59-04:00,1774273859000,24426.5,True,False,1,0,BN_LONG_DN,8,8,9.0,9.0,5.0,False,3.7.0
2026-03-23 09:52:00-04:00,1774273920000,24426.75,True,False,1,1,BN_LONG_DN,9,8,9.0,9.0,5.0,False,3.7.0
2026-03-23 09:53:00-04:00,1774273980000,24434.25,True,False,1,4,BN_LONG_UP,10,6,9.0,9.0,5.0,False,3.7.0
2026-03-23 09:54:00-04:00,1774274040000,24440.5,True,False,1,0,BN_LONG_DN,8,8,9.0,9.0,5.0,False,3.7.0
2026-03-23 09:54:59-04:00,1774274099000,24446.5,True,False,1,0,BN_LONG_DN,8,8,9.0,9.0,5.0,False,3.7.0
2026-03-23 09:56:00-04:00,1774274160000,24454.75,True,False,1,6,BN_LONG_UP,11,5,9.0,9.0,5.0,False,3.7.0
2026-03-23 09:57:00-04:00,1774274220000,24454.75,True,False,1,1,BN_LONG_DN,8,7,9.0,9.0,5.0,False,3.7.0
2026-03-23 09:57:59-04:00,1774274279000,24465.75,True,False,1,4,CONFLUENCE_BUY,9,5,9.0,9.0,5.0,False,3.7.0
2026-03-23 09:59:00-04:00,1774274340000,24468.25,True,False,1,1,BN_LONG_DN,7,8,9.0,9.0,5.0,False,3.7.0
2026-03-23 10:00:00-04:00,1774274400000,24464.0,True,False,1,4,BN_LONG_UP,10,6,9.0,9.0,5.0,False,3.7.0
2026-03-23 10:00:59-04:00,1774274459000,24464.5,True,False,1,5,BN_LONG_UP,11,6,9.0,9.0,5.0,False,3.7.0
2026-03-23 10:02:00-04:00,1774274520000,24466.5,True,False,1,4,CONFLUENCE_BUY,9,5,9.0,9.0,5.0,False,3.7.0
2026-03-23 10:03:00-04:00,1774274580000,24476.75,True,False,-1,4,BN_LONG_DN,10,6,9.0,9.0,5.0,False,3.7.0
2026-03-23 10:03:59-04:00,1774274639000,24481.25,True,False,-1,5,BN_LONG_UP,10,5,9.0,9.0,5.0,False,3.7.0
2026-03-23 10:05:00-04:00,1774274700000,24479.75,True,False,-1,5,BN_LONG_UP,11,6,9.0,9.0,5.0,False,3.7.0
2026-03-23 10:06:00-04:00,1774274760000,24470.75,True,False,-1,5,BN_LONG_UP,12,7,9.0,9.0,5.0,False,3.7.0
2026-03-23 10:06:59-04:00,1774274819000,24424.25,True,False,1,2,RVOL_SPIKE_SELL,9,11,9.0,9.0,5.0,False,3.7.0
2026-03-23 10:08:00-04:00,1774274880000,24450.0,True,False,1,5,BN_LONG_UP,11,6,9.0,9.0,5.0,False,3.7.0
2026-03-23 10:09:00-04:00,1774274940000,24448.75,True,False,1,4,CONFLUENCE_BUY,9,5,9.0,9.0,5.0,False,3.7.0
2026-03-23 10:10:00-04:00,1774275000000,24461.75,True,False,1,1,BN_LONG_DN,9,8,9.0,9.0,5.0,False,3.7.0
2026-03-23 10:10:59-04:00,1774275059000,24473.25,True,False,-1,2,BN_LONG_UP,9,7,9.0,9.0,5.0,False,3.7.0
2026-03-23 10:12:00-04:00,1774275120000,24459.5,True,False,0,0,BN_LONG_DN,8,8,8.0,9.0,5.0,False,3.7.0
2026-03-23 10:13:00-04:00,1774275180000,24465.75,True,False,-1,2,BN_LONG_DN,10,8,9.0,9.0,5.0,False,3.7.0
2026-03-23 10:13:59-04:00,1774275239000,24456.5,True,False,0,1,BN_LONG_DN,8,7,53.25,9.0,5.0,False,3.7.0
2026-03-23 10:15:00-04:00,1774275300000,24461.5,True,False,-1,1,BN_LONG_DN,9,8,9.0,9.0,5.0,False,3.7.0
2026-03-23 10:16:00-04:00,1774275360000,24438.5,True,False,1,2,BN_LONG_UP,9,7,9.0,9.0,5.0,False,3.7.0
2026-03-23 10:16:59-04:00,1774275419000,24443.5,True,False,1,0,NONE,7,7,9.0,9.0,5.0,False,3.7.0
2026-03-23 10:18:00-04:00,1774275480000,24455.0,True,False,-1,1,BN_LONG_DN,8,7,9.0,9.0,5.0,False,3.7.0
2026-03-23 10:19:00-04:00,1774275540000,24449.5,True,False,0,3,BN_LONG_UP,9,6,58.5,9.0,5.0,False,3.7.0
2026-03-23 10:19:59-04:00,1774275599000,24450.25,True,False,0,1,BN_LONG_DN,8,9,57.25,9.0,5.0,False,3.7.0
2026-03-23 10:21:00-04:00,1774275660000,24457.75,True,False,-1,1,CONFLUENCE_SELL,7,8,9.0,9.0,5.0,False,3.7.0
2026-03-23 10:22:00-04:00,1774275720000,24443.75,True,False,1,2,BN_LONG_DN,8,10,9.0,9.0,5.0,False,3.7.0
2026-03-23 10:23:00-04:00,1774275780000,24448.75,True,False,1,1,BN_LONG_UP,9,8,9.0,9.0,5.0,False,3.7.0
2026-03-23 10:23:59-04:00,1774275839000,24453.25,True,False,0,2,BN_LONG_DN,9,7,52.25,9.0,5.0,False,3.7.0
2026-03-23 10:25:00-04:00,1774275900000,24457.5,True,False,-1,0,NONE,8,8,9.0,9.0,5.0,False,3.7.0
2026-03-23 10:26:00-04:00,1774275960000,24459.5,True,False,-1,5,BN_LONG_UP,11,6,9.0,9.0,5.0,False,3.7.0
2026-03-23 10:26:59-04:00,1774276019000,24453.75,True,False,0,1,BN_LONG_DN,8,7,65.75,9.0,5.0,False,3.7.0
2026-03-23 10:28:00-04:00,1774276080000,24451.25,True,False,1,3,BN_LONG_DN,7,10,9.0,9.0,5.0,False,3.7.0
2026-03-23 10:29:00-04:00,1774276140000,24446.5,True,False,1,2,BN_LONG_DN,7,9,9.0,9.0,5.0,False,3.7.0
2026-03-23 10:29:59-04:00,1774276199000,24465.25,True,False,1,5,RVOL_SPIKE_BUY,14,9,9.0,9.0,5.0,False,3.7.0
2026-03-23 10:31:00-04:00,1774276260000,24468.25,True,False,1,1,BN_LONG_DN,9,10,9.0,9.0,5.0,False,3.7.0
2026-03-23 10:32:00-04:00,1774276320000,24467.5,True,False,1,0,BN_LONG_DN,10,10,9.0,9.0,5.0,False,3.7.0
2026-03-23 10:32:59-04:00,1774276379000,24493.5,True,False,1,4,RVOL_SPIKE_BUY,13,9,9.0,9.0,5.0,False,3.7.0
2026-03-23 10:34:00-04:00,1774276440000,24509.75,True,False,1,5,BN_LONG_UP,12,7,9.0,9.0,5.0,False,3.7.0
2026-03-23 10:35:00-04:00,1774276500000,24514.5,True,False,1,5,BN_LONG_UP,12,7,9.0,9.0,5.0,False,3.7.0
2026-03-23 10:35:59-04:00,1774276559000,24525.0,True,False,-1,4,BN_LONG_UP,11,7,9.0,9.0,5.0,False,3.7.0
2026-03-23 10:37:00-04:00,1774276620000,24528.0,True,False,-1,2,BN_LONG_DN,8,10,9.0,9.0,5.0,False,3.7.0
2026-03-23 10:38:00-04:00,1774276680000,24525.5,True,False,-1,1,BN_LONG_DN,9,10,9.0,9.0,5.0,False,3.7.0
2026-03-23 10:39:00-04:00,1774276740000,24508.0,True,False,-1,1,RVOL_SPIKE_SELL,11,12,9.0,9.0,5.0,False,3.7.0
2026-03-23 10:39:59-04:00,1774276799000,24507.5,True,False,-1,4,BN_LONG_UP,12,8,9.0,9.0,5.0,False,3.7.0
2026-03-23 10:41:00-04:00,1774276860000,24497.75,True,False,1,2,BN_LONG_DN,9,11,9.0,9.0,5.0,False,3.7.0
2026-03-23 10:42:00-04:00,1774276920000,24505.75,True,False,1,1,BN_LONG_DN,11,10,9.0,9.0,5.0,False,3.7.0
2026-03-23 10:42:59-04:00,1774276979000,24510.75,True,False,0,3,BN_LONG_UP,11,8,-15.25,9.0,5.0,False,3.7.0
2026-03-23 10:44:00-04:00,1774277040000,24505.5,True,False,1,4,BN_LONG_UP,12,8,9.0,9.0,5.0,False,3.7.0
2026-03-23 10:45:00-04:00,1774277100000,24512.5,True,False,1,1,BN_LONG_DN,10,9,9.0,9.0,5.0,False,3.7.0
2026-03-23 10:45:59-04:00,1774277159000,24519.25,True,False,-1,5,BN_LONG_UP,12,7,9.0,9.0,5.0,False,3.7.0
2026-03-23 10:47:00-04:00,1774277220000,24519.5,True,False,-1,3,BN_LONG_UP,10,7,9.0,9.0,5.0,False,3.7.0
2026-03-23 10:48:00-04:00,1774277280000,24514.5,True,False,0,0,BN_LONG_DN,9,9,-7.0,9.0,5.0,False,3.7.0
2026-03-23 10:48:59-04:00,1774277339000,24522.25,True,False,-1,3,BN_LONG_UP,11,8,9.0,9.0,5.0,False,3.7.0
2026-03-23 10:50:00-04:00,1774277400000,24508.0,True,False,1,0,NONE,9,9,9.0,9.0,5.0,False,3.7.0
2026-03-23 10:51:00-04:00,1774277460000,24517.75,True,False,-1,2,BN_LONG_DN,8,10,9.0,9.0,5.0,False,3.7.0
2026-03-23 10:51:59-04:00,1774277519000,24507.25,True,False,1,1,BN_LONG_DN,9,10,9.0,9.0,5.0,False,3.7.0
2026-03-23 10:53:00-04:00,1774277580000,24510.0,True,False,1,1,BN_LONG_DN,9,10,9.0,9.0,5.0,False,3.7.0
2026-03-23 10:54:00-04:00,1774277640000,24511.0,True,False,1,3,BN_LONG_UP,10,7,9.0,9.0,5.0,False,3.7.0
2026-03-23 10:55:00-04:00,1774277700000,24510.5,True,False,1,0,BN_LONG_DN,9,9,9.0,9.0,5.0,False,3.7.0
2026-03-23 10:55:59-04:00,1774277759000,24508.25,True,False,1,0,BN_LONG_DN,9,9,9.0,9.0,5.0,False,3.7.0
2026-03-23 10:57:00-04:00,1774277820000,24509.5,True,False,1,1,BN_LONG_DN,10,9,9.0,9.0,5.0,False,3.7.0
2026-03-23 10:58:00-04:00,1774277880000,24520.25,True,False,-1,2,CONFLUENCE_BUY,10,8,9.0,9.0,5.0,False,3.7.0
2026-03-23 10:58:59-04:00,1774277939000,24514.0,True,False,-1,2,CONFLUENCE_BUY,10,8,9.0,9.0,5.0,False,3.7.0
2026-03-23 11:00:00-04:00,1774278000000,24499.25,True,False,1,2,CONFLUENCE_BUY,11,9,9.0,9.0,5.0,False,3.7.0
2026-03-23 11:01:00-04:00,1774278060000,24501.5,True,False,0,0,BN_LONG_DN,10,10,-24.25,9.0,5.0,False,3.7.0
2026-03-23 11:01:59-04:00,1774278119000,24506.25,True,False,-1,2,BN_LONG_UP,10,8,9.0,9.0,5.0,False,3.7.0
2026-03-23 11:03:00-04:00,1774278180000,24495.5,True,False,1,0,BN_LONG_DN,10,10,9.0,9.0,5.0,False,3.7.0
2026-03-23 11:04:00-04:00,1774278240000,24499.25,True,False,1,2,CONFLUENCE_BUY,11,9,9.0,9.0,5.0,False,3.7.0
2026-03-23 11:04:59-04:00,1774278299000,24500.5,True,False,1,0,BN_LONG_DN,11,11,9.0,9.0,5.0,False,3.7.0
2026-03-23 11:06:00-04:00,1774278360000,24502.75,True,False,1,1,BN_LONG_DN,10,9,9.0,9.0,5.0,False,3.7.0
2026-03-23 11:07:00-04:00,1774278420000,24504.75,True,False,0,4,BN_LONG_UP,12,8,-32.75,9.0,5.0,False,3.7.0
2026-03-23 11:08:00-04:00,1774278480000,24507.5,True,False,-1,2,BN_LONG_DN,8,10,9.0,9.0,5.0,False,3.7.0
2026-03-23 11:08:59-04:00,1774278539000,24511.75,True,False,-1,2,CONFLUENCE_BUY,9,7,9.0,9.0,5.0,False,3.7.0
2026-03-23 11:10:00-04:00,1774278600000,24500.0,True,False,-1,2,BN_LONG_DN,10,12,9.0,9.0,5.0,False,3.7.0
2026-03-23 11:11:00-04:00,1774278660000,24502.0,True,False,-1,5,BN_LONG_UP,13,8,9.0,9.0,5.0,False,3.7.0
2026-03-23 11:11:59-04:00,1774278719000,24500.5,True,False,-1,2,BN_LONG_DN,10,12,9.0,9.0,5.0,False,3.7.0
2026-03-23 11:13:00-04:00,1774278780000,24496.5,True,False,-1,2,CONFLUENCE_SELL,8,10,9.0,9.0,5.0,False,3.7.0
2026-03-23 11:14:00-04:00,1774278840000,24494.25,True,False,-1,2,BN_LONG_DN,8,10,9.0,9.0,5.0,False,3.7.0
2026-03-23 11:14:59-04:00,1774278899000,24488.0,True,False,-1,2,BN_LONG_DN,8,10,9.0,9.0,5.0,False,3.7.0
2026-03-23 11:16:00-04:00,1774278960000,24472.0,True,False,1,1,CONFLUENCE_BUY,9,8,9.0,9.0,5.0,False,3.7.0
2026-03-23 11:17:00-04:00,1774279020000,24476.0,True,False,0,2,BN_LONG_UP,11,9,-3.5,9.0,5.0,False,3.7.0
2026-03-23 11:17:59-04:00,1774279079000,24476.0,True,False,0,1,BN_LONG_UP,11,10,12.0,9.0,5.0,False,3.7.0
2026-03-23 11:19:00-04:00,1774279140000,24483.75,True,False,-1,0,NONE,9,9,9.0,9.0,5.0,False,3.7.0
2026-03-23 11:20:00-04:00,1774279200000,24480.25,True,False,-1,3,BN_LONG_UP,11,8,9.0,9.0,5.0,False,3.7.0
2026-03-23 11:20:59-04:00,1774279259000,24477.25,True,False,0,1,CONFLUENCE_SELL,8,9,2.25,9.0,5.0,False,3.7.0
2026-03-23 11:22:00-04:00,1774279320000,24472.75,True,False,1,2,BN_LONG_DN,9,11,9.0,9.0,5.0,False,3.7.0
2026-03-23 11:23:00-04:00,1774279380000,24474.25,True,False,1,2,BN_LONG_UP,10,8,9.0,9.0,5.0,False,3.7.0
2026-03-23 11:24:00-04:00,1774279440000,24476.25,True,False,0,0,BN_LONG_UP,9,9,19.25,9.0,5.0,False,3.7.0
2026-03-23 11:24:59-04:00,1774279499000,24476.0,True,False,0,3,CONFLUENCE_SELL,8,11,26.0,9.0,5.0,False,3.7.0
2026-03-23 11:26:00-04:00,1774279560000,24470.0,True,False,1,2,BN_LONG_UP,11,9,9.0,9.0,5.0,False,3.7.0
2026-03-23 11:27:00-04:00,1774279620000,24472.0,True,False,1,2,BN_LONG_DN,8,10,9.0,9.0,5.0,False,3.7.0
2026-03-23 11:27:59-04:00,1774279679000,24482.0,True,False,-1,0,BN_LONG_UP,9,9,9.0,9.0,5.0,False,3.7.0
2026-03-23 11:29:00-04:00,1774279740000,24474.25,True,False,1,2,BN_LONG_DN,9,11,9.0,9.0,5.0,False,3.7.0
2026-03-23 11:30:00-04:00,1774279800000,24477.0,True,False,0,2,BN_LONG_DN,8,10,-8.25,9.0,5.0,False,3.7.0
2026-03-23 11:30:59-04:00,1774279859000,24471.0,True,False,1,4,BN_LONG_DN,8,12,9.0,9.0,5.0,False,3.7.0
2026-03-23 11:32:00-04:00,1774279920000,24475.0,True,False,1,0,BN_LONG_UP,9,9,9.0,9.0,5.0,False,3.7.0
2026-03-23 11:33:00-04:00,1774279980000,24478.0,True,False,0,1,BN_LONG_UP,10,9,-16.25,9.0,5.0,False,3.7.0
2026-03-23 11:33:59-04:00,1774280039000,24474.25,True,False,1,1,CONFLUENCE_BUY,10,9,9.0,9.0,5.0,False,3.7.0
2026-03-23 11:35:00-04:00,1774280100000,24471.0,True,False,1,1,BN_LONG_UP,10,11,9.0,9.0,5.0,False,3.7.0
2026-03-23 11:36:00-04:00,1774280160000,24473.0,True,False,1,0,NONE,9,9,9.0,9.0,5.0,False,3.7.0
2026-03-23 11:36:59-04:00,1774280219000,24472.5,True,False,1,1,CONFLUENCE_BUY,9,8,9.0,9.0,5.0,False,3.7.0
2026-03-23 11:38:00-04:00,1774280280000,24488.0,True,False,-1,3,CONFLUENCE_SELL,7,10,9.0,9.0,5.0,False,3.7.0
2026-03-23 11:39:00-04:00,1774280340000,24483.0,True,False,1,4,BN_LONG_DN,7,11,9.0,9.0,5.0,False,3.7.0
2026-03-23 11:40:00-04:00,1774280400000,24486.0,True,False,0,2,BN_LONG_DN,8,10,-104.5,9.0,5.0,False,3.7.0
2026-03-23 11:40:59-04:00,1774280459000,24479.5,True,False,1,2,BN_LONG_UP,10,8,9.0,9.0,5.0,False,3.7.0
2026-03-23 11:42:00-04:00,1774280520000,24478.75,True,False,1,1,BN_LONG_UP,10,9,9.0,9.0,5.0,False,3.7.0
2026-03-23 11:43:00-04:00,1774280580000,24481.0,True,False,1,1,BN_LONG_UP,9,8,9.0,9.0,5.0,False,3.7.0
2026-03-23 11:43:59-04:00,1774280639000,24495.5,True,False,1,0,NONE,9,9,9.0,9.0,5.0,False,3.7.0
2026-03-23 11:45:00-04:00,1774280700000,24502.0,True,False,0,6,BN_LONG_UP,14,8,-126.0,9.0,5.0,False,3.7.0
2026-03-23 11:46:00-04:00,1774280760000,24510.5,True,False,-1,2,BN_LONG_UP,10,8,9.0,9.0,5.0,False,3.7.0
2026-03-23 11:46:59-04:00,1774280819000,24497.25,True,False,-1,3,BN_LONG_UP,12,9,9.0,9.0,5.0,False,3.7.0
2026-03-23 11:48:00-04:00,1774280880000,24489.75,True,False,-1,3,BN_LONG_DN,8,11,9.0,9.0,5.0,False,3.7.0
2026-03-23 11:49:00-04:00,1774280940000,24490.75,True,False,-1,3,BN_LONG_DN,8,11,9.0,9.0,5.0,False,3.7.0
2026-03-23 11:49:59-04:00,1774280999000,24468.75,True,False,-1,3,RVOL_SPIKE_SELL,10,13,9.0,9.0,5.0,False,3.7.0
2026-03-23 11:51:00-04:00,1774281060000,24456.75,True,False,0,3,BN_LONG_UP,11,8,-58.5,9.0,5.0,False,3.7.0
2026-03-23 11:52:00-04:00,1774281120000,24462.5,True,False,-1,1,CONFLUENCE_BUY,9,8,9.0,9.0,5.0,False,3.7.0
2026-03-23 11:53:00-04:00,1774281180000,24461.75,True,False,-1,2,BN_LONG_UP,10,8,9.0,9.0,5.0,False,3.7.0
2026-03-23 11:53:59-04:00,1774281239000,24447.75,True,False,-1,3,BN_LONG_DN,8,11,9.0,9.0,5.0,False,3.7.0
2026-03-23 11:55:00-04:00,1774281300000,24435.25,True,False,-1,1,BN_LONG_DN,9,10,9.0,9.0,5.0,False,3.7.0
2026-03-23 11:56:00-04:00,1774281360000,24424.5,True,False,-1,2,BN_LONG_DN,9,11,9.0,9.0,5.0,False,3.7.0
2026-03-23 11:56:59-04:00,1774281419000,24419.5,True,False,-1,0,NONE,9,9,9.0,9.0,5.0,False,3.7.0
2026-03-23 11:58:00-04:00,1774281480000,24409.0,True,False,-1,0,RVOL_SPIKE_SELL,11,11,9.0,9.0,5.0,False,3.7.0
2026-03-23 11:59:00-04:00,1774281540000,24398.75,True,False,-1,3,BN_LONG_UP,12,9,9.0,9.0,5.0,False,3.7.0
2026-03-23 11:59:59-04:00,1774281599000,24381.5,True,False,-1,1,VWAP_TRIPLE_BEAR,9,10,9.0,9.0,5.0,False,3.7.0
2026-03-23 12:01:00-04:00,1774281660000,24367.75,True,False,1,1,VWAP_TRIPLE_BEAR,10,11,9.0,9.0,5.0,False,3.7.0
2026-03-23 12:02:00-04:00,1774281720000,24373.0,True,False,0,2,VWAP_TRIPLE_BEAR,10,12,40.0,9.0,5.0,False,3.7.0
2026-03-23 12:02:59-04:00,1774281779000,24378.25,True,False,-1,1,VWAP_TRIPLE_BEAR,11,10,9.0,9.0,5.0,False,3.7.0
2026-03-23 12:04:00-04:00,1774281840000,24367.25,True,False,1,1,VWAP_TRIPLE_BEAR,9,10,9.0,9.0,5.0,False,3.7.0
2026-03-23 12:05:00-04:00,1774281900000,24376.0,True,False,1,1,VWAP_TRIPLE_BEAR,9,10,9.0,9.0,5.0,False,3.7.0
2026-03-23 12:05:59-04:00,1774281959000,24382.75,True,False,1,1,VWAP_TRIPLE_BEAR,10,11,9.0,9.0,5.0,False,3.7.0
2026-03-23 12:07:00-04:00,1774282020000,24389.0,True,False,1,0,NONE,9,9,9.0,9.0,5.0,False,3.7.0
2026-03-23 12:08:00-04:00,1774282080000,24394.5,True,False,1,1,CONFLUENCE_SELL,8,9,9.0,9.0,5.0,False,3.7.0
2026-03-23 12:09:00-04:00,1774282140000,24405.25,True,False,0,1,CONFLUENCE_SELL,9,10,6.0,9.0,5.0,False,3.7.0
2026-03-23 12:09:59-04:00,1774282199000,24408.75,True,False,-1,2,CONFLUENCE_SELL,8,10,9.0,9.0,5.0,False,3.7.0
2026-03-23 12:11:00-04:00,1774282260000,24398.25,True,False,1,3,BN_LONG_DN,9,12,9.0,9.0,5.0,False,3.7.0
2026-03-23 12:12:00-04:00,1774282320000,24404.25,True,False,1,3,BN_LONG_UP,11,8,9.0,9.0,5.0,False,3.7.0
2026-03-23 12:12:59-04:00,1774282379000,24406.75,True,False,1,1,CONFLUENCE_BUY,10,9,9.0,9.0,5.0,False,3.7.0
2026-03-23 12:14:00-04:00,1774282440000,24412.5,True,False,1,1,CONFLUENCE_BUY,9,8,9.0,9.0,5.0,False,3.7.0
2026-03-23 12:15:00-04:00,1774282500000,24422.0,True,False,-1,2,BN_LONG_UP,10,8,9.0,9.0,5.0,False,3.7.0
2026-03-23 12:15:59-04:00,1774282559000,24418.0,True,False,-1,1,CONFLUENCE_SELL,8,9,9.0,9.0,5.0,False,3.7.0
2026-03-23 12:17:00-04:00,1774282620000,24411.0,True,False,-1,3,BN_LONG_DN,8,11,9.0,9.0,5.0,False,3.7.0
2026-03-23 12:18:00-04:00,1774282680000,24408.5,True,False,0,1,BN_LONG_DN,8,9,19.5,9.0,5.0,False,3.7.0
2026-03-23 12:18:59-04:00,1774282739000,24399.75,True,False,1,0,BN_LONG_DN,10,10,9.0,9.0,5.0,False,3.7.0
2026-03-23 12:20:00-04:00,1774282800000,24405.5,True,False,1,1,BN_LONG_UP,10,9,9.0,9.0,5.0,False,3.7.0
2026-03-23 12:21:00-04:00,1774282860000,24415.75,True,False,-1,0,BN_LONG_UP,8,8,9.0,9.0,5.0,False,3.7.0
2026-03-23 12:21:59-04:00,1774282919000,24413.0,True,False,-1,4,BN_LONG_DN,7,11,9.0,9.0,5.0,False,3.7.0
2026-03-23 12:23:00-04:00,1774282980000,24415.0,True,False,-1,0,BN_LONG_UP,8,8,9.0,9.0,5.0,False,3.7.0
2026-03-23 12:24:00-04:00,1774283040000,24415.0,True,False,-1,1,CONFLUENCE_SELL,7,8,9.0,9.0,5.0,False,3.7.0
2026-03-23 12:25:00-04:00,1774283100000,24417.5,True,False,-1,3,CONFLUENCE_BUY,10,7,9.0,9.0,5.0,False,3.7.0
2026-03-23 12:25:59-04:00,1774283159000,24413.0,True,False,-1,3,BN_LONG_UP,10,7,9.0,9.0,5.0,False,3.7.0
2026-03-23 12:27:00-04:00,1774283220000,24413.5,True,False,-1,2,CONFLUENCE_BUY,9,7,9.0,9.0,5.0,False,3.7.0
2026-03-23 12:28:00-04:00,1774283280000,24413.0,True,False,-1,0,BN_LONG_UP,10,10,9.0,9.0,5.0,False,3.7.0
2026-03-23 12:28:59-04:00,1774283339000,24411.25,True,False,-1,0,NONE,8,8,9.0,9.0,5.0,False,3.7.0
2026-03-23 12:30:00-04:00,1774283400000,24408.25,True,False,0,1,CONFLUENCE_SELL,8,9,9.0,9.0,5.0,False,3.7.0
2026-03-23 12:31:00-04:00,1774283460000,24404.5,True,False,1,3,CONFLUENCE_BUY,10,7,9.0,9.0,5.0,False,3.7.0
2026-03-23 12:31:59-04:00,1774283519000,24402.0,True,False,1,2,CONFLUENCE_BUY,9,7,9.0,9.0,5.0,False,3.7.0
2026-03-23 12:33:00-04:00,1774283580000,24403.5,True,False,1,1,CONFLUENCE_BUY,9,8,9.0,9.0,5.0,False,3.7.0
2026-03-23 12:34:00-04:00,1774283640000,24408.0,True,False,1,0,NONE,8,8,9.0,9.0,5.0,False,3.7.0
2026-03-23 12:34:59-04:00,1774283699000,24413.25,True,False,1,3,BN_LONG_UP,10,7,9.0,9.0,5.0,False,3.7.0
2026-03-23 12:36:00-04:00,1774283760000,24420.0,True,False,1,2,BN_LONG_UP,9,7,9.0,9.0,5.0,False,3.7.0
2026-03-23 12:37:00-04:00,1774283820000,24428.0,True,False,-1,3,BN_LONG_UP,10,7,9.0,9.0,5.0,False,3.7.0
2026-03-23 12:38:00-04:00,1774283880000,24428.0,True,False,-1,0,BN_LONG_UP,8,8,9.0,9.0,5.0,False,3.7.0
2026-03-23 12:38:59-04:00,1774283939000,24426.75,True,False,-1,0,NONE,7,7,9.0,9.0,5.0,False,3.7.0
2026-03-23 12:40:00-04:00,1774284000000,24429.0,True,False,-1,1,CONFLUENCE_BUY,8,7,9.0,9.0,5.0,False,3.7.0
2026-03-23 12:41:00-04:00,1774284060000,24430.75,True,False,-1,3,RVOL_SPIKE_SELL,9,12,9.0,9.0,5.0,False,3.7.0
2026-03-23 12:41:59-04:00,1774284119000,24426.75,True,False,-1,0,NONE,8,8,9.0,9.0,5.0,False,3.7.0
2026-03-23 12:43:00-04:00,1774284180000,24428.0,True,False,-1,1,CONFLUENCE_SELL,8,9,9.0,9.0,5.0,False,3.7.0
2026-03-23 12:44:00-04:00,1774284240000,24424.75,True,False,-1,3,DOUBLE_TOP_DIV,9,12,9.0,9.0,5.0,False,3.7.0
2026-03-23 12:44:59-04:00,1774284299000,24424.75,True,False,-1,0,BN_LONG_DN,9,9,9.0,9.0,5.0,False,3.7.0
2026-03-23 12:46:00-04:00,1774284360000,24421.25,True,False,-1,3,CONFLUENCE_SELL,8,11,9.0,9.0,5.0,False,3.7.0
2026-03-23 12:47:00-04:00,1774284420000,24421.25,True,False,-1,1,CONFLUENCE_SELL,8,9,9.0,9.0,5.0,False,3.7.0
2026-03-23 12:47:59-04:00,1774284479000,24423.75,True,False,-1,1,DOUBLE_TOP_DIV,10,9,9.0,9.0,5.0,False,3.7.0
2026-03-23 12:49:00-04:00,1774284540000,24417.75,True,False,-1,1,BN_LONG_DN,8,9,9.0,9.0,5.0,False,3.7.0
2026-03-23 12:50:00-04:00,1774284600000,24417.25,True,False,-1,2,BN_LONG_UP,10,8,9.0,9.0,5.0,False,3.7.0
2026-03-23 12:50:59-04:00,1774284659000,24420.25,True,False,-1,1,CONFLUENCE_BUY,8,7,9.0,9.0,5.0,False,3.7.0
2026-03-23 12:52:00-04:00,1774284720000,24409.0,True,False,-1,3,BN_LONG_DN,8,11,9.0,9.0,5.0,False,3.7.0
2026-03-23 12:53:00-04:00,1774284780000,24405.0,True,False,-1,1,CONFLUENCE_SELL,8,9,9.0,9.0,5.0,False,3.7.0
2026-03-23 12:54:00-04:00,1774284840000,24406.0,True,False,-1,1,BN_LONG_DN,8,9,9.0,9.0,5.0,False,3.7.0
2026-03-23 12:54:59-04:00,1774284899000,24404.75,True,False,-1,0,NONE,8,8,9.0,9.0,5.0,False,3.7.0
2026-03-23 12:56:00-04:00,1774284960000,24408.5,True,False,-1,1,CONFLUENCE_BUY,9,8,9.0,9.0,5.0,False,3.7.0
2026-03-23 12:57:00-04:00,1774285020000,24405.5,True,False,-1,3,CONFLUENCE_SELL,8,11,9.0,9.0,5.0,False,3.7.0
2026-03-23 12:57:59-04:00,1774285079000,24403.25,True,False,-1,3,CONFLUENCE_SELL,8,11,9.0,9.0,5.0,False,3.7.0
2026-03-23 12:59:00-04:00,1774285140000,24400.0,True,False,0,0,RVOL_SPIKE_BUY,10,10,24.25,9.0,5.0,False,3.7.0
2026-03-23 14:00:00-04:00,1774288800000,24400.5,True,False,0,3,RVOL_SPIKE_BUY,11,8,24.25,9.0,5.0,False,3.7.0
2026-03-23 14:01:00-04:00,1774288860000,24406.5,True,False,-1,0,NONE,7,7,9.0,9.0,5.0,False,3.7.0
2026-03-23 14:01:59-04:00,1774288919000,24403.5,True,False,-1,1,CONFLUENCE_BUY,8,7,9.0,9.0,5.0,False,3.7.0
2026-03-23 14:03:00-04:00,1774288980000,24385.25,True,False,1,3,VWAP_TRIPLE_BEAR,6,9,9.0,9.0,5.0,False,3.7.0
2026-03-23 14:04:00-04:00,1774289040000,24392.25,True,False,0,1,BN_LONG_UP,8,7,36.0,9.0,5.0,False,3.7.0
2026-03-23 14:04:59-04:00,1774289099000,24391.75,True,False,0,1,CONFLUENCE_BUY,7,6,40.5,9.0,5.0,False,3.7.0
2026-03-23 14:06:00-04:00,1774289160000,24385.5,True,False,1,0,VWAP_TRIPLE_BEAR,7,7,9.0,9.0,5.0,False,3.7.0
2026-03-23 14:07:00-04:00,1774289220000,24393.5,True,False,1,2,BN_LONG_DN,9,7,9.0,9.0,5.0,False,3.7.0
2026-03-23 14:08:00-04:00,1774289280000,24420.0,True,False,1,7,RVOL_SPIKE_BUY,11,4,9.0,9.0,5.0,False,3.7.0
2026-03-23 14:08:59-04:00,1774289339000,24418.5,True,False,1,2,BN_LONG_DN,8,6,9.0,9.0,5.0,False,3.7.0
2026-03-23 14:10:00-04:00,1774289400000,24423.25,True,False,0,7,BN_LONG_UP,12,5,2.5,9.0,5.0,False,3.7.0
2026-03-23 14:11:00-04:00,1774289460000,24418.0,True,False,1,1,BN_LONG_DN,7,8,9.0,9.0,5.0,False,3.7.0
2026-03-23 14:11:59-04:00,1774289519000,24420.25,True,False,1,5,BN_LONG_UP,9,4,9.0,9.0,5.0,False,3.7.0
2026-03-23 14:13:00-04:00,1774289580000,24425.25,True,False,0,5,BN_LONG_UP,9,4,-9.75,9.0,5.0,False,3.7.0
2026-03-23 14:14:00-04:00,1774289640000,24425.0,True,False,0,4,BN_LONG_UP,8,4,0.5,9.0,5.0,False,3.7.0
2026-03-23 14:14:59-04:00,1774289699000,24421.5,True,False,1,4,CONFLUENCE_BUY,9,5,9.0,9.0,5.0,False,3.7.0
2026-03-23 14:16:00-04:00,1774289760000,24424.5,True,False,0,5,BN_LONG_DN,10,5,12.0,9.0,5.0,False,3.7.0
2026-03-23 14:17:00-04:00,1774289820000,24423.25,True,False,1,5,BN_LONG_DN,10,5,9.0,9.0,5.0,False,3.7.0
2026-03-23 14:17:59-04:00,1774289879000,24420.5,True,False,1,3,CONFLUENCE_BUY,7,4,9.0,9.0,5.0,False,3.7.0
2026-03-23 14:19:00-04:00,1774289940000,24424.25,True,False,0,4,BN_LONG_UP,9,5,10.25,9.0,5.0,False,3.7.0
2026-03-23 14:20:00-04:00,1774290000000,24424.75,True,False,0,4,BN_LONG_UP,9,5,13.75,9.0,5.0,False,3.7.0
2026-03-23 14:20:59-04:00,1774290059000,24418.75,True,False,1,1,CONFLUENCE_BUY,6,5,9.0,9.0,5.0,False,3.7.0
2026-03-23 14:22:00-04:00,1774290120000,24420.75,True,False,1,5,CONFLUENCE_BUY,10,5,9.0,9.0,5.0,False,3.7.0
2026-03-23 14:23:00-04:00,1774290180000,24428.75,True,False,0,5,CONFLUENCE_BUY,10,5,14.0,9.0,5.0,False,3.7.0
2026-03-23 14:24:00-04:00,1774290240000,24428.25,True,False,0,2,CONFLUENCE_BUY,7,5,13.75,9.0,5.0,False,3.7.0
2026-03-23 14:24:59-04:00,1774290299000,24432.25,True,False,-1,4,CONFLUENCE_BUY,10,6,9.0,9.0,5.0,False,3.7.0
2026-03-23 14:26:00-04:00,1774290360000,24431.5,True,False,-1,2,BN_LONG_UP,8,6,9.0,9.0,5.0,False,3.7.0
2026-03-23 14:27:00-04:00,1774290420000,24434.75,True,False,-1,2,CONFLUENCE_BUY,7,5,9.0,9.0,5.0,False,3.7.0
2026-03-23 14:27:59-04:00,1774290479000,24428.25,True,False,-1,0,RVOL_SPIKE_SELL,9,9,9.0,9.0,5.0,False,3.7.0
2026-03-23 14:29:00-04:00,1774290540000,24431.5,True,False,-1,3,BN_LONG_DN,10,7,9.0,9.0,5.0,False,3.7.0
2026-03-23 14:30:00-04:00,1774290600000,24425.75,True,False,-1,0,BN_LONG_DN,7,7,9.0,9.0,5.0,False,3.7.0
2026-03-23 14:30:59-04:00,1774290659000,24424.0,True,False,0,2,CONFLUENCE_BUY,7,5,35.0,9.0,5.0,False,3.7.0
2026-03-23 14:32:00-04:00,1774290720000,24415.5,True,False,1,3,BN_LONG_DN,6,9,9.0,9.0,5.0,False,3.7.0
2026-03-23 14:33:00-04:00,1774290780000,24415.5,True,False,1,1,CONFLUENCE_SELL,6,7,9.0,9.0,5.0,False,3.7.0
2026-03-23 14:33:59-04:00,1774290839000,24425.5,True,False,1,7,BN_LONG_UP,12,5,9.0,9.0,5.0,False,3.7.0
2026-03-23 14:35:00-04:00,1774290900000,24432.75,True,False,1,7,RVOL_SPIKE_BUY,12,5,9.0,9.0,5.0,False,3.7.0
2026-03-23 14:36:00-04:00,1774290960000,24436.5,True,False,1,0,BN_LONG_DN,7,7,9.0,9.0,5.0,False,3.7.0
2026-03-23 14:36:59-04:00,1774291019000,24442.5,True,False,0,1,BN_LONG_DN,7,6,42.5,9.0,5.0,False,3.7.0
2026-03-23 14:38:00-04:00,1774291080000,24439.75,True,False,0,0,BN_LONG_DN,7,7,47.5,9.0,5.0,False,3.7.0
2026-03-23 14:39:00-04:00,1774291140000,24434.5,True,False,1,4,BN_LONG_DN,8,4,9.0,9.0,5.0,False,3.7.0
2026-03-23 14:40:00-04:00,1774291200000,24438.5,True,False,1,6,CONFLUENCE_BUY,10,4,9.0,9.0,5.0,False,3.7.0
2026-03-23 14:40:59-04:00,1774291259000,24438.0,True,False,1,4,BN_LONG_DN,10,6,9.0,9.0,5.0,False,3.7.0
2026-03-23 14:42:00-04:00,1774291320000,24436.25,True,False,1,1,CONFLUENCE_BUY,7,6,9.0,9.0,5.0,False,3.7.0
2026-03-23 14:43:00-04:00,1774291380000,24442.75,True,False,1,3,BN_LONG_UP,8,5,9.0,9.0,5.0,False,3.7.0
2026-03-23 14:43:59-04:00,1774291439000,24442.0,True,False,1,1,CONFLUENCE_BUY,6,5,9.0,9.0,5.0,False,3.7.0
2026-03-23 14:45:00-04:00,1774291500000,24444.0,True,False,1,2,BN_LONG_UP,8,6,9.0,9.0,5.0,False,3.7.0
2026-03-23 14:46:00-04:00,1774291560000,24441.75,True,False,1,1,CONFLUENCE_SELL,7,8,9.0,9.0,5.0,False,3.7.0
2026-03-23 14:46:59-04:00,1774291619000,24450.75,True,False,1,5,BN_LONG_UP,10,5,9.0,9.0,5.0,False,3.7.0
2026-03-23 14:48:00-04:00,1774291680000,24450.25,True,False,1,4,CONFLUENCE_BUY,9,5,9.0,9.0,5.0,False,3.7.0
2026-03-23 14:49:00-04:00,1774291740000,24449.5,True,False,1,1,BN_LONG_UP,7,6,9.0,9.0,5.0,False,3.7.0
2026-03-23 14:49:59-04:00,1774291799000,24452.0,True,False,1,1,VAH_REJECTION,7,6,9.0,9.0,5.0,False,3.7.0
2026-03-23 14:51:00-04:00,1774291860000,24459.0,True,False,1,6,BN_LONG_UP,10,4,9.0,9.0,5.0,False,3.7.0
2026-03-23 14:52:00-04:00,1774291920000,24462.0,True,False,1,3,BN_LONG_UP,7,4,9.0,9.0,5.0,False,3.7.0
2026-03-23 14:53:00-04:00,1774291980000,24472.0,True,False,1,3,BN_LONG_DN,8,5,9.0,9.0,5.0,False,3.7.0
2026-03-23 14:53:59-04:00,1774292039000,24477.5,True,False,1,1,RVOL_SPIKE_SELL,6,7,9.0,9.0,5.0,False,3.7.0
2026-03-23 14:55:00-04:00,1774292100000,24478.75,True,False,0,2,BN_LONG_UP,7,5,-8.5,9.0,5.0,False,3.7.0
2026-03-23 14:56:00-04:00,1774292160000,24478.75,True,False,0,1,CONFLUENCE_SELL,6,7,-6.0,9.0,5.0,False,3.7.0
2026-03-23 14:56:59-04:00,1774292219000,24485.0,True,False,-1,2,BN_LONG_DN,7,5,9.0,9.0,5.0,False,3.7.0
2026-03-23 14:58:00-04:00,1774292280000,24487.25,True,False,-1,2,CONFLUENCE_BUY,7,5,9.0,9.0,5.0,False,3.7.0
2026-03-23 14:59:00-04:00,1774292340000,24482.0,True,False,-1,2,BN_LONG_DN,6,8,9.0,9.0,5.0,False,3.7.0
2026-03-23 14:59:59-04:00,1774292399000,24470.25,True,False,0,3,RVOL_SPIKE_SELL,8,5,-2.5,9.0,5.0,False,3.7.0
2026-03-23 15:01:00-04:00,1774292460000,24474.25,True,False,-1,3,BN_LONG_UP,7,4,9.0,9.0,5.0,False,3.7.0
2026-03-23 15:02:00-04:00,1774292520000,24474.25,True,False,-1,2,CONFLUENCE_BUY,6,4,9.0,9.0,5.0,False,3.7.0
2026-03-23 15:02:59-04:00,1774292579000,24476.75,True,False,-1,5,BN_LONG_UP,9,4,9.0,9.0,5.0,False,3.7.0
2026-03-23 15:04:00-04:00,1774292640000,24468.75,True,False,0,1,BN_LONG_DN,7,8,6.25,9.0,5.0,False,3.7.0
2026-03-23 15:05:00-04:00,1774292700000,24464.75,True,False,1,1,BN_LONG_DN,6,5,9.0,9.0,5.0,False,3.7.0
2026-03-23 15:05:59-04:00,1774292759000,24462.25,True,False,1,2,BN_LONG_DN,7,5,9.0,9.0,5.0,False,3.7.0
2026-03-23 15:07:00-04:00,1774292820000,24465.5,True,False,1,2,CONFLUENCE_BUY,7,5,9.0,9.0,5.0,False,3.7.0
2026-03-23 15:08:00-04:00,1774292880000,24465.5,True,False,1,1,CONFLUENCE_SELL,6,7,9.0,9.0,5.0,False,3.7.0
2026-03-23 15:09:00-04:00,1774292940000,24468.75,True,False,0,5,CONFLUENCE_BUY,9,4,-2.5,9.0,5.0,False,3.7.0
2026-03-23 15:09:59-04:00,1774292999000,24471.25,True,False,-1,5,CONFLUENCE_BUY,9,4,9.0,9.0,5.0,False,3.7.0
2026-03-23 15:11:00-04:00,1774293060000,24462.0,True,False,1,2,BN_LONG_DN,6,8,9.0,9.0,5.0,False,3.7.0
2026-03-23 15:12:00-04:00,1774293120000,24464.75,True,False,1,1,BN_LONG_DN,6,7,9.0,9.0,5.0,False,3.7.0
2026-03-23 15:12:59-04:00,1774293179000,24475.25,True,False,-1,2,CONFLUENCE_BUY,7,5,9.0,9.0,5.0,False,3.7.0
2026-03-23 15:14:00-04:00,1774293240000,24471.25,True,False,-1,2,CONFLUENCE_BUY,6,4,9.0,9.0,5.0,False,3.7.0
2026-03-23 15:15:00-04:00,1774293300000,24470.25,True,False,-1,2,CONFLUENCE_BUY,6,4,9.0,9.0,5.0,False,3.7.0
2026-03-23 15:15:59-04:00,1774293359000,24472.75,True,False,-1,2,CONFLUENCE_BUY,6,4,9.0,9.0,5.0,False,3.7.0
2026-03-23 15:17:00-04:00,1774293420000,24473.25,True,False,-1,3,CONFLUENCE_BUY,7,4,9.0,9.0,5.0,False,3.7.0
2026-03-23 15:18:00-04:00,1774293480000,24475.0,True,False,-1,1,CONFLUENCE_BUY,5,4,9.0,9.0,5.0,False,3.7.0
2026-03-23 15:18:59-04:00,1774293539000,24473.75,True,False,-1,4,CONFLUENCE_BUY,8,4,9.0,9.0,5.0,False,3.7.0
2026-03-23 15:20:00-04:00,1774293600000,24467.75,True,False,0,4,BN_LONG_DN,5,9,-3.5,9.0,5.0,False,3.7.0
2026-03-23 15:21:00-04:00,1774293660000,24475.0,True,False,-1,0,BN_LONG_DN,5,5,9.0,9.0,5.0,False,3.7.0
2026-03-23 15:21:59-04:00,1774293719000,24474.0,True,False,-1,2,BN_LONG_UP,7,5,9.0,9.0,5.0,False,3.7.0
2026-03-23 15:23:00-04:00,1774293780000,24471.0,True,False,-1,3,BN_LONG_DN,5,8,9.0,9.0,5.0,False,3.7.0
2026-03-23 15:24:00-04:00,1774293840000,24475.0,True,False,-1,1,CONFLUENCE_BUY,5,4,9.0,9.0,5.0,False,3.7.0
2026-03-23 15:25:00-04:00,1774293900000,24473.25,True,False,-1,0,NONE,6,6,9.0,9.0,5.0,False,3.7.0
2026-03-23 15:25:59-04:00,1774293959000,24474.25,True,False,-1,5,CONFLUENCE_BUY,9,4,9.0,9.0,5.0,False,3.7.0
2026-03-23 15:27:00-04:00,1774294020000,24474.0,True,False,-1,3,CONFLUENCE_BUY,7,4,9.0,9.0,5.0,False,3.7.0
2026-03-23 15:28:00-04:00,1774294080000,24466.5,True,False,-1,4,BN_LONG_DN,5,9,9.0,9.0,5.0,False,3.7.0
2026-03-23 15:28:59-04:00,1774294139000,24466.25,True,False,-1,4,BN_LONG_DN,5,9,9.0,9.0,5.0,False,3.7.0
2026-03-23 15:30:00-04:00,1774294200000,24458.25,True,False,1,4,RVOL_SPIKE_SELL,7,11,9.0,9.0,5.0,False,3.7.0
2026-03-23 15:31:00-04:00,1774294260000,24459.0,True,False,0,0,BN_LONG_UP,7,7,-23.25,9.0,5.0,False,3.7.0
2026-03-23 15:31:59-04:00,1774294319000,24457.25,True,False,1,4,BN_LONG_UP,9,5,9.0,9.0,5.0,False,3.7.0
2026-03-23 15:33:00-04:00,1774294380000,24459.75,True,False,0,2,CONFLUENCE_BUY,8,6,-15.0,9.0,5.0,False,3.7.0
2026-03-23 15:34:00-04:00,1774294440000,24458.0,True,False,1,1,CONFLUENCE_SELL,6,7,9.0,9.0,5.0,False,3.7.0
2026-03-23 15:34:59-04:00,1774294499000,24454.0,True,False,1,2,CONFLUENCE_SELL,6,8,9.0,9.0,5.0,False,3.7.0
2026-03-23 15:36:00-04:00,1774294560000,24456.75,True,False,1,3,BN_LONG_DN,6,9,9.0,9.0,5.0,False,3.7.0
2026-03-23 15:37:00-04:00,1774294620000,24455.75,True,False,1,4,CONFLUENCE_BUY,9,5,9.0,9.0,5.0,False,3.7.0
2026-03-23 15:38:00-04:00,1774294680000,24455.75,True,False,1,4,CONFLUENCE_BUY,9,5,9.0,9.0,5.0,False,3.7.0
2026-03-23 15:38:59-04:00,1774294739000,24463.75,True,False,0,1,CONFLUENCE_BUY,7,6,-8.25,9.0,5.0,False,3.7.0
2026-03-23 15:40:00-04:00,1774294800000,24464.25,True,False,0,3,RVOL_SPIKE_BUY,8,5,-17.5,9.0,5.0,False,3.7.0
2026-03-23 15:41:00-04:00,1774294860000,24464.5,True,False,0,2,BN_LONG_UP,7,5,-52.25,9.0,5.0,False,3.7.0
2026-03-23 15:41:59-04:00,1774294919000,24468.5,True,False,-1,5,CONFLUENCE_BUY,9,4,9.0,9.0,5.0,False,3.7.0
2026-03-23 15:43:00-04:00,1774294980000,24469.5,True,False,-1,0,BN_LONG_UP,6,6,9.0,9.0,5.0,False,3.7.0
2026-03-23 15:44:00-04:00,1774295040000,24471.5,True,False,-1,2,BN_LONG_UP,7,5,9.0,9.0,5.0,False,3.7.0
2026-03-23 15:44:59-04:00,1774295099000,24444.75,True,False,-1,4,RVOL_SPIKE_SELL,7,11,9.0,9.0,5.0,False,3.7.0
2026-03-23 15:46:00-04:00,1774295160000,24447.75,True,False,-1,4,RVOL_SPIKE_BUY,9,5,9.0,9.0,5.0,False,3.7.0
2026-03-23 15:47:00-04:00,1774295220000,24438.5,True,False,0,3,BN_LONG_UP,6,9,-32.25,9.0,5.0,False,3.7.0
2026-03-23 15:47:59-04:00,1774295279000,24440.25,True,False,0,3,BN_LONG_DN,6,9,-49.0,9.0,5.0,False,3.7.0
2026-03-23 15:49:00-04:00,1774295340000,24439.5,True,False,0,2,RVOL_SPIKE_SELL,7,9,-46.5,9.0,5.0,False,3.7.0
2026-03-23 15:50:00-04:00,1774295400000,24437.75,True,False,0,3,BN_LONG_UP,10,7,-34.5,9.0,5.0,False,3.7.0
2026-03-23 15:50:59-04:00,1774295459000,24435.75,True,False,1,2,BN_LONG_UP,7,9,9.0,9.0,5.0,False,3.7.0
2026-03-23 15:52:00-04:00,1774295520000,24433.25,True,False,1,3,BN_LONG_DN,5,8,9.0,9.0,5.0,False,3.7.0
2026-03-23 15:53:00-04:00,1774295580000,24444.75,True,False,-1,5,BN_LONG_UP,9,4,9.0,9.0,5.0,False,3.7.0
2026-03-23 15:54:00-04:00,1774295640000,24432.25,True,False,1,2,BN_LONG_DN,5,7,9.0,9.0,5.0,False,3.7.0
2026-03-23 15:54:59-04:00,1774295699000,24438.0,True,False,1,3,BN_LONG_UP,9,6,9.0,9.0,5.0,False,3.7.0
2026-03-23 15:56:00-04:00,1774295760000,24434.5,True,False,1,2,BN_LONG_UP,7,9,9.0,9.0,5.0,False,3.7.0
2026-03-23 15:57:00-04:00,1774295820000,24435.75,True,False,1,1,BN_LONG_DN,7,8,9.0,9.0,5.0,False,3.7.0
2026-03-23 15:57:59-04:00,1774295879000,24453.75,True,False,-1,4,CONFLUENCE_BUY,8,4,9.0,9.0,5.0,False,3.7.0
2026-03-23 15:59:00-04:00,1774295940000,24455.5,True,False,-1,2,BN_LONG_DN,6,4,9.0,9.0,5.0,False,3.7.0
2026-03-23 16:00:00-04:00,1774296000000,24446.75,True,False,-1,1,BN_LONG_DN,5,6,9.0,9.0,5.0,False,3.7.0
2026-03-23 16:00:59-04:00,1774296059000,24412.25,True,False,-1,4,RVOL_SPIKE_SELL,6,10,9.0,9.0,5.0,False,3.7.0
2026-03-23 16:02:00-04:00,1774296120000,24412.5,True,False,-1,2,BN_LONG_UP,8,6,9.0,9.0,5.0,False,3.7.0
2026-03-23 16:03:00-04:00,1774296180000,24405.25,True,False,-1,2,RVOL_SPIKE_SELL,7,9,9.0,9.0,5.0,False,3.7.0
2026-03-23 16:03:59-04:00,1774296239000,24398.25,True,False,0,3,BN_LONG_DN,5,8,-18.0,9.0,5.0,False,3.7.0
2026-03-23 16:05:00-04:00,1774296300000,24401.5,True,False,-1,1,BN_LONG_DN,6,7,9.0,9.0,5.0,False,3.7.0
2026-03-23 16:06:00-04:00,1774296360000,24397.25,True,False,1,1,BN_LONG_UP,6,5,9.0,9.0,5.0,False,3.7.0
2026-03-23 16:06:59-04:00,1774296419000,24406.25,True,False,-1,0,BN_LONG_DN,6,6,9.0,9.0,5.0,False,3.7.0
2026-03-23 16:08:00-04:00,1774296480000,24391.25,True,False,1,0,BN_LONG_UP,7,7,9.0,9.0,5.0,False,3.7.0
2026-03-23 16:09:00-04:00,1774296540000,24393.0,True,False,1,0,BN_LONG_UP,6,6,9.0,9.0,5.0,False,3.7.0
2026-03-23 16:10:00-04:00,1774296600000,24403.25,True,False,-1,4,BN_LONG_UP,6,10,9.0,9.0,5.0,False,3.7.0
2026-03-23 16:10:59-04:00,1774296659000,24389.0,True,False,-1,3,BN_LONG_UP,6,9,9.0,9.0,5.0,False,3.7.0
2026-03-23 16:12:00-04:00,1774296720000,24380.5,True,False,-1,4,VWAP_TRIPLE_BEAR,6,10,9.0,9.0,5.0,False,3.7.0
2026-03-23 16:13:00-04:00,1774296780000,24377.0,True,False,-1,0,VWAP_TRIPLE_BEAR,7,7,9.0,9.0,5.0,False,3.7.0
2026-03-23 16:13:59-04:00,1774296839000,24368.25,True,False,-1,5,VWAP_TRIPLE_BEAR,5,10,9.0,9.0,5.0,False,3.7.0
2026-03-23 16:15:00-04:00,1774296900000,24341.75,True,False,-1,2,VWAP_TRIPLE_BEAR,9,11,9.0,9.0,5.0,False,3.7.0
2026-03-23 16:16:00-04:00,1774296960000,24340.0,True,False,-1,2,VWAP_TRIPLE_BEAR,7,9,9.0,9.0,5.0,False,3.7.0
2026-03-23 16:16:59-04:00,1774297019000,24320.75,True,False,1,2,VWAP_TRIPLE_BEAR,6,8,9.0,9.0,5.0,False,3.7.0
2026-03-23 16:18:00-04:00,1774297080000,24324.5,True,False,1,3,VWAP_TRIPLE_BEAR,6,9,9.0,9.0,5.0,False,3.7.0
2026-03-23 16:19:00-04:00,1774297140000,24334.0,True,False,-1,1,VWAP_TRIPLE_BEAR,8,9,9.0,9.0,5.0,False,3.7.0
2026-03-23 16:19:59-04:00,1774297199000,24320.5,True,False,1,0,VWAP_TRIPLE_BEAR,8,8,9.0,9.0,5.0,False,3.7.0
2026-03-23 16:21:00-04:00,1774297260000,24351.5,True,False,1,5,VWAP_TRIPLE_BEAR,5,10,9.0,9.0,5.0,False,3.7.0
2026-03-23 16:22:00-04:00,1774297320000,24367.25,True,False,1,4,VWAP_TRIPLE_BEAR,6,10,9.0,9.0,5.0,False,3.7.0
2026-03-23 16:23:00-04:00,1774297380000,24370.25,True,False,1,4,VWAP_TRIPLE_BEAR,7,11,9.0,9.0,5.0,False,3.7.0
2026-03-23 16:23:59-04:00,1774297439000,24380.25,True,False,1,4,VWAP_TRIPLE_BEAR,5,9,9.0,9.0,5.0,False,3.7.0
2026-03-23 16:25:00-04:00,1774297500000,24393.5,True,False,-1,5,BN_LONG_DN,5,10,9.0,9.0,5.0,False,3.7.0
2026-03-23 16:26:00-04:00,1774297560000,24380.25,True,False,1,6,VWAP_TRIPLE_BEAR,6,12,9.0,9.0,5.0,False,3.7.0
2026-03-23 16:26:59-04:00,1774297619000,24380.25,True,False,1,4,VWAP_TRIPLE_BEAR,6,10,9.0,9.0,5.0,False,3.7.0
2026-03-23 16:28:00-04:00,1774297680000,24391.25,True,False,-1,0,BN_LONG_UP,8,8,9.0,9.0,5.0,False,3.7.0
2026-03-23 16:29:00-04:00,1774297740000,24391.25,True,False,-1,2,BN_LONG_DN,7,9,9.0,9.0,5.0,False,3.7.0
2026-03-23 16:29:59-04:00,1774297799000,24393.25,True,False,-1,1,BN_LONG_DN,7,8,9.0,9.0,5.0,False,3.7.0
2026-03-23 16:31:00-04:00,1774297860000,24379.75,True,False,-1,5,VWAP_TRIPLE_BEAR,6,11,9.0,9.0,5.0,False,3.7.0
2026-03-23 16:32:00-04:00,1774297920000,24365.0,True,False,1,6,VWAP_TRIPLE_BEAR,5,11,9.0,9.0,5.0,False,3.7.0
2026-03-23 16:32:59-04:00,1774297979000,24364.5,True,False,1,3,VWAP_TRIPLE_BEAR,6,9,9.0,9.0,5.0,False,3.7.0
2026-03-23 16:34:00-04:00,1774298040000,24386.5,True,False,-1,3,BN_LONG_UP,10,7,9.0,9.0,5.0,False,3.7.0
2026-03-23 16:35:00-04:00,1774298100000,24369.75,True,False,-1,5,VWAP_TRIPLE_BEAR,7,12,9.0,9.0,5.0,False,3.7.0
2026-03-23 16:35:59-04:00,1774298159000,24371.5,True,False,-1,0,VWAP_TRIPLE_BEAR,8,8,9.0,9.0,5.0,False,3.7.0
2026-03-23 16:37:00-04:00,1774298220000,24369.25,True,False,-1,2,VWAP_TRIPLE_BEAR,6,8,9.0,9.0,5.0,False,3.7.0
2026-03-23 16:38:00-04:00,1774298280000,24324.75,True,False,-1,8,VWAP_TRIPLE_BEAR,7,15,9.0,9.0,5.0,False,3.7.0
2026-03-23 16:39:00-04:00,1774298340000,24310.75,True,False,1,3,VWAP_TRIPLE_BEAR,7,10,9.0,9.0,5.0,False,3.7.0
2026-03-23 16:39:59-04:00,1774298399000,24324.0,True,False,1,3,VWAP_TRIPLE_BEAR,5,8,9.0,9.0,5.0,False,3.7.0
2026-03-23 16:41:00-04:00,1774298460000,24334.5,True,False,-1,2,VWAP_TRIPLE_BEAR,6,8,9.0,9.0,5.0,False,3.7.0
2026-03-23 16:42:00-04:00,1774298520000,24322.75,True,False,1,5,VWAP_TRIPLE_BEAR,6,11,9.0,9.0,5.0,False,3.7.0
2026-03-23 16:42:59-04:00,1774298579000,24322.0,True,False,1,1,VWAP_TRIPLE_BEAR,8,9,9.0,9.0,5.0,False,3.7.0
2026-03-23 16:44:00-04:00,1774298640000,24319.75,True,False,1,6,VWAP_TRIPLE_BEAR,4,10,9.0,9.0,5.0,False,3.7.0
2026-03-23 16:45:00-04:00,1774298700000,24332.5,True,False,-1,6,VWAP_TRIPLE_BEAR,5,11,9.0,9.0,5.0,False,3.7.0
2026-03-23 16:45:59-04:00,1774298759000,24329.0,True,False,-1,2,VWAP_TRIPLE_BEAR,7,9,9.0,9.0,5.0,False,3.7.0
2026-03-23 16:47:00-04:00,1774298820000,24330.0,True,False,-1,4,VWAP_TRIPLE_BEAR,6,10,9.0,9.0,5.0,False,3.7.0
2026-03-23 16:48:00-04:00,1774298880000,24324.5,True,False,0,3,VWAP_TRIPLE_BEAR,6,9,-47.0,9.0,5.0,False,3.7.0
2026-03-23 16:48:59-04:00,1774298939000,24321.0,True,False,1,2,VWAP_TRIPLE_BEAR,6,8,9.0,9.0,5.0,False,3.7.0
2026-03-23 16:50:00-04:00,1774299000000,24317.0,True,False,1,1,VWAP_TRIPLE_BEAR,7,8,9.0,9.0,5.0,False,3.7.0
2026-03-23 16:51:00-04:00,1774299060000,24323.0,True,False,1,1,VWAP_TRIPLE_BEAR,7,8,9.0,9.0,5.0,False,3.7.0
2026-03-23 16:51:59-04:00,1774299119000,24327.75,True,False,0,3,VWAP_TRIPLE_BEAR,5,8,-41.75,9.0,5.0,False,3.7.0
2026-03-23 16:53:00-04:00,1774299180000,24336.5,True,False,-1,0,VWAP_TRIPLE_BEAR,7,7,9.0,9.0,5.0,False,3.7.0
2026-03-23 16:54:00-04:00,1774299240000,24322.25,True,False,1,5,VWAP_TRIPLE_BEAR,5,10,9.0,9.0,5.0,False,3.7.0
2026-03-23 16:55:00-04:00,1774299300000,24334.5,True,False,-1,3,VWAP_TRIPLE_BEAR,10,7,9.0,9.0,5.0,False,3.7.0
2026-03-23 16:55:59-04:00,1774299359000,24320.5,True,False,1,4,VWAP_TRIPLE_BEAR,6,10,9.0,9.0,5.0,False,3.7.0
2026-03-23 16:57:00-04:00,1774299420000,24317.25,True,False,1,3,VWAP_TRIPLE_BEAR,6,9,9.0,9.0,5.0,False,3.7.0
2026-03-23 16:58:00-04:00,1774299480000,24330.75,True,False,-1,1,VWAP_TRIPLE_BEAR,8,9,9.0,9.0,5.0,False,3.7.0
2026-03-23 16:58:59-04:00,1774299539000,24322.5,True,False,-1,7,VWAP_TRIPLE_BEAR,5,12,9.0,9.0,5.0,False,3.7.0
2026-03-23 17:00:00-04:00,1774299600000,24311.5,True,False,0,4,VWAP_TRIPLE_BEAR,5,9,-26.5,9.0,5.0,False,3.7.0
2026-03-23 17:01:00-04:00,1774299660000,24317.0,True,False,-1,1,VWAP_TRIPLE_BEAR,7,8,9.0,9.0,5.0,False,3.7.0
2026-03-23 17:01:59-04:00,1774299719000,24298.25,True,False,-1,7,VWAP_TRIPLE_BEAR,6,13,9.0,9.0,5.0,False,3.7.0
2026-03-23 17:03:00-04:00,1774299780000,24285.25,True,False,0,5,VWAP_TRIPLE_BEAR,5,10,14.75,9.0,5.0,False,3.7.0
2026-03-23 17:04:00-04:00,1774299840000,24293.25,True,False,-1,1,VWAP_TRIPLE_BEAR,9,8,9.0,9.0,5.0,False,3.7.0
2026-03-23 17:04:59-04:00,1774299899000,24290.25,True,False,-1,0,VWAP_TRIPLE_BEAR,9,9,9.0,9.0,5.0,False,3.7.0
2026-03-23 17:06:00-04:00,1774299960000,24270.5,True,False,1,1,VWAP_TRIPLE_BEAR,9,10,9.0,9.0,5.0,False,3.7.0
2026-03-23 17:07:00-04:00,1774300020000,24273.75,True,False,1,1,VWAP_TRIPLE_BEAR,8,9,9.0,9.0,5.0,False,3.7.0
2026-03-23 17:08:00-04:00,1774300080000,24277.5,True,False,1,4,VWAP_TRIPLE_BEAR,6,10,9.0,9.0,5.0,False,3.7.0
2026-03-23 17:08:59-04:00,1774300139000,24280.75,True,False,1,1,VWAP_TRIPLE_BEAR,8,9,9.0,9.0,5.0,False,3.7.0
2026-03-23 17:10:00-04:00,1774300200000,24294.25,True,False,-1,1,VWAP_TRIPLE_BEAR,7,8,9.0,9.0,5.0,False,3.7.0
2026-03-23 17:11:00-04:00,1774300260000,24290.75,True,False,-1,4,VWAP_TRIPLE_BEAR,6,10,9.0,9.0,5.0,False,3.7.0
2026-03-23 17:11:59-04:00,1774300319000,24286.0,True,False,-1,4,VWAP_TRIPLE_BEAR,5,9,9.0,9.0,5.0,False,3.7.0
2026-03-23 17:13:00-04:00,1774300380000,24284.0,True,False,-1,5,VWAP_TRIPLE_BEAR,5,10,9.0,9.0,5.0,False,3.7.0
2026-03-23 17:14:00-04:00,1774300440000,24279.75,True,False,-1,1,VWAP_TRIPLE_BEAR,8,9,9.0,9.0,5.0,False,3.7.0
2026-03-23 17:14:59-04:00,1774300499000,24274.25,True,False,-1,3,VWAP_TRIPLE_BEAR,7,10,9.0,9.0,5.0,False,3.7.0
2026-03-23 17:16:00-04:00,1774300560000,24268.0,True,False,0,5,VWAP_TRIPLE_BEAR,5,10,12.75,9.0,5.0,False,3.7.0
2026-03-23 17:17:00-04:00,1774300620000,24262.5,True,False,1,1,VWAP_TRIPLE_BEAR,7,8,9.0,9.0,5.0,False,3.7.0
2026-03-23 17:17:59-04:00,1774300679000,24267.25,True,False,1,3,VWAP_TRIPLE_BEAR,6,9,9.0,9.0,5.0,False,3.7.0
2026-03-23 17:19:00-04:00,1774300740000,24271.25,True,False,1,4,VWAP_TRIPLE_BEAR,6,10,9.0,9.0,5.0,False,3.7.0
2026-03-23 17:20:00-04:00,1774300800000,24285.0,True,False,0,0,VWAP_TRIPLE_BEAR,8,8,-17.75,9.0,5.0,False,3.7.0
2026-03-23 17:20:59-04:00,1774300859000,24278.5,True,False,1,4,VWAP_TRIPLE_BEAR,6,10,9.0,9.0,5.0,False,3.7.0
2026-03-23 17:22:00-04:00,1774300920000,24298.25,True,False,1,0,VWAP_TRIPLE_BEAR,8,8,9.0,9.0,5.0,False,3.7.0
2026-03-23 17:23:00-04:00,1774300980000,24300.0,True,False,1,4,VWAP_TRIPLE_BEAR,5,9,9.0,9.0,5.0,False,3.7.0
2026-03-23 17:24:00-04:00,1774301040000,24301.75,True,False,0,1,VWAP_TRIPLE_BEAR,7,8,-58.25,9.0,5.0,False,3.7.0
2026-03-23 17:24:59-04:00,1774301099000,24309.0,True,False,-1,1,VWAP_TRIPLE_BEAR,8,7,9.0,9.0,5.0,False,3.7.0
2026-03-23 17:26:00-04:00,1774301160000,24301.0,True,False,0,6,VWAP_TRIPLE_BEAR,6,12,-64.25,9.0,5.0,False,3.7.0
2026-03-23 17:27:00-04:00,1774301220000,24309.25,True,False,-1,1,VWAP_TRIPLE_BEAR,8,7,9.0,9.0,5.0,False,3.7.0
2026-03-23 17:27:59-04:00,1774301279000,24306.25,True,False,-1,0,VWAP_TRIPLE_BEAR,8,8,9.0,9.0,5.0,False,3.7.0
2026-03-23 17:29:00-04:00,1774301340000,24303.25,True,False,-1,3,VWAP_TRIPLE_BEAR,7,10,9.0,9.0,5.0,False,3.7.0
2026-03-23 17:30:00-04:00,1774301400000,24292.0,True,False,-1,4,VWAP_TRIPLE_BEAR,6,10,9.0,9.0,5.0,False,3.7.0
2026-03-23 17:30:59-04:00,1774301459000,24286.5,True,False,-1,4,VWAP_TRIPLE_BEAR,5,9,9.0,9.0,5.0,False,3.7.0
2026-03-23 17:32:00-04:00,1774301520000,24275.75,True,False,0,6,VWAP_TRIPLE_BEAR,6,12,-16.75,9.0,5.0,False,3.7.0
2026-03-23 17:33:00-04:00,1774301580000,24280.75,True,False,-1,1,VWAP_TRIPLE_BEAR,7,8,9.0,9.0,5.0,False,3.7.0
2026-03-23 17:33:59-04:00,1774301639000,24283.0,True,False,-1,3,VWAP_TRIPLE_BEAR,5,8,9.0,9.0,5.0,False,3.7.0
2026-03-23 17:35:00-04:00,1774301700000,24283.75,True,False,-1,4,VWAP_TRIPLE_BEAR,5,9,9.0,9.0,5.0,False,3.7.0
2026-03-23 17:36:00-04:00,1774301760000,24280.75,True,False,-1,3,VWAP_TRIPLE_BEAR,6,9,9.0,9.0,5.0,False,3.7.0
2026-03-23 17:36:59-04:00,1774301819000,24269.0,True,False,-1,6,VWAP_TRIPLE_BEAR,5,11,9.0,9.0,5.0,False,3.7.0
2026-03-23 17:38:00-04:00,1774301880000,24263.75,True,False,-1,6,VWAP_TRIPLE_BEAR,5,11,9.0,9.0,5.0,False,3.7.0
2026-03-23 17:39:00-04:00,1774301940000,24266.5,True,False,-1,3,VWAP_TRIPLE_BEAR,6,9,9.0,9.0,5.0,False,3.7.0
2026-03-23 17:40:00-04:00,1774302000000,24267.25,True,False,-1,0,VWAP_TRIPLE_BEAR,8,8,9.0,9.0,5.0,False,3.7.0
2026-03-23 17:40:59-04:00,1774302059000,24246.5,True,False,0,6,VWAP_TRIPLE_BEAR,7,13,17.5,9.0,5.0,False,3.7.0
2026-03-23 17:42:00-04:00,1774302120000,24253.25,True,False,-1,1,VWAP_TRIPLE_BEAR,7,8,9.0,9.0,5.0,False,3.7.0
2026-03-23 17:43:00-04:00,1774302180000,24249.5,True,False,-1,4,VWAP_TRIPLE_BEAR,6,10,9.0,9.0,5.0,False,3.7.0
2026-03-23 17:43:59-04:00,1774302239000,24243.5,True,False,0,2,VWAP_TRIPLE_BEAR,6,8,20.25,9.0,5.0,False,3.7.0
2026-03-23 17:45:00-04:00,1774302300000,24239.25,True,False,1,3,VWAP_TRIPLE_BEAR,6,9,9.0,9.0,5.0,False,3.7.0
2026-03-23 17:46:00-04:00,1774302360000,24236.75,True,False,1,2,VWAP_TRIPLE_BEAR,7,9,9.0,9.0,5.0,False,3.7.0
2026-03-23 17:46:59-04:00,1774302419000,24237.75,True,False,1,1,VWAP_TRIPLE_BEAR,7,8,9.0,9.0,5.0,False,3.7.0
2026-03-23 17:48:00-04:00,1774302480000,24241.0,True,False,1,0,VWAP_TRIPLE_BEAR,9,9,9.0,9.0,5.0,False,3.7.0
2026-03-23 17:49:00-04:00,1774302540000,24243.5,True,False,1,3,VWAP_TRIPLE_BEAR,6,9,9.0,9.0,5.0,False,3.7.0
2026-03-23 17:49:59-04:00,1774302599000,24256.25,True,False,0,0,VWAP_TRIPLE_BEAR,11,11,-22.0,9.0,5.0,False,3.7.0
2026-03-23 17:51:00-04:00,1774302660000,24253.25,True,False,1,1,VWAP_TRIPLE_BEAR,9,8,9.0,9.0,5.0,False,3.7.0
2026-03-23 17:52:00-04:00,1774302720000,24259.0,True,False,-1,1,VWAP_TRIPLE_BEAR,7,8,9.0,9.0,5.0,False,3.7.0
2026-03-23 17:53:00-04:00,1774302780000,24257.25,True,False,0,4,VWAP_TRIPLE_BEAR,6,10,-8.5,9.0,5.0,False,3.7.0
2026-03-23 17:53:59-04:00,1774302839000,24248.75,True,False,1,6,VWAP_TRIPLE_BEAR,5,11,9.0,9.0,5.0,False,3.7.0
2026-03-23 17:55:00-04:00,1774302900000,24252.0,True,False,1,2,VWAP_TRIPLE_BEAR,10,8,9.0,9.0,5.0,False,3.7.0
2026-03-23 17:56:00-04:00,1774302960000,24256.25,False,False,0,0,VWAP_TRIPLE_BEAR,10,9,-2.25,9.0,5.0,False,3.7.0
2026-03-23 17:56:59-04:00,1774303019000,24253.25,False,False,0,0,VWAP_TRIPLE_BEAR,7,9,9.0,9.0,5.0,False,3.7.0
2026-03-23 17:58:00-04:00,1774303080000,24261.25,False,False,0,0,VWAP_TRIPLE_BEAR,8,8,9.0,9.0,5.0,False,3.7.0
2026-03-23 17:59:00-04:00,1774303140000,24263.75,False,False,0,0,VWAP_TRIPLE_BEAR,8,8,9.0,9.0,5.0,False,3.7.0
2026-03-23 17:59:59-04:00,1774303199000,24251.0,False,False,0,0,VWAP_TRIPLE_BEAR,7,12,9.0,9.0,5.0,False,3.7.0
2026-03-23 18:01:00-04:00,1774303260000,24264.0,False,False,0,0,VWAP_TRIPLE_BEAR,9,8,9.0,9.0,5.0,False,3.7.0
2026-03-23 18:02:00-04:00,1774303320000,24263.0,False,False,0,0,VWAP_TRIPLE_BEAR,5,9,9.0,9.0,5.0,False,3.7.0
2026-03-23 18:02:59-04:00,1774303379000,24264.5,False,False,0,0,VWAP_TRIPLE_BEAR,6,9,9.0,9.0,5.0,False,3.7.0
2026-03-23 18:04:00-04:00,1774303440000,24263.75,False,False,0,0,VWAP_TRIPLE_BEAR,8,9,9.0,9.0,5.0,False,3.7.0
2026-03-23 18:05:00-04:00,1774303500000,24250.25,False,False,0,0,VWAP_TRIPLE_BEAR,7,10,9.0,9.0,5.0,False,3.7.0
2026-03-23 18:05:59-04:00,1774303559000,24257.75,False,False,0,0,VWAP_TRIPLE_BEAR,6,8,9.0,9.0,5.0,False,3.7.0
2026-03-23 18:07:00-04:00,1774303620000,24259.25,False,False,0,0,VWAP_TRIPLE_BEAR,5,9,9.0,9.0,5.0,False,3.7.0
2026-03-23 18:08:00-04:00,1774303680000,24245.75,False,False,0,0,VWAP_TRIPLE_BEAR,7,10,23.75,9.0,5.0,False,3.7.0
2026-03-23 18:09:00-04:00,1774303740000,24253.0,False,False,0,0,VWAP_TRIPLE_BEAR,10,9,9.0,9.0,5.0,False,3.7.0
2026-03-23 18:09:59-04:00,1774303799000,24234.25,False,False,0,0,VWAP_TRIPLE_BEAR,6,10,9.0,9.0,5.0,False,3.7.0
2026-03-23 18:11:00-04:00,1774303860000,24223.5,False,False,0,0,VWAP_TRIPLE_BEAR,5,11,9.0,9.0,5.0,False,3.7.0
2026-03-23 18:12:00-04:00,1774303920000,24240.25,False,False,0,0,VWAP_TRIPLE_BEAR,9,11,9.0,9.0,5.0,False,3.7.0
2026-03-23 18:12:59-04:00,1774303979000,24248.75,False,False,0,0,VWAP_TRIPLE_BEAR,9,10,9.0,9.0,5.0,False,3.7.0
2026-03-23 18:14:00-04:00,1774304040000,24238.75,False,False,0,0,VWAP_TRIPLE_BEAR,6,10,9.0,9.0,5.0,False,3.7.0
2026-03-23 18:15:00-04:00,1774304100000,24241.75,False,False,0,0,VWAP_TRIPLE_BEAR,6,8,9.0,9.0,5.0,False,3.7.0
2026-03-23 18:15:59-04:00,1774304159000,24254.0,False,False,0,0,VWAP_TRIPLE_BEAR,11,7,9.0,9.0,5.0,False,3.7.0
2026-03-23 18:17:00-04:00,1774304220000,24242.75,False,False,0,0,VWAP_TRIPLE_BEAR,6,10,9.0,9.0,5.0,False,3.7.0
2026-03-23 18:18:00-04:00,1774304280000,24243.0,False,False,0,0,VWAP_TRIPLE_BEAR,5,12,9.0,9.0,5.0,False,3.7.0
2026-03-23 18:18:59-04:00,1774304339000,24258.5,False,False,0,0,VWAP_TRIPLE_BEAR,10,7,9.0,9.0,5.0,False,3.7.0
2026-03-23 18:20:00-04:00,1774304400000,24266.0,False,False,0,0,VWAP_TRIPLE_BEAR,10,8,9.0,9.0,5.0,False,3.7.0
2026-03-23 18:21:00-04:00,1774304460000,24272.25,False,False,0,0,VWAP_TRIPLE_BEAR,8,10,9.0,9.0,5.0,False,3.7.0
2026-03-23 18:21:59-04:00,1774304519000,24281.0,False,False,0,0,VWAP_TRIPLE_BEAR,9,8,9.0,9.0,5.0,False,3.7.0
2026-03-23 18:23:00-04:00,1774304580000,24284.25,False,False,0,0,VWAP_TRIPLE_BEAR,8,8,9.0,9.0,5.0,False,3.7.0
2026-03-23 18:24:00-04:00,1774304640000,24288.0,False,False,0,0,VWAP_TRIPLE_BEAR,7,8,-10.0,9.0,5.0,False,3.7.0
2026-03-23 18:25:00-04:00,1774304700000,24294.0,False,False,0,0,VWAP_TRIPLE_BEAR,7,8,9.0,9.0,5.0,False,3.7.0
2026-03-23 18:25:59-04:00,1774304759000,24267.0,False,False,0,0,VWAP_TRIPLE_BEAR,8,11,23.0,9.0,5.0,False,3.7.0
2026-03-23 18:27:00-04:00,1774304820000,24271.0,False,False,0,0,VWAP_TRIPLE_BEAR,8,10,9.0,9.0,5.0,False,3.7.0
2026-03-23 18:28:00-04:00,1774304880000,24269.5,False,False,0,0,VWAP_TRIPLE_BEAR,6,8,16.25,9.0,5.0,False,3.7.0
2026-03-23 18:28:59-04:00,1774304939000,24275.75,False,False,0,0,VWAP_TRIPLE_BEAR,8,10,9.0,9.0,5.0,False,3.7.0
2026-03-23 18:30:00-04:00,1774305000000,24269.5,False,False,0,0,VWAP_TRIPLE_BEAR,6,12,9.0,9.0,5.0,False,3.7.0
2026-03-23 18:31:00-04:00,1774305060000,24263.75,False,False,0,0,VWAP_TRIPLE_BEAR,6,10,9.0,9.0,5.0,False,3.7.0
2026-03-23 18:31:59-04:00,1774305119000,24264.5,False,False,0,0,VWAP_TRIPLE_BEAR,10,8,9.0,9.0,5.0,False,3.7.0
2026-03-23 18:33:00-04:00,1774305180000,24261.5,False,False,0,0,VWAP_TRIPLE_BEAR,6,8,9.0,9.0,5.0,False,3.7.0
2026-03-23 18:34:00-04:00,1774305240000,24260.25,False,False,0,0,VWAP_TRIPLE_BEAR,7,8,9.0,9.0,5.0,False,3.7.0
2026-03-23 18:34:59-04:00,1774305299000,24271.0,False,False,0,0,VWAP_TRIPLE_BEAR,10,8,-15.25,9.0,5.0,False,3.7.0
2026-03-23 18:36:00-04:00,1774305360000,24271.75,False,False,0,0,VWAP_TRIPLE_BEAR,9,8,-22.25,9.0,5.0,False,3.7.0
2026-03-23 18:37:00-04:00,1774305420000,24279.75,False,False,0,0,VWAP_TRIPLE_BEAR,6,9,9.0,9.0,5.0,False,3.7.0
2026-03-23 18:38:00-04:00,1774305480000,24271.0,False,False,0,0,VWAP_TRIPLE_BEAR,7,10,9.0,9.0,5.0,False,3.7.0
2026-03-23 18:38:59-04:00,1774305539000,24259.0,False,False,0,0,VWAP_TRIPLE_BEAR,6,11,9.0,9.0,5.0,False,3.7.0
2026-03-23 18:40:00-04:00,1774305600000,24260.5,False,False,0,0,VWAP_TRIPLE_BEAR,6,8,9.0,9.0,5.0,False,3.7.0
2026-03-23 18:41:00-04:00,1774305660000,24273.75,False,False,0,0,VWAP_TRIPLE_BEAR,7,9,9.0,9.0,5.0,False,3.7.0
2026-03-23 18:41:59-04:00,1774305719000,24270.5,False,False,0,0,VWAP_TRIPLE_BEAR,6,11,9.0,9.0,5.0,False,3.7.0
2026-03-23 18:43:00-04:00,1774305780000,24277.25,False,False,0,0,VWAP_TRIPLE_BEAR,10,8,9.0,9.0,5.0,False,3.7.0
2026-03-23 18:44:00-04:00,1774305840000,24278.0,False,False,0,0,VWAP_TRIPLE_BEAR,7,8,9.0,9.0,5.0,False,3.7.0
2026-03-23 18:44:59-04:00,1774305899000,24280.5,False,False,0,0,VWAP_TRIPLE_BEAR,7,8,9.0,9.0,5.0,False,3.7.0
2026-03-23 18:46:00-04:00,1774305960000,24290.0,False,False,0,0,VWAP_TRIPLE_BEAR,9,7,9.0,9.0,5.0,False,3.7.0
2026-03-23 18:47:00-04:00,1774306020000,24283.0,False,False,0,0,VWAP_TRIPLE_BEAR,6,9,9.0,9.0,5.0,False,3.7.0
2026-03-23 18:47:59-04:00,1774306079000,24285.75,False,False,0,0,VWAP_TRIPLE_BEAR,6,8,9.0,9.0,5.0,False,3.7.0
2026-03-23 18:49:00-04:00,1774306140000,24273.0,False,False,0,0,VWAP_TRIPLE_BEAR,6,13,9.0,9.0,5.0,False,3.7.0
2026-03-23 18:50:00-04:00,1774306200000,24252.25,False,False,0,0,VWAP_TRIPLE_BEAR,6,14,-2.75,9.0,5.0,False,3.7.0
2026-03-23 18:50:59-04:00,1774306259000,24254.75,False,False,0,0,VWAP_TRIPLE_BEAR,7,10,-5.25,9.0,5.0,False,3.7.0
2026-03-23 18:52:00-04:00,1774306320000,24248.25,False,False,0,0,VWAP_TRIPLE_BEAR,6,12,9.0,9.0,5.0,False,3.7.0
2026-03-23 18:53:00-04:00,1774306380000,24254.75,False,False,0,0,VWAP_TRIPLE_BEAR,7,9,-5.25,9.0,5.0,False,3.7.0
2026-03-23 18:54:00-04:00,1774306440000,24259.75,False,False,0,0,VWAP_TRIPLE_BEAR,8,8,9.0,9.0,5.0,False,3.7.0
2026-03-23 18:54:59-04:00,1774306499000,24255.75,False,False,0,0,VWAP_TRIPLE_BEAR,8,9,-6.25,9.0,5.0,False,3.7.0
2026-03-23 18:56:00-04:00,1774306560000,24249.5,False,False,0,0,VWAP_TRIPLE_BEAR,7,12,0.0,9.0,5.0,False,3.7.0
2026-03-23 18:57:00-04:00,1774306620000,24251.75,False,False,0,0,VWAP_TRIPLE_BEAR,8,8,-2.25,9.0,5.0,False,3.7.0
2026-03-23 18:57:59-04:00,1774306679000,24255.75,False,False,0,0,VWAP_TRIPLE_BEAR,7,9,-6.25,9.0,5.0,False,3.7.0
2026-03-23 18:59:00-04:00,1774306740000,24249.5,False,False,0,0,VWAP_TRIPLE_BEAR,7,12,,9.0,5.0,False,3.7.0
