datetime_et,ts,price,valid_bar,partial_session,label,label_quality,setup_type,score_buy,score_sell,realized_pts,tp_pts,sl_pts,hl_mode,schema
2026-03-25 20:59:59-04:00,1774486799000,24367.75,False,True,0,0,VWAP_TRIPLE_BEAR,14,9,9.0,9.0,5.0,False,3.7.0
2026-03-25 21:01:00-04:00,1774486860000,24377.5,False,True,0,0,CONFLUENCE_BUY,7,5,9.0,9.0,5.0,False,3.7.0
2026-03-25 21:02:00-04:00,1774486920000,24372.5,False,True,0,0,BN_LONG_DN,5,6,9.0,9.0,5.0,False,3.7.0
2026-03-25 21:02:59-04:00,1774486979000,24367.25,False,True,0,0,CONFLUENCE_SELL,6,7,9.0,9.0,5.0,False,3.7.0
2026-03-25 21:04:00-04:00,1774487040000,24363.25,False,True,0,0,VWAP_TRIPLE_BEAR,6,7,9.0,9.0,5.0,False,3.7.0
2026-03-25 21:05:00-04:00,1774487100000,24359.5,False,True,0,0,VWAP_TRIPLE_BEAR,7,5,9.0,9.0,5.0,False,3.7.0
2026-03-25 21:05:59-04:00,1774487159000,24360.0,False,True,0,0,VWAP_TRIPLE_BEAR,5,9,9.0,9.0,5.0,False,3.7.0
2026-03-25 21:07:00-04:00,1774487220000,24358.0,False,True,0,0,VWAP_TRIPLE_BEAR,6,8,9.0,9.0,5.0,False,3.7.0
2026-03-25 21:08:00-04:00,1774487280000,24356.0,False,True,0,0,VWAP_TRIPLE_BEAR,7,5,-18.0,9.0,5.0,False,3.7.0
2026-03-25 21:09:00-04:00,1774487340000,24357.0,False,True,0,0,VWAP_TRIPLE_BEAR,6,7,-10.25,9.0,5.0,False,3.7.0
2026-03-25 21:09:59-04:00,1774487399000,24361.25,False,True,0,0,VWAP_TRIPLE_BEAR,8,5,9.0,9.0,5.0,False,3.7.0
2026-03-25 21:11:00-04:00,1774487460000,24360.5,False,True,0,0,VWAP_TRIPLE_BEAR,7,5,9.0,9.0,5.0,False,3.7.0
2026-03-25 21:12:00-04:00,1774487520000,24357.5,False,True,0,0,VWAP_TRIPLE_BEAR,5,6,-1.25,9.0,5.0,False,3.7.0
2026-03-25 21:12:59-04:00,1774487579000,24362.5,False,True,0,0,VWAP_TRIPLE_BEAR,11,5,9.0,9.0,5.0,False,3.7.0
2026-03-25 21:14:00-04:00,1774487640000,24362.25,False,True,0,0,VWAP_TRIPLE_BEAR,6,7,9.0,9.0,5.0,False,3.7.0
2026-03-25 21:15:00-04:00,1774487700000,24348.5,False,True,0,0,VWAP_TRIPLE_BEAR,5,9,-0.5,9.0,5.0,False,3.7.0
2026-03-25 21:15:59-04:00,1774487759000,24342.25,False,True,0,0,VWAP_TRIPLE_BEAR,6,8,9.0,9.0,5.0,False,3.7.0
2026-03-25 21:17:00-04:00,1774487820000,24344.25,False,True,0,0,VWAP_TRIPLE_BEAR,5,6,9.0,9.0,5.0,False,3.7.0
2026-03-25 21:18:00-04:00,1774487880000,24343.5,False,True,0,0,VWAP_TRIPLE_BEAR,8,6,9.0,9.0,5.0,False,3.7.0
2026-03-25 21:18:59-04:00,1774487939000,24341.0,False,True,0,0,VWAP_TRIPLE_BEAR,6,8,9.0,9.0,5.0,False,3.7.0
2026-03-25 21:20:00-04:00,1774488000000,24347.0,False,True,0,0,VWAP_TRIPLE_BEAR,7,5,6.0,9.0,5.0,False,3.7.0
2026-03-25 21:21:00-04:00,1774488060000,24353.75,False,True,0,0,VWAP_TRIPLE_BEAR,6,5,9.0,9.0,5.0,False,3.7.0
2026-03-25 21:21:59-04:00,1774488119000,24348.25,False,True,0,0,VWAP_TRIPLE_BEAR,5,6,9.0,9.0,5.0,False,3.7.0
2026-03-25 21:23:00-04:00,1774488180000,24351.75,False,True,0,0,VWAP_TRIPLE_BEAR,7,5,9.0,9.0,5.0,False,3.7.0
2026-03-25 21:24:00-04:00,1774488240000,24346.5,False,True,0,0,VWAP_TRIPLE_BEAR,5,8,1.0,9.0,5.0,False,3.7.0
2026-03-25 21:25:00-04:00,1774488300000,24345.75,False,True,0,0,VWAP_TRIPLE_BEAR,5,6,6.25,9.0,5.0,False,3.7.0
2026-03-25 21:25:59-04:00,1774488359000,24346.0,False,True,0,0,VWAP_TRIPLE_BEAR,7,5,14.25,9.0,5.0,False,3.7.0
2026-03-25 21:27:00-04:00,1774488420000,24342.75,False,True,0,0,VWAP_TRIPLE_BEAR,6,10,9.0,9.0,5.0,False,3.7.0
2026-03-25 21:28:00-04:00,1774488480000,24338.0,False,True,0,0,VWAP_TRIPLE_BEAR,9,9,9.0,9.0,5.0,False,3.7.0
2026-03-25 21:28:59-04:00,1774488539000,24346.75,False,True,0,0,VWAP_TRIPLE_BEAR,9,6,9.0,9.0,5.0,False,3.7.0
2026-03-25 21:30:00-04:00,1774488600000,24348.0,False,True,0,0,VWAP_TRIPLE_BEAR,8,5,4.0,9.0,5.0,False,3.7.0
2026-03-25 21:31:00-04:00,1774488660000,24350.75,False,True,0,0,VWAP_TRIPLE_BEAR,8,5,1.5,9.0,5.0,False,3.7.0
2026-03-25 21:31:59-04:00,1774488719000,24356.25,False,True,0,0,VWAP_TRIPLE_BEAR,5,5,9.0,9.0,5.0,False,3.7.0
2026-03-25 21:33:00-04:00,1774488780000,24352.75,False,True,0,0,VWAP_TRIPLE_BEAR,5,5,9.0,9.0,5.0,False,3.7.0
2026-03-25 21:34:00-04:00,1774488840000,24351.25,False,True,0,0,VWAP_TRIPLE_BEAR,5,6,9.0,9.0,5.0,False,3.7.0
2026-03-25 21:34:59-04:00,1774488899000,24348.0,False,True,0,0,VWAP_TRIPLE_BEAR,6,5,6.0,9.0,5.0,False,3.7.0
2026-03-25 21:36:00-04:00,1774488960000,24343.25,False,True,0,0,VWAP_TRIPLE_BEAR,6,9,9.0,9.0,5.0,False,3.7.0
2026-03-25 21:37:00-04:00,1774489020000,24340.0,False,True,0,0,VWAP_TRIPLE_BEAR,6,7,9.0,9.0,5.0,False,3.7.0
2026-03-25 21:38:00-04:00,1774489080000,24348.0,False,True,0,0,VWAP_TRIPLE_BEAR,9,5,9.0,9.0,5.0,False,3.7.0
2026-03-25 21:38:59-04:00,1774489139000,24353.0,False,True,0,0,VWAP_TRIPLE_BEAR,7,5,9.0,9.0,5.0,False,3.7.0
2026-03-25 21:40:00-04:00,1774489200000,24353.0,False,True,0,0,VWAP_TRIPLE_BEAR,7,5,9.0,9.0,5.0,False,3.7.0
2026-03-25 21:41:00-04:00,1774489260000,24363.5,False,True,0,0,VWAP_TRIPLE_BEAR,12,5,9.0,9.0,5.0,False,3.7.0
2026-03-25 21:41:59-04:00,1774489319000,24360.0,False,True,0,0,VWAP_TRIPLE_BEAR,5,7,9.0,9.0,5.0,False,3.7.0
2026-03-25 21:43:00-04:00,1774489380000,24354.75,False,True,0,0,VWAP_TRIPLE_BEAR,6,8,16.5,9.0,5.0,False,3.7.0
2026-03-25 21:44:00-04:00,1774489440000,24347.5,False,True,0,0,VWAP_TRIPLE_BEAR,5,9,9.0,9.0,5.0,False,3.7.0
2026-03-25 21:44:59-04:00,1774489499000,24352.0,False,True,0,0,VWAP_TRIPLE_BEAR,7,6,9.0,9.0,5.0,False,3.7.0
2026-03-25 21:46:00-04:00,1774489560000,24360.25,False,True,0,0,VWAP_TRIPLE_BEAR,8,4,9.25,9.0,5.0,False,3.7.0
2026-03-25 21:47:00-04:00,1774489620000,24356.5,False,True,0,0,VWAP_TRIPLE_BEAR,6,5,9.0,9.0,5.0,False,3.7.0
2026-03-25 21:47:59-04:00,1774489679000,24357.75,False,True,0,0,VWAP_TRIPLE_BEAR,7,5,-4.5,9.0,5.0,False,3.7.0
2026-03-25 21:49:00-04:00,1774489740000,24355.25,False,True,0,0,VWAP_TRIPLE_BEAR,5,6,9.0,9.0,5.0,False,3.7.0
2026-03-25 21:50:00-04:00,1774489800000,24352.0,False,True,0,0,VWAP_TRIPLE_BEAR,5,8,9.0,9.0,5.0,False,3.7.0
2026-03-25 21:50:59-04:00,1774489859000,24352.25,False,True,0,0,VWAP_TRIPLE_BEAR,6,7,9.0,9.0,5.0,False,3.7.0
2026-03-25 21:52:00-04:00,1774489920000,24360.75,False,True,0,0,VWAP_TRIPLE_BEAR,9,4,0.25,9.0,5.0,False,3.7.0
2026-03-25 21:53:00-04:00,1774489980000,24357.25,False,True,0,0,VWAP_TRIPLE_BEAR,5,6,9.0,9.0,5.0,False,3.7.0
2026-03-25 21:54:00-04:00,1774490040000,24352.75,False,True,0,0,VWAP_TRIPLE_BEAR,6,8,9.0,9.0,5.0,False,3.7.0
2026-03-25 21:54:59-04:00,1774490099000,24354.0,False,True,0,0,VWAP_TRIPLE_BEAR,7,4,9.0,9.0,5.0,False,3.7.0
2026-03-25 21:56:00-04:00,1774490160000,24361.5,False,True,0,0,VWAP_TRIPLE_BEAR,8,4,-10.25,9.0,5.0,False,3.7.0
2026-03-25 21:57:00-04:00,1774490220000,24362.5,False,True,0,0,VWAP_TRIPLE_BEAR,9,5,-12.0,9.0,5.0,False,3.7.0
2026-03-25 21:57:59-04:00,1774490279000,24356.5,False,True,0,0,VWAP_TRIPLE_BEAR,6,8,9.0,9.0,5.0,False,3.7.0
2026-03-25 21:59:00-04:00,1774490340000,24363.75,False,True,0,0,VWAP_TRIPLE_BEAR,7,6,9.0,9.0,5.0,False,3.7.0
2026-03-25 22:00:00-04:00,1774490400000,24369.25,False,True,0,0,CONFLUENCE_BUY,9,4,9.0,9.0,5.0,False,3.7.0
2026-03-25 22:00:59-04:00,1774490459000,24371.75,False,True,0,0,CONFLUENCE_BUY,8,4,-18.5,9.0,5.0,False,3.7.0
2026-03-25 22:02:00-04:00,1774490520000,24375.75,False,True,0,0,CONFLUENCE_BUY,8,4,9.0,9.0,5.0,False,3.7.0
2026-03-25 22:03:00-04:00,1774490580000,24371.25,False,True,0,0,BN_LONG_DN,6,5,-29.25,9.0,5.0,False,3.7.0
2026-03-25 22:03:59-04:00,1774490639000,24378.5,False,True,0,0,CONFLUENCE_BUY,6,4,9.0,9.0,5.0,False,3.7.0
2026-03-25 22:05:00-04:00,1774490700000,24375.0,False,True,0,0,BN_LONG_DN,6,7,9.0,9.0,5.0,False,3.7.0
2026-03-25 22:06:00-04:00,1774490760000,24369.5,False,True,0,0,CONFLUENCE_SELL,6,7,9.0,9.0,5.0,False,3.7.0
2026-03-25 22:06:59-04:00,1774490819000,24361.75,False,True,0,0,VWAP_TRIPLE_BEAR,6,8,9.0,9.0,5.0,False,3.7.0
2026-03-25 22:08:00-04:00,1774490880000,24353.25,False,True,0,0,VWAP_TRIPLE_BEAR,6,7,-32.5,9.0,5.0,False,3.7.0
2026-03-25 22:09:00-04:00,1774490940000,24355.75,False,True,0,0,VWAP_TRIPLE_BEAR,5,8,-34.75,9.0,5.0,False,3.7.0
2026-03-25 22:10:00-04:00,1774491000000,24357.25,False,True,0,0,VWAP_TRIPLE_BEAR,7,4,9.0,9.0,5.0,False,3.7.0
2026-03-25 22:10:59-04:00,1774491059000,24357.5,False,True,0,0,VWAP_TRIPLE_BEAR,9,4,9.0,9.0,5.0,False,3.7.0
2026-03-25 22:12:00-04:00,1774491120000,24361.0,False,True,0,0,VWAP_TRIPLE_BEAR,6,7,9.0,9.0,5.0,False,3.7.0
2026-03-25 22:13:00-04:00,1774491180000,24354.25,False,True,0,0,VWAP_TRIPLE_BEAR,5,9,-75.0,9.0,5.0,False,3.7.0
2026-03-25 22:13:59-04:00,1774491239000,24357.75,False,True,0,0,VWAP_TRIPLE_BEAR,8,5,9.0,9.0,5.0,False,3.7.0
2026-03-25 22:15:00-04:00,1774491300000,24350.5,False,True,0,0,VWAP_TRIPLE_BEAR,5,7,9.0,9.0,5.0,False,3.7.0
2026-03-25 22:16:00-04:00,1774491360000,24351.25,False,True,0,0,VWAP_TRIPLE_BEAR,4,7,9.0,9.0,5.0,False,3.7.0
2026-03-25 22:16:59-04:00,1774491419000,24350.5,False,True,0,0,VWAP_TRIPLE_BEAR,7,6,9.0,9.0,5.0,False,3.7.0
2026-03-25 22:18:00-04:00,1774491480000,24351.75,False,True,0,0,VWAP_TRIPLE_BEAR,4,9,9.0,9.0,5.0,False,3.7.0
2026-03-25 22:19:00-04:00,1774491540000,24348.5,False,True,0,0,VWAP_TRIPLE_BEAR,4,8,9.0,9.0,5.0,False,3.7.0
2026-03-25 22:19:59-04:00,1774491599000,24361.25,False,True,0,0,VWAP_TRIPLE_BEAR,10,4,9.0,9.0,5.0,False,3.7.0
2026-03-25 22:21:00-04:00,1774491660000,24353.25,False,True,0,0,VWAP_TRIPLE_BEAR,4,9,9.0,9.0,5.0,False,3.7.0
2026-03-25 22:22:00-04:00,1774491720000,24339.75,False,True,0,0,VWAP_TRIPLE_BEAR,5,11,9.0,9.0,5.0,False,3.7.0
2026-03-25 22:23:00-04:00,1774491780000,24342.0,False,True,0,0,VWAP_TRIPLE_BEAR,6,7,9.0,9.0,5.0,False,3.7.0
2026-03-25 22:23:59-04:00,1774491839000,24341.0,False,True,0,0,VWAP_TRIPLE_BEAR,5,6,9.0,9.0,5.0,False,3.7.0
2026-03-25 22:25:00-04:00,1774491900000,24337.75,False,True,0,0,VWAP_TRIPLE_BEAR,5,8,9.0,9.0,5.0,False,3.7.0
2026-03-25 22:26:00-04:00,1774491960000,24341.0,False,True,0,0,VWAP_TRIPLE_BEAR,5,8,9.0,9.0,5.0,False,3.7.0
2026-03-25 22:26:59-04:00,1774492019000,24335.25,False,True,0,0,VWAP_TRIPLE_BEAR,5,9,9.0,9.0,5.0,False,3.7.0
2026-03-25 22:28:00-04:00,1774492080000,24320.75,False,True,0,0,VWAP_TRIPLE_BEAR,7,12,9.0,9.0,5.0,False,3.7.0
2026-03-25 22:29:00-04:00,1774492140000,24321.0,False,True,0,0,VWAP_TRIPLE_BEAR,6,8,9.0,9.0,5.0,False,3.7.0
2026-03-25 22:29:59-04:00,1774492199000,24318.75,False,True,0,0,VWAP_TRIPLE_BEAR,11,7,9.0,9.0,5.0,False,3.7.0
2026-03-25 22:31:00-04:00,1774492260000,24304.75,False,True,0,0,VWAP_TRIPLE_BEAR,5,12,9.0,9.0,5.0,False,3.7.0
2026-03-25 22:32:00-04:00,1774492320000,24291.0,False,True,0,0,VWAP_TRIPLE_BEAR,5,10,9.0,9.0,5.0,False,3.7.0
2026-03-25 22:32:59-04:00,1774492379000,24279.25,False,True,0,0,VWAP_TRIPLE_BEAR,6,7,9.0,9.0,5.0,False,3.7.0
2026-03-25 22:34:00-04:00,1774492440000,24273.25,False,True,0,0,VWAP_TRIPLE_BEAR,6,8,9.0,9.0,5.0,False,3.7.0
2026-03-25 22:35:00-04:00,1774492500000,24268.75,False,True,0,0,VWAP_TRIPLE_BEAR,7,8,9.0,9.0,5.0,False,3.7.0
2026-03-25 22:35:59-04:00,1774492559000,24273.25,False,True,0,0,VWAP_TRIPLE_BEAR,6,8,9.0,9.0,5.0,False,3.7.0
2026-03-25 22:37:00-04:00,1774492620000,24264.0,False,True,0,0,VWAP_TRIPLE_BEAR,7,11,9.0,9.0,5.0,False,3.7.0
2026-03-25 22:38:00-04:00,1774492680000,24264.0,False,True,0,0,VWAP_TRIPLE_BEAR,6,8,9.0,9.0,5.0,False,3.7.0
2026-03-25 22:39:00-04:00,1774492740000,24259.25,False,True,0,0,VWAP_TRIPLE_BEAR,6,7,9.0,9.0,5.0,False,3.7.0
2026-03-25 22:39:59-04:00,1774492799000,24267.0,False,True,0,0,VWAP_TRIPLE_BEAR,7,9,9.0,9.0,5.0,False,3.7.0
2026-03-25 22:41:00-04:00,1774492860000,24272.75,False,True,0,0,VWAP_TRIPLE_BEAR,10,7,9.0,9.0,5.0,False,3.7.0
2026-03-25 22:42:00-04:00,1774492920000,24280.25,False,True,0,0,VWAP_TRIPLE_BEAR,9,8,9.0,9.0,5.0,False,3.7.0
2026-03-25 22:42:59-04:00,1774492979000,24278.0,False,True,0,0,VWAP_TRIPLE_BEAR,6,8,9.0,9.0,5.0,False,3.7.0
2026-03-25 22:44:00-04:00,1774493040000,24282.25,False,True,0,0,VWAP_TRIPLE_BEAR,7,7,9.0,9.0,5.0,False,3.7.0
2026-03-25 22:45:00-04:00,1774493100000,24287.75,False,True,0,0,VWAP_TRIPLE_BEAR,8,7,1.25,9.0,5.0,False,3.7.0
2026-03-25 22:45:59-04:00,1774493159000,24295.5,False,True,0,0,VWAP_TRIPLE_BEAR,9,8,9.0,9.0,5.0,False,3.7.0
2026-03-25 22:47:00-04:00,1774493220000,24285.75,False,True,0,0,VWAP_TRIPLE_BEAR,7,10,3.0,9.0,5.0,False,3.7.0
2026-03-25 22:48:00-04:00,1774493280000,24290.0,False,True,0,0,VWAP_TRIPLE_BEAR,6,8,9.0,9.0,5.0,False,3.7.0
2026-03-25 22:48:59-04:00,1774493339000,24288.25,False,True,0,0,VWAP_TRIPLE_BEAR,7,8,-2.5,9.0,5.0,False,3.7.0
2026-03-25 22:50:00-04:00,1774493400000,24290.75,False,True,0,0,VWAP_TRIPLE_BEAR,8,7,9.0,9.0,5.0,False,3.7.0
2026-03-25 22:51:00-04:00,1774493460000,24291.0,False,True,0,0,VWAP_TRIPLE_BEAR,8,7,9.0,9.0,5.0,False,3.7.0
2026-03-25 22:51:59-04:00,1774493519000,24288.0,False,True,0,0,VWAP_TRIPLE_BEAR,7,8,4.5,9.0,5.0,False,3.7.0
2026-03-25 22:53:00-04:00,1774493580000,24288.75,False,True,0,0,VWAP_TRIPLE_BEAR,10,7,17.0,9.0,5.0,False,3.7.0
2026-03-25 22:54:00-04:00,1774493640000,24289.0,False,True,0,0,VWAP_TRIPLE_BEAR,6,7,25.75,9.0,5.0,False,3.7.0
2026-03-25 22:55:00-04:00,1774493700000,24289.5,False,True,0,0,VWAP_TRIPLE_BEAR,8,6,9.0,9.0,5.0,False,3.7.0
2026-03-25 22:55:59-04:00,1774493759000,24286.75,False,True,0,0,VWAP_TRIPLE_BEAR,7,8,26.5,9.0,5.0,False,3.7.0
2026-03-25 22:57:00-04:00,1774493820000,24280.75,False,True,0,0,VWAP_TRIPLE_BEAR,6,9,9.0,9.0,5.0,False,3.7.0
2026-03-25 22:58:00-04:00,1774493880000,24280.25,False,True,0,0,VWAP_TRIPLE_BEAR,6,9,9.0,9.0,5.0,False,3.7.0
2026-03-25 22:58:59-04:00,1774493939000,24284.25,False,True,0,0,VWAP_TRIPLE_BEAR,10,6,9.0,9.0,5.0,False,3.7.0
2026-03-25 23:00:00-04:00,1774494000000,24285.0,False,True,0,0,VWAP_TRIPLE_BEAR,7,10,9.0,9.0,5.0,False,3.7.0
2026-03-25 23:01:00-04:00,1774494060000,24292.25,False,True,0,0,VWAP_TRIPLE_BEAR,10,7,30.75,9.0,5.0,False,3.7.0
2026-03-25 23:01:59-04:00,1774494119000,24295.5,False,True,0,0,VWAP_TRIPLE_BEAR,11,7,9.0,9.0,5.0,False,3.7.0
2026-03-25 23:03:00-04:00,1774494180000,24292.0,False,True,0,0,VWAP_TRIPLE_BEAR,7,9,41.25,9.0,5.0,False,3.7.0
2026-03-25 23:04:00-04:00,1774494240000,24285.25,False,True,0,0,VWAP_TRIPLE_BEAR,7,9,9.0,9.0,5.0,False,3.7.0
2026-03-25 23:04:59-04:00,1774494299000,24289.0,False,True,0,0,VWAP_TRIPLE_BEAR,10,7,9.0,9.0,5.0,False,3.7.0
2026-03-25 23:06:00-04:00,1774494360000,24292.75,False,True,0,0,VWAP_TRIPLE_BEAR,11,6,50.75,9.0,5.0,False,3.7.0
2026-03-25 23:07:00-04:00,1774494420000,24288.75,False,True,0,0,VWAP_TRIPLE_BEAR,7,10,9.0,9.0,5.0,False,3.7.0
2026-03-25 23:08:00-04:00,1774494480000,24290.25,False,True,0,0,VWAP_TRIPLE_BEAR,7,7,9.0,9.0,5.0,False,3.7.0
2026-03-25 23:08:59-04:00,1774494539000,24285.75,False,True,0,0,VWAP_TRIPLE_BEAR,7,7,9.0,9.0,5.0,False,3.7.0
2026-03-25 23:10:00-04:00,1774494600000,24286.75,False,True,0,0,VWAP_TRIPLE_BEAR,6,8,9.0,9.0,5.0,False,3.7.0
2026-03-25 23:11:00-04:00,1774494660000,24290.5,False,True,0,0,VWAP_TRIPLE_BEAR,11,6,9.0,9.0,5.0,False,3.7.0
2026-03-25 23:11:59-04:00,1774494719000,24292.5,False,True,0,0,VWAP_TRIPLE_BEAR,10,6,9.0,9.0,5.0,False,3.7.0
2026-03-25 23:13:00-04:00,1774494780000,24305.75,False,True,0,0,VWAP_TRIPLE_BEAR,12,6,9.0,9.0,5.0,False,3.7.0
2026-03-25 23:14:00-04:00,1774494840000,24314.75,False,True,0,0,VWAP_TRIPLE_BEAR,12,6,9.0,9.0,5.0,False,3.7.0
2026-03-25 23:14:59-04:00,1774494899000,24315.5,False,True,0,0,VWAP_TRIPLE_BEAR,9,7,9.0,9.0,5.0,False,3.7.0
2026-03-25 23:16:00-04:00,1774494960000,24313.25,False,True,0,0,VWAP_TRIPLE_BEAR,8,6,9.0,9.0,5.0,False,3.7.0
2026-03-25 23:17:00-04:00,1774495020000,24311.0,False,True,0,0,VWAP_TRIPLE_BEAR,7,9,9.0,9.0,5.0,False,3.7.0
2026-03-25 23:17:59-04:00,1774495079000,24317.25,False,True,0,0,VWAP_TRIPLE_BEAR,9,6,9.0,9.0,5.0,False,3.7.0
2026-03-25 23:19:00-04:00,1774495140000,24315.25,False,True,0,0,VWAP_TRIPLE_BEAR,8,7,9.0,9.0,5.0,False,3.7.0
2026-03-25 23:20:00-04:00,1774495200000,24317.5,False,True,0,0,VWAP_TRIPLE_BEAR,8,6,9.0,9.0,5.0,False,3.7.0
2026-03-25 23:20:59-04:00,1774495259000,24323.0,False,True,0,0,VWAP_TRIPLE_BEAR,11,6,9.0,9.0,5.0,False,3.7.0
2026-03-25 23:22:00-04:00,1774495320000,24331.0,False,True,0,0,VWAP_TRIPLE_BEAR,7,6,9.0,9.0,5.0,False,3.7.0
2026-03-25 23:23:00-04:00,1774495380000,24333.25,False,True,0,0,VWAP_TRIPLE_BEAR,8,6,9.0,9.0,5.0,False,3.7.0
2026-03-25 23:24:00-04:00,1774495440000,24340.75,False,True,0,0,VWAP_TRIPLE_BEAR,9,6,59.25,9.0,5.0,False,3.7.0
2026-03-25 23:24:59-04:00,1774495499000,24343.75,False,True,0,0,VWAP_TRIPLE_BEAR,11,5,52.5,9.0,5.0,False,3.7.0
2026-03-25 23:26:00-04:00,1774495560000,24343.5,False,True,0,0,VWAP_TRIPLE_BEAR,7,8,51.5,9.0,5.0,False,3.7.0
2026-03-25 23:27:00-04:00,1774495620000,24338.75,False,True,0,0,VWAP_TRIPLE_BEAR,7,9,9.0,9.0,5.0,False,3.7.0
2026-03-25 23:27:59-04:00,1774495679000,24337.75,False,True,0,0,VWAP_TRIPLE_BEAR,6,9,9.0,9.0,5.0,False,3.7.0
2026-03-25 23:29:00-04:00,1774495740000,24335.75,False,True,0,0,VWAP_TRIPLE_BEAR,6,6,9.0,9.0,5.0,False,3.7.0
2026-03-25 23:30:00-04:00,1774495800000,24353.5,False,True,0,0,VWAP_TRIPLE_BEAR,12,4,9.0,9.0,5.0,False,3.7.0
2026-03-25 23:30:59-04:00,1774495859000,24364.5,False,True,0,0,BN_LONG_UP,8,5,9.0,9.0,5.0,False,3.7.0
2026-03-25 23:32:00-04:00,1774495920000,24373.75,False,True,0,0,CONFLUENCE_BUY,5,4,9.0,9.0,5.0,False,3.7.0
2026-03-25 23:33:00-04:00,1774495980000,24376.0,False,True,0,0,BN_LONG_UP,7,5,9.0,9.0,5.0,False,3.7.0
2026-03-25 23:33:59-04:00,1774496039000,24392.0,False,True,0,0,RVOL_SPIKE_BUY,9,5,9.0,9.0,5.0,False,3.7.0
2026-03-25 23:35:00-04:00,1774496100000,24402.0,False,True,0,0,CONFLUENCE_BUY,6,5,9.0,9.0,5.0,False,3.7.0
2026-03-25 23:36:00-04:00,1774496160000,24398.0,False,True,0,0,BN_LONG_UP,7,4,9.0,9.0,5.0,False,3.7.0
2026-03-25 23:36:59-04:00,1774496219000,24405.0,False,True,0,0,BN_LONG_DN,7,5,9.0,9.0,5.0,False,3.7.0
2026-03-25 23:38:00-04:00,1774496280000,24405.25,False,True,0,0,CONFLUENCE_BUY,6,4,9.0,9.0,5.0,False,3.7.0
2026-03-25 23:39:00-04:00,1774496340000,24406.0,False,True,0,0,CONFLUENCE_BUY,6,4,9.0,9.0,5.0,False,3.7.0
2026-03-25 23:40:00-04:00,1774496400000,24416.25,False,True,0,0,CONFLUENCE_BUY,9,6,9.0,9.0,5.0,False,3.7.0
2026-03-25 23:40:59-04:00,1774496459000,24410.25,False,True,0,0,BN_LONG_DN,6,8,9.0,9.0,5.0,False,3.7.0
2026-03-25 23:42:00-04:00,1774496520000,24405.5,False,True,0,0,NONE,6,6,9.0,9.0,5.0,False,3.7.0
2026-03-25 23:43:00-04:00,1774496580000,24402.5,False,True,0,0,BN_LONG_DN,7,5,9.0,9.0,5.0,False,3.7.0
2026-03-25 23:43:59-04:00,1774496639000,24400.0,False,True,0,0,BN_LONG_DN,7,5,9.0,9.0,5.0,False,3.7.0
2026-03-25 23:45:00-04:00,1774496700000,24396.25,False,True,0,0,NONE,6,6,9.0,9.0,5.0,False,3.7.0
2026-03-25 23:46:00-04:00,1774496760000,24395.0,False,True,0,0,CONFLUENCE_BUY,7,4,9.0,9.0,5.0,False,3.7.0
2026-03-25 23:46:59-04:00,1774496819000,24394.0,False,True,0,0,BN_LONG_DN,6,4,9.0,9.0,5.0,False,3.7.0
2026-03-25 23:48:00-04:00,1774496880000,24386.25,False,True,0,0,BN_LONG_DN,6,6,9.0,9.0,5.0,False,3.7.0
2026-03-25 23:49:00-04:00,1774496940000,24387.0,False,True,0,0,CONFLUENCE_BUY,7,3,9.0,9.0,5.0,False,3.7.0
2026-03-25 23:49:59-04:00,1774496999000,24382.5,False,True,0,0,BN_LONG_DN,6,7,9.0,9.0,5.0,False,3.7.0
2026-03-25 23:51:00-04:00,1774497060000,24378.0,False,True,0,0,CONFLUENCE_SELL,7,8,9.0,9.0,5.0,False,3.7.0
2026-03-25 23:52:00-04:00,1774497120000,24376.25,False,True,0,0,CONFLUENCE_BUY,7,4,-2.0,9.0,5.0,False,3.7.0
2026-03-25 23:53:00-04:00,1774497180000,24377.0,False,True,0,0,CONFLUENCE_BUY,9,4,-10.25,9.0,5.0,False,3.7.0
2026-03-25 23:53:59-04:00,1774497239000,24377.25,False,True,0,0,CONFLUENCE_BUY,6,4,-9.5,9.0,5.0,False,3.7.0
2026-03-25 23:55:00-04:00,1774497300000,24382.5,False,True,0,0,CONFLUENCE_BUY,9,3,9.0,9.0,5.0,False,3.7.0
2026-03-25 23:56:00-04:00,1774497360000,24376.25,False,True,0,0,BN_LONG_UP,7,7,9.0,9.0,5.0,False,3.7.0
2026-03-25 23:56:59-04:00,1774497419000,24380.5,False,True,0,0,BN_LONG_DN,7,4,9.0,9.0,5.0,False,3.7.0
2026-03-25 23:58:00-04:00,1774497480000,24378.5,False,True,0,0,CONFLUENCE_SELL,7,8,9.0,9.0,5.0,False,3.7.0
2026-03-25 23:59:00-04:00,1774497540000,24380.0,False,True,0,0,CONFLUENCE_BUY,9,4,9.0,9.0,5.0,False,3.7.0
2026-03-26 00:01:00-04:00,1774497660000,24369.75,False,False,0,0,RVOL_SPIKE_SELL,6,10,9.0,9.0,5.0,False,3.7.0
2026-03-26 00:02:00-04:00,1774497720000,24373.5,False,False,0,0,BN_LONG_UP,7,4,9.0,9.0,5.0,False,3.7.0
2026-03-26 00:02:59-04:00,1774497779000,24361.75,False,False,0,0,VWAP_TRIPLE_BEAR,5,9,9.0,9.0,5.0,False,3.7.0
2026-03-26 00:04:00-04:00,1774497840000,24362.25,False,False,0,0,VWAP_TRIPLE_BEAR,6,6,9.0,9.0,5.0,False,3.7.0
2026-03-26 00:05:00-04:00,1774497900000,24364.5,False,False,0,0,NONE,6,6,9.0,9.0,5.0,False,3.7.0
2026-03-26 00:05:59-04:00,1774497959000,24361.0,False,False,0,0,VWAP_TRIPLE_BEAR,5,9,9.0,9.0,5.0,False,3.7.0
2026-03-26 00:07:00-04:00,1774498020000,24365.25,False,False,0,0,BN_LONG_UP,10,6,9.0,9.0,5.0,False,3.7.0
2026-03-26 00:08:00-04:00,1774498080000,24369.5,False,False,0,0,BN_LONG_UP,8,5,9.0,9.0,5.0,False,3.7.0
2026-03-26 00:09:00-04:00,1774498140000,24370.75,False,False,0,0,CONFLUENCE_BUY,6,5,9.0,9.0,5.0,False,3.7.0
2026-03-26 00:09:59-04:00,1774498199000,24368.75,False,False,0,0,BN_LONG_UP,8,5,-2.5,9.0,5.0,False,3.7.0
2026-03-26 00:11:00-04:00,1774498260000,24367.75,False,False,0,0,BN_LONG_DN,6,7,-8.25,9.0,5.0,False,3.7.0
2026-03-26 00:12:00-04:00,1774498320000,24373.0,False,False,0,0,CONFLUENCE_BUY,9,4,9.0,9.0,5.0,False,3.7.0
2026-03-26 00:12:59-04:00,1774498379000,24374.25,False,False,0,0,CONFLUENCE_BUY,5,4,9.0,9.0,5.0,False,3.7.0
2026-03-26 00:14:00-04:00,1774498440000,24366.75,False,False,0,0,BN_LONG_UP,7,5,-14.25,9.0,5.0,False,3.7.0
2026-03-26 00:15:00-04:00,1774498500000,24367.75,False,False,0,0,BN_LONG_DN,6,6,9.0,9.0,5.0,False,3.7.0
2026-03-26 00:15:59-04:00,1774498559000,24372.25,False,False,0,0,BN_LONG_UP,9,5,9.0,9.0,5.0,False,3.7.0
2026-03-26 00:17:00-04:00,1774498620000,24364.25,False,False,0,0,BN_LONG_DN,6,10,9.0,9.0,5.0,False,3.7.0
2026-03-26 00:18:00-04:00,1774498680000,24360.75,False,False,0,0,VWAP_TRIPLE_BEAR,5,5,-5.75,9.0,5.0,False,3.7.0
2026-03-26 00:18:59-04:00,1774498739000,24360.5,False,False,0,0,VWAP_TRIPLE_BEAR,4,5,-7.0,9.0,5.0,False,3.7.0
2026-03-26 00:20:00-04:00,1774498800000,24360.75,False,False,0,0,VWAP_TRIPLE_BEAR,4,7,-3.0,9.0,5.0,False,3.7.0
2026-03-26 00:21:00-04:00,1774498860000,24360.5,False,False,0,0,VWAP_TRIPLE_BEAR,8,5,-4.25,9.0,5.0,False,3.7.0
2026-03-26 00:21:59-04:00,1774498919000,24366.0,False,False,0,0,CONFLUENCE_BUY,7,6,9.0,9.0,5.0,False,3.7.0
2026-03-26 00:23:00-04:00,1774498980000,24359.0,False,False,0,0,VWAP_TRIPLE_BEAR,8,9,-4.25,9.0,5.0,False,3.7.0
2026-03-26 00:24:00-04:00,1774499040000,24354.75,False,False,0,0,VWAP_TRIPLE_BEAR,5,10,9.0,9.0,5.0,False,3.7.0
2026-03-26 00:25:00-04:00,1774499100000,24365.25,False,False,0,0,RVOL_SPIKE_BUY,13,6,9.0,9.0,5.0,False,3.7.0
2026-03-26 00:25:59-04:00,1774499159000,24363.75,False,False,0,0,VWAP_TRIPLE_BEAR,7,6,9.0,9.0,5.0,False,3.7.0
2026-03-26 00:27:00-04:00,1774499220000,24361.75,False,False,0,0,VWAP_TRIPLE_BEAR,7,5,9.0,9.0,5.0,False,3.7.0
2026-03-26 00:28:00-04:00,1774499280000,24361.0,False,False,0,0,VWAP_TRIPLE_BEAR,6,5,-12.0,9.0,5.0,False,3.7.0
2026-03-26 00:28:59-04:00,1774499339000,24361.5,False,False,0,0,VWAP_TRIPLE_BEAR,5,8,9.0,9.0,5.0,False,3.7.0
2026-03-26 00:30:00-04:00,1774499400000,24366.25,False,False,0,0,BN_LONG_UP,10,6,9.0,9.0,5.0,False,3.7.0
2026-03-26 00:31:00-04:00,1774499460000,24359.5,False,False,0,0,VWAP_TRIPLE_BEAR,7,6,9.0,9.0,5.0,False,3.7.0
2026-03-26 00:31:59-04:00,1774499519000,24355.75,False,False,0,0,VWAP_TRIPLE_BEAR,6,9,9.0,9.0,5.0,False,3.7.0
2026-03-26 00:33:00-04:00,1774499580000,24356.0,False,False,0,0,VWAP_TRIPLE_BEAR,5,9,9.0,9.0,5.0,False,3.7.0
2026-03-26 00:34:00-04:00,1774499640000,24352.5,False,False,0,0,VWAP_TRIPLE_BEAR,5,9,-20.0,9.0,5.0,False,3.7.0
2026-03-26 00:34:59-04:00,1774499699000,24354.5,False,False,0,0,VWAP_TRIPLE_BEAR,8,6,9.0,9.0,5.0,False,3.7.0
2026-03-26 00:36:00-04:00,1774499760000,24357.0,False,False,0,0,VWAP_TRIPLE_BEAR,9,6,9.0,9.0,5.0,False,3.7.0
2026-03-26 00:37:00-04:00,1774499820000,24356.25,False,False,0,0,VWAP_TRIPLE_BEAR,10,5,9.0,9.0,5.0,False,3.7.0
2026-03-26 00:38:00-04:00,1774499880000,24355.0,False,False,0,0,VWAP_TRIPLE_BEAR,5,9,9.0,9.0,5.0,False,3.7.0
2026-03-26 00:38:59-04:00,1774499939000,24353.5,False,False,0,0,VWAP_TRIPLE_BEAR,5,9,9.0,9.0,5.0,False,3.7.0
2026-03-26 00:40:00-04:00,1774500000000,24357.75,False,False,0,0,VWAP_TRIPLE_BEAR,9,7,9.0,9.0,5.0,False,3.7.0
2026-03-26 00:41:00-04:00,1774500060000,24356.25,False,False,0,0,VWAP_TRIPLE_BEAR,8,5,9.0,9.0,5.0,False,3.7.0
2026-03-26 00:41:59-04:00,1774500119000,24356.25,False,False,0,0,VWAP_TRIPLE_BEAR,5,9,9.0,9.0,5.0,False,3.7.0
2026-03-26 00:43:00-04:00,1774500180000,24354.75,False,False,0,0,VWAP_TRIPLE_BEAR,6,7,9.0,9.0,5.0,False,3.7.0
2026-03-26 00:44:00-04:00,1774500240000,24353.0,False,False,0,0,VWAP_TRIPLE_BEAR,5,6,9.0,9.0,5.0,False,3.7.0
2026-03-26 00:44:59-04:00,1774500299000,24355.5,False,False,0,0,VWAP_TRIPLE_BEAR,7,5,9.0,9.0,5.0,False,3.7.0
2026-03-26 00:46:00-04:00,1774500360000,24350.0,False,False,0,0,VWAP_TRIPLE_BEAR,5,9,9.0,9.0,5.0,False,3.7.0
2026-03-26 00:47:00-04:00,1774500420000,24348.75,False,False,0,0,VWAP_TRIPLE_BEAR,4,7,9.0,9.0,5.0,False,3.7.0
2026-03-26 00:47:59-04:00,1774500479000,24349.0,False,False,0,0,VWAP_TRIPLE_BEAR,8,5,9.0,9.0,5.0,False,3.7.0
2026-03-26 00:49:00-04:00,1774500540000,24348.5,False,False,0,0,VWAP_TRIPLE_BEAR,7,5,9.0,9.0,5.0,False,3.7.0
2026-03-26 00:50:00-04:00,1774500600000,24344.5,False,False,0,0,VWAP_TRIPLE_BEAR,6,5,9.0,9.0,5.0,False,3.7.0
2026-03-26 00:50:59-04:00,1774500659000,24347.25,False,False,0,0,VWAP_TRIPLE_BEAR,7,5,9.0,9.0,5.0,False,3.7.0
2026-03-26 00:52:00-04:00,1774500720000,24344.5,False,False,0,0,VWAP_TRIPLE_BEAR,5,7,9.0,9.0,5.0,False,3.7.0
2026-03-26 00:53:00-04:00,1774500780000,24334.5,False,False,0,0,VWAP_TRIPLE_BEAR,5,9,9.0,9.0,5.0,False,3.7.0
2026-03-26 00:54:00-04:00,1774500840000,24332.5,False,False,0,0,VWAP_TRIPLE_BEAR,7,8,9.0,9.0,5.0,False,3.7.0
2026-03-26 00:54:59-04:00,1774500899000,24318.0,False,False,0,0,VWAP_TRIPLE_BEAR,5,11,9.0,9.0,5.0,False,3.7.0
2026-03-26 00:56:00-04:00,1774500960000,24326.0,False,False,0,0,VWAP_TRIPLE_BEAR,9,7,-28.0,9.0,5.0,False,3.7.0
2026-03-26 00:57:00-04:00,1774501020000,24320.0,False,False,0,0,VWAP_TRIPLE_BEAR,5,8,9.0,9.0,5.0,False,3.7.0
2026-03-26 00:57:59-04:00,1774501079000,24321.0,False,False,0,0,VWAP_TRIPLE_BEAR,6,6,9.0,9.0,5.0,False,3.7.0
2026-03-26 00:59:00-04:00,1774501140000,24324.75,False,False,0,0,VWAP_TRIPLE_BEAR,9,6,9.0,9.0,5.0,False,3.7.0
2026-03-26 01:00:00-04:00,1774501200000,24325.25,False,False,0,0,VWAP_TRIPLE_BEAR,8,6,9.0,9.0,5.0,False,3.7.0
2026-03-26 01:00:59-04:00,1774501259000,24331.75,False,False,0,0,VWAP_TRIPLE_BEAR,6,6,-39.5,9.0,5.0,False,3.7.0
2026-03-26 01:02:00-04:00,1774501320000,24330.75,False,False,0,0,VWAP_TRIPLE_BEAR,4,6,-30.75,9.0,5.0,False,3.7.0
2026-03-26 01:03:00-04:00,1774501380000,24333.5,False,False,0,0,VWAP_TRIPLE_BEAR,4,6,-39.25,9.0,5.0,False,3.7.0
2026-03-26 01:03:59-04:00,1774501439000,24338.75,False,False,0,0,VWAP_TRIPLE_BEAR,8,5,9.0,9.0,5.0,False,3.7.0
2026-03-26 01:05:00-04:00,1774501500000,24327.25,False,False,0,0,VWAP_TRIPLE_BEAR,6,10,9.0,9.0,5.0,False,3.7.0
2026-03-26 01:06:00-04:00,1774501560000,24319.0,False,False,0,0,VWAP_TRIPLE_BEAR,5,9,9.0,9.0,5.0,False,3.7.0
2026-03-26 01:06:59-04:00,1774501619000,24312.5,False,False,0,0,VWAP_TRIPLE_BEAR,6,9,9.0,9.0,5.0,False,3.7.0
2026-03-26 01:08:00-04:00,1774501680000,24306.75,False,False,0,0,VWAP_TRIPLE_BEAR,6,10,9.0,9.0,5.0,False,3.7.0
2026-03-26 01:09:00-04:00,1774501740000,24304.0,False,False,0,0,VWAP_TRIPLE_BEAR,7,7,9.0,9.0,5.0,False,3.7.0
2026-03-26 01:10:00-04:00,1774501800000,24303.5,False,False,0,0,VWAP_TRIPLE_BEAR,7,7,9.0,9.0,5.0,False,3.7.0
2026-03-26 01:10:59-04:00,1774501859000,24305.25,False,False,0,0,VWAP_TRIPLE_BEAR,7,6,9.0,9.0,5.0,False,3.7.0
2026-03-26 01:12:00-04:00,1774501920000,24294.0,False,False,0,0,VWAP_TRIPLE_BEAR,6,8,9.0,9.0,5.0,False,3.7.0
2026-03-26 01:13:00-04:00,1774501980000,24296.25,False,False,0,0,VWAP_TRIPLE_BEAR,5,8,-14.0,9.0,5.0,False,3.7.0
2026-03-26 01:13:59-04:00,1774502039000,24301.75,False,False,0,0,VWAP_TRIPLE_BEAR,10,6,9.0,9.0,5.0,False,3.7.0
2026-03-26 01:15:00-04:00,1774502100000,24300.5,False,False,0,0,VWAP_TRIPLE_BEAR,8,6,9.0,9.0,5.0,False,3.7.0
2026-03-26 01:16:00-04:00,1774502160000,24298.0,False,False,0,0,VWAP_TRIPLE_BEAR,7,8,-6.75,9.0,5.0,False,3.7.0
2026-03-26 01:16:59-04:00,1774502219000,24301.75,False,False,0,0,VWAP_TRIPLE_BEAR,9,7,9.0,9.0,5.0,False,3.7.0
2026-03-26 01:18:00-04:00,1774502280000,24303.0,False,False,0,0,VWAP_TRIPLE_BEAR,7,7,9.0,9.0,5.0,False,3.7.0
2026-03-26 01:19:00-04:00,1774502340000,24302.5,False,False,0,0,VWAP_TRIPLE_BEAR,7,6,9.0,9.0,5.0,False,3.7.0
2026-03-26 01:19:59-04:00,1774502399000,24303.5,False,False,0,0,VWAP_TRIPLE_BEAR,7,6,9.0,9.0,5.0,False,3.7.0
2026-03-26 01:21:00-04:00,1774502460000,24292.25,False,False,0,0,VWAP_TRIPLE_BEAR,5,9,0.25,9.0,5.0,False,3.7.0
2026-03-26 01:22:00-04:00,1774502520000,24300.0,False,False,0,0,VWAP_TRIPLE_BEAR,8,8,9.0,9.0,5.0,False,3.7.0
2026-03-26 01:23:00-04:00,1774502580000,24294.25,False,False,0,0,VWAP_TRIPLE_BEAR,5,8,9.0,9.0,5.0,False,3.7.0
2026-03-26 01:23:59-04:00,1774502639000,24290.75,False,False,0,0,VWAP_TRIPLE_BEAR,6,10,9.0,9.0,5.0,False,3.7.0
2026-03-26 01:25:00-04:00,1774502700000,24269.25,False,False,0,0,VWAP_TRIPLE_BEAR,6,9,9.0,9.0,5.0,False,3.7.0
2026-03-26 01:26:00-04:00,1774502760000,24266.5,False,False,0,0,VWAP_TRIPLE_BEAR,7,7,9.0,9.0,5.0,False,3.7.0
2026-03-26 01:26:59-04:00,1774502819000,24269.25,False,False,0,0,VWAP_TRIPLE_BEAR,7,8,9.0,9.0,5.0,False,3.7.0
2026-03-26 01:28:00-04:00,1774502880000,24272.0,False,False,0,0,VWAP_TRIPLE_BEAR,9,7,9.0,9.0,5.0,False,3.7.0
2026-03-26 01:29:00-04:00,1774502940000,24277.0,False,False,0,0,VWAP_TRIPLE_BEAR,9,8,-3.75,9.0,5.0,False,3.7.0
2026-03-26 01:29:59-04:00,1774502999000,24275.25,False,False,0,0,VWAP_TRIPLE_BEAR,7,8,9.0,9.0,5.0,False,3.7.0
2026-03-26 01:31:00-04:00,1774503060000,24272.0,False,False,0,0,VWAP_TRIPLE_BEAR,7,7,9.0,9.0,5.0,False,3.7.0
2026-03-26 01:32:00-04:00,1774503120000,24273.0,False,False,0,0,VWAP_TRIPLE_BEAR,8,7,9.0,9.0,5.0,False,3.7.0
2026-03-26 01:32:59-04:00,1774503179000,24282.25,False,False,0,0,VWAP_TRIPLE_BEAR,10,7,9.0,9.0,5.0,False,3.7.0
2026-03-26 01:34:00-04:00,1774503240000,24284.0,False,False,0,0,VWAP_TRIPLE_BEAR,6,7,-26.25,9.0,5.0,False,3.7.0
2026-03-26 01:35:00-04:00,1774503300000,24291.25,False,False,0,0,VWAP_TRIPLE_BEAR,11,7,9.0,9.0,5.0,False,3.7.0
2026-03-26 01:35:59-04:00,1774503359000,24291.25,False,False,0,0,VWAP_TRIPLE_BEAR,7,9,9.0,9.0,5.0,False,3.7.0
2026-03-26 01:37:00-04:00,1774503420000,24278.25,False,False,0,0,VWAP_TRIPLE_BEAR,5,10,9.0,9.0,5.0,False,3.7.0
2026-03-26 01:38:00-04:00,1774503480000,24280.75,False,False,0,0,VWAP_TRIPLE_BEAR,5,10,9.0,9.0,5.0,False,3.7.0
2026-03-26 01:39:00-04:00,1774503540000,24283.25,False,False,0,0,VWAP_TRIPLE_BEAR,6,7,9.0,9.0,5.0,False,3.7.0
2026-03-26 01:39:59-04:00,1774503599000,24281.5,False,False,0,0,VWAP_TRIPLE_BEAR,6,8,9.0,9.0,5.0,False,3.7.0
2026-03-26 01:41:00-04:00,1774503660000,24292.5,False,False,0,0,VWAP_TRIPLE_BEAR,10,7,9.0,9.0,5.0,False,3.7.0
2026-03-26 01:42:00-04:00,1774503720000,24290.75,False,False,0,0,VWAP_TRIPLE_BEAR,10,7,9.0,9.0,5.0,False,3.7.0
2026-03-26 01:42:59-04:00,1774503779000,24281.0,False,False,0,0,VWAP_TRIPLE_BEAR,6,9,9.0,9.0,5.0,False,3.7.0
2026-03-26 01:44:00-04:00,1774503840000,24273.75,False,False,0,0,VWAP_TRIPLE_BEAR,5,7,9.0,9.0,5.0,False,3.7.0
2026-03-26 01:45:00-04:00,1774503900000,24265.5,False,False,0,0,VWAP_TRIPLE_BEAR,6,9,-7.25,9.0,5.0,False,3.7.0
2026-03-26 01:45:59-04:00,1774503959000,24265.75,False,False,0,0,VWAP_TRIPLE_BEAR,7,8,-15.0,9.0,5.0,False,3.7.0
2026-03-26 01:47:00-04:00,1774504020000,24272.75,False,False,0,0,VWAP_TRIPLE_BEAR,7,7,9.0,9.0,5.0,False,3.7.0
2026-03-26 01:48:00-04:00,1774504080000,24270.5,False,False,0,0,VWAP_TRIPLE_BEAR,6,7,9.0,9.0,5.0,False,3.7.0
2026-03-26 01:48:59-04:00,1774504139000,24273.25,False,False,0,0,VWAP_TRIPLE_BEAR,8,8,9.0,9.0,5.0,False,3.7.0
2026-03-26 01:50:00-04:00,1774504200000,24267.5,False,False,0,0,VWAP_TRIPLE_BEAR,7,7,9.0,9.0,5.0,False,3.7.0
2026-03-26 01:51:00-04:00,1774504260000,24266.0,False,False,0,0,VWAP_TRIPLE_BEAR,6,9,9.0,9.0,5.0,False,3.7.0
2026-03-26 01:51:59-04:00,1774504319000,24258.75,False,False,0,0,VWAP_TRIPLE_BEAR,7,11,9.0,9.0,5.0,False,3.7.0
2026-03-26 01:53:00-04:00,1774504380000,24258.75,False,False,0,0,VWAP_TRIPLE_BEAR,6,7,9.0,9.0,5.0,False,3.7.0
2026-03-26 01:54:00-04:00,1774504440000,24257.75,False,False,0,0,VWAP_TRIPLE_BEAR,6,9,9.0,9.0,5.0,False,3.7.0
2026-03-26 01:55:00-04:00,1774504500000,24260.75,False,False,0,0,VWAP_TRIPLE_BEAR,6,8,9.0,9.0,5.0,False,3.7.0
2026-03-26 01:55:59-04:00,1774504559000,24256.0,False,False,0,0,VWAP_TRIPLE_BEAR,5,11,9.0,9.0,5.0,False,3.7.0
2026-03-26 01:57:00-04:00,1774504620000,24256.5,False,False,0,0,VWAP_TRIPLE_BEAR,6,8,9.0,9.0,5.0,False,3.7.0
2026-03-26 01:58:00-04:00,1774504680000,24260.25,False,False,0,0,VWAP_TRIPLE_BEAR,8,10,9.0,9.0,5.0,False,3.7.0
2026-03-26 01:58:59-04:00,1774504739000,24255.5,False,False,0,0,VWAP_TRIPLE_BEAR,6,9,9.0,9.0,5.0,False,3.7.0
2026-03-26 02:00:00-04:00,1774504800000,24250.0,False,False,0,0,VWAP_TRIPLE_BEAR,7,11,-4.0,9.0,5.0,False,3.7.0
2026-03-26 02:01:00-04:00,1774504860000,24244.25,False,False,0,0,VWAP_TRIPLE_BEAR,9,12,9.0,9.0,5.0,False,3.7.0
2026-03-26 02:01:59-04:00,1774504919000,24262.0,False,False,0,0,VWAP_TRIPLE_BEAR,11,8,9.0,9.0,5.0,False,3.7.0
2026-03-26 02:03:00-04:00,1774504980000,24256.25,False,False,0,0,VWAP_TRIPLE_BEAR,8,8,-13.0,9.0,5.0,False,3.7.0
2026-03-26 02:04:00-04:00,1774505040000,24263.5,False,False,0,0,VWAP_TRIPLE_BEAR,10,8,9.0,9.0,5.0,False,3.7.0
2026-03-26 02:04:59-04:00,1774505099000,24258.25,False,False,0,0,VWAP_TRIPLE_BEAR,9,7,9.0,9.0,5.0,False,3.7.0
2026-03-26 02:06:00-04:00,1774505160000,24250.75,False,False,0,0,VWAP_TRIPLE_BEAR,7,8,-6.5,9.0,5.0,False,3.7.0
2026-03-26 02:07:00-04:00,1774505220000,24258.25,False,False,0,0,VWAP_TRIPLE_BEAR,10,7,9.0,9.0,5.0,False,3.7.0
2026-03-26 02:08:00-04:00,1774505280000,24252.25,False,False,0,0,VWAP_TRIPLE_BEAR,6,10,9.0,9.0,5.0,False,3.7.0
2026-03-26 02:08:59-04:00,1774505339000,24254.25,False,False,0,0,VWAP_TRIPLE_BEAR,11,7,9.0,9.0,5.0,False,3.7.0
2026-03-26 02:10:00-04:00,1774505400000,24253.25,False,False,0,0,VWAP_TRIPLE_BEAR,9,7,9.0,9.0,5.0,False,3.7.0
2026-03-26 02:11:00-04:00,1774505460000,24248.0,False,False,0,0,VWAP_TRIPLE_BEAR,5,11,30.5,9.0,5.0,False,3.7.0
2026-03-26 02:11:59-04:00,1774505519000,24252.0,False,False,0,0,VWAP_TRIPLE_BEAR,7,8,9.0,9.0,5.0,False,3.7.0
2026-03-26 02:13:00-04:00,1774505580000,24239.75,False,False,0,0,VWAP_TRIPLE_BEAR,5,12,9.0,9.0,5.0,False,3.7.0
2026-03-26 02:14:00-04:00,1774505640000,24246.25,False,False,0,0,VWAP_TRIPLE_BEAR,6,7,30.0,9.0,5.0,False,3.7.0
2026-03-26 02:14:59-04:00,1774505699000,24243.5,False,False,0,0,VWAP_TRIPLE_BEAR,6,8,9.0,9.0,5.0,False,3.7.0
2026-03-26 02:16:00-04:00,1774505760000,24246.75,False,False,0,0,VWAP_TRIPLE_BEAR,7,7,31.0,9.0,5.0,False,3.7.0
2026-03-26 02:17:00-04:00,1774505820000,24250.25,False,False,0,0,VWAP_TRIPLE_BEAR,10,7,9.0,9.0,5.0,False,3.7.0
2026-03-26 02:17:59-04:00,1774505879000,24240.25,False,False,0,0,VWAP_TRIPLE_BEAR,7,10,9.0,9.0,5.0,False,3.7.0
2026-03-26 02:19:00-04:00,1774505940000,24249.0,False,False,0,0,VWAP_TRIPLE_BEAR,10,8,33.0,9.0,5.0,False,3.7.0
2026-03-26 02:20:00-04:00,1774506000000,24246.0,False,False,0,0,VWAP_TRIPLE_BEAR,8,9,36.5,9.0,5.0,False,3.7.0
2026-03-26 02:20:59-04:00,1774506059000,24247.5,False,False,0,0,VWAP_TRIPLE_BEAR,9,7,29.25,9.0,5.0,False,3.7.0
2026-03-26 02:22:00-04:00,1774506120000,24246.75,False,False,0,0,VWAP_TRIPLE_BEAR,7,11,22.75,9.0,5.0,False,3.7.0
2026-03-26 02:23:00-04:00,1774506180000,24243.25,False,False,0,0,VWAP_TRIPLE_BEAR,8,7,9.0,9.0,5.0,False,3.7.0
2026-03-26 02:24:00-04:00,1774506240000,24248.75,False,False,0,0,VWAP_TRIPLE_BEAR,8,7,30.5,9.0,5.0,False,3.7.0
2026-03-26 02:24:59-04:00,1774506299000,24240.25,False,False,0,0,VWAP_TRIPLE_BEAR,7,9,9.0,9.0,5.0,False,3.7.0
2026-03-26 02:26:00-04:00,1774506360000,24244.25,False,False,0,0,VWAP_TRIPLE_BEAR,8,7,9.0,9.0,5.0,False,3.7.0
2026-03-26 02:27:00-04:00,1774506420000,24259.0,False,False,0,0,VWAP_TRIPLE_BEAR,12,6,9.0,9.0,5.0,False,3.7.0
2026-03-26 02:27:59-04:00,1774506479000,24271.5,False,False,0,0,VWAP_TRIPLE_BEAR,14,6,9.0,9.0,5.0,False,3.7.0
2026-03-26 02:29:00-04:00,1774506540000,24282.75,False,False,0,0,VWAP_TRIPLE_BEAR,7,8,9.0,9.0,5.0,False,3.7.0
2026-03-26 02:30:00-04:00,1774506600000,24283.0,False,False,0,0,VWAP_TRIPLE_BEAR,7,7,9.0,9.0,5.0,False,3.7.0
2026-03-26 02:30:59-04:00,1774506659000,24278.5,False,False,0,0,VWAP_TRIPLE_BEAR,7,9,2.25,9.0,5.0,False,3.7.0
2026-03-26 02:32:00-04:00,1774506720000,24277.25,False,False,0,0,VWAP_TRIPLE_BEAR,6,7,2.0,9.0,5.0,False,3.7.0
2026-03-26 02:33:00-04:00,1774506780000,24271.75,False,False,0,0,VWAP_TRIPLE_BEAR,6,7,9.0,9.0,5.0,False,3.7.0
2026-03-26 02:33:59-04:00,1774506839000,24276.25,False,False,0,0,VWAP_TRIPLE_BEAR,6,6,9.0,9.0,5.0,False,3.7.0
2026-03-26 02:35:00-04:00,1774506900000,24286.25,False,False,0,0,VWAP_TRIPLE_BEAR,9,6,9.0,9.0,5.0,False,3.7.0
2026-03-26 02:36:00-04:00,1774506960000,24277.75,False,False,0,0,VWAP_TRIPLE_BEAR,7,6,10.0,9.0,5.0,False,3.7.0
2026-03-26 02:36:59-04:00,1774507019000,24280.0,False,False,0,0,VWAP_TRIPLE_BEAR,6,7,9.0,9.0,5.0,False,3.7.0
2026-03-26 02:38:00-04:00,1774507080000,24278.0,False,False,0,0,VWAP_TRIPLE_BEAR,9,7,13.0,9.0,5.0,False,3.7.0
2026-03-26 02:39:00-04:00,1774507140000,24282.0,False,False,0,0,VWAP_TRIPLE_BEAR,8,6,9.0,9.0,5.0,False,3.7.0
2026-03-26 02:40:00-04:00,1774507200000,24282.5,False,False,0,0,VWAP_TRIPLE_BEAR,10,6,9.0,9.0,5.0,False,3.7.0
2026-03-26 02:40:59-04:00,1774507259000,24276.75,False,False,0,0,VWAP_TRIPLE_BEAR,6,9,0.5,9.0,5.0,False,3.7.0
2026-03-26 02:42:00-04:00,1774507320000,24269.5,False,False,0,0,VWAP_TRIPLE_BEAR,7,9,9.0,9.0,5.0,False,3.7.0
2026-03-26 02:43:00-04:00,1774507380000,24285.25,False,False,0,0,VWAP_TRIPLE_BEAR,10,6,9.0,9.0,5.0,False,3.7.0
2026-03-26 02:43:59-04:00,1774507439000,24279.25,False,False,0,0,VWAP_TRIPLE_BEAR,7,6,9.0,9.0,5.0,False,3.7.0
2026-03-26 02:45:00-04:00,1774507500000,24283.25,False,False,0,0,VWAP_TRIPLE_BEAR,10,5,-23.25,9.0,5.0,False,3.7.0
2026-03-26 02:46:00-04:00,1774507560000,24286.0,False,False,0,0,VWAP_TRIPLE_BEAR,7,4,9.0,9.0,5.0,False,3.7.0
2026-03-26 02:46:59-04:00,1774507619000,24278.25,False,False,0,0,VWAP_TRIPLE_BEAR,7,8,9.0,9.0,5.0,False,3.7.0
2026-03-26 02:48:00-04:00,1774507680000,24283.0,False,False,0,0,VWAP_TRIPLE_BEAR,9,5,-27.75,9.0,5.0,False,3.7.0
2026-03-26 02:49:00-04:00,1774507740000,24284.5,False,False,0,0,VWAP_TRIPLE_BEAR,9,5,-30.0,9.0,5.0,False,3.7.0
2026-03-26 02:49:59-04:00,1774507799000,24283.75,False,False,0,0,VWAP_TRIPLE_BEAR,6,5,-35.25,9.0,5.0,False,3.7.0
2026-03-26 02:51:00-04:00,1774507860000,24280.75,False,False,0,0,VWAP_TRIPLE_BEAR,9,6,9.0,9.0,5.0,False,3.7.0
2026-03-26 02:52:00-04:00,1774507920000,24279.25,False,False,0,0,VWAP_TRIPLE_BEAR,7,6,9.0,9.0,5.0,False,3.7.0
2026-03-26 02:53:00-04:00,1774507980000,24276.25,False,False,0,0,VWAP_TRIPLE_BEAR,7,6,9.0,9.0,5.0,False,3.7.0
2026-03-26 02:53:59-04:00,1774508039000,24276.0,False,False,0,0,VWAP_TRIPLE_BEAR,11,6,9.0,9.0,5.0,False,3.7.0
2026-03-26 02:55:00-04:00,1774508100000,24291.5,False,False,0,0,VWAP_TRIPLE_BEAR,12,5,9.0,9.0,5.0,False,3.7.0
2026-03-26 02:56:00-04:00,1774508160000,24287.75,False,False,0,0,VWAP_TRIPLE_BEAR,8,7,9.0,9.0,5.0,False,3.7.0
2026-03-26 02:56:59-04:00,1774508219000,24287.0,False,False,0,0,VWAP_TRIPLE_BEAR,7,6,-35.0,9.0,5.0,False,3.7.0
2026-03-26 02:58:00-04:00,1774508280000,24291.0,False,False,0,0,VWAP_TRIPLE_BEAR,12,5,9.0,9.0,5.0,False,3.7.0
2026-03-26 02:59:00-04:00,1774508340000,24288.25,False,False,0,0,VWAP_TRIPLE_BEAR,10,5,9.0,9.0,5.0,False,3.7.0
2026-03-26 02:59:59-04:00,1774508399000,24292.0,False,False,0,0,VWAP_TRIPLE_BEAR,8,7,9.0,9.0,5.0,False,3.7.0
2026-03-26 03:01:00-04:00,1774508460000,24277.25,False,False,0,0,VWAP_TRIPLE_BEAR,7,10,-29.5,9.0,5.0,False,3.7.0
2026-03-26 03:02:00-04:00,1774508520000,24272.0,False,False,0,0,VWAP_TRIPLE_BEAR,6,10,9.0,9.0,5.0,False,3.7.0
2026-03-26 03:02:59-04:00,1774508579000,24286.25,False,False,0,0,VWAP_TRIPLE_BEAR,11,6,9.0,9.0,5.0,False,3.7.0
2026-03-26 03:04:00-04:00,1774508640000,24274.5,False,False,0,0,VWAP_TRIPLE_BEAR,8,5,9.0,9.0,5.0,False,3.7.0
2026-03-26 03:05:00-04:00,1774508700000,24260.0,False,False,0,0,VWAP_TRIPLE_BEAR,5,11,9.0,9.0,5.0,False,3.7.0
2026-03-26 03:05:59-04:00,1774508759000,24250.5,True,False,-1,2,VWAP_TRIPLE_BEAR,6,8,9.0,9.0,5.0,False,3.7.0
2026-03-26 03:07:00-04:00,1774508820000,24247.25,True,False,0,0,VWAP_TRIPLE_BEAR,7,7,11.25,9.0,5.0,False,3.7.0
2026-03-26 03:08:00-04:00,1774508880000,24255.25,True,False,-1,3,VWAP_TRIPLE_BEAR,9,6,9.0,9.0,5.0,False,3.7.0
2026-03-26 03:09:00-04:00,1774508940000,24254.5,True,False,-1,0,VWAP_TRIPLE_BEAR,7,7,9.0,9.0,5.0,False,3.7.0
2026-03-26 03:09:59-04:00,1774508999000,24248.5,True,False,0,2,VWAP_TRIPLE_BEAR,7,9,6.5,9.0,5.0,False,3.7.0
2026-03-26 03:11:00-04:00,1774509060000,24254.5,True,False,-1,2,VWAP_TRIPLE_BEAR,6,8,9.0,9.0,5.0,False,3.7.0
2026-03-26 03:12:00-04:00,1774509120000,24252.5,True,False,-1,6,VWAP_TRIPLE_BEAR,12,6,9.0,9.0,5.0,False,3.7.0
2026-03-26 03:12:59-04:00,1774509179000,24252.25,True,False,-1,0,VWAP_TRIPLE_BEAR,7,7,9.0,9.0,5.0,False,3.7.0
2026-03-26 03:14:00-04:00,1774509240000,24253.0,True,False,-1,0,VWAP_TRIPLE_BEAR,7,7,9.0,9.0,5.0,False,3.7.0
2026-03-26 03:15:00-04:00,1774509300000,24255.25,True,False,-1,1,VWAP_TRIPLE_BEAR,6,5,9.0,9.0,5.0,False,3.7.0
2026-03-26 03:15:59-04:00,1774509359000,24243.75,True,False,0,4,VWAP_TRIPLE_BEAR,6,10,9.25,9.0,5.0,False,3.7.0
2026-03-26 03:17:00-04:00,1774509420000,24252.0,True,False,-1,2,VWAP_TRIPLE_BEAR,6,8,9.0,9.0,5.0,False,3.7.0
2026-03-26 03:18:00-04:00,1774509480000,24247.5,True,False,-1,4,VWAP_TRIPLE_BEAR,6,10,9.0,9.0,5.0,False,3.7.0
2026-03-26 03:18:59-04:00,1774509539000,24249.25,True,False,-1,1,VWAP_TRIPLE_BEAR,6,7,9.0,9.0,5.0,False,3.7.0
2026-03-26 03:20:00-04:00,1774509600000,24228.5,True,False,1,2,VWAP_TRIPLE_BEAR,9,11,9.0,9.0,5.0,False,3.7.0
2026-03-26 03:21:00-04:00,1774509660000,24247.75,True,False,1,0,VWAP_TRIPLE_BEAR,8,8,9.0,9.0,5.0,False,3.7.0
2026-03-26 03:21:59-04:00,1774509719000,24270.25,True,False,-1,2,VWAP_TRIPLE_BEAR,10,8,9.0,9.0,5.0,False,3.7.0
2026-03-26 03:23:00-04:00,1774509780000,24271.5,True,False,-1,1,VWAP_TRIPLE_BEAR,8,7,9.0,9.0,5.0,False,3.7.0
2026-03-26 03:24:00-04:00,1774509840000,24264.25,True,False,-1,2,VWAP_TRIPLE_BEAR,6,8,9.0,9.0,5.0,False,3.7.0
2026-03-26 03:25:00-04:00,1774509900000,24262.75,True,False,-1,1,VWAP_TRIPLE_BEAR,6,7,9.0,9.0,5.0,False,3.7.0
2026-03-26 03:25:59-04:00,1774509959000,24261.75,True,False,-1,5,VWAP_TRIPLE_BEAR,5,10,9.0,9.0,5.0,False,3.7.0
2026-03-26 03:27:00-04:00,1774510020000,24258.5,True,False,-1,6,VWAP_TRIPLE_BEAR,5,11,9.0,9.0,5.0,False,3.7.0
2026-03-26 03:28:00-04:00,1774510080000,24250.5,True,False,0,2,VWAP_TRIPLE_BEAR,6,8,19.0,9.0,5.0,False,3.7.0
2026-03-26 03:28:59-04:00,1774510139000,24255.5,True,False,-1,2,VWAP_TRIPLE_BEAR,9,7,9.0,9.0,5.0,False,3.7.0
2026-03-26 03:30:00-04:00,1774510200000,24255.0,True,False,-1,3,VWAP_TRIPLE_BEAR,7,10,9.0,9.0,5.0,False,3.7.0
2026-03-26 03:31:00-04:00,1774510260000,24244.25,True,False,1,6,VWAP_TRIPLE_BEAR,5,11,9.0,9.0,5.0,False,3.7.0
2026-03-26 03:31:59-04:00,1774510319000,24239.5,True,False,1,5,VWAP_TRIPLE_BEAR,5,10,9.0,9.0,5.0,False,3.7.0
2026-03-26 03:33:00-04:00,1774510380000,24241.75,True,False,1,0,VWAP_TRIPLE_BEAR,6,6,9.0,9.0,5.0,False,3.7.0
2026-03-26 03:34:00-04:00,1774510440000,24242.25,True,False,1,0,VWAP_TRIPLE_BEAR,6,6,9.0,9.0,5.0,False,3.7.0
2026-03-26 03:34:59-04:00,1774510499000,24254.5,True,False,1,4,VWAP_TRIPLE_BEAR,10,6,9.0,9.0,5.0,False,3.7.0
2026-03-26 03:36:00-04:00,1774510560000,24253.0,True,False,1,3,VWAP_TRIPLE_BEAR,7,10,9.0,9.0,5.0,False,3.7.0
2026-03-26 03:37:00-04:00,1774510620000,24262.75,True,False,0,3,VWAP_TRIPLE_BEAR,9,6,-5.25,9.0,5.0,False,3.7.0
2026-03-26 03:38:00-04:00,1774510680000,24268.0,True,False,-1,1,VWAP_TRIPLE_BEAR,7,6,9.0,9.0,5.0,False,3.7.0
2026-03-26 03:38:59-04:00,1774510739000,24265.5,True,False,-1,1,VWAP_TRIPLE_BEAR,6,7,9.0,9.0,5.0,False,3.7.0
2026-03-26 03:40:00-04:00,1774510800000,24264.0,True,False,-1,1,VWAP_TRIPLE_BEAR,7,8,9.0,9.0,5.0,False,3.7.0
2026-03-26 03:41:00-04:00,1774510860000,24257.0,True,False,0,4,VWAP_TRIPLE_BEAR,6,10,12.0,9.0,5.0,False,3.7.0
2026-03-26 03:41:59-04:00,1774510919000,24250.75,True,False,1,5,VWAP_TRIPLE_BEAR,5,10,9.0,9.0,5.0,False,3.7.0
2026-03-26 03:43:00-04:00,1774510980000,24252.0,True,False,1,3,VWAP_TRIPLE_BEAR,5,8,9.0,9.0,5.0,False,3.7.0
2026-03-26 03:44:00-04:00,1774511040000,24255.5,True,False,1,1,VWAP_TRIPLE_BEAR,6,7,9.0,9.0,5.0,False,3.7.0
2026-03-26 03:44:59-04:00,1774511099000,24269.5,True,False,-1,2,VWAP_TRIPLE_BEAR,9,7,9.0,9.0,5.0,False,3.7.0
2026-03-26 03:46:00-04:00,1774511160000,24260.75,True,False,1,3,VWAP_TRIPLE_BEAR,6,9,9.0,9.0,5.0,False,3.7.0
2026-03-26 03:47:00-04:00,1774511220000,24260.5,True,False,1,2,VWAP_TRIPLE_BEAR,6,8,9.0,9.0,5.0,False,3.7.0
2026-03-26 03:47:59-04:00,1774511279000,24269.5,True,False,-1,3,VWAP_TRIPLE_BEAR,9,6,9.0,9.0,5.0,False,3.7.0
2026-03-26 03:49:00-04:00,1774511340000,24270.25,True,False,-1,2,VWAP_TRIPLE_BEAR,6,8,9.0,9.0,5.0,False,3.7.0
2026-03-26 03:50:00-04:00,1774511400000,24267.25,True,False,-1,0,VWAP_TRIPLE_BEAR,6,6,9.0,9.0,5.0,False,3.7.0
2026-03-26 03:50:59-04:00,1774511459000,24261.75,True,False,1,3,VWAP_TRIPLE_BEAR,6,9,9.0,9.0,5.0,False,3.7.0
2026-03-26 03:52:00-04:00,1774511520000,24263.0,True,False,0,1,VWAP_TRIPLE_BEAR,7,6,-19.0,9.0,5.0,False,3.7.0
2026-03-26 03:53:00-04:00,1774511580000,24260.75,True,False,1,3,VWAP_TRIPLE_BEAR,6,9,9.0,9.0,5.0,False,3.7.0
2026-03-26 03:54:00-04:00,1774511640000,24266.75,True,False,-1,3,VWAP_TRIPLE_BEAR,6,9,9.0,9.0,5.0,False,3.7.0
2026-03-26 03:54:59-04:00,1774511699000,24264.75,True,False,0,2,VWAP_TRIPLE_BEAR,6,8,-49.0,9.0,5.0,False,3.7.0
2026-03-26 03:56:00-04:00,1774511760000,24264.0,True,False,0,0,VWAP_TRIPLE_BEAR,6,6,-45.25,9.0,5.0,False,3.7.0
2026-03-26 03:57:00-04:00,1774511820000,24257.5,True,False,1,4,VWAP_TRIPLE_BEAR,6,10,9.0,9.0,5.0,False,3.7.0
2026-03-26 03:57:59-04:00,1774511879000,24258.0,True,False,1,1,VWAP_TRIPLE_BEAR,7,6,9.0,9.0,5.0,False,3.7.0
2026-03-26 03:59:00-04:00,1774511940000,24259.5,True,False,1,2,VWAP_TRIPLE_BEAR,7,5,9.0,9.0,5.0,False,3.7.0
2026-03-26 04:00:00-04:00,1774512000000,24271.5,True,False,-1,1,VWAP_TRIPLE_BEAR,8,7,9.0,9.0,5.0,False,3.7.0
2026-03-26 04:00:59-04:00,1774512059000,24269.0,True,False,0,2,VWAP_TRIPLE_BEAR,6,8,-59.75,9.0,5.0,False,3.7.0
2026-03-26 04:02:00-04:00,1774512120000,24266.25,True,False,1,2,VWAP_TRIPLE_BEAR,6,8,9.0,9.0,5.0,False,3.7.0
2026-03-26 04:03:00-04:00,1774512180000,24267.25,True,False,0,2,VWAP_TRIPLE_BEAR,7,5,-56.25,9.0,5.0,False,3.7.0
2026-03-26 04:03:59-04:00,1774512239000,24268.25,True,False,0,1,VWAP_TRIPLE_BEAR,6,5,-62.5,9.0,5.0,False,3.7.0
2026-03-26 04:05:00-04:00,1774512300000,24261.75,True,False,1,2,VWAP_TRIPLE_BEAR,7,9,9.0,9.0,5.0,False,3.7.0
2026-03-26 04:06:00-04:00,1774512360000,24278.75,True,False,0,2,VWAP_TRIPLE_BEAR,10,8,-63.25,9.0,5.0,False,3.7.0
2026-03-26 04:06:59-04:00,1774512419000,24283.75,True,False,-1,3,VWAP_TRIPLE_BEAR,5,8,9.0,9.0,5.0,False,3.7.0
2026-03-26 04:08:00-04:00,1774512480000,24276.75,True,False,-1,3,VWAP_TRIPLE_BEAR,5,8,9.0,9.0,5.0,False,3.7.0
2026-03-26 04:09:00-04:00,1774512540000,24258.75,True,False,-1,2,VWAP_TRIPLE_BEAR,6,8,9.0,9.0,5.0,False,3.7.0
2026-03-26 04:10:00-04:00,1774512600000,24256.0,True,False,-1,3,VWAP_TRIPLE_BEAR,6,9,9.0,9.0,5.0,False,3.7.0
2026-03-26 04:10:59-04:00,1774512659000,24249.5,True,False,-1,5,VWAP_TRIPLE_BEAR,4,9,9.0,9.0,5.0,False,3.7.0
2026-03-26 04:12:00-04:00,1774512720000,24244.0,True,False,-1,5,VWAP_TRIPLE_BEAR,5,10,9.0,9.0,5.0,False,3.7.0
2026-03-26 04:13:00-04:00,1774512780000,24220.5,True,False,-1,5,VWAP_TRIPLE_BEAR,6,11,9.0,9.0,5.0,False,3.7.0
2026-03-26 04:13:59-04:00,1774512839000,24207.5,True,False,1,3,VWAP_TRIPLE_BEAR,5,8,9.0,9.0,5.0,False,3.7.0
2026-03-26 04:15:00-04:00,1774512900000,24215.75,True,False,0,1,VWAP_TRIPLE_BEAR,10,9,-9.75,9.0,5.0,False,3.7.0
2026-03-26 04:16:00-04:00,1774512960000,24218.75,True,False,0,1,VWAP_TRIPLE_BEAR,7,8,-14.75,9.0,5.0,False,3.7.0
2026-03-26 04:16:59-04:00,1774513019000,24224.5,True,False,-1,2,VWAP_TRIPLE_BEAR,9,7,9.0,9.0,5.0,False,3.7.0
2026-03-26 04:18:00-04:00,1774513080000,24213.25,True,False,-1,4,VWAP_TRIPLE_BEAR,6,10,9.0,9.0,5.0,False,3.7.0
2026-03-26 04:19:00-04:00,1774513140000,24204.25,True,False,1,1,VWAP_TRIPLE_BEAR,8,9,9.0,9.0,5.0,False,3.7.0
2026-03-26 04:19:59-04:00,1774513199000,24217.5,True,False,-1,1,VWAP_TRIPLE_BEAR,7,8,9.0,9.0,5.0,False,3.7.0
2026-03-26 04:21:00-04:00,1774513260000,24209.25,True,False,0,2,VWAP_TRIPLE_BEAR,6,8,-7.75,9.0,5.0,False,3.7.0
2026-03-26 04:22:00-04:00,1774513320000,24208.0,True,False,0,5,VWAP_TRIPLE_BEAR,5,10,-5.5,9.0,5.0,False,3.7.0
2026-03-26 04:23:00-04:00,1774513380000,24211.0,True,False,-1,2,VWAP_TRIPLE_BEAR,6,8,9.0,9.0,5.0,False,3.7.0
2026-03-26 04:23:59-04:00,1774513439000,24205.75,True,False,1,2,VWAP_TRIPLE_BEAR,5,7,9.0,9.0,5.0,False,3.7.0
2026-03-26 04:25:00-04:00,1774513500000,24206.5,True,False,1,0,VWAP_TRIPLE_BEAR,8,8,9.0,9.0,5.0,False,3.7.0
2026-03-26 04:26:00-04:00,1774513560000,24215.5,True,False,-1,1,VWAP_TRIPLE_BEAR,7,8,9.0,9.0,5.0,False,3.7.0
2026-03-26 04:26:59-04:00,1774513619000,24214.5,True,False,-1,2,VWAP_TRIPLE_BEAR,6,8,9.0,9.0,5.0,False,3.7.0
2026-03-26 04:28:00-04:00,1774513680000,24200.25,True,False,0,3,VWAP_TRIPLE_BEAR,6,9,-40.25,9.0,5.0,False,3.7.0
2026-03-26 04:29:00-04:00,1774513740000,24193.0,True,False,1,5,VWAP_TRIPLE_BEAR,5,10,9.0,9.0,5.0,False,3.7.0
2026-03-26 04:29:59-04:00,1774513799000,24194.5,True,False,1,0,VWAP_TRIPLE_BEAR,8,8,9.0,9.0,5.0,False,3.7.0
2026-03-26 04:31:00-04:00,1774513860000,24199.25,True,False,1,2,VWAP_TRIPLE_BEAR,7,9,9.0,9.0,5.0,False,3.7.0
2026-03-26 04:32:00-04:00,1774513920000,24211.5,True,False,-1,0,VWAP_TRIPLE_BEAR,8,8,9.0,9.0,5.0,False,3.7.0
2026-03-26 04:32:59-04:00,1774513979000,24207.5,True,False,-1,1,VWAP_TRIPLE_BEAR,7,8,9.0,9.0,5.0,False,3.7.0
2026-03-26 04:34:00-04:00,1774514040000,24210.5,True,False,-1,0,VWAP_TRIPLE_BEAR,7,7,9.0,9.0,5.0,False,3.7.0
2026-03-26 04:35:00-04:00,1774514100000,24206.0,True,False,-1,3,VWAP_TRIPLE_BEAR,6,9,9.0,9.0,5.0,False,3.7.0
2026-03-26 04:35:59-04:00,1774514159000,24204.0,True,False,-1,1,VWAP_TRIPLE_BEAR,8,7,9.0,9.0,5.0,False,3.7.0
2026-03-26 04:37:00-04:00,1774514220000,24187.0,True,False,1,4,VWAP_TRIPLE_BEAR,6,10,9.0,9.0,5.0,False,3.7.0
2026-03-26 04:38:00-04:00,1774514280000,24195.25,True,False,1,1,VWAP_TRIPLE_BEAR,7,8,9.0,9.0,5.0,False,3.7.0
2026-03-26 04:39:00-04:00,1774514340000,24195.25,True,False,1,2,VWAP_TRIPLE_BEAR,6,8,9.0,9.0,5.0,False,3.7.0
2026-03-26 04:39:59-04:00,1774514399000,24208.5,True,False,-1,2,VWAP_TRIPLE_BEAR,6,8,9.0,9.0,5.0,False,3.7.0
2026-03-26 04:41:00-04:00,1774514460000,24201.5,True,False,-1,1,VWAP_TRIPLE_BEAR,7,8,9.0,9.0,5.0,False,3.7.0
2026-03-26 04:42:00-04:00,1774514520000,24202.5,True,False,-1,1,VWAP_TRIPLE_BEAR,8,7,9.0,9.0,5.0,False,3.7.0
2026-03-26 04:42:59-04:00,1774514579000,24184.0,True,False,-1,5,VWAP_TRIPLE_BEAR,5,10,9.0,9.0,5.0,False,3.7.0
2026-03-26 04:44:00-04:00,1774514640000,24174.5,True,False,0,3,VWAP_TRIPLE_BEAR,5,8,2.75,9.0,5.0,False,3.7.0
2026-03-26 04:45:00-04:00,1774514700000,24174.5,True,False,0,1,VWAP_TRIPLE_BEAR,7,8,17.0,9.0,5.0,False,3.7.0
2026-03-26 04:45:59-04:00,1774514759000,24182.0,True,False,-1,0,VWAP_TRIPLE_BEAR,9,9,9.0,9.0,5.0,False,3.7.0
2026-03-26 04:47:00-04:00,1774514820000,24177.75,True,False,-1,0,VWAP_TRIPLE_BEAR,7,7,9.0,9.0,5.0,False,3.7.0
2026-03-26 04:48:00-04:00,1774514880000,24160.0,True,False,1,8,VWAP_TRIPLE_BEAR,6,14,9.0,9.0,5.0,False,3.7.0
2026-03-26 04:48:59-04:00,1774514939000,24163.25,True,False,1,0,VWAP_TRIPLE_BEAR,8,8,9.0,9.0,5.0,False,3.7.0
2026-03-26 04:50:00-04:00,1774515000000,24174.25,True,False,1,1,VWAP_TRIPLE_BEAR,9,8,9.0,9.0,5.0,False,3.7.0
2026-03-26 04:51:00-04:00,1774515060000,24173.75,True,False,1,1,VWAP_TRIPLE_BEAR,7,8,9.0,9.0,5.0,False,3.7.0
2026-03-26 04:51:59-04:00,1774515119000,24175.75,True,False,1,5,VWAP_TRIPLE_BEAR,6,11,9.0,9.0,5.0,False,3.7.0
2026-03-26 04:53:00-04:00,1774515180000,24182.25,True,False,1,2,VWAP_TRIPLE_BEAR,7,9,9.0,9.0,5.0,False,3.7.0
2026-03-26 04:54:00-04:00,1774515240000,24182.5,True,False,1,0,VWAP_TRIPLE_BEAR,9,9,9.0,9.0,5.0,False,3.7.0
2026-03-26 04:55:00-04:00,1774515300000,24197.0,True,False,-1,1,VWAP_TRIPLE_BEAR,9,10,9.0,9.0,5.0,False,3.7.0
2026-03-26 04:55:59-04:00,1774515359000,24200.25,True,False,-1,0,VWAP_TRIPLE_BEAR,8,8,9.0,9.0,5.0,False,3.7.0
2026-03-26 04:57:00-04:00,1774515420000,24198.25,True,False,-1,7,VWAP_TRIPLE_BEAR,6,13,9.0,9.0,5.0,False,3.7.0
2026-03-26 04:58:00-04:00,1774515480000,24193.0,True,False,-1,3,VWAP_TRIPLE_BEAR,6,9,9.0,9.0,5.0,False,3.7.0
2026-03-26 04:58:59-04:00,1774515539000,24193.75,True,False,-1,5,VWAP_TRIPLE_BEAR,6,11,9.0,9.0,5.0,False,3.7.0
2026-03-26 05:00:00-04:00,1774515600000,24169.75,True,False,0,3,VWAP_TRIPLE_BEAR,8,11,-4.0,9.0,5.0,False,3.7.0
2026-03-26 05:01:00-04:00,1774515660000,24161.75,True,False,1,5,VWAP_TRIPLE_BEAR,5,10,9.0,9.0,5.0,False,3.7.0
2026-03-26 05:01:59-04:00,1774515719000,24175.25,True,False,-1,1,VWAP_TRIPLE_BEAR,8,9,9.0,9.0,5.0,False,3.7.0
2026-03-26 05:03:00-04:00,1774515780000,24162.5,True,False,1,5,VWAP_TRIPLE_BEAR,5,10,9.0,9.0,5.0,False,3.7.0
2026-03-26 05:04:00-04:00,1774515840000,24177.25,True,False,1,1,VWAP_TRIPLE_BEAR,7,8,9.0,9.0,5.0,False,3.7.0
2026-03-26 05:04:59-04:00,1774515899000,24191.5,True,False,-1,2,VWAP_TRIPLE_BEAR,7,9,9.0,9.0,5.0,False,3.7.0
2026-03-26 05:06:00-04:00,1774515960000,24190.0,True,False,-1,0,VWAP_TRIPLE_BEAR,8,8,9.0,9.0,5.0,False,3.7.0
2026-03-26 05:07:00-04:00,1774516020000,24187.5,True,False,-1,0,VWAP_TRIPLE_BEAR,8,8,9.0,9.0,5.0,False,3.7.0
2026-03-26 05:08:00-04:00,1774516080000,24169.25,True,False,1,5,VWAP_TRIPLE_BEAR,6,11,9.0,9.0,5.0,False,3.7.0
2026-03-26 05:08:59-04:00,1774516139000,24175.25,True,False,1,1,VWAP_TRIPLE_BEAR,8,9,9.0,9.0,5.0,False,3.7.0
2026-03-26 05:10:00-04:00,1774516200000,24187.25,True,False,-1,1,VWAP_TRIPLE_BEAR,7,8,9.0,9.0,5.0,False,3.7.0
2026-03-26 05:11:00-04:00,1774516260000,24182.25,True,False,-1,1,VWAP_TRIPLE_BEAR,7,8,9.0,9.0,5.0,False,3.7.0
2026-03-26 05:11:59-04:00,1774516319000,24174.75,True,False,-1,2,VWAP_TRIPLE_BEAR,6,8,9.0,9.0,5.0,False,3.7.0
2026-03-26 05:13:00-04:00,1774516380000,24175.25,True,False,-1,2,VWAP_TRIPLE_BEAR,6,8,9.0,9.0,5.0,False,3.7.0
2026-03-26 05:14:00-04:00,1774516440000,24169.5,True,False,-1,4,VWAP_TRIPLE_BEAR,5,9,9.0,9.0,5.0,False,3.7.0
2026-03-26 05:14:59-04:00,1774516499000,24168.5,True,False,-1,3,VWAP_TRIPLE_BEAR,5,8,9.0,9.0,5.0,False,3.7.0
2026-03-26 05:16:00-04:00,1774516560000,24165.5,True,False,0,4,VWAP_TRIPLE_BEAR,6,10,-30.0,9.0,5.0,False,3.7.0
2026-03-26 05:17:00-04:00,1774516620000,24164.75,True,False,0,3,VWAP_TRIPLE_BEAR,6,9,-33.5,9.0,5.0,False,3.7.0
2026-03-26 05:17:59-04:00,1774516679000,24161.0,True,False,1,5,VWAP_TRIPLE_BEAR,6,11,9.0,9.0,5.0,False,3.7.0
2026-03-26 05:19:00-04:00,1774516740000,24159.25,True,False,1,4,VWAP_TRIPLE_BEAR,5,9,9.0,9.0,5.0,False,3.7.0
2026-03-26 05:20:00-04:00,1774516800000,24165.75,True,False,0,1,VWAP_TRIPLE_BEAR,8,9,-28.75,9.0,5.0,False,3.7.0
2026-03-26 05:20:59-04:00,1774516859000,24165.5,True,False,0,1,VWAP_TRIPLE_BEAR,7,8,-28.25,9.0,5.0,False,3.7.0
2026-03-26 05:22:00-04:00,1774516920000,24173.5,True,False,-1,0,VWAP_TRIPLE_BEAR,8,8,9.0,9.0,5.0,False,3.7.0
2026-03-26 05:23:00-04:00,1774516980000,24161.0,True,False,-1,3,VWAP_TRIPLE_BEAR,6,9,9.0,9.0,5.0,False,3.7.0
2026-03-26 05:24:00-04:00,1774517040000,24156.0,True,False,1,3,VWAP_TRIPLE_BEAR,6,9,9.0,9.0,5.0,False,3.7.0
2026-03-26 05:24:59-04:00,1774517099000,24154.25,True,False,1,4,VWAP_TRIPLE_BEAR,6,10,9.0,9.0,5.0,False,3.7.0
2026-03-26 05:26:00-04:00,1774517160000,24159.75,True,False,0,2,VWAP_TRIPLE_BEAR,6,8,-25.75,9.0,5.0,False,3.7.0
2026-03-26 05:27:00-04:00,1774517220000,24165.5,True,False,-1,1,VWAP_TRIPLE_BEAR,6,7,9.0,9.0,5.0,False,3.7.0
2026-03-26 05:27:59-04:00,1774517279000,24154.5,True,False,-1,4,VWAP_TRIPLE_BEAR,7,11,9.0,9.0,5.0,False,3.7.0
2026-03-26 05:29:00-04:00,1774517340000,24152.75,True,False,-1,0,VWAP_TRIPLE_BEAR,8,8,9.0,9.0,5.0,False,3.7.0
2026-03-26 05:30:00-04:00,1774517400000,24119.5,True,False,1,4,VWAP_TRIPLE_BEAR,9,13,9.0,9.0,5.0,False,3.7.0
2026-03-26 05:30:59-04:00,1774517459000,24125.75,True,False,0,2,VWAP_TRIPLE_BEAR,10,8,30.25,9.0,5.0,False,3.7.0
2026-03-26 05:32:00-04:00,1774517520000,24119.5,True,False,1,2,VWAP_TRIPLE_BEAR,8,10,9.0,9.0,5.0,False,3.7.0
2026-03-26 05:33:00-04:00,1774517580000,24121.75,True,False,1,1,VWAP_TRIPLE_BEAR,8,9,9.0,9.0,5.0,False,3.7.0
2026-03-26 05:33:59-04:00,1774517639000,24125.75,True,False,1,1,VWAP_TRIPLE_BEAR,9,8,9.0,9.0,5.0,False,3.7.0
2026-03-26 05:35:00-04:00,1774517700000,24127.0,True,False,1,4,VWAP_TRIPLE_BEAR,6,10,9.0,9.0,5.0,False,3.7.0
2026-03-26 05:36:00-04:00,1774517760000,24135.5,True,False,0,1,VWAP_TRIPLE_BEAR,9,8,24.25,9.0,5.0,False,3.7.0
2026-03-26 05:36:59-04:00,1774517819000,24131.25,True,False,1,2,VWAP_TRIPLE_BEAR,7,9,9.0,9.0,5.0,False,3.7.0
2026-03-26 05:38:00-04:00,1774517880000,24129.5,True,False,1,1,VWAP_TRIPLE_BEAR,7,8,9.0,9.0,5.0,False,3.7.0
2026-03-26 05:39:00-04:00,1774517940000,24132.5,True,False,1,3,VWAP_TRIPLE_BEAR,7,10,9.0,9.0,5.0,False,3.7.0
2026-03-26 05:40:00-04:00,1774518000000,24137.0,True,False,1,2,VWAP_TRIPLE_BEAR,8,10,9.0,9.0,5.0,False,3.7.0
2026-03-26 05:40:59-04:00,1774518059000,24137.25,True,False,1,4,VWAP_TRIPLE_BEAR,6,10,9.0,9.0,5.0,False,3.7.0
2026-03-26 05:42:00-04:00,1774518120000,24142.75,True,False,0,0,VWAP_TRIPLE_BEAR,8,8,7.0,9.0,5.0,False,3.7.0
2026-03-26 05:43:00-04:00,1774518180000,24139.25,True,False,0,0,VWAP_TRIPLE_BEAR,8,8,13.25,9.0,5.0,False,3.7.0
2026-03-26 05:43:59-04:00,1774518239000,24141.0,True,False,0,2,VWAP_TRIPLE_BEAR,7,9,21.75,9.0,5.0,False,3.7.0
2026-03-26 05:45:00-04:00,1774518300000,24140.25,True,False,0,0,VWAP_TRIPLE_BEAR,8,8,42.5,9.0,5.0,False,3.7.0
2026-03-26 05:46:00-04:00,1774518360000,24134.0,True,False,1,5,VWAP_TRIPLE_BEAR,6,11,9.0,9.0,5.0,False,3.7.0
2026-03-26 05:46:59-04:00,1774518419000,24143.25,True,False,0,1,VWAP_TRIPLE_BEAR,9,8,30.75,9.0,5.0,False,3.7.0
2026-03-26 05:48:00-04:00,1774518480000,24138.25,True,False,1,3,VWAP_TRIPLE_BEAR,6,9,9.0,9.0,5.0,False,3.7.0
2026-03-26 05:49:00-04:00,1774518540000,24136.75,True,False,1,3,VWAP_TRIPLE_BEAR,6,9,9.0,9.0,5.0,False,3.7.0
2026-03-26 05:49:59-04:00,1774518599000,24148.25,True,False,1,0,VWAP_TRIPLE_BEAR,8,8,9.0,9.0,5.0,False,3.7.0
2026-03-26 05:51:00-04:00,1774518660000,24156.0,True,False,0,1,VWAP_TRIPLE_BEAR,9,8,26.25,9.0,5.0,False,3.7.0
2026-03-26 05:52:00-04:00,1774518720000,24153.25,True,False,1,0,VWAP_TRIPLE_BEAR,8,8,9.0,9.0,5.0,False,3.7.0
2026-03-26 05:53:00-04:00,1774518780000,24149.25,True,False,1,2,VWAP_TRIPLE_BEAR,7,9,9.0,9.0,5.0,False,3.7.0
2026-03-26 05:53:59-04:00,1774518839000,24155.0,True,False,0,2,VWAP_TRIPLE_BEAR,9,7,27.75,9.0,5.0,False,3.7.0
2026-03-26 05:55:00-04:00,1774518900000,24160.5,True,False,-1,1,VWAP_TRIPLE_BEAR,9,8,9.0,9.0,5.0,False,3.7.0
2026-03-26 05:56:00-04:00,1774518960000,24159.75,True,False,-1,0,VWAP_TRIPLE_BEAR,8,8,9.0,9.0,5.0,False,3.7.0
2026-03-26 05:56:59-04:00,1774519019000,24163.0,True,False,-1,2,VWAP_TRIPLE_BEAR,6,8,9.0,9.0,5.0,False,3.7.0
2026-03-26 05:58:00-04:00,1774519080000,24161.5,True,False,-1,0,VWAP_TRIPLE_BEAR,7,7,9.0,9.0,5.0,False,3.7.0
2026-03-26 05:59:00-04:00,1774519140000,24155.0,True,False,-1,5,VWAP_TRIPLE_BEAR,6,11,9.0,9.0,5.0,False,3.7.0
2026-03-26 05:59:59-04:00,1774519199000,24148.0,True,False,0,2,VWAP_TRIPLE_BEAR,6,8,25.75,9.0,5.0,False,3.7.0
2026-03-26 06:01:00-04:00,1774519260000,24141.0,True,False,1,3,VWAP_TRIPLE_BEAR,5,8,9.0,9.0,5.0,False,3.7.0
2026-03-26 06:02:00-04:00,1774519320000,24149.75,True,False,1,0,VWAP_TRIPLE_BEAR,8,8,9.0,9.0,5.0,False,3.7.0
2026-03-26 06:02:59-04:00,1774519379000,24152.5,True,False,1,1,VWAP_TRIPLE_BEAR,8,7,9.0,9.0,5.0,False,3.7.0
2026-03-26 06:04:00-04:00,1774519440000,24162.75,True,False,1,3,VWAP_TRIPLE_BEAR,11,8,9.0,9.0,5.0,False,3.7.0
2026-03-26 06:05:00-04:00,1774519500000,24182.75,True,False,-1,2,VWAP_TRIPLE_BEAR,8,10,9.0,9.0,5.0,False,3.7.0
2026-03-26 06:05:59-04:00,1774519559000,24175.5,True,False,0,2,VWAP_TRIPLE_BEAR,7,9,13.0,9.0,5.0,False,3.7.0
2026-03-26 06:07:00-04:00,1774519620000,24174.0,True,False,1,4,VWAP_TRIPLE_BEAR,6,10,9.0,9.0,5.0,False,3.7.0
2026-03-26 06:08:00-04:00,1774519680000,24170.25,True,False,1,1,VWAP_TRIPLE_BEAR,7,8,9.0,9.0,5.0,False,3.7.0
2026-03-26 06:08:00-04:00,1774519680000,24170.25,True,False,1,1,VWAP_TRIPLE_BEAR,11,12,9.0,9.0,5.0,False,3.7.0
2026-03-26 06:09:00-04:00,1774519740000,24177.0,True,False,1,2,VWAP_TRIPLE_BEAR,6,8,9.0,9.0,5.0,False,3.7.0
2026-03-26 06:09:59-04:00,1774519799000,24182.25,True,False,1,1,VWAP_TRIPLE_BEAR,7,8,9.0,9.0,5.0,False,3.7.0
2026-03-26 06:11:00-04:00,1774519860000,24184.25,True,False,0,2,VWAP_TRIPLE_BEAR,6,8,10.0,9.0,5.0,False,3.7.0
2026-03-26 06:12:00-04:00,1774519920000,24177.5,True,False,1,5,VWAP_TRIPLE_BEAR,6,11,9.0,9.0,5.0,False,3.7.0
2026-03-26 06:12:59-04:00,1774519979000,24182.75,True,False,1,2,VWAP_TRIPLE_BEAR,6,8,9.0,9.0,5.0,False,3.7.0
2026-03-26 06:14:00-04:00,1774520040000,24186.5,True,False,0,2,VWAP_TRIPLE_BEAR,5,7,10.0,9.0,5.0,False,3.7.0
2026-03-26 06:15:00-04:00,1774520100000,24190.75,True,False,-1,4,VWAP_TRIPLE_BEAR,11,7,9.0,9.0,5.0,False,3.7.0
2026-03-26 06:15:59-04:00,1774520159000,24195.0,True,False,-1,1,VWAP_TRIPLE_BEAR,8,7,9.0,9.0,5.0,False,3.7.0
2026-03-26 06:17:00-04:00,1774520220000,24180.75,True,False,0,4,VWAP_TRIPLE_BEAR,6,10,11.0,9.0,5.0,False,3.7.0
2026-03-26 06:18:00-04:00,1774520280000,24175.5,True,False,1,3,VWAP_TRIPLE_BEAR,6,9,9.0,9.0,5.0,False,3.7.0
2026-03-26 06:18:59-04:00,1774520339000,24173.75,True,False,1,3,VWAP_TRIPLE_BEAR,6,9,9.0,9.0,5.0,False,3.7.0
2026-03-26 06:20:00-04:00,1774520400000,24177.5,True,False,1,1,VWAP_TRIPLE_BEAR,7,8,9.0,9.0,5.0,False,3.7.0
2026-03-26 06:21:00-04:00,1774520460000,24188.0,True,False,0,0,VWAP_TRIPLE_BEAR,7,7,-16.75,9.0,5.0,False,3.7.0
2026-03-26 06:21:59-04:00,1774520519000,24192.0,True,False,-1,0,VWAP_TRIPLE_BEAR,7,7,9.0,9.0,5.0,False,3.7.0
2026-03-26 06:23:00-04:00,1774520580000,24180.5,True,False,1,4,VWAP_TRIPLE_BEAR,6,10,9.0,9.0,5.0,False,3.7.0
2026-03-26 06:24:00-04:00,1774520640000,24184.75,True,False,1,0,VWAP_TRIPLE_BEAR,7,7,9.0,9.0,5.0,False,3.7.0
2026-03-26 06:25:00-04:00,1774520700000,24188.5,True,False,1,0,VWAP_TRIPLE_BEAR,7,7,9.0,9.0,5.0,False,3.7.0
2026-03-26 06:25:59-04:00,1774520759000,24189.25,True,False,1,2,VWAP_TRIPLE_BEAR,6,8,9.0,9.0,5.0,False,3.7.0
2026-03-26 06:27:00-04:00,1774520820000,24189.25,True,False,1,5,VWAP_TRIPLE_BEAR,5,10,9.0,9.0,5.0,False,3.7.0
2026-03-26 06:28:00-04:00,1774520880000,24199.0,True,False,-1,3,VWAP_TRIPLE_BEAR,11,8,9.0,9.0,5.0,False,3.7.0
2026-03-26 06:28:59-04:00,1774520939000,24196.5,True,False,-1,0,VWAP_TRIPLE_BEAR,9,9,9.0,9.0,5.0,False,3.7.0
2026-03-26 06:30:00-04:00,1774521000000,24191.5,True,False,1,2,VWAP_TRIPLE_BEAR,6,8,9.0,9.0,5.0,False,3.7.0
2026-03-26 06:31:00-04:00,1774521060000,24194.25,True,False,0,2,VWAP_TRIPLE_BEAR,9,7,-23.25,9.0,5.0,False,3.7.0
2026-03-26 06:31:59-04:00,1774521119000,24199.5,True,False,-1,3,VWAP_TRIPLE_BEAR,7,10,9.0,9.0,5.0,False,3.7.0
2026-03-26 06:33:00-04:00,1774521180000,24201.25,True,False,-1,3,VWAP_TRIPLE_BEAR,11,8,9.0,9.0,5.0,False,3.7.0
2026-03-26 06:34:00-04:00,1774521240000,24196.5,True,False,-1,2,VWAP_TRIPLE_BEAR,7,9,9.0,9.0,5.0,False,3.7.0
2026-03-26 06:34:59-04:00,1774521299000,24193.75,True,False,-1,6,VWAP_TRIPLE_BEAR,6,12,9.0,9.0,5.0,False,3.7.0
2026-03-26 06:36:00-04:00,1774521360000,24194.25,True,False,-1,1,VWAP_TRIPLE_BEAR,8,9,9.0,9.0,5.0,False,3.7.0
2026-03-26 06:37:00-04:00,1774521420000,24191.75,True,False,-1,4,VWAP_TRIPLE_BEAR,6,10,9.0,9.0,5.0,False,3.7.0
2026-03-26 06:38:00-04:00,1774521480000,24190.0,True,False,-1,2,VWAP_TRIPLE_BEAR,9,7,9.0,9.0,5.0,False,3.7.0
2026-03-26 06:38:59-04:00,1774521539000,24159.25,True,False,1,4,VWAP_TRIPLE_BEAR,7,11,9.0,9.0,5.0,False,3.7.0
2026-03-26 06:40:00-04:00,1774521600000,24168.5,True,False,-1,6,VWAP_TRIPLE_BEAR,5,11,9.0,9.0,5.0,False,3.7.0
2026-03-26 06:41:00-04:00,1774521660000,24171.25,True,False,-1,4,VWAP_TRIPLE_BEAR,6,10,9.0,9.0,5.0,False,3.7.0
2026-03-26 06:41:59-04:00,1774521719000,24160.5,True,False,1,4,VWAP_TRIPLE_BEAR,5,9,9.0,9.0,5.0,False,3.7.0
2026-03-26 06:43:00-04:00,1774521780000,24157.0,True,False,1,2,VWAP_TRIPLE_BEAR,6,8,9.0,9.0,5.0,False,3.7.0
2026-03-26 06:44:00-04:00,1774521840000,24161.75,True,False,1,3,VWAP_TRIPLE_BEAR,6,9,9.0,9.0,5.0,False,3.7.0
2026-03-26 06:44:59-04:00,1774521899000,24174.0,True,False,-1,4,VWAP_TRIPLE_BEAR,5,9,9.0,9.0,5.0,False,3.7.0
2026-03-26 06:46:00-04:00,1774521960000,24167.75,True,False,0,6,VWAP_TRIPLE_BEAR,5,11,-1.25,9.0,5.0,False,3.7.0
2026-03-26 06:47:00-04:00,1774522020000,24161.5,True,False,1,6,VWAP_TRIPLE_BEAR,5,11,9.0,9.0,5.0,False,3.7.0
2026-03-26 06:47:59-04:00,1774522079000,24166.75,True,False,1,2,VWAP_TRIPLE_BEAR,7,9,9.0,9.0,5.0,False,3.7.0
2026-03-26 06:49:00-04:00,1774522140000,24171.75,True,False,1,2,VWAP_TRIPLE_BEAR,7,9,9.0,9.0,5.0,False,3.7.0
2026-03-26 06:50:00-04:00,1774522200000,24168.25,True,False,1,3,VWAP_TRIPLE_BEAR,6,9,9.0,9.0,5.0,False,3.7.0
2026-03-26 06:50:59-04:00,1774522259000,24171.0,True,False,1,4,VWAP_TRIPLE_BEAR,6,10,9.0,9.0,5.0,False,3.7.0
2026-03-26 06:52:00-04:00,1774522320000,24181.75,True,False,-1,0,VWAP_TRIPLE_BEAR,7,7,9.0,9.0,5.0,False,3.7.0
2026-03-26 06:53:00-04:00,1774522380000,24173.25,True,False,-1,7,VWAP_TRIPLE_BEAR,5,12,9.0,9.0,5.0,False,3.7.0
2026-03-26 06:54:00-04:00,1774522440000,24169.5,True,False,0,2,VWAP_TRIPLE_BEAR,6,8,-5.0,9.0,5.0,False,3.7.0
2026-03-26 06:54:59-04:00,1774522499000,24174.5,True,False,-1,2,VWAP_TRIPLE_BEAR,7,9,9.0,9.0,5.0,False,3.7.0
2026-03-26 06:56:00-04:00,1774522560000,24173.75,True,False,-1,2,VWAP_TRIPLE_BEAR,6,8,9.0,9.0,5.0,False,3.7.0
2026-03-26 06:57:00-04:00,1774522620000,24173.75,True,False,-1,3,VWAP_TRIPLE_BEAR,5,8,9.0,9.0,5.0,False,3.7.0
2026-03-26 06:57:59-04:00,1774522679000,24175.0,True,False,-1,0,VWAP_TRIPLE_BEAR,7,7,9.0,9.0,5.0,False,3.7.0
2026-03-26 06:59:00-04:00,1774522740000,24176.5,True,False,-1,2,VWAP_TRIPLE_BEAR,7,9,9.0,9.0,5.0,False,3.7.0
2026-03-26 07:00:00-04:00,1774522800000,24174.0,True,False,-1,2,VWAP_TRIPLE_BEAR,7,9,9.0,9.0,5.0,False,3.7.0
2026-03-26 07:00:59-04:00,1774522859000,24163.0,True,False,1,7,VWAP_TRIPLE_BEAR,5,12,9.0,9.0,5.0,False,3.7.0
2026-03-26 07:02:00-04:00,1774522920000,24171.5,True,False,1,3,VWAP_TRIPLE_BEAR,6,9,9.0,9.0,5.0,False,3.7.0
2026-03-26 07:03:00-04:00,1774522980000,24175.5,True,False,1,2,VWAP_TRIPLE_BEAR,6,8,9.0,9.0,5.0,False,3.7.0
2026-03-26 07:03:59-04:00,1774523039000,24176.75,True,False,1,1,VWAP_TRIPLE_BEAR,8,7,9.0,9.0,5.0,False,3.7.0
2026-03-26 07:05:00-04:00,1774523100000,24187.25,True,False,-1,0,VWAP_TRIPLE_BEAR,8,8,9.0,9.0,5.0,False,3.7.0
2026-03-26 07:06:00-04:00,1774523160000,24166.5,True,False,1,7,VWAP_TRIPLE_BEAR,6,13,9.0,9.0,5.0,False,3.7.0
2026-03-26 07:06:59-04:00,1774523219000,24175.75,True,False,0,2,VWAP_TRIPLE_BEAR,6,8,-36.25,9.0,5.0,False,3.7.0
2026-03-26 07:08:00-04:00,1774523280000,24183.25,True,False,-1,2,VWAP_TRIPLE_BEAR,9,7,9.0,9.0,5.0,False,3.7.0
2026-03-26 07:09:00-04:00,1774523340000,24184.0,True,False,-1,0,VWAP_TRIPLE_BEAR,7,7,9.0,9.0,5.0,False,3.7.0
2026-03-26 07:10:00-04:00,1774523400000,24175.0,True,False,-1,3,VWAP_TRIPLE_BEAR,5,8,9.0,9.0,5.0,False,3.7.0
2026-03-26 07:10:59-04:00,1774523459000,24172.25,True,False,-1,4,VWAP_TRIPLE_BEAR,5,9,9.0,9.0,5.0,False,3.7.0
2026-03-26 07:12:00-04:00,1774523520000,24167.0,True,False,0,7,VWAP_TRIPLE_BEAR,5,12,-25.25,9.0,5.0,False,3.7.0
2026-03-26 07:13:00-04:00,1774523580000,24167.25,True,False,0,6,VWAP_TRIPLE_BEAR,5,11,-27.5,9.0,5.0,False,3.7.0
2026-03-26 07:13:59-04:00,1774523639000,24164.5,True,False,0,4,VWAP_TRIPLE_BEAR,5,9,-21.0,9.0,5.0,False,3.7.0
2026-03-26 07:15:00-04:00,1774523700000,24170.25,True,False,-1,2,VWAP_TRIPLE_BEAR,6,8,9.0,9.0,5.0,False,3.7.0
2026-03-26 07:16:00-04:00,1774523760000,24163.0,True,False,1,6,VWAP_TRIPLE_BEAR,5,11,9.0,9.0,5.0,False,3.7.0
2026-03-26 07:16:59-04:00,1774523819000,24166.0,True,False,0,3,VWAP_TRIPLE_BEAR,6,9,-34.75,9.0,5.0,False,3.7.0
2026-03-26 07:18:00-04:00,1774523880000,24172.75,True,False,-1,1,VWAP_TRIPLE_BEAR,7,8,9.0,9.0,5.0,False,3.7.0
2026-03-26 07:19:00-04:00,1774523940000,24169.5,True,False,-1,2,VWAP_TRIPLE_BEAR,7,9,9.0,9.0,5.0,False,3.7.0
2026-03-26 07:19:59-04:00,1774523999000,24156.25,True,False,0,6,VWAP_TRIPLE_BEAR,5,11,-13.25,9.0,5.0,False,3.7.0
2026-03-26 07:21:00-04:00,1774524060000,24162.25,True,False,-1,2,VWAP_TRIPLE_BEAR,7,9,9.0,9.0,5.0,False,3.7.0
2026-03-26 07:22:00-04:00,1774524120000,24159.0,True,False,-1,4,VWAP_TRIPLE_BEAR,6,10,9.0,9.0,5.0,False,3.7.0
2026-03-26 07:23:00-04:00,1774524180000,24152.75,True,False,-1,5,VWAP_TRIPLE_BEAR,6,11,9.0,9.0,5.0,False,3.7.0
2026-03-26 07:23:59-04:00,1774524239000,24155.0,True,False,-1,3,VWAP_TRIPLE_BEAR,5,8,9.0,9.0,5.0,False,3.7.0
2026-03-26 07:25:00-04:00,1774524300000,24145.75,True,False,-1,3,VWAP_TRIPLE_BEAR,7,10,9.0,9.0,5.0,False,3.7.0
2026-03-26 07:26:00-04:00,1774524360000,24130.25,True,False,1,2,VWAP_TRIPLE_BEAR,6,8,9.0,9.0,5.0,False,3.7.0
2026-03-26 07:26:59-04:00,1774524419000,24139.5,True,False,0,3,VWAP_TRIPLE_BEAR,7,10,-13.0,9.0,5.0,False,3.7.0
2026-03-26 07:28:00-04:00,1774524480000,24141.75,True,False,-1,1,VWAP_TRIPLE_BEAR,7,8,9.0,9.0,5.0,False,3.7.0
2026-03-26 07:29:00-04:00,1774524540000,24143.5,True,False,-1,4,VWAP_TRIPLE_BEAR,6,10,9.0,9.0,5.0,False,3.7.0
2026-03-26 07:29:59-04:00,1774524599000,24144.75,True,False,-1,3,VWAP_TRIPLE_BEAR,6,9,9.0,9.0,5.0,False,3.7.0
2026-03-26 07:31:00-04:00,1774524660000,24133.75,True,False,1,4,VWAP_TRIPLE_BEAR,5,9,9.0,9.0,5.0,False,3.7.0
2026-03-26 07:32:00-04:00,1774524720000,24141.75,True,False,-1,1,VWAP_TRIPLE_BEAR,8,9,9.0,9.0,5.0,False,3.7.0
2026-03-26 07:32:59-04:00,1774524779000,24139.75,True,False,-1,3,VWAP_TRIPLE_BEAR,5,8,9.0,9.0,5.0,False,3.7.0
2026-03-26 07:34:00-04:00,1774524840000,24143.5,True,False,-1,0,VWAP_TRIPLE_BEAR,7,7,9.0,9.0,5.0,False,3.7.0
2026-03-26 07:35:00-04:00,1774524900000,24138.5,True,False,-1,4,VWAP_TRIPLE_BEAR,5,9,9.0,9.0,5.0,False,3.7.0
2026-03-26 07:35:59-04:00,1774524959000,24134.25,True,False,0,2,VWAP_TRIPLE_BEAR,5,7,-23.75,9.0,5.0,False,3.7.0
2026-03-26 07:37:00-04:00,1774525020000,24131.25,True,False,1,3,VWAP_TRIPLE_BEAR,6,9,9.0,9.0,5.0,False,3.7.0
2026-03-26 07:38:00-04:00,1774525080000,24135.75,True,False,0,1,VWAP_TRIPLE_BEAR,6,7,-29.0,9.0,5.0,False,3.7.0
2026-03-26 07:39:00-04:00,1774525140000,24141.5,True,False,-1,4,VWAP_TRIPLE_BEAR,4,8,9.0,9.0,5.0,False,3.7.0
2026-03-26 07:39:59-04:00,1774525199000,24143.0,True,False,-1,2,VWAP_TRIPLE_BEAR,5,7,9.0,9.0,5.0,False,3.7.0
2026-03-26 07:41:00-04:00,1774525260000,24137.75,True,False,-1,2,VWAP_TRIPLE_BEAR,5,7,9.0,9.0,5.0,False,3.7.0
2026-03-26 07:42:00-04:00,1774525320000,24128.5,True,False,-1,6,VWAP_TRIPLE_BEAR,5,11,9.0,9.0,5.0,False,3.7.0
2026-03-26 07:42:59-04:00,1774525379000,24122.75,True,False,1,2,VWAP_TRIPLE_BEAR,7,9,9.0,9.0,5.0,False,3.7.0
2026-03-26 07:44:00-04:00,1774525440000,24125.5,True,False,0,1,VWAP_TRIPLE_BEAR,8,9,-27.0,9.0,5.0,False,3.7.0
2026-03-26 07:45:00-04:00,1774525500000,24132.5,True,False,-1,1,VWAP_TRIPLE_BEAR,8,7,9.0,9.0,5.0,False,3.7.0
2026-03-26 07:45:59-04:00,1774525559000,24124.75,True,False,-1,4,VWAP_TRIPLE_BEAR,7,11,9.0,9.0,5.0,False,3.7.0
2026-03-26 07:47:00-04:00,1774525620000,24126.5,True,False,-1,0,VWAP_TRIPLE_BEAR,9,9,9.0,9.0,5.0,False,3.7.0
2026-03-26 07:48:00-04:00,1774525680000,24127.75,True,False,-1,1,VWAP_TRIPLE_BEAR,8,7,9.0,9.0,5.0,False,3.7.0
2026-03-26 07:48:59-04:00,1774525739000,24116.25,True,False,1,4,VWAP_TRIPLE_BEAR,6,10,9.0,9.0,5.0,False,3.7.0
2026-03-26 07:50:00-04:00,1774525800000,24116.25,True,False,1,3,VWAP_TRIPLE_BEAR,6,9,9.0,9.0,5.0,False,3.7.0
2026-03-26 07:51:00-04:00,1774525860000,24122.0,True,False,0,1,VWAP_TRIPLE_BEAR,6,7,16.0,9.0,5.0,False,3.7.0
2026-03-26 07:51:59-04:00,1774525919000,24116.75,True,False,1,3,VWAP_TRIPLE_BEAR,6,9,9.0,9.0,5.0,False,3.7.0
2026-03-26 07:53:00-04:00,1774525980000,24122.75,True,False,0,0,VWAP_TRIPLE_BEAR,7,7,18.5,9.0,5.0,False,3.7.0
2026-03-26 07:54:00-04:00,1774526040000,24128.75,True,False,-1,1,VWAP_TRIPLE_BEAR,8,9,9.0,9.0,5.0,False,3.7.0
2026-03-26 07:55:00-04:00,1774526100000,24122.75,True,False,-1,4,VWAP_TRIPLE_BEAR,6,10,9.0,9.0,5.0,False,3.7.0
2026-03-26 07:55:59-04:00,1774526159000,24110.5,True,False,-1,6,VWAP_TRIPLE_BEAR,5,11,9.0,9.0,5.0,False,3.7.0
2026-03-26 07:57:00-04:00,1774526220000,24113.0,True,False,-1,0,VWAP_TRIPLE_BEAR,7,7,9.0,9.0,5.0,False,3.7.0
2026-03-26 07:58:00-04:00,1774526280000,24106.75,True,False,-1,5,VWAP_TRIPLE_BEAR,6,11,9.0,9.0,5.0,False,3.7.0
2026-03-26 07:58:59-04:00,1774526339000,24101.75,True,False,-1,2,VWAP_TRIPLE_BEAR,7,9,9.0,9.0,5.0,False,3.7.0
2026-03-26 08:00:00-04:00,1774526400000,24095.25,True,False,0,4,VWAP_TRIPLE_BEAR,7,11,41.0,9.0,5.0,False,3.7.0
2026-03-26 08:01:00-04:00,1774526460000,24092.0,True,False,1,0,VWAP_TRIPLE_BEAR,7,7,9.0,9.0,5.0,False,3.7.0
2026-03-26 08:01:59-04:00,1774526519000,24090.5,True,False,1,1,VWAP_TRIPLE_BEAR,8,9,9.0,9.0,5.0,False,3.7.0
2026-03-26 08:03:00-04:00,1774526580000,24089.25,True,False,1,3,VWAP_TRIPLE_BEAR,7,10,9.0,9.0,5.0,False,3.7.0
2026-03-26 08:04:00-04:00,1774526640000,24098.5,True,False,1,0,VWAP_TRIPLE_BEAR,9,9,9.0,9.0,5.0,False,3.7.0
2026-03-26 08:04:59-04:00,1774526699000,24100.75,True,False,1,1,VWAP_TRIPLE_BEAR,8,9,9.0,9.0,5.0,False,3.7.0
2026-03-26 08:06:00-04:00,1774526760000,24109.75,True,False,1,1,VWAP_TRIPLE_BEAR,7,8,9.0,9.0,5.0,False,3.7.0
2026-03-26 08:07:00-04:00,1774526820000,24118.0,True,False,1,0,VWAP_TRIPLE_BEAR,8,8,9.0,9.0,5.0,False,3.7.0
2026-03-26 08:08:00-04:00,1774526880000,24124.75,True,False,1,3,VWAP_TRIPLE_BEAR,7,10,9.0,9.0,5.0,False,3.7.0
2026-03-26 08:08:59-04:00,1774526939000,24124.75,True,False,1,3,VWAP_TRIPLE_BEAR,6,9,9.0,9.0,5.0,False,3.7.0
2026-03-26 08:10:00-04:00,1774527000000,24130.0,True,False,1,4,VWAP_TRIPLE_BEAR,5,9,9.0,9.0,5.0,False,3.7.0
2026-03-26 08:11:00-04:00,1774527060000,24138.0,True,False,0,1,VWAP_TRIPLE_BEAR,8,7,-23.75,9.0,5.0,False,3.7.0
2026-03-26 08:11:59-04:00,1774527119000,24136.75,True,False,0,1,VWAP_TRIPLE_BEAR,8,9,-23.25,9.0,5.0,False,3.7.0
2026-03-26 08:13:00-04:00,1774527180000,24141.25,True,False,-1,1,VWAP_TRIPLE_BEAR,8,7,9.0,9.0,5.0,False,3.7.0
2026-03-26 08:14:00-04:00,1774527240000,24137.0,True,False,0,1,VWAP_TRIPLE_BEAR,7,8,-44.0,9.0,5.0,False,3.7.0
2026-03-26 08:14:59-04:00,1774527299000,24143.0,True,False,-1,1,VWAP_TRIPLE_BEAR,8,7,9.0,9.0,5.0,False,3.7.0
2026-03-26 08:16:00-04:00,1774527360000,24143.5,True,False,-1,2,VWAP_TRIPLE_BEAR,6,8,9.0,9.0,5.0,False,3.7.0
2026-03-26 08:17:00-04:00,1774527420000,24145.5,True,False,-1,1,VWAP_TRIPLE_BEAR,6,7,9.0,9.0,5.0,False,3.7.0
2026-03-26 08:17:59-04:00,1774527479000,24137.75,True,False,-1,5,VWAP_TRIPLE_BEAR,6,11,9.0,9.0,5.0,False,3.7.0
2026-03-26 08:19:00-04:00,1774527540000,24133.5,True,False,0,3,VWAP_TRIPLE_BEAR,6,9,-32.5,9.0,5.0,False,3.7.0
2026-03-26 08:20:00-04:00,1774527600000,24136.25,True,False,0,0,VWAP_TRIPLE_BEAR,9,9,-38.75,9.0,5.0,False,3.7.0
2026-03-26 08:20:59-04:00,1774527659000,24134.75,True,False,0,1,VWAP_TRIPLE_BEAR,7,8,-42.75,9.0,5.0,False,3.7.0
2026-03-26 08:22:00-04:00,1774527720000,24140.0,True,False,-1,1,VWAP_TRIPLE_BEAR,8,9,9.0,9.0,5.0,False,3.7.0
2026-03-26 08:23:00-04:00,1774527780000,24142.0,True,False,-1,1,VWAP_TRIPLE_BEAR,7,8,9.0,9.0,5.0,False,3.7.0
2026-03-26 08:24:00-04:00,1774527840000,24131.75,True,False,0,2,VWAP_TRIPLE_BEAR,7,9,-36.25,9.0,5.0,False,3.7.0
2026-03-26 08:24:59-04:00,1774527899000,24131.25,True,False,0,0,VWAP_TRIPLE_BEAR,7,7,-23.5,9.0,5.0,False,3.7.0
2026-03-26 08:26:00-04:00,1774527960000,24136.75,True,False,-1,1,VWAP_TRIPLE_BEAR,9,10,9.0,9.0,5.0,False,3.7.0
2026-03-26 08:27:00-04:00,1774528020000,24131.25,True,False,-1,1,VWAP_TRIPLE_BEAR,8,7,9.0,9.0,5.0,False,3.7.0
2026-03-26 08:27:59-04:00,1774528079000,24134.0,True,False,-1,0,VWAP_TRIPLE_BEAR,7,7,9.0,9.0,5.0,False,3.7.0
2026-03-26 08:29:00-04:00,1774528140000,24132.0,True,False,-1,2,VWAP_TRIPLE_BEAR,6,8,9.0,9.0,5.0,False,3.7.0
2026-03-26 08:30:00-04:00,1774528200000,24115.25,True,False,-1,5,VWAP_TRIPLE_BEAR,8,13,9.0,9.0,5.0,False,3.7.0
2026-03-26 08:30:59-04:00,1774528259000,24114.25,True,False,-1,2,VWAP_TRIPLE_BEAR,7,9,9.0,9.0,5.0,False,3.7.0
2026-03-26 08:32:00-04:00,1774528320000,24113.5,True,False,-1,2,VWAP_TRIPLE_BEAR,7,9,9.0,9.0,5.0,False,3.7.0
2026-03-26 08:33:00-04:00,1774528380000,24097.75,True,False,-1,0,VWAP_TRIPLE_BEAR,10,10,9.0,9.0,5.0,False,3.7.0
2026-03-26 08:33:59-04:00,1774528439000,24093.0,True,False,-1,3,VWAP_TRIPLE_BEAR,5,8,9.0,9.0,5.0,False,3.7.0
2026-03-26 08:35:00-04:00,1774528500000,24077.75,True,False,1,8,VWAP_TRIPLE_BEAR,6,14,9.0,9.0,5.0,False,3.7.0
2026-03-26 08:36:00-04:00,1774528560000,24092.0,True,False,1,1,VWAP_TRIPLE_BEAR,8,7,9.0,9.0,5.0,False,3.7.0
2026-03-26 08:36:59-04:00,1774528619000,24096.25,True,False,1,1,VWAP_TRIPLE_BEAR,9,8,9.0,9.0,5.0,False,3.7.0
2026-03-26 08:38:00-04:00,1774528680000,24101.5,True,False,-1,1,VWAP_TRIPLE_BEAR,8,9,9.0,9.0,5.0,False,3.7.0
2026-03-26 08:39:00-04:00,1774528740000,24101.0,True,False,-1,0,VWAP_TRIPLE_BEAR,9,9,9.0,9.0,5.0,False,3.7.0
2026-03-26 08:40:00-04:00,1774528800000,24097.5,True,False,0,4,VWAP_TRIPLE_BEAR,6,10,34.0,9.0,5.0,False,3.7.0
2026-03-26 08:40:59-04:00,1774528859000,24092.0,True,False,1,3,VWAP_TRIPLE_BEAR,6,9,9.0,9.0,5.0,False,3.7.0
2026-03-26 08:42:00-04:00,1774528920000,24095.75,True,False,1,5,VWAP_TRIPLE_BEAR,5,10,9.0,9.0,5.0,False,3.7.0
2026-03-26 08:43:00-04:00,1774528980000,24097.5,True,False,1,2,VWAP_TRIPLE_BEAR,7,9,9.0,9.0,5.0,False,3.7.0
2026-03-26 08:43:59-04:00,1774529039000,24095.5,True,False,1,4,VWAP_TRIPLE_BEAR,6,10,9.0,9.0,5.0,False,3.7.0
2026-03-26 08:45:00-04:00,1774529100000,24107.75,True,False,-1,7,VWAP_TRIPLE_BEAR,5,12,9.0,9.0,5.0,False,3.7.0
2026-03-26 08:46:00-04:00,1774529160000,24112.5,True,False,-1,1,VWAP_TRIPLE_BEAR,7,8,9.0,9.0,5.0,False,3.7.0
2026-03-26 08:46:59-04:00,1774529219000,24106.25,True,False,0,5,VWAP_TRIPLE_BEAR,6,11,13.25,9.0,5.0,False,3.7.0
2026-03-26 08:48:00-04:00,1774529280000,24106.0,True,False,0,1,VWAP_TRIPLE_BEAR,8,7,16.5,9.0,5.0,False,3.7.0
2026-03-26 08:49:00-04:00,1774529340000,24101.0,True,False,1,2,VWAP_TRIPLE_BEAR,7,9,9.0,9.0,5.0,False,3.7.0
2026-03-26 08:49:59-04:00,1774529399000,24109.0,True,False,-1,1,VWAP_TRIPLE_BEAR,6,7,9.0,9.0,5.0,False,3.7.0
2026-03-26 08:51:00-04:00,1774529460000,24106.75,True,False,-1,1,VWAP_TRIPLE_BEAR,8,9,9.0,9.0,5.0,False,3.7.0
2026-03-26 08:52:00-04:00,1774529520000,24108.75,True,False,-1,2,VWAP_TRIPLE_BEAR,6,8,9.0,9.0,5.0,False,3.7.0
2026-03-26 08:53:00-04:00,1774529580000,24097.75,True,False,1,7,VWAP_TRIPLE_BEAR,5,12,9.0,9.0,5.0,False,3.7.0
2026-03-26 08:53:59-04:00,1774529639000,24102.5,True,False,1,2,VWAP_TRIPLE_BEAR,6,8,9.0,9.0,5.0,False,3.7.0
2026-03-26 08:55:00-04:00,1774529700000,24114.25,True,False,0,2,VWAP_TRIPLE_BEAR,5,7,25.25,9.0,5.0,False,3.7.0
2026-03-26 08:56:00-04:00,1774529760000,24108.5,True,False,1,2,VWAP_TRIPLE_BEAR,6,8,9.0,9.0,5.0,False,3.7.0
2026-03-26 08:56:59-04:00,1774529819000,24116.25,True,False,1,0,VWAP_TRIPLE_BEAR,7,7,9.0,9.0,5.0,False,3.7.0
2026-03-26 08:58:00-04:00,1774529880000,24114.25,True,False,1,1,VWAP_TRIPLE_BEAR,7,8,9.0,9.0,5.0,False,3.7.0
2026-03-26 08:59:00-04:00,1774529940000,24118.0,True,False,1,4,VWAP_TRIPLE_BEAR,10,6,9.0,9.0,5.0,False,3.7.0
2026-03-26 08:59:59-04:00,1774529999000,24131.5,True,False,-1,1,VWAP_TRIPLE_BEAR,6,7,9.0,9.0,5.0,False,3.7.0
2026-03-26 09:01:00-04:00,1774530060000,24130.5,True,False,-1,0,VWAP_TRIPLE_BEAR,6,6,9.0,9.0,5.0,False,3.7.0
2026-03-26 09:02:00-04:00,1774530120000,24117.5,True,False,1,4,VWAP_TRIPLE_BEAR,6,10,9.0,9.0,5.0,False,3.7.0
2026-03-26 09:02:59-04:00,1774530179000,24127.0,True,False,-1,1,VWAP_TRIPLE_BEAR,6,7,9.0,9.0,5.0,False,3.7.0
2026-03-26 09:04:00-04:00,1774530240000,24124.75,True,False,-1,1,VWAP_TRIPLE_BEAR,6,7,9.0,9.0,5.0,False,3.7.0
2026-03-26 09:05:00-04:00,1774530300000,24122.25,True,False,0,1,VWAP_TRIPLE_BEAR,7,8,26.25,9.0,5.0,False,3.7.0
2026-03-26 09:05:59-04:00,1774530359000,24114.25,True,False,1,0,VWAP_TRIPLE_BEAR,7,7,9.0,9.0,5.0,False,3.7.0
2026-03-26 09:07:00-04:00,1774530420000,24119.5,True,False,1,1,VWAP_TRIPLE_BEAR,7,8,9.0,9.0,5.0,False,3.7.0
2026-03-26 09:08:00-04:00,1774530480000,24122.5,True,False,0,1,VWAP_TRIPLE_BEAR,8,7,19.0,9.0,5.0,False,3.7.0
2026-03-26 09:09:00-04:00,1774530540000,24124.0,True,False,0,1,VWAP_TRIPLE_BEAR,6,7,32.25,9.0,5.0,False,3.7.0
2026-03-26 09:09:59-04:00,1774530599000,24117.25,True,False,1,3,VWAP_TRIPLE_BEAR,7,10,9.0,9.0,5.0,False,3.7.0
2026-03-26 09:11:00-04:00,1774530660000,24123.5,True,False,1,3,VWAP_TRIPLE_BEAR,9,6,9.0,9.0,5.0,False,3.7.0
2026-03-26 09:12:00-04:00,1774530720000,24126.25,True,False,1,1,VWAP_TRIPLE_BEAR,7,6,9.0,9.0,5.0,False,3.7.0
2026-03-26 09:12:59-04:00,1774530779000,24145.5,True,False,-1,2,VWAP_TRIPLE_BEAR,10,8,9.0,9.0,5.0,False,3.7.0
2026-03-26 09:14:00-04:00,1774530840000,24133.75,True,False,1,1,VWAP_TRIPLE_BEAR,6,7,9.0,9.0,5.0,False,3.7.0
2026-03-26 09:15:00-04:00,1774530900000,24139.5,True,False,1,1,VWAP_TRIPLE_BEAR,6,7,9.0,9.0,5.0,False,3.7.0
2026-03-26 09:15:59-04:00,1774530959000,24141.75,True,False,1,1,VWAP_TRIPLE_BEAR,7,6,9.0,9.0,5.0,False,3.7.0
2026-03-26 09:17:00-04:00,1774531020000,24153.0,True,False,-1,4,VWAP_TRIPLE_BEAR,10,6,9.0,9.0,5.0,False,3.7.0
2026-03-26 09:18:00-04:00,1774531080000,24151.0,True,False,-1,0,VWAP_TRIPLE_BEAR,7,7,9.0,9.0,5.0,False,3.7.0
2026-03-26 09:18:59-04:00,1774531139000,24148.75,True,False,-1,0,VWAP_TRIPLE_BEAR,7,7,9.0,9.0,5.0,False,3.7.0
2026-03-26 09:20:00-04:00,1774531200000,24146.5,True,False,-1,2,VWAP_TRIPLE_BEAR,6,8,9.0,9.0,5.0,False,3.7.0
2026-03-26 09:21:00-04:00,1774531260000,24143.25,True,False,0,0,VWAP_TRIPLE_BEAR,7,7,-52.25,9.0,5.0,False,3.7.0
2026-03-26 09:21:59-04:00,1774531319000,24139.0,True,False,1,2,VWAP_TRIPLE_BEAR,6,8,9.0,9.0,5.0,False,3.7.0
2026-03-26 09:23:00-04:00,1774531380000,24147.0,True,False,-1,2,VWAP_TRIPLE_BEAR,8,6,9.0,9.0,5.0,False,3.7.0
2026-03-26 09:24:00-04:00,1774531440000,24137.0,True,False,1,2,VWAP_TRIPLE_BEAR,7,9,9.0,9.0,5.0,False,3.7.0
2026-03-26 09:25:00-04:00,1774531500000,24148.5,True,False,-1,1,VWAP_TRIPLE_BEAR,7,8,9.0,9.0,5.0,False,3.7.0
2026-03-26 09:25:59-04:00,1774531559000,24135.0,True,False,1,2,VWAP_TRIPLE_BEAR,6,8,9.0,9.0,5.0,False,3.7.0
2026-03-26 09:27:00-04:00,1774531620000,24136.25,True,False,1,2,VWAP_TRIPLE_BEAR,9,7,9.0,9.0,5.0,False,3.7.0
2026-03-26 09:28:00-04:00,1774531680000,24141.5,True,False,1,2,VWAP_TRIPLE_BEAR,9,7,9.0,9.0,5.0,False,3.7.0
2026-03-26 09:28:59-04:00,1774531739000,24156.25,True,False,-1,2,VWAP_TRIPLE_BEAR,8,6,9.0,9.0,5.0,False,3.7.0
2026-03-26 09:30:00-04:00,1774531800000,24107.5,True,False,0,3,VWAP_TRIPLE_BEAR,7,10,68.5,9.0,5.0,False,3.7.0
2026-03-26 09:31:00-04:00,1774531860000,24108.25,True,False,0,4,VWAP_TRIPLE_BEAR,7,11,94.0,9.0,5.0,False,3.7.0
2026-03-26 09:31:59-04:00,1774531919000,24103.25,True,False,1,2,VWAP_TRIPLE_BEAR,9,7,9.0,9.0,5.0,False,3.7.0
2026-03-26 09:33:00-04:00,1774531980000,24102.5,True,False,1,4,VWAP_TRIPLE_BEAR,6,10,9.0,9.0,5.0,False,3.7.0
2026-03-26 09:34:00-04:00,1774532040000,24122.75,True,False,-1,2,VWAP_TRIPLE_BEAR,6,8,9.0,9.0,5.0,False,3.7.0
2026-03-26 09:34:59-04:00,1774532099000,24096.75,True,False,1,5,VWAP_TRIPLE_BEAR,6,11,9.0,9.0,5.0,False,3.7.0
2026-03-26 09:36:00-04:00,1774532160000,24103.25,True,False,1,1,VWAP_TRIPLE_BEAR,9,8,9.0,9.0,5.0,False,3.7.0
2026-03-26 09:37:00-04:00,1774532220000,24121.75,True,False,-1,3,VWAP_TRIPLE_BEAR,6,9,9.0,9.0,5.0,False,3.7.0
2026-03-26 09:38:00-04:00,1774532280000,24091.5,True,False,-1,4,VWAP_TRIPLE_BEAR,6,10,9.0,9.0,5.0,False,3.7.0
2026-03-26 09:38:59-04:00,1774532339000,24068.5,True,False,1,1,VWAP_TRIPLE_BEAR,8,9,9.0,9.0,5.0,False,3.7.0
2026-03-26 09:40:00-04:00,1774532400000,24082.0,True,False,1,1,VWAP_TRIPLE_BEAR,9,8,9.0,9.0,5.0,False,3.7.0
2026-03-26 09:41:00-04:00,1774532460000,24091.0,True,False,1,4,VWAP_TRIPLE_BEAR,6,10,9.0,9.0,5.0,False,3.7.0
2026-03-26 09:41:59-04:00,1774532519000,24105.75,True,False,1,3,VWAP_TRIPLE_BEAR,5,8,9.0,9.0,5.0,False,3.7.0
2026-03-26 09:43:00-04:00,1774532580000,24133.0,True,False,1,2,VWAP_TRIPLE_BEAR,7,9,9.0,9.0,5.0,False,3.7.0
2026-03-26 09:44:00-04:00,1774532640000,24156.5,True,False,1,3,VWAP_TRIPLE_BEAR,6,9,9.0,9.0,5.0,False,3.7.0
2026-03-26 09:44:59-04:00,1774532699000,24172.25,True,False,-1,3,VWAP_TRIPLE_BEAR,5,8,9.0,9.0,5.0,False,3.7.0
2026-03-26 09:46:00-04:00,1774532760000,24154.0,True,False,1,2,VWAP_TRIPLE_BEAR,5,7,9.0,9.0,5.0,False,3.7.0
2026-03-26 09:47:00-04:00,1774532820000,24186.5,True,False,-1,2,VWAP_TRIPLE_BEAR,6,8,9.0,9.0,5.0,False,3.7.0
2026-03-26 09:47:59-04:00,1774532879000,24179.25,True,False,-1,3,VWAP_TRIPLE_BEAR,7,10,9.0,9.0,5.0,False,3.7.0
2026-03-26 09:49:00-04:00,1774532940000,24165.75,True,False,1,1,VWAP_TRIPLE_BEAR,7,8,9.0,9.0,5.0,False,3.7.0
2026-03-26 09:50:00-04:00,1774533000000,24176.0,True,False,1,2,VWAP_TRIPLE_BEAR,7,9,9.0,9.0,5.0,False,3.7.0
2026-03-26 09:50:59-04:00,1774533059000,24202.25,True,False,0,2,VWAP_TRIPLE_BEAR,9,7,-29.5,9.0,5.0,False,3.7.0
2026-03-26 09:52:00-04:00,1774533120000,24194.25,True,False,1,2,VWAP_TRIPLE_BEAR,6,8,9.0,9.0,5.0,False,3.7.0
2026-03-26 09:53:00-04:00,1774533180000,24223.75,True,False,0,1,VWAP_TRIPLE_BEAR,8,7,-21.0,9.0,5.0,False,3.7.0
2026-03-26 09:54:00-04:00,1774533240000,24231.75,True,False,-1,1,VWAP_TRIPLE_BEAR,7,8,9.0,9.0,5.0,False,3.7.0
2026-03-26 09:54:59-04:00,1774533299000,24208.75,True,False,0,2,VWAP_TRIPLE_BEAR,6,8,15.5,9.0,5.0,False,3.7.0
2026-03-26 09:56:00-04:00,1774533360000,24214.25,True,False,-1,3,VWAP_TRIPLE_BEAR,5,8,9.0,9.0,5.0,False,3.7.0
2026-03-26 09:57:00-04:00,1774533420000,24188.5,True,False,-1,1,VWAP_TRIPLE_BEAR,7,8,9.0,9.0,5.0,False,3.7.0
2026-03-26 09:57:59-04:00,1774533479000,24157.25,True,False,1,2,VWAP_TRIPLE_BEAR,7,9,9.0,9.0,5.0,False,3.7.0
2026-03-26 09:59:00-04:00,1774533540000,24216.0,True,False,-1,2,VWAP_TRIPLE_BEAR,9,7,9.0,9.0,5.0,False,3.7.0
2026-03-26 10:00:00-04:00,1774533600000,24213.25,True,False,0,2,VWAP_TRIPLE_BEAR,6,8,-16.0,9.0,5.0,False,3.7.0
2026-03-26 10:00:59-04:00,1774533659000,24220.0,True,False,-1,2,VWAP_TRIPLE_BEAR,7,9,9.0,9.0,5.0,False,3.7.0
2026-03-26 10:02:00-04:00,1774533720000,24209.25,True,False,0,1,VWAP_TRIPLE_BEAR,8,7,17.5,9.0,5.0,False,3.7.0
2026-03-26 10:03:00-04:00,1774533780000,24217.25,True,False,-1,2,VWAP_TRIPLE_BEAR,6,8,9.0,9.0,5.0,False,3.7.0
2026-03-26 10:03:59-04:00,1774533839000,24200.75,True,False,1,1,VWAP_TRIPLE_BEAR,9,8,9.0,9.0,5.0,False,3.7.0
2026-03-26 10:05:00-04:00,1774533900000,24205.0,True,False,1,2,VWAP_TRIPLE_BEAR,7,9,9.0,9.0,5.0,False,3.7.0
2026-03-26 10:06:00-04:00,1774533960000,24223.5,True,False,-1,1,VWAP_TRIPLE_BEAR,7,6,9.0,9.0,5.0,False,3.7.0
2026-03-26 10:06:59-04:00,1774534019000,24218.0,True,False,-1,2,VWAP_TRIPLE_BEAR,7,9,9.0,9.0,5.0,False,3.7.0
2026-03-26 10:08:00-04:00,1774534080000,24179.75,True,False,0,3,VWAP_TRIPLE_BEAR,7,10,11.0,9.0,5.0,False,3.7.0
2026-03-26 10:09:00-04:00,1774534140000,24187.25,True,False,-1,3,VWAP_TRIPLE_BEAR,6,9,9.0,9.0,5.0,False,3.7.0
2026-03-26 10:10:00-04:00,1774534200000,24186.75,True,False,-1,4,VWAP_TRIPLE_BEAR,5,9,9.0,9.0,5.0,False,3.7.0
2026-03-26 10:10:59-04:00,1774534259000,24172.75,True,False,1,5,VWAP_TRIPLE_BEAR,5,10,9.0,9.0,5.0,False,3.7.0
2026-03-26 10:12:00-04:00,1774534320000,24197.75,True,False,1,0,VWAP_TRIPLE_BEAR,7,7,9.0,9.0,5.0,False,3.7.0
2026-03-26 10:13:00-04:00,1774534380000,24202.75,True,False,1,0,VWAP_TRIPLE_BEAR,8,8,9.0,9.0,5.0,False,3.7.0
2026-03-26 10:13:59-04:00,1774534439000,24213.5,True,False,1,2,VWAP_TRIPLE_BEAR,8,6,9.0,9.0,5.0,False,3.7.0
2026-03-26 10:15:00-04:00,1774534500000,24224.25,True,False,-1,2,VWAP_TRIPLE_BEAR,7,9,9.0,9.0,5.0,False,3.7.0
2026-03-26 10:16:00-04:00,1774534560000,24215.75,True,False,-1,2,VWAP_TRIPLE_BEAR,7,9,9.0,9.0,5.0,False,3.7.0
2026-03-26 10:16:59-04:00,1774534619000,24213.5,True,False,-1,3,VWAP_TRIPLE_BEAR,6,9,9.0,9.0,5.0,False,3.7.0
2026-03-26 10:18:00-04:00,1774534680000,24207.0,True,False,-1,2,VWAP_TRIPLE_BEAR,6,8,9.0,9.0,5.0,False,3.7.0
2026-03-26 10:19:00-04:00,1774534740000,24189.75,True,False,1,5,VWAP_TRIPLE_BEAR,6,11,9.0,9.0,5.0,False,3.7.0
2026-03-26 10:19:59-04:00,1774534799000,24197.25,True,False,1,3,VWAP_TRIPLE_BEAR,6,9,9.0,9.0,5.0,False,3.7.0
2026-03-26 10:21:00-04:00,1774534860000,24196.25,True,False,1,6,VWAP_TRIPLE_BEAR,5,11,9.0,9.0,5.0,False,3.7.0
2026-03-26 10:22:00-04:00,1774534920000,24226.75,True,False,-1,1,VWAP_TRIPLE_BEAR,8,7,9.0,9.0,5.0,False,3.7.0
2026-03-26 10:23:00-04:00,1774534980000,24213.75,True,False,-1,3,VWAP_TRIPLE_BEAR,6,9,9.0,9.0,5.0,False,3.7.0
2026-03-26 10:23:59-04:00,1774535039000,24205.0,True,False,-1,0,VWAP_TRIPLE_BEAR,8,8,9.0,9.0,5.0,False,3.7.0
2026-03-26 10:25:00-04:00,1774535100000,24207.25,True,False,-1,1,VWAP_TRIPLE_BEAR,7,6,9.0,9.0,5.0,False,3.7.0
2026-03-26 10:26:00-04:00,1774535160000,24201.25,True,False,-1,0,VWAP_TRIPLE_BEAR,8,8,9.0,9.0,5.0,False,3.7.0
2026-03-26 10:26:59-04:00,1774535219000,24190.75,True,False,-1,5,VWAP_TRIPLE_BEAR,6,11,9.0,9.0,5.0,False,3.7.0
2026-03-26 10:28:00-04:00,1774535280000,24190.75,True,False,-1,1,VWAP_TRIPLE_BEAR,6,7,9.0,9.0,5.0,False,3.7.0
2026-03-26 10:29:00-04:00,1774535340000,24170.75,True,False,1,5,VWAP_TRIPLE_BEAR,5,10,9.0,9.0,5.0,False,3.7.0
2026-03-26 10:29:59-04:00,1774535399000,24185.5,True,False,1,1,VWAP_TRIPLE_BEAR,9,8,9.0,9.0,5.0,False,3.7.0
2026-03-26 10:31:00-04:00,1774535460000,24196.25,True,False,-1,2,VWAP_TRIPLE_BEAR,7,9,9.0,9.0,5.0,False,3.7.0
2026-03-26 10:32:00-04:00,1774535520000,24190.75,True,False,-1,1,VWAP_TRIPLE_BEAR,7,8,9.0,9.0,5.0,False,3.7.0
2026-03-26 10:32:59-04:00,1774535579000,24180.0,True,False,1,3,VWAP_TRIPLE_BEAR,6,9,9.0,9.0,5.0,False,3.7.0
2026-03-26 10:34:00-04:00,1774535640000,24191.0,True,False,-1,2,VWAP_TRIPLE_BEAR,7,9,9.0,9.0,5.0,False,3.7.0
2026-03-26 10:35:00-04:00,1774535700000,24177.75,True,False,-1,0,VWAP_TRIPLE_BEAR,7,7,9.0,9.0,5.0,False,3.7.0
2026-03-26 10:35:59-04:00,1774535759000,24177.75,True,False,-1,0,VWAP_TRIPLE_BEAR,7,7,9.0,9.0,5.0,False,3.7.0
2026-03-26 10:37:00-04:00,1774535820000,24165.75,True,False,1,5,VWAP_TRIPLE_BEAR,5,10,9.0,9.0,5.0,False,3.7.0
2026-03-26 10:38:00-04:00,1774535880000,24164.0,True,False,1,1,VWAP_TRIPLE_BEAR,6,7,9.0,9.0,5.0,False,3.7.0
2026-03-26 10:39:00-04:00,1774535940000,24174.75,True,False,-1,6,VWAP_TRIPLE_BEAR,4,10,9.0,9.0,5.0,False,3.7.0
2026-03-26 10:39:59-04:00,1774535999000,24178.75,True,False,-1,3,VWAP_TRIPLE_BEAR,4,7,9.0,9.0,5.0,False,3.7.0
2026-03-26 10:41:00-04:00,1774536060000,24174.5,True,False,-1,1,VWAP_TRIPLE_BEAR,8,7,9.0,9.0,5.0,False,3.7.0
2026-03-26 10:42:00-04:00,1774536120000,24153.5,True,False,-1,0,VWAP_TRIPLE_BEAR,8,8,9.0,9.0,5.0,False,3.7.0
2026-03-26 10:42:59-04:00,1774536179000,24138.75,True,False,-1,1,VWAP_TRIPLE_BEAR,8,7,9.0,9.0,5.0,False,3.7.0
2026-03-26 10:44:00-04:00,1774536240000,24123.25,True,False,-1,1,VWAP_TRIPLE_BEAR,9,8,9.0,9.0,5.0,False,3.7.0
2026-03-26 10:45:00-04:00,1774536300000,24118.25,True,False,-1,3,VWAP_TRIPLE_BEAR,7,10,9.0,9.0,5.0,False,3.7.0
2026-03-26 10:45:59-04:00,1774536359000,24107.5,True,False,0,1,VWAP_TRIPLE_BEAR,9,8,1.75,9.0,5.0,False,3.7.0
2026-03-26 10:47:00-04:00,1774536420000,24115.25,True,False,-1,2,VWAP_TRIPLE_BEAR,6,8,9.0,9.0,5.0,False,3.7.0
2026-03-26 10:48:00-04:00,1774536480000,24115.25,True,False,-1,0,VWAP_TRIPLE_BEAR,8,8,9.0,9.0,5.0,False,3.7.0
2026-03-26 10:48:59-04:00,1774536539000,24110.25,True,False,0,1,VWAP_TRIPLE_BEAR,9,8,-15.5,9.0,5.0,False,3.7.0
2026-03-26 10:50:00-04:00,1774536600000,24116.0,True,False,-1,0,VWAP_TRIPLE_BEAR,8,8,9.0,9.0,5.0,False,3.7.0
2026-03-26 10:51:00-04:00,1774536660000,24112.25,True,False,-1,2,VWAP_TRIPLE_BEAR,9,7,9.0,9.0,5.0,False,3.7.0
2026-03-26 10:51:59-04:00,1774536719000,24099.75,True,False,-1,0,VWAP_TRIPLE_BEAR,9,9,9.0,9.0,5.0,False,3.7.0
2026-03-26 10:53:00-04:00,1774536780000,24080.25,True,False,-1,1,VWAP_TRIPLE_BEAR,10,9,9.0,9.0,5.0,False,3.7.0
2026-03-26 10:54:00-04:00,1774536840000,24068.0,True,False,1,2,VWAP_TRIPLE_BEAR,10,8,9.0,9.0,5.0,False,3.7.0
2026-03-26 10:55:00-04:00,1774536900000,24069.0,True,False,1,1,VWAP_TRIPLE_BEAR,10,9,9.0,9.0,5.0,False,3.7.0
2026-03-26 10:55:59-04:00,1774536959000,24092.5,True,False,1,2,VWAP_TRIPLE_BEAR,8,10,9.0,9.0,5.0,False,3.7.0
2026-03-26 10:57:00-04:00,1774537020000,24098.25,True,False,1,1,VWAP_TRIPLE_BEAR,9,8,9.0,9.0,5.0,False,3.7.0
2026-03-26 10:58:00-04:00,1774537080000,24100.5,True,False,1,1,VWAP_TRIPLE_BEAR,7,8,9.0,9.0,5.0,False,3.7.0
2026-03-26 10:58:59-04:00,1774537139000,24103.0,True,False,1,2,VWAP_TRIPLE_BEAR,7,9,9.0,9.0,5.0,False,3.7.0
2026-03-26 11:00:00-04:00,1774537200000,24115.5,True,False,-1,1,VWAP_TRIPLE_BEAR,7,8,9.0,9.0,5.0,False,3.7.0
2026-03-26 11:01:00-04:00,1774537260000,24118.0,True,False,-1,6,VWAP_TRIPLE_BEAR,4,10,9.0,9.0,5.0,False,3.7.0
2026-03-26 11:01:59-04:00,1774537319000,24118.25,True,False,-1,4,VWAP_TRIPLE_BEAR,4,8,9.0,9.0,5.0,False,3.7.0
2026-03-26 11:03:00-04:00,1774537380000,24116.0,True,False,-1,0,VWAP_TRIPLE_BEAR,8,8,9.0,9.0,5.0,False,3.7.0
2026-03-26 11:04:00-04:00,1774537440000,24094.5,True,False,1,0,VWAP_TRIPLE_BEAR,8,8,9.0,9.0,5.0,False,3.7.0
2026-03-26 11:04:59-04:00,1774537499000,24113.0,True,False,-1,5,VWAP_TRIPLE_BEAR,6,11,9.0,9.0,5.0,False,3.7.0
2026-03-26 11:06:00-04:00,1774537560000,24109.25,True,False,-1,3,VWAP_TRIPLE_BEAR,6,9,9.0,9.0,5.0,False,3.7.0
2026-03-26 11:07:00-04:00,1774537620000,24092.5,True,False,1,2,VWAP_TRIPLE_BEAR,7,9,9.0,9.0,5.0,False,3.7.0
2026-03-26 11:08:00-04:00,1774537680000,24089.75,True,False,1,1,VWAP_TRIPLE_BEAR,7,8,9.0,9.0,5.0,False,3.7.0
2026-03-26 11:08:59-04:00,1774537739000,24094.75,True,False,1,1,VWAP_TRIPLE_BEAR,7,8,9.0,9.0,5.0,False,3.7.0
2026-03-26 11:10:00-04:00,1774537800000,24105.0,True,False,-1,3,VWAP_TRIPLE_BEAR,9,6,9.0,9.0,5.0,False,3.7.0
2026-03-26 11:11:00-04:00,1774537860000,24102.75,True,False,-1,0,VWAP_TRIPLE_BEAR,8,8,9.0,9.0,5.0,False,3.7.0
2026-03-26 11:11:59-04:00,1774537919000,24101.5,True,False,-1,2,VWAP_TRIPLE_BEAR,10,8,9.0,9.0,5.0,False,3.7.0
2026-03-26 11:13:00-04:00,1774537980000,24102.25,True,False,-1,3,VWAP_TRIPLE_BEAR,11,8,9.0,9.0,5.0,False,3.7.0
2026-03-26 11:14:00-04:00,1774538040000,24093.5,True,False,-1,2,VWAP_TRIPLE_BEAR,9,7,9.0,9.0,5.0,False,3.7.0
2026-03-26 11:14:59-04:00,1774538099000,24094.0,True,False,-1,3,VWAP_TRIPLE_BEAR,9,6,9.0,9.0,5.0,False,3.7.0
2026-03-26 11:16:00-04:00,1774538160000,24080.5,True,False,0,1,VWAP_TRIPLE_BEAR,8,7,-11.75,9.0,5.0,False,3.7.0
2026-03-26 11:17:00-04:00,1774538220000,24075.25,True,False,1,1,VWAP_TRIPLE_BEAR,9,8,9.0,9.0,5.0,False,3.7.0
2026-03-26 11:17:59-04:00,1774538279000,24074.25,True,False,1,1,VWAP_TRIPLE_BEAR,9,8,9.0,9.0,5.0,False,3.7.0
2026-03-26 11:19:00-04:00,1774538340000,24079.5,True,False,1,1,VWAP_TRIPLE_BEAR,8,9,9.0,9.0,5.0,False,3.7.0
2026-03-26 11:20:00-04:00,1774538400000,24086.5,True,False,1,1,VWAP_TRIPLE_BEAR,8,9,9.0,9.0,5.0,False,3.7.0
2026-03-26 11:20:59-04:00,1774538459000,24097.25,True,False,-1,0,VWAP_TRIPLE_BEAR,9,9,9.0,9.0,5.0,False,3.7.0
2026-03-26 11:22:00-04:00,1774538520000,24088.75,True,False,-1,5,VWAP_TRIPLE_BEAR,11,6,9.0,9.0,5.0,False,3.7.0
2026-03-26 11:23:00-04:00,1774538580000,24090.75,True,False,-1,1,VWAP_TRIPLE_BEAR,8,9,9.0,9.0,5.0,False,3.7.0
2026-03-26 11:24:00-04:00,1774538640000,24090.75,True,False,-1,3,VWAP_TRIPLE_BEAR,9,6,9.0,9.0,5.0,False,3.7.0
2026-03-26 11:24:59-04:00,1774538699000,24083.5,True,False,1,0,VWAP_TRIPLE_BEAR,7,7,9.0,9.0,5.0,False,3.7.0
2026-03-26 11:26:00-04:00,1774538760000,24085.25,True,False,0,2,VWAP_TRIPLE_BEAR,8,6,24.25,9.0,5.0,False,3.7.0
2026-03-26 11:27:00-04:00,1774538820000,24087.25,True,False,0,3,VWAP_TRIPLE_BEAR,10,7,9.75,9.0,5.0,False,3.7.0
2026-03-26 11:27:59-04:00,1774538879000,24093.5,True,False,-1,4,VWAP_TRIPLE_BEAR,6,10,9.0,9.0,5.0,False,3.7.0
2026-03-26 11:29:00-04:00,1774538940000,24085.5,True,False,-1,3,VWAP_TRIPLE_BEAR,7,10,9.0,9.0,5.0,False,3.7.0
2026-03-26 11:30:00-04:00,1774539000000,24080.75,True,False,-1,3,VWAP_TRIPLE_BEAR,7,10,9.0,9.0,5.0,False,3.7.0
2026-03-26 11:30:59-04:00,1774539059000,24054.5,True,False,1,5,VWAP_TRIPLE_BEAR,7,12,9.0,9.0,5.0,False,3.7.0
2026-03-26 11:32:00-04:00,1774539120000,24060.75,True,False,1,2,VWAP_TRIPLE_BEAR,9,7,9.0,9.0,5.0,False,3.7.0
2026-03-26 11:33:00-04:00,1774539180000,24056.0,True,False,1,2,VWAP_TRIPLE_BEAR,10,8,9.0,9.0,5.0,False,3.7.0
2026-03-26 11:33:59-04:00,1774539239000,24063.0,True,False,1,3,VWAP_TRIPLE_BEAR,10,7,9.0,9.0,5.0,False,3.7.0
2026-03-26 11:35:00-04:00,1774539300000,24071.75,True,False,1,2,VWAP_TRIPLE_BEAR,10,8,9.0,9.0,5.0,False,3.7.0
2026-03-26 11:36:00-04:00,1774539360000,24068.75,True,False,1,2,VWAP_TRIPLE_BEAR,8,10,9.0,9.0,5.0,False,3.7.0
2026-03-26 11:36:59-04:00,1774539419000,24072.75,True,False,1,2,VWAP_TRIPLE_BEAR,9,7,9.0,9.0,5.0,False,3.7.0
2026-03-26 11:38:00-04:00,1774539480000,24080.0,True,False,1,0,VWAP_TRIPLE_BEAR,8,8,9.0,9.0,5.0,False,3.7.0
2026-03-26 11:39:00-04:00,1774539540000,24082.25,True,False,0,1,VWAP_TRIPLE_BEAR,9,8,10.25,9.0,5.0,False,3.7.0
2026-03-26 11:40:00-04:00,1774539600000,24087.0,True,False,-1,1,VWAP_TRIPLE_BEAR,7,8,9.0,9.0,5.0,False,3.7.0
2026-03-26 11:40:59-04:00,1774539659000,24077.0,True,False,1,3,VWAP_TRIPLE_BEAR,10,7,9.0,9.0,5.0,False,3.7.0
2026-03-26 11:42:00-04:00,1774539720000,24084.25,True,False,0,2,VWAP_TRIPLE_BEAR,7,9,0.75,9.0,5.0,False,3.7.0
2026-03-26 11:43:00-04:00,1774539780000,24078.0,True,False,1,1,VWAP_TRIPLE_BEAR,8,7,9.0,9.0,5.0,False,3.7.0
2026-03-26 11:43:59-04:00,1774539839000,24079.75,True,False,1,1,VWAP_TRIPLE_BEAR,8,7,9.0,9.0,5.0,False,3.7.0
2026-03-26 11:45:00-04:00,1774539900000,24080.0,True,False,1,3,VWAP_TRIPLE_BEAR,10,7,9.0,9.0,5.0,False,3.7.0
2026-03-26 11:46:00-04:00,1774539960000,24109.5,True,False,-1,1,VWAP_TRIPLE_BEAR,9,10,9.0,9.0,5.0,False,3.7.0
2026-03-26 11:46:59-04:00,1774540019000,24097.0,True,False,1,2,VWAP_TRIPLE_BEAR,7,9,9.0,9.0,5.0,False,3.7.0
2026-03-26 11:48:00-04:00,1774540080000,24100.25,True,False,1,0,VWAP_TRIPLE_BEAR,10,10,9.0,9.0,5.0,False,3.7.0
2026-03-26 11:49:00-04:00,1774540140000,24097.25,True,False,1,1,VWAP_TRIPLE_BEAR,8,9,9.0,9.0,5.0,False,3.7.0
2026-03-26 11:49:59-04:00,1774540199000,24098.75,True,False,1,3,VWAP_TRIPLE_BEAR,8,11,9.0,9.0,5.0,False,3.7.0
2026-03-26 11:51:00-04:00,1774540260000,24110.5,True,False,1,1,VWAP_TRIPLE_BEAR,8,9,9.0,9.0,5.0,False,3.7.0
2026-03-26 11:52:00-04:00,1774540320000,24123.25,True,False,-1,1,VWAP_TRIPLE_BEAR,8,7,9.0,9.0,5.0,False,3.7.0
2026-03-26 11:53:00-04:00,1774540380000,24116.5,True,False,-1,2,VWAP_TRIPLE_BEAR,6,8,9.0,9.0,5.0,False,3.7.0
2026-03-26 11:53:59-04:00,1774540439000,24110.0,True,False,-1,1,VWAP_TRIPLE_BEAR,8,9,9.0,9.0,5.0,False,3.7.0
2026-03-26 11:55:00-04:00,1774540500000,24099.25,True,False,-1,2,VWAP_TRIPLE_BEAR,9,11,9.0,9.0,5.0,False,3.7.0
2026-03-26 11:56:00-04:00,1774540560000,24088.0,True,False,-1,2,VWAP_TRIPLE_BEAR,8,10,9.0,9.0,5.0,False,3.7.0
2026-03-26 11:56:59-04:00,1774540619000,24090.75,True,False,-1,3,VWAP_TRIPLE_BEAR,10,7,9.0,9.0,5.0,False,3.7.0
2026-03-26 11:58:00-04:00,1774540680000,24091.5,True,False,-1,3,VWAP_TRIPLE_BEAR,10,7,9.0,9.0,5.0,False,3.7.0
2026-03-26 11:59:00-04:00,1774540740000,24092.5,True,False,-1,1,VWAP_TRIPLE_BEAR,8,9,9.0,9.0,5.0,False,3.7.0
2026-03-26 11:59:59-04:00,1774540799000,24091.5,True,False,-1,1,VWAP_TRIPLE_BEAR,8,7,9.0,9.0,5.0,False,3.7.0
2026-03-26 12:01:00-04:00,1774540860000,24091.5,True,False,-1,1,VWAP_TRIPLE_BEAR,8,7,9.0,9.0,5.0,False,3.7.0
2026-03-26 12:02:00-04:00,1774540920000,24085.0,True,False,0,4,VWAP_TRIPLE_BEAR,6,10,-60.75,9.0,5.0,False,3.7.0
2026-03-26 12:02:59-04:00,1774540979000,24079.25,True,False,1,1,VWAP_TRIPLE_BEAR,9,8,9.0,9.0,5.0,False,3.7.0
2026-03-26 12:04:00-04:00,1774541040000,24081.0,True,False,1,0,VWAP_TRIPLE_BEAR,7,7,9.0,9.0,5.0,False,3.7.0
2026-03-26 12:05:00-04:00,1774541100000,24077.5,True,False,1,3,VWAP_TRIPLE_BEAR,7,10,9.0,9.0,5.0,False,3.7.0
2026-03-26 12:05:59-04:00,1774541159000,24084.5,True,False,0,1,VWAP_TRIPLE_BEAR,9,8,-67.25,9.0,5.0,False,3.7.0
2026-03-26 12:07:00-04:00,1774541220000,24082.5,True,False,0,1,VWAP_TRIPLE_BEAR,7,8,-67.25,9.0,5.0,False,3.7.0
2026-03-26 12:08:00-04:00,1774541280000,24090.5,True,False,-1,1,VWAP_TRIPLE_BEAR,8,9,9.0,9.0,5.0,False,3.7.0
2026-03-26 12:09:00-04:00,1774541340000,24086.0,True,False,-1,2,VWAP_TRIPLE_BEAR,7,9,9.0,9.0,5.0,False,3.7.0
2026-03-26 12:09:59-04:00,1774541399000,24076.25,True,False,-1,4,VWAP_TRIPLE_BEAR,6,10,9.0,9.0,5.0,False,3.7.0
2026-03-26 12:11:00-04:00,1774541460000,24058.0,True,False,1,1,VWAP_TRIPLE_BEAR,8,9,9.0,9.0,5.0,False,3.7.0
2026-03-26 12:12:00-04:00,1774541520000,24073.75,True,False,1,2,VWAP_TRIPLE_BEAR,9,7,9.0,9.0,5.0,False,3.7.0
2026-03-26 12:12:59-04:00,1774541579000,24069.75,True,False,1,0,VWAP_TRIPLE_BEAR,8,8,9.0,9.0,5.0,False,3.7.0
2026-03-26 12:14:00-04:00,1774541640000,24083.25,True,False,-1,1,VWAP_TRIPLE_BEAR,9,8,9.0,9.0,5.0,False,3.7.0
2026-03-26 12:15:00-04:00,1774541700000,24069.25,True,False,-1,4,VWAP_TRIPLE_BEAR,7,11,9.0,9.0,5.0,False,3.7.0
2026-03-26 12:15:59-04:00,1774541759000,24046.25,True,False,-1,3,VWAP_TRIPLE_BEAR,9,12,9.0,9.0,5.0,False,3.7.0
2026-03-26 12:17:00-04:00,1774541820000,24035.25,True,False,1,2,VWAP_TRIPLE_BEAR,8,10,9.0,9.0,5.0,False,3.7.0
2026-03-26 12:18:00-04:00,1774541880000,24062.5,True,False,-1,3,VWAP_TRIPLE_BEAR,8,11,9.0,9.0,5.0,False,3.7.0
2026-03-26 12:18:59-04:00,1774541939000,24063.5,True,False,-1,0,VWAP_TRIPLE_BEAR,8,8,9.0,9.0,5.0,False,3.7.0
2026-03-26 12:20:00-04:00,1774542000000,24050.25,True,False,-1,2,VWAP_TRIPLE_BEAR,8,10,9.0,9.0,5.0,False,3.7.0
2026-03-26 12:21:00-04:00,1774542060000,24042.25,True,False,-1,4,VWAP_TRIPLE_BEAR,6,10,9.0,9.0,5.0,False,3.7.0
2026-03-26 12:21:59-04:00,1774542119000,24024.25,True,False,1,2,VWAP_TRIPLE_BEAR,7,9,9.0,9.0,5.0,False,3.7.0
2026-03-26 12:23:00-04:00,1774542180000,24034.5,True,False,1,1,VWAP_TRIPLE_BEAR,8,9,9.0,9.0,5.0,False,3.7.0
2026-03-26 12:24:00-04:00,1774542240000,24045.5,True,False,-1,0,VWAP_TRIPLE_BEAR,9,9,9.0,9.0,5.0,False,3.7.0
2026-03-26 12:25:00-04:00,1774542300000,24026.5,True,False,-1,4,VWAP_TRIPLE_BEAR,7,11,9.0,9.0,5.0,False,3.7.0
2026-03-26 12:25:59-04:00,1774542359000,24017.25,True,False,-1,1,VWAP_TRIPLE_BEAR,8,9,9.0,9.0,5.0,False,3.7.0
2026-03-26 12:27:00-04:00,1774542420000,24015.25,True,False,-1,0,VWAP_TRIPLE_BEAR,7,7,9.0,9.0,5.0,False,3.7.0
2026-03-26 12:28:00-04:00,1774542480000,24004.25,True,False,-1,2,VWAP_TRIPLE_BEAR,10,8,9.0,9.0,5.0,False,3.7.0
2026-03-26 12:28:59-04:00,1774542539000,24007.25,True,False,-1,0,VWAP_TRIPLE_BEAR,8,8,9.0,9.0,5.0,False,3.7.0
2026-03-26 12:30:00-04:00,1774542600000,24003.25,True,False,-1,3,VWAP_TRIPLE_BEAR,11,8,9.0,9.0,5.0,False,3.7.0
2026-03-26 12:31:00-04:00,1774542660000,23999.25,True,False,-1,3,VWAP_TRIPLE_BEAR,10,7,9.0,9.0,5.0,False,3.7.0
2026-03-26 12:31:59-04:00,1774542719000,23987.75,True,False,1,1,VWAP_TRIPLE_BEAR,7,6,9.0,9.0,5.0,False,3.7.0
2026-03-26 12:33:00-04:00,1774542780000,23987.75,True,False,1,0,VWAP_TRIPLE_BEAR,7,7,9.0,9.0,5.0,False,3.7.0
2026-03-26 12:34:00-04:00,1774542840000,24000.25,True,False,1,4,VWAP_TRIPLE_BEAR,11,7,9.0,9.0,5.0,False,3.7.0
2026-03-26 12:34:59-04:00,1774542899000,24006.5,True,False,0,1,VWAP_TRIPLE_BEAR,9,8,-15.0,9.0,5.0,False,3.7.0
2026-03-26 12:36:00-04:00,1774542960000,24012.0,True,False,-1,1,VWAP_TRIPLE_BEAR,9,8,9.0,9.0,5.0,False,3.7.0
2026-03-26 12:37:00-04:00,1774543020000,24012.0,True,False,-1,3,VWAP_TRIPLE_BEAR,7,10,9.0,9.0,5.0,False,3.7.0
2026-03-26 12:38:00-04:00,1774543080000,23997.75,True,False,-1,1,VWAP_TRIPLE_BEAR,9,8,9.0,9.0,5.0,False,3.7.0
2026-03-26 12:38:59-04:00,1774543139000,23988.75,True,False,1,3,VWAP_TRIPLE_BEAR,5,8,9.0,9.0,5.0,False,3.7.0
2026-03-26 12:40:00-04:00,1774543200000,23992.75,True,False,0,0,VWAP_TRIPLE_BEAR,6,6,20.75,9.0,5.0,False,3.7.0
2026-03-26 12:41:00-04:00,1774543260000,23995.5,True,False,-1,2,VWAP_TRIPLE_BEAR,8,6,9.0,9.0,5.0,False,3.7.0
2026-03-26 12:41:59-04:00,1774543319000,23990.25,True,False,1,0,VWAP_TRIPLE_BEAR,8,8,9.0,9.0,5.0,False,3.7.0
2026-03-26 12:43:00-04:00,1774543380000,23991.5,True,False,0,0,VWAP_TRIPLE_BEAR,7,7,4.75,9.0,5.0,False,3.7.0
2026-03-26 12:44:00-04:00,1774543440000,23997.75,True,False,-1,4,VWAP_TRIPLE_BEAR,11,7,9.0,9.0,5.0,False,3.7.0
2026-03-26 12:44:59-04:00,1774543499000,23999.75,True,False,-1,4,VWAP_TRIPLE_BEAR,10,6,9.0,9.0,5.0,False,3.7.0
2026-03-26 12:46:00-04:00,1774543560000,23988.25,True,False,-1,2,VWAP_TRIPLE_BEAR,6,8,9.0,9.0,5.0,False,3.7.0
2026-03-26 12:47:00-04:00,1774543620000,23989.75,True,False,-1,2,VWAP_TRIPLE_BEAR,9,7,9.0,9.0,5.0,False,3.7.0
2026-03-26 12:47:59-04:00,1774543679000,23982.0,True,False,0,4,VWAP_TRIPLE_BEAR,10,6,8.0,9.0,5.0,False,3.7.0
2026-03-26 12:49:00-04:00,1774543740000,23981.5,True,False,0,0,VWAP_TRIPLE_BEAR,7,7,8.25,9.0,5.0,False,3.7.0
2026-03-26 12:50:00-04:00,1774543800000,23974.25,True,False,1,1,VWAP_TRIPLE_BEAR,7,6,9.0,9.0,5.0,False,3.7.0
2026-03-26 12:50:59-04:00,1774543859000,23986.0,True,False,1,1,VWAP_TRIPLE_BEAR,8,9,9.0,9.0,5.0,False,3.7.0
2026-03-26 12:52:00-04:00,1774543920000,23991.25,True,False,1,4,VWAP_TRIPLE_BEAR,10,6,9.0,9.0,5.0,False,3.7.0
2026-03-26 12:53:00-04:00,1774543980000,23993.0,True,False,1,1,VWAP_TRIPLE_BEAR,8,7,9.0,9.0,5.0,False,3.7.0
2026-03-26 12:54:00-04:00,1774544040000,23995.75,True,False,1,2,VWAP_TRIPLE_BEAR,8,6,9.0,9.0,5.0,False,3.7.0
2026-03-26 12:54:59-04:00,1774544099000,23991.5,True,False,1,1,VWAP_TRIPLE_BEAR,7,8,9.0,9.0,5.0,False,3.7.0
2026-03-26 12:56:00-04:00,1774544160000,23996.25,True,False,1,2,VWAP_TRIPLE_BEAR,6,8,9.0,9.0,5.0,False,3.7.0
2026-03-26 12:57:00-04:00,1774544220000,23998.25,True,False,1,1,VWAP_TRIPLE_BEAR,8,7,9.0,9.0,5.0,False,3.7.0
2026-03-26 12:57:59-04:00,1774544279000,23995.5,True,False,1,3,VWAP_TRIPLE_BEAR,6,9,9.0,9.0,5.0,False,3.7.0
2026-03-26 12:59:00-04:00,1774544340000,23998.0,True,False,1,2,VWAP_TRIPLE_BEAR,13,11,9.0,9.0,5.0,False,3.7.0
2026-03-26 13:00:00-04:00,1774544400000,24013.5,True,False,-1,4,BN_LONG_UP,10,6,9.0,9.0,5.0,False,3.7.0
2026-03-26 13:00:59-04:00,1774544459000,24007.25,True,False,-1,1,VWAP_TRIPLE_BEAR,10,11,9.0,9.0,5.0,False,3.7.0
2026-03-26 13:02:00-04:00,1774544520000,24004.5,True,False,-1,3,VWAP_TRIPLE_BEAR,6,9,9.0,9.0,5.0,False,3.7.0
2026-03-26 13:03:00-04:00,1774544580000,23996.25,True,False,-1,2,VWAP_TRIPLE_BEAR,4,6,9.0,9.0,5.0,False,3.7.0
2026-03-26 13:03:59-04:00,1774544639000,23986.75,True,False,0,3,VWAP_TRIPLE_BEAR,4,7,-45.0,9.0,5.0,False,3.7.0
2026-03-26 13:05:00-04:00,1774544700000,23995.25,True,False,-1,0,VWAP_TRIPLE_BEAR,5,5,9.0,9.0,5.0,False,3.7.0
2026-03-26 13:06:00-04:00,1774544760000,23992.75,True,False,-1,1,VWAP_TRIPLE_BEAR,6,5,9.0,9.0,5.0,False,3.7.0
2026-03-26 13:06:59-04:00,1774544819000,23985.25,True,False,-1,2,VWAP_TRIPLE_BEAR,4,6,9.0,9.0,5.0,False,3.7.0
2026-03-26 13:08:00-04:00,1774544880000,23990.0,True,False,-1,0,VWAP_TRIPLE_BEAR,5,5,9.0,9.0,5.0,False,3.7.0
2026-03-26 13:09:00-04:00,1774544940000,23989.75,True,False,-1,0,VWAP_TRIPLE_BEAR,5,5,9.0,9.0,5.0,False,3.7.0
2026-03-26 13:10:00-04:00,1774545000000,23981.75,True,False,-1,0,VWAP_TRIPLE_BEAR,6,6,9.0,9.0,5.0,False,3.7.0
2026-03-26 13:10:59-04:00,1774545059000,23976.75,True,False,-1,2,VWAP_TRIPLE_BEAR,4,6,9.0,9.0,5.0,False,3.7.0
2026-03-26 13:12:00-04:00,1774545120000,23980.75,True,False,-1,1,VWAP_TRIPLE_BEAR,7,6,9.0,9.0,5.0,False,3.7.0
2026-03-26 13:13:00-04:00,1774545180000,23975.0,True,False,0,3,VWAP_TRIPLE_BEAR,5,8,-9.0,9.0,5.0,False,3.7.0
2026-03-26 13:13:59-04:00,1774545239000,23967.25,True,False,1,4,VWAP_TRIPLE_BEAR,5,9,9.0,9.0,5.0,False,3.7.0
2026-03-26 13:15:00-04:00,1774545300000,23969.0,True,False,1,2,VWAP_TRIPLE_BEAR,7,9,9.0,9.0,5.0,False,3.7.0
2026-03-26 13:16:00-04:00,1774545360000,23979.0,True,False,-1,1,VWAP_TRIPLE_BEAR,5,6,9.0,9.0,5.0,False,3.7.0
2026-03-26 13:16:59-04:00,1774545419000,23981.5,True,False,-1,2,VWAP_TRIPLE_BEAR,4,6,9.0,9.0,5.0,False,3.7.0
2026-03-26 13:18:00-04:00,1774545480000,23969.25,True,False,0,3,VWAP_TRIPLE_BEAR,7,10,-15.75,9.0,5.0,False,3.7.0
2026-03-26 13:19:00-04:00,1774545540000,23976.0,True,False,-1,1,VWAP_TRIPLE_BEAR,6,7,9.0,9.0,5.0,False,3.7.0
2026-03-26 13:19:59-04:00,1774545599000,23961.0,True,False,-1,1,VWAP_TRIPLE_BEAR,9,8,9.0,9.0,5.0,False,3.7.0
2026-03-26 13:21:00-04:00,1774545660000,23952.0,True,False,-1,4,VWAP_TRIPLE_BEAR,6,10,9.0,9.0,5.0,False,3.7.0
2026-03-26 13:22:00-04:00,1774545720000,23949.25,True,False,-1,0,VWAP_TRIPLE_BEAR,7,7,9.0,9.0,5.0,False,3.7.0
2026-03-26 13:23:00-04:00,1774545780000,23949.0,True,False,-1,4,VWAP_TRIPLE_BEAR,3,7,9.0,9.0,5.0,False,3.7.0
2026-03-26 13:23:59-04:00,1774545839000,23941.75,True,False,1,4,VWAP_TRIPLE_BEAR,4,8,9.0,9.0,5.0,False,3.7.0
2026-03-26 13:25:00-04:00,1774545900000,23938.0,True,False,1,0,VWAP_TRIPLE_BEAR,6,6,9.0,9.0,5.0,False,3.7.0
2026-03-26 13:26:00-04:00,1774545960000,23941.75,True,False,1,1,VWAP_TRIPLE_BEAR,7,6,9.0,9.0,5.0,False,3.7.0
2026-03-26 13:26:59-04:00,1774546019000,23939.0,True,False,1,0,VWAP_TRIPLE_BEAR,6,6,9.0,9.0,5.0,False,3.7.0
2026-03-26 13:28:00-04:00,1774546080000,23945.25,True,False,1,0,VWAP_TRIPLE_BEAR,7,7,9.0,9.0,5.0,False,3.7.0
2026-03-26 13:29:00-04:00,1774546140000,23954.5,True,False,-1,2,VWAP_TRIPLE_BEAR,6,8,9.0,9.0,5.0,False,3.7.0
2026-03-26 13:29:59-04:00,1774546199000,23955.0,True,False,-1,3,VWAP_TRIPLE_BEAR,3,6,9.0,9.0,5.0,False,3.7.0
2026-03-26 13:31:00-04:00,1774546260000,23940.5,True,False,1,3,VWAP_TRIPLE_BEAR,6,9,9.0,9.0,5.0,False,3.7.0
2026-03-26 13:32:00-04:00,1774546320000,23953.25,True,False,1,2,VWAP_TRIPLE_BEAR,7,5,9.0,9.0,5.0,False,3.7.0
2026-03-26 13:32:59-04:00,1774546379000,23966.0,True,False,-1,0,VWAP_TRIPLE_BEAR,5,5,9.0,9.0,5.0,False,3.7.0
2026-03-26 13:34:00-04:00,1774546440000,23970.25,True,False,-1,3,BN_LONG_UP,9,6,9.0,9.0,5.0,False,3.7.0
2026-03-26 13:35:00-04:00,1774546500000,23961.0,True,False,-1,3,VWAP_TRIPLE_BEAR,9,6,9.0,9.0,5.0,False,3.7.0
2026-03-26 13:35:59-04:00,1774546559000,23961.0,True,False,-1,2,VWAP_TRIPLE_BEAR,6,8,9.0,9.0,5.0,False,3.7.0
2026-03-26 13:37:00-04:00,1774546620000,23951.0,True,False,-1,1,VWAP_TRIPLE_BEAR,6,7,9.0,9.0,5.0,False,3.7.0
2026-03-26 13:38:00-04:00,1774546680000,23953.5,True,False,-1,1,VWAP_TRIPLE_BEAR,8,7,9.0,9.0,5.0,False,3.7.0
2026-03-26 13:39:00-04:00,1774546740000,23945.75,True,False,-1,1,VWAP_TRIPLE_BEAR,5,6,9.0,9.0,5.0,False,3.7.0
2026-03-26 13:39:59-04:00,1774546799000,23943.25,True,False,-1,0,VWAP_TRIPLE_BEAR,6,6,9.0,9.0,5.0,False,3.7.0
2026-03-26 13:41:00-04:00,1774546860000,23937.75,True,False,-1,0,VWAP_TRIPLE_BEAR,6,6,9.0,9.0,5.0,False,3.7.0
2026-03-26 13:42:00-04:00,1774546920000,23932.5,True,False,-1,0,VWAP_TRIPLE_BEAR,8,8,9.0,9.0,5.0,False,3.7.0
2026-03-26 13:42:59-04:00,1774546979000,23922.25,True,False,-1,2,VWAP_TRIPLE_BEAR,7,5,9.0,9.0,5.0,False,3.7.0
2026-03-26 13:44:00-04:00,1774547040000,23921.25,True,False,-1,2,VWAP_TRIPLE_BEAR,5,7,9.0,9.0,5.0,False,3.7.0
2026-03-26 13:45:00-04:00,1774547100000,23921.0,True,False,-1,1,VWAP_TRIPLE_BEAR,7,6,9.0,9.0,5.0,False,3.7.0
2026-03-26 13:45:59-04:00,1774547159000,23917.25,True,False,-1,1,VWAP_TRIPLE_BEAR,5,6,9.0,9.0,5.0,False,3.7.0
2026-03-26 13:47:00-04:00,1774547220000,23918.0,True,False,-1,1,VWAP_TRIPLE_BEAR,6,5,9.0,9.0,5.0,False,3.7.0
2026-03-26 13:48:00-04:00,1774547280000,23910.25,True,False,-1,4,VWAP_TRIPLE_BEAR,4,8,9.0,9.0,5.0,False,3.7.0
2026-03-26 13:48:59-04:00,1774547339000,23898.75,True,False,-1,5,VWAP_TRIPLE_BEAR,5,10,9.0,9.0,5.0,False,3.7.0
2026-03-26 13:50:00-04:00,1774547400000,23889.0,True,False,-1,0,VWAP_TRIPLE_BEAR,6,6,9.0,9.0,5.0,False,3.7.0
2026-03-26 13:51:00-04:00,1774547460000,23887.5,True,False,-1,2,VWAP_TRIPLE_BEAR,8,6,9.0,9.0,5.0,False,3.7.0
2026-03-26 13:51:59-04:00,1774547519000,23889.0,True,False,-1,1,VWAP_TRIPLE_BEAR,6,7,9.0,9.0,5.0,False,3.7.0
2026-03-26 13:53:00-04:00,1774547580000,23882.25,True,False,-1,1,VWAP_TRIPLE_BEAR,5,6,9.0,9.0,5.0,False,3.7.0
2026-03-26 13:54:00-04:00,1774547640000,23875.5,True,False,-1,3,VWAP_TRIPLE_BEAR,5,8,9.0,9.0,5.0,False,3.7.0
2026-03-26 13:55:00-04:00,1774547700000,23872.25,True,False,-1,3,VWAP_TRIPLE_BEAR,6,9,9.0,9.0,5.0,False,3.7.0
2026-03-26 13:55:59-04:00,1774547759000,23871.5,True,False,-1,1,VWAP_TRIPLE_BEAR,5,6,9.0,9.0,5.0,False,3.7.0
2026-03-26 13:57:00-04:00,1774547820000,23875.75,True,False,-1,2,VWAP_TRIPLE_BEAR,8,6,9.0,9.0,5.0,False,3.7.0
2026-03-26 13:58:00-04:00,1774547880000,23860.75,True,False,1,6,VWAP_TRIPLE_BEAR,4,10,9.0,9.0,5.0,False,3.7.0
2026-03-26 13:58:59-04:00,1774547939000,23861.25,True,False,1,4,VWAP_TRIPLE_BEAR,4,8,9.0,9.0,5.0,False,3.7.0
2026-03-26 14:00:00-04:00,1774548000000,23881.75,True,False,1,1,VWAP_TRIPLE_BEAR,6,7,9.0,9.0,5.0,False,3.7.0
2026-03-26 14:01:00-04:00,1774548060000,23891.5,True,False,-1,1,VWAP_TRIPLE_BEAR,7,6,9.0,9.0,5.0,False,3.7.0
2026-03-26 14:01:59-04:00,1774548119000,23889.75,True,False,-1,3,VWAP_TRIPLE_BEAR,4,7,9.0,9.0,5.0,False,3.7.0
2026-03-26 14:03:00-04:00,1774548180000,23880.5,True,False,0,1,VWAP_TRIPLE_BEAR,7,6,-1.0,9.0,5.0,False,3.7.0
2026-03-26 14:04:00-04:00,1774548240000,23880.25,True,False,0,1,VWAP_TRIPLE_BEAR,6,7,1.0,9.0,5.0,False,3.7.0
2026-03-26 14:04:59-04:00,1774548299000,23880.75,True,False,0,0,VWAP_TRIPLE_BEAR,6,6,-1.75,9.0,5.0,False,3.7.0
2026-03-26 14:06:00-04:00,1774548360000,23879.0,True,False,1,1,VWAP_TRIPLE_BEAR,8,7,9.0,9.0,5.0,False,3.7.0
2026-03-26 14:07:00-04:00,1774548420000,23883.25,True,False,-1,1,VWAP_TRIPLE_BEAR,8,7,9.0,9.0,5.0,False,3.7.0
2026-03-26 14:08:00-04:00,1774548480000,23888.0,True,False,-1,5,VWAP_TRIPLE_BEAR,3,8,9.0,9.0,5.0,False,3.7.0
2026-03-26 14:08:59-04:00,1774548539000,23887.75,True,False,-1,2,VWAP_TRIPLE_BEAR,5,7,9.0,9.0,5.0,False,3.7.0
2026-03-26 14:10:00-04:00,1774548600000,23875.5,True,False,0,3,VWAP_TRIPLE_BEAR,5,8,-18.0,9.0,5.0,False,3.7.0
2026-03-26 14:11:00-04:00,1774548660000,23875.75,True,False,0,3,VWAP_TRIPLE_BEAR,5,8,-12.25,9.0,5.0,False,3.7.0
2026-03-26 14:11:59-04:00,1774548719000,23880.75,True,False,-1,0,VWAP_TRIPLE_BEAR,6,6,9.0,9.0,5.0,False,3.7.0
2026-03-26 14:13:00-04:00,1774548780000,23881.75,True,False,-1,1,VWAP_TRIPLE_BEAR,6,5,9.0,9.0,5.0,False,3.7.0
2026-03-26 14:14:00-04:00,1774548840000,23877.25,True,False,-1,2,VWAP_TRIPLE_BEAR,8,6,9.0,9.0,5.0,False,3.7.0
2026-03-26 14:14:59-04:00,1774548899000,23870.25,True,False,0,3,VWAP_TRIPLE_BEAR,5,8,-3.0,9.0,5.0,False,3.7.0
2026-03-26 14:16:00-04:00,1774548960000,23876.5,True,False,-1,1,VWAP_TRIPLE_BEAR,7,6,9.0,9.0,5.0,False,3.7.0
2026-03-26 14:17:00-04:00,1774549020000,23865.75,True,False,1,3,VWAP_TRIPLE_BEAR,5,8,9.0,9.0,5.0,False,3.7.0
2026-03-26 14:17:59-04:00,1774549079000,23871.5,True,False,0,2,VWAP_TRIPLE_BEAR,8,6,1.75,9.0,5.0,False,3.7.0
2026-03-26 14:19:00-04:00,1774549140000,23869.25,True,False,0,1,VWAP_TRIPLE_BEAR,7,6,5.5,9.0,5.0,False,3.7.0
2026-03-26 14:20:00-04:00,1774549200000,23863.25,True,False,1,4,VWAP_TRIPLE_BEAR,6,10,9.0,9.0,5.0,False,3.7.0
2026-03-26 14:20:59-04:00,1774549259000,23873.0,True,False,0,0,VWAP_TRIPLE_BEAR,8,8,-5.5,9.0,5.0,False,3.7.0
2026-03-26 14:22:00-04:00,1774549320000,23874.0,True,False,0,0,VWAP_TRIPLE_BEAR,7,7,-15.75,9.0,5.0,False,3.7.0
2026-03-26 14:23:00-04:00,1774549380000,23879.5,True,False,-1,0,VWAP_TRIPLE_BEAR,6,6,9.0,9.0,5.0,False,3.7.0
2026-03-26 14:24:00-04:00,1774549440000,23881.25,True,False,-1,1,VWAP_TRIPLE_BEAR,7,6,9.0,9.0,5.0,False,3.7.0
2026-03-26 14:24:59-04:00,1774549499000,23879.0,True,False,-1,1,VWAP_TRIPLE_BEAR,7,6,9.0,9.0,5.0,False,3.7.0
2026-03-26 14:26:00-04:00,1774549560000,23868.5,True,False,-1,3,VWAP_TRIPLE_BEAR,6,9,9.0,9.0,5.0,False,3.7.0
2026-03-26 14:27:00-04:00,1774549620000,23854.0,True,False,0,3,VWAP_TRIPLE_BEAR,5,8,15.0,9.0,5.0,False,3.7.0
2026-03-26 14:27:59-04:00,1774549679000,23848.0,True,False,1,4,VWAP_TRIPLE_BEAR,6,10,9.0,9.0,5.0,False,3.7.0
2026-03-26 14:29:00-04:00,1774549740000,23848.25,True,False,1,0,VWAP_TRIPLE_BEAR,6,6,9.0,9.0,5.0,False,3.7.0
2026-03-26 14:30:00-04:00,1774549800000,23857.5,True,False,1,4,VWAP_TRIPLE_BEAR,10,6,9.0,9.0,5.0,False,3.7.0
2026-03-26 14:30:59-04:00,1774549859000,23863.5,True,False,1,2,VWAP_TRIPLE_BEAR,8,6,9.0,9.0,5.0,False,3.7.0
2026-03-26 14:32:00-04:00,1774549920000,23868.5,True,False,-1,1,VWAP_TRIPLE_BEAR,7,6,9.0,9.0,5.0,False,3.7.0
2026-03-26 14:33:00-04:00,1774549980000,23867.75,True,False,0,2,VWAP_TRIPLE_BEAR,5,7,16.75,9.0,5.0,False,3.7.0
2026-03-26 14:33:59-04:00,1774550039000,23868.75,True,False,-1,1,VWAP_TRIPLE_BEAR,6,7,9.0,9.0,5.0,False,3.7.0
2026-03-26 14:35:00-04:00,1774550100000,23867.25,True,False,0,1,VWAP_TRIPLE_BEAR,7,6,14.25,9.0,5.0,False,3.7.0
2026-03-26 14:36:00-04:00,1774550160000,23866.75,True,False,0,3,VWAP_TRIPLE_BEAR,5,8,5.25,9.0,5.0,False,3.7.0
2026-03-26 14:36:59-04:00,1774550219000,23859.25,True,False,1,3,VWAP_TRIPLE_BEAR,6,9,9.0,9.0,5.0,False,3.7.0
2026-03-26 14:38:00-04:00,1774550280000,23873.25,True,False,-1,3,VWAP_TRIPLE_BEAR,10,7,9.0,9.0,5.0,False,3.7.0
2026-03-26 14:39:00-04:00,1774550340000,23874.75,True,False,-1,0,VWAP_TRIPLE_BEAR,6,6,9.0,9.0,5.0,False,3.7.0
2026-03-26 14:40:00-04:00,1774550400000,23873.75,True,False,-1,0,VWAP_TRIPLE_BEAR,7,7,9.0,9.0,5.0,False,3.7.0
2026-03-26 14:40:59-04:00,1774550459000,23867.5,True,False,-1,2,VWAP_TRIPLE_BEAR,6,8,9.0,9.0,5.0,False,3.7.0
2026-03-26 14:42:00-04:00,1774550520000,23858.25,True,False,0,1,VWAP_TRIPLE_BEAR,8,7,17.5,9.0,5.0,False,3.7.0
2026-03-26 14:43:00-04:00,1774550580000,23853.5,True,False,1,1,VWAP_TRIPLE_BEAR,8,9,9.0,9.0,5.0,False,3.7.0
2026-03-26 14:43:59-04:00,1774550639000,23860.5,True,False,0,2,VWAP_TRIPLE_BEAR,9,7,2.75,9.0,5.0,False,3.7.0
2026-03-26 14:45:00-04:00,1774550700000,23853.25,True,False,1,4,VWAP_TRIPLE_BEAR,6,10,9.0,9.0,5.0,False,3.7.0
2026-03-26 14:46:00-04:00,1774550760000,23861.0,True,False,1,2,VWAP_TRIPLE_BEAR,6,8,9.0,9.0,5.0,False,3.7.0
2026-03-26 14:46:59-04:00,1774550819000,23869.0,True,False,1,1,VWAP_TRIPLE_BEAR,7,6,9.0,9.0,5.0,False,3.7.0
2026-03-26 14:48:00-04:00,1774550880000,23869.5,True,False,1,1,VWAP_TRIPLE_BEAR,6,7,9.0,9.0,5.0,False,3.7.0
2026-03-26 14:49:00-04:00,1774550940000,23879.0,True,False,0,1,VWAP_TRIPLE_BEAR,7,8,-42.5,9.0,5.0,False,3.7.0
2026-03-26 14:49:59-04:00,1774550999000,23882.75,True,False,-1,0,VWAP_TRIPLE_BEAR,8,8,9.0,9.0,5.0,False,3.7.0
2026-03-26 14:51:00-04:00,1774551060000,23884.75,True,False,-1,2,VWAP_TRIPLE_BEAR,6,8,9.0,9.0,5.0,False,3.7.0
2026-03-26 14:52:00-04:00,1774551120000,23884.0,True,False,-1,1,VWAP_TRIPLE_BEAR,7,8,9.0,9.0,5.0,False,3.7.0
2026-03-26 14:53:00-04:00,1774551180000,23884.5,True,False,-1,0,VWAP_TRIPLE_BEAR,7,7,9.0,9.0,5.0,False,3.7.0
2026-03-26 14:53:59-04:00,1774551239000,23887.0,True,False,-1,3,VWAP_TRIPLE_BEAR,9,6,9.0,9.0,5.0,False,3.7.0
2026-03-26 14:55:00-04:00,1774551300000,23881.5,True,False,-1,1,VWAP_TRIPLE_BEAR,7,6,9.0,9.0,5.0,False,3.7.0
2026-03-26 14:56:00-04:00,1774551360000,23872.0,True,False,1,1,VWAP_TRIPLE_BEAR,7,8,9.0,9.0,5.0,False,3.7.0
2026-03-26 14:56:59-04:00,1774551419000,23868.5,True,False,1,3,VWAP_TRIPLE_BEAR,9,6,9.0,9.0,5.0,False,3.7.0
2026-03-26 14:58:00-04:00,1774551480000,23878.25,True,False,-1,3,VWAP_TRIPLE_BEAR,9,6,9.0,9.0,5.0,False,3.7.0
2026-03-26 14:59:00-04:00,1774551540000,23882.75,True,False,-1,0,VWAP_TRIPLE_BEAR,6,6,9.0,9.0,5.0,False,3.7.0
2026-03-26 14:59:59-04:00,1774551599000,23877.75,True,False,-1,1,VWAP_TRIPLE_BEAR,7,6,9.0,9.0,5.0,False,3.7.0
2026-03-26 15:01:00-04:00,1774551660000,23877.25,True,False,-1,1,VWAP_TRIPLE_BEAR,7,6,9.0,9.0,5.0,False,3.7.0
2026-03-26 15:02:00-04:00,1774551720000,23875.75,True,False,-1,3,VWAP_TRIPLE_BEAR,9,6,9.0,9.0,5.0,False,3.7.0
2026-03-26 15:02:59-04:00,1774551779000,23862.25,True,False,-1,1,VWAP_TRIPLE_BEAR,8,7,9.0,9.0,5.0,False,3.7.0
2026-03-26 15:04:00-04:00,1774551840000,23863.25,True,False,-1,1,VWAP_TRIPLE_BEAR,6,7,9.0,9.0,5.0,False,3.7.0
2026-03-26 15:05:00-04:00,1774551900000,23858.0,True,False,-1,1,VWAP_TRIPLE_BEAR,6,7,9.0,9.0,5.0,False,3.7.0
2026-03-26 15:05:59-04:00,1774551959000,23850.25,True,False,-1,1,VWAP_TRIPLE_BEAR,7,8,9.0,9.0,5.0,False,3.7.0
2026-03-26 15:07:00-04:00,1774552020000,23842.25,True,False,-1,1,VWAP_TRIPLE_BEAR,7,8,9.0,9.0,5.0,False,3.7.0
2026-03-26 15:08:00-04:00,1774552080000,23836.0,True,False,0,0,VWAP_TRIPLE_BEAR,9,9,-8.0,9.0,5.0,False,3.7.0
2026-03-26 15:09:00-04:00,1774552140000,23836.5,True,False,0,3,VWAP_TRIPLE_BEAR,10,7,6.0,9.0,5.0,False,3.7.0
2026-03-26 15:09:59-04:00,1774552199000,23829.5,True,False,1,2,VWAP_TRIPLE_BEAR,9,7,9.0,9.0,5.0,False,3.7.0
2026-03-26 15:11:00-04:00,1774552260000,23830.5,True,False,1,1,VWAP_TRIPLE_BEAR,9,8,9.0,9.0,5.0,False,3.7.0
2026-03-26 15:12:00-04:00,1774552320000,23832.25,True,False,1,2,VWAP_TRIPLE_BEAR,7,9,9.0,9.0,5.0,False,3.7.0
2026-03-26 15:12:59-04:00,1774552379000,23827.75,True,False,1,3,VWAP_TRIPLE_BEAR,10,7,9.0,9.0,5.0,False,3.7.0
2026-03-26 15:14:00-04:00,1774552440000,23837.0,True,False,1,2,VWAP_TRIPLE_BEAR,9,7,9.0,9.0,5.0,False,3.7.0
2026-03-26 15:15:00-04:00,1774552500000,23854.75,True,False,-1,0,VWAP_TRIPLE_BEAR,7,7,9.0,9.0,5.0,False,3.7.0
2026-03-26 15:15:59-04:00,1774552559000,23851.75,True,False,-1,1,VWAP_TRIPLE_BEAR,8,9,9.0,9.0,5.0,False,3.7.0
2026-03-26 15:17:00-04:00,1774552620000,23854.25,True,False,-1,2,VWAP_TRIPLE_BEAR,7,9,9.0,9.0,5.0,False,3.7.0
2026-03-26 15:18:00-04:00,1774552680000,23852.75,True,False,-1,2,VWAP_TRIPLE_BEAR,9,7,9.0,9.0,5.0,False,3.7.0
2026-03-26 15:18:59-04:00,1774552739000,23854.0,True,False,-1,1,VWAP_TRIPLE_BEAR,8,7,9.0,9.0,5.0,False,3.7.0
2026-03-26 15:20:00-04:00,1774552800000,23846.0,True,False,-1,2,VWAP_TRIPLE_BEAR,7,9,9.0,9.0,5.0,False,3.7.0
2026-03-26 15:21:00-04:00,1774552860000,23846.75,True,False,-1,1,VWAP_TRIPLE_BEAR,6,7,9.0,9.0,5.0,False,3.7.0
2026-03-26 15:21:59-04:00,1774552919000,23844.0,True,False,-1,2,VWAP_TRIPLE_BEAR,8,6,9.0,9.0,5.0,False,3.7.0
2026-03-26 15:23:00-04:00,1774552980000,23841.75,True,False,-1,1,VWAP_TRIPLE_BEAR,7,6,9.0,9.0,5.0,False,3.7.0
2026-03-26 15:24:00-04:00,1774553040000,23838.75,True,False,-1,1,VWAP_TRIPLE_BEAR,6,7,9.0,9.0,5.0,False,3.7.0
2026-03-26 15:25:00-04:00,1774553100000,23822.25,True,False,1,1,VWAP_TRIPLE_BEAR,10,9,9.0,9.0,5.0,False,3.7.0
2026-03-26 15:25:59-04:00,1774553159000,23826.5,True,False,1,4,VWAP_TRIPLE_BEAR,10,6,9.0,9.0,5.0,False,3.7.0
2026-03-26 15:27:00-04:00,1774553220000,23829.75,True,False,1,2,VWAP_TRIPLE_BEAR,9,7,9.0,9.0,5.0,False,3.7.0
2026-03-26 15:28:00-04:00,1774553280000,23828.0,True,False,1,2,VWAP_TRIPLE_BEAR,9,7,9.0,9.0,5.0,False,3.7.0
2026-03-26 15:28:59-04:00,1774553339000,23842.5,True,False,-1,1,VWAP_TRIPLE_BEAR,7,8,9.0,9.0,5.0,False,3.7.0
2026-03-26 15:30:00-04:00,1774553400000,23841.5,True,False,-1,2,VWAP_TRIPLE_BEAR,8,6,9.0,9.0,5.0,False,3.7.0
2026-03-26 15:31:00-04:00,1774553460000,23817.75,True,False,1,5,VWAP_TRIPLE_BEAR,9,14,9.0,9.0,5.0,False,3.7.0
2026-03-26 15:31:59-04:00,1774553519000,23817.5,True,False,1,0,VWAP_TRIPLE_BEAR,7,7,9.0,9.0,5.0,False,3.7.0
2026-03-26 15:33:00-04:00,1774553580000,23814.75,True,False,1,3,VWAP_TRIPLE_BEAR,7,10,9.0,9.0,5.0,False,3.7.0
2026-03-26 15:34:00-04:00,1774553640000,23821.75,True,False,1,3,VWAP_TRIPLE_BEAR,11,8,9.0,9.0,5.0,False,3.7.0
2026-03-26 15:34:59-04:00,1774553699000,23833.5,True,False,-1,1,VWAP_TRIPLE_BEAR,9,8,9.0,9.0,5.0,False,3.7.0
2026-03-26 15:36:00-04:00,1774553760000,23835.0,True,False,-1,2,VWAP_TRIPLE_BEAR,9,7,9.0,9.0,5.0,False,3.7.0
2026-03-26 15:37:00-04:00,1774553820000,23832.25,True,False,-1,2,VWAP_TRIPLE_BEAR,6,8,9.0,9.0,5.0,False,3.7.0
2026-03-26 15:38:00-04:00,1774553880000,23827.5,True,False,-1,0,VWAP_TRIPLE_BEAR,8,8,9.0,9.0,5.0,False,3.7.0
2026-03-26 15:38:59-04:00,1774553939000,23824.75,True,False,0,1,VWAP_TRIPLE_BEAR,7,8,-38.0,9.0,5.0,False,3.7.0
2026-03-26 15:40:00-04:00,1774554000000,23831.75,True,False,-1,2,VWAP_TRIPLE_BEAR,7,9,9.0,9.0,5.0,False,3.7.0
2026-03-26 15:41:00-04:00,1774554060000,23826.75,True,False,-1,0,VWAP_TRIPLE_BEAR,9,9,9.0,9.0,5.0,False,3.7.0
2026-03-26 15:41:59-04:00,1774554119000,23826.0,True,False,-1,1,VWAP_TRIPLE_BEAR,8,7,9.0,9.0,5.0,False,3.7.0
2026-03-26 15:43:00-04:00,1774554180000,23818.0,True,False,-1,2,VWAP_TRIPLE_BEAR,7,9,9.0,9.0,5.0,False,3.7.0
2026-03-26 15:44:00-04:00,1774554240000,23813.0,True,False,-1,2,VWAP_TRIPLE_BEAR,9,7,9.0,9.0,5.0,False,3.7.0
2026-03-26 15:44:59-04:00,1774554299000,23806.25,True,False,1,3,VWAP_TRIPLE_BEAR,8,11,9.0,9.0,5.0,False,3.7.0
2026-03-26 15:46:00-04:00,1774554360000,23804.5,True,False,1,0,VWAP_TRIPLE_BEAR,9,9,9.0,9.0,5.0,False,3.7.0
2026-03-26 15:47:00-04:00,1774554420000,23801.75,True,False,1,1,VWAP_TRIPLE_BEAR,10,9,9.0,9.0,5.0,False,3.7.0
2026-03-26 15:47:59-04:00,1774554479000,23813.0,True,False,-1,3,VWAP_TRIPLE_BEAR,10,7,9.0,9.0,5.0,False,3.7.0
2026-03-26 15:49:00-04:00,1774554540000,23816.25,True,False,-1,0,VWAP_TRIPLE_BEAR,8,8,9.0,9.0,5.0,False,3.7.0
2026-03-26 15:50:00-04:00,1774554600000,23808.5,True,False,-1,4,VWAP_TRIPLE_BEAR,11,7,9.0,9.0,5.0,False,3.7.0
2026-03-26 15:50:59-04:00,1774554659000,23805.75,True,False,-1,3,VWAP_TRIPLE_BEAR,11,8,9.0,9.0,5.0,False,3.7.0
2026-03-26 15:52:00-04:00,1774554720000,23802.25,True,False,-1,2,VWAP_TRIPLE_BEAR,9,7,9.0,9.0,5.0,False,3.7.0
2026-03-26 15:53:00-04:00,1774554780000,23794.75,True,False,-1,3,VWAP_TRIPLE_BEAR,7,10,9.0,9.0,5.0,False,3.7.0
2026-03-26 15:54:00-04:00,1774554840000,23781.25,True,False,1,3,VWAP_TRIPLE_BEAR,9,12,9.0,9.0,5.0,False,3.7.0
2026-03-26 15:54:59-04:00,1774554899000,23794.0,True,False,0,4,VWAP_TRIPLE_BEAR,11,7,105.5,9.0,5.0,False,3.7.0
2026-03-26 15:56:00-04:00,1774554960000,23799.75,True,False,-1,3,VWAP_TRIPLE_BEAR,8,11,9.0,9.0,5.0,False,3.7.0
2026-03-26 15:57:00-04:00,1774555020000,23797.0,True,False,-1,2,VWAP_TRIPLE_BEAR,11,9,9.0,9.0,5.0,False,3.7.0
2026-03-26 15:57:59-04:00,1774555079000,23787.0,True,False,0,3,VWAP_TRIPLE_BEAR,7,10,102.25,9.0,5.0,False,3.7.0
2026-03-26 15:59:00-04:00,1774555140000,23786.75,True,False,0,1,VWAP_TRIPLE_BEAR,7,8,83.5,9.0,5.0,False,3.7.0
2026-03-26 16:00:00-04:00,1774555200000,23792.25,True,False,-1,1,VWAP_TRIPLE_BEAR,7,8,9.0,9.0,5.0,False,3.7.0
2026-03-26 16:00:59-04:00,1774555259000,23783.0,True,False,-1,1,VWAP_TRIPLE_BEAR,7,8,9.0,9.0,5.0,False,3.7.0
2026-03-26 16:02:00-04:00,1774555320000,23779.5,True,False,-1,3,VWAP_TRIPLE_BEAR,6,9,9.0,9.0,5.0,False,3.7.0
2026-03-26 16:03:00-04:00,1774555380000,23768.25,True,False,1,1,VWAP_TRIPLE_BEAR,9,8,9.0,9.0,5.0,False,3.7.0
2026-03-26 16:03:59-04:00,1774555439000,23776.5,True,False,1,3,VWAP_TRIPLE_BEAR,10,7,9.0,9.0,5.0,False,3.7.0
2026-03-26 16:05:00-04:00,1774555500000,23787.75,True,False,0,1,VWAP_TRIPLE_BEAR,7,8,45.75,9.0,5.0,False,3.7.0
2026-03-26 16:06:00-04:00,1774555560000,23785.75,True,False,1,2,VWAP_TRIPLE_BEAR,6,8,9.0,9.0,5.0,False,3.7.0
2026-03-26 16:06:59-04:00,1774555619000,23781.25,True,False,1,3,VWAP_TRIPLE_BEAR,6,9,9.0,9.0,5.0,False,3.7.0
2026-03-26 16:08:00-04:00,1774555680000,23788.5,True,False,1,1,VWAP_TRIPLE_BEAR,8,7,9.0,9.0,5.0,False,3.7.0
2026-03-26 16:09:00-04:00,1774555740000,23793.25,True,False,1,3,VWAP_TRIPLE_BEAR,6,9,9.0,9.0,5.0,False,3.7.0
2026-03-26 16:10:00-04:00,1774555800000,23797.5,True,False,1,0,VWAP_TRIPLE_BEAR,9,9,9.0,9.0,5.0,False,3.7.0
2026-03-26 16:10:59-04:00,1774555859000,23998.75,True,False,-1,0,RVOL_SPIKE_BUY,10,10,9.0,9.0,5.0,False,3.7.0
2026-03-26 16:12:00-04:00,1774555920000,23925.75,True,False,-1,1,CONFLUENCE_BUY,8,7,9.0,9.0,5.0,False,3.7.0
2026-03-26 16:13:00-04:00,1774555980000,23915.25,True,False,-1,2,CONFLUENCE_BUY,8,6,9.0,9.0,5.0,False,3.7.0
2026-03-26 16:13:59-04:00,1774556039000,23902.5,True,False,-1,5,BN_LONG_UP,10,5,9.0,9.0,5.0,False,3.7.0
2026-03-26 16:15:00-04:00,1774556100000,23899.5,True,False,-1,0,NONE,7,7,9.0,9.0,5.0,False,3.7.0
2026-03-26 16:16:00-04:00,1774556160000,23900.5,True,False,-1,6,BN_LONG_UP,11,5,9.0,9.0,5.0,False,3.7.0
2026-03-26 16:16:59-04:00,1774556219000,23895.5,True,False,-1,0,BN_LONG_DN,8,8,9.0,9.0,5.0,False,3.7.0
2026-03-26 16:18:00-04:00,1774556280000,23889.25,True,False,-1,0,BN_LONG_DN,7,7,9.0,9.0,5.0,False,3.7.0
2026-03-26 16:19:00-04:00,1774556340000,23870.25,True,False,1,5,BN_LONG_UP,10,5,9.0,9.0,5.0,False,3.7.0
2026-03-26 16:19:59-04:00,1774556399000,23869.25,True,False,1,4,BN_LONG_UP,10,6,9.0,9.0,5.0,False,3.7.0
2026-03-26 16:21:00-04:00,1774556460000,23886.0,True,False,-1,1,BN_LONG_UP,8,7,9.0,9.0,5.0,False,3.7.0
2026-03-26 16:22:00-04:00,1774556520000,23876.75,True,False,0,3,BN_LONG_DN,5,8,0.0,9.0,5.0,False,3.7.0
2026-03-26 16:23:00-04:00,1774556580000,23883.75,True,False,-1,2,BN_LONG_DN,6,8,9.0,9.0,5.0,False,3.7.0
2026-03-26 16:23:59-04:00,1774556639000,23863.0,True,False,-1,3,VWAP_TRIPLE_BEAR,5,8,9.0,9.0,5.0,False,3.7.0
2026-03-26 16:25:00-04:00,1774556700000,23833.5,True,False,1,4,VWAP_TRIPLE_BEAR,5,9,9.0,9.0,5.0,False,3.7.0
2026-03-26 16:26:00-04:00,1774556760000,23840.75,True,False,1,4,VWAP_TRIPLE_BEAR,5,9,9.0,9.0,5.0,False,3.7.0
2026-03-26 16:26:59-04:00,1774556819000,23850.75,True,False,1,1,VWAP_TRIPLE_BEAR,6,7,9.0,9.0,5.0,False,3.7.0
2026-03-26 16:28:00-04:00,1774556880000,23854.0,True,False,1,3,VWAP_TRIPLE_BEAR,4,7,9.0,9.0,5.0,False,3.7.0
2026-03-26 16:29:00-04:00,1774556940000,23864.5,True,False,1,0,VWAP_TRIPLE_BEAR,7,7,9.0,9.0,5.0,False,3.7.0
2026-03-26 16:29:59-04:00,1774556999000,23865.75,True,False,1,2,BN_LONG_UP,7,5,9.0,9.0,5.0,False,3.7.0
2026-03-26 16:31:00-04:00,1774557060000,23877.0,True,False,0,2,BN_LONG_UP,7,5,-5.75,9.0,5.0,False,3.7.0
2026-03-26 16:32:00-04:00,1774557120000,23882.75,True,False,-1,0,BN_LONG_UP,6,6,9.0,9.0,5.0,False,3.7.0
2026-03-26 16:32:59-04:00,1774557179000,23874.25,True,False,0,1,BN_LONG_UP,5,6,-22.25,9.0,5.0,False,3.7.0
2026-03-26 16:34:00-04:00,1774557240000,23865.75,True,False,1,1,BN_LONG_DN,6,7,9.0,9.0,5.0,False,3.7.0
2026-03-26 16:35:00-04:00,1774557300000,23875.75,True,False,1,1,BN_LONG_DN,6,7,9.0,9.0,5.0,False,3.7.0
2026-03-26 16:35:59-04:00,1774557359000,23883.75,True,False,1,1,BN_LONG_UP,5,6,9.0,9.0,5.0,False,3.7.0
2026-03-26 16:37:00-04:00,1774557420000,23887.75,True,False,0,2,BN_LONG_DN,5,7,-56.0,9.0,5.0,False,3.7.0
2026-03-26 16:38:00-04:00,1774557480000,23893.25,True,False,-1,2,BN_LONG_UP,7,5,9.0,9.0,5.0,False,3.7.0
2026-03-26 16:39:00-04:00,1774557540000,23893.75,True,False,-1,2,CONFLUENCE_BUY,7,5,9.0,9.0,5.0,False,3.7.0
2026-03-26 16:39:59-04:00,1774557599000,23890.0,False,False,0,0,CONFLUENCE_SELL,5,6,9.0,9.0,5.0,False,3.7.0
2026-03-26 16:41:00-04:00,1774557660000,23874.25,False,False,0,0,BN_LONG_DN,5,7,-27.75,9.0,5.0,False,3.7.0
2026-03-26 16:42:00-04:00,1774557720000,23876.75,False,False,0,0,BN_LONG_UP,7,5,9.0,9.0,5.0,False,3.7.0
2026-03-26 16:42:59-04:00,1774557779000,23879.5,False,False,0,0,CONFLUENCE_BUY,8,6,9.0,9.0,5.0,False,3.7.0
2026-03-26 16:44:00-04:00,1774557840000,23878.0,False,False,0,0,BN_LONG_DN,7,7,9.0,9.0,5.0,False,3.7.0
2026-03-26 16:45:00-04:00,1774557900000,23873.25,False,False,0,0,BN_LONG_UP,8,5,-26.75,9.0,5.0,False,3.7.0
2026-03-26 16:45:59-04:00,1774557959000,23879.25,False,False,0,0,BN_LONG_UP,6,7,9.0,9.0,5.0,False,3.7.0
2026-03-26 16:47:00-04:00,1774558020000,23879.5,False,False,0,0,CONFLUENCE_SELL,5,7,9.0,9.0,5.0,False,3.7.0
2026-03-26 16:48:00-04:00,1774558080000,23877.25,False,False,0,0,BN_LONG_UP,7,6,9.0,9.0,5.0,False,3.7.0
2026-03-26 16:48:59-04:00,1774558139000,23879.0,False,False,0,0,BN_LONG_UP,8,5,9.0,9.0,5.0,False,3.7.0
2026-03-26 16:50:00-04:00,1774558200000,23874.0,False,False,0,0,BN_LONG_DN,6,6,9.0,9.0,5.0,False,3.7.0
2026-03-26 16:51:00-04:00,1774558260000,23871.25,False,False,0,0,BN_LONG_DN,7,4,9.0,9.0,5.0,False,3.7.0
2026-03-26 16:51:59-04:00,1774558319000,23867.75,False,False,0,0,BN_LONG_DN,7,5,9.0,9.0,5.0,False,3.7.0
2026-03-26 16:53:00-04:00,1774558380000,23852.0,False,False,0,0,VWAP_TRIPLE_BEAR,4,9,9.0,9.0,5.0,False,3.7.0
2026-03-26 16:54:00-04:00,1774558440000,23849.75,False,False,0,0,VWAP_TRIPLE_BEAR,6,5,9.0,9.0,5.0,False,3.7.0
2026-03-26 16:55:00-04:00,1774558500000,23854.5,False,False,0,0,VWAP_TRIPLE_BEAR,5,5,9.0,9.0,5.0,False,3.7.0
2026-03-26 16:55:59-04:00,1774558559000,23849.5,False,False,0,0,VWAP_TRIPLE_BEAR,6,5,9.0,9.0,5.0,False,3.7.0
2026-03-26 16:57:00-04:00,1774558620000,23831.75,False,False,0,0,VWAP_TRIPLE_BEAR,4,9,9.0,9.0,5.0,False,3.7.0
2026-03-26 16:58:00-04:00,1774558680000,23823.0,False,False,0,0,VWAP_TRIPLE_BEAR,5,7,9.0,9.0,5.0,False,3.7.0
2026-03-26 16:58:59-04:00,1774558739000,23822.0,False,False,0,0,VWAP_TRIPLE_BEAR,4,8,9.0,9.0,5.0,False,3.7.0
2026-03-26 17:59:59-04:00,1774562399000,23846.5,False,False,0,0,VWAP_TRIPLE_BEAR,9,6,,9.0,5.0,False,3.7.0
