feature,live_val,training_val,diff,status,section,bar_idx,ts
dist_1d_max_atr,-0.233241,-0.233241,0.0,MATCH,ATR-NQ,1354,1776458100000
dist_1d_min_atr,-5.300197,-5.300197,0.0,MATCH,ATR-NQ,1354,1776458100000
dist_blind_nearest_up_atr,1.880237,1.880237,0.0,MATCH,ATR-NQ,1354,1776458100000
dist_comp_20d_vah_atr,-12.920738,-12.920738,0.0,MATCH,ATR-NQ,1354,1776458100000
dist_comp_20d_val_atr,-31.123577,-31.123577,0.0,MATCH,ATR-NQ,1354,1776458100000
dist_comp_20d_vwap_atr,-16.937561,-16.937561,0.0,MATCH,ATR-NQ,1354,1776458100000
dist_comp_50d_vah_atr,-11.995818,-11.995818,0.0,MATCH,ATR-NQ,1354,1776458100000
dist_comp_50d_val_atr,-25.067358,-25.067358,0.0,MATCH,ATR-NQ,1354,1776458100000
dist_comp_50d_vwap_atr,-17.146014,-17.146014,0.0,MATCH,ATR-NQ,1354,1776458100000
dist_cur_vah_atr,-0.082439,-0.082439,0.0,MATCH,ATR-NQ,1354,1776458100000
dist_cur_val_atr,-0.54892,-0.54892,0.0,MATCH,ATR-NQ,1354,1776458100000
dist_cur_vpoc_atr,-0.251337,-0.251337,0.0,MATCH,ATR-NQ,1354,1776458100000
dist_gex_nearest_up_atr,0.552942,0.552942,0.0,MATCH,ATR-NQ,1354,1776458100000
dist_mq_call_0dte_atr,-13.602365,-13.602365,0.0,MATCH,ATR-NQ,1354,1776458100000
dist_mq_call_atr,-2.664173,-2.664173,0.0,MATCH,ATR-NQ,1354,1776458100000
dist_mq_hvl_atr,-12.395946,-12.395946,0.0,MATCH,ATR-NQ,1354,1776458100000
dist_mq_put_0dte_atr,-4.071661,-4.071661,0.0,MATCH,ATR-NQ,1354,1776458100000
dist_mq_put_atr,-22.771142,-22.771142,0.0,MATCH,ATR-NQ,1354,1776458100000
dist_open_830_atr,-2.68227,-2.68227,0.0,MATCH,ATR-NQ,1354,1776458100000
dist_prev_vah_atr,0.418225,0.418225,0.0,MATCH,ATR-NQ,1354,1776458100000
dist_prev_val_atr,-2.847147,-2.847147,0.0,MATCH,ATR-NQ,1354,1776458100000
dist_prev_vwap_sd1d_atr,-2.907389,-2.907389,0.0,MATCH,ATR-NQ,1354,1776458100000
dist_prev_vwap_sd1u_atr,-0.266355,-0.266355,0.0,MATCH,ATR-NQ,1354,1776458100000
dist_sess_high_atr,0.430289,0.430289,0.0,MATCH,ATR-NQ,1354,1776458100000
dist_session_lvn_above_atr,0.048257,0.048257,0.0,MATCH,ATR-NQ,1354,1776458100000
dist_session_lvn_below_atr,0.579081,0.579081,0.0,MATCH,ATR-NQ,1354,1776458100000
dist_swing_high_atr,0.110588,0.110588,0.0,MATCH,ATR-NQ,1354,1776458100000
dist_vwap_d_sd1d_atr,-1.748929,-1.748929,0.0,MATCH,ATR-NQ,1354,1776458100000
dist_vwap_d_sd1u_atr,-0.045838,-0.045838,0.0,MATCH,ATR-NQ,1354,1776458100000
dist_vwap_d_sd2u_atr,0.149844,0.149844,0.0,MATCH,ATR-NQ,1354,1776458100000
dist_vwap_d_sd3u_atr,0.345541,0.345541,0.0,MATCH,ATR-NQ,1354,1776458100000
dist_comp_20d_vpoc_atr,,-21.162584951944346,,MISSING_LIVE,ATR-NQ,1354,1776458100000
dist_comp_50d_vpoc_atr,,-21.162584951944346,,MISSING_LIVE,ATR-NQ,1354,1776458100000
dist_cur_vwap_vp_atr,,-0.9661398640768891,,MISSING_LIVE,ATR-NQ,1354,1776458100000
dist_ext_edge_buy_atr,,-0.004021393815096312,,MISSING_LIVE,ATR-NQ,1354,1776458100000
dist_ext_edge_sell_atr,,0.0,,MISSING_LIVE,ATR-NQ,1354,1776458100000
dist_ext_long_dn_atr,,-0.3639361402662163,,MISSING_LIVE,ATR-NQ,1354,1776458100000
dist_ext_long_up_atr,,-0.3498612619133792,,MISSING_LIVE,ATR-NQ,1354,1776458100000
dist_open_cash_atr,,-2.871275183978767,,MISSING_LIVE,ATR-NQ,1354,1776458100000
dist_ovn_high_atr,,0.1105883299151486,,MISSING_LIVE,ATR-NQ,1354,1776458100000
dist_ovn_low_atr,,-0.6092411629870914,,MISSING_LIVE,ATR-NQ,1354,1776458100000
dist_prev_vpoc_atr,,0.07037439176418547,,MISSING_LIVE,ATR-NQ,1354,1776458100000
dist_prev_vwap_atr,,-1.5842878111553467,,MISSING_LIVE,ATR-NQ,1354,1776458100000
dist_vwap_w_atr,,-5.70144106647364,,MISSING_LIVE,ATR-NQ,1354,1776458100000
next_wall_dist_atr,,0.552941649575743,,MISSING_LIVE,ATR-NQ,1354,1776458100000
open_gap_atr,,2.941649575742953,,MISSING_LIVE,ATR-NQ,1354,1776458100000
ovn_range_atr,,0.71982949290224,,MISSING_LIVE,ATR-NQ,1354,1776458100000
poc_bar_dist_atr,,0.004021393815096312,,MISSING_LIVE,ATR-NQ,1354,1776458100000
poc_separation_atr,,0.23324084127558614,,MISSING_LIVE,ATR-NQ,1354,1776458100000
range_size_atr,,0.4664816825511723,,MISSING_LIVE,ATR-NQ,1354,1776458100000
sess_range_atr,,4.260666747094543,,MISSING_LIVE,ATR-NQ,1354,1776458100000
swing_range_atr,,0.23324084127558614,,MISSING_LIVE,ATR-NQ,1354,1776458100000
dist_blind_nearest_dn_atr,-0.284717899223871,,,LIVE_ONLY,ATR-NQ,1354,1776458100000
dist_gex_nearest_dn_atr,-0.6534764949531507,,,LIVE_ONLY,ATR-NQ,1354,1776458100000
dist_sess_low_atr,-3.8303776088792376,,,LIVE_ONLY,ATR-NQ,1354,1776458100000
dist_session_hvn_below_atr,0.008042787630192625,,,LIVE_ONLY,ATR-NQ,1354,1776458100000
dist_swing_low_atr,-0.12265251136043753,,,LIVE_ONLY,ATR-NQ,1354,1776458100000
dist_vix_call_atr,0.015120440744762135,,,LIVE_ONLY,ATR-NQ,1354,1776458100000
dist_vix_gex_nearest_dn_atr,-0.004986528330719427,,,LIVE_ONLY,ATR-NQ,1354,1776458100000
dist_vix_gex_nearest_up_atr,4.021393815096313e-05,,,LIVE_ONLY,ATR-NQ,1354,1776458100000
dist_vix_hvl_atr,0.008083001568343587,,,LIVE_ONLY,ATR-NQ,1354,1776458100000
dist_vix_put_atr,-0.0009651345156231149,,,LIVE_ONLY,ATR-NQ,1354,1776458100000
dist_vwap_d_sd2d_atr,-0.6329139019584188,,,LIVE_ONLY,ATR-NQ,1354,1776458100000
dist_vwap_d_sd3d_atr,-0.8286114127156473,,,LIVE_ONLY,ATR-NQ,1354,1776458100000
im_cross_delta_agreement_5,0.8,0.8,0.0,MATCH,IM-NQ,1354,1776458100000
im_open_type_agreement,1.0,1.0,0.0,MATCH,IM-NQ,1354,1776458100000
im_rolling_correlation_10,0.928628,0.928628,1e-08,MATCH,IM-NQ,1354,1776458100000
im_cross_delta_weighted_5,,12.8,,MISSING_LIVE,IM-NQ,1354,1776458100000
im_cross_open_signal,,0.85,,MISSING_LIVE,IM-NQ,1354,1776458100000
im_delta_day_divergence,,1.0,,MISSING_LIVE,IM-NQ,1354,1776458100000
im_ltr_slope_diff,,0.26046,,MISSING_LIVE,IM-NQ,1354,1776458100000
im_price_ratio_slope_10,,5.0899438203261426e-05,,MISSING_LIVE,IM-NQ,1354,1776458100000
im_smt_divergence,,0.0,,MISSING_LIVE,IM-NQ,1354,1776458100000
im_volume_lead,,-19.3,,MISSING_LIVE,IM-NQ,1354,1776458100000
dist_1d_max_atr,2.138575,2.138575,0.0,MATCH,ATR-NQ,814,1776425700000
dist_1d_min_atr,-3.181473,-3.181473,0.0,MATCH,ATR-NQ,814,1776425700000
dist_blind_nearest_up_atr,0.079976,0.079976,0.0,MATCH,ATR-NQ,814,1776425700000
dist_comp_20d_vah_atr,-12.333221,-12.333221,0.0,MATCH,ATR-NQ,814,1776425700000
dist_comp_20d_val_atr,-30.294714,-30.294714,0.0,MATCH,ATR-NQ,814,1776425700000
dist_comp_20d_vwap_atr,-16.470771,-16.470771,0.0,MATCH,ATR-NQ,814,1776425700000
dist_comp_50d_vah_atr,-10.821652,-10.821652,0.0,MATCH,ATR-NQ,814,1776425700000
dist_comp_50d_val_atr,-23.935991,-23.935991,0.0,MATCH,ATR-NQ,814,1776425700000
dist_comp_50d_vwap_atr,-16.363846,-16.363846,0.0,MATCH,ATR-NQ,814,1776425700000
dist_cur_vah_atr,-0.445448,-0.445448,0.0,MATCH,ATR-NQ,814,1776425700000
dist_cur_val_atr,-0.97112,-0.97112,0.0,MATCH,ATR-NQ,814,1776425700000
dist_cur_vpoc_atr,-0.836007,-0.836007,0.0,MATCH,ATR-NQ,814,1776425700000
dist_gex_nearest_up_atr,1.275122,1.275122,0.0,MATCH,ATR-NQ,814,1776425700000
dist_mq_call_0dte_atr,-11.898328,-11.898328,0.0,MATCH,ATR-NQ,814,1776425700000
dist_mq_call_atr,-0.413781,-0.413781,0.0,MATCH,ATR-NQ,814,1776425700000
dist_mq_hvl_atr,-10.63165,-10.63165,0.0,MATCH,ATR-NQ,814,1776425700000
dist_mq_put_0dte_atr,-1.891572,-1.891572,0.0,MATCH,ATR-NQ,814,1776425700000
dist_mq_put_atr,-21.52508,-21.52508,0.0,MATCH,ATR-NQ,814,1776425700000
dist_open_830_atr,-0.432782,-0.432782,0.0,MATCH,ATR-NQ,814,1776425700000
dist_prev_vah_atr,-0.295558,-0.295558,0.0,MATCH,ATR-NQ,814,1776425700000
dist_prev_val_atr,-1.900017,-1.900017,0.0,MATCH,ATR-NQ,814,1776425700000
dist_prev_vwap_sd1d_atr,-2.205108,-2.205108,0.0,MATCH,ATR-NQ,814,1776425700000
dist_prev_vwap_sd1u_atr,-0.6307,-0.6307,0.0,MATCH,ATR-NQ,814,1776425700000
dist_sess_high_atr,0.038,0.038,0.0,MATCH,ATR-NQ,814,1776425700000
dist_session_lvn_above_atr,0.002111,0.002111,0.0,MATCH,ATR-NQ,814,1776425700000
dist_session_lvn_below_atr,0.002111,0.002111,0.0,MATCH,ATR-NQ,814,1776425700000
dist_swing_high_atr,-0.016889,-0.016889,0.0,MATCH,ATR-NQ,814,1776425700000
dist_vwap_d_sd1d_atr,-4.265604,-4.265604,0.0,MATCH,ATR-NQ,814,1776425700000
dist_vwap_d_sd1u_atr,-0.469809,-0.469809,0.0,MATCH,ATR-NQ,814,1776425700000
dist_vwap_d_sd2u_atr,-0.171513,-0.171513,0.0,MATCH,ATR-NQ,814,1776425700000
dist_vwap_d_sd3u_atr,0.1268,0.1268,0.0,MATCH,ATR-NQ,814,1776425700000
dist_comp_20d_vpoc_atr,,-19.8361763215673,,MISSING_LIVE,ATR-NQ,814,1776425700000
dist_comp_50d_vpoc_atr,,-19.8361763215673,,MISSING_LIVE,ATR-NQ,814,1776425700000
dist_cur_vwap_vp_atr,,-3.0724193548387095,,MISSING_LIVE,ATR-NQ,814,1776425700000
dist_ext_edge_buy_atr,,0.00422225975342003,,MISSING_LIVE,ATR-NQ,814,1776425700000
dist_ext_edge_sell_atr,,0.0,,MISSING_LIVE,ATR-NQ,814,1776425700000
dist_ext_long_dn_atr,,-0.06544502617801047,,MISSING_LIVE,ATR-NQ,814,1776425700000
dist_ext_long_up_atr,,-0.0548893767944604,,MISSING_LIVE,ATR-NQ,814,1776425700000
dist_open_cash_atr,,-0.6312278331362945,,MISSING_LIVE,ATR-NQ,814,1776425700000
dist_ovn_high_atr,,-0.17311264989022124,,MISSING_LIVE,ATR-NQ,814,1776425700000
dist_ovn_low_atr,,-1.6382367843269718,,MISSING_LIVE,ATR-NQ,814,1776425700000
dist_prev_vpoc_atr,,-1.5115689917243709,,MISSING_LIVE,ATR-NQ,814,1776425700000
dist_prev_vwap_atr,,-1.418283440297247,,MISSING_LIVE,ATR-NQ,814,1776425700000
dist_vwap_w_atr,,-4.979446250633339,,MISSING_LIVE,ATR-NQ,814,1776425700000
next_wall_dist_atr,,1.2582334065191692,,MISSING_LIVE,ATR-NQ,814,1776425700000
open_gap_atr,,-0.8803411585880764,,MISSING_LIVE,ATR-NQ,814,1776425700000
ovn_range_atr,,1.4651241344367505,,MISSING_LIVE,ATR-NQ,814,1776425700000
poc_bar_dist_atr,,0.010555649383550076,,MISSING_LIVE,ATR-NQ,814,1776425700000
poc_separation_atr,,0.21533524742442156,,MISSING_LIVE,ATR-NQ,814,1776425700000
range_size_atr,,0.5256713393007938,,MISSING_LIVE,ATR-NQ,814,1776425700000
sess_range_atr,,1.676237122107752,,MISSING_LIVE,ATR-NQ,814,1776425700000
swing_range_atr,,0.21322411754771153,,MISSING_LIVE,ATR-NQ,814,1776425700000
dist_blind_nearest_dn_atr,-0.689333305184935,,,LIVE_ONLY,ATR-NQ,814,1776425700000
dist_gex_nearest_dn_atr,-1.2582334065191692,,,LIVE_ONLY,ATR-NQ,814,1776425700000
dist_sess_low_atr,-1.6382367843269718,,,LIVE_ONLY,ATR-NQ,814,1776425700000
dist_session_hvn_below_atr,0.0844451950684006,,,LIVE_ONLY,ATR-NQ,814,1776425700000
dist_swing_low_atr,-0.23011315656139164,,,LIVE_ONLY,ATR-NQ,814,1776425700000
dist_vix_call_atr,0.015031244722175308,,,LIVE_ONLY,ATR-NQ,814,1776425700000
dist_vix_gex_nearest_dn_atr,-0.0008022293531498057,,,LIVE_ONLY,ATR-NQ,814,1776425700000
dist_vix_gex_nearest_up_atr,0.00025333558520520183,,,LIVE_ONLY,ATR-NQ,814,1776425700000
dist_vix_hvl_atr,0.007642290153690255,,,LIVE_ONLY,ATR-NQ,814,1776425700000
dist_vix_put_atr,-0.0018577942915048134,,,LIVE_ONLY,ATR-NQ,814,1776425700000
dist_vwap_d_sd2d_atr,-1.364697052862692,,,LIVE_ONLY,ATR-NQ,814,1776425700000
dist_vwap_d_sd3d_atr,-1.6630096267522378,,,LIVE_ONLY,ATR-NQ,814,1776425700000
im_cross_delta_agreement_5,0.8,0.8,0.0,MATCH,IM-NQ,814,1776425700000
im_open_type_agreement,0.0,0.0,0.0,MATCH,IM-NQ,814,1776425700000
im_rolling_correlation_10,0.937363,0.937363,0.0,MATCH,IM-NQ,814,1776425700000
im_cross_delta_weighted_5,,9.8,,MISSING_LIVE,IM-NQ,814,1776425700000
im_cross_open_signal,,0.0,,MISSING_LIVE,IM-NQ,814,1776425700000
im_delta_day_divergence,,0.0,,MISSING_LIVE,IM-NQ,814,1776425700000
im_ltr_slope_diff,,-0.1152,,MISSING_LIVE,IM-NQ,814,1776425700000
im_price_ratio_slope_10,,-5.1188081800549155e-05,,MISSING_LIVE,IM-NQ,814,1776425700000
im_smt_divergence,,0.0,,MISSING_LIVE,IM-NQ,814,1776425700000
im_volume_lead,,52.199999999999996,,MISSING_LIVE,IM-NQ,814,1776425700000
dist_1d_max_atr,2.212258,2.212258,0.0,MATCH,ATR-NQ,725,1776420359000
dist_1d_min_atr,-3.117465,-3.117465,0.0,MATCH,ATR-NQ,725,1776420359000
dist_blind_nearest_up_atr,0.149915,0.149915,0.0,MATCH,ATR-NQ,725,1776420359000
dist_comp_20d_vah_atr,-12.292204,-12.292204,0.0,MATCH,ATR-NQ,725,1776420359000
dist_comp_20d_val_atr,-30.280022,-30.280022,0.0,MATCH,ATR-NQ,725,1776420359000
dist_comp_20d_vwap_atr,-16.444683,-16.444683,0.0,MATCH,ATR-NQ,725,1776420359000
dist_comp_50d_vah_atr,-10.782116,-10.782116,0.0,MATCH,ATR-NQ,725,1776420359000
dist_comp_50d_val_atr,-23.909733,-23.909733,0.0,MATCH,ATR-NQ,725,1776420359000
dist_comp_50d_vwap_atr,-16.334853,-16.334853,0.0,MATCH,ATR-NQ,725,1776420359000
dist_cur_vah_atr,-0.37858,-0.37858,0.0,MATCH,ATR-NQ,725,1776420359000
dist_cur_val_atr,-0.873483,-0.873483,0.0,MATCH,ATR-NQ,725,1776420359000
dist_cur_vpoc_atr,-0.767734,-0.767734,0.0,MATCH,ATR-NQ,725,1776420359000
dist_gex_nearest_up_atr,1.347236,1.347236,0.0,MATCH,ATR-NQ,725,1776420359000
dist_mq_call_0dte_atr,-11.850176,-11.850176,0.0,MATCH,ATR-NQ,725,1776420359000
dist_mq_call_atr,-0.34474,-0.34474,0.0,MATCH,ATR-NQ,725,1776420359000
dist_mq_hvl_atr,-10.581194,-10.581194,0.0,MATCH,ATR-NQ,725,1776420359000
dist_mq_put_0dte_atr,-1.825219,-1.825219,0.0,MATCH,ATR-NQ,725,1776420359000
dist_mq_put_atr,-21.494438,-21.494438,0.0,MATCH,ATR-NQ,725,1776420359000
dist_open_830_atr,-0.363775,-0.363775,0.0,MATCH,ATR-NQ,725,1776420359000
dist_prev_vah_atr,-0.226302,-0.226302,0.0,MATCH,ATR-NQ,725,1776420359000
dist_prev_val_atr,-1.833679,-1.833679,0.0,MATCH,ATR-NQ,725,1776420359000
dist_prev_vwap_sd1d_atr,-2.139325,-2.139325,0.0,MATCH,ATR-NQ,725,1776420359000
dist_prev_vwap_sd1u_atr,-0.562053,-0.562053,0.0,MATCH,ATR-NQ,725,1776420359000
dist_sess_high_atr,0.006345,0.006345,0.0,MATCH,ATR-NQ,725,1776420359000
dist_session_lvn_above_atr,0.00423,0.00423,0.0,MATCH,ATR-NQ,725,1776420359000
dist_session_lvn_below_atr,0.002115,0.002115,0.0,MATCH,ATR-NQ,725,1776420359000
dist_swing_high_atr,-0.103634,-0.103634,0.0,MATCH,ATR-NQ,725,1776420359000
dist_vwap_d_sd1d_atr,-4.003175,-4.003175,0.0,MATCH,ATR-NQ,725,1776420359000
dist_vwap_d_sd1u_atr,-0.441913,-0.441913,0.0,MATCH,ATR-NQ,725,1776420359000
dist_vwap_d_sd2u_atr,-0.162473,-0.162473,0.0,MATCH,ATR-NQ,725,1776420359000
dist_vwap_d_sd3u_atr,0.116968,0.116968,0.0,MATCH,ATR-NQ,725,1776420359000
dist_comp_20d_vpoc_atr,,-19.802461824795905,,MISSING_LIVE,ATR-NQ,725,1776420359000
dist_comp_50d_vpoc_atr,,-19.802461824795905,,MISSING_LIVE,ATR-NQ,725,1776420359000
dist_cur_vwap_vp_atr,,-2.8854134765872845,,MISSING_LIVE,ATR-NQ,725,1776420359000
dist_ext_edge_buy_atr,,0.00211496975593249,,MISSING_LIVE,ATR-NQ,725,1776420359000
dist_ext_edge_sell_atr,,-0.006344909267797471,,MISSING_LIVE,ATR-NQ,725,1776420359000
dist_ext_long_dn_atr,,0.00422993951186498,,MISSING_LIVE,ATR-NQ,725,1776420359000
dist_ext_long_up_atr,,0.014804788291527432,,MISSING_LIVE,ATR-NQ,725,1776420359000
dist_open_cash_atr,,-0.5625819550780424,,MISSING_LIVE,ATR-NQ,725,1776420359000
dist_ovn_high_atr,,-0.10363351804069201,,MISSING_LIVE,ATR-NQ,725,1776420359000
dist_ovn_low_atr,,-1.5714225286578403,,MISSING_LIVE,ATR-NQ,725,1776420359000
dist_prev_vpoc_atr,,-1.4445243433018908,,MISSING_LIVE,ATR-NQ,725,1776420359000
dist_prev_vwap_atr,,-1.3510691172116238,,MISSING_LIVE,ATR-NQ,725,1776420359000
dist_vwap_w_atr,,-4.938008332980838,,MISSING_LIVE,ATR-NQ,725,1776420359000
next_wall_dist_atr,,1.190727972589992,,MISSING_LIVE,ATR-NQ,725,1776420359000
open_gap_atr,,-0.8819423882238484,,MISSING_LIVE,ATR-NQ,725,1776420359000
ovn_range_atr,,1.4677890106171483,,MISSING_LIVE,ATR-NQ,725,1776420359000
poc_bar_dist_atr,,0.006344909267797471,,MISSING_LIVE,ATR-NQ,725,1776420359000
poc_separation_atr,,0.215726915105114,,MISSING_LIVE,ATR-NQ,725,1776420359000
range_size_atr,,0.4949029228882027,,MISSING_LIVE,ATR-NQ,725,1776420359000
sess_range_atr,,1.5777674379256377,,MISSING_LIVE,ATR-NQ,725,1776420359000
swing_range_atr,,0.16708261071866673,,MISSING_LIVE,ATR-NQ,725,1776420359000
dist_blind_nearest_dn_atr,-0.6207931136584747,,,LIVE_ONLY,ATR-NQ,725,1776420359000
dist_gex_nearest_dn_atr,-1.190727972589992,,,LIVE_ONLY,ATR-NQ,725,1776420359000
dist_sess_low_atr,-1.5714225286578403,,,LIVE_ONLY,ATR-NQ,725,1776420359000
dist_session_hvn_below_atr,0.3891544350915782,,,LIVE_ONLY,ATR-NQ,725,1776420359000
dist_swing_low_atr,-0.27071612875935874,,,LIVE_ONLY,ATR-NQ,725,1776420359000
dist_vix_call_atr,0.014720189501290133,,,LIVE_ONLY,ATR-NQ,725,1776420359000
dist_vix_gex_nearest_dn_atr,-8.459879023729961e-05,,,LIVE_ONLY,ATR-NQ,725,1776420359000
dist_vix_gex_nearest_up_atr,0.0020303709656951906,,,LIVE_ONLY,ATR-NQ,725,1776420359000
dist_vix_hvl_atr,0.007317795355526416,,,LIVE_ONLY,ATR-NQ,725,1776420359000
dist_vix_put_atr,-0.00219956854616979,,,LIVE_ONLY,ATR-NQ,725,1776420359000
dist_vwap_d_sd2d_atr,-1.2802341271519817,,,LIVE_ONLY,ATR-NQ,725,1776420359000
dist_vwap_d_sd3d_atr,-1.559674506154562,,,LIVE_ONLY,ATR-NQ,725,1776420359000
im_cross_delta_agreement_5,0.8,0.8,0.0,MATCH,IM-NQ,725,1776420359000
im_open_type_agreement,0.0,0.0,0.0,MATCH,IM-NQ,725,1776420359000
im_rolling_correlation_10,0.931419,0.931419,0.0,MATCH,IM-NQ,725,1776420359000
im_cross_delta_weighted_5,,14.0,,MISSING_LIVE,IM-NQ,725,1776420359000
im_cross_open_signal,,0.0,,MISSING_LIVE,IM-NQ,725,1776420359000
im_delta_day_divergence,,0.0,,MISSING_LIVE,IM-NQ,725,1776420359000
im_ltr_slope_diff,,-0.04618000000000003,,MISSING_LIVE,IM-NQ,725,1776420359000
im_price_ratio_slope_10,,-4.150424380318702e-05,,MISSING_LIVE,IM-NQ,725,1776420359000
im_smt_divergence,,0.0,,MISSING_LIVE,IM-NQ,725,1776420359000
im_volume_lead,,0.10000000000000142,,MISSING_LIVE,IM-NQ,725,1776420359000
dist_1d_max_atr,0.513653,0.513653,0.0,MATCH,ATR-NQ,981,1776435720000
dist_1d_min_atr,-4.602578,-4.602578,0.0,MATCH,ATR-NQ,981,1776435720000
dist_blind_nearest_up_atr,0.461676,0.461676,0.0,MATCH,ATR-NQ,981,1776435720000
dist_comp_20d_vah_atr,-13.186479,-13.186479,0.0,MATCH,ATR-NQ,981,1776435720000
dist_comp_20d_val_atr,-30.677089,-30.677089,0.0,MATCH,ATR-NQ,981,1776435720000
dist_comp_20d_vwap_atr,-17.08824,-17.08824,0.0,MATCH,ATR-NQ,981,1776435720000
dist_comp_50d_vah_atr,-11.769364,-11.769364,0.0,MATCH,ATR-NQ,981,1776435720000
dist_comp_50d_val_atr,-24.561973,-24.561973,0.0,MATCH,ATR-NQ,981,1776435720000
dist_comp_50d_vwap_atr,-17.042448,-17.042448,0.0,MATCH,ATR-NQ,981,1776435720000
dist_cur_vah_atr,-0.430413,-0.430413,0.0,MATCH,ATR-NQ,981,1776435720000
dist_cur_val_atr,-3.108314,-3.108314,0.0,MATCH,ATR-NQ,981,1776435720000
dist_cur_vpoc_atr,-2.34697,-2.34697,0.0,MATCH,ATR-NQ,981,1776435720000
dist_gex_nearest_up_atr,0.089331,0.089331,0.0,MATCH,ATR-NQ,981,1776435720000
dist_ib_high_atr,0.300477,0.300477,0.0,MATCH,ATR-NQ,981,1776435720000
dist_ib_low_atr,-0.88925,-0.88925,0.0,MATCH,ATR-NQ,981,1776435720000
dist_mq_call_0dte_atr,-12.985484,-12.985484,0.0,MATCH,ATR-NQ,981,1776435720000
dist_mq_call_atr,-1.94092,-1.94092,0.0,MATCH,ATR-NQ,981,1776435720000
dist_mq_hvl_atr,-11.767333,-11.767333,0.0,MATCH,ATR-NQ,981,1776435720000
dist_mq_put_0dte_atr,-3.362095,-3.362095,0.0,MATCH,ATR-NQ,981,1776435720000
dist_mq_put_atr,-22.243427,-22.243427,0.0,MATCH,ATR-NQ,981,1776435720000
dist_open_830_atr,-1.959192,-1.959192,0.0,MATCH,ATR-NQ,981,1776435720000
dist_prev_vah_atr,-1.827226,-1.827226,0.0,MATCH,ATR-NQ,981,1776435720000
dist_prev_val_atr,-3.370216,-3.370216,0.0,MATCH,ATR-NQ,981,1776435720000
dist_prev_vwap_sd1d_atr,-3.663619,-3.663619,0.0,MATCH,ATR-NQ,981,1776435720000
dist_prev_vwap_sd1u_atr,-2.149528,-2.149528,0.0,MATCH,ATR-NQ,981,1776435720000
dist_sess_high_atr,0.639529,0.639529,0.0,MATCH,ATR-NQ,981,1776435720000
dist_session_hvn_above_atr,0.030454,0.030454,0.0,MATCH,ATR-NQ,981,1776435720000
dist_session_lvn_above_atr,0.298447,0.298447,0.0,MATCH,ATR-NQ,981,1776435720000
dist_session_lvn_below_atr,0.623287,0.623287,0.0,MATCH,ATR-NQ,981,1776435720000
dist_swing_high_atr,0.300477,0.300477,0.0,MATCH,ATR-NQ,981,1776435720000
dist_vwap_d_sd1d_atr,-10.196617,-10.196617,0.0,MATCH,ATR-NQ,981,1776435720000
dist_vwap_d_sd1u_atr,-0.362669,-0.362669,0.0,MATCH,ATR-NQ,981,1776435720000
dist_vwap_d_sd2u_atr,0.730573,0.730573,0.0,MATCH,ATR-NQ,981,1776435720000
dist_vwap_d_sd3u_atr,1.823815,1.823815,0.0,MATCH,ATR-NQ,981,1776435720000
dist_comp_20d_vpoc_atr,,-20.619226474469595,,MISSING_LIVE,ATR-NQ,981,1776435720000
dist_comp_50d_vpoc_atr,,-20.619226474469595,,MISSING_LIVE,ATR-NQ,981,1776435720000
dist_cur_vwap_vp_atr,,-5.823584204649274,,MISSING_LIVE,ATR-NQ,981,1776435720000
dist_ext_edge_buy_atr,,0.0,,MISSING_LIVE,ATR-NQ,981,1776435720000
dist_ext_edge_sell_atr,,0.004060501471931784,,MISSING_LIVE,ATR-NQ,981,1776435720000
dist_ext_long_dn_atr,,-0.03248401177545427,,MISSING_LIVE,ATR-NQ,981,1776435720000
dist_ext_long_up_atr,,0.020302507359658918,,MISSING_LIVE,ATR-NQ,981,1776435720000
dist_open_cash_atr,,-0.412140899401076,,MISSING_LIVE,ATR-NQ,981,1776435720000
dist_ovn_high_atr,,-1.7094711196832808,,MISSING_LIVE,ATR-NQ,981,1776435720000
dist_ovn_low_atr,,-3.1184651304436097,,MISSING_LIVE,ATR-NQ,981,1776435720000
dist_prev_vpoc_atr,,-2.996650086285656,,MISSING_LIVE,ATR-NQ,981,1776435720000
dist_prev_vwap_atr,,-2.9069383818901633,,MISSING_LIVE,ATR-NQ,981,1776435720000
dist_vwap_w_atr,,-5.868170135011674,,MISSING_LIVE,ATR-NQ,981,1776435720000
next_wall_dist_atr,,0.08933103238249923,,MISSING_LIVE,ATR-NQ,981,1776435720000
open_gap_atr,,-2.58450918688458,,MISSING_LIVE,ATR-NQ,981,1776435720000
ovn_range_atr,,1.408994010760329,,MISSING_LIVE,ATR-NQ,981,1776435720000
poc_bar_dist_atr,,0.05075626839914729,,MISSING_LIVE,ATR-NQ,981,1776435720000
poc_separation_atr,,0.20708557506852096,,MISSING_LIVE,ATR-NQ,981,1776435720000
range_size_atr,,2.6779007207390113,,MISSING_LIVE,ATR-NQ,981,1776435720000
sess_range_atr,,3.7579941122728657,,MISSING_LIVE,ATR-NQ,981,1776435720000
swing_range_atr,,1.1673941731803879,,MISSING_LIVE,ATR-NQ,981,1776435720000
dist_blind_nearest_dn_atr,-1.466078976753629,,,LIVE_ONLY,ATR-NQ,981,1776435720000
dist_gex_nearest_dn_atr,-0.3167191148106791,,,LIVE_ONLY,ATR-NQ,981,1776435720000
dist_sess_low_atr,-3.1184651304436097,,,LIVE_ONLY,ATR-NQ,981,1776435720000
dist_session_hvn_below_atr,0.002030250735965892,,,LIVE_ONLY,ATR-NQ,981,1776435720000
dist_swing_low_atr,-0.8669170642574358,,,LIVE_ONLY,ATR-NQ,981,1776435720000
dist_vix_call_atr,0.014881737894629987,,,LIVE_ONLY,ATR-NQ,981,1776435720000
dist_vix_gex_nearest_dn_atr,-0.0003451426251142016,,,LIVE_ONLY,ATR-NQ,981,1776435720000
dist_vix_gex_nearest_up_atr,0.0006699827428687443,,,LIVE_ONLY,ATR-NQ,981,1776435720000
dist_vix_hvl_atr,0.007775860318749365,,,LIVE_ONLY,ATR-NQ,981,1776435720000
dist_vix_put_atr,-0.0013602679930971476,,,LIVE_ONLY,ATR-NQ,981,1776435720000
dist_vwap_d_sd2d_atr,-3.6423967109938076,,,LIVE_ONLY,ATR-NQ,981,1776435720000
dist_vwap_d_sd3d_atr,-4.735639224444219,,,LIVE_ONLY,ATR-NQ,981,1776435720000
im_cross_delta_agreement_5,0.2,0.2,0.0,MATCH,IM-NQ,981,1776435720000
im_open_type_agreement,0.0,0.0,0.0,MATCH,IM-NQ,981,1776435720000
im_rolling_correlation_10,0.284446,0.284446,0.0,MATCH,IM-NQ,981,1776435720000
im_cross_delta_weighted_5,,23.2,,MISSING_LIVE,IM-NQ,981,1776435720000
im_cross_open_signal,,0.0,,MISSING_LIVE,IM-NQ,981,1776435720000
im_delta_day_divergence,,-1.0,,MISSING_LIVE,IM-NQ,981,1776435720000
im_ltr_slope_diff,,-0.0002600000000000102,,MISSING_LIVE,IM-NQ,981,1776435720000
im_price_ratio_slope_10,,-0.0004632815013638446,,MISSING_LIVE,IM-NQ,981,1776435720000
im_smt_divergence,,1.0,,MISSING_LIVE,IM-NQ,981,1776435720000
im_volume_lead,,-117.39999999999998,,MISSING_LIVE,IM-NQ,981,1776435720000
dist_1d_max_atr,0.562379,0.562379,0.0,MATCH,ATR-NQ,950,1776433859000
dist_1d_min_atr,-4.553852,-4.553852,0.0,MATCH,ATR-NQ,950,1776433859000
dist_blind_nearest_up_atr,0.510402,0.510402,0.0,MATCH,ATR-NQ,950,1776433859000
dist_comp_20d_vah_atr,-13.212872,-13.212872,0.0,MATCH,ATR-NQ,950,1776433859000
dist_comp_20d_val_atr,-30.628363,-30.628363,0.0,MATCH,ATR-NQ,950,1776433859000
dist_comp_20d_vwap_atr,-17.114918,-17.114918,0.0,MATCH,ATR-NQ,950,1776433859000
dist_comp_50d_vah_atr,-11.767333,-11.767333,0.0,MATCH,ATR-NQ,950,1776433859000
dist_comp_50d_val_atr,-24.513247,-24.513247,0.0,MATCH,ATR-NQ,950,1776433859000
dist_comp_50d_vwap_atr,-17.054661,-17.054661,0.0,MATCH,ATR-NQ,950,1776433859000
dist_cur_vah_atr,-0.883159,-0.883159,0.0,MATCH,ATR-NQ,950,1776433859000
dist_cur_val_atr,-3.059588,-3.059588,0.0,MATCH,ATR-NQ,950,1776433859000
dist_cur_vpoc_atr,-2.298244,-2.298244,0.0,MATCH,ATR-NQ,950,1776433859000
dist_gex_nearest_up_atr,0.138057,0.138057,0.0,MATCH,ATR-NQ,950,1776433859000
dist_ib_high_atr,0.048726,0.048726,0.0,MATCH,ATR-NQ,950,1776433859000
dist_ib_low_atr,-0.840524,-0.840524,0.0,MATCH,ATR-NQ,950,1776433859000
dist_mq_call_0dte_atr,-12.936758,-12.936758,0.0,MATCH,ATR-NQ,950,1776433859000
dist_mq_call_atr,-1.892194,-1.892194,0.0,MATCH,ATR-NQ,950,1776433859000
dist_mq_hvl_atr,-11.718607,-11.718607,0.0,MATCH,ATR-NQ,950,1776433859000
dist_mq_put_0dte_atr,-3.313369,-3.313369,0.0,MATCH,ATR-NQ,950,1776433859000
dist_mq_put_atr,-22.194701,-22.194701,0.0,MATCH,ATR-NQ,950,1776433859000
dist_open_830_atr,-1.910466,-1.910466,0.0,MATCH,ATR-NQ,950,1776433859000
dist_prev_vah_atr,-1.7785,-1.7785,0.0,MATCH,ATR-NQ,950,1776433859000
dist_prev_val_atr,-3.32149,-3.32149,0.0,MATCH,ATR-NQ,950,1776433859000
dist_prev_vwap_sd1d_atr,-3.614893,-3.614893,0.0,MATCH,ATR-NQ,950,1776433859000
dist_prev_vwap_sd1u_atr,-2.100802,-2.100802,0.0,MATCH,ATR-NQ,950,1776433859000
dist_sess_high_atr,0.688255,0.688255,0.0,MATCH,ATR-NQ,950,1776433859000
dist_session_lvn_above_atr,0.058877,0.058877,0.0,MATCH,ATR-NQ,950,1776433859000
dist_session_lvn_below_atr,0.586742,0.586742,0.0,MATCH,ATR-NQ,950,1776433859000
dist_swing_high_atr,0.688255,0.688255,0.0,MATCH,ATR-NQ,950,1776433859000
dist_vwap_d_sd1d_atr,-10.397676,-10.397676,0.0,MATCH,ATR-NQ,950,1776433859000
dist_vwap_d_sd1u_atr,-0.558668,-0.558668,0.0,MATCH,ATR-NQ,950,1776433859000
dist_vwap_d_sd2u_atr,0.461692,0.461692,0.0,MATCH,ATR-NQ,950,1776433859000
dist_vwap_d_sd3u_atr,1.482067,1.482067,0.0,MATCH,ATR-NQ,950,1776433859000
dist_comp_20d_vpoc_atr,,-20.570500456806414,,MISSING_LIVE,ATR-NQ,950,1776433859000
dist_comp_50d_vpoc_atr,,-20.570500456806414,,MISSING_LIVE,ATR-NQ,950,1776433859000
dist_cur_vwap_vp_atr,,-6.316110039589889,,MISSING_LIVE,ATR-NQ,950,1776433859000
dist_ext_edge_buy_atr,,-0.19287381991675973,,MISSING_LIVE,ATR-NQ,950,1776433859000
dist_ext_edge_sell_atr,,-3.001725713125571,,MISSING_LIVE,ATR-NQ,950,1776433859000
dist_ext_long_dn_atr,,-0.026393259567556594,,MISSING_LIVE,ATR-NQ,950,1776433859000
dist_ext_long_up_atr,,0.06902852502284032,,MISSING_LIVE,ATR-NQ,950,1776433859000
dist_open_cash_atr,,-0.3634148817378946,,MISSING_LIVE,ATR-NQ,950,1776433859000
dist_ovn_high_atr,,-1.6607451020200994,,MISSING_LIVE,ATR-NQ,950,1776433859000
dist_ovn_low_atr,,-3.0697391127804283,,MISSING_LIVE,ATR-NQ,950,1776433859000
dist_prev_vpoc_atr,,-2.947924068622475,,MISSING_LIVE,ATR-NQ,950,1776433859000
dist_prev_vwap_atr,,-2.858212364226982,,MISSING_LIVE,ATR-NQ,950,1776433859000
dist_vwap_w_atr,,-5.936595878591006,,MISSING_LIVE,ATR-NQ,950,1776433859000
next_wall_dist_atr,,0.13805705004568064,,MISSING_LIVE,ATR-NQ,950,1776433859000
open_gap_atr,,-2.58450918688458,,MISSING_LIVE,ATR-NQ,950,1776433859000
ovn_range_atr,,1.408994010760329,,MISSING_LIVE,ATR-NQ,950,1776433859000
poc_bar_dist_atr,,0.03654451324738605,,MISSING_LIVE,ATR-NQ,950,1776433859000
poc_separation_atr,,0.20708557506852096,,MISSING_LIVE,ATR-NQ,950,1776433859000
range_size_atr,,2.176428788955436,,MISSING_LIVE,ATR-NQ,950,1776433859000
sess_range_atr,,3.7579941122728657,,MISSING_LIVE,ATR-NQ,950,1776433859000
swing_range_atr,,1.5287788041823165,,MISSING_LIVE,ATR-NQ,950,1776433859000
dist_blind_nearest_dn_atr,-1.4173529590904477,,,LIVE_ONLY,ATR-NQ,950,1776433859000
dist_gex_nearest_dn_atr,-0.2679930971474977,,,LIVE_ONLY,ATR-NQ,950,1776433859000
dist_sess_low_atr,-3.0697391127804283,,,LIVE_ONLY,ATR-NQ,950,1776433859000
dist_session_hvn_below_atr,0.23753933610800934,,,LIVE_ONLY,ATR-NQ,950,1776433859000
dist_swing_low_atr,-0.8405238046898792,,,LIVE_ONLY,ATR-NQ,950,1776433859000
dist_vix_call_atr,0.014861435387270328,,,LIVE_ONLY,ATR-NQ,950,1776433859000
dist_vix_gex_nearest_dn_atr,-0.0003654451324738605,,,LIVE_ONLY,ATR-NQ,950,1776433859000
dist_vix_gex_nearest_up_atr,0.0006496802355090854,,,LIVE_ONLY,ATR-NQ,950,1776433859000
dist_vix_hvl_atr,0.007755557811389706,,,LIVE_ONLY,ATR-NQ,950,1776433859000
dist_vix_put_atr,-0.0013805705004568064,,,LIVE_ONLY,ATR-NQ,950,1776433859000
dist_vwap_d_sd2d_atr,-3.619778499644706,,,LIVE_ONLY,ATR-NQ,950,1776433859000
dist_vwap_d_sd3d_atr,-4.6401538930057855,,,LIVE_ONLY,ATR-NQ,950,1776433859000
im_cross_delta_agreement_5,0.6,0.6,0.0,MATCH,IM-NQ,950,1776433859000
im_open_type_agreement,0.0,0.0,0.0,MATCH,IM-NQ,950,1776433859000
im_rolling_correlation_10,0.978244,0.978244,0.0,MATCH,IM-NQ,950,1776433859000
im_cross_delta_weighted_5,,111.8,,MISSING_LIVE,IM-NQ,950,1776433859000
im_cross_open_signal,,0.0,,MISSING_LIVE,IM-NQ,950,1776433859000
im_delta_day_divergence,,-1.0,,MISSING_LIVE,IM-NQ,950,1776433859000
im_ltr_slope_diff,,-0.05099,,MISSING_LIVE,IM-NQ,950,1776433859000
im_price_ratio_slope_10,,-5.371937882820909e-05,,MISSING_LIVE,IM-NQ,950,1776433859000
im_smt_divergence,,0.0,,MISSING_LIVE,IM-NQ,950,1776433859000
im_volume_lead,,1088.6,,MISSING_LIVE,IM-NQ,950,1776433859000
dist_1d_max_atr,0.89331,0.89331,0.0,MATCH,ATR-NQ,928,1776432539000
dist_1d_min_atr,-4.222922,-4.222922,0.0,MATCH,ATR-NQ,928,1776432539000
dist_blind_nearest_up_atr,0.841333,0.841333,0.0,MATCH,ATR-NQ,928,1776432539000
dist_comp_20d_vah_atr,-12.95706,-12.95706,0.0,MATCH,ATR-NQ,928,1776432539000
dist_comp_20d_val_atr,-30.297432,-30.297432,0.0,MATCH,ATR-NQ,928,1776432539000
dist_comp_20d_vwap_atr,-16.87933,-16.87933,0.0,MATCH,ATR-NQ,928,1776432539000
dist_comp_50d_vah_atr,-11.49528,-11.49528,0.0,MATCH,ATR-NQ,928,1776432539000
dist_comp_50d_val_atr,-24.182317,-24.182317,0.0,MATCH,ATR-NQ,928,1776432539000
dist_comp_50d_vwap_atr,-16.800658,-16.800658,0.0,MATCH,ATR-NQ,928,1776432539000
dist_cur_vah_atr,-1.404934,-1.404934,0.0,MATCH,ATR-NQ,928,1776432539000
dist_cur_val_atr,-2.442392,-2.442392,0.0,MATCH,ATR-NQ,928,1776432539000
dist_cur_vpoc_atr,-1.967313,-1.967313,0.0,MATCH,ATR-NQ,928,1776432539000
dist_gex_nearest_up_atr,0.062938,0.062938,0.0,MATCH,ATR-NQ,928,1776432539000
dist_mq_call_0dte_atr,-12.605827,-12.605827,0.0,MATCH,ATR-NQ,928,1776432539000
dist_mq_call_atr,-1.561263,-1.561263,0.0,MATCH,ATR-NQ,928,1776432539000
dist_mq_hvl_atr,-11.387676,-11.387676,0.0,MATCH,ATR-NQ,928,1776432539000
dist_mq_put_0dte_atr,-2.982438,-2.982438,0.0,MATCH,ATR-NQ,928,1776432539000
dist_mq_put_atr,-21.86377,-21.86377,0.0,MATCH,ATR-NQ,928,1776432539000
dist_open_830_atr,-1.579535,-1.579535,0.0,MATCH,ATR-NQ,928,1776432539000
dist_prev_vah_atr,-1.447569,-1.447569,0.0,MATCH,ATR-NQ,928,1776432539000
dist_prev_val_atr,-2.990559,-2.990559,0.0,MATCH,ATR-NQ,928,1776432539000
dist_prev_vwap_sd1d_atr,-3.283962,-3.283962,0.0,MATCH,ATR-NQ,928,1776432539000
dist_prev_vwap_sd1u_atr,-1.769871,-1.769871,0.0,MATCH,ATR-NQ,928,1776432539000
dist_sess_high_atr,1.019186,1.019186,0.0,MATCH,ATR-NQ,928,1776432539000
dist_session_hvn_above_atr,0.371536,0.371536,0.0,MATCH,ATR-NQ,928,1776432539000
dist_session_lvn_above_atr,0.554258,0.554258,0.0,MATCH,ATR-NQ,928,1776432539000
dist_swing_high_atr,1.019186,1.019186,0.0,MATCH,ATR-NQ,928,1776432539000
dist_vwap_d_sd1d_atr,-9.521432,-9.521432,0.0,MATCH,ATR-NQ,928,1776432539000
dist_vwap_d_sd1u_atr,-0.550024,-0.550024,0.0,MATCH,ATR-NQ,928,1776432539000
dist_vwap_d_sd2u_atr,0.365144,0.365144,0.0,MATCH,ATR-NQ,928,1776432539000
dist_vwap_d_sd3u_atr,1.280311,1.280311,0.0,MATCH,ATR-NQ,928,1776432539000
dist_comp_20d_vpoc_atr,,-20.239569586843974,,MISSING_LIVE,ATR-NQ,928,1776432539000
dist_comp_50d_vpoc_atr,,-20.239569586843974,,MISSING_LIVE,ATR-NQ,928,1776432539000
dist_cur_vwap_vp_atr,,-5.8606996244036145,,MISSING_LIVE,ATR-NQ,928,1776432539000
dist_ext_edge_buy_atr,,-0.006090752207897675,,MISSING_LIVE,ATR-NQ,928,1776432539000
dist_ext_edge_sell_atr,,0.06293777281494264,,MISSING_LIVE,ATR-NQ,928,1776432539000
dist_ext_long_dn_atr,,-0.06902852502284032,,MISSING_LIVE,ATR-NQ,928,1776432539000
dist_ext_long_up_atr,,0.042635265455283726,,MISSING_LIVE,ATR-NQ,928,1776432539000
dist_open_cash_atr,,-1.7703786417622576,,MISSING_LIVE,ATR-NQ,928,1776432539000
dist_ovn_high_atr,,-1.3298142320576591,,MISSING_LIVE,ATR-NQ,928,1776432539000
dist_ovn_low_atr,,-2.738808242817988,,MISSING_LIVE,ATR-NQ,928,1776432539000
dist_prev_vpoc_atr,,-2.6169931986600345,,MISSING_LIVE,ATR-NQ,928,1776432539000
dist_prev_vwap_atr,,-2.5272814942645416,,MISSING_LIVE,ATR-NQ,928,1776432539000
dist_vwap_w_atr,,-5.752223733631103,,MISSING_LIVE,ATR-NQ,928,1776432539000
next_wall_dist_atr,,0.06293777281494264,,MISSING_LIVE,ATR-NQ,928,1776432539000
open_gap_atr,,-0.8466145568977769,,MISSING_LIVE,ATR-NQ,928,1776432539000
ovn_range_atr,,1.408994010760329,,MISSING_LIVE,ATR-NQ,928,1776432539000
poc_bar_dist_atr,,0.020302507359658918,,MISSING_LIVE,ATR-NQ,928,1776432539000
poc_separation_atr,,0.20708557506852096,,MISSING_LIVE,ATR-NQ,928,1776432539000
range_size_atr,,1.0374581260785707,,MISSING_LIVE,ATR-NQ,928,1776432539000
sess_range_atr,,3.7579941122728657,,MISSING_LIVE,ATR-NQ,928,1776432539000
swing_range_atr,,0.9623388488478327,,MISSING_LIVE,ATR-NQ,928,1776432539000
dist_blind_nearest_dn_atr,-1.0864220891280074,,,LIVE_ONLY,ATR-NQ,928,1776432539000
dist_gex_nearest_dn_atr,-2.3733631103441275,,,LIVE_ONLY,ATR-NQ,928,1776432539000
dist_sess_low_atr,-2.738808242817988,,,LIVE_ONLY,ATR-NQ,928,1776432539000
dist_swing_low_atr,0.05684702060704497,,,LIVE_ONLY,ATR-NQ,928,1776432539000
dist_vix_call_atr,0.01577504821845498,,,LIVE_ONLY,ATR-NQ,928,1776432539000
dist_vix_gex_nearest_dn_atr,-0.0045274591412039385,,,LIVE_ONLY,ATR-NQ,928,1776432539000
dist_vix_gex_nearest_up_atr,0.0005481676987107908,,,LIVE_ONLY,ATR-NQ,928,1776432539000
dist_vix_hvl_atr,0.008669170642574357,,,LIVE_ONLY,ATR-NQ,928,1776432539000
dist_vix_put_atr,-0.0004669576692721551,,,LIVE_ONLY,ATR-NQ,928,1776432539000
dist_vwap_d_sd2d_atr,-3.2955251243528574,,,LIVE_ONLY,ATR-NQ,928,1776432539000
dist_vwap_d_sd3d_atr,-4.210692518526038,,,LIVE_ONLY,ATR-NQ,928,1776432539000
im_cross_delta_agreement_5,0.8,0.8,0.0,MATCH,IM-NQ,928,1776432539000
im_open_type_agreement,0.0,0.0,0.0,MATCH,IM-NQ,928,1776432539000
im_rolling_correlation_10,0.986581,0.986581,0.0,MATCH,IM-NQ,928,1776432539000
im_cross_delta_weighted_5,,131.4,,MISSING_LIVE,IM-NQ,928,1776432539000
im_cross_open_signal,,0.0,,MISSING_LIVE,IM-NQ,928,1776432539000
im_delta_day_divergence,,-1.0,,MISSING_LIVE,IM-NQ,928,1776432539000
im_ltr_slope_diff,,0.08872999999999999,,MISSING_LIVE,IM-NQ,928,1776432539000
im_price_ratio_slope_10,,-0.0002260047033383359,,MISSING_LIVE,IM-NQ,928,1776432539000
im_smt_divergence,,0.0,,MISSING_LIVE,IM-NQ,928,1776432539000
im_volume_lead,,-1314.1000000000001,,MISSING_LIVE,IM-NQ,928,1776432539000
dist_1d_max_atr,1.836327,1.836327,0.0,MATCH,ATR-NQ,842,1776427380000
dist_1d_min_atr,-3.458346,-3.458346,0.0,MATCH,ATR-NQ,842,1776427380000
dist_blind_nearest_up_atr,1.782537,1.782537,0.0,MATCH,ATR-NQ,842,1776427380000
dist_comp_20d_vah_atr,-12.562244,-12.562244,0.0,MATCH,ATR-NQ,842,1776427380000
dist_comp_20d_val_atr,-30.442273,-30.442273,0.0,MATCH,ATR-NQ,842,1776427380000
dist_comp_20d_vwap_atr,-16.676893,-16.676893,0.0,MATCH,ATR-NQ,842,1776427380000
dist_comp_50d_vah_atr,-11.057884,-11.057884,0.0,MATCH,ATR-NQ,842,1776427380000
dist_comp_50d_val_atr,-24.113878,-24.113878,0.0,MATCH,ATR-NQ,842,1776427380000
dist_comp_50d_vwap_atr,-16.571922,-16.571922,0.0,MATCH,ATR-NQ,842,1776427380000
dist_cur_vah_atr,-0.720664,-0.720664,0.0,MATCH,ATR-NQ,842,1776427380000
dist_cur_val_atr,-1.26694,-1.26694,0.0,MATCH,ATR-NQ,842,1776427380000
dist_cur_vpoc_atr,-1.124068,-1.124068,0.0,MATCH,ATR-NQ,842,1776427380000
dist_gex_nearest_up_atr,0.976993,0.976993,0.0,MATCH,ATR-NQ,842,1776427380000
dist_mq_call_0dte_atr,-12.133627,-12.133627,0.0,MATCH,ATR-NQ,842,1776427380000
dist_mq_call_atr,-0.703855,-0.703855,0.0,MATCH,ATR-NQ,842,1776427380000
dist_mq_hvl_atr,-10.872991,-10.872991,0.0,MATCH,ATR-NQ,842,1776427380000
dist_mq_put_0dte_atr,-2.174598,-2.174598,0.0,MATCH,ATR-NQ,842,1776427380000
dist_mq_put_atr,-21.714466,-21.714466,0.0,MATCH,ATR-NQ,842,1776427380000
dist_open_830_atr,-0.722765,-0.722765,0.0,MATCH,ATR-NQ,842,1776427380000
dist_prev_vah_atr,-0.586196,-0.586196,0.0,MATCH,ATR-NQ,842,1776427380000
dist_prev_val_atr,-2.183002,-2.183002,0.0,MATCH,ATR-NQ,842,1776427380000
dist_prev_vwap_sd1d_atr,-2.486639,-2.486639,0.0,MATCH,ATR-NQ,842,1776427380000
dist_prev_vwap_sd1u_atr,-0.919739,-0.919739,0.0,MATCH,ATR-NQ,842,1776427380000
dist_sess_high_atr,0.012606,0.012606,0.0,MATCH,ATR-NQ,842,1776427380000
dist_session_lvn_below_atr,0.189095,0.189095,0.0,MATCH,ATR-NQ,842,1776427380000
dist_swing_high_atr,-0.308856,-0.308856,0.0,MATCH,ATR-NQ,842,1776427380000
dist_vwap_d_sd1d_atr,-5.438662,-5.438662,0.0,MATCH,ATR-NQ,842,1776427380000
dist_vwap_d_sd1u_atr,-0.722978,-0.722978,0.0,MATCH,ATR-NQ,842,1776427380000
dist_vwap_d_sd2u_atr,-0.404635,-0.404635,0.0,MATCH,ATR-NQ,842,1776427380000
dist_vwap_d_sd3u_atr,-0.086275,-0.086275,0.0,MATCH,ATR-NQ,842,1776427380000
dist_comp_20d_vpoc_atr,,-20.03361697657317,,MISSING_LIVE,ATR-NQ,842,1776427380000
dist_comp_50d_vpoc_atr,,-20.03361697657317,,MISSING_LIVE,ATR-NQ,842,1776427380000
dist_cur_vwap_vp_atr,,-4.16528795041496,,MISSING_LIVE,ATR-NQ,842,1776427380000
dist_ext_edge_buy_atr,,0.010505305179115453,,MISSING_LIVE,ATR-NQ,842,1776427380000
dist_ext_edge_sell_atr,,-1.8520853030780544,,MISSING_LIVE,ATR-NQ,842,1776427380000
dist_ext_long_dn_atr,,-0.5609832965647652,,MISSING_LIVE,ATR-NQ,842,1776427380000
dist_ext_long_up_atr,,-0.06513289211051582,,MISSING_LIVE,ATR-NQ,842,1776427380000
dist_open_cash_atr,,-0.9202647336905138,,MISSING_LIVE,ATR-NQ,842,1776427380000
dist_ovn_high_atr,,-0.46433448891690304,,MISSING_LIVE,ATR-NQ,842,1776427380000
dist_ovn_low_atr,,-1.922470847778128,,MISSING_LIVE,ATR-NQ,842,1776427380000
dist_prev_vpoc_atr,,-1.7964071856287425,,MISSING_LIVE,ATR-NQ,842,1776427380000
dist_prev_vwap_atr,,-1.7035665511083098,,MISSING_LIVE,ATR-NQ,842,1776427380000
dist_vwap_w_atr,,-5.237091711314214,,MISSING_LIVE,ATR-NQ,842,1776427380000
next_wall_dist_atr,,0.9769933816577372,,MISSING_LIVE,ATR-NQ,842,1776427380000
open_gap_atr,,-0.8761424519382288,,MISSING_LIVE,ATR-NQ,842,1776427380000
ovn_range_atr,,1.458136358861225,,MISSING_LIVE,ATR-NQ,842,1776427380000
poc_bar_dist_atr,,0.0021010610358230906,,MISSING_LIVE,ATR-NQ,842,1776427380000
poc_separation_atr,,0.21430822565395524,,MISSING_LIVE,ATR-NQ,842,1776427380000
range_size_atr,,0.5462758693140036,,MISSING_LIVE,ATR-NQ,842,1776427380000
sess_range_atr,,1.9350772139930665,,MISSING_LIVE,ATR-NQ,842,1776427380000
swing_range_atr,,0.05672864796722345,,MISSING_LIVE,ATR-NQ,842,1776427380000
dist_blind_nearest_dn_atr,-0.21245340897153062,,,LIVE_ONLY,ATR-NQ,842,1776427380000
dist_gex_nearest_dn_atr,-1.5442798613299717,,,LIVE_ONLY,ATR-NQ,842,1776427380000
dist_sess_low_atr,-1.922470847778128,,,LIVE_ONLY,ATR-NQ,842,1776427380000
dist_session_hvn_below_atr,0.2836432398361172,,,LIVE_ONLY,ATR-NQ,842,1776427380000
dist_swing_low_atr,-0.3655846202332178,,,LIVE_ONLY,ATR-NQ,842,1776427380000
dist_vix_call_atr,0.015211681899359177,,,LIVE_ONLY,ATR-NQ,842,1776427380000
dist_vix_gex_nearest_dn_atr,-0.0005462758693140036,,,LIVE_ONLY,ATR-NQ,842,1776427380000
dist_vix_gex_nearest_up_atr,0.0005042546485975418,,,LIVE_ONLY,ATR-NQ,842,1776427380000
dist_vix_hvl_atr,0.007857968273978359,,,LIVE_ONLY,ATR-NQ,842,1776427380000
dist_vix_put_atr,-0.001596806387225549,,,LIVE_ONLY,ATR-NQ,842,1776427380000
dist_vwap_d_sd2d_atr,-1.678009034562454,,,LIVE_ONLY,ATR-NQ,842,1776427380000
dist_vwap_d_sd3d_atr,-1.9963691564239943,,,LIVE_ONLY,ATR-NQ,842,1776427380000
im_cross_delta_agreement_5,0.8,0.8,0.0,MATCH,IM-NQ,842,1776427380000
im_open_type_agreement,0.0,0.0,0.0,MATCH,IM-NQ,842,1776427380000
im_rolling_correlation_10,0.83591,0.83591,0.0,MATCH,IM-NQ,842,1776427380000
im_cross_delta_weighted_5,,43.4,,MISSING_LIVE,IM-NQ,842,1776427380000
im_cross_open_signal,,0.0,,MISSING_LIVE,IM-NQ,842,1776427380000
im_delta_day_divergence,,0.0,,MISSING_LIVE,IM-NQ,842,1776427380000
im_ltr_slope_diff,,-0.13726,,MISSING_LIVE,IM-NQ,842,1776427380000
im_price_ratio_slope_10,,0.0001781697160965656,,MISSING_LIVE,IM-NQ,842,1776427380000
im_smt_divergence,,0.0,,MISSING_LIVE,IM-NQ,842,1776427380000
im_volume_lead,,-67.10000000000001,,MISSING_LIVE,IM-NQ,842,1776427380000
dist_1d_max_atr,2.193344,2.193344,0.0,MATCH,ATR-NQ,804,1776425100000
dist_1d_min_atr,-3.131537,-3.131537,0.0,MATCH,ATR-NQ,804,1776425100000
dist_blind_nearest_up_atr,0.132874,0.132874,0.0,MATCH,ATR-NQ,804,1776425100000
dist_comp_20d_vah_atr,-12.293714,-12.293714,0.0,MATCH,ATR-NQ,804,1776425100000
dist_comp_20d_val_atr,-30.269414,-30.269414,0.0,MATCH,ATR-NQ,804,1776425100000
dist_comp_20d_vwap_atr,-16.435486,-16.435486,0.0,MATCH,ATR-NQ,804,1776425100000
dist_comp_50d_vah_atr,-10.780771,-10.780771,0.0,MATCH,ATR-NQ,804,1776425100000
dist_comp_50d_val_atr,-23.904913,-23.904913,0.0,MATCH,ATR-NQ,804,1776425100000
dist_comp_50d_vwap_atr,-16.327952,-16.327952,0.0,MATCH,ATR-NQ,804,1776425100000
dist_cur_vah_atr,-0.39514,-0.39514,0.0,MATCH,ATR-NQ,804,1776425100000
dist_cur_val_atr,-0.912837,-0.912837,0.0,MATCH,ATR-NQ,804,1776425100000
dist_cur_vpoc_atr,-0.783941,-0.783941,0.0,MATCH,ATR-NQ,804,1776425100000
dist_gex_nearest_up_atr,1.329107,1.329107,0.0,MATCH,ATR-NQ,804,1776425100000
dist_mq_call_0dte_atr,-11.856313,-11.856313,0.0,MATCH,ATR-NQ,804,1776425100000
dist_mq_call_atr,-0.361331,-0.361331,0.0,MATCH,ATR-NQ,804,1776425100000
dist_mq_hvl_atr,-10.588484,-10.588484,0.0,MATCH,ATR-NQ,804,1776425100000
dist_mq_put_0dte_atr,-1.840465,-1.840465,0.0,MATCH,ATR-NQ,804,1776425100000
dist_mq_put_atr,-21.491812,-21.491812,0.0,MATCH,ATR-NQ,804,1776425100000
dist_open_830_atr,-0.380349,-0.380349,0.0,MATCH,ATR-NQ,804,1776425100000
dist_prev_vah_atr,-0.243001,-0.243001,0.0,MATCH,ATR-NQ,804,1776425100000
dist_prev_val_atr,-1.848917,-1.848917,0.0,MATCH,ATR-NQ,804,1776425100000
dist_prev_vwap_sd1d_atr,-2.154285,-2.154285,0.0,MATCH,ATR-NQ,804,1776425100000
dist_prev_vwap_sd1u_atr,-0.578447,-0.578447,0.0,MATCH,ATR-NQ,804,1776425100000
dist_sess_high_atr,0.040148,0.040148,0.0,MATCH,ATR-NQ,804,1776425100000
dist_session_lvn_above_atr,0.02113,0.02113,0.0,MATCH,ATR-NQ,804,1776425100000
dist_session_lvn_below_atr,0.006339,0.006339,0.0,MATCH,ATR-NQ,804,1776425100000
dist_swing_high_atr,0.035922,0.035922,0.0,MATCH,ATR-NQ,804,1776425100000
dist_vwap_d_sd1d_atr,-4.05659,-4.05659,0.0,MATCH,ATR-NQ,804,1776425100000
dist_vwap_d_sd1u_atr,-0.427083,-0.427083,0.0,MATCH,ATR-NQ,804,1776425100000
dist_vwap_d_sd2u_atr,-0.133551,-0.133551,0.0,MATCH,ATR-NQ,804,1776425100000
dist_vwap_d_sd3u_atr,0.159981,0.159981,0.0,MATCH,ATR-NQ,804,1776425100000
dist_comp_20d_vpoc_atr,,-19.8013734812467,,MISSING_LIVE,ATR-NQ,804,1776425100000
dist_comp_50d_vpoc_atr,,-19.8013734812467,,MISSING_LIVE,ATR-NQ,804,1776425100000
dist_cur_vwap_vp_atr,,-2.8824612783940835,,MISSING_LIVE,ATR-NQ,804,1776425100000
dist_ext_edge_buy_atr,,0.0021130480718436345,,MISSING_LIVE,ATR-NQ,804,1776425100000
dist_ext_edge_sell_atr,,0.0021130480718436345,,MISSING_LIVE,ATR-NQ,804,1776425100000
dist_ext_long_dn_atr,,-0.012678288431061807,,MISSING_LIVE,ATR-NQ,804,1776425100000
dist_ext_long_up_atr,,-0.0021130480718436345,,MISSING_LIVE,ATR-NQ,804,1776425100000
dist_open_cash_atr,,-0.5789751716851559,,MISSING_LIVE,ATR-NQ,804,1776425100000
dist_ovn_high_atr,,-0.12044374009508717,,MISSING_LIVE,ATR-NQ,804,1776425100000
dist_ovn_low_atr,,-1.5868991019545695,,MISSING_LIVE,ATR-NQ,804,1776425100000
dist_prev_vpoc_atr,,-1.4601162176439515,,MISSING_LIVE,ATR-NQ,804,1776425100000
dist_prev_vwap_atr,,-1.3667459059693607,,MISSING_LIVE,ATR-NQ,804,1776425100000
dist_vwap_w_atr,,-4.934809086106709,,MISSING_LIVE,ATR-NQ,804,1776425100000
next_wall_dist_atr,,1.2065504490227152,,MISSING_LIVE,ATR-NQ,804,1776425100000
open_gap_atr,,-0.8811410459587956,,MISSING_LIVE,ATR-NQ,804,1776425100000
ovn_range_atr,,1.4664553618594822,,MISSING_LIVE,ATR-NQ,804,1776425100000
poc_bar_dist_atr,,0.0021130480718436345,,MISSING_LIVE,ATR-NQ,804,1776425100000
poc_separation_atr,,0.21553090332805072,,MISSING_LIVE,ATR-NQ,804,1776425100000
range_size_atr,,0.5176967776016904,,MISSING_LIVE,ATR-NQ,804,1776425100000
sess_range_atr,,1.6270470153195986,,MISSING_LIVE,ATR-NQ,804,1776425100000
swing_range_atr,,0.21341785525620707,,MISSING_LIVE,ATR-NQ,804,1776425100000
dist_blind_nearest_dn_atr,-0.6371334389857369,,,LIVE_ONLY,ATR-NQ,804,1776425100000
dist_gex_nearest_dn_atr,-1.2065504490227152,,,LIVE_ONLY,ATR-NQ,804,1776425100000
dist_sess_low_atr,-1.5868991019545695,,,LIVE_ONLY,ATR-NQ,804,1776425100000
dist_session_hvn_below_atr,0.03803486529318542,,,LIVE_ONLY,ATR-NQ,804,1776425100000
dist_swing_low_atr,-0.1774960380348653,,,LIVE_ONLY,ATR-NQ,804,1776425100000
dist_vix_call_atr,0.014981510829371368,,,LIVE_ONLY,ATR-NQ,804,1776425100000
dist_vix_gex_nearest_dn_atr,-0.0008663497094558901,,,LIVE_ONLY,ATR-NQ,804,1776425100000
dist_vix_gex_nearest_up_atr,0.00019017432646592709,,,LIVE_ONLY,ATR-NQ,804,1776425100000
dist_vix_hvl_atr,0.007585842577918648,,,LIVE_ONLY,ATR-NQ,804,1776425100000
dist_vix_put_atr,-0.0019228737453777073,,,LIVE_ONLY,ATR-NQ,804,1776425100000
dist_vwap_d_sd2d_atr,-1.3076796619123086,,,LIVE_ONLY,ATR-NQ,804,1776425100000
dist_vwap_d_sd3d_atr,-1.6012116217643952,,,LIVE_ONLY,ATR-NQ,804,1776425100000
im_cross_delta_agreement_5,0.6,0.6,0.0,MATCH,IM-NQ,804,1776425100000
im_open_type_agreement,0.0,0.0,0.0,MATCH,IM-NQ,804,1776425100000
im_rolling_correlation_10,0.840176,0.840176,0.0,MATCH,IM-NQ,804,1776425100000
im_cross_delta_weighted_5,,8.0,,MISSING_LIVE,IM-NQ,804,1776425100000
im_cross_open_signal,,0.0,,MISSING_LIVE,IM-NQ,804,1776425100000
im_delta_day_divergence,,0.0,,MISSING_LIVE,IM-NQ,804,1776425100000
im_ltr_slope_diff,,-0.006530000000000008,,MISSING_LIVE,IM-NQ,804,1776425100000
im_price_ratio_slope_10,,5.788380158151462e-05,,MISSING_LIVE,IM-NQ,804,1776425100000
im_smt_divergence,,0.0,,MISSING_LIVE,IM-NQ,804,1776425100000
im_volume_lead,,-33.3,,MISSING_LIVE,IM-NQ,804,1776425100000
dist_1d_max_atr,0.140749,0.140749,0.0,MATCH,ATR-NQ,1258,1776452340000
dist_1d_min_atr,-4.926207,-4.926207,0.0,MATCH,ATR-NQ,1258,1776452340000
dist_blind_nearest_up_atr,0.089272,0.089272,0.0,MATCH,ATR-NQ,1258,1776452340000
dist_comp_20d_vah_atr,-12.617123,-12.617123,0.0,MATCH,ATR-NQ,1258,1776452340000
dist_comp_20d_val_atr,-30.749588,-30.749588,0.0,MATCH,ATR-NQ,1258,1776452340000
dist_comp_20d_vwap_atr,-16.675872,-16.675872,0.0,MATCH,ATR-NQ,1258,1776452340000
dist_comp_50d_vah_atr,-11.710299,-11.710299,0.0,MATCH,ATR-NQ,1258,1776452340000
dist_comp_50d_val_atr,-24.693369,-24.693369,0.0,MATCH,ATR-NQ,1258,1776452340000
dist_comp_50d_vwap_atr,-16.860055,-16.860055,0.0,MATCH,ATR-NQ,1258,1776452340000
dist_cur_vah_atr,0.223187,0.223187,0.0,MATCH,ATR-NQ,1258,1776452340000
dist_cur_val_atr,-0.193027,-0.193027,0.0,MATCH,ATR-NQ,1258,1776452340000
dist_cur_vpoc_atr,0.122653,0.122653,0.0,MATCH,ATR-NQ,1258,1776452340000
dist_gex_nearest_up_atr,0.926931,0.926931,0.0,MATCH,ATR-NQ,1258,1776452340000
dist_ib_high_atr,-0.070374,-0.070374,0.0,MATCH,ATR-NQ,1258,1776452340000
dist_ib_low_atr,-1.248643,-1.248643,0.0,MATCH,ATR-NQ,1258,1776452340000
dist_mq_call_0dte_atr,-13.228375,-13.228375,0.0,MATCH,ATR-NQ,1258,1776452340000
dist_mq_call_atr,-2.290184,-2.290184,0.0,MATCH,ATR-NQ,1258,1776452340000
dist_mq_hvl_atr,-12.021957,-12.021957,0.0,MATCH,ATR-NQ,1258,1776452340000
dist_mq_put_0dte_atr,-3.697672,-3.697672,0.0,MATCH,ATR-NQ,1258,1776452340000
dist_mq_put_atr,-22.397153,-22.397153,0.0,MATCH,ATR-NQ,1258,1776452340000
dist_open_830_atr,-2.30828,-2.30828,0.0,MATCH,ATR-NQ,1258,1776452340000
dist_prev_vah_atr,0.792215,0.792215,0.0,MATCH,ATR-NQ,1258,1776452340000
dist_prev_val_atr,-2.473157,-2.473157,0.0,MATCH,ATR-NQ,1258,1776452340000
dist_prev_vwap_sd1d_atr,-2.533399,-2.533399,0.0,MATCH,ATR-NQ,1258,1776452340000
dist_prev_vwap_sd1u_atr,0.107635,0.107635,0.0,MATCH,ATR-NQ,1258,1776452340000
dist_sess_high_atr,0.804279,0.804279,0.0,MATCH,ATR-NQ,1258,1776452340000
dist_session_hvn_above_atr,0.052278,0.052278,0.0,MATCH,ATR-NQ,1258,1776452340000
dist_session_lvn_above_atr,0.4323,0.4323,0.0,MATCH,ATR-NQ,1258,1776452340000
dist_session_lvn_below_atr,0.207102,0.207102,0.0,MATCH,ATR-NQ,1258,1776452340000
dist_swing_high_atr,0.235252,0.235252,0.0,MATCH,ATR-NQ,1258,1776452340000
dist_vwap_d_sd1d_atr,-0.281938,-0.281938,0.0,MATCH,ATR-NQ,1258,1776452340000
dist_vwap_d_sd1u_atr,0.277335,0.277335,0.0,MATCH,ATR-NQ,1258,1776452340000
dist_vwap_d_sd2u_atr,0.451244,0.451244,0.0,MATCH,ATR-NQ,1258,1776452340000
dist_vwap_d_sd3u_atr,0.625138,0.625138,0.0,MATCH,ATR-NQ,1258,1776452340000
dist_comp_20d_vpoc_atr,,-20.78859532714039,,MISSING_LIVE,ATR-NQ,1258,1776452340000
dist_comp_50d_vpoc_atr,,-20.78859532714039,,MISSING_LIVE,ATR-NQ,1258,1776452340000
dist_cur_vwap_vp_atr,,0.4137636224715487,,MISSING_LIVE,ATR-NQ,1258,1776452340000
dist_ext_edge_buy_atr,,0.004021393815096312,,MISSING_LIVE,ATR-NQ,1258,1776452340000
dist_ext_edge_sell_atr,,0.002010696907548156,,MISSING_LIVE,ATR-NQ,1258,1776452340000
dist_ext_long_dn_atr,,0.010053484537740782,,MISSING_LIVE,ATR-NQ,1258,1776452340000
dist_ext_long_up_atr,,0.008042787630192625,,MISSING_LIVE,ATR-NQ,1258,1776452340000
dist_open_cash_atr,,-0.7761290063135883,,MISSING_LIVE,ATR-NQ,1258,1776452340000
dist_ovn_high_atr,,0.2995938392246753,,MISSING_LIVE,ATR-NQ,1258,1776452340000
dist_ovn_low_atr,,-0.2352515381831343,,MISSING_LIVE,ATR-NQ,1258,1776452340000
dist_prev_vpoc_atr,,0.44436401656814256,,MISSING_LIVE,ATR-NQ,1258,1776452340000
dist_prev_vwap_atr,,-1.2102981863513895,,MISSING_LIVE,ATR-NQ,1258,1776452340000
dist_vwap_w_atr,,-5.470163670728274,,MISSING_LIVE,ATR-NQ,1258,1776452340000
next_wall_dist_atr,,0.2794868701491937,,MISSING_LIVE,ATR-NQ,1258,1776452340000
open_gap_atr,,1.2204930228817308,,MISSING_LIVE,ATR-NQ,1258,1776452340000
ovn_range_atr,,0.5348453774078096,,MISSING_LIVE,ATR-NQ,1258,1776452340000
poc_bar_dist_atr,,0.06836369485663732,,MISSING_LIVE,ATR-NQ,1258,1776452340000
poc_separation_atr,,0.16085575260385251,,MISSING_LIVE,ATR-NQ,1258,1776452340000
range_size_atr,,0.41621425986246835,,MISSING_LIVE,ATR-NQ,1258,1776452340000
sess_range_atr,,4.260666747094543,,MISSING_LIVE,ATR-NQ,1258,1776452340000
swing_range_atr,,0.4705030763662686,,MISSING_LIVE,ATR-NQ,1258,1776452340000
dist_blind_nearest_dn_atr,-1.8199163550086461,,,LIVE_ONLY,ATR-NQ,1258,1776452340000
dist_gex_nearest_dn_atr,-0.2794868701491937,,,LIVE_ONLY,ATR-NQ,1258,1776452340000
dist_sess_low_atr,-3.4563879840752807,,,LIVE_ONLY,ATR-NQ,1258,1776452340000
dist_swing_low_atr,-0.2352515381831343,,,LIVE_ONLY,ATR-NQ,1258,1776452340000
dist_vix_call_atr,0.015019905899384726,,,LIVE_ONLY,ATR-NQ,1258,1776452340000
dist_vix_gex_nearest_dn_atr,-6.032090722644468e-05,,,LIVE_ONLY,ATR-NQ,1258,1776452340000
dist_vix_gex_nearest_up_atr,0.0009450275465476334,,,LIVE_ONLY,ATR-NQ,1258,1776452340000
dist_vix_hvl_atr,0.00798246672296618,,,LIVE_ONLY,ATR-NQ,1258,1776452340000
dist_vix_put_atr,-0.0010656693610005229,,,LIVE_ONLY,ATR-NQ,1258,1776452340000
dist_vwap_d_sd2d_atr,-0.244393975952065,,,LIVE_ONLY,ATR-NQ,1258,1776452340000
dist_vwap_d_sd3d_atr,-0.41828769051353204,,,LIVE_ONLY,ATR-NQ,1258,1776452340000
im_cross_delta_agreement_5,0.8,0.8,0.0,MATCH,IM-NQ,1258,1776452340000
im_open_type_agreement,1.0,1.0,0.0,MATCH,IM-NQ,1258,1776452340000
im_rolling_correlation_10,0.867817,0.867817,0.0,MATCH,IM-NQ,1258,1776452340000
im_cross_delta_weighted_5,,85.2,,MISSING_LIVE,IM-NQ,1258,1776452340000
im_cross_open_signal,,0.85,,MISSING_LIVE,IM-NQ,1258,1776452340000
im_delta_day_divergence,,1.0,,MISSING_LIVE,IM-NQ,1258,1776452340000
im_ltr_slope_diff,,-0.05681,,MISSING_LIVE,IM-NQ,1258,1776452340000
im_price_ratio_slope_10,,-7.039500542065369e-05,,MISSING_LIVE,IM-NQ,1258,1776452340000
im_smt_divergence,,0.0,,MISSING_LIVE,IM-NQ,1258,1776452340000
im_volume_lead,,300.4000000000001,,MISSING_LIVE,IM-NQ,1258,1776452340000
dist_1d_max_atr,2.275945,2.275945,0.0,MATCH,ATR-NQ,789,1776424200000
dist_1d_min_atr,-3.049386,-3.049386,0.0,MATCH,ATR-NQ,789,1776424200000
dist_blind_nearest_up_atr,0.215301,0.215301,0.0,MATCH,ATR-NQ,789,1776424200000
dist_comp_20d_vah_atr,-12.212337,-12.212337,0.0,MATCH,ATR-NQ,789,1776424200000
dist_comp_20d_val_atr,-30.189556,-30.189556,0.0,MATCH,ATR-NQ,789,1776424200000
dist_comp_20d_vwap_atr,-16.356242,-16.356242,0.0,MATCH,ATR-NQ,789,1776424200000
dist_comp_50d_vah_atr,-10.70138,-10.70138,0.0,MATCH,ATR-NQ,789,1776424200000
dist_comp_50d_val_atr,-23.824518,-23.824518,0.0,MATCH,ATR-NQ,789,1776424200000
dist_comp_50d_vwap_atr,-16.248352,-16.248352,0.0,MATCH,ATR-NQ,789,1776424200000
dist_cur_vah_atr,-0.312758,-0.312758,0.0,MATCH,ATR-NQ,789,1776424200000
dist_cur_val_atr,-0.828385,-0.828385,0.0,MATCH,ATR-NQ,789,1776424200000
dist_cur_vpoc_atr,-0.701591,-0.701591,0.0,MATCH,ATR-NQ,789,1776424200000
dist_gex_nearest_up_atr,1.411635,1.411635,0.0,MATCH,ATR-NQ,789,1776424200000
dist_mq_call_0dte_atr,-11.774899,-11.774899,0.0,MATCH,ATR-NQ,789,1776424200000
dist_mq_call_atr,-0.278946,-0.278946,0.0,MATCH,ATR-NQ,789,1776424200000
dist_mq_hvl_atr,-10.506963,-10.506963,0.0,MATCH,ATR-NQ,789,1776424200000
dist_mq_put_0dte_atr,-1.758205,-1.758205,0.0,MATCH,ATR-NQ,789,1776424200000
dist_mq_put_atr,-21.411213,-21.411213,0.0,MATCH,ATR-NQ,789,1776424200000
dist_open_830_atr,-0.297965,-0.297965,0.0,MATCH,ATR-NQ,789,1776424200000
dist_prev_vah_atr,-0.160605,-0.160605,0.0,MATCH,ATR-NQ,789,1776424200000
dist_prev_val_atr,-1.766658,-1.766658,0.0,MATCH,ATR-NQ,789,1776424200000
dist_prev_vwap_sd1d_atr,-2.072052,-2.072052,0.0,MATCH,ATR-NQ,789,1776424200000
dist_prev_vwap_sd1u_atr,-0.49608,-0.49608,0.0,MATCH,ATR-NQ,789,1776424200000
dist_sess_high_atr,0.118341,0.118341,0.0,MATCH,ATR-NQ,789,1776424200000
dist_session_hvn_above_atr,0.002113,0.002113,0.0,MATCH,ATR-NQ,789,1776424200000
dist_session_lvn_above_atr,0.029585,0.029585,0.0,MATCH,ATR-NQ,789,1776424200000
dist_session_lvn_below_atr,0.012679,0.012679,0.0,MATCH,ATR-NQ,789,1776424200000
dist_swing_high_atr,0.118341,0.118341,0.0,MATCH,ATR-NQ,789,1776424200000
dist_vwap_d_sd1d_atr,-3.72793,-3.72793,0.0,MATCH,ATR-NQ,789,1776424200000
dist_vwap_d_sd1u_atr,-0.350614,-0.350614,0.0,MATCH,ATR-NQ,789,1776424200000
dist_vwap_d_sd2u_atr,-0.05993,-0.05993,0.0,MATCH,ATR-NQ,789,1776424200000
dist_vwap_d_sd3u_atr,0.230771,0.230771,0.0,MATCH,ATR-NQ,789,1776424200000
dist_comp_20d_vpoc_atr,,-19.720631432133725,,MISSING_LIVE,ATR-NQ,789,1776424200000
dist_comp_50d_vpoc_atr,,-19.720631432133725,,MISSING_LIVE,ATR-NQ,789,1776424200000
dist_cur_vwap_vp_atr,,-2.5651934659030875,,MISSING_LIVE,ATR-NQ,789,1776424200000
dist_ext_edge_buy_atr,,-0.002113226685826589,,MISSING_LIVE,ATR-NQ,789,1776424200000
dist_ext_edge_sell_atr,,-0.002113226685826589,,MISSING_LIVE,ATR-NQ,789,1776424200000
dist_ext_long_dn_atr,,-0.044377760402358364,,MISSING_LIVE,ATR-NQ,789,1776424200000
dist_ext_long_up_atr,,0.004226453371653178,,MISSING_LIVE,ATR-NQ,789,1776424200000
dist_open_cash_atr,,-0.4966082711692483,,MISSING_LIVE,ATR-NQ,789,1776424200000
dist_ovn_high_atr,,-0.0380380803448786,,MISSING_LIVE,ATR-NQ,789,1776424200000
dist_ovn_low_atr,,-1.504617400308531,,MISSING_LIVE,ATR-NQ,789,1776424200000
dist_prev_vpoc_atr,,-1.377823799158936,,MISSING_LIVE,ATR-NQ,789,1776424200000
dist_prev_vwap_atr,,-1.2844455949789735,,MISSING_LIVE,ATR-NQ,789,1776424200000
dist_vwap_w_atr,,-4.855336531349718,,MISSING_LIVE,ATR-NQ,789,1776424200000
next_wall_dist_atr,,1.1242365968597452,,MISSING_LIVE,ATR-NQ,789,1776424200000
open_gap_atr,,-0.8812155279896875,,MISSING_LIVE,ATR-NQ,789,1776424200000
ovn_range_atr,,1.4665793199636525,,MISSING_LIVE,ATR-NQ,789,1776424200000
poc_bar_dist_atr,,0.006339680057479766,,MISSING_LIVE,ATR-NQ,789,1776424200000
poc_separation_atr,,0.21554912195431206,,MISSING_LIVE,ATR-NQ,789,1776424200000
range_size_atr,,0.5156273113416876,,MISSING_LIVE,ATR-NQ,789,1776424200000
sess_range_atr,,1.62295809471482,,MISSING_LIVE,ATR-NQ,789,1776424200000
swing_range_atr,,0.35079562984721374,,MISSING_LIVE,ATR-NQ,789,1776424200000
dist_blind_nearest_dn_atr,-0.5547714545339278,,,LIVE_ONLY,ATR-NQ,789,1776424200000
dist_gex_nearest_dn_atr,-1.1242365968597452,,,LIVE_ONLY,ATR-NQ,789,1776424200000
dist_sess_low_atr,-1.504617400308531,,,LIVE_ONLY,ATR-NQ,789,1776424200000
dist_session_hvn_below_atr,0.06762325394645084,,,LIVE_ONLY,ATR-NQ,789,1776424200000
dist_swing_low_atr,-0.23245493544092477,,,LIVE_ONLY,ATR-NQ,789,1776424200000
dist_vix_call_atr,0.014855983601360919,,,LIVE_ONLY,ATR-NQ,789,1776424200000
dist_vix_gex_nearest_dn_atr,-0.0009932165423384967,,,LIVE_ONLY,ATR-NQ,789,1776424200000
dist_vix_gex_nearest_up_atr,6.339680057479766e-05,,,LIVE_ONLY,ATR-NQ,789,1776424200000
dist_vix_hvl_atr,0.0074596902009678575,,,LIVE_ONLY,ATR-NQ,789,1776424200000
dist_vix_put_atr,-0.002049829885251791,,,LIVE_ONLY,ATR-NQ,789,1776424200000
dist_vwap_d_sd2d_atr,-1.2226666807548445,,,LIVE_ONLY,ATR-NQ,789,1776424200000
dist_vwap_d_sd3d_atr,-1.5133674267238646,,,LIVE_ONLY,ATR-NQ,789,1776424200000
im_cross_delta_agreement_5,0.6,0.6,0.0,MATCH,IM-NQ,789,1776424200000
im_open_type_agreement,0.0,0.0,0.0,MATCH,IM-NQ,789,1776424200000
im_rolling_correlation_10,0.902421,0.902421,0.0,MATCH,IM-NQ,789,1776424200000
im_cross_delta_weighted_5,,17.6,,MISSING_LIVE,IM-NQ,789,1776424200000
im_cross_open_signal,,0.0,,MISSING_LIVE,IM-NQ,789,1776424200000
im_delta_day_divergence,,0.0,,MISSING_LIVE,IM-NQ,789,1776424200000
im_ltr_slope_diff,,-0.07710999999999987,,MISSING_LIVE,IM-NQ,789,1776424200000
im_price_ratio_slope_10,,-2.765917369025586e-05,,MISSING_LIVE,IM-NQ,789,1776424200000
im_smt_divergence,,0.0,,MISSING_LIVE,IM-NQ,789,1776424200000
im_volume_lead,,-10.2,,MISSING_LIVE,IM-NQ,789,1776424200000
dist_1d_max_atr,-0.064342,-0.064342,0.0,MATCH,ATR-NQ,1304,1776455099000
dist_1d_min_atr,-5.131299,-5.131299,0.0,MATCH,ATR-NQ,1304,1776455099000
dist_blind_nearest_up_atr,2.049136,2.049136,0.0,MATCH,ATR-NQ,1304,1776455099000
dist_comp_20d_vah_atr,-12.788032,-12.788032,0.0,MATCH,ATR-NQ,1304,1776455099000
dist_comp_20d_val_atr,-30.954679,-30.954679,0.0,MATCH,ATR-NQ,1304,1776455099000
dist_comp_20d_vwap_atr,-16.830633,-16.830633,0.0,MATCH,ATR-NQ,1304,1776455099000
dist_comp_50d_vah_atr,-11.877187,-11.877187,0.0,MATCH,ATR-NQ,1304,1776455099000
dist_comp_50d_val_atr,-24.89846,-24.89846,0.0,MATCH,ATR-NQ,1304,1776455099000
dist_comp_50d_vwap_atr,-17.025733,-17.025733,0.0,MATCH,ATR-NQ,1304,1776455099000
dist_cur_vah_atr,0.010053,0.010053,0.0,MATCH,ATR-NQ,1304,1776455099000
dist_cur_val_atr,-0.380022,-0.380022,0.0,MATCH,ATR-NQ,1304,1776455099000
dist_cur_vpoc_atr,-0.082439,-0.082439,0.0,MATCH,ATR-NQ,1304,1776455099000
dist_gex_nearest_up_atr,0.72184,0.72184,0.0,MATCH,ATR-NQ,1304,1776455099000
dist_ib_high_atr,-0.275465,-0.275465,0.0,MATCH,ATR-NQ,1304,1776455099000
dist_ib_low_atr,-1.453734,-1.453734,0.0,MATCH,ATR-NQ,1304,1776455099000
dist_mq_call_0dte_atr,-13.433466,-13.433466,0.0,MATCH,ATR-NQ,1304,1776455099000
dist_mq_call_atr,-2.495275,-2.495275,0.0,MATCH,ATR-NQ,1304,1776455099000
dist_mq_hvl_atr,-12.227048,-12.227048,0.0,MATCH,ATR-NQ,1304,1776455099000
dist_mq_put_0dte_atr,-3.902763,-3.902763,0.0,MATCH,ATR-NQ,1304,1776455099000
dist_mq_put_atr,-22.602244,-22.602244,0.0,MATCH,ATR-NQ,1304,1776455099000
dist_open_830_atr,-2.513371,-2.513371,0.0,MATCH,ATR-NQ,1304,1776455099000
dist_prev_vah_atr,0.587123,0.587123,0.0,MATCH,ATR-NQ,1304,1776455099000
dist_prev_val_atr,-2.678248,-2.678248,0.0,MATCH,ATR-NQ,1304,1776455099000
dist_prev_vwap_sd1d_atr,-2.738491,-2.738491,0.0,MATCH,ATR-NQ,1304,1776455099000
dist_prev_vwap_sd1u_atr,-0.097456,-0.097456,0.0,MATCH,ATR-NQ,1304,1776455099000
dist_sess_high_atr,0.599188,0.599188,0.0,MATCH,ATR-NQ,1304,1776455099000
dist_session_hvn_above_atr,0.022118,0.022118,0.0,MATCH,ATR-NQ,1304,1776455099000
dist_session_lvn_above_atr,0.152813,0.152813,0.0,MATCH,ATR-NQ,1304,1776455099000
dist_session_lvn_below_atr,0.412193,0.412193,0.0,MATCH,ATR-NQ,1304,1776455099000
dist_swing_high_atr,0.03016,0.03016,0.0,MATCH,ATR-NQ,1304,1776455099000
dist_vwap_d_sd1d_atr,-1.169346,-1.169346,0.0,MATCH,ATR-NQ,1304,1776455099000
dist_vwap_d_sd1u_atr,0.068709,0.068709,0.0,MATCH,ATR-NQ,1304,1776455099000
dist_vwap_d_sd2u_atr,0.249232,0.249232,0.0,MATCH,ATR-NQ,1304,1776455099000
dist_vwap_d_sd3u_atr,0.429755,0.429755,0.0,MATCH,ATR-NQ,1304,1776455099000
dist_comp_20d_vpoc_atr,,-20.9936864117103,,MISSING_LIVE,ATR-NQ,1304,1776455099000
dist_comp_50d_vpoc_atr,,-20.9936864117103,,MISSING_LIVE,ATR-NQ,1304,1776455099000
dist_cur_vwap_vp_atr,,-0.44725459444243376,,MISSING_LIVE,ATR-NQ,1304,1776455099000
dist_ext_edge_buy_atr,,-3.8012225037197895,,MISSING_LIVE,ATR-NQ,1304,1776455099000
dist_ext_edge_sell_atr,,0.052278119596252066,,MISSING_LIVE,ATR-NQ,1304,1776455099000
dist_ext_long_dn_atr,,-0.19503760003217116,,MISSING_LIVE,ATR-NQ,1304,1776455099000
dist_ext_long_up_atr,,-0.18096272167933405,,MISSING_LIVE,ATR-NQ,1304,1776455099000
dist_open_cash_atr,,-0.9812200908835003,,MISSING_LIVE,ATR-NQ,1304,1776455099000
dist_ovn_high_atr,,0.14477017734346725,,MISSING_LIVE,ATR-NQ,1304,1776455099000
dist_ovn_low_atr,,-0.44034262275304625,,MISSING_LIVE,ATR-NQ,1304,1776455099000
dist_prev_vpoc_atr,,0.2392729319982306,,MISSING_LIVE,ATR-NQ,1304,1776455099000
dist_prev_vwap_atr,,-1.4153892709213014,,MISSING_LIVE,ATR-NQ,1304,1776455099000
dist_vwap_w_atr,,-5.611682350102546,,MISSING_LIVE,ATR-NQ,1304,1776455099000
next_wall_dist_atr,,0.48457795471910564,,MISSING_LIVE,ATR-NQ,1304,1776455099000
open_gap_atr,,1.2204930228817308,,MISSING_LIVE,ATR-NQ,1304,1776455099000
ovn_range_atr,,0.5851128000965135,,MISSING_LIVE,ATR-NQ,1304,1776455099000
poc_bar_dist_atr,,0.030160453613222345,,MISSING_LIVE,ATR-NQ,1304,1776455099000
poc_separation_atr,,0.16085575260385251,,MISSING_LIVE,ATR-NQ,1304,1776455099000
range_size_atr,,0.3900752000643423,,MISSING_LIVE,ATR-NQ,1304,1776455099000
sess_range_atr,,4.260666747094543,,MISSING_LIVE,ATR-NQ,1304,1776455099000
swing_range_atr,,0.32372220211525315,,MISSING_LIVE,ATR-NQ,1304,1776455099000
dist_blind_nearest_dn_atr,-0.11581935898982587,,,LIVE_ONLY,ATR-NQ,1304,1776455099000
dist_gex_nearest_dn_atr,-0.48457795471910564,,,LIVE_ONLY,ATR-NQ,1304,1776455099000
dist_sess_low_atr,-3.6614790686451926,,,LIVE_ONLY,ATR-NQ,1304,1776455099000
dist_session_hvn_below_atr,0.002010696907548156,,,LIVE_ONLY,ATR-NQ,1304,1776455099000
dist_swing_low_atr,-0.2935617485020308,,,LIVE_ONLY,ATR-NQ,1304,1776455099000
dist_vix_call_atr,0.015120440744762135,,,LIVE_ONLY,ATR-NQ,1304,1776455099000
dist_vix_gex_nearest_dn_atr,-0.004986528330719427,,,LIVE_ONLY,ATR-NQ,1304,1776455099000
dist_vix_gex_nearest_up_atr,4.021393815096313e-05,,,LIVE_ONLY,ATR-NQ,1304,1776455099000
dist_vix_hvl_atr,0.008083001568343587,,,LIVE_ONLY,ATR-NQ,1304,1776455099000
dist_vix_put_atr,-0.0009651345156231149,,,LIVE_ONLY,ATR-NQ,1304,1776455099000
dist_vwap_d_sd2d_atr,-0.47285941207222426,,,LIVE_ONLY,ATR-NQ,1304,1776455099000
dist_vwap_d_sd3d_atr,-0.6533821932681868,,,LIVE_ONLY,ATR-NQ,1304,1776455099000
im_cross_delta_agreement_5,1.0,1.0,0.0,MATCH,IM-NQ,1304,1776455099000
im_open_type_agreement,1.0,1.0,0.0,MATCH,IM-NQ,1304,1776455099000
im_rolling_correlation_10,0.981745,0.981745,0.0,MATCH,IM-NQ,1304,1776455099000
im_cross_delta_weighted_5,,90.2,,MISSING_LIVE,IM-NQ,1304,1776455099000
im_cross_open_signal,,0.85,,MISSING_LIVE,IM-NQ,1304,1776455099000
im_delta_day_divergence,,1.0,,MISSING_LIVE,IM-NQ,1304,1776455099000
im_ltr_slope_diff,,0.002599999999999991,,MISSING_LIVE,IM-NQ,1304,1776455099000
im_price_ratio_slope_10,,8.464264403165302e-05,,MISSING_LIVE,IM-NQ,1304,1776455099000
im_smt_divergence,,0.0,,MISSING_LIVE,IM-NQ,1304,1776455099000
im_volume_lead,,-152.6,,MISSING_LIVE,IM-NQ,1304,1776455099000
dist_1d_max_atr,-0.554952,-0.554952,0.0,MATCH,ATR-NQ,1132,1776444780000
dist_1d_min_atr,-5.621909,-5.621909,0.0,MATCH,ATR-NQ,1132,1776444780000
dist_blind_nearest_up_atr,1.558526,1.558526,0.0,MATCH,ATR-NQ,1132,1776444780000
dist_comp_20d_vah_atr,-13.823541,-13.823541,0.0,MATCH,ATR-NQ,1132,1776444780000
dist_comp_20d_val_atr,-31.445289,-31.445289,0.0,MATCH,ATR-NQ,1132,1776444780000
dist_comp_20d_vwap_atr,-17.716753,-17.716753,0.0,MATCH,ATR-NQ,1132,1776444780000
dist_comp_50d_vah_atr,-12.538706,-12.538706,0.0,MATCH,ATR-NQ,1132,1776444780000
dist_comp_50d_val_atr,-25.38907,-25.38907,0.0,MATCH,ATR-NQ,1132,1776444780000
dist_comp_50d_vwap_atr,-17.722408,-17.722408,0.0,MATCH,ATR-NQ,1132,1776444780000
dist_cur_vah_atr,0.096513,0.096513,0.0,MATCH,ATR-NQ,1132,1776444780000
dist_cur_val_atr,-3.170869,-3.170869,0.0,MATCH,ATR-NQ,1132,1776444780000
dist_cur_vpoc_atr,-0.251337,-0.251337,0.0,MATCH,ATR-NQ,1132,1776444780000
dist_gex_nearest_up_atr,0.23123,0.23123,0.0,MATCH,ATR-NQ,1132,1776444780000
dist_ib_high_atr,-0.766076,-0.766076,0.0,MATCH,ATR-NQ,1132,1776444780000
dist_ib_low_atr,-1.944344,-1.944344,0.0,MATCH,ATR-NQ,1132,1776444780000
dist_mq_call_0dte_atr,-13.924076,-13.924076,0.0,MATCH,ATR-NQ,1132,1776444780000
dist_mq_call_atr,-2.985885,-2.985885,0.0,MATCH,ATR-NQ,1132,1776444780000
dist_mq_hvl_atr,-12.717658,-12.717658,0.0,MATCH,ATR-NQ,1132,1776444780000
dist_mq_put_0dte_atr,-4.393373,-4.393373,0.0,MATCH,ATR-NQ,1132,1776444780000
dist_mq_put_atr,-23.092854,-23.092854,0.0,MATCH,ATR-NQ,1132,1776444780000
dist_open_830_atr,-3.003981,-3.003981,0.0,MATCH,ATR-NQ,1132,1776444780000
dist_prev_vah_atr,-2.873286,-2.873286,0.0,MATCH,ATR-NQ,1132,1776444780000
dist_prev_val_atr,-4.401416,-4.401416,0.0,MATCH,ATR-NQ,1132,1776444780000
dist_prev_vwap_sd1d_atr,-4.691993,-4.691993,0.0,MATCH,ATR-NQ,1132,1776444780000
dist_prev_vwap_sd1u_atr,-3.192484,-3.192484,0.0,MATCH,ATR-NQ,1132,1776444780000
dist_sess_high_atr,0.108578,0.108578,0.0,MATCH,ATR-NQ,1132,1776444780000
dist_session_hvn_above_atr,0.014075,0.014075,0.0,MATCH,ATR-NQ,1132,1776444780000
dist_session_lvn_above_atr,0.072385,0.072385,0.0,MATCH,ATR-NQ,1132,1776444780000
dist_session_lvn_below_atr,0.725862,0.725862,0.0,MATCH,ATR-NQ,1132,1776444780000
dist_swing_high_atr,0.108578,0.108578,0.0,MATCH,ATR-NQ,1132,1776444780000
dist_vwap_d_sd1d_atr,-12.987782,-12.987782,0.0,MATCH,ATR-NQ,1132,1776444780000
dist_vwap_d_sd1u_atr,-0.58516,-0.58516,0.0,MATCH,ATR-NQ,1132,1776444780000
dist_vwap_d_sd2u_atr,0.745733,0.745733,0.0,MATCH,ATR-NQ,1132,1776444780000
dist_vwap_d_sd3u_atr,2.076626,2.076626,0.0,MATCH,ATR-NQ,1132,1776444780000
dist_comp_20d_vpoc_atr,,-21.48429645715205,,MISSING_LIVE,ATR-NQ,1132,1776444780000
dist_comp_50d_vpoc_atr,,-21.48429645715205,,MISSING_LIVE,ATR-NQ,1132,1776444780000
dist_cur_vwap_vp_atr,,-7.66421120360317,,MISSING_LIVE,ATR-NQ,1132,1776444780000
dist_ext_edge_buy_atr,,-0.004021393815096312,,MISSING_LIVE,ATR-NQ,1132,1776444780000
dist_ext_edge_sell_atr,,-0.018096272167933407,,MISSING_LIVE,ATR-NQ,1132,1776444780000
dist_ext_long_dn_atr,,-0.6856476454739213,,MISSING_LIVE,ATR-NQ,1132,1776444780000
dist_ext_long_up_atr,,-0.6715727671210842,,MISSING_LIVE,ATR-NQ,1132,1776444780000
dist_open_cash_atr,,-1.4718301363252504,,MISSING_LIVE,ATR-NQ,1132,1776444780000
dist_ovn_high_atr,,-2.7566654602485223,,MISSING_LIVE,ATR-NQ,1132,1776444780000
dist_ovn_low_atr,,-4.152089114086943,,MISSING_LIVE,ATR-NQ,1132,1776444780000
dist_prev_vpoc_atr,,-4.031447299634054,,MISSING_LIVE,ATR-NQ,1132,1776444780000
dist_prev_vwap_atr,,-3.9425996300317694,,MISSING_LIVE,ATR-NQ,1132,1776444780000
dist_vwap_w_atr,,-6.451839385531025,,MISSING_LIVE,ATR-NQ,1132,1776444780000
next_wall_dist_atr,,0.23123014436803796,,MISSING_LIVE,ATR-NQ,1132,1776444780000
open_gap_atr,,-2.559617163308803,,MISSING_LIVE,ATR-NQ,1132,1776444780000
ovn_range_atr,,1.3954236538384204,,MISSING_LIVE,ATR-NQ,1132,1776444780000
poc_bar_dist_atr,,0.0462460288736076,,MISSING_LIVE,ATR-NQ,1132,1776444780000
poc_separation_atr,,3.136687175775124,,MISSING_LIVE,ATR-NQ,1132,1776444780000
range_size_atr,,3.267382474765754,,MISSING_LIVE,ATR-NQ,1132,1776444780000
sess_range_atr,,4.260666747094543,,MISSING_LIVE,ATR-NQ,1132,1776444780000
swing_range_atr,,0.19503760003217116,,MISSING_LIVE,ATR-NQ,1132,1776444780000
dist_blind_nearest_dn_atr,-0.606429404431576,,,LIVE_ONLY,ATR-NQ,1132,1776444780000
dist_gex_nearest_dn_atr,-0.9751880001608558,,,LIVE_ONLY,ATR-NQ,1132,1776444780000
dist_sess_low_atr,-4.152089114086943,,,LIVE_ONLY,ATR-NQ,1132,1776444780000
dist_swing_low_atr,-0.08645996702457072,,,LIVE_ONLY,ATR-NQ,1132,1776444780000
dist_vix_call_atr,0.015140547713837618,,,LIVE_ONLY,ATR-NQ,1132,1776444780000
dist_vix_gex_nearest_dn_atr,-0.004966421361643946,,,LIVE_ONLY,ATR-NQ,1132,1776444780000
dist_vix_gex_nearest_up_atr,6.032090722644468e-05,,,LIVE_ONLY,ATR-NQ,1132,1776444780000
dist_vix_hvl_atr,0.00810310853741907,,,LIVE_ONLY,ATR-NQ,1132,1776444780000
dist_vix_put_atr,-0.0009450275465476334,,,LIVE_ONLY,ATR-NQ,1132,1776444780000
dist_vwap_d_sd2d_atr,-4.577838500824386,,,LIVE_ONLY,ATR-NQ,1132,1776444780000
dist_vwap_d_sd3d_atr,-5.908731250251337,,,LIVE_ONLY,ATR-NQ,1132,1776444780000
im_cross_delta_agreement_5,0.6,0.6,0.0,MATCH,IM-NQ,1132,1776444780000
im_open_type_agreement,0.0,0.0,0.0,MATCH,IM-NQ,1132,1776444780000
im_rolling_correlation_10,0.84108,0.84108,0.0,MATCH,IM-NQ,1132,1776444780000
im_cross_delta_weighted_5,,33.6,,MISSING_LIVE,IM-NQ,1132,1776444780000
im_cross_open_signal,,0.0,,MISSING_LIVE,IM-NQ,1132,1776444780000
im_delta_day_divergence,,-1.0,,MISSING_LIVE,IM-NQ,1132,1776444780000
im_ltr_slope_diff,,0.012820000000000019,,MISSING_LIVE,IM-NQ,1132,1776444780000
im_price_ratio_slope_10,,-7.185989577215582e-05,,MISSING_LIVE,IM-NQ,1132,1776444780000
im_smt_divergence,,0.0,,MISSING_LIVE,IM-NQ,1132,1776444780000
im_volume_lead,,-29.199999999999996,,MISSING_LIVE,IM-NQ,1132,1776444780000
dist_1d_max_atr,2.185076,2.185076,0.0,MATCH,ATR-NQ,732,1776420779000
dist_1d_min_atr,-3.140255,-3.140255,0.0,MATCH,ATR-NQ,732,1776420779000
dist_blind_nearest_up_atr,0.124433,0.124433,0.0,MATCH,ATR-NQ,732,1776420779000
dist_comp_20d_vah_atr,-12.307432,-12.307432,0.0,MATCH,ATR-NQ,732,1776420779000
dist_comp_20d_val_atr,-30.280425,-30.280425,0.0,MATCH,ATR-NQ,732,1776420779000
dist_comp_20d_vwap_atr,-16.455234,-16.455234,0.0,MATCH,ATR-NQ,732,1776420779000
dist_comp_50d_vah_atr,-10.798588,-10.798588,0.0,MATCH,ATR-NQ,732,1776420779000
dist_comp_50d_val_atr,-23.915386,-23.915386,0.0,MATCH,ATR-NQ,732,1776420779000
dist_comp_50d_vwap_atr,-16.345742,-16.345742,0.0,MATCH,ATR-NQ,732,1776420779000
dist_cur_vah_atr,-0.403626,-0.403626,0.0,MATCH,ATR-NQ,732,1776420779000
dist_cur_val_atr,-0.900235,-0.900235,0.0,MATCH,ATR-NQ,732,1776420779000
dist_cur_vpoc_atr,-0.79246,-0.79246,0.0,MATCH,ATR-NQ,732,1776420779000
dist_gex_nearest_up_atr,1.320767,1.320767,0.0,MATCH,ATR-NQ,732,1776420779000
dist_mq_call_0dte_atr,-11.865768,-11.865768,0.0,MATCH,ATR-NQ,732,1776420779000
dist_mq_call_atr,-0.369815,-0.369815,0.0,MATCH,ATR-NQ,732,1776420779000
dist_mq_hvl_atr,-10.597832,-10.597832,0.0,MATCH,ATR-NQ,732,1776420779000
dist_mq_put_0dte_atr,-1.849073,-1.849073,0.0,MATCH,ATR-NQ,732,1776420779000
dist_mq_put_atr,-21.502082,-21.502082,0.0,MATCH,ATR-NQ,732,1776420779000
dist_open_830_atr,-0.388834,-0.388834,0.0,MATCH,ATR-NQ,732,1776420779000
dist_prev_vah_atr,-0.251474,-0.251474,0.0,MATCH,ATR-NQ,732,1776420779000
dist_prev_val_atr,-1.857526,-1.857526,0.0,MATCH,ATR-NQ,732,1776420779000
dist_prev_vwap_sd1d_atr,-2.16292,-2.16292,0.0,MATCH,ATR-NQ,732,1776420779000
dist_prev_vwap_sd1u_atr,-0.586949,-0.586949,0.0,MATCH,ATR-NQ,732,1776420779000
dist_sess_high_atr,0.027472,0.027472,0.0,MATCH,ATR-NQ,732,1776420779000
dist_session_lvn_below_atr,0.029585,0.029585,0.0,MATCH,ATR-NQ,732,1776420779000
dist_swing_high_atr,-0.128907,-0.128907,0.0,MATCH,ATR-NQ,732,1776420779000
dist_vwap_d_sd1d_atr,-4.104217,-4.104217,0.0,MATCH,ATR-NQ,732,1776420779000
dist_vwap_d_sd1u_atr,-0.461624,-0.461624,0.0,MATCH,ATR-NQ,732,1776420779000
dist_vwap_d_sd2u_atr,-0.17941,-0.17941,0.0,MATCH,ATR-NQ,732,1776420779000
dist_vwap_d_sd3u_atr,0.102805,0.102805,0.0,MATCH,ATR-NQ,732,1776420779000
dist_comp_20d_vpoc_atr,,-19.811500179624268,,MISSING_LIVE,ATR-NQ,732,1776420779000
dist_comp_50d_vpoc_atr,,-19.811500179624268,,MISSING_LIVE,ATR-NQ,732,1776420779000
dist_cur_vwap_vp_atr,,-2.975291308298641,,MISSING_LIVE,ATR-NQ,732,1776420779000
dist_ext_edge_buy_atr,,-0.004226453371653178,,MISSING_LIVE,ATR-NQ,732,1776420779000
dist_ext_edge_sell_atr,,-0.014792586800786121,,MISSING_LIVE,ATR-NQ,732,1776420779000
dist_ext_long_dn_atr,,-0.021132266858265886,,MISSING_LIVE,ATR-NQ,732,1776420779000
dist_ext_long_up_atr,,-0.010566133429132943,,MISSING_LIVE,ATR-NQ,732,1776420779000
dist_open_cash_atr,,-0.5874770186597916,,MISSING_LIVE,ATR-NQ,732,1776420779000
dist_ovn_high_atr,,-0.1289068278354219,,MISSING_LIVE,ATR-NQ,732,1776420779000
dist_ovn_low_atr,,-1.5954861477990745,,MISSING_LIVE,ATR-NQ,732,1776420779000
dist_prev_vpoc_atr,,-1.4686925466494791,,MISSING_LIVE,ATR-NQ,732,1776420779000
dist_prev_vwap_atr,,-1.3753143424695167,,MISSING_LIVE,ATR-NQ,732,1776420779000
dist_vwap_w_atr,,-4.957497728281313,,MISSING_LIVE,ATR-NQ,732,1776420779000
next_wall_dist_atr,,1.2151053443502886,,MISSING_LIVE,ATR-NQ,732,1776420779000
open_gap_atr,,-0.8812155279896875,,MISSING_LIVE,ATR-NQ,732,1776420779000
ovn_range_atr,,1.4665793199636525,,MISSING_LIVE,ATR-NQ,732,1776420779000
poc_bar_dist_atr,,0.03169840028739883,,MISSING_LIVE,ATR-NQ,732,1776420779000
poc_separation_atr,,0.21554912195431206,,MISSING_LIVE,ATR-NQ,732,1776420779000
range_size_atr,,0.4966082711692483,,MISSING_LIVE,ATR-NQ,732,1776420779000
sess_range_atr,,1.62295809471482,,MISSING_LIVE,ATR-NQ,732,1776420779000
swing_range_atr,,0.1669449081803005,,MISSING_LIVE,ATR-NQ,732,1776420779000
dist_blind_nearest_dn_atr,-0.6456402020244711,,,LIVE_ONLY,ATR-NQ,732,1776420779000
dist_gex_nearest_dn_atr,-1.2151053443502886,,,LIVE_ONLY,ATR-NQ,732,1776420779000
dist_sess_low_atr,-1.5954861477990745,,,LIVE_ONLY,ATR-NQ,732,1776420779000
dist_session_hvn_below_atr,0.21554912195431206,,,LIVE_ONLY,ATR-NQ,732,1776420779000
dist_swing_low_atr,-0.2958517360157224,,,LIVE_ONLY,ATR-NQ,732,1776420779000
dist_vix_call_atr,0.014708057733353057,,,LIVE_ONLY,ATR-NQ,732,1776420779000
dist_vix_gex_nearest_dn_atr,-8.452906743306354e-05,,,LIVE_ONLY,ATR-NQ,732,1776420779000
dist_vix_gex_nearest_up_atr,0.002028697618393525,,,LIVE_ONLY,ATR-NQ,732,1776420779000
dist_vix_hvl_atr,0.0073117643329599965,,,LIVE_ONLY,ATR-NQ,732,1776420779000
dist_vix_put_atr,-0.002197755753259652,,,LIVE_ONLY,ATR-NQ,732,1776420779000
dist_vwap_d_sd2d_atr,-1.308268844698971,,,LIVE_ONLY,ATR-NQ,732,1776420779000
dist_vwap_d_sd3d_atr,-1.5904837175883857,,,LIVE_ONLY,ATR-NQ,732,1776420779000
im_cross_delta_agreement_5,0.6,0.6,0.0,MATCH,IM-NQ,732,1776420779000
im_open_type_agreement,0.0,0.0,0.0,MATCH,IM-NQ,732,1776420779000
im_rolling_correlation_10,0.823667,0.823667,1e-08,MATCH,IM-NQ,732,1776420779000
im_cross_delta_weighted_5,,18.6,,MISSING_LIVE,IM-NQ,732,1776420779000
im_cross_open_signal,,0.0,,MISSING_LIVE,IM-NQ,732,1776420779000
im_delta_day_divergence,,0.0,,MISSING_LIVE,IM-NQ,732,1776420779000
im_ltr_slope_diff,,-0.18526999999999996,,MISSING_LIVE,IM-NQ,732,1776420779000
im_price_ratio_slope_10,,2.473693554214202e-05,,MISSING_LIVE,IM-NQ,732,1776420779000
im_smt_divergence,,0.0,,MISSING_LIVE,IM-NQ,732,1776420779000
im_volume_lead,,-100.9,,MISSING_LIVE,IM-NQ,732,1776420779000
dist_1d_max_atr,2.229784,2.229784,0.0,MATCH,ATR-NQ,730,1776420660000
dist_1d_min_atr,-3.096335,-3.096335,0.0,MATCH,ATR-NQ,730,1776420660000
dist_blind_nearest_up_atr,0.168835,0.168835,0.0,MATCH,ATR-NQ,730,1776420660000
dist_comp_20d_vah_atr,-12.264869,-12.264869,0.0,MATCH,ATR-NQ,730,1776420660000
dist_comp_20d_val_atr,-30.240521,-30.240521,0.0,MATCH,ATR-NQ,730,1776420660000
dist_comp_20d_vwap_atr,-16.413713,-16.413713,0.0,MATCH,ATR-NQ,730,1776420660000
dist_comp_50d_vah_atr,-10.755802,-10.755802,0.0,MATCH,ATR-NQ,730,1776420660000
dist_comp_50d_val_atr,-23.87454,-23.87454,0.0,MATCH,ATR-NQ,730,1776420660000
dist_comp_50d_vwap_atr,-16.304123,-16.304123,0.0,MATCH,ATR-NQ,730,1776420660000
dist_cur_vah_atr,-0.359302,-0.359302,0.0,MATCH,ATR-NQ,730,1776420660000
dist_cur_val_atr,-0.855983,-0.855983,0.0,MATCH,ATR-NQ,730,1776420660000
dist_cur_vpoc_atr,-0.748193,-0.748193,0.0,MATCH,ATR-NQ,730,1776420660000
dist_gex_nearest_up_atr,1.365346,1.365346,0.0,MATCH,ATR-NQ,730,1776420660000
dist_mq_call_0dte_atr,-11.823139,-11.823139,0.0,MATCH,ATR-NQ,730,1776420660000
dist_mq_call_atr,-0.325485,-0.325485,0.0,MATCH,ATR-NQ,730,1776420660000
dist_mq_hvl_atr,-10.555015,-10.555015,0.0,MATCH,ATR-NQ,730,1776420660000
dist_mq_put_0dte_atr,-1.804963,-1.804963,0.0,MATCH,ATR-NQ,730,1776420660000
dist_mq_put_atr,-21.460878,-21.460878,0.0,MATCH,ATR-NQ,730,1776420660000
dist_open_830_atr,-0.344507,-0.344507,0.0,MATCH,ATR-NQ,730,1776420660000
dist_prev_vah_atr,-0.207127,-0.207127,0.0,MATCH,ATR-NQ,730,1776420660000
dist_prev_val_atr,-1.813417,-1.813417,0.0,MATCH,ATR-NQ,730,1776420660000
dist_prev_vwap_sd1d_atr,-2.118856,-2.118856,0.0,MATCH,ATR-NQ,730,1776420660000
dist_prev_vwap_sd1u_atr,-0.542651,-0.542651,0.0,MATCH,ATR-NQ,730,1776420660000
dist_sess_high_atr,0.063406,0.063406,0.0,MATCH,ATR-NQ,730,1776420660000
dist_session_lvn_above_atr,0.019022,0.019022,0.0,MATCH,ATR-NQ,730,1776420660000
dist_session_lvn_below_atr,0.006341,0.006341,0.0,MATCH,ATR-NQ,730,1776420660000
dist_swing_high_atr,-0.084542,-0.084542,0.0,MATCH,ATR-NQ,730,1776420660000
dist_vwap_d_sd1d_atr,-3.923852,-3.923852,0.0,MATCH,ATR-NQ,730,1776420660000
dist_vwap_d_sd1u_atr,-0.419686,-0.419686,0.0,MATCH,ATR-NQ,730,1776420660000
dist_vwap_d_sd2u_atr,-0.139064,-0.139064,0.0,MATCH,ATR-NQ,730,1776420660000
dist_vwap_d_sd3u_atr,0.141574,0.141574,0.0,MATCH,ATR-NQ,730,1776420660000
dist_comp_20d_vpoc_atr,,-19.770046920573193,,MISSING_LIVE,ATR-NQ,730,1776420660000
dist_comp_50d_vpoc_atr,,-19.770046920573193,,MISSING_LIVE,ATR-NQ,730,1776420660000
dist_cur_vwap_vp_atr,,-2.801232616138986,,MISSING_LIVE,ATR-NQ,730,1776420660000
dist_ext_edge_buy_atr,,-0.004227078665933973,,MISSING_LIVE,ATR-NQ,730,1776420660000
dist_ext_edge_sell_atr,,-0.004227078665933973,,MISSING_LIVE,ATR-NQ,730,1776420660000
dist_ext_long_dn_atr,,0.02324893266263685,,MISSING_LIVE,ATR-NQ,730,1776420660000
dist_ext_long_up_atr,,0.03381662932747179,,MISSING_LIVE,ATR-NQ,730,1776420660000
dist_open_cash_atr,,-0.5431796085725156,,MISSING_LIVE,ATR-NQ,730,1776420660000
dist_ovn_high_atr,,-0.08454157331867947,,MISSING_LIVE,ATR-NQ,730,1776420660000
dist_ovn_low_atr,,-1.551337870397768,,MISSING_LIVE,ATR-NQ,730,1776420660000
dist_prev_vpoc_atr,,-1.424525510419749,,MISSING_LIVE,ATR-NQ,730,1776420660000
dist_prev_vwap_atr,,-1.3311334911442703,,MISSING_LIVE,ATR-NQ,730,1776420660000
dist_vwap_w_atr,,-4.914457877161094,,MISSING_LIVE,ATR-NQ,730,1776420660000
next_wall_dist_atr,,1.1709007904637105,,MISSING_LIVE,ATR-NQ,730,1776420660000
open_gap_atr,,-0.8813459018472334,,MISSING_LIVE,ATR-NQ,730,1776420660000
ovn_range_atr,,1.4667962970790887,,MISSING_LIVE,ATR-NQ,730,1776420660000
poc_bar_dist_atr,,0.010567696664834933,,MISSING_LIVE,ATR-NQ,730,1776420660000
poc_separation_atr,,0.21558101196263263,,MISSING_LIVE,ATR-NQ,730,1776420660000
range_size_atr,,0.49668174324724185,,MISSING_LIVE,ATR-NQ,730,1776420660000
sess_range_atr,,1.6147440503867778,,MISSING_LIVE,ATR-NQ,730,1776420660000
swing_range_atr,,0.16696960730439195,,MISSING_LIVE,ATR-NQ,730,1776420660000
dist_blind_nearest_dn_atr,-0.601351397049499,,,LIVE_ONLY,ATR-NQ,730,1776420660000
dist_gex_nearest_dn_atr,-1.1709007904637105,,,LIVE_ONLY,ATR-NQ,730,1776420660000
dist_sess_low_atr,-1.551337870397768,,,LIVE_ONLY,ATR-NQ,730,1776420660000
dist_session_hvn_below_atr,0.17119668597032592,,,LIVE_ONLY,ATR-NQ,730,1776420660000
dist_swing_low_atr,-0.25151118062307143,,,LIVE_ONLY,ATR-NQ,730,1776420660000
dist_vix_call_atr,0.014710233757450227,,,LIVE_ONLY,ATR-NQ,730,1776420660000
dist_vix_gex_nearest_dn_atr,-8.454157331867947e-05,,,LIVE_ONLY,ATR-NQ,730,1776420660000
dist_vix_gex_nearest_up_atr,0.002028997759648307,,,LIVE_ONLY,ATR-NQ,730,1776420660000
dist_vix_hvl_atr,0.007312846092065774,,,LIVE_ONLY,ATR-NQ,730,1776420660000
dist_vix_put_atr,-0.002198080906285666,,,LIVE_ONLY,ATR-NQ,730,1776420660000
dist_vwap_d_sd2d_atr,-1.2615847317918587,,,LIVE_ONLY,ATR-NQ,730,1776420660000
dist_vwap_d_sd3d_atr,-1.542223232024348,,,LIVE_ONLY,ATR-NQ,730,1776420660000
im_cross_delta_agreement_5,0.6,0.6,0.0,MATCH,IM-NQ,730,1776420660000
im_open_type_agreement,0.0,0.0,0.0,MATCH,IM-NQ,730,1776420660000
im_rolling_correlation_10,0.872083,0.872083,1e-08,MATCH,IM-NQ,730,1776420660000
im_cross_delta_weighted_5,,5.4,,MISSING_LIVE,IM-NQ,730,1776420660000
im_cross_open_signal,,0.0,,MISSING_LIVE,IM-NQ,730,1776420660000
im_delta_day_divergence,,0.0,,MISSING_LIVE,IM-NQ,730,1776420660000
im_ltr_slope_diff,,-0.03832000000000002,,MISSING_LIVE,IM-NQ,730,1776420660000
im_price_ratio_slope_10,,3.0515366751852102e-05,,MISSING_LIVE,IM-NQ,730,1776420660000
im_smt_divergence,,0.0,,MISSING_LIVE,IM-NQ,730,1776420660000
im_volume_lead,,-16.099999999999998,,MISSING_LIVE,IM-NQ,730,1776420660000
dist_1d_max_atr,2.2527,2.2527,0.0,MATCH,ATR-NQ,795,1776424560000
dist_1d_min_atr,-3.072632,-3.072632,0.0,MATCH,ATR-NQ,795,1776424560000
dist_blind_nearest_up_atr,0.192056,0.192056,0.0,MATCH,ATR-NQ,795,1776424560000
dist_comp_20d_vah_atr,-12.235583,-12.235583,0.0,MATCH,ATR-NQ,795,1776424560000
dist_comp_20d_val_atr,-30.212802,-30.212802,0.0,MATCH,ATR-NQ,795,1776424560000
dist_comp_20d_vwap_atr,-16.378976,-16.378976,0.0,MATCH,ATR-NQ,795,1776424560000
dist_comp_50d_vah_atr,-10.724625,-10.724625,0.0,MATCH,ATR-NQ,795,1776424560000
dist_comp_50d_val_atr,-23.847763,-23.847763,0.0,MATCH,ATR-NQ,795,1776424560000
dist_comp_50d_vwap_atr,-16.271185,-16.271185,0.0,MATCH,ATR-NQ,795,1776424560000
dist_cur_vah_atr,-0.336003,-0.336003,0.0,MATCH,ATR-NQ,795,1776424560000
dist_cur_val_atr,-0.85163,-0.85163,0.0,MATCH,ATR-NQ,795,1776424560000
dist_cur_vpoc_atr,-0.724837,-0.724837,0.0,MATCH,ATR-NQ,795,1776424560000
dist_gex_nearest_up_atr,1.38839,1.38839,0.0,MATCH,ATR-NQ,795,1776424560000
dist_mq_call_0dte_atr,-11.798145,-11.798145,0.0,MATCH,ATR-NQ,795,1776424560000
dist_mq_call_atr,-0.302191,-0.302191,0.0,MATCH,ATR-NQ,795,1776424560000
dist_mq_hvl_atr,-10.530209,-10.530209,0.0,MATCH,ATR-NQ,795,1776424560000
dist_mq_put_0dte_atr,-1.78145,-1.78145,0.0,MATCH,ATR-NQ,795,1776424560000
dist_mq_put_atr,-21.434458,-21.434458,0.0,MATCH,ATR-NQ,795,1776424560000
dist_open_830_atr,-0.32121,-0.32121,0.0,MATCH,ATR-NQ,795,1776424560000
dist_prev_vah_atr,-0.183851,-0.183851,0.0,MATCH,ATR-NQ,795,1776424560000
dist_prev_val_atr,-1.789903,-1.789903,0.0,MATCH,ATR-NQ,795,1776424560000
dist_prev_vwap_sd1d_atr,-2.095297,-2.095297,0.0,MATCH,ATR-NQ,795,1776424560000
dist_prev_vwap_sd1u_atr,-0.519325,-0.519325,0.0,MATCH,ATR-NQ,795,1776424560000
dist_sess_high_atr,0.095095,0.095095,0.0,MATCH,ATR-NQ,795,1776424560000
dist_session_lvn_above_atr,0.00634,0.00634,0.0,MATCH,ATR-NQ,795,1776424560000
dist_session_lvn_below_atr,0.042265,0.042265,0.0,MATCH,ATR-NQ,795,1776424560000
dist_swing_high_atr,0.095095,0.095095,0.0,MATCH,ATR-NQ,795,1776424560000
dist_vwap_d_sd1d_atr,-3.819723,-3.819723,0.0,MATCH,ATR-NQ,795,1776424560000
dist_vwap_d_sd1u_atr,-0.372539,-0.372539,0.0,MATCH,ATR-NQ,795,1776424560000
dist_vwap_d_sd2u_atr,-0.081343,-0.081343,0.0,MATCH,ATR-NQ,795,1776424560000
dist_vwap_d_sd3u_atr,0.209837,0.209837,0.0,MATCH,ATR-NQ,795,1776424560000
dist_comp_20d_vpoc_atr,,-19.743876925677817,,MISSING_LIVE,ATR-NQ,795,1776424560000
dist_comp_50d_vpoc_atr,,-19.743876925677817,,MISSING_LIVE,ATR-NQ,795,1776424560000
dist_cur_vwap_vp_atr,,-2.6549388220874452,,MISSING_LIVE,ATR-NQ,795,1776424560000
dist_ext_edge_buy_atr,,0.008452906743306355,,MISSING_LIVE,ATR-NQ,795,1776424560000
dist_ext_edge_sell_atr,,-0.008452906743306355,,MISSING_LIVE,ATR-NQ,795,1776424560000
dist_ext_long_dn_atr,,0.04649098708818495,,MISSING_LIVE,ATR-NQ,795,1776424560000
dist_ext_long_up_atr,,-0.014792586800786121,,MISSING_LIVE,ATR-NQ,795,1776424560000
dist_open_cash_atr,,-0.5198537647133408,,MISSING_LIVE,ATR-NQ,795,1776424560000
dist_ovn_high_atr,,-0.06128357388897107,,MISSING_LIVE,ATR-NQ,795,1776424560000
dist_ovn_low_atr,,-1.5278628938526235,,MISSING_LIVE,ATR-NQ,795,1776424560000
dist_prev_vpoc_atr,,-1.4010692927030284,,MISSING_LIVE,ATR-NQ,795,1776424560000
dist_prev_vwap_atr,,-1.307691088523066,,MISSING_LIVE,ATR-NQ,795,1776424560000
dist_vwap_w_atr,,-4.877855497559223,,MISSING_LIVE,ATR-NQ,795,1776424560000
next_wall_dist_atr,,1.1474820904038376,,MISSING_LIVE,ATR-NQ,795,1776424560000
open_gap_atr,,-0.8812155279896875,,MISSING_LIVE,ATR-NQ,795,1776424560000
ovn_range_atr,,1.4665793199636525,,MISSING_LIVE,ATR-NQ,795,1776424560000
poc_bar_dist_atr,,0.002113226685826589,,MISSING_LIVE,ATR-NQ,795,1776424560000
poc_separation_atr,,0.21554912195431206,,MISSING_LIVE,ATR-NQ,795,1776424560000
range_size_atr,,0.5156273113416876,,MISSING_LIVE,ATR-NQ,795,1776424560000
sess_range_atr,,1.62295809471482,,MISSING_LIVE,ATR-NQ,795,1776424560000
swing_range_atr,,0.21343589526848547,,MISSING_LIVE,ATR-NQ,795,1776424560000
dist_blind_nearest_dn_atr,-0.5780169480780203,,,LIVE_ONLY,ATR-NQ,795,1776424560000
dist_gex_nearest_dn_atr,-1.1474820904038376,,,LIVE_ONLY,ATR-NQ,795,1776424560000
dist_sess_low_atr,-1.5278628938526235,,,LIVE_ONLY,ATR-NQ,795,1776424560000
dist_session_hvn_below_atr,0.09086874749054331,,,LIVE_ONLY,ATR-NQ,795,1776424560000
dist_swing_low_atr,-0.11834069440628897,,,LIVE_ONLY,ATR-NQ,795,1776424560000
dist_vix_call_atr,0.014919380401935715,,,LIVE_ONLY,ATR-NQ,795,1776424560000
dist_vix_gex_nearest_dn_atr,-0.000929819741763699,,,LIVE_ONLY,ATR-NQ,795,1776424560000
dist_vix_gex_nearest_up_atr,0.00012679360114959532,,,LIVE_ONLY,ATR-NQ,795,1776424560000
dist_vix_hvl_atr,0.007523087001542656,,,LIVE_ONLY,ATR-NQ,795,1776424560000
dist_vix_put_atr,-0.0019864330846769934,,,LIVE_ONLY,ATR-NQ,795,1776424560000
dist_vwap_d_sd2d_atr,-1.246126878130217,,,LIVE_ONLY,ATR-NQ,795,1776424560000
dist_vwap_d_sd3d_atr,-1.5373064812662454,,,LIVE_ONLY,ATR-NQ,795,1776424560000
im_cross_delta_agreement_5,0.6,0.6,0.0,MATCH,IM-NQ,795,1776424560000
im_open_type_agreement,0.0,0.0,0.0,MATCH,IM-NQ,795,1776424560000
im_rolling_correlation_10,0.592528,0.592528,6e-08,MATCH,IM-NQ,795,1776424560000
im_cross_delta_weighted_5,,9.0,,MISSING_LIVE,IM-NQ,795,1776424560000
im_cross_open_signal,,0.0,,MISSING_LIVE,IM-NQ,795,1776424560000
im_delta_day_divergence,,0.0,,MISSING_LIVE,IM-NQ,795,1776424560000
im_ltr_slope_diff,,-0.44509999999999994,,MISSING_LIVE,IM-NQ,795,1776424560000
im_price_ratio_slope_10,,5.2422365987446865e-05,,MISSING_LIVE,IM-NQ,795,1776424560000
im_smt_divergence,,0.0,,MISSING_LIVE,IM-NQ,795,1776424560000
im_volume_lead,,-13.000000000000002,,MISSING_LIVE,IM-NQ,795,1776424560000
dist_1d_max_atr,0.416201,0.416201,0.0,MATCH,ATR-NQ,923,1776432240000
dist_1d_min_atr,-4.70003,-4.70003,0.0,MATCH,ATR-NQ,923,1776432240000
dist_blind_nearest_up_atr,0.364224,0.364224,0.0,MATCH,ATR-NQ,923,1776432240000
dist_comp_20d_vah_atr,-13.44432,-13.44432,0.0,MATCH,ATR-NQ,923,1776432240000
dist_comp_20d_val_atr,-30.774541,-30.774541,0.0,MATCH,ATR-NQ,923,1776432240000
dist_comp_20d_vwap_atr,-17.374331,-17.374331,0.0,MATCH,ATR-NQ,923,1776432240000
dist_comp_50d_vah_atr,-11.98457,-11.98457,0.0,MATCH,ATR-NQ,923,1776432240000
dist_comp_50d_val_atr,-24.659425,-24.659425,0.0,MATCH,ATR-NQ,923,1776432240000
dist_comp_50d_vwap_atr,-17.292185,-17.292185,0.0,MATCH,ATR-NQ,923,1776432240000
dist_cur_vah_atr,-2.011978,-2.011978,0.0,MATCH,ATR-NQ,923,1776432240000
dist_cur_val_atr,-2.91544,-2.91544,0.0,MATCH,ATR-NQ,923,1776432240000
dist_cur_vpoc_atr,-2.444422,-2.444422,0.0,MATCH,ATR-NQ,923,1776432240000
dist_gex_nearest_up_atr,1.210029,1.210029,0.0,MATCH,ATR-NQ,923,1776432240000
dist_mq_call_0dte_atr,-13.082936,-13.082936,0.0,MATCH,ATR-NQ,923,1776432240000
dist_mq_call_atr,-2.038372,-2.038372,0.0,MATCH,ATR-NQ,923,1776432240000
dist_mq_hvl_atr,-11.864785,-11.864785,0.0,MATCH,ATR-NQ,923,1776432240000
dist_mq_put_0dte_atr,-3.459547,-3.459547,0.0,MATCH,ATR-NQ,923,1776432240000
dist_mq_put_atr,-22.340879,-22.340879,0.0,MATCH,ATR-NQ,923,1776432240000
dist_open_830_atr,-2.056644,-2.056644,0.0,MATCH,ATR-NQ,923,1776432240000
dist_prev_vah_atr,-1.924678,-1.924678,0.0,MATCH,ATR-NQ,923,1776432240000
dist_prev_val_atr,-3.467668,-3.467668,0.0,MATCH,ATR-NQ,923,1776432240000
dist_prev_vwap_sd1d_atr,-3.761071,-3.761071,0.0,MATCH,ATR-NQ,923,1776432240000
dist_prev_vwap_sd1u_atr,-2.24698,-2.24698,0.0,MATCH,ATR-NQ,923,1776432240000
dist_sess_high_atr,0.542077,0.542077,0.0,MATCH,ATR-NQ,923,1776432240000
dist_session_hvn_above_atr,0.15836,0.15836,0.0,MATCH,ATR-NQ,923,1776432240000
dist_session_lvn_above_atr,0.062938,0.062938,0.0,MATCH,ATR-NQ,923,1776432240000
dist_swing_high_atr,0.542077,0.542077,0.0,MATCH,ATR-NQ,923,1776432240000
dist_vwap_d_sd1d_atr,-11.672609,-11.672609,0.0,MATCH,ATR-NQ,923,1776432240000
dist_vwap_d_sd1u_atr,-1.074177,-1.074177,0.0,MATCH,ATR-NQ,923,1776432240000
dist_vwap_d_sd2u_atr,-0.152189,-0.152189,0.0,MATCH,ATR-NQ,923,1776432240000
dist_vwap_d_sd3u_atr,0.769814,0.769814,0.0,MATCH,ATR-NQ,923,1776432240000
dist_comp_20d_vpoc_atr,,-20.71667850979596,,MISSING_LIVE,ATR-NQ,923,1776432240000
dist_comp_50d_vpoc_atr,,-20.71667850979596,,MISSING_LIVE,ATR-NQ,923,1776432240000
dist_cur_vwap_vp_atr,,-7.9845952695157845,,MISSING_LIVE,ATR-NQ,923,1776432240000
dist_ext_edge_buy_atr,,-0.006090752207897675,,MISSING_LIVE,ATR-NQ,923,1776432240000
dist_ext_edge_sell_atr,,-0.010151253679829459,,MISSING_LIVE,ATR-NQ,923,1776432240000
dist_ext_long_dn_atr,,0.030453761039488377,,MISSING_LIVE,ATR-NQ,923,1776432240000
dist_ext_long_up_atr,,-0.010151253679829459,,MISSING_LIVE,ATR-NQ,923,1776432240000
dist_open_cash_atr,,-2.247487564714242,,MISSING_LIVE,ATR-NQ,923,1776432240000
dist_ovn_high_atr,,-1.8069231550096436,,MISSING_LIVE,ATR-NQ,923,1776432240000
dist_ovn_low_atr,,-3.2159171657699726,,MISSING_LIVE,ATR-NQ,923,1776432240000
dist_prev_vpoc_atr,,-3.094102121612019,,MISSING_LIVE,ATR-NQ,923,1776432240000
dist_prev_vwap_atr,,-3.004390417216526,,MISSING_LIVE,ATR-NQ,923,1776432240000
dist_vwap_w_atr,,-6.257232768246879,,MISSING_LIVE,ATR-NQ,923,1776432240000
next_wall_dist_atr,,0.008121002943863568,,MISSING_LIVE,ATR-NQ,923,1776432240000
open_gap_atr,,-0.8466145568977769,,MISSING_LIVE,ATR-NQ,923,1776432240000
ovn_range_atr,,1.408994010760329,,MISSING_LIVE,ATR-NQ,923,1776432240000
poc_bar_dist_atr,,0.044665516191249616,,MISSING_LIVE,ATR-NQ,923,1776432240000
poc_separation_atr,,0.20708557506852096,,MISSING_LIVE,ATR-NQ,923,1776432240000
range_size_atr,,0.9034615775048218,,MISSING_LIVE,ATR-NQ,923,1776432240000
sess_range_atr,,3.7579941122728657,,MISSING_LIVE,ATR-NQ,923,1776432240000
swing_range_atr,,0.9623388488478327,,MISSING_LIVE,ATR-NQ,923,1776432240000
dist_blind_nearest_dn_atr,-1.563531012079992,,,LIVE_ONLY,ATR-NQ,923,1776432240000
dist_gex_nearest_dn_atr,-0.008121002943863568,,,LIVE_ONLY,ATR-NQ,923,1776432240000
dist_sess_low_atr,-3.2159171657699726,,,LIVE_ONLY,ATR-NQ,923,1776432240000
dist_session_hvn_below_atr,0.11369404121408994,,,LIVE_ONLY,ATR-NQ,923,1776432240000
dist_swing_low_atr,-0.4202619023449396,,,LIVE_ONLY,ATR-NQ,923,1776432240000
dist_vix_call_atr,0.015795350725814637,,,LIVE_ONLY,ATR-NQ,923,1776432240000
dist_vix_gex_nearest_dn_atr,-0.00450715663384428,,,LIVE_ONLY,ATR-NQ,923,1776432240000
dist_vix_gex_nearest_up_atr,0.0005684702060704497,,,LIVE_ONLY,ATR-NQ,923,1776432240000
dist_vix_hvl_atr,0.008689473149934018,,,LIVE_ONLY,ATR-NQ,923,1776432240000
dist_vix_put_atr,-0.00044665516191249617,,,LIVE_ONLY,ATR-NQ,923,1776432240000
dist_vwap_d_sd2d_atr,-3.840139884275708,,,LIVE_ONLY,ATR-NQ,923,1776432240000
dist_vwap_d_sd3d_atr,-4.762143538727033,,,LIVE_ONLY,ATR-NQ,923,1776432240000
im_cross_delta_agreement_5,0.4,0.4,0.0,MATCH,IM-NQ,923,1776432240000
im_open_type_agreement,0.0,0.0,0.0,MATCH,IM-NQ,923,1776432240000
im_rolling_correlation_10,0.97732,0.97732,0.0,MATCH,IM-NQ,923,1776432240000
im_cross_delta_weighted_5,,41.4,,MISSING_LIVE,IM-NQ,923,1776432240000
im_cross_open_signal,,0.0,,MISSING_LIVE,IM-NQ,923,1776432240000
im_delta_day_divergence,,-1.0,,MISSING_LIVE,IM-NQ,923,1776432240000
im_ltr_slope_diff,,-0.09850999999999996,,MISSING_LIVE,IM-NQ,923,1776432240000
im_price_ratio_slope_10,,-0.0002767576383145203,,MISSING_LIVE,IM-NQ,923,1776432240000
im_smt_divergence,,1.0,,MISSING_LIVE,IM-NQ,923,1776432240000
im_volume_lead,,-399.6,,MISSING_LIVE,IM-NQ,923,1776432240000
dist_1d_max_atr,0.856766,0.856766,0.0,MATCH,ATR-NQ,938,1776433139000
dist_1d_min_atr,-4.259466,-4.259466,0.0,MATCH,ATR-NQ,938,1776433139000
dist_blind_nearest_up_atr,0.804788,0.804788,0.0,MATCH,ATR-NQ,938,1776433139000
dist_comp_20d_vah_atr,-12.95909,-12.95909,0.0,MATCH,ATR-NQ,938,1776433139000
dist_comp_20d_val_atr,-30.333976,-30.333976,0.0,MATCH,ATR-NQ,938,1776433139000
dist_comp_20d_vwap_atr,-16.866578,-16.866578,0.0,MATCH,ATR-NQ,938,1776433139000
dist_comp_50d_vah_atr,-11.50137,-11.50137,0.0,MATCH,ATR-NQ,938,1776433139000
dist_comp_50d_val_atr,-24.218861,-24.218861,0.0,MATCH,ATR-NQ,938,1776433139000
dist_comp_50d_vwap_atr,-16.797454,-16.797454,0.0,MATCH,ATR-NQ,938,1776433139000
dist_cur_vah_atr,-1.141001,-1.141001,0.0,MATCH,ATR-NQ,938,1776433139000
dist_cur_val_atr,-2.635265,-2.635265,0.0,MATCH,ATR-NQ,938,1776433139000
dist_cur_vpoc_atr,-2.003857,-2.003857,0.0,MATCH,ATR-NQ,938,1776433139000
dist_gex_nearest_up_atr,0.026393,0.026393,0.0,MATCH,ATR-NQ,938,1776433139000
dist_ib_high_atr,0.190844,0.190844,0.0,MATCH,ATR-NQ,938,1776433139000
dist_ib_low_atr,-0.546137,-0.546137,0.0,MATCH,ATR-NQ,938,1776433139000
dist_mq_call_0dte_atr,-12.642371,-12.642371,0.0,MATCH,ATR-NQ,938,1776433139000
dist_mq_call_atr,-1.597807,-1.597807,0.0,MATCH,ATR-NQ,938,1776433139000
dist_mq_hvl_atr,-11.424221,-11.424221,0.0,MATCH,ATR-NQ,938,1776433139000
dist_mq_put_0dte_atr,-3.018983,-3.018983,0.0,MATCH,ATR-NQ,938,1776433139000
dist_mq_put_atr,-21.900315,-21.900315,0.0,MATCH,ATR-NQ,938,1776433139000
dist_open_830_atr,-1.61608,-1.61608,0.0,MATCH,ATR-NQ,938,1776433139000
dist_prev_vah_atr,-1.484113,-1.484113,0.0,MATCH,ATR-NQ,938,1776433139000
dist_prev_val_atr,-3.027104,-3.027104,0.0,MATCH,ATR-NQ,938,1776433139000
dist_prev_vwap_sd1d_atr,-3.320507,-3.320507,0.0,MATCH,ATR-NQ,938,1776433139000
dist_prev_vwap_sd1u_atr,-1.806416,-1.806416,0.0,MATCH,ATR-NQ,938,1776433139000
dist_sess_high_atr,0.982641,0.982641,0.0,MATCH,ATR-NQ,938,1776433139000
dist_session_lvn_above_atr,0.355294,0.355294,0.0,MATCH,ATR-NQ,938,1776433139000
dist_session_lvn_below_atr,0.253781,0.253781,0.0,MATCH,ATR-NQ,938,1776433139000
dist_swing_high_atr,0.982641,0.982641,0.0,MATCH,ATR-NQ,938,1776433139000
dist_vwap_d_sd1d_atr,-9.390988,-9.390988,0.0,MATCH,ATR-NQ,938,1776433139000
dist_vwap_d_sd1u_atr,-0.417296,-0.417296,0.0,MATCH,ATR-NQ,938,1776433139000
dist_vwap_d_sd2u_atr,0.54793,0.54793,0.0,MATCH,ATR-NQ,938,1776433139000
dist_vwap_d_sd3u_atr,1.513155,1.513155,0.0,MATCH,ATR-NQ,938,1776433139000
dist_comp_20d_vpoc_atr,,-20.276114100091363,,MISSING_LIVE,ATR-NQ,938,1776433139000
dist_comp_50d_vpoc_atr,,-20.276114100091363,,MISSING_LIVE,ATR-NQ,938,1776433139000
dist_cur_vwap_vp_atr,,-5.529958785910059,,MISSING_LIVE,ATR-NQ,938,1776433139000
dist_ext_edge_buy_atr,,-0.03248401177545427,,MISSING_LIVE,ATR-NQ,938,1776433139000
dist_ext_edge_sell_atr,,0.06496802355090854,,MISSING_LIVE,ATR-NQ,938,1776433139000
dist_ext_long_dn_atr,,0.04669576692721551,,MISSING_LIVE,ATR-NQ,938,1776433139000
dist_ext_long_up_atr,,0.006090752207897675,,MISSING_LIVE,ATR-NQ,938,1776433139000
dist_open_cash_atr,,-0.06902852502284032,,MISSING_LIVE,ATR-NQ,938,1776433139000
dist_ovn_high_atr,,-1.3663587453050452,,MISSING_LIVE,ATR-NQ,938,1776433139000
dist_ovn_low_atr,,-2.775352756065374,,MISSING_LIVE,ATR-NQ,938,1776433139000
dist_prev_vpoc_atr,,-2.6535377119074206,,MISSING_LIVE,ATR-NQ,938,1776433139000
dist_prev_vwap_atr,,-2.5638260075119277,,MISSING_LIVE,ATR-NQ,938,1776433139000
dist_vwap_w_atr,,-5.712427570804994,,MISSING_LIVE,ATR-NQ,938,1776433139000
next_wall_dist_atr,,0.026393259567556594,,MISSING_LIVE,ATR-NQ,938,1776433139000
open_gap_atr,,-2.58450918688458,,MISSING_LIVE,ATR-NQ,938,1776433139000
ovn_range_atr,,1.408994010760329,,MISSING_LIVE,ATR-NQ,938,1776433139000
poc_bar_dist_atr,,0.026393259567556594,,MISSING_LIVE,ATR-NQ,938,1776433139000
poc_separation_atr,,0.20708557506852096,,MISSING_LIVE,ATR-NQ,938,1776433139000
range_size_atr,,1.4942645416708964,,MISSING_LIVE,ATR-NQ,938,1776433139000
sess_range_atr,,3.7579941122728657,,MISSING_LIVE,ATR-NQ,938,1776433139000
swing_range_atr,,0.9623388488478327,,MISSING_LIVE,ATR-NQ,938,1776433139000
dist_blind_nearest_dn_atr,-1.1229666023753935,,,LIVE_ONLY,ATR-NQ,938,1776433139000
dist_gex_nearest_dn_atr,-2.4099076235915136,,,LIVE_ONLY,ATR-NQ,938,1776433139000
dist_sess_low_atr,-2.775352756065374,,,LIVE_ONLY,ATR-NQ,938,1776433139000
dist_session_hvn_below_atr,0.10963353974215816,,,LIVE_ONLY,ATR-NQ,938,1776433139000
dist_swing_low_atr,0.020302507359658918,,,LIVE_ONLY,ATR-NQ,938,1776433139000
dist_vix_call_atr,0.014902040401989645,,,LIVE_ONLY,ATR-NQ,938,1776433139000
dist_vix_gex_nearest_dn_atr,-0.0003248401177545427,,,LIVE_ONLY,ATR-NQ,938,1776433139000
dist_vix_gex_nearest_up_atr,0.0006902852502284032,,,LIVE_ONLY,ATR-NQ,938,1776433139000
dist_vix_hvl_atr,0.007796162826109024,,,LIVE_ONLY,ATR-NQ,938,1776433139000
dist_vix_put_atr,-0.0013399654857374887,,,LIVE_ONLY,ATR-NQ,938,1776433139000
dist_vwap_d_sd2d_atr,-3.312972693127601,,,LIVE_ONLY,ATR-NQ,938,1776433139000
dist_vwap_d_sd3d_atr,-4.278198355496904,,,LIVE_ONLY,ATR-NQ,938,1776433139000
im_cross_delta_agreement_5,0.6,0.6,0.0,MATCH,IM-NQ,938,1776433139000
im_open_type_agreement,0.0,0.0,0.0,MATCH,IM-NQ,938,1776433139000
im_rolling_correlation_10,0.591115,0.591115,0.0,MATCH,IM-NQ,938,1776433139000
im_cross_delta_weighted_5,,65.0,,MISSING_LIVE,IM-NQ,938,1776433139000
im_cross_open_signal,,0.0,,MISSING_LIVE,IM-NQ,938,1776433139000
im_delta_day_divergence,,-1.0,,MISSING_LIVE,IM-NQ,938,1776433139000
im_ltr_slope_diff,,0.0007500000000000007,,MISSING_LIVE,IM-NQ,938,1776433139000
im_price_ratio_slope_10,,-0.00012815168570168425,,MISSING_LIVE,IM-NQ,938,1776433139000
im_smt_divergence,,-1.0,,MISSING_LIVE,IM-NQ,938,1776433139000
im_volume_lead,,396.9,,MISSING_LIVE,IM-NQ,938,1776433139000
dist_1d_max_atr,0.126674,0.126674,0.0,MATCH,ATR-NQ,1217,1776449879000
dist_1d_min_atr,-4.940282,-4.940282,0.0,MATCH,ATR-NQ,1217,1776449879000
dist_blind_nearest_up_atr,0.075197,0.075197,0.0,MATCH,ATR-NQ,1217,1776449879000
dist_comp_20d_vah_atr,-12.671412,-12.671412,0.0,MATCH,ATR-NQ,1217,1776449879000
dist_comp_20d_val_atr,-30.763663,-30.763663,0.0,MATCH,ATR-NQ,1217,1776449879000
dist_comp_20d_vwap_atr,-16.747189,-16.747189,0.0,MATCH,ATR-NQ,1217,1776449879000
dist_comp_50d_vah_atr,-11.762577,-11.762577,0.0,MATCH,ATR-NQ,1217,1776449879000
dist_comp_50d_val_atr,-24.707444,-24.707444,0.0,MATCH,ATR-NQ,1217,1776449879000
dist_comp_50d_vwap_atr,-16.918899,-16.918899,0.0,MATCH,ATR-NQ,1217,1776449879000
dist_cur_vah_atr,0.285519,0.285519,0.0,MATCH,ATR-NQ,1217,1776449879000
dist_cur_val_atr,-0.219166,-0.219166,0.0,MATCH,ATR-NQ,1217,1776449879000
dist_cur_vpoc_atr,0.008043,0.008043,0.0,MATCH,ATR-NQ,1217,1776449879000
dist_gex_nearest_up_atr,0.912856,0.912856,0.0,MATCH,ATR-NQ,1217,1776449879000
dist_ib_high_atr,-0.084449,-0.084449,0.0,MATCH,ATR-NQ,1217,1776449879000
dist_ib_low_atr,-1.262718,-1.262718,0.0,MATCH,ATR-NQ,1217,1776449879000
dist_mq_call_0dte_atr,-13.24245,-13.24245,0.0,MATCH,ATR-NQ,1217,1776449879000
dist_mq_call_atr,-2.304259,-2.304259,0.0,MATCH,ATR-NQ,1217,1776449879000
dist_mq_hvl_atr,-12.036032,-12.036032,0.0,MATCH,ATR-NQ,1217,1776449879000
dist_mq_put_0dte_atr,-3.711746,-3.711746,0.0,MATCH,ATR-NQ,1217,1776449879000
dist_mq_put_atr,-22.411228,-22.411228,0.0,MATCH,ATR-NQ,1217,1776449879000
dist_open_830_atr,-2.322355,-2.322355,0.0,MATCH,ATR-NQ,1217,1776449879000
dist_prev_vah_atr,0.77814,0.77814,0.0,MATCH,ATR-NQ,1217,1776449879000
dist_prev_val_atr,-2.487232,-2.487232,0.0,MATCH,ATR-NQ,1217,1776449879000
dist_prev_vwap_sd1d_atr,-2.547474,-2.547474,0.0,MATCH,ATR-NQ,1217,1776449879000
dist_prev_vwap_sd1u_atr,0.09356,0.09356,0.0,MATCH,ATR-NQ,1217,1776449879000
dist_sess_high_atr,0.790204,0.790204,0.0,MATCH,ATR-NQ,1217,1776449879000
dist_session_lvn_above_atr,0.476535,0.476535,0.0,MATCH,ATR-NQ,1217,1776449879000
dist_session_lvn_below_atr,0.221177,0.221177,0.0,MATCH,ATR-NQ,1217,1776449879000
dist_swing_high_atr,0.339808,0.339808,0.0,MATCH,ATR-NQ,1217,1776449879000
dist_vwap_d_sd1d_atr,-0.353128,-0.353128,0.0,MATCH,ATR-NQ,1217,1776449879000
dist_vwap_d_sd1u_atr,0.302956,0.302956,0.0,MATCH,ATR-NQ,1217,1776449879000
dist_vwap_d_sd2u_atr,0.498574,0.498574,0.0,MATCH,ATR-NQ,1217,1776449879000
dist_vwap_d_sd3u_atr,0.694177,0.694177,0.0,MATCH,ATR-NQ,1217,1776449879000
dist_comp_20d_vpoc_atr,,-20.802670205493225,,MISSING_LIVE,ATR-NQ,1217,1776449879000
dist_comp_50d_vpoc_atr,,-20.802670205493225,,MISSING_LIVE,ATR-NQ,1217,1776449879000
dist_cur_vwap_vp_atr,,0.4294092572485624,,MISSING_LIVE,ATR-NQ,1217,1776449879000
dist_ext_edge_buy_atr,,0.0,,MISSING_LIVE,ATR-NQ,1217,1776449879000
dist_ext_edge_sell_atr,,-0.01608557526038525,,MISSING_LIVE,ATR-NQ,1217,1776449879000
dist_ext_long_dn_atr,,-0.004021393815096312,,MISSING_LIVE,ATR-NQ,1217,1776449879000
dist_ext_long_up_atr,,-0.006032090722644469,,MISSING_LIVE,ATR-NQ,1217,1776449879000
dist_open_cash_atr,,-0.7902038846664254,,MISSING_LIVE,ATR-NQ,1217,1776449879000
dist_ovn_high_atr,,0.2855189608718382,,MISSING_LIVE,ATR-NQ,1217,1776449879000
dist_ovn_low_atr,,-0.21112317529255642,,MISSING_LIVE,ATR-NQ,1217,1776449879000
dist_prev_vpoc_atr,,0.43028913821530546,,MISSING_LIVE,ATR-NQ,1217,1776449879000
dist_prev_vwap_atr,,-1.2243730647042266,,MISSING_LIVE,ATR-NQ,1217,1776449879000
dist_vwap_w_atr,,-5.557974625005027,,MISSING_LIVE,ATR-NQ,1217,1776449879000
next_wall_dist_atr,,0.2935617485020308,,MISSING_LIVE,ATR-NQ,1217,1776449879000
open_gap_atr,,1.2204930228817308,,MISSING_LIVE,ATR-NQ,1217,1776449879000
ovn_range_atr,,0.4966421361643946,,MISSING_LIVE,ATR-NQ,1217,1776449879000
poc_bar_dist_atr,,0.002010696907548156,,MISSING_LIVE,ATR-NQ,1217,1776449879000
poc_separation_atr,,0.10053484537740781,,MISSING_LIVE,ATR-NQ,1217,1776449879000
range_size_atr,,0.5046849237945872,,MISSING_LIVE,ATR-NQ,1217,1776449879000
sess_range_atr,,4.260666747094543,,MISSING_LIVE,ATR-NQ,1217,1776449879000
swing_range_atr,,0.7499899465154622,,MISSING_LIVE,ATR-NQ,1217,1776449879000
dist_blind_nearest_dn_atr,-1.8339912333614832,,,LIVE_ONLY,ATR-NQ,1217,1776449879000
dist_gex_nearest_dn_atr,-0.2935617485020308,,,LIVE_ONLY,ATR-NQ,1217,1776449879000
dist_sess_low_atr,-3.4704628624281177,,,LIVE_ONLY,ATR-NQ,1217,1776449879000
dist_session_hvn_below_atr,0.050267422688703906,,,LIVE_ONLY,ATR-NQ,1217,1776449879000
dist_swing_low_atr,-0.41018216913982386,,,LIVE_ONLY,ATR-NQ,1217,1776449879000
dist_vix_call_atr,0.014959584992158284,,,LIVE_ONLY,ATR-NQ,1217,1776449879000
dist_vix_gex_nearest_dn_atr,-0.00012064181445288937,,,LIVE_ONLY,ATR-NQ,1217,1776449879000
dist_vix_gex_nearest_up_atr,0.0008847066393211887,,,LIVE_ONLY,ATR-NQ,1217,1776449879000
dist_vix_hvl_atr,0.007922145815739736,,,LIVE_ONLY,ATR-NQ,1217,1776449879000
dist_vix_put_atr,-0.0011259902682269677,,,LIVE_ONLY,ATR-NQ,1217,1776449879000
dist_vwap_d_sd2d_atr,-0.2839009530703342,,,LIVE_ONLY,ATR-NQ,1217,1776449879000
dist_vwap_d_sd3d_atr,-0.4795041621425986,,,LIVE_ONLY,ATR-NQ,1217,1776449879000
im_cross_delta_agreement_5,0.6,0.6,0.0,MATCH,IM-NQ,1217,1776449879000
im_open_type_agreement,1.0,1.0,0.0,MATCH,IM-NQ,1217,1776449879000
im_rolling_correlation_10,0.97757,0.97757,0.0,MATCH,IM-NQ,1217,1776449879000
im_cross_delta_weighted_5,,75.6,,MISSING_LIVE,IM-NQ,1217,1776449879000
im_cross_open_signal,,0.85,,MISSING_LIVE,IM-NQ,1217,1776449879000
im_delta_day_divergence,,1.0,,MISSING_LIVE,IM-NQ,1217,1776449879000
im_ltr_slope_diff,,0.00042999999999999636,,MISSING_LIVE,IM-NQ,1217,1776449879000
im_price_ratio_slope_10,,8.79839950533746e-05,,MISSING_LIVE,IM-NQ,1217,1776449879000
im_smt_divergence,,0.0,,MISSING_LIVE,IM-NQ,1217,1776449879000
im_volume_lead,,130.2,,MISSING_LIVE,IM-NQ,1217,1776449879000
dist_1d_max_atr,-0.17292,-0.17292,0.0,MATCH,ATR-NQ,1316,1776455820000
dist_1d_min_atr,-5.239876,-5.239876,0.0,MATCH,ATR-NQ,1316,1776455820000
dist_blind_nearest_up_atr,1.940558,1.940558,0.0,MATCH,ATR-NQ,1316,1776455820000
dist_comp_20d_vah_atr,-12.880524,-12.880524,0.0,MATCH,ATR-NQ,1316,1776455820000
dist_comp_20d_val_atr,-31.063257,-31.063257,0.0,MATCH,ATR-NQ,1316,1776455820000
dist_comp_20d_vwap_atr,-16.914155,-16.914155,0.0,MATCH,ATR-NQ,1316,1776455820000
dist_comp_50d_vah_atr,-11.965657,-11.965657,0.0,MATCH,ATR-NQ,1316,1776455820000
dist_comp_50d_val_atr,-25.007037,-25.007037,0.0,MATCH,ATR-NQ,1316,1776455820000
dist_comp_50d_vwap_atr,-17.114659,-17.114659,0.0,MATCH,ATR-NQ,1316,1776455820000
dist_cur_vah_atr,-0.074396,-0.074396,0.0,MATCH,ATR-NQ,1316,1776455820000
dist_cur_val_atr,-0.474524,-0.474524,0.0,MATCH,ATR-NQ,1316,1776455820000
dist_cur_vpoc_atr,-0.191016,-0.191016,0.0,MATCH,ATR-NQ,1316,1776455820000
dist_gex_nearest_up_atr,0.613263,0.613263,0.0,MATCH,ATR-NQ,1316,1776455820000
dist_ib_high_atr,-0.384043,-0.384043,0.0,MATCH,ATR-NQ,1316,1776455820000
dist_ib_low_atr,-1.562311,-1.562311,0.0,MATCH,ATR-NQ,1316,1776455820000
dist_mq_call_0dte_atr,-13.542044,-13.542044,0.0,MATCH,ATR-NQ,1316,1776455820000
dist_mq_call_atr,-2.603852,-2.603852,0.0,MATCH,ATR-NQ,1316,1776455820000
dist_mq_hvl_atr,-12.335626,-12.335626,0.0,MATCH,ATR-NQ,1316,1776455820000
dist_mq_put_0dte_atr,-4.01134,-4.01134,0.0,MATCH,ATR-NQ,1316,1776455820000
dist_mq_put_atr,-22.710822,-22.710822,0.0,MATCH,ATR-NQ,1316,1776455820000
dist_open_830_atr,-2.621949,-2.621949,0.0,MATCH,ATR-NQ,1316,1776455820000
dist_prev_vah_atr,0.478546,0.478546,0.0,MATCH,ATR-NQ,1316,1776455820000
dist_prev_val_atr,-2.786826,-2.786826,0.0,MATCH,ATR-NQ,1316,1776455820000
dist_prev_vwap_sd1d_atr,-2.847068,-2.847068,0.0,MATCH,ATR-NQ,1316,1776455820000
dist_prev_vwap_sd1u_atr,-0.206034,-0.206034,0.0,MATCH,ATR-NQ,1316,1776455820000
dist_sess_high_atr,0.49061,0.49061,0.0,MATCH,ATR-NQ,1316,1776455820000
dist_session_hvn_above_atr,0.008043,0.008043,0.0,MATCH,ATR-NQ,1316,1776455820000
dist_session_lvn_above_atr,0.044235,0.044235,0.0,MATCH,ATR-NQ,1316,1776455820000
dist_session_lvn_below_atr,0.51876,0.51876,0.0,MATCH,ATR-NQ,1316,1776455820000
dist_swing_high_atr,0.036193,0.036193,0.0,MATCH,ATR-NQ,1316,1776455820000
dist_vwap_d_sd1d_atr,-1.565578,-1.565578,0.0,MATCH,ATR-NQ,1316,1776455820000
dist_vwap_d_sd1u_atr,-0.027427,-0.027427,0.0,MATCH,ATR-NQ,1316,1776455820000
dist_vwap_d_sd2u_atr,0.154541,0.154541,0.0,MATCH,ATR-NQ,1316,1776455820000
dist_vwap_d_sd3u_atr,0.336525,0.336525,0.0,MATCH,ATR-NQ,1316,1776455820000
dist_comp_20d_vpoc_atr,,-21.1022640447179,,MISSING_LIVE,ATR-NQ,1316,1776455820000
dist_comp_50d_vpoc_atr,,-21.1022640447179,,MISSING_LIVE,ATR-NQ,1316,1776455820000
dist_cur_vwap_vp_atr,,-0.8375807294808382,,MISSING_LIVE,ATR-NQ,1316,1776455820000
dist_ext_edge_buy_atr,,-0.002010696907548156,,MISSING_LIVE,ATR-NQ,1316,1776455820000
dist_ext_edge_sell_atr,,0.03418184742831866,,MISSING_LIVE,ATR-NQ,1316,1776455820000
dist_ext_long_dn_atr,,-0.3036152330397716,,MISSING_LIVE,ATR-NQ,1316,1776455820000
dist_ext_long_up_atr,,-0.2895403546869345,,MISSING_LIVE,ATR-NQ,1316,1776455820000
dist_open_cash_atr,,-1.0897977238911007,,MISSING_LIVE,ATR-NQ,1316,1776455820000
dist_ovn_high_atr,,0.04423533196605944,,MISSING_LIVE,ATR-NQ,1316,1776455820000
dist_ovn_low_atr,,-0.5489202557606466,,MISSING_LIVE,ATR-NQ,1316,1776455820000
dist_prev_vpoc_atr,,0.13069529899063015,,MISSING_LIVE,ATR-NQ,1316,1776455820000
dist_prev_vwap_atr,,-1.5239669039289019,,MISSING_LIVE,ATR-NQ,1316,1776455820000
dist_vwap_w_atr,,-5.688528572003056,,MISSING_LIVE,ATR-NQ,1316,1776455820000
next_wall_dist_atr,,0.5931555877267061,,MISSING_LIVE,ATR-NQ,1316,1776455820000
open_gap_atr,,1.2204930228817308,,MISSING_LIVE,ATR-NQ,1316,1776455820000
ovn_range_atr,,0.5931555877267061,,MISSING_LIVE,ATR-NQ,1316,1776455820000
poc_bar_dist_atr,,0.014074878352837094,,MISSING_LIVE,ATR-NQ,1316,1776455820000
poc_separation_atr,,0.16085575260385251,,MISSING_LIVE,ATR-NQ,1316,1776455820000
range_size_atr,,0.4001286846020831,,MISSING_LIVE,ATR-NQ,1316,1776455820000
sess_range_atr,,4.260666747094543,,MISSING_LIVE,ATR-NQ,1316,1776455820000
swing_range_atr,,0.43833192584549807,,MISSING_LIVE,ATR-NQ,1316,1776455820000
dist_blind_nearest_dn_atr,-0.22439699199742633,,,LIVE_ONLY,ATR-NQ,1316,1776455820000
dist_gex_nearest_dn_atr,-0.5931555877267061,,,LIVE_ONLY,ATR-NQ,1316,1776455820000
dist_sess_low_atr,-3.770056701652793,,,LIVE_ONLY,ATR-NQ,1316,1776455820000
dist_session_hvn_below_atr,0.03418184742831866,,,LIVE_ONLY,ATR-NQ,1316,1776455820000
dist_swing_low_atr,-0.40213938150963124,,,LIVE_ONLY,ATR-NQ,1316,1776455820000
dist_vix_call_atr,0.015160654682913098,,,LIVE_ONLY,ATR-NQ,1316,1776455820000
dist_vix_gex_nearest_dn_atr,-0.004946314392568464,,,LIVE_ONLY,ATR-NQ,1316,1776455820000
dist_vix_gex_nearest_up_atr,8.042787630192625e-05,,,LIVE_ONLY,ATR-NQ,1316,1776455820000
dist_vix_hvl_atr,0.00812321550649455,,,LIVE_ONLY,ATR-NQ,1316,1776455820000
dist_vix_put_atr,-0.0009249205774721519,,,LIVE_ONLY,ATR-NQ,1316,1776455820000
dist_vwap_d_sd2d_atr,-0.5733626895081836,,,LIVE_ONLY,ATR-NQ,1316,1776455820000
dist_vwap_d_sd3d_atr,-0.7553466441468614,,,LIVE_ONLY,ATR-NQ,1316,1776455820000
im_cross_delta_agreement_5,0.8,0.8,0.0,MATCH,IM-NQ,1316,1776455820000
im_open_type_agreement,1.0,1.0,0.0,MATCH,IM-NQ,1316,1776455820000
im_rolling_correlation_10,0.790127,0.790127,0.0,MATCH,IM-NQ,1316,1776455820000
im_cross_delta_weighted_5,,99.6,,MISSING_LIVE,IM-NQ,1316,1776455820000
im_cross_open_signal,,0.85,,MISSING_LIVE,IM-NQ,1316,1776455820000
im_delta_day_divergence,,1.0,,MISSING_LIVE,IM-NQ,1316,1776455820000
im_ltr_slope_diff,,0.025759999999999984,,MISSING_LIVE,IM-NQ,1316,1776455820000
im_price_ratio_slope_10,,4.600007990428512e-05,,MISSING_LIVE,IM-NQ,1316,1776455820000
im_smt_divergence,,-1.0,,MISSING_LIVE,IM-NQ,1316,1776455820000
im_volume_lead,,-416.20000000000005,,MISSING_LIVE,IM-NQ,1316,1776455820000
dist_1d_max_atr,2.183609,2.183609,0.0,MATCH,ATR-NQ,727,1776420480000
dist_1d_min_atr,-3.143298,-3.143298,0.0,MATCH,ATR-NQ,727,1776420480000
dist_blind_nearest_up_atr,0.122356,0.122356,0.0,MATCH,ATR-NQ,727,1776420480000
dist_comp_20d_vah_atr,-12.313188,-12.313188,0.0,MATCH,ATR-NQ,727,1776420480000
dist_comp_20d_val_atr,-30.2915,-30.2915,0.0,MATCH,ATR-NQ,727,1776420480000
dist_comp_20d_vwap_atr,-16.463192,-16.463192,0.0,MATCH,ATR-NQ,727,1776420480000
dist_comp_50d_vah_atr,-10.803898,-10.803898,0.0,MATCH,ATR-NQ,727,1776420480000
dist_comp_50d_val_atr,-23.924578,-23.924578,0.0,MATCH,ATR-NQ,727,1776420480000
dist_comp_50d_vwap_atr,-16.35347,-16.35347,0.0,MATCH,ATR-NQ,727,1776420480000
dist_cur_vah_atr,-0.40586,-0.40586,0.0,MATCH,ATR-NQ,727,1776420480000
dist_cur_val_atr,-0.900501,-0.900501,0.0,MATCH,ATR-NQ,727,1776420480000
dist_cur_vpoc_atr,-0.794808,-0.794808,0.0,MATCH,ATR-NQ,727,1776420480000
dist_gex_nearest_up_atr,1.319044,1.319044,0.0,MATCH,ATR-NQ,727,1776420480000
dist_mq_call_0dte_atr,-11.871393,-11.871393,0.0,MATCH,ATR-NQ,727,1776420480000
dist_mq_call_atr,-0.372038,-0.372038,0.0,MATCH,ATR-NQ,727,1776420480000
dist_mq_hvl_atr,-10.603082,-10.603082,0.0,MATCH,ATR-NQ,727,1776420480000
dist_mq_put_0dte_atr,-1.851734,-1.851734,0.0,MATCH,ATR-NQ,727,1776420480000
dist_mq_put_atr,-21.510559,-21.510559,0.0,MATCH,ATR-NQ,727,1776420480000
dist_open_830_atr,-0.391063,-0.391063,0.0,MATCH,ATR-NQ,727,1776420480000
dist_prev_vah_atr,-0.253662,-0.253662,0.0,MATCH,ATR-NQ,727,1776420480000
dist_prev_val_atr,-1.86019,-1.86019,0.0,MATCH,ATR-NQ,727,1776420480000
dist_prev_vwap_sd1d_atr,-2.165674,-2.165674,0.0,MATCH,ATR-NQ,727,1776420480000
dist_prev_vwap_sd1u_atr,-0.589236,-0.589236,0.0,MATCH,ATR-NQ,727,1776420480000
dist_sess_high_atr,0.008455,0.008455,0.0,MATCH,ATR-NQ,727,1776420480000
dist_session_lvn_below_atr,0.02748,0.02748,0.0,MATCH,ATR-NQ,727,1776420480000
dist_swing_high_atr,-0.131059,-0.131059,0.0,MATCH,ATR-NQ,727,1776420480000
dist_vwap_d_sd1d_atr,-4.11283,-4.11283,0.0,MATCH,ATR-NQ,727,1776420480000
dist_vwap_d_sd1u_atr,-0.467673,-0.467673,0.0,MATCH,ATR-NQ,727,1776420480000
dist_vwap_d_sd2u_atr,-0.187406,-0.187406,0.0,MATCH,ATR-NQ,727,1776420480000
dist_vwap_d_sd3u_atr,0.092844,0.092844,0.0,MATCH,ATR-NQ,727,1776420480000
dist_comp_20d_vpoc_atr,,-19.81947703299723,,MISSING_LIVE,ATR-NQ,727,1776420480000
dist_comp_50d_vpoc_atr,,-19.81947703299723,,MISSING_LIVE,ATR-NQ,727,1776420480000
dist_cur_vwap_vp_atr,,-2.99176105016171,,MISSING_LIVE,ATR-NQ,727,1776420480000
dist_ext_edge_buy_atr,,-0.008455408290527829,,MISSING_LIVE,ATR-NQ,727,1776420480000
dist_ext_edge_sell_atr,,-1.527258122476589,,MISSING_LIVE,ATR-NQ,727,1776420480000
dist_ext_long_dn_atr,,-0.02325237279895153,,MISSING_LIVE,ATR-NQ,727,1776420480000
dist_ext_long_up_atr,,-0.012683112435791743,,MISSING_LIVE,ATR-NQ,727,1776420480000
dist_open_cash_atr,,-0.589764728264316,,MISSING_LIVE,ATR-NQ,727,1776420480000
dist_ovn_high_atr,,-0.13105882850318135,,MISSING_LIVE,ATR-NQ,727,1776420480000
dist_ovn_low_atr,,-1.5980721669097597,,MISSING_LIVE,ATR-NQ,727,1776420480000
dist_prev_vpoc_atr,,-1.4712410425518423,,MISSING_LIVE,ATR-NQ,727,1776420480000
dist_prev_vwap_atr,,-1.3778352040924176,,MISSING_LIVE,ATR-NQ,727,1776420480000
dist_vwap_w_atr,,-4.962482507874099,,MISSING_LIVE,ATR-NQ,727,1776420480000
next_wall_dist_atr,,1.2175787938360074,,MISSING_LIVE,ATR-NQ,727,1776420480000
open_gap_atr,,-0.8814763142875262,,MISSING_LIVE,ATR-NQ,727,1776420480000
ovn_range_atr,,1.4670133384065784,,MISSING_LIVE,ATR-NQ,727,1776420480000
poc_bar_dist_atr,,0.004227704145263914,,MISSING_LIVE,ATR-NQ,727,1776420480000
poc_separation_atr,,0.21561291140845965,,MISSING_LIVE,ATR-NQ,727,1776420480000
range_size_atr,,0.494641384995878,,MISSING_LIVE,ATR-NQ,727,1776420480000
sess_range_atr,,1.6065275752002874,,MISSING_LIVE,ATR-NQ,727,1776420480000
swing_range_atr,,0.16699431373792462,,MISSING_LIVE,ATR-NQ,727,1776420480000
dist_blind_nearest_dn_atr,-0.6479451244001945,,,LIVE_ONLY,ATR-NQ,727,1776420480000
dist_gex_nearest_dn_atr,-1.2175787938360074,,,LIVE_ONLY,ATR-NQ,727,1776420480000
dist_sess_low_atr,-1.5980721669097597,,,LIVE_ONLY,ATR-NQ,727,1776420480000
dist_session_hvn_below_atr,0.4164288583084956,,,LIVE_ONLY,ATR-NQ,727,1776420480000
dist_swing_low_atr,-0.29805314224110596,,,LIVE_ONLY,ATR-NQ,727,1776420480000
dist_vix_call_atr,0.014712410425518423,,,LIVE_ONLY,ATR-NQ,727,1776420480000
dist_vix_gex_nearest_dn_atr,-8.45540829052783e-05,,,LIVE_ONLY,ATR-NQ,727,1776420480000
dist_vix_gex_nearest_up_atr,0.002029297989726679,,,LIVE_ONLY,ATR-NQ,727,1776420480000
dist_vix_hvl_atr,0.007313928171306572,,,LIVE_ONLY,ATR-NQ,727,1776420480000
dist_vix_put_atr,-0.0021984061555372354,,,LIVE_ONLY,ATR-NQ,727,1776420480000
dist_vwap_d_sd2d_atr,-1.3084744329591815,,,LIVE_ONLY,ATR-NQ,727,1776420480000
dist_vwap_d_sd3d_atr,-1.5887249244297883,,,LIVE_ONLY,ATR-NQ,727,1776420480000
im_cross_delta_agreement_5,0.6,0.6,0.0,MATCH,IM-NQ,727,1776420480000
im_open_type_agreement,0.0,0.0,0.0,MATCH,IM-NQ,727,1776420480000
im_rolling_correlation_10,0.936302,0.936302,1e-08,MATCH,IM-NQ,727,1776420480000
im_cross_delta_weighted_5,,12.2,,MISSING_LIVE,IM-NQ,727,1776420480000
im_cross_open_signal,,0.0,,MISSING_LIVE,IM-NQ,727,1776420480000
im_delta_day_divergence,,0.0,,MISSING_LIVE,IM-NQ,727,1776420480000
im_ltr_slope_diff,,0.29653000000000007,,MISSING_LIVE,IM-NQ,727,1776420480000
im_price_ratio_slope_10,,1.4353688983270382e-05,,MISSING_LIVE,IM-NQ,727,1776420480000
im_smt_divergence,,0.0,,MISSING_LIVE,IM-NQ,727,1776420480000
im_volume_lead,,23.200000000000003,,MISSING_LIVE,IM-NQ,727,1776420480000
dist_1d_max_atr,0.20107,0.20107,0.0,MATCH,ATR-NQ,1274,1776453300000
dist_1d_min_atr,-4.865887,-4.865887,0.0,MATCH,ATR-NQ,1274,1776453300000
dist_blind_nearest_up_atr,0.149593,0.149593,0.0,MATCH,ATR-NQ,1274,1776453300000
dist_comp_20d_vah_atr,-12.544738,-12.544738,0.0,MATCH,ATR-NQ,1274,1776453300000
dist_comp_20d_val_atr,-30.689267,-30.689267,0.0,MATCH,ATR-NQ,1274,1776453300000
dist_comp_20d_vwap_atr,-16.59912,-16.59912,0.0,MATCH,ATR-NQ,1274,1776453300000
dist_comp_50d_vah_atr,-11.637914,-11.637914,0.0,MATCH,ATR-NQ,1274,1776453300000
dist_comp_50d_val_atr,-24.633048,-24.633048,0.0,MATCH,ATR-NQ,1274,1776453300000
dist_comp_50d_vwap_atr,-16.786869,-16.786869,0.0,MATCH,ATR-NQ,1274,1776453300000
dist_cur_vah_atr,0.265412,0.265412,0.0,MATCH,ATR-NQ,1274,1776453300000
dist_cur_val_atr,-0.130695,-0.130695,0.0,MATCH,ATR-NQ,1274,1776453300000
dist_cur_vpoc_atr,0.082439,0.082439,0.0,MATCH,ATR-NQ,1274,1776453300000
dist_gex_nearest_up_atr,0.987252,0.987252,0.0,MATCH,ATR-NQ,1274,1776453300000
dist_ib_high_atr,-0.010053,-0.010053,0.0,MATCH,ATR-NQ,1274,1776453300000
dist_ib_low_atr,-1.188322,-1.188322,0.0,MATCH,ATR-NQ,1274,1776453300000
dist_mq_call_0dte_atr,-13.168054,-13.168054,0.0,MATCH,ATR-NQ,1274,1776453300000
dist_mq_call_atr,-2.229863,-2.229863,0.0,MATCH,ATR-NQ,1274,1776453300000
dist_mq_hvl_atr,-11.961636,-11.961636,0.0,MATCH,ATR-NQ,1274,1776453300000
dist_mq_put_0dte_atr,-3.637351,-3.637351,0.0,MATCH,ATR-NQ,1274,1776453300000
dist_mq_put_atr,-22.336832,-22.336832,0.0,MATCH,ATR-NQ,1274,1776453300000
dist_open_830_atr,-2.247959,-2.247959,0.0,MATCH,ATR-NQ,1274,1776453300000
dist_prev_vah_atr,0.852535,0.852535,0.0,MATCH,ATR-NQ,1274,1776453300000
dist_prev_val_atr,-2.412836,-2.412836,0.0,MATCH,ATR-NQ,1274,1776453300000
dist_prev_vwap_sd1d_atr,-2.473079,-2.473079,0.0,MATCH,ATR-NQ,1274,1776453300000
dist_prev_vwap_sd1u_atr,0.167956,0.167956,0.0,MATCH,ATR-NQ,1274,1776453300000
dist_sess_high_atr,0.8646,0.8646,0.0,MATCH,ATR-NQ,1274,1776453300000
dist_session_hvn_above_atr,0.002011,0.002011,0.0,MATCH,ATR-NQ,1274,1776453300000
dist_session_lvn_above_atr,0.428278,0.428278,0.0,MATCH,ATR-NQ,1274,1776453300000
dist_session_lvn_below_atr,0.146781,0.146781,0.0,MATCH,ATR-NQ,1274,1776453300000
dist_swing_high_atr,0.295572,0.295572,0.0,MATCH,ATR-NQ,1274,1776453300000
dist_vwap_d_sd1d_atr,-0.114484,-0.114484,0.0,MATCH,ATR-NQ,1274,1776453300000
dist_vwap_d_sd1u_atr,0.329943,0.329943,0.0,MATCH,ATR-NQ,1274,1776453300000
dist_vwap_d_sd2u_atr,0.509225,0.509225,0.0,MATCH,ATR-NQ,1274,1776453300000
dist_vwap_d_sd3u_atr,0.688507,0.688507,0.0,MATCH,ATR-NQ,1274,1776453300000
dist_comp_20d_vpoc_atr,,-20.728274419913944,,MISSING_LIVE,ATR-NQ,1274,1776453300000
dist_comp_50d_vpoc_atr,,-20.728274419913944,,MISSING_LIVE,ATR-NQ,1274,1776453300000
dist_cur_vwap_vp_atr,,0.6027063980375599,,MISSING_LIVE,ATR-NQ,1274,1776453300000
dist_ext_edge_buy_atr,,-0.024128362890577876,,MISSING_LIVE,ATR-NQ,1274,1776453300000
dist_ext_edge_sell_atr,,-3.328708730445973,,MISSING_LIVE,ATR-NQ,1274,1776453300000
dist_ext_long_dn_atr,,0.0,,MISSING_LIVE,ATR-NQ,1274,1776453300000
dist_ext_long_up_atr,,0.04423533196605944,,MISSING_LIVE,ATR-NQ,1274,1776453300000
dist_open_cash_atr,,-0.7158080990871436,,MISSING_LIVE,ATR-NQ,1274,1776453300000
dist_ovn_high_atr,,0.35991474645112,,MISSING_LIVE,ATR-NQ,1274,1776453300000
dist_ovn_low_atr,,-0.1749306309566896,,MISSING_LIVE,ATR-NQ,1274,1776453300000
dist_prev_vpoc_atr,,0.5046849237945872,,MISSING_LIVE,ATR-NQ,1274,1776453300000
dist_prev_vwap_atr,,-1.1499772791249447,,MISSING_LIVE,ATR-NQ,1274,1776453300000
dist_vwap_w_atr,,-5.389280371576789,,MISSING_LIVE,ATR-NQ,1274,1776453300000
next_wall_dist_atr,,0.21916596292274904,,MISSING_LIVE,ATR-NQ,1274,1776453300000
open_gap_atr,,1.2204930228817308,,MISSING_LIVE,ATR-NQ,1274,1776453300000
ovn_range_atr,,0.5348453774078096,,MISSING_LIVE,ATR-NQ,1274,1776453300000
poc_bar_dist_atr,,0.002010696907548156,,MISSING_LIVE,ATR-NQ,1274,1776453300000
poc_separation_atr,,0.10053484537740781,,MISSING_LIVE,ATR-NQ,1274,1776453300000
range_size_atr,,0.3961072907869868,,MISSING_LIVE,ATR-NQ,1274,1776453300000
sess_range_atr,,4.260666747094543,,MISSING_LIVE,ATR-NQ,1274,1776453300000
swing_range_atr,,0.3699682309888608,,MISSING_LIVE,ATR-NQ,1274,1776453300000
dist_blind_nearest_dn_atr,-1.7595954477822016,,,LIVE_ONLY,ATR-NQ,1274,1776453300000
dist_gex_nearest_dn_atr,-0.21916596292274904,,,LIVE_ONLY,ATR-NQ,1274,1776453300000
dist_sess_low_atr,-3.396067076848836,,,LIVE_ONLY,ATR-NQ,1274,1776453300000
dist_session_hvn_below_atr,0.002010696907548156,,,LIVE_ONLY,ATR-NQ,1274,1776453300000
dist_swing_low_atr,-0.07439578557928178,,,LIVE_ONLY,ATR-NQ,1274,1776453300000
dist_vix_call_atr,0.014637873486950578,,,LIVE_ONLY,ATR-NQ,1274,1776453300000
dist_vix_gex_nearest_dn_atr,-0.00044235331966059437,,,LIVE_ONLY,ATR-NQ,1274,1776453300000
dist_vix_gex_nearest_up_atr,0.0005629951341134838,,,LIVE_ONLY,ATR-NQ,1274,1776453300000
dist_vix_hvl_atr,0.00760043431053203,,,LIVE_ONLY,ATR-NQ,1274,1776453300000
dist_vix_put_atr,-0.0014477017734346724,,,LIVE_ONLY,ATR-NQ,1274,1776453300000
dist_vwap_d_sd2d_atr,-0.20790284312542728,,,LIVE_ONLY,ATR-NQ,1274,1776453300000
dist_vwap_d_sd3d_atr,-0.38718482325974185,,,LIVE_ONLY,ATR-NQ,1274,1776453300000
im_cross_delta_agreement_5,0.6,0.6,0.0,MATCH,IM-NQ,1274,1776453300000
im_open_type_agreement,1.0,1.0,0.0,MATCH,IM-NQ,1274,1776453300000
im_rolling_correlation_10,0.970989,0.970989,0.0,MATCH,IM-NQ,1274,1776453300000
im_cross_delta_weighted_5,,60.6,,MISSING_LIVE,IM-NQ,1274,1776453300000
im_cross_open_signal,,0.85,,MISSING_LIVE,IM-NQ,1274,1776453300000
im_delta_day_divergence,,1.0,,MISSING_LIVE,IM-NQ,1274,1776453300000
im_ltr_slope_diff,,-0.00027000000000006186,,MISSING_LIVE,IM-NQ,1274,1776453300000
im_price_ratio_slope_10,,3.80581933694081e-05,,MISSING_LIVE,IM-NQ,1274,1776453300000
im_smt_divergence,,0.0,,MISSING_LIVE,IM-NQ,1274,1776453300000
im_volume_lead,,-273.7,,MISSING_LIVE,IM-NQ,1274,1776453300000
dist_1d_max_atr,0.599085,0.599085,0.0,MATCH,ATR-NQ,903,1776431040000
dist_1d_min_atr,-4.5711,-4.5711,0.0,MATCH,ATR-NQ,903,1776431040000
dist_blind_nearest_up_atr,0.546559,0.546559,0.0,MATCH,ATR-NQ,903,1776431040000
dist_comp_20d_vah_atr,-13.42812,-13.42812,0.0,MATCH,ATR-NQ,903,1776431040000
dist_comp_20d_val_atr,-30.92058,-30.92058,0.0,MATCH,ATR-NQ,903,1776431040000
dist_comp_20d_vwap_atr,-17.417847,-17.417847,0.0,MATCH,ATR-NQ,903,1776431040000
dist_comp_50d_vah_atr,-11.952976,-11.952976,0.0,MATCH,ATR-NQ,903,1776431040000
dist_comp_50d_val_atr,-24.740978,-24.740978,0.0,MATCH,ATR-NQ,903,1776431040000
dist_comp_50d_vwap_atr,-17.327285,-17.327285,0.0,MATCH,ATR-NQ,903,1776431040000
dist_cur_vah_atr,-1.869063,-1.869063,0.0,MATCH,ATR-NQ,903,1776431040000
dist_cur_val_atr,-2.615868,-2.615868,0.0,MATCH,ATR-NQ,903,1776431040000
dist_cur_vpoc_atr,-2.291705,-2.291705,0.0,MATCH,ATR-NQ,903,1776431040000
dist_gex_nearest_up_atr,0.170288,0.170288,0.0,MATCH,ATR-NQ,903,1776431040000
dist_mq_call_0dte_atr,-13.042408,-13.042408,0.0,MATCH,ATR-NQ,903,1776431040000
dist_mq_call_atr,-1.881373,-1.881373,0.0,MATCH,ATR-NQ,903,1776431040000
dist_mq_hvl_atr,-11.811411,-11.811411,0.0,MATCH,ATR-NQ,903,1776431040000
dist_mq_put_0dte_atr,-3.317536,-3.317536,0.0,MATCH,ATR-NQ,903,1776431040000
dist_mq_put_atr,-22.397981,-22.397981,0.0,MATCH,ATR-NQ,903,1776431040000
dist_open_830_atr,-1.899838,-1.899838,0.0,MATCH,ATR-NQ,903,1776431040000
dist_prev_vah_atr,-1.76648,-1.76648,0.0,MATCH,ATR-NQ,903,1776431040000
dist_prev_val_atr,-3.325742,-3.325742,0.0,MATCH,ATR-NQ,903,1776431040000
dist_prev_vwap_sd1d_atr,-3.622239,-3.622239,0.0,MATCH,ATR-NQ,903,1776431040000
dist_prev_vwap_sd1u_atr,-2.092181,-2.092181,0.0,MATCH,ATR-NQ,903,1776431040000
dist_sess_high_atr,0.13541,0.13541,0.0,MATCH,ATR-NQ,903,1776431040000
dist_session_lvn_above_atr,0.004103,0.004103,0.0,MATCH,ATR-NQ,903,1776431040000
dist_session_lvn_below_atr,0.244148,0.244148,0.0,MATCH,ATR-NQ,903,1776431040000
dist_swing_high_atr,-0.685255,-0.685255,0.0,MATCH,ATR-NQ,903,1776431040000
dist_vwap_d_sd1d_atr,-10.819112,-10.819112,0.0,MATCH,ATR-NQ,903,1776431040000
dist_vwap_d_sd1u_atr,-1.303366,-1.303366,0.0,MATCH,ATR-NQ,903,1776431040000
dist_vwap_d_sd2u_atr,-0.602659,-0.602659,0.0,MATCH,ATR-NQ,903,1776431040000
dist_vwap_d_sd3u_atr,0.098031,0.098031,0.0,MATCH,ATR-NQ,903,1776431040000
dist_comp_20d_vpoc_atr,,-20.75665251020701,,MISSING_LIVE,ATR-NQ,903,1776431040000
dist_comp_50d_vpoc_atr,,-20.75665251020701,,MISSING_LIVE,ATR-NQ,903,1776431040000
dist_cur_vwap_vp_atr,,-8.016223713095751,,MISSING_LIVE,ATR-NQ,903,1776431040000
dist_ext_edge_buy_atr,,-0.008206643277733325,,MISSING_LIVE,ATR-NQ,903,1776431040000
dist_ext_edge_sell_atr,,0.0020516608194333314,,MISSING_LIVE,ATR-NQ,903,1776431040000
dist_ext_long_dn_atr,,-0.17028784801296648,,MISSING_LIVE,ATR-NQ,903,1776431040000
dist_ext_long_up_atr,,-0.08822141523563325,,MISSING_LIVE,ATR-NQ,903,1776431040000
dist_open_cash_atr,,-2.0926940358219976,,MISSING_LIVE,ATR-NQ,903,1776431040000
dist_ovn_high_atr,,-1.647483638004965,,MISSING_LIVE,ATR-NQ,903,1776431040000
dist_ovn_low_atr,,-3.071336246691697,,MISSING_LIVE,ATR-NQ,903,1776431040000
dist_prev_vpoc_atr,,-2.948236597525697,,MISSING_LIVE,ATR-NQ,903,1776431040000
dist_prev_vwap_atr,,-2.8575788350669864,,MISSING_LIVE,ATR-NQ,903,1776431040000
dist_vwap_w_atr,,-6.211002441476375,,MISSING_LIVE,ATR-NQ,903,1776431040000
next_wall_dist_atr,,0.17028784801296648,,MISSING_LIVE,ATR-NQ,903,1776431040000
open_gap_atr,,-0.8555425617036991,,MISSING_LIVE,ATR-NQ,903,1776431040000
ovn_range_atr,,1.4238526086867318,,MISSING_LIVE,ATR-NQ,903,1776431040000
poc_bar_dist_atr,,0.0328265731109333,,MISSING_LIVE,ATR-NQ,903,1776431040000
poc_separation_atr,,0.20926940358219978,,MISSING_LIVE,ATR-NQ,903,1776431040000
range_size_atr,,0.7468045382737325,,MISSING_LIVE,ATR-NQ,903,1776431040000
sess_range_atr,,3.2067458607742965,,MISSING_LIVE,ATR-NQ,903,1776431040000
swing_range_atr,,0.3569889825813996,,MISSING_LIVE,ATR-NQ,903,1776431040000
dist_blind_nearest_dn_atr,-1.4015247943210027,,,LIVE_ONLY,ATR-NQ,903,1776431040000
dist_gex_nearest_dn_atr,-0.24004431587369976,,,LIVE_ONLY,ATR-NQ,903,1776431040000
dist_sess_low_atr,-3.071336246691697,,,LIVE_ONLY,ATR-NQ,903,1776431040000
dist_session_hvn_below_atr,0.08411809359676657,,,LIVE_ONLY,ATR-NQ,903,1776431040000
dist_swing_low_atr,-1.0422436962721322,,,LIVE_ONLY,ATR-NQ,903,1776431040000
dist_vix_call_atr,0.015633655444081983,,,LIVE_ONLY,ATR-NQ,903,1776431040000
dist_vix_gex_nearest_dn_atr,-0.004882952750251328,,,LIVE_ONLY,ATR-NQ,903,1776431040000
dist_vix_gex_nearest_up_atr,0.00024619929833199973,,,LIVE_ONLY,ATR-NQ,903,1776431040000
dist_vix_hvl_atr,0.008452842576065324,,,LIVE_ONLY,ATR-NQ,903,1776431040000
dist_vix_put_atr,-0.0007796311113846658,,,LIVE_ONLY,ATR-NQ,903,1776431040000
dist_vwap_d_sd2d_atr,-3.4054844997025087,,,LIVE_ONLY,ATR-NQ,903,1776431040000
dist_vwap_d_sd3d_atr,-4.106174678402167,,,LIVE_ONLY,ATR-NQ,903,1776431040000
im_cross_delta_agreement_5,0.6,0.6,0.0,MATCH,IM-NQ,903,1776431040000
im_open_type_agreement,0.0,0.0,0.0,MATCH,IM-NQ,903,1776431040000
im_rolling_correlation_10,0.955848,0.955848,0.0,MATCH,IM-NQ,903,1776431040000
im_cross_delta_weighted_5,,44.4,,MISSING_LIVE,IM-NQ,903,1776431040000
im_cross_open_signal,,0.0,,MISSING_LIVE,IM-NQ,903,1776431040000
im_delta_day_divergence,,-1.0,,MISSING_LIVE,IM-NQ,903,1776431040000
im_ltr_slope_diff,,-0.15973999999999997,,MISSING_LIVE,IM-NQ,903,1776431040000
im_price_ratio_slope_10,,2.9168270943396292e-05,,MISSING_LIVE,IM-NQ,903,1776431040000
im_smt_divergence,,0.0,,MISSING_LIVE,IM-NQ,903,1776431040000
im_volume_lead,,322.7,,MISSING_LIVE,IM-NQ,903,1776431040000
dist_1d_max_atr,-0.239273,-0.239273,0.0,MATCH,ATR-NQ,1365,1776458759000
dist_1d_min_atr,-5.306229,-5.306229,0.0,MATCH,ATR-NQ,1365,1776458759000
dist_blind_nearest_up_atr,1.874205,1.874205,0.0,MATCH,ATR-NQ,1365,1776458759000
dist_comp_20d_vah_atr,-12.92476,-12.92476,0.0,MATCH,ATR-NQ,1365,1776458759000
dist_comp_20d_val_atr,-31.12961,-31.12961,0.0,MATCH,ATR-NQ,1365,1776458759000
dist_comp_20d_vwap_atr,-16.941567,-16.941567,0.0,MATCH,ATR-NQ,1365,1776458759000
dist_comp_50d_vah_atr,-11.999839,-11.999839,0.0,MATCH,ATR-NQ,1365,1776458759000
dist_comp_50d_val_atr,-25.07339,-25.07339,0.0,MATCH,ATR-NQ,1365,1776458759000
dist_comp_50d_vwap_atr,-17.150459,-17.150459,0.0,MATCH,ATR-NQ,1365,1776458759000
dist_cur_vah_atr,0.008043,0.008043,0.0,MATCH,ATR-NQ,1365,1776458759000
dist_cur_val_atr,-0.422246,-0.422246,0.0,MATCH,ATR-NQ,1365,1776458759000
dist_cur_vpoc_atr,-0.024128,-0.024128,0.0,MATCH,ATR-NQ,1365,1776458759000
dist_gex_nearest_up_atr,0.54691,0.54691,0.0,MATCH,ATR-NQ,1365,1776458759000
dist_mq_call_0dte_atr,-13.608397,-13.608397,0.0,MATCH,ATR-NQ,1365,1776458759000
dist_mq_call_atr,-2.670205,-2.670205,0.0,MATCH,ATR-NQ,1365,1776458759000
dist_mq_hvl_atr,-12.401979,-12.401979,0.0,MATCH,ATR-NQ,1365,1776458759000
dist_mq_put_0dte_atr,-4.077693,-4.077693,0.0,MATCH,ATR-NQ,1365,1776458759000
dist_mq_put_atr,-22.777175,-22.777175,0.0,MATCH,ATR-NQ,1365,1776458759000
dist_open_830_atr,-2.688302,-2.688302,0.0,MATCH,ATR-NQ,1365,1776458759000
dist_prev_vah_atr,0.412193,0.412193,0.0,MATCH,ATR-NQ,1365,1776458759000
dist_prev_val_atr,-2.853179,-2.853179,0.0,MATCH,ATR-NQ,1365,1776458759000
dist_prev_vwap_sd1d_atr,-2.913421,-2.913421,0.0,MATCH,ATR-NQ,1365,1776458759000
dist_prev_vwap_sd1u_atr,-0.272387,-0.272387,0.0,MATCH,ATR-NQ,1365,1776458759000
dist_sess_high_atr,0.424257,0.424257,0.0,MATCH,ATR-NQ,1365,1776458759000
dist_session_lvn_above_atr,0.042225,0.042225,0.0,MATCH,ATR-NQ,1365,1776458759000
dist_session_lvn_below_atr,0.583102,0.583102,0.0,MATCH,ATR-NQ,1365,1776458759000
dist_swing_high_atr,0.104556,0.104556,0.0,MATCH,ATR-NQ,1365,1776458759000
dist_vwap_d_sd1d_atr,-1.767717,-1.767717,0.0,MATCH,ATR-NQ,1365,1776458759000
dist_vwap_d_sd1u_atr,-0.049843,-0.049843,0.0,MATCH,ATR-NQ,1365,1776458759000
dist_vwap_d_sd2u_atr,0.1462,0.1462,0.0,MATCH,ATR-NQ,1365,1776458759000
dist_vwap_d_sd3u_atr,0.342243,0.342243,0.0,MATCH,ATR-NQ,1365,1776458759000
dist_comp_20d_vpoc_atr,,-21.16861704266699,,MISSING_LIVE,ATR-NQ,1365,1776458759000
dist_comp_50d_vpoc_atr,,-21.16861704266699,,MISSING_LIVE,ATR-NQ,1365,1776458759000
dist_cur_vwap_vp_atr,,-0.983545260787389,,MISSING_LIVE,ATR-NQ,1365,1776458759000
dist_ext_edge_buy_atr,,0.002010696907548156,,MISSING_LIVE,ATR-NQ,1365,1776458759000
dist_ext_edge_sell_atr,,-0.010053484537740782,,MISSING_LIVE,ATR-NQ,1365,1776458759000
dist_ext_long_dn_atr,,-0.3699682309888608,,MISSING_LIVE,ATR-NQ,1365,1776458759000
dist_ext_long_up_atr,,-0.3558933526360237,,MISSING_LIVE,ATR-NQ,1365,1776458759000
dist_open_cash_atr,,-2.8773072747014115,,MISSING_LIVE,ATR-NQ,1365,1776458759000
dist_ovn_high_atr,,0.10455623919250413,,MISSING_LIVE,ATR-NQ,1365,1776458759000
dist_ovn_low_atr,,-0.6152732537097358,,MISSING_LIVE,ATR-NQ,1365,1776458759000
dist_prev_vpoc_atr,,0.064342301041541,,MISSING_LIVE,ATR-NQ,1365,1776458759000
dist_prev_vwap_atr,,-1.590319901877991,,MISSING_LIVE,ATR-NQ,1365,1776458759000
dist_vwap_w_atr,,-5.704896851248643,,MISSING_LIVE,ATR-NQ,1365,1776458759000
next_wall_dist_atr,,0.5469095588530986,,MISSING_LIVE,ATR-NQ,1365,1776458759000
open_gap_atr,,2.941649575742953,,MISSING_LIVE,ATR-NQ,1365,1776458759000
ovn_range_atr,,0.71982949290224,,MISSING_LIVE,ATR-NQ,1365,1776458759000
poc_bar_dist_atr,,0.024128362890577876,,MISSING_LIVE,ATR-NQ,1365,1776458759000
poc_separation_atr,,0.23324084127558614,,MISSING_LIVE,ATR-NQ,1365,1776458759000
range_size_atr,,0.43028913821530546,,MISSING_LIVE,ATR-NQ,1365,1776458759000
sess_range_atr,,4.260666747094543,,MISSING_LIVE,ATR-NQ,1365,1776458759000
swing_range_atr,,0.21313387220010457,,MISSING_LIVE,ATR-NQ,1365,1776458759000
dist_blind_nearest_dn_atr,-0.29074998994651546,,,LIVE_ONLY,ATR-NQ,1365,1776458759000
dist_gex_nearest_dn_atr,-0.6595085856757953,,,LIVE_ONLY,ATR-NQ,1365,1776458759000
dist_sess_low_atr,-3.8364096996018824,,,LIVE_ONLY,ATR-NQ,1365,1776458759000
dist_session_hvn_below_atr,0.020106969075481564,,,LIVE_ONLY,ATR-NQ,1365,1776458759000
dist_swing_low_atr,-0.10857763300760044,,,LIVE_ONLY,ATR-NQ,1365,1776458759000
dist_vix_call_atr,0.015120440744762135,,,LIVE_ONLY,ATR-NQ,1365,1776458759000
dist_vix_gex_nearest_dn_atr,-0.004986528330719427,,,LIVE_ONLY,ATR-NQ,1365,1776458759000
dist_vix_gex_nearest_up_atr,4.021393815096313e-05,,,LIVE_ONLY,ATR-NQ,1365,1776458759000
dist_vix_hvl_atr,0.008083001568343587,,,LIVE_ONLY,ATR-NQ,1365,1776458759000
dist_vix_put_atr,-0.0009651345156231149,,,LIVE_ONLY,ATR-NQ,1365,1776458759000
dist_vwap_d_sd2d_atr,-0.6379722121687378,,,LIVE_ONLY,ATR-NQ,1365,1776458759000
dist_vwap_d_sd3d_atr,-0.834015160654683,,,LIVE_ONLY,ATR-NQ,1365,1776458759000
im_cross_delta_agreement_5,0.6,0.6,0.0,MATCH,IM-NQ,1365,1776458759000
im_open_type_agreement,1.0,1.0,0.0,MATCH,IM-NQ,1365,1776458759000
im_rolling_correlation_10,0.966346,0.966346,0.0,MATCH,IM-NQ,1365,1776458759000
im_cross_delta_weighted_5,,18.4,,MISSING_LIVE,IM-NQ,1365,1776458759000
im_cross_open_signal,,0.85,,MISSING_LIVE,IM-NQ,1365,1776458759000
im_delta_day_divergence,,1.0,,MISSING_LIVE,IM-NQ,1365,1776458759000
im_ltr_slope_diff,,0.31911,,MISSING_LIVE,IM-NQ,1365,1776458759000
im_price_ratio_slope_10,,-3.681157879229042e-06,,MISSING_LIVE,IM-NQ,1365,1776458759000
im_smt_divergence,,0.0,,MISSING_LIVE,IM-NQ,1365,1776458759000
im_volume_lead,,-90.60000000000001,,MISSING_LIVE,IM-NQ,1365,1776458759000
dist_1d_max_atr,-0.565006,-0.565006,0.0,MATCH,ATR-NQ,1129,1776444600000
dist_1d_min_atr,-5.631962,-5.631962,0.0,MATCH,ATR-NQ,1129,1776444600000
dist_blind_nearest_up_atr,1.548472,1.548472,0.0,MATCH,ATR-NQ,1129,1776444600000
dist_comp_20d_vah_atr,-13.837616,-13.837616,0.0,MATCH,ATR-NQ,1129,1776444600000
dist_comp_20d_val_atr,-31.455342,-31.455342,0.0,MATCH,ATR-NQ,1129,1776444600000
dist_comp_20d_vwap_atr,-17.729524,-17.729524,0.0,MATCH,ATR-NQ,1129,1776444600000
dist_comp_50d_vah_atr,-12.55077,-12.55077,0.0,MATCH,ATR-NQ,1129,1776444600000
dist_comp_50d_val_atr,-25.399123,-25.399123,0.0,MATCH,ATR-NQ,1129,1776444600000
dist_comp_50d_vwap_atr,-17.734661,-17.734661,0.0,MATCH,ATR-NQ,1129,1776444600000
dist_cur_vah_atr,0.08646,0.08646,0.0,MATCH,ATR-NQ,1129,1776444600000
dist_cur_val_atr,-3.182933,-3.182933,0.0,MATCH,ATR-NQ,1129,1776444600000
dist_cur_vpoc_atr,-0.261391,-0.261391,0.0,MATCH,ATR-NQ,1129,1776444600000
dist_gex_nearest_up_atr,0.221177,0.221177,0.0,MATCH,ATR-NQ,1129,1776444600000
dist_ib_high_atr,-0.776129,-0.776129,0.0,MATCH,ATR-NQ,1129,1776444600000
dist_ib_low_atr,-1.954397,-1.954397,0.0,MATCH,ATR-NQ,1129,1776444600000
dist_mq_call_0dte_atr,-13.93413,-13.93413,0.0,MATCH,ATR-NQ,1129,1776444600000
dist_mq_call_atr,-2.995938,-2.995938,0.0,MATCH,ATR-NQ,1129,1776444600000
dist_mq_hvl_atr,-12.727711,-12.727711,0.0,MATCH,ATR-NQ,1129,1776444600000
dist_mq_put_0dte_atr,-4.403426,-4.403426,0.0,MATCH,ATR-NQ,1129,1776444600000
dist_mq_put_atr,-23.102907,-23.102907,0.0,MATCH,ATR-NQ,1129,1776444600000
dist_open_830_atr,-3.014035,-3.014035,0.0,MATCH,ATR-NQ,1129,1776444600000
dist_prev_vah_atr,-2.883339,-2.883339,0.0,MATCH,ATR-NQ,1129,1776444600000
dist_prev_val_atr,-4.411469,-4.411469,0.0,MATCH,ATR-NQ,1129,1776444600000
dist_prev_vwap_sd1d_atr,-4.702046,-4.702046,0.0,MATCH,ATR-NQ,1129,1776444600000
dist_prev_vwap_sd1u_atr,-3.202537,-3.202537,0.0,MATCH,ATR-NQ,1129,1776444600000
dist_sess_high_atr,0.098524,0.098524,0.0,MATCH,ATR-NQ,1129,1776444600000
dist_session_hvn_above_atr,0.004021,0.004021,0.0,MATCH,ATR-NQ,1129,1776444600000
dist_session_lvn_above_atr,0.062332,0.062332,0.0,MATCH,ATR-NQ,1129,1776444600000
dist_session_lvn_below_atr,0.735915,0.735915,0.0,MATCH,ATR-NQ,1129,1776444600000
dist_swing_high_atr,0.098524,0.098524,0.0,MATCH,ATR-NQ,1129,1776444600000
dist_vwap_d_sd1d_atr,-13.041255,-13.041255,0.0,MATCH,ATR-NQ,1129,1776444600000
dist_vwap_d_sd1u_atr,-0.602235,-0.602235,0.0,MATCH,ATR-NQ,1129,1776444600000
dist_vwap_d_sd2u_atr,0.726804,0.726804,0.0,MATCH,ATR-NQ,1129,1776444600000
dist_vwap_d_sd3u_atr,2.055843,2.055843,0.0,MATCH,ATR-NQ,1129,1776444600000
dist_comp_20d_vpoc_atr,,-21.49434994168979,,MISSING_LIVE,ATR-NQ,1129,1776444600000
dist_comp_50d_vpoc_atr,,-21.49434994168979,,MISSING_LIVE,ATR-NQ,1129,1776444600000
dist_cur_vwap_vp_atr,,-7.7250347850565015,,MISSING_LIVE,ATR-NQ,1129,1776444600000
dist_ext_edge_buy_atr,,0.004021393815096312,,MISSING_LIVE,ATR-NQ,1129,1776444600000
dist_ext_edge_sell_atr,,0.008042787630192625,,MISSING_LIVE,ATR-NQ,1129,1776444600000
dist_ext_long_dn_atr,,-0.6957011300116621,,MISSING_LIVE,ATR-NQ,1129,1776444600000
dist_ext_long_up_atr,,-0.681626251658825,,MISSING_LIVE,ATR-NQ,1129,1776444600000
dist_open_cash_atr,,-1.481883620862991,,MISSING_LIVE,ATR-NQ,1129,1776444600000
dist_ovn_high_atr,,-2.766718944786263,,MISSING_LIVE,ATR-NQ,1129,1776444600000
dist_ovn_low_atr,,-4.162142598624683,,MISSING_LIVE,ATR-NQ,1129,1776444600000
dist_prev_vpoc_atr,,-4.041500784171794,,MISSING_LIVE,ATR-NQ,1129,1776444600000
dist_prev_vwap_atr,,-3.95265311456951,,MISSING_LIVE,ATR-NQ,1129,1776444600000
dist_vwap_w_atr,,-6.4660556158764635,,MISSING_LIVE,ATR-NQ,1129,1776444600000
next_wall_dist_atr,,0.2211766598302972,,MISSING_LIVE,ATR-NQ,1129,1776444600000
open_gap_atr,,-2.559617163308803,,MISSING_LIVE,ATR-NQ,1129,1776444600000
ovn_range_atr,,1.3954236538384204,,MISSING_LIVE,ATR-NQ,1129,1776444600000
poc_bar_dist_atr,,0.018096272167933407,,MISSING_LIVE,ATR-NQ,1129,1776444600000
poc_separation_atr,,3.136687175775124,,MISSING_LIVE,ATR-NQ,1129,1776444600000
range_size_atr,,3.2693931716733022,,MISSING_LIVE,ATR-NQ,1129,1776444600000
sess_range_atr,,4.260666747094543,,MISSING_LIVE,ATR-NQ,1129,1776444600000
swing_range_atr,,0.49061004544175013,,MISSING_LIVE,ATR-NQ,1129,1776444600000
dist_blind_nearest_dn_atr,-0.6164828889693168,,,LIVE_ONLY,ATR-NQ,1129,1776444600000
dist_gex_nearest_dn_atr,-0.9852414846985966,,,LIVE_ONLY,ATR-NQ,1129,1776444600000
dist_sess_low_atr,-4.162142598624683,,,LIVE_ONLY,ATR-NQ,1129,1776444600000
dist_session_hvn_below_atr,0.002010696907548156,,,LIVE_ONLY,ATR-NQ,1129,1776444600000
dist_swing_low_atr,-0.3920858969718905,,,LIVE_ONLY,ATR-NQ,1129,1776444600000
dist_vix_call_atr,0.015140547713837618,,,LIVE_ONLY,ATR-NQ,1129,1776444600000
dist_vix_gex_nearest_dn_atr,-0.004966421361643946,,,LIVE_ONLY,ATR-NQ,1129,1776444600000
dist_vix_gex_nearest_up_atr,6.032090722644468e-05,,,LIVE_ONLY,ATR-NQ,1129,1776444600000
dist_vix_hvl_atr,0.00810310853741907,,,LIVE_ONLY,ATR-NQ,1129,1776444600000
dist_vix_put_atr,-0.0009450275465476334,,,LIVE_ONLY,ATR-NQ,1129,1776444600000
dist_vwap_d_sd2d_atr,-4.5893529577351515,,,LIVE_ONLY,ATR-NQ,1129,1776444600000
dist_vwap_d_sd3d_atr,-5.918392045683034,,,LIVE_ONLY,ATR-NQ,1129,1776444600000
im_cross_delta_agreement_5,0.4,0.4,0.0,MATCH,IM-NQ,1129,1776444600000
im_open_type_agreement,0.0,0.0,0.0,MATCH,IM-NQ,1129,1776444600000
im_rolling_correlation_10,0.941983,0.941983,0.0,MATCH,IM-NQ,1129,1776444600000
im_cross_delta_weighted_5,,16.2,,MISSING_LIVE,IM-NQ,1129,1776444600000
im_cross_open_signal,,0.0,,MISSING_LIVE,IM-NQ,1129,1776444600000
im_delta_day_divergence,,-1.0,,MISSING_LIVE,IM-NQ,1129,1776444600000
im_ltr_slope_diff,,0.18465999999999996,,MISSING_LIVE,IM-NQ,1129,1776444600000
im_price_ratio_slope_10,,-1.0717035028796854e-05,,MISSING_LIVE,IM-NQ,1129,1776444600000
im_smt_divergence,,0.0,,MISSING_LIVE,IM-NQ,1129,1776444600000
im_volume_lead,,52.3,,MISSING_LIVE,IM-NQ,1129,1776444600000
dist_1d_max_atr,0.698406,0.698406,0.0,MATCH,ATR-NQ,925,1776432359000
dist_1d_min_atr,-4.417826,-4.417826,0.0,MATCH,ATR-NQ,925,1776432359000
dist_blind_nearest_up_atr,0.646429,0.646429,0.0,MATCH,ATR-NQ,925,1776432359000
dist_comp_20d_vah_atr,-13.160085,-13.160085,0.0,MATCH,ATR-NQ,925,1776432359000
dist_comp_20d_val_atr,-30.492336,-30.492336,0.0,MATCH,ATR-NQ,925,1776432359000
dist_comp_20d_vwap_atr,-17.086352,-17.086352,0.0,MATCH,ATR-NQ,925,1776432359000
dist_comp_50d_vah_atr,-11.698305,-11.698305,0.0,MATCH,ATR-NQ,925,1776432359000
dist_comp_50d_val_atr,-24.377221,-24.377221,0.0,MATCH,ATR-NQ,925,1776432359000
dist_comp_50d_vwap_atr,-17.005317,-17.005317,0.0,MATCH,ATR-NQ,925,1776432359000
dist_cur_vah_atr,-1.676987,-1.676987,0.0,MATCH,ATR-NQ,925,1776432359000
dist_cur_val_atr,-2.637296,-2.637296,0.0,MATCH,ATR-NQ,925,1776432359000
dist_cur_vpoc_atr,-2.162217,-2.162217,0.0,MATCH,ATR-NQ,925,1776432359000
dist_gex_nearest_up_atr,0.274084,0.274084,0.0,MATCH,ATR-NQ,925,1776432359000
dist_mq_call_0dte_atr,-12.800731,-12.800731,0.0,MATCH,ATR-NQ,925,1776432359000
dist_mq_call_atr,-1.756167,-1.756167,0.0,MATCH,ATR-NQ,925,1776432359000
dist_mq_hvl_atr,-11.58258,-11.58258,0.0,MATCH,ATR-NQ,925,1776432359000
dist_mq_put_0dte_atr,-3.177342,-3.177342,0.0,MATCH,ATR-NQ,925,1776432359000
dist_mq_put_atr,-22.058674,-22.058674,0.0,MATCH,ATR-NQ,925,1776432359000
dist_open_830_atr,-1.774439,-1.774439,0.0,MATCH,ATR-NQ,925,1776432359000
dist_prev_vah_atr,-1.642473,-1.642473,0.0,MATCH,ATR-NQ,925,1776432359000
dist_prev_val_atr,-3.185463,-3.185463,0.0,MATCH,ATR-NQ,925,1776432359000
dist_prev_vwap_sd1d_atr,-3.478866,-3.478866,0.0,MATCH,ATR-NQ,925,1776432359000
dist_prev_vwap_sd1u_atr,-1.964775,-1.964775,0.0,MATCH,ATR-NQ,925,1776432359000
dist_sess_high_atr,0.824282,0.824282,0.0,MATCH,ATR-NQ,925,1776432359000
dist_session_hvn_above_atr,0.176632,0.176632,0.0,MATCH,ATR-NQ,925,1776432359000
dist_session_lvn_above_atr,0.359354,0.359354,0.0,MATCH,ATR-NQ,925,1776432359000
dist_session_lvn_below_atr,0.136027,0.136027,0.0,MATCH,ATR-NQ,925,1776432359000
dist_swing_high_atr,0.824282,0.824282,0.0,MATCH,ATR-NQ,925,1776432359000
dist_vwap_d_sd1d_atr,-10.440691,-10.440691,0.0,MATCH,ATR-NQ,925,1776432359000
dist_vwap_d_sd1u_atr,-0.778792,-0.778792,0.0,MATCH,ATR-NQ,925,1776432359000
dist_vwap_d_sd2u_atr,0.136899,0.136899,0.0,MATCH,ATR-NQ,925,1776432359000
dist_vwap_d_sd3u_atr,1.05259,1.05259,0.0,MATCH,ATR-NQ,925,1776432359000
dist_comp_20d_vpoc_atr,,-20.4344736574967,,MISSING_LIVE,ATR-NQ,925,1776432359000
dist_comp_50d_vpoc_atr,,-20.4344736574967,,MISSING_LIVE,ATR-NQ,925,1776432359000
dist_cur_vwap_vp_atr,,-6.777865394376206,,MISSING_LIVE,ATR-NQ,925,1776432359000
dist_ext_edge_buy_atr,,-0.07714952796670389,,MISSING_LIVE,ATR-NQ,925,1776432359000
dist_ext_edge_sell_atr,,0.022332758095624808,,MISSING_LIVE,ATR-NQ,925,1776432359000
dist_ext_long_dn_atr,,-0.038574763983351947,,MISSING_LIVE,ATR-NQ,925,1776432359000
dist_ext_long_up_atr,,-0.014211755151761242,,MISSING_LIVE,ATR-NQ,925,1776432359000
dist_open_cash_atr,,-1.9652827124149832,,MISSING_LIVE,ATR-NQ,925,1776432359000
dist_ovn_high_atr,,-1.5247183027103848,,MISSING_LIVE,ATR-NQ,925,1776432359000
dist_ovn_low_atr,,-2.9337123134707137,,MISSING_LIVE,ATR-NQ,925,1776432359000
dist_prev_vpoc_atr,,-2.81189726931276,,MISSING_LIVE,ATR-NQ,925,1776432359000
dist_prev_vwap_atr,,-2.7221855649172673,,MISSING_LIVE,ATR-NQ,925,1776432359000
dist_vwap_w_atr,,-5.965653842249518,,MISSING_LIVE,ATR-NQ,925,1776432359000
next_wall_dist_atr,,0.13196629783778296,,MISSING_LIVE,ATR-NQ,925,1776432359000
open_gap_atr,,-0.8466145568977769,,MISSING_LIVE,ATR-NQ,925,1776432359000
ovn_range_atr,,1.408994010760329,,MISSING_LIVE,ATR-NQ,925,1776432359000
poc_bar_dist_atr,,0.06699827428687442,,MISSING_LIVE,ATR-NQ,925,1776432359000
poc_separation_atr,,0.20708557506852096,,MISSING_LIVE,ATR-NQ,925,1776432359000
range_size_atr,,0.9603085981118668,,MISSING_LIVE,ATR-NQ,925,1776432359000
sess_range_atr,,3.7579941122728657,,MISSING_LIVE,ATR-NQ,925,1776432359000
swing_range_atr,,0.9623388488478327,,MISSING_LIVE,ATR-NQ,925,1776432359000
dist_blind_nearest_dn_atr,-1.2813261597807328,,,LIVE_ONLY,ATR-NQ,925,1776432359000
dist_gex_nearest_dn_atr,-0.13196629783778296,,,LIVE_ONLY,ATR-NQ,925,1776432359000
dist_sess_low_atr,-2.9337123134707137,,,LIVE_ONLY,ATR-NQ,925,1776432359000
dist_swing_low_atr,-0.13805705004568064,,,LIVE_ONLY,ATR-NQ,925,1776432359000
dist_vix_call_atr,0.01577504821845498,,,LIVE_ONLY,ATR-NQ,925,1776432359000
dist_vix_gex_nearest_dn_atr,-0.0045274591412039385,,,LIVE_ONLY,ATR-NQ,925,1776432359000
dist_vix_gex_nearest_up_atr,0.0005481676987107908,,,LIVE_ONLY,ATR-NQ,925,1776432359000
dist_vix_hvl_atr,0.008669170642574357,,,LIVE_ONLY,ATR-NQ,925,1776432359000
dist_vix_put_atr,-0.0004669576692721551,,,LIVE_ONLY,ATR-NQ,925,1776432359000
dist_vwap_d_sd2d_atr,-3.5258635671505427,,,LIVE_ONLY,ATR-NQ,925,1776432359000
dist_vwap_d_sd3d_atr,-4.441554156938381,,,LIVE_ONLY,ATR-NQ,925,1776432359000
im_cross_delta_agreement_5,0.4,0.4,0.0,MATCH,IM-NQ,925,1776432359000
im_open_type_agreement,0.0,0.0,0.0,MATCH,IM-NQ,925,1776432359000
im_rolling_correlation_10,0.983158,0.983158,0.0,MATCH,IM-NQ,925,1776432359000
im_cross_delta_weighted_5,,84.6,,MISSING_LIVE,IM-NQ,925,1776432359000
im_cross_open_signal,,0.0,,MISSING_LIVE,IM-NQ,925,1776432359000
im_delta_day_divergence,,-1.0,,MISSING_LIVE,IM-NQ,925,1776432359000
im_ltr_slope_diff,,0.03301000000000001,,MISSING_LIVE,IM-NQ,925,1776432359000
im_price_ratio_slope_10,,-0.00032085993226301353,,MISSING_LIVE,IM-NQ,925,1776432359000
im_smt_divergence,,0.0,,MISSING_LIVE,IM-NQ,925,1776432359000
im_volume_lead,,-754.8,,MISSING_LIVE,IM-NQ,925,1776432359000
dist_1d_max_atr,0.032171,0.032171,0.0,MATCH,ATR-NQ,1159,1776446399000
dist_1d_min_atr,-5.034785,-5.034785,0.0,MATCH,ATR-NQ,1159,1776446399000
dist_blind_nearest_up_atr,2.145649,2.145649,0.0,MATCH,ATR-NQ,1159,1776446399000
dist_comp_20d_vah_atr,-12.862428,-12.862428,0.0,MATCH,ATR-NQ,1159,1776446399000
dist_comp_20d_val_atr,-30.858165,-30.858165,0.0,MATCH,ATR-NQ,1159,1776446399000
dist_comp_20d_vwap_atr,-16.955155,-16.955155,0.0,MATCH,ATR-NQ,1159,1776446399000
dist_comp_50d_vah_atr,-11.929465,-11.929465,0.0,MATCH,ATR-NQ,1159,1776446399000
dist_comp_50d_val_atr,-24.801946,-24.801946,0.0,MATCH,ATR-NQ,1159,1776446399000
dist_comp_50d_vwap_atr,-17.10192,-17.10192,0.0,MATCH,ATR-NQ,1159,1776446399000
dist_cur_vah_atr,0.37399,0.37399,0.0,MATCH,ATR-NQ,1159,1776446399000
dist_cur_val_atr,-0.026139,-0.026139,0.0,MATCH,ATR-NQ,1159,1776446399000
dist_cur_vpoc_atr,0.014075,0.014075,0.0,MATCH,ATR-NQ,1159,1776446399000
dist_gex_nearest_up_atr,0.818354,0.818354,0.0,MATCH,ATR-NQ,1159,1776446399000
dist_ib_high_atr,-0.178952,-0.178952,0.0,MATCH,ATR-NQ,1159,1776446399000
dist_ib_low_atr,-1.35722,-1.35722,0.0,MATCH,ATR-NQ,1159,1776446399000
dist_mq_call_0dte_atr,-13.336953,-13.336953,0.0,MATCH,ATR-NQ,1159,1776446399000
dist_mq_call_atr,-2.398761,-2.398761,0.0,MATCH,ATR-NQ,1159,1776446399000
dist_mq_hvl_atr,-12.130534,-12.130534,0.0,MATCH,ATR-NQ,1159,1776446399000
dist_mq_put_0dte_atr,-3.806249,-3.806249,0.0,MATCH,ATR-NQ,1159,1776446399000
dist_mq_put_atr,-22.50573,-22.50573,0.0,MATCH,ATR-NQ,1159,1776446399000
dist_open_830_atr,-2.416858,-2.416858,0.0,MATCH,ATR-NQ,1159,1776446399000
dist_prev_vah_atr,0.683637,0.683637,0.0,MATCH,ATR-NQ,1159,1776446399000
dist_prev_val_atr,-2.581735,-2.581735,0.0,MATCH,ATR-NQ,1159,1776446399000
dist_prev_vwap_sd1d_atr,-2.641977,-2.641977,0.0,MATCH,ATR-NQ,1159,1776446399000
dist_prev_vwap_sd1u_atr,-0.000943,-0.000943,0.0,MATCH,ATR-NQ,1159,1776446399000
dist_sess_high_atr,0.695701,0.695701,0.0,MATCH,ATR-NQ,1159,1776446399000
dist_session_hvn_above_atr,0.014075,0.014075,0.0,MATCH,ATR-NQ,1159,1776446399000
dist_session_lvn_above_atr,0.002011,0.002011,0.0,MATCH,ATR-NQ,1159,1776446399000
dist_session_lvn_below_atr,0.002011,0.002011,0.0,MATCH,ATR-NQ,1159,1776446399000
dist_swing_high_atr,0.63538,0.63538,0.0,MATCH,ATR-NQ,1159,1776446399000
dist_vwap_d_sd1d_atr,0.639842,0.639842,0.0,MATCH,ATR-NQ,1159,1776446399000
dist_vwap_d_sd1u_atr,0.507465,0.507465,0.0,MATCH,ATR-NQ,1159,1776446399000
dist_vwap_d_sd2u_atr,0.681218,0.681218,0.0,MATCH,ATR-NQ,1159,1776446399000
dist_vwap_d_sd3u_atr,0.85497,0.85497,0.0,MATCH,ATR-NQ,1159,1776446399000
dist_comp_20d_vpoc_atr,,-20.897172960147987,,MISSING_LIVE,ATR-NQ,1159,1776446399000
dist_comp_50d_vpoc_atr,,-20.897172960147987,,MISSING_LIVE,ATR-NQ,1159,1776446399000
dist_cur_vwap_vp_atr,,1.3349772791249448,,MISSING_LIVE,ATR-NQ,1159,1776446399000
dist_ext_edge_buy_atr,,-3.704709052157478,,MISSING_LIVE,ATR-NQ,1159,1776446399000
dist_ext_edge_sell_atr,,0.012064181445288938,,MISSING_LIVE,ATR-NQ,1159,1776446399000
dist_ext_long_dn_atr,,-0.09852414846985966,,MISSING_LIVE,ATR-NQ,1159,1776446399000
dist_ext_long_up_atr,,-0.08444927011702257,,MISSING_LIVE,ATR-NQ,1159,1776446399000
dist_open_cash_atr,,-0.8847066393211888,,MISSING_LIVE,ATR-NQ,1159,1776446399000
dist_ovn_high_atr,,-2.169541963244461,,MISSING_LIVE,ATR-NQ,1159,1776446399000
dist_ovn_low_atr,,-3.564965617082881,,MISSING_LIVE,ATR-NQ,1159,1776446399000
dist_prev_vpoc_atr,,0.3357863835605421,,MISSING_LIVE,ATR-NQ,1159,1776446399000
dist_prev_vwap_atr,,-1.31887581935899,,MISSING_LIVE,ATR-NQ,1159,1776446399000
dist_vwap_w_atr,,-5.8023842843929705,,MISSING_LIVE,ATR-NQ,1159,1776446399000
next_wall_dist_atr,,0.38806450315679414,,MISSING_LIVE,ATR-NQ,1159,1776446399000
open_gap_atr,,1.2204930228817308,,MISSING_LIVE,ATR-NQ,1159,1776446399000
ovn_range_atr,,1.3954236538384204,,MISSING_LIVE,ATR-NQ,1159,1776446399000
poc_bar_dist_atr,,0.014074878352837094,,MISSING_LIVE,ATR-NQ,1159,1776446399000
poc_separation_atr,,0.22720875055294165,,MISSING_LIVE,ATR-NQ,1159,1776446399000
range_size_atr,,0.4001286846020831,,MISSING_LIVE,ATR-NQ,1159,1776446399000
sess_range_atr,,4.260666747094543,,MISSING_LIVE,ATR-NQ,1159,1776446399000
swing_range_atr,,0.5107170145172317,,MISSING_LIVE,ATR-NQ,1159,1776446399000
dist_blind_nearest_dn_atr,-0.019305907427514375,,,LIVE_ONLY,ATR-NQ,1159,1776446399000
dist_gex_nearest_dn_atr,-0.38806450315679414,,,LIVE_ONLY,ATR-NQ,1159,1776446399000
dist_sess_low_atr,-3.564965617082881,,,LIVE_ONLY,ATR-NQ,1159,1776446399000
dist_swing_low_atr,0.12466320826798569,,,LIVE_ONLY,ATR-NQ,1159,1776446399000
dist_vix_call_atr,0.015261189528290506,,,LIVE_ONLY,ATR-NQ,1159,1776446399000
dist_vix_gex_nearest_dn_atr,-0.004845779547191057,,,LIVE_ONLY,ATR-NQ,1159,1776446399000
dist_vix_gex_nearest_up_atr,0.00018096272167933406,,,LIVE_ONLY,ATR-NQ,1159,1776446399000
dist_vix_hvl_atr,0.008223750351871959,,,LIVE_ONLY,ATR-NQ,1159,1776446399000
dist_vix_put_atr,-0.0008243857320947441,,,LIVE_ONLY,ATR-NQ,1159,1776446399000
dist_vwap_d_sd2d_atr,-0.013792174367635824,,,LIVE_ONLY,ATR-NQ,1159,1776446399000
dist_vwap_d_sd3d_atr,-0.1875445369365022,,,LIVE_ONLY,ATR-NQ,1159,1776446399000
im_cross_delta_agreement_5,0.8,0.8,0.0,MATCH,IM-NQ,1159,1776446399000
im_open_type_agreement,1.0,1.0,0.0,MATCH,IM-NQ,1159,1776446399000
im_rolling_correlation_10,0.9757,0.9757,0.0,MATCH,IM-NQ,1159,1776446399000
im_cross_delta_weighted_5,,138.8,,MISSING_LIVE,IM-NQ,1159,1776446399000
im_cross_open_signal,,0.85,,MISSING_LIVE,IM-NQ,1159,1776446399000
im_delta_day_divergence,,0.0,,MISSING_LIVE,IM-NQ,1159,1776446399000
im_ltr_slope_diff,,0.07246,,MISSING_LIVE,IM-NQ,1159,1776446399000
im_price_ratio_slope_10,,-0.00018218178720244408,,MISSING_LIVE,IM-NQ,1159,1776446399000
im_smt_divergence,,0.0,,MISSING_LIVE,IM-NQ,1159,1776446399000
im_volume_lead,,-294.79999999999995,,MISSING_LIVE,IM-NQ,1159,1776446399000
dist_1d_max_atr,-0.170909,-0.170909,0.0,MATCH,ATR-NQ,1303,1776455040000
dist_1d_min_atr,-5.237865,-5.237865,0.0,MATCH,ATR-NQ,1303,1776455040000
dist_blind_nearest_up_atr,1.942569,1.942569,0.0,MATCH,ATR-NQ,1303,1776455040000
dist_comp_20d_vah_atr,-12.894599,-12.894599,0.0,MATCH,ATR-NQ,1303,1776455040000
dist_comp_20d_val_atr,-31.061246,-31.061246,0.0,MATCH,ATR-NQ,1303,1776455040000
dist_comp_20d_vwap_atr,-16.938362,-16.938362,0.0,MATCH,ATR-NQ,1303,1776455040000
dist_comp_50d_vah_atr,-11.983754,-11.983754,0.0,MATCH,ATR-NQ,1303,1776455040000
dist_comp_50d_val_atr,-25.005027,-25.005027,0.0,MATCH,ATR-NQ,1303,1776455040000
dist_comp_50d_vwap_atr,-17.133195,-17.133195,0.0,MATCH,ATR-NQ,1303,1776455040000
dist_cur_vah_atr,-0.096513,-0.096513,0.0,MATCH,ATR-NQ,1303,1776455040000
dist_cur_val_atr,-0.484578,-0.484578,0.0,MATCH,ATR-NQ,1303,1776455040000
dist_cur_vpoc_atr,-0.189006,-0.189006,0.0,MATCH,ATR-NQ,1303,1776455040000
dist_gex_nearest_up_atr,0.615273,0.615273,0.0,MATCH,ATR-NQ,1303,1776455040000
dist_ib_high_atr,-0.382032,-0.382032,0.0,MATCH,ATR-NQ,1303,1776455040000
dist_ib_low_atr,-1.560301,-1.560301,0.0,MATCH,ATR-NQ,1303,1776455040000
dist_mq_call_0dte_atr,-13.540033,-13.540033,0.0,MATCH,ATR-NQ,1303,1776455040000
dist_mq_call_atr,-2.601842,-2.601842,0.0,MATCH,ATR-NQ,1303,1776455040000
dist_mq_hvl_atr,-12.333615,-12.333615,0.0,MATCH,ATR-NQ,1303,1776455040000
dist_mq_put_0dte_atr,-4.00933,-4.00933,0.0,MATCH,ATR-NQ,1303,1776455040000
dist_mq_put_atr,-22.708811,-22.708811,0.0,MATCH,ATR-NQ,1303,1776455040000
dist_open_830_atr,-2.619938,-2.619938,0.0,MATCH,ATR-NQ,1303,1776455040000
dist_prev_vah_atr,0.480557,0.480557,0.0,MATCH,ATR-NQ,1303,1776455040000
dist_prev_val_atr,-2.784815,-2.784815,0.0,MATCH,ATR-NQ,1303,1776455040000
dist_prev_vwap_sd1d_atr,-2.845058,-2.845058,0.0,MATCH,ATR-NQ,1303,1776455040000
dist_prev_vwap_sd1u_atr,-0.204023,-0.204023,0.0,MATCH,ATR-NQ,1303,1776455040000
dist_sess_high_atr,0.492621,0.492621,0.0,MATCH,ATR-NQ,1303,1776455040000
dist_session_hvn_above_atr,0.010053,0.010053,0.0,MATCH,ATR-NQ,1303,1776455040000
dist_session_lvn_above_atr,0.046246,0.046246,0.0,MATCH,ATR-NQ,1303,1776455040000
dist_session_lvn_below_atr,0.51876,0.51876,0.0,MATCH,ATR-NQ,1303,1776455040000
dist_swing_high_atr,-0.076406,-0.076406,0.0,MATCH,ATR-NQ,1303,1776455040000
dist_vwap_d_sd1d_atr,-1.6002,-1.6002,0.0,MATCH,ATR-NQ,1303,1776455040000
dist_vwap_d_sd1u_atr,-0.038125,-0.038125,0.0,MATCH,ATR-NQ,1303,1776455040000
dist_vwap_d_sd2u_atr,0.142854,0.142854,0.0,MATCH,ATR-NQ,1303,1776455040000
dist_vwap_d_sd3u_atr,0.323817,0.323817,0.0,MATCH,ATR-NQ,1303,1776455040000
dist_comp_20d_vpoc_atr,,-21.10025334781035,,MISSING_LIVE,ATR-NQ,1303,1776455040000
dist_comp_50d_vpoc_atr,,-21.10025334781035,,MISSING_LIVE,ATR-NQ,1303,1776455040000
dist_cur_vwap_vp_atr,,-0.8762866449511402,,MISSING_LIVE,ATR-NQ,1303,1776455040000
dist_ext_edge_buy_atr,,-0.014074878352837094,,MISSING_LIVE,ATR-NQ,1303,1776455040000
dist_ext_edge_sell_atr,,-0.004021393815096312,,MISSING_LIVE,ATR-NQ,1303,1776455040000
dist_ext_long_dn_atr,,-0.30160453613222343,,MISSING_LIVE,ATR-NQ,1303,1776455040000
dist_ext_long_up_atr,,-0.2875296577793863,,MISSING_LIVE,ATR-NQ,1303,1776455040000
dist_open_cash_atr,,-1.0877870269835526,,MISSING_LIVE,ATR-NQ,1303,1776455040000
dist_ovn_high_atr,,0.03820324124341497,,MISSING_LIVE,ATR-NQ,1303,1776455040000
dist_ovn_low_atr,,-0.5469095588530986,,MISSING_LIVE,ATR-NQ,1303,1776455040000
dist_prev_vpoc_atr,,0.1327059958981783,,MISSING_LIVE,ATR-NQ,1303,1776455040000
dist_prev_vwap_atr,,-1.5219562070213537,,MISSING_LIVE,ATR-NQ,1303,1776455040000
dist_vwap_w_atr,,-5.719741424377689,,MISSING_LIVE,ATR-NQ,1303,1776455040000
next_wall_dist_atr,,0.591144890819158,,MISSING_LIVE,ATR-NQ,1303,1776455040000
open_gap_atr,,1.2204930228817308,,MISSING_LIVE,ATR-NQ,1303,1776455040000
ovn_range_atr,,0.5851128000965135,,MISSING_LIVE,ATR-NQ,1303,1776455040000
poc_bar_dist_atr,,0.010053484537740782,,MISSING_LIVE,ATR-NQ,1303,1776455040000
poc_separation_atr,,0.16085575260385251,,MISSING_LIVE,ATR-NQ,1303,1776455040000
range_size_atr,,0.38806450315679414,,MISSING_LIVE,ATR-NQ,1303,1776455040000
sess_range_atr,,4.260666747094543,,MISSING_LIVE,ATR-NQ,1303,1776455040000
swing_range_atr,,0.32372220211525315,,MISSING_LIVE,ATR-NQ,1303,1776455040000
dist_blind_nearest_dn_atr,-0.22238629508987817,,,LIVE_ONLY,ATR-NQ,1303,1776455040000
dist_gex_nearest_dn_atr,-0.591144890819158,,,LIVE_ONLY,ATR-NQ,1303,1776455040000
dist_sess_low_atr,-3.768046004745245,,,LIVE_ONLY,ATR-NQ,1303,1776455040000
dist_session_hvn_below_atr,0.10656693610005229,,,LIVE_ONLY,ATR-NQ,1303,1776455040000
dist_swing_low_atr,-0.4001286846020831,,,LIVE_ONLY,ATR-NQ,1303,1776455040000
dist_vix_call_atr,0.01518076165198858,,,LIVE_ONLY,ATR-NQ,1303,1776455040000
dist_vix_gex_nearest_dn_atr,-0.004926207423492983,,,LIVE_ONLY,ATR-NQ,1303,1776455040000
dist_vix_gex_nearest_up_atr,0.00010053484537740782,,,LIVE_ONLY,ATR-NQ,1303,1776455040000
dist_vix_hvl_atr,0.008143322475570033,,,LIVE_ONLY,ATR-NQ,1303,1776455040000
dist_vix_put_atr,-0.0009048136083966704,,,LIVE_ONLY,ATR-NQ,1303,1776455040000
dist_vwap_d_sd2d_atr,-0.5810286725379017,,,LIVE_ONLY,ATR-NQ,1303,1776455040000
dist_vwap_d_sd3d_atr,-0.7619913942172357,,,LIVE_ONLY,ATR-NQ,1303,1776455040000
im_cross_delta_agreement_5,0.8,0.8,0.0,MATCH,IM-NQ,1303,1776455040000
im_open_type_agreement,1.0,1.0,0.0,MATCH,IM-NQ,1303,1776455040000
im_rolling_correlation_10,0.98349,0.98349,0.0,MATCH,IM-NQ,1303,1776455040000
im_cross_delta_weighted_5,,59.6,,MISSING_LIVE,IM-NQ,1303,1776455040000
im_cross_open_signal,,0.85,,MISSING_LIVE,IM-NQ,1303,1776455040000
im_delta_day_divergence,,1.0,,MISSING_LIVE,IM-NQ,1303,1776455040000
im_ltr_slope_diff,,-0.008010000000000003,,MISSING_LIVE,IM-NQ,1303,1776455040000
im_price_ratio_slope_10,,8.980829574611747e-05,,MISSING_LIVE,IM-NQ,1303,1776455040000
im_smt_divergence,,0.0,,MISSING_LIVE,IM-NQ,1303,1776455040000
im_volume_lead,,75.79999999999998,,MISSING_LIVE,IM-NQ,1303,1776455040000
dist_1d_max_atr,0.515684,0.515684,0.0,MATCH,ATR-NQ,984,1776435900000
dist_1d_min_atr,-4.600548,-4.600548,0.0,MATCH,ATR-NQ,984,1776435900000
dist_blind_nearest_up_atr,0.463706,0.463706,0.0,MATCH,ATR-NQ,984,1776435900000
dist_comp_20d_vah_atr,-13.178358,-13.178358,0.0,MATCH,ATR-NQ,984,1776435900000
dist_comp_20d_val_atr,-30.675058,-30.675058,0.0,MATCH,ATR-NQ,984,1776435900000
dist_comp_20d_vwap_atr,-17.08061,-17.08061,0.0,MATCH,ATR-NQ,984,1776435900000
dist_comp_50d_vah_atr,-11.765303,-11.765303,0.0,MATCH,ATR-NQ,984,1776435900000
dist_comp_50d_val_atr,-24.559943,-24.559943,0.0,MATCH,ATR-NQ,984,1776435900000
dist_comp_50d_vwap_atr,-17.035881,-17.035881,0.0,MATCH,ATR-NQ,984,1776435900000
dist_cur_vah_atr,-0.414171,-0.414171,0.0,MATCH,ATR-NQ,984,1776435900000
dist_cur_val_atr,-3.106284,-3.106284,0.0,MATCH,ATR-NQ,984,1776435900000
dist_cur_vpoc_atr,-2.34494,-2.34494,0.0,MATCH,ATR-NQ,984,1776435900000
dist_gex_nearest_up_atr,0.091361,0.091361,0.0,MATCH,ATR-NQ,984,1776435900000
dist_ib_high_atr,0.302507,0.302507,0.0,MATCH,ATR-NQ,984,1776435900000
dist_ib_low_atr,-0.88722,-0.88722,0.0,MATCH,ATR-NQ,984,1776435900000
dist_mq_call_0dte_atr,-12.983453,-12.983453,0.0,MATCH,ATR-NQ,984,1776435900000
dist_mq_call_atr,-1.938889,-1.938889,0.0,MATCH,ATR-NQ,984,1776435900000
dist_mq_hvl_atr,-11.765303,-11.765303,0.0,MATCH,ATR-NQ,984,1776435900000
dist_mq_put_0dte_atr,-3.360065,-3.360065,0.0,MATCH,ATR-NQ,984,1776435900000
dist_mq_put_atr,-22.241397,-22.241397,0.0,MATCH,ATR-NQ,984,1776435900000
dist_open_830_atr,-1.957162,-1.957162,0.0,MATCH,ATR-NQ,984,1776435900000
dist_prev_vah_atr,-1.825195,-1.825195,0.0,MATCH,ATR-NQ,984,1776435900000
dist_prev_val_atr,-3.368186,-3.368186,0.0,MATCH,ATR-NQ,984,1776435900000
dist_prev_vwap_sd1d_atr,-3.661589,-3.661589,0.0,MATCH,ATR-NQ,984,1776435900000
dist_prev_vwap_sd1u_atr,-2.147498,-2.147498,0.0,MATCH,ATR-NQ,984,1776435900000
dist_sess_high_atr,0.641559,0.641559,0.0,MATCH,ATR-NQ,984,1776435900000
dist_session_hvn_above_atr,0.00203,0.00203,0.0,MATCH,ATR-NQ,984,1776435900000
dist_session_lvn_above_atr,0.300477,0.300477,0.0,MATCH,ATR-NQ,984,1776435900000
dist_session_lvn_below_atr,0.621257,0.621257,0.0,MATCH,ATR-NQ,984,1776435900000
dist_swing_high_atr,0.302507,0.302507,0.0,MATCH,ATR-NQ,984,1776435900000
dist_vwap_d_sd1d_atr,-10.155378,-10.155378,0.0,MATCH,ATR-NQ,984,1776435900000
dist_vwap_d_sd1u_atr,-0.346713,-0.346713,0.0,MATCH,ATR-NQ,984,1776435900000
dist_vwap_d_sd2u_atr,0.749353,0.749353,0.0,MATCH,ATR-NQ,984,1776435900000
dist_vwap_d_sd3u_atr,1.845419,1.845419,0.0,MATCH,ATR-NQ,984,1776435900000
dist_comp_20d_vpoc_atr,,-20.617196223733632,,MISSING_LIVE,ATR-NQ,984,1776435900000
dist_comp_50d_vpoc_atr,,-20.617196223733632,,MISSING_LIVE,ATR-NQ,984,1776435900000
dist_cur_vwap_vp_atr,,-5.771051060806009,,MISSING_LIVE,ATR-NQ,984,1776435900000
dist_ext_edge_buy_atr,,-0.006090752207897675,,MISSING_LIVE,ATR-NQ,984,1776435900000
dist_ext_edge_sell_atr,,0.006090752207897675,,MISSING_LIVE,ATR-NQ,984,1776435900000
dist_ext_long_dn_atr,,-0.030453761039488377,,MISSING_LIVE,ATR-NQ,984,1776435900000
dist_ext_long_up_atr,,0.022332758095624808,,MISSING_LIVE,ATR-NQ,984,1776435900000
dist_open_cash_atr,,-0.41011064866511016,,MISSING_LIVE,ATR-NQ,984,1776435900000
dist_ovn_high_atr,,-1.707440868947315,,MISSING_LIVE,ATR-NQ,984,1776435900000
dist_ovn_low_atr,,-3.116434879707644,,MISSING_LIVE,ATR-NQ,984,1776435900000
dist_prev_vpoc_atr,,-2.9946198355496905,,MISSING_LIVE,ATR-NQ,984,1776435900000
dist_prev_vwap_atr,,-2.9049081311541975,,MISSING_LIVE,ATR-NQ,984,1776435900000
dist_vwap_w_atr,,-5.857574662470815,,MISSING_LIVE,ATR-NQ,984,1776435900000
next_wall_dist_atr,,0.09136128311846513,,MISSING_LIVE,ATR-NQ,984,1776435900000
open_gap_atr,,-2.58450918688458,,MISSING_LIVE,ATR-NQ,984,1776435900000
ovn_range_atr,,1.408994010760329,,MISSING_LIVE,ATR-NQ,984,1776435900000
poc_bar_dist_atr,,0.002030250735965892,,MISSING_LIVE,ATR-NQ,984,1776435900000
poc_separation_atr,,0.20708557506852096,,MISSING_LIVE,ATR-NQ,984,1776435900000
range_size_atr,,2.6921124758907724,,MISSING_LIVE,ATR-NQ,984,1776435900000
sess_range_atr,,3.7579941122728657,,MISSING_LIVE,ATR-NQ,984,1776435900000
swing_range_atr,,1.1673941731803879,,MISSING_LIVE,ATR-NQ,984,1776435900000
dist_blind_nearest_dn_atr,-1.4640487260176631,,,LIVE_ONLY,ATR-NQ,984,1776435900000
dist_gex_nearest_dn_atr,-0.3146888640747132,,,LIVE_ONLY,ATR-NQ,984,1776435900000
dist_sess_low_atr,-3.116434879707644,,,LIVE_ONLY,ATR-NQ,984,1776435900000
dist_session_hvn_below_atr,0.002030250735965892,,,LIVE_ONLY,ATR-NQ,984,1776435900000
dist_swing_low_atr,-0.8648868135214699,,,LIVE_ONLY,ATR-NQ,984,1776435900000
dist_vix_call_atr,0.014922342909349304,,,LIVE_ONLY,ATR-NQ,984,1776435900000
dist_vix_gex_nearest_dn_atr,-0.00030453761039488374,,,LIVE_ONLY,ATR-NQ,984,1776435900000
dist_vix_gex_nearest_up_atr,0.0007105877575880621,,,LIVE_ONLY,ATR-NQ,984,1776435900000
dist_vix_hvl_atr,0.007816465333468683,,,LIVE_ONLY,ATR-NQ,984,1776435900000
dist_vix_put_atr,-0.0013196629783778296,,,LIVE_ONLY,ATR-NQ,984,1776435900000
dist_vwap_d_sd2d_atr,-3.6349101614049335,,,LIVE_ONLY,ATR-NQ,984,1776435900000
dist_vwap_d_sd3d_atr,-4.730975941528779,,,LIVE_ONLY,ATR-NQ,984,1776435900000
im_cross_delta_agreement_5,0.4,0.4,0.0,MATCH,IM-NQ,984,1776435900000
im_open_type_agreement,0.0,0.0,0.0,MATCH,IM-NQ,984,1776435900000
im_rolling_correlation_10,0.005432,0.005432,0.0,MATCH,IM-NQ,984,1776435900000
im_cross_delta_weighted_5,,16.2,,MISSING_LIVE,IM-NQ,984,1776435900000
im_cross_open_signal,,0.0,,MISSING_LIVE,IM-NQ,984,1776435900000
im_delta_day_divergence,,-1.0,,MISSING_LIVE,IM-NQ,984,1776435900000
im_ltr_slope_diff,,-0.033229999999999996,,MISSING_LIVE,IM-NQ,984,1776435900000
im_price_ratio_slope_10,,-0.00047972649349824176,,MISSING_LIVE,IM-NQ,984,1776435900000
im_smt_divergence,,0.0,,MISSING_LIVE,IM-NQ,984,1776435900000
im_volume_lead,,120.09999999999997,,MISSING_LIVE,IM-NQ,984,1776435900000
dist_1d_max_atr,2.381911,2.381911,0.0,MATCH,ATR-NQ,706,1776419219000
dist_1d_min_atr,-2.958317,-2.958317,0.0,MATCH,ATR-NQ,706,1776419219000
dist_blind_nearest_up_atr,0.315503,0.315503,0.0,MATCH,ATR-NQ,706,1776419219000
dist_comp_20d_vah_atr,-12.153256,-12.153256,0.0,MATCH,ATR-NQ,706,1776419219000
dist_comp_20d_val_atr,-30.174405,-30.174405,0.0,MATCH,ATR-NQ,706,1776419219000
dist_comp_20d_vwap_atr,-16.316716,-16.316716,0.0,MATCH,ATR-NQ,706,1776419219000
dist_comp_50d_vah_atr,-10.642311,-10.642311,0.0,MATCH,ATR-NQ,706,1776419219000
dist_comp_50d_val_atr,-23.791562,-23.791562,0.0,MATCH,ATR-NQ,706,1776419219000
dist_comp_50d_vwap_atr,-16.205693,-16.205693,0.0,MATCH,ATR-NQ,706,1776419219000
dist_cur_vah_atr,-0.214033,-0.214033,0.0,MATCH,ATR-NQ,706,1776419219000
dist_cur_val_atr,-0.699316,-0.699316,0.0,MATCH,ATR-NQ,706,1776419219000
dist_cur_vpoc_atr,-0.603954,-0.603954,0.0,MATCH,ATR-NQ,706,1776419219000
dist_gex_nearest_up_atr,1.515184,1.515184,0.0,MATCH,ATR-NQ,706,1776419219000
dist_mq_call_0dte_atr,-11.708237,-11.708237,0.0,MATCH,ATR-NQ,706,1776419219000
dist_mq_call_atr,-0.180127,-0.180127,0.0,MATCH,ATR-NQ,706,1776419219000
dist_mq_hvl_atr,-10.436754,-10.436754,0.0,MATCH,ATR-NQ,706,1776419219000
dist_mq_put_0dte_atr,-1.663523,-1.663523,0.0,MATCH,ATR-NQ,706,1776419219000
dist_mq_put_atr,-21.371506,-21.371506,0.0,MATCH,ATR-NQ,706,1776419219000
dist_open_830_atr,-0.199199,-0.199199,0.0,MATCH,ATR-NQ,706,1776419219000
dist_prev_vah_atr,-0.061455,-0.061455,0.0,MATCH,ATR-NQ,706,1776419219000
dist_prev_val_atr,-1.672,-1.672,0.0,MATCH,ATR-NQ,706,1776419219000
dist_prev_vwap_sd1d_atr,-1.978248,-1.978248,0.0,MATCH,ATR-NQ,706,1776419219000
dist_prev_vwap_sd1u_atr,-0.397868,-0.397868,0.0,MATCH,ATR-NQ,706,1776419219000
dist_sess_high_atr,0.061455,0.061455,0.0,MATCH,ATR-NQ,706,1776419219000
dist_session_lvn_above_atr,0.002119,0.002119,0.0,MATCH,ATR-NQ,706,1776419219000
dist_session_lvn_below_atr,0.103838,0.103838,0.0,MATCH,ATR-NQ,706,1776419219000
dist_swing_high_atr,0.061455,0.061455,0.0,MATCH,ATR-NQ,706,1776419219000
dist_vwap_d_sd1d_atr,-3.344397,-3.344397,0.0,MATCH,ATR-NQ,706,1776419219000
dist_vwap_d_sd1u_atr,-0.29552,-0.29552,0.0,MATCH,ATR-NQ,706,1776419219000
dist_vwap_d_sd2u_atr,-0.025231,-0.025231,0.0,MATCH,ATR-NQ,706,1776419219000
dist_vwap_d_sd3u_atr,0.245058,0.245058,0.0,MATCH,ATR-NQ,706,1776419219000
dist_comp_20d_vpoc_atr,,-19.67619572357965,,MISSING_LIVE,ATR-NQ,706,1776419219000
dist_comp_50d_vpoc_atr,,-19.67619572357965,,MISSING_LIVE,ATR-NQ,706,1776419219000
dist_cur_vwap_vp_atr,,-2.2632393142469645,,MISSING_LIVE,ATR-NQ,706,1776419219000
dist_ext_edge_buy_atr,,-0.029667931085634366,,MISSING_LIVE,ATR-NQ,706,1776419219000
dist_ext_edge_sell_atr,,-0.01907224141219352,,MISSING_LIVE,ATR-NQ,706,1776419219000
dist_ext_long_dn_atr,,0.004238275869376338,,MISSING_LIVE,ATR-NQ,706,1776419219000
dist_ext_long_up_atr,,-0.08264637945283859,,MISSING_LIVE,ATR-NQ,706,1776419219000
dist_open_cash_atr,,-0.3983979317213758,,MISSING_LIVE,ATR-NQ,706,1776419219000
dist_ovn_high_atr,,0.0614550001059569,,MISSING_LIVE,ATR-NQ,706,1776419219000
dist_ovn_low_atr,,-1.4092267265676324,,MISSING_LIVE,ATR-NQ,706,1776419219000
dist_prev_vpoc_atr,,-1.2820784504863423,,MISSING_LIVE,ATR-NQ,706,1776419219000
dist_prev_vwap_atr,,-1.1884390429973086,,MISSING_LIVE,ATR-NQ,706,1776419219000
dist_vwap_w_atr,,-4.78940070779207,,MISSING_LIVE,ATR-NQ,706,1776419219000
next_wall_dist_atr,,1.0277818983237619,,MISSING_LIVE,ATR-NQ,706,1776419219000
open_gap_atr,,-0.8836805187649664,,MISSING_LIVE,ATR-NQ,706,1776419219000
ovn_range_atr,,1.4706817266735892,,MISSING_LIVE,ATR-NQ,706,1776419219000
poc_bar_dist_atr,,0.0,,MISSING_LIVE,ATR-NQ,706,1776419219000
poc_separation_atr,,0.21615206933819323,,MISSING_LIVE,ATR-NQ,706,1776419219000
range_size_atr,,0.4852825870435907,,MISSING_LIVE,ATR-NQ,706,1776419219000
sess_range_atr,,1.4706817266735892,,MISSING_LIVE,ATR-NQ,706,1776419219000
swing_range_atr,,0.16741189684036534,,MISSING_LIVE,ATR-NQ,706,1776419219000
dist_blind_nearest_dn_atr,-0.45672381275297214,,,LIVE_ONLY,ATR-NQ,706,1776419219000
dist_gex_nearest_dn_atr,-1.0277818983237619,,,LIVE_ONLY,ATR-NQ,706,1776419219000
dist_sess_low_atr,-1.4092267265676324,,,LIVE_ONLY,ATR-NQ,706,1776419219000
dist_session_hvn_below_atr,0.22886689694632223,,,LIVE_ONLY,ATR-NQ,706,1776419219000
dist_swing_low_atr,-0.10595689673440845,,,LIVE_ONLY,ATR-NQ,706,1776419219000
dist_vix_call_atr,0.014600860370001483,,,LIVE_ONLY,ATR-NQ,706,1776419219000
dist_vix_gex_nearest_dn_atr,-0.00023310517281569857,,,LIVE_ONLY,ATR-NQ,706,1776419219000
dist_vix_gex_nearest_up_atr,0.0018860327618724704,,,LIVE_ONLY,ATR-NQ,706,1776419219000
dist_vix_hvl_atr,0.007183877598592893,,,LIVE_ONLY,ATR-NQ,706,1776419219000
dist_vix_put_atr,-0.0023522431075038677,,,LIVE_ONLY,ATR-NQ,706,1776419219000
dist_vwap_d_sd2d_atr,-1.1063887770454979,,,LIVE_ONLY,ATR-NQ,706,1776419219000
dist_vwap_d_sd3d_atr,-1.3766780393735827,,,LIVE_ONLY,ATR-NQ,706,1776419219000
im_cross_delta_agreement_5,0.6,0.6,0.0,MATCH,IM-NQ,706,1776419219000
im_open_type_agreement,0.0,0.0,0.0,MATCH,IM-NQ,706,1776419219000
im_rolling_correlation_10,0.923735,0.923735,0.0,MATCH,IM-NQ,706,1776419219000
im_cross_delta_weighted_5,,13.8,,MISSING_LIVE,IM-NQ,706,1776419219000
im_cross_open_signal,,0.0,,MISSING_LIVE,IM-NQ,706,1776419219000
im_delta_day_divergence,,0.0,,MISSING_LIVE,IM-NQ,706,1776419219000
im_ltr_slope_diff,,-0.12240000000000001,,MISSING_LIVE,IM-NQ,706,1776419219000
im_price_ratio_slope_10,,5.737143890595535e-05,,MISSING_LIVE,IM-NQ,706,1776419219000
im_smt_divergence,,0.0,,MISSING_LIVE,IM-NQ,706,1776419219000
im_volume_lead,,-35.8,,MISSING_LIVE,IM-NQ,706,1776419219000
dist_1d_max_atr,1.770171,1.770171,0.0,MATCH,ATR-NQ,863,1776428640000
dist_1d_min_atr,-3.515174,-3.515174,0.0,MATCH,ATR-NQ,863,1776428640000
dist_blind_nearest_up_atr,1.716476,1.716476,0.0,MATCH,ATR-NQ,863,1776428640000
dist_comp_20d_vah_atr,-12.598838,-12.598838,0.0,MATCH,ATR-NQ,863,1776428640000
dist_comp_20d_val_atr,-30.451561,-30.451561,0.0,MATCH,ATR-NQ,863,1776428640000
dist_comp_20d_vwap_atr,-16.702617,-16.702617,0.0,MATCH,ATR-NQ,863,1776428640000
dist_comp_50d_vah_atr,-11.095031,-11.095031,0.0,MATCH,ATR-NQ,863,1776428640000
dist_comp_50d_val_atr,-24.134315,-24.134315,0.0,MATCH,ATR-NQ,863,1776428640000
dist_comp_50d_vwap_atr,-16.599354,-16.599354,0.0,MATCH,ATR-NQ,863,1776428640000
dist_cur_vah_atr,-0.782315,-0.782315,0.0,MATCH,ATR-NQ,863,1776428640000
dist_cur_val_atr,-1.354894,-1.354894,0.0,MATCH,ATR-NQ,863,1776428640000
dist_cur_vpoc_atr,-1.185008,-1.185008,0.0,MATCH,ATR-NQ,863,1776428640000
dist_gex_nearest_up_atr,0.912351,0.912351,0.0,MATCH,ATR-NQ,863,1776428640000
dist_mq_call_0dte_atr,-12.175171,-12.175171,0.0,MATCH,ATR-NQ,863,1776428640000
dist_mq_call_atr,-0.765536,-0.765536,0.0,MATCH,ATR-NQ,863,1776428640000
dist_mq_hvl_atr,-10.916756,-10.916756,0.0,MATCH,ATR-NQ,863,1776428640000
dist_mq_put_0dte_atr,-2.233688,-2.233688,0.0,MATCH,ATR-NQ,863,1776428640000
dist_mq_put_atr,-21.73913,-21.73913,0.0,MATCH,ATR-NQ,863,1776428640000
dist_open_830_atr,-0.784412,-0.784412,0.0,MATCH,ATR-NQ,863,1776428640000
dist_prev_vah_atr,-0.648084,-0.648084,0.0,MATCH,ATR-NQ,863,1776428640000
dist_prev_val_atr,-2.242077,-2.242077,0.0,MATCH,ATR-NQ,863,1776428640000
dist_prev_vwap_sd1d_atr,-2.545178,-2.545178,0.0,MATCH,ATR-NQ,863,1776428640000
dist_prev_vwap_sd1u_atr,-0.98104,-0.98104,0.0,MATCH,ATR-NQ,863,1776428640000
dist_sess_high_atr,0.048239,0.048239,0.0,MATCH,ATR-NQ,863,1776428640000
dist_session_hvn_above_atr,0.006292,0.006292,0.0,MATCH,ATR-NQ,863,1776428640000
dist_session_lvn_above_atr,0.012584,0.012584,0.0,MATCH,ATR-NQ,863,1776428640000
dist_session_lvn_below_atr,0.069213,0.069213,0.0,MATCH,ATR-NQ,863,1776428640000
dist_swing_high_atr,0.03146,0.03146,0.0,MATCH,ATR-NQ,863,1776428640000
dist_vwap_d_sd1d_atr,-5.72389,-5.72389,0.0,MATCH,ATR-NQ,863,1776428640000
dist_vwap_d_sd1u_atr,-0.735305,-0.735305,0.0,MATCH,ATR-NQ,863,1776428640000
dist_vwap_d_sd2u_atr,-0.387487,-0.387487,0.0,MATCH,ATR-NQ,863,1776428640000
dist_vwap_d_sd3u_atr,-0.039653,-0.039653,0.0,MATCH,ATR-NQ,863,1776428640000
dist_comp_20d_vpoc_atr,,-20.061242895194948,,MISSING_LIVE,ATR-NQ,863,1776428640000
dist_comp_50d_vpoc_atr,,-20.061242895194948,,MISSING_LIVE,ATR-NQ,863,1776428640000
dist_cur_vwap_vp_atr,,-4.332554793514965,,MISSING_LIVE,ATR-NQ,863,1776428640000
dist_ext_edge_buy_atr,,-0.048239266763145196,,MISSING_LIVE,ATR-NQ,863,1776428640000
dist_ext_edge_sell_atr,,-1.9117431154176892,,MISSING_LIVE,ATR-NQ,863,1776428640000
dist_ext_long_dn_atr,,-0.17827555108118878,,MISSING_LIVE,ATR-NQ,863,1776428640000
dist_ext_long_up_atr,,-0.07760229870592923,,MISSING_LIVE,ATR-NQ,863,1776428640000
dist_open_cash_atr,,-0.9815642106587805,,MISSING_LIVE,ATR-NQ,863,1776428640000
dist_ovn_high_atr,,-0.5264372155456281,,MISSING_LIVE,ATR-NQ,863,1776428640000
dist_ovn_low_atr,,-1.9820046561379223,,MISSING_LIVE,ATR-NQ,863,1776428640000
dist_prev_vpoc_atr,,-1.8561630906688478,,MISSING_LIVE,ATR-NQ,863,1776428640000
dist_prev_vwap_atr,,-1.7634860210994356,,MISSING_LIVE,ATR-NQ,863,1776428640000
dist_vwap_w_atr,,-5.27915203758468,,MISSING_LIVE,ATR-NQ,863,1776428640000
next_wall_dist_atr,,0.9123513496507896,,MISSING_LIVE,ATR-NQ,863,1776428640000
open_gap_atr,,-0.8745988800100672,,MISSING_LIVE,ATR-NQ,863,1776428640000
ovn_range_atr,,1.4555674405922943,,MISSING_LIVE,ATR-NQ,863,1776428640000
poc_bar_dist_atr,,0.0880890958283521,,MISSING_LIVE,ATR-NQ,863,1776428640000
poc_separation_atr,,0.21393066129742652,,MISSING_LIVE,ATR-NQ,863,1776428640000
range_size_atr,,0.5725791228842887,,MISSING_LIVE,ATR-NQ,863,1776428640000
sess_range_atr,,2.0302439229010676,,MISSING_LIVE,ATR-NQ,863,1776428640000
swing_range_atr,,0.4593217139621217,,MISSING_LIVE,ATR-NQ,863,1776428640000
dist_blind_nearest_dn_atr,-0.27499989513202877,,,LIVE_ONLY,ATR-NQ,863,1776428640000
dist_gex_nearest_dn_atr,-1.604479959730699,,,LIVE_ONLY,ATR-NQ,863,1776428640000
dist_sess_low_atr,-1.9820046561379223,,,LIVE_ONLY,ATR-NQ,863,1776428640000
dist_session_hvn_below_atr,0.3292854296440781,,,LIVE_ONLY,ATR-NQ,863,1776428640000
dist_swing_low_atr,-0.42786132259485304,,,LIVE_ONLY,ATR-NQ,863,1776428640000
dist_vix_call_atr,0.015142935044778623,,,LIVE_ONLY,ATR-NQ,863,1776428640000
dist_vix_gex_nearest_dn_atr,-0.0005872606388556807,,,LIVE_ONLY,ATR-NQ,863,1776428640000
dist_vix_gex_nearest_up_atr,0.0004614190733866062,,,LIVE_ONLY,ATR-NQ,863,1776428640000
dist_vix_hvl_atr,0.007802177059082615,,,LIVE_ONLY,ATR-NQ,863,1776428640000
dist_vix_put_atr,-0.0016359403510979675,,,LIVE_ONLY,ATR-NQ,863,1776428640000
dist_vwap_d_sd2d_atr,-1.7787902430839573,,,LIVE_ONLY,ATR-NQ,863,1776428640000
dist_vwap_d_sd3d_atr,-2.1266240902703495,,,LIVE_ONLY,ATR-NQ,863,1776428640000
im_cross_delta_agreement_5,0.8,0.8,0.0,MATCH,IM-NQ,863,1776428640000
im_open_type_agreement,0.0,0.0,0.0,MATCH,IM-NQ,863,1776428640000
im_rolling_correlation_10,0.97263,0.97263,0.0,MATCH,IM-NQ,863,1776428640000
im_cross_delta_weighted_5,,64.2,,MISSING_LIVE,IM-NQ,863,1776428640000
im_cross_open_signal,,0.0,,MISSING_LIVE,IM-NQ,863,1776428640000
im_delta_day_divergence,,-1.0,,MISSING_LIVE,IM-NQ,863,1776428640000
im_ltr_slope_diff,,-0.07089000000000004,,MISSING_LIVE,IM-NQ,863,1776428640000
im_price_ratio_slope_10,,-7.945602011099197e-05,,MISSING_LIVE,IM-NQ,863,1776428640000
im_smt_divergence,,0.0,,MISSING_LIVE,IM-NQ,863,1776428640000
im_volume_lead,,-219.7,,MISSING_LIVE,IM-NQ,863,1776428640000
dist_1d_max_atr,-0.323056,-0.323056,0.0,MATCH,ATR-NQ,1048,1776439740000
dist_1d_min_atr,-5.41119,-5.41119,0.0,MATCH,ATR-NQ,1048,1776439740000
dist_blind_nearest_up_atr,1.799255,1.799255,0.0,MATCH,ATR-NQ,1048,1776439740000
dist_comp_20d_vah_atr,-13.798534,-13.798534,0.0,MATCH,ATR-NQ,1048,1776439740000
dist_comp_20d_val_atr,-31.3425,-31.3425,0.0,MATCH,ATR-NQ,1048,1776439740000
dist_comp_20d_vwap_atr,-17.682038,-17.682038,0.0,MATCH,ATR-NQ,1048,1776439740000
dist_comp_50d_vah_atr,-12.445737,-12.445737,0.0,MATCH,ATR-NQ,1048,1776439740000
dist_comp_50d_val_atr,-25.260969,-25.260969,0.0,MATCH,ATR-NQ,1048,1776439740000
dist_comp_50d_vwap_atr,-17.664213,-17.664213,0.0,MATCH,ATR-NQ,1048,1776439740000
dist_cur_vah_atr,-0.98734,-0.98734,0.0,MATCH,ATR-NQ,1048,1776439740000
dist_cur_val_atr,-3.925132,-3.925132,0.0,MATCH,ATR-NQ,1048,1776439740000
dist_cur_vpoc_atr,-3.167969,-3.167969,0.0,MATCH,ATR-NQ,1048,1776439740000
dist_gex_nearest_up_atr,0.466412,0.466412,0.0,MATCH,ATR-NQ,1048,1776439740000
dist_ib_high_atr,-0.535062,-0.535062,0.0,MATCH,ATR-NQ,1048,1776439740000
dist_ib_low_atr,-1.718255,-1.718255,0.0,MATCH,ATR-NQ,1048,1776439740000
dist_mq_call_0dte_atr,-13.748057,-13.748057,0.0,MATCH,ATR-NQ,1048,1776439740000
dist_mq_call_atr,-2.764149,-2.764149,0.0,MATCH,ATR-NQ,1048,1776439740000
dist_mq_hvl_atr,-12.536596,-12.536596,0.0,MATCH,ATR-NQ,1048,1776439740000
dist_mq_put_0dte_atr,-4.177519,-4.177519,0.0,MATCH,ATR-NQ,1048,1776439740000
dist_mq_put_atr,-22.955156,-22.955156,0.0,MATCH,ATR-NQ,1048,1776439740000
dist_open_830_atr,-2.782321,-2.782321,0.0,MATCH,ATR-NQ,1048,1776439740000
dist_prev_vah_atr,-2.651079,-2.651079,0.0,MATCH,ATR-NQ,1048,1776439740000
dist_prev_val_atr,-4.185596,-4.185596,0.0,MATCH,ATR-NQ,1048,1776439740000
dist_prev_vwap_sd1d_atr,-4.477387,-4.477387,0.0,MATCH,ATR-NQ,1048,1776439740000
dist_prev_vwap_sd1u_atr,-2.971611,-2.971611,0.0,MATCH,ATR-NQ,1048,1776439740000
dist_sess_high_atr,0.109031,0.109031,0.0,MATCH,ATR-NQ,1048,1776439740000
dist_session_lvn_above_atr,0.096917,0.096917,0.0,MATCH,ATR-NQ,1048,1776439740000
dist_session_lvn_below_atr,0.514871,0.514871,0.0,MATCH,ATR-NQ,1048,1776439740000
dist_swing_high_atr,0.104993,0.104993,0.0,MATCH,ATR-NQ,1048,1776439740000
dist_vwap_d_sd1d_atr,-12.805515,-12.805515,0.0,MATCH,ATR-NQ,1048,1776439740000
dist_vwap_d_sd1u_atr,-0.676146,-0.676146,0.0,MATCH,ATR-NQ,1048,1776439740000
dist_vwap_d_sd2u_atr,0.58647,0.58647,0.0,MATCH,ATR-NQ,1048,1776439740000
dist_vwap_d_sd3u_atr,1.849086,1.849086,0.0,MATCH,ATR-NQ,1048,1776439740000
dist_comp_20d_vpoc_atr,,-21.339875219577202,,MISSING_LIVE,ATR-NQ,1048,1776439740000
dist_comp_50d_vpoc_atr,,-21.339875219577202,,MISSING_LIVE,ATR-NQ,1048,1776439740000
dist_cur_vwap_vp_atr,,-7.755049972742142,,MISSING_LIVE,ATR-NQ,1048,1776439740000
dist_ext_edge_buy_atr,,-0.010095503462757689,,MISSING_LIVE,ATR-NQ,1048,1776439740000
dist_ext_edge_sell_atr,,0.020191006925515377,,MISSING_LIVE,ATR-NQ,1048,1776439740000
dist_ext_long_dn_atr,,-0.454297655824096,,MISSING_LIVE,ATR-NQ,1048,1776439740000
dist_ext_long_up_atr,,-0.4401639509762352,,MISSING_LIVE,ATR-NQ,1048,1776439740000
dist_open_cash_atr,,-1.2437660266117472,,MISSING_LIVE,ATR-NQ,1048,1776439740000
dist_ovn_high_atr,,-2.5339713691521797,,MISSING_LIVE,ATR-NQ,1048,1776439740000
dist_ovn_low_atr,,-3.935227249782947,,MISSING_LIVE,ATR-NQ,1048,1776439740000
dist_prev_vpoc_atr,,-3.8140812082298545,,MISSING_LIVE,ATR-NQ,1048,1776439740000
dist_prev_vwap_atr,,-3.7248621963777335,,MISSING_LIVE,ATR-NQ,1048,1776439740000
dist_vwap_w_atr,,-6.438281139580431,,MISSING_LIVE,ATR-NQ,1048,1776439740000
next_wall_dist_atr,,0.46641225997940516,,MISSING_LIVE,ATR-NQ,1048,1776439740000
open_gap_atr,,-2.5703151816181076,,MISSING_LIVE,ATR-NQ,1048,1776439740000
ovn_range_atr,,1.4012558806307671,,MISSING_LIVE,ATR-NQ,1048,1776439740000
poc_bar_dist_atr,,0.0161528055404123,,MISSING_LIVE,ATR-NQ,1048,1776439740000
poc_separation_atr,,0.20594827064025684,,MISSING_LIVE,ATR-NQ,1048,1776439740000
range_size_atr,,2.9377915076624874,,MISSING_LIVE,ATR-NQ,1048,1776439740000
sess_range_atr,,4.04425868718073,,MISSING_LIVE,ATR-NQ,1048,1776439740000
swing_range_atr,,0.4300684475134775,,MISSING_LIVE,ATR-NQ,1048,1776439740000
dist_blind_nearest_dn_atr,-0.37474831909867345,,,LIVE_ONLY,ATR-NQ,1048,1776439740000
dist_gex_nearest_dn_atr,-0.7450481555515174,,,LIVE_ONLY,ATR-NQ,1048,1776439740000
dist_sess_low_atr,-3.935227249782947,,,LIVE_ONLY,ATR-NQ,1048,1776439740000
dist_session_hvn_below_atr,0.06259212146909766,,,LIVE_ONLY,ATR-NQ,1048,1776439740000
dist_swing_low_atr,-0.32507521150079755,,,LIVE_ONLY,ATR-NQ,1048,1776439740000
dist_vix_call_atr,0.01637490661659297,,,LIVE_ONLY,ATR-NQ,1048,1776439740000
dist_vix_gex_nearest_dn_atr,-0.003816100308922406,,,LIVE_ONLY,ATR-NQ,1048,1776439740000
dist_vix_gex_nearest_up_atr,0.001231651422456438,,,LIVE_ONLY,ATR-NQ,1048,1776439740000
dist_vix_hvl_atr,0.009308054192662589,,,LIVE_ONLY,ATR-NQ,1048,1776439740000
dist_vix_put_atr,0.00022210107618066913,,,LIVE_ONLY,ATR-NQ,1048,1776439740000
dist_vwap_d_sd2d_atr,-4.463994992630282,,,LIVE_ONLY,ATR-NQ,1048,1776439740000
dist_vwap_d_sd3d_atr,-5.726611343307691,,,LIVE_ONLY,ATR-NQ,1048,1776439740000
im_cross_delta_agreement_5,0.8,0.8,0.0,MATCH,IM-NQ,1048,1776439740000
im_open_type_agreement,0.0,0.0,0.0,MATCH,IM-NQ,1048,1776439740000
im_rolling_correlation_10,0.948055,0.948055,0.0,MATCH,IM-NQ,1048,1776439740000
im_cross_delta_weighted_5,,42.4,,MISSING_LIVE,IM-NQ,1048,1776439740000
im_cross_open_signal,,0.0,,MISSING_LIVE,IM-NQ,1048,1776439740000
im_delta_day_divergence,,-1.0,,MISSING_LIVE,IM-NQ,1048,1776439740000
im_ltr_slope_diff,,0.027790000000000026,,MISSING_LIVE,IM-NQ,1048,1776439740000
im_price_ratio_slope_10,,0.00010638613700118588,,MISSING_LIVE,IM-NQ,1048,1776439740000
im_smt_divergence,,0.0,,MISSING_LIVE,IM-NQ,1048,1776439740000
im_volume_lead,,-82.60000000000001,,MISSING_LIVE,IM-NQ,1048,1776439740000
dist_1d_max_atr,1.802199,1.802199,0.0,MATCH,ATR-NQ,859,1776428400000
dist_1d_min_atr,-3.48481,-3.48481,0.0,MATCH,ATR-NQ,859,1776428400000
dist_blind_nearest_up_atr,1.748486,1.748486,0.0,MATCH,ATR-NQ,859,1776428400000
dist_comp_20d_vah_atr,-12.573431,-12.573431,0.0,MATCH,ATR-NQ,859,1776428400000
dist_comp_20d_val_atr,-30.429674,-30.429674,0.0,MATCH,ATR-NQ,859,1776428400000
dist_comp_20d_vwap_atr,-16.678861,-16.678861,0.0,MATCH,ATR-NQ,859,1776428400000
dist_comp_50d_vah_atr,-11.069151,-11.069151,0.0,MATCH,ATR-NQ,859,1776428400000
dist_comp_50d_val_atr,-24.11044,-24.11044,0.0,MATCH,ATR-NQ,859,1776428400000
dist_comp_50d_vwap_atr,-16.575091,-16.575091,0.0,MATCH,ATR-NQ,859,1776428400000
dist_cur_vah_atr,-0.751091,-0.751091,0.0,MATCH,ATR-NQ,859,1776428400000
dist_cur_val_atr,-1.315458,-1.315458,0.0,MATCH,ATR-NQ,859,1776428400000
dist_cur_vpoc_atr,-1.153911,-1.153911,0.0,MATCH,ATR-NQ,859,1776428400000
dist_gex_nearest_up_atr,0.944109,0.944109,0.0,MATCH,ATR-NQ,859,1776428400000
dist_mq_call_0dte_atr,-12.147533,-12.147533,0.0,MATCH,ATR-NQ,859,1776428400000
dist_mq_call_atr,-0.734307,-0.734307,0.0,MATCH,ATR-NQ,859,1776428400000
dist_mq_hvl_atr,-10.888721,-10.888721,0.0,MATCH,ATR-NQ,859,1776428400000
dist_mq_put_0dte_atr,-2.20292,-2.20292,0.0,MATCH,ATR-NQ,859,1776428400000
dist_mq_put_atr,-21.714502,-21.714502,0.0,MATCH,ATR-NQ,859,1776428400000
dist_open_830_atr,-0.753189,-0.753189,0.0,MATCH,ATR-NQ,859,1776428400000
dist_prev_vah_atr,-0.616818,-0.616818,0.0,MATCH,ATR-NQ,859,1776428400000
dist_prev_val_atr,-2.211313,-2.211313,0.0,MATCH,ATR-NQ,859,1776428400000
dist_prev_vwap_sd1d_atr,-2.514509,-2.514509,0.0,MATCH,ATR-NQ,859,1776428400000
dist_prev_vwap_sd1u_atr,-0.949878,-0.949878,0.0,MATCH,ATR-NQ,859,1776428400000
dist_sess_high_atr,0.062941,0.062941,0.0,MATCH,ATR-NQ,859,1776428400000
dist_session_hvn_above_atr,0.01049,0.01049,0.0,MATCH,ATR-NQ,859,1776428400000
dist_session_lvn_above_atr,0.044058,0.044058,0.0,MATCH,ATR-NQ,859,1776428400000
dist_session_lvn_below_atr,0.037764,0.037764,0.0,MATCH,ATR-NQ,859,1776428400000
dist_swing_high_atr,-0.339879,-0.339879,0.0,MATCH,ATR-NQ,859,1776428400000
dist_vwap_d_sd1d_atr,-5.585124,-5.585124,0.0,MATCH,ATR-NQ,859,1776428400000
dist_vwap_d_sd1u_atr,-0.719342,-0.719342,0.0,MATCH,ATR-NQ,859,1776428400000
dist_vwap_d_sd2u_atr,-0.380856,-0.380856,0.0,MATCH,ATR-NQ,859,1776428400000
dist_vwap_d_sd3u_atr,-0.042386,-0.042386,0.0,MATCH,ATR-NQ,859,1776428400000
dist_comp_20d_vpoc_atr,,-20.036085934877477,,MISSING_LIVE,ATR-NQ,859,1776428400000
dist_comp_50d_vpoc_atr,,-20.036085934877477,,MISSING_LIVE,ATR-NQ,859,1776428400000
dist_cur_vwap_vp_atr,,-4.231246223564955,,MISSING_LIVE,ATR-NQ,859,1776428400000
dist_ext_edge_buy_atr,,-0.012588116817724069,,MISSING_LIVE,ATR-NQ,859,1776428400000
dist_ext_edge_sell_atr,,0.014686136287344748,,MISSING_LIVE,ATR-NQ,859,1776428400000
dist_ext_long_dn_atr,,-0.5916414904330313,,MISSING_LIVE,ATR-NQ,859,1776428400000
dist_ext_long_up_atr,,-0.04615642833165492,,MISSING_LIVE,ATR-NQ,859,1776428400000
dist_open_cash_atr,,-0.9504028197381672,,MISSING_LIVE,ATR-NQ,859,1776428400000
dist_ovn_high_atr,,-0.49513259483048006,,MISSING_LIVE,ATR-NQ,859,1776428400000
dist_ovn_low_atr,,-1.9511581067472308,,MISSING_LIVE,ATR-NQ,859,1776428400000
dist_prev_vpoc_atr,,-1.82527693856999,,MISSING_LIVE,ATR-NQ,859,1776428400000
dist_prev_vwap_atr,,-1.7325707032561262,,MISSING_LIVE,ATR-NQ,859,1776428400000
dist_vwap_w_atr,,-5.252998279624035,,MISSING_LIVE,ATR-NQ,859,1776428400000
next_wall_dist_atr,,0.9441087613293052,,MISSING_LIVE,ATR-NQ,859,1776428400000
open_gap_atr,,-0.8748741188318228,,MISSING_LIVE,ATR-NQ,859,1776428400000
ovn_range_atr,,1.4560255119167507,,MISSING_LIVE,ATR-NQ,859,1776428400000
poc_bar_dist_atr,,0.0062940584088620345,,MISSING_LIVE,ATR-NQ,859,1776428400000
poc_separation_atr,,0.21399798590130917,,MISSING_LIVE,ATR-NQ,859,1776428400000
range_size_atr,,0.5643672373279625,,MISSING_LIVE,ATR-NQ,859,1776428400000
sess_range_atr,,2.014098690835851,,MISSING_LIVE,ATR-NQ,859,1776428400000
swing_range_atr,,0.05664652567975831,,MISSING_LIVE,ATR-NQ,859,1776428400000
dist_blind_nearest_dn_atr,-0.2436161463578382,,,LIVE_ONLY,ATR-NQ,859,1776428400000
dist_gex_nearest_dn_atr,-1.5735146022155087,,,LIVE_ONLY,ATR-NQ,859,1776428400000
dist_sess_low_atr,-1.9511581067472308,,,LIVE_ONLY,ATR-NQ,859,1776428400000
dist_session_hvn_below_atr,0.2979187646861363,,,LIVE_ONLY,ATR-NQ,859,1776428400000
dist_swing_low_atr,-0.39652567975830816,,,LIVE_ONLY,ATR-NQ,859,1776428400000
dist_vix_call_atr,0.015168680765357503,,,LIVE_ONLY,ATR-NQ,859,1776428400000
dist_vix_gex_nearest_dn_atr,-0.0005664652567975831,,,LIVE_ONLY,ATR-NQ,859,1776428400000
dist_vix_gex_nearest_up_atr,0.000482544478012756,,,LIVE_ONLY,ATR-NQ,859,1776428400000
dist_vix_hvl_atr,0.00782561262168513,,,LIVE_ONLY,ATR-NQ,859,1776428400000
dist_vix_put_atr,-0.0016154749916079223,,,LIVE_ONLY,ATR-NQ,859,1776428400000
dist_vwap_d_sd2d_atr,-1.7347671198388723,,,LIVE_ONLY,ATR-NQ,859,1776428400000
dist_vwap_d_sd3d_atr,-2.0732366146357837,,,LIVE_ONLY,ATR-NQ,859,1776428400000
im_cross_delta_agreement_5,0.6,0.6,0.0,MATCH,IM-NQ,859,1776428400000
im_open_type_agreement,0.0,0.0,0.0,MATCH,IM-NQ,859,1776428400000
im_rolling_correlation_10,0.517717,0.517717,6e-08,MATCH,IM-NQ,859,1776428400000
im_cross_delta_weighted_5,,8.0,,MISSING_LIVE,IM-NQ,859,1776428400000
im_cross_open_signal,,0.0,,MISSING_LIVE,IM-NQ,859,1776428400000
im_delta_day_divergence,,-1.0,,MISSING_LIVE,IM-NQ,859,1776428400000
im_ltr_slope_diff,,-0.06558000000000001,,MISSING_LIVE,IM-NQ,859,1776428400000
im_price_ratio_slope_10,,-4.1516966103421194e-05,,MISSING_LIVE,IM-NQ,859,1776428400000
im_smt_divergence,,0.0,,MISSING_LIVE,IM-NQ,859,1776428400000
im_volume_lead,,-31.4,,MISSING_LIVE,IM-NQ,859,1776428400000
dist_1d_max_atr,0.377627,0.377627,0.0,MATCH,ATR-NQ,920,1776432060000
dist_1d_min_atr,-4.738605,-4.738605,0.0,MATCH,ATR-NQ,920,1776432060000
dist_blind_nearest_up_atr,0.325649,0.325649,0.0,MATCH,ATR-NQ,920,1776432060000
dist_comp_20d_vah_atr,-13.486956,-13.486956,0.0,MATCH,ATR-NQ,920,1776432060000
dist_comp_20d_val_atr,-30.813115,-30.813115,0.0,MATCH,ATR-NQ,920,1776432060000
dist_comp_20d_vwap_atr,-17.41714,-17.41714,0.0,MATCH,ATR-NQ,920,1776432060000
dist_comp_50d_vah_atr,-12.025175,-12.025175,0.0,MATCH,ATR-NQ,920,1776432060000
dist_comp_50d_val_atr,-24.698,-24.698,0.0,MATCH,ATR-NQ,920,1776432060000
dist_comp_50d_vwap_atr,-17.33417,-17.33417,0.0,MATCH,ATR-NQ,920,1776432060000
dist_cur_vah_atr,-2.064765,-2.064765,0.0,MATCH,ATR-NQ,920,1776432060000
dist_cur_val_atr,-2.939803,-2.939803,0.0,MATCH,ATR-NQ,920,1776432060000
dist_cur_vpoc_atr,-2.482997,-2.482997,0.0,MATCH,ATR-NQ,920,1776432060000
dist_gex_nearest_up_atr,1.171455,1.171455,0.0,MATCH,ATR-NQ,920,1776432060000
dist_mq_call_0dte_atr,-13.121511,-13.121511,0.0,MATCH,ATR-NQ,920,1776432060000
dist_mq_call_atr,-2.076947,-2.076947,0.0,MATCH,ATR-NQ,920,1776432060000
dist_mq_hvl_atr,-11.90336,-11.90336,0.0,MATCH,ATR-NQ,920,1776432060000
dist_mq_put_0dte_atr,-3.498122,-3.498122,0.0,MATCH,ATR-NQ,920,1776432060000
dist_mq_put_atr,-22.379454,-22.379454,0.0,MATCH,ATR-NQ,920,1776432060000
dist_open_830_atr,-2.095219,-2.095219,0.0,MATCH,ATR-NQ,920,1776432060000
dist_prev_vah_atr,-1.963252,-1.963252,0.0,MATCH,ATR-NQ,920,1776432060000
dist_prev_val_atr,-3.506243,-3.506243,0.0,MATCH,ATR-NQ,920,1776432060000
dist_prev_vwap_sd1d_atr,-3.799646,-3.799646,0.0,MATCH,ATR-NQ,920,1776432060000
dist_prev_vwap_sd1u_atr,-2.285555,-2.285555,0.0,MATCH,ATR-NQ,920,1776432060000
dist_sess_high_atr,0.503502,0.503502,0.0,MATCH,ATR-NQ,920,1776432060000
dist_session_hvn_above_atr,0.119785,0.119785,0.0,MATCH,ATR-NQ,920,1776432060000
dist_session_lvn_above_atr,0.024363,0.024363,0.0,MATCH,ATR-NQ,920,1776432060000
dist_session_lvn_below_atr,0.00203,0.00203,0.0,MATCH,ATR-NQ,920,1776432060000
dist_swing_high_atr,-0.89331,-0.89331,0.0,MATCH,ATR-NQ,920,1776432060000
dist_vwap_d_sd1d_atr,-11.846576,-11.846576,0.0,MATCH,ATR-NQ,920,1776432060000
dist_vwap_d_sd1u_atr,-1.139304,-1.139304,0.0,MATCH,ATR-NQ,920,1776432060000
dist_vwap_d_sd2u_atr,-0.228118,-0.228118,0.0,MATCH,ATR-NQ,920,1776432060000
dist_vwap_d_sd3u_atr,0.683052,0.683052,0.0,MATCH,ATR-NQ,920,1776432060000
dist_comp_20d_vpoc_atr,,-20.75525327377931,,MISSING_LIVE,ATR-NQ,920,1776432060000
dist_comp_50d_vpoc_atr,,-20.75525327377931,,MISSING_LIVE,ATR-NQ,920,1776432060000
dist_cur_vwap_vp_atr,,-8.201832098264134,,MISSING_LIVE,ATR-NQ,920,1776432060000
dist_ext_edge_buy_atr,,-3.3955943559029538,,MISSING_LIVE,ATR-NQ,920,1776432060000
dist_ext_edge_sell_atr,,0.15632930666937367,,MISSING_LIVE,ATR-NQ,920,1776432060000
dist_ext_long_dn_atr,,-0.008121002943863568,,MISSING_LIVE,ATR-NQ,920,1776432060000
dist_ext_long_up_atr,,-0.0487260176631814,,MISSING_LIVE,ATR-NQ,920,1776432060000
dist_open_cash_atr,,-2.2860623286975943,,MISSING_LIVE,ATR-NQ,920,1776432060000
dist_ovn_high_atr,,-1.8454979189929956,,MISSING_LIVE,ATR-NQ,920,1776432060000
dist_ovn_low_atr,,-3.2544919297533244,,MISSING_LIVE,ATR-NQ,920,1776432060000
dist_prev_vpoc_atr,,-3.132676885595371,,MISSING_LIVE,ATR-NQ,920,1776432060000
dist_prev_vwap_atr,,-3.042965181199878,,MISSING_LIVE,ATR-NQ,920,1776432060000
dist_vwap_w_atr,,-6.3028659019388895,,MISSING_LIVE,ATR-NQ,920,1776432060000
next_wall_dist_atr,,0.04669576692721551,,MISSING_LIVE,ATR-NQ,920,1776432060000
open_gap_atr,,-0.8466145568977769,,MISSING_LIVE,ATR-NQ,920,1776432060000
ovn_range_atr,,1.408994010760329,,MISSING_LIVE,ATR-NQ,920,1776432060000
poc_bar_dist_atr,,0.022332758095624808,,MISSING_LIVE,ATR-NQ,920,1776432060000
poc_separation_atr,,0.20708557506852096,,MISSING_LIVE,ATR-NQ,920,1776432060000
range_size_atr,,0.8750380672012993,,MISSING_LIVE,ATR-NQ,920,1776432060000
sess_range_atr,,3.7579941122728657,,MISSING_LIVE,ATR-NQ,920,1776432060000
swing_range_atr,,-0.43447365749670086,,MISSING_LIVE,ATR-NQ,920,1776432060000
dist_blind_nearest_dn_atr,-1.602105776063344,,,LIVE_ONLY,ATR-NQ,920,1776432060000
dist_gex_nearest_dn_atr,-0.04669576692721551,,,LIVE_ONLY,ATR-NQ,920,1776432060000
dist_sess_low_atr,-3.2544919297533244,,,LIVE_ONLY,ATR-NQ,920,1776432060000
dist_session_hvn_below_atr,0.15226880519744188,,,LIVE_ONLY,ATR-NQ,920,1776432060000
dist_swing_low_atr,-0.4588366663282915,,,LIVE_ONLY,ATR-NQ,920,1776432060000
dist_vix_call_atr,0.0158156532331743,,,LIVE_ONLY,ATR-NQ,920,1776432060000
dist_vix_gex_nearest_dn_atr,-0.004486854126484621,,,LIVE_ONLY,ATR-NQ,920,1776432060000
dist_vix_gex_nearest_up_atr,0.0005887727134301086,,,LIVE_ONLY,ATR-NQ,920,1776432060000
dist_vix_hvl_atr,0.008709775657293676,,,LIVE_ONLY,ATR-NQ,920,1776432060000
dist_vix_put_atr,-0.00042635265455283724,,,LIVE_ONLY,ATR-NQ,920,1776432060000
dist_vwap_d_sd2d_atr,-3.8728301695259364,,,LIVE_ONLY,ATR-NQ,920,1776432060000
dist_vwap_d_sd3d_atr,-4.784000406050147,,,LIVE_ONLY,ATR-NQ,920,1776432060000
im_cross_delta_agreement_5,0.8,0.8,0.0,MATCH,IM-NQ,920,1776432060000
im_open_type_agreement,0.0,0.0,0.0,MATCH,IM-NQ,920,1776432060000
im_rolling_correlation_10,0.991004,0.991004,0.0,MATCH,IM-NQ,920,1776432060000
im_cross_delta_weighted_5,,121.4,,MISSING_LIVE,IM-NQ,920,1776432060000
im_cross_open_signal,,0.0,,MISSING_LIVE,IM-NQ,920,1776432060000
im_delta_day_divergence,,-1.0,,MISSING_LIVE,IM-NQ,920,1776432060000
im_ltr_slope_diff,,-0.10985000000000002,,MISSING_LIVE,IM-NQ,920,1776432060000
im_price_ratio_slope_10,,-0.00017132117178228102,,MISSING_LIVE,IM-NQ,920,1776432060000
im_smt_divergence,,0.0,,MISSING_LIVE,IM-NQ,920,1776432060000
im_volume_lead,,-240.0,,MISSING_LIVE,IM-NQ,920,1776432060000
dist_1d_max_atr,-0.262483,-0.262483,0.0,MATCH,ATR-NQ,1044,1776439499000
dist_1d_min_atr,-5.350617,-5.350617,0.0,MATCH,ATR-NQ,1044,1776439499000
dist_blind_nearest_up_atr,1.859828,1.859828,0.0,MATCH,ATR-NQ,1044,1776439499000
dist_comp_20d_vah_atr,-13.744018,-13.744018,0.0,MATCH,ATR-NQ,1044,1776439499000
dist_comp_20d_val_atr,-31.281927,-31.281927,0.0,MATCH,ATR-NQ,1044,1776439499000
dist_comp_20d_vwap_atr,-17.626339,-17.626339,0.0,MATCH,ATR-NQ,1044,1776439499000
dist_comp_50d_vah_atr,-12.389202,-12.389202,0.0,MATCH,ATR-NQ,1044,1776439499000
dist_comp_50d_val_atr,-25.200396,-25.200396,0.0,MATCH,ATR-NQ,1044,1776439499000
dist_comp_50d_vwap_atr,-17.607615,-17.607615,0.0,MATCH,ATR-NQ,1044,1776439499000
dist_cur_vah_atr,-0.940901,-0.940901,0.0,MATCH,ATR-NQ,1044,1776439499000
dist_cur_val_atr,-3.864559,-3.864559,0.0,MATCH,ATR-NQ,1044,1776439499000
dist_cur_vpoc_atr,-3.107396,-3.107396,0.0,MATCH,ATR-NQ,1044,1776439499000
dist_gex_nearest_up_atr,0.526985,0.526985,0.0,MATCH,ATR-NQ,1044,1776439499000
dist_ib_high_atr,-0.474489,-0.474489,0.0,MATCH,ATR-NQ,1044,1776439499000
dist_ib_low_atr,-1.657682,-1.657682,0.0,MATCH,ATR-NQ,1044,1776439499000
dist_mq_call_0dte_atr,-13.687484,-13.687484,0.0,MATCH,ATR-NQ,1044,1776439499000
dist_mq_call_atr,-2.703576,-2.703576,0.0,MATCH,ATR-NQ,1044,1776439499000
dist_mq_hvl_atr,-12.476023,-12.476023,0.0,MATCH,ATR-NQ,1044,1776439499000
dist_mq_put_0dte_atr,-4.116946,-4.116946,0.0,MATCH,ATR-NQ,1044,1776439499000
dist_mq_put_atr,-22.894583,-22.894583,0.0,MATCH,ATR-NQ,1044,1776439499000
dist_open_830_atr,-2.721748,-2.721748,0.0,MATCH,ATR-NQ,1044,1776439499000
dist_prev_vah_atr,-2.590506,-2.590506,0.0,MATCH,ATR-NQ,1044,1776439499000
dist_prev_val_atr,-4.125023,-4.125023,0.0,MATCH,ATR-NQ,1044,1776439499000
dist_prev_vwap_sd1d_atr,-4.416814,-4.416814,0.0,MATCH,ATR-NQ,1044,1776439499000
dist_prev_vwap_sd1u_atr,-2.911038,-2.911038,0.0,MATCH,ATR-NQ,1044,1776439499000
dist_sess_high_atr,0.169604,0.169604,0.0,MATCH,ATR-NQ,1044,1776439499000
dist_session_hvn_above_atr,0.002019,0.002019,0.0,MATCH,ATR-NQ,1044,1776439499000
dist_session_lvn_above_atr,0.15749,0.15749,0.0,MATCH,ATR-NQ,1044,1776439499000
dist_session_lvn_below_atr,0.454298,0.454298,0.0,MATCH,ATR-NQ,1044,1776439499000
dist_swing_high_atr,0.165566,0.165566,0.0,MATCH,ATR-NQ,1044,1776439499000
dist_vwap_d_sd1d_atr,-12.580764,-12.580764,0.0,MATCH,ATR-NQ,1044,1776439499000
dist_vwap_d_sd1u_atr,-0.632736,-0.632736,0.0,MATCH,ATR-NQ,1044,1776439499000
dist_vwap_d_sd2u_atr,0.623492,0.623492,0.0,MATCH,ATR-NQ,1044,1776439499000
dist_vwap_d_sd3u_atr,1.87972,1.87972,0.0,MATCH,ATR-NQ,1044,1776439499000
dist_comp_20d_vpoc_atr,,-21.279302198800654,,MISSING_LIVE,ATR-NQ,1044,1776439499000
dist_comp_50d_vpoc_atr,,-21.279302198800654,,MISSING_LIVE,ATR-NQ,1044,1776439499000
dist_cur_vwap_vp_atr,,-7.555790578876168,,MISSING_LIVE,ATR-NQ,1044,1776439499000
dist_ext_edge_buy_atr,,0.0020191006925515376,,MISSING_LIVE,ATR-NQ,1044,1776439499000
dist_ext_edge_sell_atr,,-0.006057302077654612,,MISSING_LIVE,ATR-NQ,1044,1776439499000
dist_ext_long_dn_atr,,-0.39372463504754984,,MISSING_LIVE,ATR-NQ,1044,1776439499000
dist_ext_long_up_atr,,-0.3795909301996891,,MISSING_LIVE,ATR-NQ,1044,1776439499000
dist_open_cash_atr,,-1.1831930058352012,,MISSING_LIVE,ATR-NQ,1044,1776439499000
dist_ovn_high_atr,,-2.4733983483756337,,MISSING_LIVE,ATR-NQ,1044,1776439499000
dist_ovn_low_atr,,-3.8746542290064006,,MISSING_LIVE,ATR-NQ,1044,1776439499000
dist_prev_vpoc_atr,,-3.7535081874533085,,MISSING_LIVE,ATR-NQ,1044,1776439499000
dist_prev_vwap_atr,,-3.6642891756011875,,MISSING_LIVE,ATR-NQ,1044,1776439499000
dist_vwap_w_atr,,-6.3853586932380315,,MISSING_LIVE,ATR-NQ,1044,1776439499000
next_wall_dist_atr,,0.5269852807559513,,MISSING_LIVE,ATR-NQ,1044,1776439499000
open_gap_atr,,-2.5703151816181076,,MISSING_LIVE,ATR-NQ,1044,1776439499000
ovn_range_atr,,1.4012558806307671,,MISSING_LIVE,ATR-NQ,1044,1776439499000
poc_bar_dist_atr,,0.05451571869889152,,MISSING_LIVE,ATR-NQ,1044,1776439499000
poc_separation_atr,,0.20594827064025684,,MISSING_LIVE,ATR-NQ,1044,1776439499000
range_size_atr,,2.9236578028146263,,MISSING_LIVE,ATR-NQ,1044,1776439499000
sess_range_atr,,4.04425868718073,,MISSING_LIVE,ATR-NQ,1044,1776439499000
swing_range_atr,,0.4300684475134775,,MISSING_LIVE,ATR-NQ,1044,1776439499000
dist_blind_nearest_dn_atr,-0.3141752983221273,,,LIVE_ONLY,ATR-NQ,1044,1776439499000
dist_gex_nearest_dn_atr,-0.6844751347749712,,,LIVE_ONLY,ATR-NQ,1044,1776439499000
dist_sess_low_atr,-3.8746542290064006,,,LIVE_ONLY,ATR-NQ,1044,1776439499000
dist_session_hvn_below_atr,0.0020191006925515376,,,LIVE_ONLY,ATR-NQ,1044,1776439499000
dist_swing_low_atr,-0.2645021907242514,,,LIVE_ONLY,ATR-NQ,1044,1776439499000
dist_vix_call_atr,0.01625376057503988,,,LIVE_ONLY,ATR-NQ,1044,1776439499000
dist_vix_gex_nearest_dn_atr,-0.003937246350475499,,,LIVE_ONLY,ATR-NQ,1044,1776439499000
dist_vix_gex_nearest_up_atr,0.0011105053809033459,,,LIVE_ONLY,ATR-NQ,1044,1776439499000
dist_vix_hvl_atr,0.009186908151109495,,,LIVE_ONLY,ATR-NQ,1044,1776439499000
dist_vix_put_atr,0.00010095503462757689,,,LIVE_ONLY,ATR-NQ,1044,1776439499000
dist_vwap_d_sd2d_atr,-4.401418620146587,,,LIVE_ONLY,ATR-NQ,1044,1776439499000
dist_vwap_d_sd3d_atr,-5.657646334322693,,,LIVE_ONLY,ATR-NQ,1044,1776439499000
im_cross_delta_agreement_5,0.2,0.2,0.0,MATCH,IM-NQ,1044,1776439499000
im_open_type_agreement,0.0,0.0,0.0,MATCH,IM-NQ,1044,1776439499000
im_rolling_correlation_10,0.968916,0.968916,0.0,MATCH,IM-NQ,1044,1776439499000
im_cross_delta_weighted_5,,8.2,,MISSING_LIVE,IM-NQ,1044,1776439499000
im_cross_open_signal,,0.0,,MISSING_LIVE,IM-NQ,1044,1776439499000
im_delta_day_divergence,,-1.0,,MISSING_LIVE,IM-NQ,1044,1776439499000
im_ltr_slope_diff,,0.05630000000000002,,MISSING_LIVE,IM-NQ,1044,1776439499000
im_price_ratio_slope_10,,1.3096653731155051e-05,,MISSING_LIVE,IM-NQ,1044,1776439499000
im_smt_divergence,,-1.0,,MISSING_LIVE,IM-NQ,1044,1776439499000
im_volume_lead,,181.2,,MISSING_LIVE,IM-NQ,1044,1776439499000
dist_1d_max_atr,2.278058,2.278058,0.0,MATCH,ATR-NQ,794,1776424500000
dist_1d_min_atr,-3.047273,-3.047273,0.0,MATCH,ATR-NQ,794,1776424500000
dist_blind_nearest_up_atr,0.217415,0.217415,0.0,MATCH,ATR-NQ,794,1776424500000
dist_comp_20d_vah_atr,-12.210224,-12.210224,0.0,MATCH,ATR-NQ,794,1776424500000
dist_comp_20d_val_atr,-30.187443,-30.187443,0.0,MATCH,ATR-NQ,794,1776424500000
dist_comp_20d_vwap_atr,-16.3537,-16.3537,0.0,MATCH,ATR-NQ,794,1776424500000
dist_comp_50d_vah_atr,-10.699267,-10.699267,0.0,MATCH,ATR-NQ,794,1776424500000
dist_comp_50d_val_atr,-23.822404,-23.822404,0.0,MATCH,ATR-NQ,794,1776424500000
dist_comp_50d_vwap_atr,-16.245893,-16.245893,0.0,MATCH,ATR-NQ,794,1776424500000
dist_cur_vah_atr,-0.310644,-0.310644,0.0,MATCH,ATR-NQ,794,1776424500000
dist_cur_val_atr,-0.826272,-0.826272,0.0,MATCH,ATR-NQ,794,1776424500000
dist_cur_vpoc_atr,-0.699478,-0.699478,0.0,MATCH,ATR-NQ,794,1776424500000
dist_gex_nearest_up_atr,1.413749,1.413749,0.0,MATCH,ATR-NQ,794,1776424500000
dist_mq_call_0dte_atr,-11.772786,-11.772786,0.0,MATCH,ATR-NQ,794,1776424500000
dist_mq_call_atr,-0.276833,-0.276833,0.0,MATCH,ATR-NQ,794,1776424500000
dist_mq_hvl_atr,-10.50485,-10.50485,0.0,MATCH,ATR-NQ,794,1776424500000
dist_mq_put_0dte_atr,-1.756091,-1.756091,0.0,MATCH,ATR-NQ,794,1776424500000
dist_mq_put_atr,-21.4091,-21.4091,0.0,MATCH,ATR-NQ,794,1776424500000
dist_open_830_atr,-0.295852,-0.295852,0.0,MATCH,ATR-NQ,794,1776424500000
dist_prev_vah_atr,-0.158492,-0.158492,0.0,MATCH,ATR-NQ,794,1776424500000
dist_prev_val_atr,-1.764544,-1.764544,0.0,MATCH,ATR-NQ,794,1776424500000
dist_prev_vwap_sd1d_atr,-2.069939,-2.069939,0.0,MATCH,ATR-NQ,794,1776424500000
dist_prev_vwap_sd1u_atr,-0.493967,-0.493967,0.0,MATCH,ATR-NQ,794,1776424500000
dist_sess_high_atr,0.120454,0.120454,0.0,MATCH,ATR-NQ,794,1776424500000
dist_session_hvn_above_atr,0.002113,0.002113,0.0,MATCH,ATR-NQ,794,1776424500000
dist_session_lvn_above_atr,0.031698,0.031698,0.0,MATCH,ATR-NQ,794,1776424500000
dist_session_lvn_below_atr,0.016906,0.016906,0.0,MATCH,ATR-NQ,794,1776424500000
dist_swing_high_atr,0.120454,0.120454,0.0,MATCH,ATR-NQ,794,1776424500000
dist_vwap_d_sd1d_atr,-3.718354,-3.718354,0.0,MATCH,ATR-NQ,794,1776424500000
dist_vwap_d_sd1u_atr,-0.34756,-0.34756,0.0,MATCH,ATR-NQ,794,1776424500000
dist_vwap_d_sd2u_atr,-0.056562,-0.056562,0.0,MATCH,ATR-NQ,794,1776424500000
dist_vwap_d_sd3u_atr,0.234453,0.234453,0.0,MATCH,ATR-NQ,794,1776424500000
dist_comp_20d_vpoc_atr,,-19.7185182054479,,MISSING_LIVE,ATR-NQ,794,1776424500000
dist_comp_50d_vpoc_atr,,-19.7185182054479,,MISSING_LIVE,ATR-NQ,794,1776424500000
dist_cur_vwap_vp_atr,,-2.5542308911476934,,MISSING_LIVE,ATR-NQ,794,1776424500000
dist_ext_edge_buy_atr,,0.0,,MISSING_LIVE,ATR-NQ,794,1776424500000
dist_ext_edge_sell_atr,,-0.002113226685826589,,MISSING_LIVE,ATR-NQ,794,1776424500000
dist_ext_long_dn_atr,,-0.04226453371653177,,MISSING_LIVE,ATR-NQ,794,1776424500000
dist_ext_long_up_atr,,0.006339680057479766,,MISSING_LIVE,ATR-NQ,794,1776424500000
dist_open_cash_atr,,-0.49449504448342174,,MISSING_LIVE,ATR-NQ,794,1776424500000
dist_ovn_high_atr,,-0.03592485365905201,,MISSING_LIVE,ATR-NQ,794,1776424500000
dist_ovn_low_atr,,-1.5025041736227045,,MISSING_LIVE,ATR-NQ,794,1776424500000
dist_prev_vpoc_atr,,-1.3757105724731093,,MISSING_LIVE,ATR-NQ,794,1776424500000
dist_prev_vwap_atr,,-1.282332368293147,,MISSING_LIVE,ATR-NQ,794,1776424500000
dist_vwap_w_atr,,-4.852661820333468,,MISSING_LIVE,ATR-NQ,794,1776424500000
next_wall_dist_atr,,1.1221233701739186,,MISSING_LIVE,ATR-NQ,794,1776424500000
open_gap_atr,,-0.8812155279896875,,MISSING_LIVE,ATR-NQ,794,1776424500000
ovn_range_atr,,1.4665793199636525,,MISSING_LIVE,ATR-NQ,794,1776424500000
poc_bar_dist_atr,,0.004226453371653178,,MISSING_LIVE,ATR-NQ,794,1776424500000
poc_separation_atr,,0.21554912195431206,,MISSING_LIVE,ATR-NQ,794,1776424500000
range_size_atr,,0.5156273113416876,,MISSING_LIVE,ATR-NQ,794,1776424500000
sess_range_atr,,1.62295809471482,,MISSING_LIVE,ATR-NQ,794,1776424500000
swing_range_atr,,0.21343589526848547,,MISSING_LIVE,ATR-NQ,794,1776424500000
dist_blind_nearest_dn_atr,-0.5526582278481013,,,LIVE_ONLY,ATR-NQ,794,1776424500000
dist_gex_nearest_dn_atr,-1.1221233701739186,,,LIVE_ONLY,ATR-NQ,794,1776424500000
dist_sess_low_atr,-1.5025041736227045,,,LIVE_ONLY,ATR-NQ,794,1776424500000
dist_session_hvn_below_atr,0.06551002726062426,,,LIVE_ONLY,ATR-NQ,794,1776424500000
dist_swing_low_atr,-0.0929819741763699,,,LIVE_ONLY,ATR-NQ,794,1776424500000
dist_vix_call_atr,0.014877115868219184,,,LIVE_ONLY,ATR-NQ,794,1776424500000
dist_vix_gex_nearest_dn_atr,-0.0009720842754802309,,,LIVE_ONLY,ATR-NQ,794,1776424500000
dist_vix_gex_nearest_up_atr,8.452906743306354e-05,,,LIVE_ONLY,ATR-NQ,794,1776424500000
dist_vix_hvl_atr,0.007480822467826124,,,LIVE_ONLY,ATR-NQ,794,1776424500000
dist_vix_put_atr,-0.002028697618393525,,,LIVE_ONLY,ATR-NQ,794,1776424500000
dist_vwap_d_sd2d_atr,-1.2205866317279854,,,LIVE_ONLY,ATR-NQ,794,1776424500000
dist_vwap_d_sd3d_atr,-1.5116009805371824,,,LIVE_ONLY,ATR-NQ,794,1776424500000
im_cross_delta_agreement_5,0.6,0.6,0.0,MATCH,IM-NQ,794,1776424500000
im_open_type_agreement,0.0,0.0,0.0,MATCH,IM-NQ,794,1776424500000
im_rolling_correlation_10,0.795413,0.795413,0.0,MATCH,IM-NQ,794,1776424500000
im_cross_delta_weighted_5,,7.8,,MISSING_LIVE,IM-NQ,794,1776424500000
im_cross_open_signal,,0.0,,MISSING_LIVE,IM-NQ,794,1776424500000
im_delta_day_divergence,,0.0,,MISSING_LIVE,IM-NQ,794,1776424500000
im_ltr_slope_diff,,0.39251,,MISSING_LIVE,IM-NQ,794,1776424500000
im_price_ratio_slope_10,,4.569463349002525e-05,,MISSING_LIVE,IM-NQ,794,1776424500000
im_smt_divergence,,0.0,,MISSING_LIVE,IM-NQ,794,1776424500000
im_volume_lead,,-5.7,,MISSING_LIVE,IM-NQ,794,1776424500000
dist_1d_max_atr,-0.3583,-0.3583,0.0,MATCH,ATR-NQ,1089,1776442199000
dist_1d_min_atr,-5.430866,-5.430866,0.0,MATCH,ATR-NQ,1089,1776442199000
dist_blind_nearest_up_atr,1.757518,1.757518,0.0,MATCH,ATR-NQ,1089,1776442199000
dist_comp_20d_vah_atr,-13.699954,-13.699954,0.0,MATCH,ATR-NQ,1089,1776442199000
dist_comp_20d_val_atr,-31.282836,-31.282836,0.0,MATCH,ATR-NQ,1089,1776442199000
dist_comp_20d_vwap_atr,-17.591343,-17.591343,0.0,MATCH,ATR-NQ,1089,1776442199000
dist_comp_50d_vah_atr,-12.387528,-12.387528,0.0,MATCH,ATR-NQ,1089,1776442199000
dist_comp_50d_val_atr,-25.219912,-25.219912,0.0,MATCH,ATR-NQ,1089,1776442199000
dist_comp_50d_vwap_atr,-17.587254,-17.587254,0.0,MATCH,ATR-NQ,1089,1776442199000
dist_cur_vah_atr,0.243564,0.243564,0.0,MATCH,ATR-NQ,1089,1776442199000
dist_cur_val_atr,-2.997242,-2.997242,0.0,MATCH,ATR-NQ,1089,1776442199000
dist_cur_vpoc_atr,-0.054349,-0.054349,0.0,MATCH,ATR-NQ,1089,1776442199000
dist_gex_nearest_up_atr,0.428753,0.428753,0.0,MATCH,ATR-NQ,1089,1776442199000
dist_ib_high_atr,-0.569657,-0.569657,0.0,MATCH,ATR-NQ,1089,1776442199000
dist_ib_low_atr,-1.74923,-1.74923,0.0,MATCH,ATR-NQ,1089,1776442199000
dist_mq_call_0dte_atr,-13.742225,-13.742225,0.0,MATCH,ATR-NQ,1089,1776442199000
dist_mq_call_atr,-2.791924,-2.791924,0.0,MATCH,ATR-NQ,1089,1776442199000
dist_mq_hvl_atr,-12.534471,-12.534471,0.0,MATCH,ATR-NQ,1089,1776442199000
dist_mq_put_0dte_atr,-4.20097,-4.20097,0.0,MATCH,ATR-NQ,1089,1776442199000
dist_mq_put_atr,-22.921154,-22.921154,0.0,MATCH,ATR-NQ,1089,1776442199000
dist_open_830_atr,-2.81004,-2.81004,0.0,MATCH,ATR-NQ,1089,1776442199000
dist_prev_vah_atr,-2.6792,-2.6792,0.0,MATCH,ATR-NQ,1089,1776442199000
dist_prev_val_atr,-4.209022,-4.209022,0.0,MATCH,ATR-NQ,1089,1776442199000
dist_prev_vwap_sd1d_atr,-4.499921,-4.499921,0.0,MATCH,ATR-NQ,1089,1776442199000
dist_prev_vwap_sd1u_atr,-2.998752,-2.998752,0.0,MATCH,ATR-NQ,1089,1776442199000
dist_sess_high_atr,0.243564,0.243564,0.0,MATCH,ATR-NQ,1089,1776442199000
dist_session_hvn_above_atr,0.002013,0.002013,0.0,MATCH,ATR-NQ,1089,1776442199000
dist_session_lvn_above_atr,0.167073,0.167073,0.0,MATCH,ATR-NQ,1089,1776442199000
dist_session_lvn_below_atr,0.549528,0.549528,0.0,MATCH,ATR-NQ,1089,1776442199000
dist_swing_high_atr,0.243564,0.243564,0.0,MATCH,ATR-NQ,1089,1776442199000
dist_vwap_d_sd1d_atr,-12.463579,-12.463579,0.0,MATCH,ATR-NQ,1089,1776442199000
dist_vwap_d_sd1u_atr,-0.527276,-0.527276,0.0,MATCH,ATR-NQ,1089,1776442199000
dist_vwap_d_sd2u_atr,0.767018,0.767018,0.0,MATCH,ATR-NQ,1089,1776442199000
dist_vwap_d_sd3u_atr,2.061328,2.061328,0.0,MATCH,ATR-NQ,1089,1776442199000
dist_comp_20d_vpoc_atr,,-21.310815435093296,,MISSING_LIVE,ATR-NQ,1089,1776442199000
dist_comp_50d_vpoc_atr,,-21.310815435093296,,MISSING_LIVE,ATR-NQ,1089,1776442199000
dist_cur_vwap_vp_atr,,-7.286277904144608,,MISSING_LIVE,ATR-NQ,1089,1776442199000
dist_ext_edge_buy_atr,,-0.02214215261981924,,MISSING_LIVE,ATR-NQ,1089,1776442199000
dist_ext_edge_sell_atr,,0.0,,MISSING_LIVE,ATR-NQ,1089,1776442199000
dist_ext_long_dn_atr,,-0.48914028060146136,,MISSING_LIVE,ATR-NQ,1089,1776442199000
dist_ext_long_up_atr,,-0.47504981984339456,,MISSING_LIVE,ATR-NQ,1089,1776442199000
dist_open_cash_atr,,-1.2761931600877634,,MISSING_LIVE,ATR-NQ,1089,1776442199000
dist_ovn_high_atr,,-2.562450935002717,,MISSING_LIVE,ATR-NQ,1089,1776442199000
dist_ovn_low_atr,,-3.9594194730167676,,MISSING_LIVE,ATR-NQ,1089,1776442199000
dist_prev_vpoc_atr,,-3.8386440950904808,,MISSING_LIVE,ATR-NQ,1089,1776442199000
dist_prev_vwap_atr,,-3.749698061555184,,MISSING_LIVE,ATR-NQ,1089,1776442199000
dist_vwap_w_atr,,-6.342059824070533,,MISSING_LIVE,ATR-NQ,1089,1776442199000
next_wall_dist_atr,,0.42875259163831797,,MISSING_LIVE,ATR-NQ,1089,1776442199000
open_gap_atr,,-2.562450935002717,,MISSING_LIVE,ATR-NQ,1089,1776442199000
ovn_range_atr,,1.3969685380140502,,MISSING_LIVE,ATR-NQ,1089,1776442199000
poc_bar_dist_atr,,0.0020129229654381126,,MISSING_LIVE,ATR-NQ,1089,1776442199000
poc_separation_atr,,3.1401598260834556,,MISSING_LIVE,ATR-NQ,1089,1776442199000
range_size_atr,,3.240805974355361,,MISSING_LIVE,ATR-NQ,1089,1776442199000
sess_range_atr,,4.202983151834779,,MISSING_LIVE,ATR-NQ,1089,1776442199000
swing_range_atr,,0.6884196541798345,,MISSING_LIVE,ATR-NQ,1089,1776442199000
dist_blind_nearest_dn_atr,-0.4098343364399444,,,LIVE_ONLY,ATR-NQ,1089,1776442199000
dist_gex_nearest_dn_atr,-0.7790011876245496,,,LIVE_ONLY,ATR-NQ,1089,1776442199000
dist_sess_low_atr,-3.9594194730167676,,,LIVE_ONLY,ATR-NQ,1089,1776442199000
dist_session_hvn_below_atr,0.0020129229654381126,,,LIVE_ONLY,ATR-NQ,1089,1776442199000
dist_swing_low_atr,-0.44485597536182286,,,LIVE_ONLY,ATR-NQ,1089,1776442199000
dist_vix_call_atr,0.015237826848366514,,,LIVE_ONLY,ATR-NQ,1089,1776442199000
dist_vix_gex_nearest_dn_atr,-0.004891402806014614,,,LIVE_ONLY,ATR-NQ,1089,1776442199000
dist_vix_gex_nearest_up_atr,0.0001409046075806679,,,LIVE_ONLY,ATR-NQ,1089,1776442199000
dist_vix_hvl_atr,0.00819259646933312,,,LIVE_ONLY,ATR-NQ,1089,1776442199000
dist_vix_put_atr,-0.0008655568751383884,,,LIVE_ONLY,ATR-NQ,1089,1776442199000
dist_vwap_d_sd2d_atr,-4.410188409589565,,,LIVE_ONLY,ATR-NQ,1089,1776442199000
dist_vwap_d_sd3d_atr,-5.704497876366271,,,LIVE_ONLY,ATR-NQ,1089,1776442199000
im_cross_delta_agreement_5,0.8,0.8,0.0,MATCH,IM-NQ,1089,1776442199000
im_open_type_agreement,0.0,0.0,0.0,MATCH,IM-NQ,1089,1776442199000
im_rolling_correlation_10,0.863677,0.863677,0.0,MATCH,IM-NQ,1089,1776442199000
im_cross_delta_weighted_5,,144.8,,MISSING_LIVE,IM-NQ,1089,1776442199000
im_cross_open_signal,,0.0,,MISSING_LIVE,IM-NQ,1089,1776442199000
im_delta_day_divergence,,-1.0,,MISSING_LIVE,IM-NQ,1089,1776442199000
im_ltr_slope_diff,,-0.056819999999999954,,MISSING_LIVE,IM-NQ,1089,1776442199000
im_price_ratio_slope_10,,0.00034693923369231365,,MISSING_LIVE,IM-NQ,1089,1776442199000
im_smt_divergence,,0.0,,MISSING_LIVE,IM-NQ,1089,1776442199000
im_volume_lead,,-152.3,,MISSING_LIVE,IM-NQ,1089,1776442199000
dist_1d_max_atr,2.168171,2.168171,0.0,MATCH,ATR-NQ,799,1776424799000
dist_1d_min_atr,-3.157161,-3.157161,0.0,MATCH,ATR-NQ,799,1776424799000
dist_blind_nearest_up_atr,0.107527,0.107527,0.0,MATCH,ATR-NQ,799,1776424799000
dist_comp_20d_vah_atr,-12.320112,-12.320112,0.0,MATCH,ATR-NQ,799,1776424799000
dist_comp_20d_val_atr,-30.297331,-30.297331,0.0,MATCH,ATR-NQ,799,1776424799000
dist_comp_20d_vwap_atr,-16.462993,-16.462993,0.0,MATCH,ATR-NQ,799,1776424799000
dist_comp_50d_vah_atr,-10.807041,-10.807041,0.0,MATCH,ATR-NQ,799,1776424799000
dist_comp_50d_val_atr,-23.932292,-23.932292,0.0,MATCH,ATR-NQ,799,1776424799000
dist_comp_50d_vwap_atr,-16.355301,-16.355301,0.0,MATCH,ATR-NQ,799,1776424799000
dist_cur_vah_atr,-0.420532,-0.420532,0.0,MATCH,ATR-NQ,799,1776424799000
dist_cur_val_atr,-0.938273,-0.938273,0.0,MATCH,ATR-NQ,799,1776424799000
dist_cur_vpoc_atr,-0.809366,-0.809366,0.0,MATCH,ATR-NQ,799,1776424799000
dist_gex_nearest_up_atr,1.303861,1.303861,0.0,MATCH,ATR-NQ,799,1776424799000
dist_mq_call_0dte_atr,-11.882674,-11.882674,0.0,MATCH,ATR-NQ,799,1776424799000
dist_mq_call_atr,-0.38672,-0.38672,0.0,MATCH,ATR-NQ,799,1776424799000
dist_mq_hvl_atr,-10.614738,-10.614738,0.0,MATCH,ATR-NQ,799,1776424799000
dist_mq_put_0dte_atr,-1.865979,-1.865979,0.0,MATCH,ATR-NQ,799,1776424799000
dist_mq_put_atr,-21.518987,-21.518987,0.0,MATCH,ATR-NQ,799,1776424799000
dist_open_830_atr,-0.40574,-0.40574,0.0,MATCH,ATR-NQ,799,1776424799000
dist_prev_vah_atr,-0.26838,-0.26838,0.0,MATCH,ATR-NQ,799,1776424799000
dist_prev_val_atr,-1.874432,-1.874432,0.0,MATCH,ATR-NQ,799,1776424799000
dist_prev_vwap_sd1d_atr,-2.179826,-2.179826,0.0,MATCH,ATR-NQ,799,1776424799000
dist_prev_vwap_sd1u_atr,-0.603855,-0.603855,0.0,MATCH,ATR-NQ,799,1776424799000
dist_sess_high_atr,0.010566,0.010566,0.0,MATCH,ATR-NQ,799,1776424799000
dist_session_lvn_above_atr,0.002113,0.002113,0.0,MATCH,ATR-NQ,799,1776424799000
dist_session_lvn_below_atr,0.002113,0.002113,0.0,MATCH,ATR-NQ,799,1776424799000
dist_swing_high_atr,0.010566,0.010566,0.0,MATCH,ATR-NQ,799,1776424799000
dist_vwap_d_sd1d_atr,-4.158698,-4.158698,0.0,MATCH,ATR-NQ,799,1776424799000
dist_vwap_d_sd1u_atr,-0.455103,-0.455103,0.0,MATCH,ATR-NQ,799,1776424799000
dist_vwap_d_sd2u_atr,-0.162818,-0.162818,0.0,MATCH,ATR-NQ,799,1776424799000
dist_vwap_d_sd3u_atr,0.129468,0.129468,0.0,MATCH,ATR-NQ,799,1776424799000
dist_comp_20d_vpoc_atr,,-19.82840599311088,,MISSING_LIVE,ATR-NQ,799,1776424799000
dist_comp_50d_vpoc_atr,,-19.82840599311088,,MISSING_LIVE,ATR-NQ,799,1776424799000
dist_cur_vwap_vp_atr,,-2.9895555884279705,,MISSING_LIVE,ATR-NQ,799,1776424799000
dist_ext_edge_buy_atr,,-0.014792586800786121,,MISSING_LIVE,ATR-NQ,799,1776424799000
dist_ext_edge_sell_atr,,-0.010566133429132943,,MISSING_LIVE,ATR-NQ,799,1776424799000
dist_ext_long_dn_atr,,-0.0380380803448786,,MISSING_LIVE,ATR-NQ,799,1776424799000
dist_ext_long_up_atr,,-0.027471946915745653,,MISSING_LIVE,ATR-NQ,799,1776424799000
dist_open_cash_atr,,-0.6043828321464044,,MISSING_LIVE,ATR-NQ,799,1776424799000
dist_ovn_high_atr,,-0.14581264132203461,,MISSING_LIVE,ATR-NQ,799,1776424799000
dist_ovn_low_atr,,-1.6123919612856872,,MISSING_LIVE,ATR-NQ,799,1776424799000
dist_prev_vpoc_atr,,-1.4855983601360918,,MISSING_LIVE,ATR-NQ,799,1776424799000
dist_prev_vwap_atr,,-1.3922201559561296,,MISSING_LIVE,ATR-NQ,799,1776424799000
dist_vwap_w_atr,,-4.961674732148517,,MISSING_LIVE,ATR-NQ,799,1776424799000
next_wall_dist_atr,,1.2320111578369013,,MISSING_LIVE,ATR-NQ,799,1776424799000
open_gap_atr,,-0.8812155279896875,,MISSING_LIVE,ATR-NQ,799,1776424799000
ovn_range_atr,,1.4665793199636525,,MISSING_LIVE,ATR-NQ,799,1776424799000
poc_bar_dist_atr,,0.006339680057479766,,MISSING_LIVE,ATR-NQ,799,1776424799000
poc_separation_atr,,0.21554912195431206,,MISSING_LIVE,ATR-NQ,799,1776424799000
range_size_atr,,0.5177405380275142,,MISSING_LIVE,ATR-NQ,799,1776424799000
sess_range_atr,,1.62295809471482,,MISSING_LIVE,ATR-NQ,799,1776424799000
swing_range_atr,,0.21343589526848547,,MISSING_LIVE,ATR-NQ,799,1776424799000
dist_blind_nearest_dn_atr,-0.6625460155110838,,,LIVE_ONLY,ATR-NQ,799,1776424799000
dist_gex_nearest_dn_atr,-1.2320111578369013,,,LIVE_ONLY,ATR-NQ,799,1776424799000
dist_sess_low_atr,-1.6123919612856872,,,LIVE_ONLY,ATR-NQ,799,1776424799000
dist_session_hvn_below_atr,0.06339680057479766,,,LIVE_ONLY,ATR-NQ,799,1776424799000
dist_swing_low_atr,-0.2028697618393525,,,LIVE_ONLY,ATR-NQ,799,1776424799000
dist_vix_call_atr,0.014961644935652248,,,LIVE_ONLY,ATR-NQ,799,1776424799000
dist_vix_gex_nearest_dn_atr,-0.0008875552080471672,,,LIVE_ONLY,ATR-NQ,799,1776424799000
dist_vix_gex_nearest_up_atr,0.0001690581348661271,,,LIVE_ONLY,ATR-NQ,799,1776424799000
dist_vix_hvl_atr,0.007565351535259187,,,LIVE_ONLY,ATR-NQ,799,1776424799000
dist_vix_put_atr,-0.0019441685509604617,,,LIVE_ONLY,ATR-NQ,799,1776424799000
dist_vwap_d_sd2d_atr,-1.3319602290737729,,,LIVE_ONLY,ATR-NQ,799,1776424799000
dist_vwap_d_sd3d_atr,-1.624245895057163,,,LIVE_ONLY,ATR-NQ,799,1776424799000
im_cross_delta_agreement_5,0.6,0.6,0.0,MATCH,IM-NQ,799,1776424799000
im_open_type_agreement,0.0,0.0,0.0,MATCH,IM-NQ,799,1776424799000
im_rolling_correlation_10,0.956143,0.956143,1e-08,MATCH,IM-NQ,799,1776424799000
im_cross_delta_weighted_5,,11.0,,MISSING_LIVE,IM-NQ,799,1776424799000
im_cross_open_signal,,0.0,,MISSING_LIVE,IM-NQ,799,1776424799000
im_delta_day_divergence,,0.0,,MISSING_LIVE,IM-NQ,799,1776424799000
im_ltr_slope_diff,,0.5203099999999999,,MISSING_LIVE,IM-NQ,799,1776424799000
im_price_ratio_slope_10,,8.137626641332004e-05,,MISSING_LIVE,IM-NQ,799,1776424799000
im_smt_divergence,,0.0,,MISSING_LIVE,IM-NQ,799,1776424799000
im_volume_lead,,4.2,,MISSING_LIVE,IM-NQ,799,1776424799000
dist_1d_max_atr,-0.169086,-0.169086,0.0,MATCH,ATR-NQ,1067,1776440880000
dist_1d_min_atr,-5.241651,-5.241651,0.0,MATCH,ATR-NQ,1067,1776440880000
dist_blind_nearest_up_atr,1.946732,1.946732,0.0,MATCH,ATR-NQ,1067,1776440880000
dist_comp_20d_vah_atr,-13.557036,-13.557036,0.0,MATCH,ATR-NQ,1067,1776440880000
dist_comp_20d_val_atr,-31.093621,-31.093621,0.0,MATCH,ATR-NQ,1067,1776440880000
dist_comp_20d_vwap_atr,-17.43976,-17.43976,0.0,MATCH,ATR-NQ,1067,1776440880000
dist_comp_50d_vah_atr,-12.224481,-12.224481,0.0,MATCH,ATR-NQ,1067,1776440880000
dist_comp_50d_val_atr,-25.030697,-25.030697,0.0,MATCH,ATR-NQ,1067,1776440880000
dist_comp_50d_vwap_atr,-17.42861,-17.42861,0.0,MATCH,ATR-NQ,1067,1776440880000
dist_cur_vah_atr,-0.73673,-0.73673,0.0,MATCH,ATR-NQ,1067,1776440880000
dist_cur_val_atr,-3.76014,-3.76014,0.0,MATCH,ATR-NQ,1067,1776440880000
dist_cur_vpoc_atr,-3.005294,-3.005294,0.0,MATCH,ATR-NQ,1067,1776440880000
dist_gex_nearest_up_atr,0.617967,0.617967,0.0,MATCH,ATR-NQ,1067,1776440880000
dist_ib_high_atr,-0.380442,-0.380442,0.0,MATCH,ATR-NQ,1067,1776440880000
dist_ib_low_atr,-1.560015,-1.560015,0.0,MATCH,ATR-NQ,1067,1776440880000
dist_mq_call_0dte_atr,-13.55301,-13.55301,0.0,MATCH,ATR-NQ,1067,1776440880000
dist_mq_call_atr,-2.602709,-2.602709,0.0,MATCH,ATR-NQ,1067,1776440880000
dist_mq_hvl_atr,-12.345257,-12.345257,0.0,MATCH,ATR-NQ,1067,1776440880000
dist_mq_put_0dte_atr,-4.011755,-4.011755,0.0,MATCH,ATR-NQ,1067,1776440880000
dist_mq_put_atr,-22.731939,-22.731939,0.0,MATCH,ATR-NQ,1067,1776440880000
dist_open_830_atr,-2.620826,-2.620826,0.0,MATCH,ATR-NQ,1067,1776440880000
dist_prev_vah_atr,-2.489986,-2.489986,0.0,MATCH,ATR-NQ,1067,1776440880000
dist_prev_val_atr,-4.019807,-4.019807,0.0,MATCH,ATR-NQ,1067,1776440880000
dist_prev_vwap_sd1d_atr,-4.310706,-4.310706,0.0,MATCH,ATR-NQ,1067,1776440880000
dist_prev_vwap_sd1u_atr,-2.809537,-2.809537,0.0,MATCH,ATR-NQ,1067,1776440880000
dist_sess_high_atr,0.432778,0.432778,0.0,MATCH,ATR-NQ,1067,1776440880000
dist_session_hvn_above_atr,0.092594,0.092594,0.0,MATCH,ATR-NQ,1067,1776440880000
dist_session_lvn_above_atr,0.3583,0.3583,0.0,MATCH,ATR-NQ,1067,1776440880000
dist_session_lvn_below_atr,0.181163,0.181163,0.0,MATCH,ATR-NQ,1067,1776440880000
dist_swing_high_atr,0.432778,0.432778,0.0,MATCH,ATR-NQ,1067,1776440880000
dist_vwap_d_sd1d_atr,-11.922606,-11.922606,0.0,MATCH,ATR-NQ,1067,1776440880000
dist_vwap_d_sd1u_atr,-0.425183,-0.425183,0.0,MATCH,ATR-NQ,1067,1776440880000
dist_vwap_d_sd2u_atr,0.852552,0.852552,0.0,MATCH,ATR-NQ,1067,1776440880000
dist_vwap_d_sd3u_atr,2.130286,2.130286,0.0,MATCH,ATR-NQ,1067,1776440880000
dist_comp_20d_vpoc_atr,,-21.121600676342116,,MISSING_LIVE,ATR-NQ,1067,1776440880000
dist_comp_50d_vpoc_atr,,-21.121600676342116,,MISSING_LIVE,ATR-NQ,1067,1776440880000
dist_cur_vwap_vp_atr,,-6.81160570864953,,MISSING_LIVE,ATR-NQ,1067,1776440880000
dist_ext_edge_buy_atr,,0.006038768896314338,,MISSING_LIVE,ATR-NQ,1067,1776440880000
dist_ext_edge_sell_atr,,0.006038768896314338,,MISSING_LIVE,ATR-NQ,1067,1776440880000
dist_ext_long_dn_atr,,-0.29992552185027876,,MISSING_LIVE,ATR-NQ,1067,1776440880000
dist_ext_long_up_atr,,-0.28583506109221196,,MISSING_LIVE,ATR-NQ,1067,1776440880000
dist_open_cash_atr,,-1.0869784013365809,,MISSING_LIVE,ATR-NQ,1067,1776440880000
dist_ovn_high_atr,,-2.3732361762515346,,MISSING_LIVE,ATR-NQ,1067,1776440880000
dist_ovn_low_atr,,-3.770204714265585,,MISSING_LIVE,ATR-NQ,1067,1776440880000
dist_prev_vpoc_atr,,-3.6494293363392982,,MISSING_LIVE,ATR-NQ,1067,1776440880000
dist_prev_vwap_atr,,-3.5604833028040015,,MISSING_LIVE,ATR-NQ,1067,1776440880000
dist_vwap_w_atr,,-6.210213369834336,,MISSING_LIVE,ATR-NQ,1067,1776440880000
next_wall_dist_atr,,0.589786428873367,,MISSING_LIVE,ATR-NQ,1067,1776440880000
open_gap_atr,,-2.562450935002717,,MISSING_LIVE,ATR-NQ,1067,1776440880000
ovn_range_atr,,1.3969685380140502,,MISSING_LIVE,ATR-NQ,1067,1776440880000
poc_bar_dist_atr,,0.012077537792628676,,MISSING_LIVE,ATR-NQ,1067,1776440880000
poc_separation_atr,,0.2053181424746875,,MISSING_LIVE,ATR-NQ,1067,1776440880000
range_size_atr,,3.023410294088045,,MISSING_LIVE,ATR-NQ,1067,1776440880000
sess_range_atr,,4.202983151834779,,MISSING_LIVE,ATR-NQ,1067,1776440880000
swing_range_atr,,0.5636184303226716,,MISSING_LIVE,ATR-NQ,1067,1776440880000
dist_blind_nearest_dn_atr,-0.22061957768876186,,,LIVE_ONLY,ATR-NQ,1067,1776440880000
dist_gex_nearest_dn_atr,-0.589786428873367,,,LIVE_ONLY,ATR-NQ,1067,1776440880000
dist_sess_low_atr,-3.770204714265585,,,LIVE_ONLY,ATR-NQ,1067,1776440880000
dist_swing_low_atr,-0.13083999275347732,,,LIVE_ONLY,ATR-NQ,1067,1776440880000
dist_vix_call_atr,0.015479377604219087,,,LIVE_ONLY,ATR-NQ,1067,1776440880000
dist_vix_gex_nearest_dn_atr,-0.004649852050162041,,,LIVE_ONLY,ATR-NQ,1067,1776440880000
dist_vix_gex_nearest_up_atr,0.0003824553634332414,,,LIVE_ONLY,ATR-NQ,1067,1776440880000
dist_vix_hvl_atr,0.008434147225185692,,,LIVE_ONLY,ATR-NQ,1067,1776440880000
dist_vix_put_atr,-0.0006240061192858149,,,LIVE_ONLY,ATR-NQ,1067,1776440880000
dist_vwap_d_sd2d_atr,-4.2583856357817185,,,LIVE_ONLY,ATR-NQ,1067,1776440880000
dist_vwap_d_sd3d_atr,-5.5361200909841175,,,LIVE_ONLY,ATR-NQ,1067,1776440880000
im_cross_delta_agreement_5,0.6,0.6,0.0,MATCH,IM-NQ,1067,1776440880000
im_open_type_agreement,0.0,0.0,0.0,MATCH,IM-NQ,1067,1776440880000
im_rolling_correlation_10,0.988631,0.988631,0.0,MATCH,IM-NQ,1067,1776440880000
im_cross_delta_weighted_5,,54.2,,MISSING_LIVE,IM-NQ,1067,1776440880000
im_cross_open_signal,,0.0,,MISSING_LIVE,IM-NQ,1067,1776440880000
im_delta_day_divergence,,-1.0,,MISSING_LIVE,IM-NQ,1067,1776440880000
im_ltr_slope_diff,,-0.030019999999999984,,MISSING_LIVE,IM-NQ,1067,1776440880000
im_price_ratio_slope_10,,-0.00032134733901780584,,MISSING_LIVE,IM-NQ,1067,1776440880000
im_smt_divergence,,0.0,,MISSING_LIVE,IM-NQ,1067,1776440880000
im_volume_lead,,4.599999999999994,,MISSING_LIVE,IM-NQ,1067,1776440880000
dist_1d_max_atr,-0.523972,-0.523972,0.0,MATCH,ATR-NQ,1052,1776439980000
dist_1d_min_atr,-5.602467,-5.602467,0.0,MATCH,ATR-NQ,1052,1776439980000
dist_blind_nearest_up_atr,1.594319,1.594319,0.0,MATCH,ATR-NQ,1052,1776439980000
dist_comp_20d_vah_atr,-13.963846,-13.963846,0.0,MATCH,ATR-NQ,1052,1776439980000
dist_comp_20d_val_atr,-31.484654,-31.484654,0.0,MATCH,ATR-NQ,1052,1776439980000
dist_comp_20d_vwap_atr,-17.840969,-17.840969,0.0,MATCH,ATR-NQ,1052,1776439980000
dist_comp_50d_vah_atr,-12.617642,-12.617642,0.0,MATCH,ATR-NQ,1052,1776439980000
dist_comp_50d_val_atr,-25.414643,-25.414643,0.0,MATCH,ATR-NQ,1052,1776439980000
dist_comp_50d_vwap_atr,-17.824894,-17.824894,0.0,MATCH,ATR-NQ,1052,1776439980000
dist_cur_vah_atr,-1.158784,-1.158784,0.0,MATCH,ATR-NQ,1052,1776439980000
dist_cur_val_atr,-4.119224,-4.119224,0.0,MATCH,ATR-NQ,1052,1776439980000
dist_cur_vpoc_atr,-3.363495,-3.363495,0.0,MATCH,ATR-NQ,1052,1776439980000
dist_gex_nearest_up_atr,0.264001,0.264001,0.0,MATCH,ATR-NQ,1052,1776439980000
dist_ib_high_atr,-0.735576,-0.735576,0.0,MATCH,ATR-NQ,1052,1776439980000
dist_ib_low_atr,-1.916527,-1.916527,0.0,MATCH,ATR-NQ,1052,1776439980000
dist_mq_call_0dte_atr,-13.92354,-13.92354,0.0,MATCH,ATR-NQ,1052,1776439980000
dist_mq_call_atr,-2.96044,-2.96044,0.0,MATCH,ATR-NQ,1052,1776439980000
dist_mq_hvl_atr,-12.714375,-12.714375,0.0,MATCH,ATR-NQ,1052,1776439980000
dist_mq_put_0dte_atr,-4.371133,-4.371133,0.0,MATCH,ATR-NQ,1052,1776439980000
dist_mq_put_atr,-23.113198,-23.113198,0.0,MATCH,ATR-NQ,1052,1776439980000
dist_open_830_atr,-2.978578,-2.978578,0.0,MATCH,ATR-NQ,1052,1776439980000
dist_prev_vah_atr,-2.847585,-2.847585,0.0,MATCH,ATR-NQ,1052,1776439980000
dist_prev_val_atr,-4.379194,-4.379194,0.0,MATCH,ATR-NQ,1052,1776439980000
dist_prev_vwap_sd1d_atr,-4.670433,-4.670433,0.0,MATCH,ATR-NQ,1052,1776439980000
dist_prev_vwap_sd1u_atr,-3.16751,-3.16751,0.0,MATCH,ATR-NQ,1052,1776439980000
dist_sess_high_atr,0.014107,0.014107,0.0,MATCH,ATR-NQ,1052,1776439980000
dist_session_lvn_below_atr,0.536063,0.536063,0.0,MATCH,ATR-NQ,1052,1776439980000
dist_swing_high_atr,-0.096733,-0.096733,0.0,MATCH,ATR-NQ,1052,1776439980000
dist_vwap_d_sd1d_atr,-13.552352,-13.552352,0.0,MATCH,ATR-NQ,1052,1776439980000
dist_vwap_d_sd1u_atr,-0.843267,-0.843267,0.0,MATCH,ATR-NQ,1052,1776439980000
dist_vwap_d_sd2u_atr,0.429159,0.429159,0.0,MATCH,ATR-NQ,1052,1776439980000
dist_vwap_d_sd3u_atr,1.70157,1.70157,0.0,MATCH,ATR-NQ,1052,1776439980000
dist_comp_20d_vpoc_atr,,-21.500977408758388,,MISSING_LIVE,ATR-NQ,1052,1776439980000
dist_comp_50d_vpoc_atr,,-21.500977408758388,,MISSING_LIVE,ATR-NQ,1052,1776439980000
dist_cur_vwap_vp_atr,,-8.462646863223233,,MISSING_LIVE,ATR-NQ,1052,1776439980000
dist_ext_edge_buy_atr,,-0.006045827371475787,,MISSING_LIVE,ATR-NQ,1052,1776439980000
dist_ext_edge_sell_atr,,-4.061788355736483,,MISSING_LIVE,ATR-NQ,1052,1776439980000
dist_ext_long_dn_atr,,-0.6549646319098769,,MISSING_LIVE,ATR-NQ,1052,1776439980000
dist_ext_long_up_atr,,-0.6408577013764334,,MISSING_LIVE,ATR-NQ,1052,1776439980000
dist_open_cash_atr,,-1.4429374659922212,,MISSING_LIVE,ATR-NQ,1052,1776439980000
dist_ovn_high_atr,,-2.730698696116564,,MISSING_LIVE,ATR-NQ,1052,1776439980000
dist_ovn_low_atr,,-4.129300094717962,,MISSING_LIVE,ATR-NQ,1052,1776439980000
dist_prev_vpoc_atr,,-4.008383547288447,,MISSING_LIVE,ATR-NQ,1052,1776439980000
dist_prev_vwap_atr,,-3.9193335482960845,,MISSING_LIVE,ATR-NQ,1052,1776439980000
dist_vwap_w_atr,,-6.6131117873481,,MISSING_LIVE,ATR-NQ,1052,1776439980000
next_wall_dist_atr,,0.2640011285544427,,MISSING_LIVE,ATR-NQ,1052,1776439980000
open_gap_atr,,-2.5654460812962254,,MISSING_LIVE,ATR-NQ,1052,1776439980000
ovn_range_atr,,1.3986013986013988,,MISSING_LIVE,ATR-NQ,1052,1776439980000
poc_bar_dist_atr,,0.014106930533443503,,MISSING_LIVE,ATR-NQ,1052,1776439980000
poc_separation_atr,,0.20555813063017675,,MISSING_LIVE,ATR-NQ,1052,1776439980000
range_size_atr,,2.9604401362326436,,MISSING_LIVE,ATR-NQ,1052,1776439980000
sess_range_atr,,4.143407025251406,,MISSING_LIVE,ATR-NQ,1052,1776439980000
swing_range_atr,,0.3889482275649423,,MISSING_LIVE,ATR-NQ,1052,1776439980000
dist_blind_nearest_dn_atr,-0.5755659902057597,,,LIVE_ONLY,ATR-NQ,1052,1776439980000
dist_gex_nearest_dn_atr,-0.9451643457407146,,,LIVE_ONLY,ATR-NQ,1052,1776439980000
dist_sess_low_atr,-4.129300094717962,,,LIVE_ONLY,ATR-NQ,1052,1776439980000
dist_session_hvn_below_atr,0.15517623586787851,,,LIVE_ONLY,ATR-NQ,1052,1776439980000
dist_swing_low_atr,-0.48568146550855484,,,LIVE_ONLY,ATR-NQ,1052,1776439980000
dist_vix_call_atr,0.01586022047117148,,,LIVE_ONLY,ATR-NQ,1052,1776439980000
dist_vix_gex_nearest_dn_atr,-0.004292537433747808,,,LIVE_ONLY,ATR-NQ,1052,1776439980000
dist_vix_gex_nearest_up_atr,0.0007456520424820136,,,LIVE_ONLY,ATR-NQ,1052,1776439980000
dist_vix_hvl_atr,0.00880675520444973,,,LIVE_ONLY,ATR-NQ,1052,1776439980000
dist_vix_put_atr,-0.00026198585276395077,,,LIVE_ONLY,ATR-NQ,1052,1776439980000
dist_vwap_d_sd2d_atr,-4.660514298381734,,,LIVE_ONLY,ATR-NQ,1052,1776439980000
dist_vwap_d_sd3d_atr,-5.932924769754741,,,LIVE_ONLY,ATR-NQ,1052,1776439980000
im_cross_delta_agreement_5,1.0,1.0,0.0,MATCH,IM-NQ,1052,1776439980000
im_open_type_agreement,0.0,0.0,0.0,MATCH,IM-NQ,1052,1776439980000
im_rolling_correlation_10,0.986632,0.986632,0.0,MATCH,IM-NQ,1052,1776439980000
im_cross_delta_weighted_5,,131.8,,MISSING_LIVE,IM-NQ,1052,1776439980000
im_cross_open_signal,,0.0,,MISSING_LIVE,IM-NQ,1052,1776439980000
im_delta_day_divergence,,-1.0,,MISSING_LIVE,IM-NQ,1052,1776439980000
im_ltr_slope_diff,,-0.04485000000000003,,MISSING_LIVE,IM-NQ,1052,1776439980000
im_price_ratio_slope_10,,3.631962161789064e-05,,MISSING_LIVE,IM-NQ,1052,1776439980000
im_smt_divergence,,0.0,,MISSING_LIVE,IM-NQ,1052,1776439980000
im_volume_lead,,155.9,,MISSING_LIVE,IM-NQ,1052,1776439980000
dist_1d_max_atr,-0.205091,-0.205091,0.0,MATCH,ATR-NQ,1318,1776455940000
dist_1d_min_atr,-5.272047,-5.272047,0.0,MATCH,ATR-NQ,1318,1776455940000
dist_blind_nearest_up_atr,1.908387,1.908387,0.0,MATCH,ATR-NQ,1318,1776455940000
dist_comp_20d_vah_atr,-12.902642,-12.902642,0.0,MATCH,ATR-NQ,1318,1776455940000
dist_comp_20d_val_atr,-31.095428,-31.095428,0.0,MATCH,ATR-NQ,1318,1776455940000
dist_comp_20d_vwap_atr,-16.928466,-16.928466,0.0,MATCH,ATR-NQ,1318,1776455940000
dist_comp_50d_vah_atr,-11.983754,-11.983754,0.0,MATCH,ATR-NQ,1318,1776455940000
dist_comp_50d_val_atr,-25.039209,-25.039209,0.0,MATCH,ATR-NQ,1318,1776455940000
dist_comp_50d_vwap_atr,-17.132818,-17.132818,0.0,MATCH,ATR-NQ,1318,1776455940000
dist_cur_vah_atr,-0.082439,-0.082439,0.0,MATCH,ATR-NQ,1318,1776455940000
dist_cur_val_atr,-0.52077,-0.52077,0.0,MATCH,ATR-NQ,1318,1776455940000
dist_cur_vpoc_atr,-0.223187,-0.223187,0.0,MATCH,ATR-NQ,1318,1776455940000
dist_gex_nearest_up_atr,0.581091,0.581091,0.0,MATCH,ATR-NQ,1318,1776455940000
dist_ib_high_atr,-0.416214,-0.416214,0.0,MATCH,ATR-NQ,1318,1776455940000
dist_ib_low_atr,-1.594483,-1.594483,0.0,MATCH,ATR-NQ,1318,1776455940000
dist_mq_call_0dte_atr,-13.574215,-13.574215,0.0,MATCH,ATR-NQ,1318,1776455940000
dist_mq_call_atr,-2.636024,-2.636024,0.0,MATCH,ATR-NQ,1318,1776455940000
dist_mq_hvl_atr,-12.367797,-12.367797,0.0,MATCH,ATR-NQ,1318,1776455940000
dist_mq_put_0dte_atr,-4.043511,-4.043511,0.0,MATCH,ATR-NQ,1318,1776455940000
dist_mq_put_atr,-22.742993,-22.742993,0.0,MATCH,ATR-NQ,1318,1776455940000
dist_open_830_atr,-2.65412,-2.65412,0.0,MATCH,ATR-NQ,1318,1776455940000
dist_prev_vah_atr,0.446375,0.446375,0.0,MATCH,ATR-NQ,1318,1776455940000
dist_prev_val_atr,-2.818997,-2.818997,0.0,MATCH,ATR-NQ,1318,1776455940000
dist_prev_vwap_sd1d_atr,-2.879239,-2.879239,0.0,MATCH,ATR-NQ,1318,1776455940000
dist_prev_vwap_sd1u_atr,-0.238205,-0.238205,0.0,MATCH,ATR-NQ,1318,1776455940000
dist_sess_high_atr,0.458439,0.458439,0.0,MATCH,ATR-NQ,1318,1776455940000
dist_session_lvn_above_atr,0.012064,0.012064,0.0,MATCH,ATR-NQ,1318,1776455940000
dist_session_lvn_below_atr,0.550931,0.550931,0.0,MATCH,ATR-NQ,1318,1776455940000
dist_swing_high_atr,0.004021,0.004021,0.0,MATCH,ATR-NQ,1318,1776455940000
dist_vwap_d_sd1d_atr,-1.666365,-1.666365,0.0,MATCH,ATR-NQ,1318,1776455940000
dist_vwap_d_sd1u_atr,-0.039523,-0.039523,0.0,MATCH,ATR-NQ,1318,1776455940000
dist_vwap_d_sd2u_atr,0.149027,0.149027,0.0,MATCH,ATR-NQ,1318,1776455940000
dist_vwap_d_sd3u_atr,0.337561,0.337561,0.0,MATCH,ATR-NQ,1318,1776455940000
dist_comp_20d_vpoc_atr,,-21.13443519523867,,MISSING_LIVE,ATR-NQ,1318,1776455940000
dist_comp_50d_vpoc_atr,,-21.13443519523867,,MISSING_LIVE,ATR-NQ,1318,1776455940000
dist_cur_vwap_vp_atr,,-0.9122282543129449,,MISSING_LIVE,ATR-NQ,1318,1776455940000
dist_ext_edge_buy_atr,,-0.03418184742831866,,MISSING_LIVE,ATR-NQ,1318,1776455940000
dist_ext_edge_sell_atr,,0.002010696907548156,,MISSING_LIVE,ATR-NQ,1318,1776455940000
dist_ext_long_dn_atr,,-0.3357863835605421,,MISSING_LIVE,ATR-NQ,1318,1776455940000
dist_ext_long_up_atr,,-0.32171150520770503,,MISSING_LIVE,ATR-NQ,1318,1776455940000
dist_open_cash_atr,,-1.1219688744118712,,MISSING_LIVE,ATR-NQ,1318,1776455940000
dist_ovn_high_atr,,0.026139059798126033,,MISSING_LIVE,ATR-NQ,1318,1776455940000
dist_ovn_low_atr,,-0.5810914062814172,,MISSING_LIVE,ATR-NQ,1318,1776455940000
dist_prev_vpoc_atr,,0.09852414846985966,,MISSING_LIVE,ATR-NQ,1318,1776455940000
dist_prev_vwap_atr,,-1.5561380544496723,,MISSING_LIVE,ATR-NQ,1318,1776455940000
dist_vwap_w_atr,,-5.699383118188765,,MISSING_LIVE,ATR-NQ,1318,1776455940000
next_wall_dist_atr,,0.5810914062814172,,MISSING_LIVE,ATR-NQ,1318,1776455940000
open_gap_atr,,1.2204930228817308,,MISSING_LIVE,ATR-NQ,1318,1776455940000
ovn_range_atr,,0.6072304660795432,,MISSING_LIVE,ATR-NQ,1318,1776455940000
poc_bar_dist_atr,,0.010053484537740782,,MISSING_LIVE,ATR-NQ,1318,1776455940000
poc_separation_atr,,0.16085575260385251,,MISSING_LIVE,ATR-NQ,1318,1776455940000
range_size_atr,,0.43833192584549807,,MISSING_LIVE,ATR-NQ,1318,1776455940000
sess_range_atr,,4.260666747094543,,MISSING_LIVE,ATR-NQ,1318,1776455940000
swing_range_atr,,0.43833192584549807,,MISSING_LIVE,ATR-NQ,1318,1776455940000
dist_blind_nearest_dn_atr,-0.2565681425181968,,,LIVE_ONLY,ATR-NQ,1318,1776455940000
dist_gex_nearest_dn_atr,-0.6253267382474766,,,LIVE_ONLY,ATR-NQ,1318,1776455940000
dist_sess_low_atr,-3.8022278521735635,,,LIVE_ONLY,ATR-NQ,1318,1776455940000
dist_session_hvn_below_atr,0.06635299794908915,,,LIVE_ONLY,ATR-NQ,1318,1776455940000
dist_swing_low_atr,-0.43431053203040176,,,LIVE_ONLY,ATR-NQ,1318,1776455940000
dist_vix_call_atr,0.01506011983753569,,,LIVE_ONLY,ATR-NQ,1318,1776455940000
dist_vix_gex_nearest_dn_atr,-2.0106969075481563e-05,,,LIVE_ONLY,ATR-NQ,1318,1776455940000
dist_vix_gex_nearest_up_atr,0.0009852414846985966,,,LIVE_ONLY,ATR-NQ,1318,1776455940000
dist_vix_hvl_atr,0.008022680661117144,,,LIVE_ONLY,ATR-NQ,1318,1776455940000
dist_vix_put_atr,-0.0010254554228495598,,,LIVE_ONLY,ATR-NQ,1318,1776455940000
dist_vwap_d_sd2d_atr,-0.6051411509229099,,,LIVE_ONLY,ATR-NQ,1318,1776455940000
dist_vwap_d_sd3d_atr,-0.7936755539469981,,,LIVE_ONLY,ATR-NQ,1318,1776455940000
im_cross_delta_agreement_5,0.6,0.6,0.0,MATCH,IM-NQ,1318,1776455940000
im_open_type_agreement,1.0,1.0,0.0,MATCH,IM-NQ,1318,1776455940000
im_rolling_correlation_10,0.770604,0.770604,0.0,MATCH,IM-NQ,1318,1776455940000
im_cross_delta_weighted_5,,56.0,,MISSING_LIVE,IM-NQ,1318,1776455940000
im_cross_open_signal,,0.85,,MISSING_LIVE,IM-NQ,1318,1776455940000
im_delta_day_divergence,,1.0,,MISSING_LIVE,IM-NQ,1318,1776455940000
im_ltr_slope_diff,,-0.06261000000000004,,MISSING_LIVE,IM-NQ,1318,1776455940000
im_price_ratio_slope_10,,0.00027379203181114256,,MISSING_LIVE,IM-NQ,1318,1776455940000
im_smt_divergence,,-1.0,,MISSING_LIVE,IM-NQ,1318,1776455940000
im_volume_lead,,-7966.4,,MISSING_LIVE,IM-NQ,1318,1776455940000
dist_1d_max_atr,0.332961,0.332961,0.0,MATCH,ATR-NQ,970,1776435059000
dist_1d_min_atr,-4.783271,-4.783271,0.0,MATCH,ATR-NQ,970,1776435059000
dist_blind_nearest_up_atr,0.280983,0.280983,0.0,MATCH,ATR-NQ,970,1776435059000
dist_comp_20d_vah_atr,-13.391534,-13.391534,0.0,MATCH,ATR-NQ,970,1776435059000
dist_comp_20d_val_atr,-30.857781,-30.857781,0.0,MATCH,ATR-NQ,970,1776435059000
dist_comp_20d_vwap_atr,-17.293327,-17.293327,0.0,MATCH,ATR-NQ,970,1776435059000
dist_comp_50d_vah_atr,-11.964268,-11.964268,0.0,MATCH,ATR-NQ,970,1776435059000
dist_comp_50d_val_atr,-24.742666,-24.742666,0.0,MATCH,ATR-NQ,970,1776435059000
dist_comp_50d_vwap_atr,-17.242872,-17.242872,0.0,MATCH,ATR-NQ,970,1776435059000
dist_cur_vah_atr,-0.704497,-0.704497,0.0,MATCH,ATR-NQ,970,1776435059000
dist_cur_val_atr,-3.289006,-3.289006,0.0,MATCH,ATR-NQ,970,1776435059000
dist_cur_vpoc_atr,-2.527662,-2.527662,0.0,MATCH,ATR-NQ,970,1776435059000
dist_gex_nearest_up_atr,1.126789,1.126789,0.0,MATCH,ATR-NQ,970,1776435059000
dist_ib_high_atr,0.119785,0.119785,0.0,MATCH,ATR-NQ,970,1776435059000
dist_ib_low_atr,-1.069942,-1.069942,0.0,MATCH,ATR-NQ,970,1776435059000
dist_mq_call_0dte_atr,-13.166176,-13.166176,0.0,MATCH,ATR-NQ,970,1776435059000
dist_mq_call_atr,-2.121612,-2.121612,0.0,MATCH,ATR-NQ,970,1776435059000
dist_mq_hvl_atr,-11.948026,-11.948026,0.0,MATCH,ATR-NQ,970,1776435059000
dist_mq_put_0dte_atr,-3.542788,-3.542788,0.0,MATCH,ATR-NQ,970,1776435059000
dist_mq_put_atr,-22.424119,-22.424119,0.0,MATCH,ATR-NQ,970,1776435059000
dist_open_830_atr,-2.139884,-2.139884,0.0,MATCH,ATR-NQ,970,1776435059000
dist_prev_vah_atr,-2.007918,-2.007918,0.0,MATCH,ATR-NQ,970,1776435059000
dist_prev_val_atr,-3.550909,-3.550909,0.0,MATCH,ATR-NQ,970,1776435059000
dist_prev_vwap_sd1d_atr,-3.844311,-3.844311,0.0,MATCH,ATR-NQ,970,1776435059000
dist_prev_vwap_sd1u_atr,-2.33022,-2.33022,0.0,MATCH,ATR-NQ,970,1776435059000
dist_sess_high_atr,0.458837,0.458837,0.0,MATCH,ATR-NQ,970,1776435059000
dist_session_lvn_above_atr,0.117755,0.117755,0.0,MATCH,ATR-NQ,970,1776435059000
dist_swing_high_atr,0.458837,0.458837,0.0,MATCH,ATR-NQ,970,1776435059000
dist_vwap_d_sd1d_atr,-11.049513,-11.049513,0.0,MATCH,ATR-NQ,970,1776435059000
dist_vwap_d_sd1u_atr,-0.619893,-0.619893,0.0,MATCH,ATR-NQ,970,1776435059000
dist_vwap_d_sd2u_atr,0.45135,0.45135,0.0,MATCH,ATR-NQ,970,1776435059000
dist_vwap_d_sd3u_atr,1.522593,1.522593,0.0,MATCH,ATR-NQ,970,1776435059000
dist_comp_20d_vpoc_atr,,-20.79991878997056,,MISSING_LIVE,ATR-NQ,970,1776435059000
dist_comp_50d_vpoc_atr,,-20.79991878997056,,MISSING_LIVE,ATR-NQ,970,1776435059000
dist_cur_vwap_vp_atr,,-6.764477921023246,,MISSING_LIVE,ATR-NQ,970,1776435059000
dist_ext_edge_buy_atr,,-0.016242005887727135,,MISSING_LIVE,ATR-NQ,970,1776435059000
dist_ext_edge_sell_atr,,0.038574763983351947,,MISSING_LIVE,ATR-NQ,970,1776435059000
dist_ext_long_dn_atr,,-0.05278651913511319,,MISSING_LIVE,ATR-NQ,970,1776435059000
dist_ext_long_up_atr,,-0.09339153385443102,,MISSING_LIVE,ATR-NQ,970,1776435059000
dist_open_cash_atr,,-0.5928332149020404,,MISSING_LIVE,ATR-NQ,970,1776435059000
dist_ovn_high_atr,,-1.8901634351842451,,MISSING_LIVE,ATR-NQ,970,1776435059000
dist_ovn_low_atr,,-3.2991574459445743,,MISSING_LIVE,ATR-NQ,970,1776435059000
dist_prev_vpoc_atr,,-3.1773424017866208,,MISSING_LIVE,ATR-NQ,970,1776435059000
dist_prev_vwap_atr,,-3.087630697391128,,MISSING_LIVE,ATR-NQ,970,1776435059000
dist_vwap_w_atr,,-6.086755050248706,,MISSING_LIVE,ATR-NQ,970,1776435059000
next_wall_dist_atr,,0.09136128311846513,,MISSING_LIVE,ATR-NQ,970,1776435059000
open_gap_atr,,-2.58450918688458,,MISSING_LIVE,ATR-NQ,970,1776435059000
ovn_range_atr,,1.408994010760329,,MISSING_LIVE,ATR-NQ,970,1776435059000
poc_bar_dist_atr,,0.010151253679829459,,MISSING_LIVE,ATR-NQ,970,1776435059000
poc_separation_atr,,0.20708557506852096,,MISSING_LIVE,ATR-NQ,970,1776435059000
range_size_atr,,2.58450918688458,,MISSING_LIVE,ATR-NQ,970,1776435059000
sess_range_atr,,3.7579941122728657,,MISSING_LIVE,ATR-NQ,970,1776435059000
swing_range_atr,,1.5064460460866917,,MISSING_LIVE,ATR-NQ,970,1776435059000
dist_blind_nearest_dn_atr,-1.6467712922545934,,,LIVE_ONLY,ATR-NQ,970,1776435059000
dist_gex_nearest_dn_atr,-0.09136128311846513,,,LIVE_ONLY,ATR-NQ,970,1776435059000
dist_sess_low_atr,-3.2991574459445743,,,LIVE_ONLY,ATR-NQ,970,1776435059000
dist_session_hvn_below_atr,0.010151253679829459,,,LIVE_ONLY,ATR-NQ,970,1776435059000
dist_swing_low_atr,-1.0476093797584,,,LIVE_ONLY,ATR-NQ,970,1776435059000
dist_vix_call_atr,0.015064460460866916,,,LIVE_ONLY,ATR-NQ,970,1776435059000
dist_vix_gex_nearest_dn_atr,-0.00016242005887727134,,,LIVE_ONLY,ATR-NQ,970,1776435059000
dist_vix_gex_nearest_up_atr,0.0008527053091056745,,,LIVE_ONLY,ATR-NQ,970,1776435059000
dist_vix_hvl_atr,0.007958582884986295,,,LIVE_ONLY,ATR-NQ,970,1776435059000
dist_vix_put_atr,-0.0011775454268602172,,,LIVE_ONLY,ATR-NQ,970,1776435059000
dist_vwap_d_sd2d_atr,-3.8336209521875952,,,LIVE_ONLY,ATR-NQ,970,1776435059000
dist_vwap_d_sd3d_atr,-4.90486366866308,,,LIVE_ONLY,ATR-NQ,970,1776435059000
im_cross_delta_agreement_5,0.6,0.6,0.0,MATCH,IM-NQ,970,1776435059000
im_open_type_agreement,0.0,0.0,0.0,MATCH,IM-NQ,970,1776435059000
im_rolling_correlation_10,0.955085,0.955085,0.0,MATCH,IM-NQ,970,1776435059000
im_cross_delta_weighted_5,,189.4,,MISSING_LIVE,IM-NQ,970,1776435059000
im_cross_open_signal,,0.0,,MISSING_LIVE,IM-NQ,970,1776435059000
im_delta_day_divergence,,-1.0,,MISSING_LIVE,IM-NQ,970,1776435059000
im_ltr_slope_diff,,-0.11083000000000004,,MISSING_LIVE,IM-NQ,970,1776435059000
im_price_ratio_slope_10,,1.8011641338823056e-05,,MISSING_LIVE,IM-NQ,970,1776435059000
im_smt_divergence,,-1.0,,MISSING_LIVE,IM-NQ,970,1776435059000
im_volume_lead,,-545.4,,MISSING_LIVE,IM-NQ,970,1776435059000
dist_1d_max_atr,2.330889,2.330889,0.0,MATCH,ATR-NQ,744,1776421500000
dist_1d_min_atr,-2.994442,-2.994442,0.0,MATCH,ATR-NQ,744,1776421500000
dist_blind_nearest_up_atr,0.270245,0.270245,0.0,MATCH,ATR-NQ,744,1776421500000
dist_comp_20d_vah_atr,-12.16162,-12.16162,0.0,MATCH,ATR-NQ,744,1776421500000
dist_comp_20d_val_atr,-30.134613,-30.134613,0.0,MATCH,ATR-NQ,744,1776421500000
dist_comp_20d_vwap_atr,-16.307721,-16.307721,0.0,MATCH,ATR-NQ,744,1776421500000
dist_comp_50d_vah_atr,-10.650662,-10.650662,0.0,MATCH,ATR-NQ,744,1776421500000
dist_comp_50d_val_atr,-23.769574,-23.769574,0.0,MATCH,ATR-NQ,744,1776421500000
dist_comp_50d_vwap_atr,-16.198559,-16.198559,0.0,MATCH,ATR-NQ,744,1776421500000
dist_cur_vah_atr,-0.257814,-0.257814,0.0,MATCH,ATR-NQ,744,1776421500000
dist_cur_val_atr,-0.758648,-0.758648,0.0,MATCH,ATR-NQ,744,1776421500000
dist_cur_vpoc_atr,-0.646647,-0.646647,0.0,MATCH,ATR-NQ,744,1776421500000
dist_gex_nearest_up_atr,1.466579,1.466579,0.0,MATCH,ATR-NQ,744,1776421500000
dist_mq_call_0dte_atr,-11.719955,-11.719955,0.0,MATCH,ATR-NQ,744,1776421500000
dist_mq_call_atr,-0.224002,-0.224002,0.0,MATCH,ATR-NQ,744,1776421500000
dist_mq_hvl_atr,-10.452019,-10.452019,0.0,MATCH,ATR-NQ,744,1776421500000
dist_mq_put_0dte_atr,-1.703261,-1.703261,0.0,MATCH,ATR-NQ,744,1776421500000
dist_mq_put_atr,-21.356269,-21.356269,0.0,MATCH,ATR-NQ,744,1776421500000
dist_open_830_atr,-0.243021,-0.243021,0.0,MATCH,ATR-NQ,744,1776421500000
dist_prev_vah_atr,-0.105661,-0.105661,0.0,MATCH,ATR-NQ,744,1776421500000
dist_prev_val_atr,-1.711714,-1.711714,0.0,MATCH,ATR-NQ,744,1776421500000
dist_prev_vwap_sd1d_atr,-2.017108,-2.017108,0.0,MATCH,ATR-NQ,744,1776421500000
dist_prev_vwap_sd1u_atr,-0.441136,-0.441136,0.0,MATCH,ATR-NQ,744,1776421500000
dist_sess_high_atr,0.173285,0.173285,0.0,MATCH,ATR-NQ,744,1776421500000
dist_session_lvn_above_atr,0.004226,0.004226,0.0,MATCH,ATR-NQ,744,1776421500000
dist_session_lvn_below_atr,0.002113,0.002113,0.0,MATCH,ATR-NQ,744,1776421500000
dist_swing_high_atr,0.173285,0.173285,0.0,MATCH,ATR-NQ,744,1776421500000
dist_vwap_d_sd1d_atr,-3.517862,-3.517862,0.0,MATCH,ATR-NQ,744,1776421500000
dist_vwap_d_sd1u_atr,-0.311008,-0.311008,0.0,MATCH,ATR-NQ,744,1776421500000
dist_vwap_d_sd2u_atr,-0.026779,-0.026779,0.0,MATCH,ATR-NQ,744,1776421500000
dist_vwap_d_sd3u_atr,0.25745,0.25745,0.0,MATCH,ATR-NQ,744,1776421500000
dist_comp_20d_vpoc_atr,,-19.665687538302233,,MISSING_LIVE,ATR-NQ,744,1776421500000
dist_comp_50d_vpoc_atr,,-19.665687538302233,,MISSING_LIVE,ATR-NQ,744,1776421500000
dist_cur_vwap_vp_atr,,-2.3809463029099134,,MISSING_LIVE,ATR-NQ,744,1776421500000
dist_ext_edge_buy_atr,,0.008452906743306355,,MISSING_LIVE,ATR-NQ,744,1776421500000
dist_ext_edge_sell_atr,,0.012679360114959532,,MISSING_LIVE,ATR-NQ,744,1776421500000
dist_ext_long_dn_atr,,-0.002113226685826589,,MISSING_LIVE,ATR-NQ,744,1776421500000
dist_ext_long_up_atr,,0.059170347203144485,,MISSING_LIVE,ATR-NQ,744,1776421500000
dist_open_cash_atr,,-0.44166437733775704,,MISSING_LIVE,ATR-NQ,744,1776421500000
dist_ovn_high_atr,,0.01690581348661271,,MISSING_LIVE,ATR-NQ,744,1776421500000
dist_ovn_low_atr,,-1.4496735064770399,,MISSING_LIVE,ATR-NQ,744,1776421500000
dist_prev_vpoc_atr,,-1.3228799053274445,,MISSING_LIVE,ATR-NQ,744,1776421500000
dist_prev_vwap_atr,,-1.2295017011474823,,MISSING_LIVE,ATR-NQ,744,1776421500000
dist_vwap_w_atr,,-4.809307706937723,,MISSING_LIVE,ATR-NQ,744,1776421500000
next_wall_dist_atr,,1.069292703028254,,MISSING_LIVE,ATR-NQ,744,1776421500000
open_gap_atr,,-0.8812155279896875,,MISSING_LIVE,ATR-NQ,744,1776421500000
ovn_range_atr,,1.4665793199636525,,MISSING_LIVE,ATR-NQ,744,1776421500000
poc_bar_dist_atr,,0.002113226685826589,,MISSING_LIVE,ATR-NQ,744,1776421500000
poc_separation_atr,,0.21554912195431206,,MISSING_LIVE,ATR-NQ,744,1776421500000
range_size_atr,,0.5008347245409015,,MISSING_LIVE,ATR-NQ,744,1776421500000
sess_range_atr,,1.62295809471482,,MISSING_LIVE,ATR-NQ,744,1776421500000
swing_range_atr,,0.32332368293146807,,MISSING_LIVE,ATR-NQ,744,1776421500000
dist_blind_nearest_dn_atr,-0.4998275607024366,,,LIVE_ONLY,ATR-NQ,744,1776421500000
dist_gex_nearest_dn_atr,-1.069292703028254,,,LIVE_ONLY,ATR-NQ,744,1776421500000
dist_sess_low_atr,-1.4496735064770399,,,LIVE_ONLY,ATR-NQ,744,1776421500000
dist_session_hvn_below_atr,0.06973648063227743,,,LIVE_ONLY,ATR-NQ,744,1776421500000
dist_swing_low_atr,-0.15003909469368779,,,LIVE_ONLY,ATR-NQ,744,1776421500000
dist_vix_call_atr,0.014602396399061728,,,LIVE_ONLY,ATR-NQ,744,1776421500000
dist_vix_gex_nearest_dn_atr,-0.00019019040172439298,,,LIVE_ONLY,ATR-NQ,744,1776421500000
dist_vix_gex_nearest_up_atr,0.0019230362841021957,,,LIVE_ONLY,ATR-NQ,744,1776421500000
dist_vix_hvl_atr,0.0072061029986686675,,,LIVE_ONLY,ATR-NQ,744,1776421500000
dist_vix_put_atr,-0.002303417087550982,,,LIVE_ONLY,ATR-NQ,744,1776421500000
dist_vwap_d_sd2d_atr,-1.1636945542148307,,,LIVE_ONLY,ATR-NQ,744,1776421500000
dist_vwap_d_sd3d_atr,-1.447923543458507,,,LIVE_ONLY,ATR-NQ,744,1776421500000
im_cross_delta_agreement_5,0.8,0.8,0.0,MATCH,IM-NQ,744,1776421500000
im_open_type_agreement,0.0,0.0,0.0,MATCH,IM-NQ,744,1776421500000
im_rolling_correlation_10,0.971102,0.971102,1e-08,MATCH,IM-NQ,744,1776421500000
im_cross_delta_weighted_5,,6.6,,MISSING_LIVE,IM-NQ,744,1776421500000
im_cross_open_signal,,0.0,,MISSING_LIVE,IM-NQ,744,1776421500000
im_delta_day_divergence,,0.0,,MISSING_LIVE,IM-NQ,744,1776421500000
im_ltr_slope_diff,,0.41659000000000007,,MISSING_LIVE,IM-NQ,744,1776421500000
im_price_ratio_slope_10,,-2.1893268997035186e-05,,MISSING_LIVE,IM-NQ,744,1776421500000
im_smt_divergence,,0.0,,MISSING_LIVE,IM-NQ,744,1776421500000
im_volume_lead,,4.4,,MISSING_LIVE,IM-NQ,744,1776421500000
dist_1d_max_atr,0.176941,0.176941,0.0,MATCH,ATR-NQ,1170,1776447060000
dist_1d_min_atr,-4.890015,-4.890015,0.0,MATCH,ATR-NQ,1170,1776447060000
dist_blind_nearest_up_atr,0.125464,0.125464,0.0,MATCH,ATR-NQ,1170,1776447060000
dist_comp_20d_vah_atr,-12.677444,-12.677444,0.0,MATCH,ATR-NQ,1170,1776447060000
dist_comp_20d_val_atr,-30.713395,-30.713395,0.0,MATCH,ATR-NQ,1170,1776447060000
dist_comp_20d_vwap_atr,-16.764468,-16.764468,0.0,MATCH,ATR-NQ,1170,1776447060000
dist_comp_50d_vah_atr,-11.756545,-11.756545,0.0,MATCH,ATR-NQ,1170,1776447060000
dist_comp_50d_val_atr,-24.657176,-24.657176,0.0,MATCH,ATR-NQ,1170,1776447060000
dist_comp_50d_vwap_atr,-16.921365,-16.921365,0.0,MATCH,ATR-NQ,1170,1776447060000
dist_cur_vah_atr,0.414204,0.414204,0.0,MATCH,ATR-NQ,1170,1776447060000
dist_cur_val_atr,-0.291551,-0.291551,0.0,MATCH,ATR-NQ,1170,1776447060000
dist_cur_vpoc_atr,0.158845,0.158845,0.0,MATCH,ATR-NQ,1170,1776447060000
dist_gex_nearest_up_atr,0.963124,0.963124,0.0,MATCH,ATR-NQ,1170,1776447060000
dist_ib_high_atr,-0.034182,-0.034182,0.0,MATCH,ATR-NQ,1170,1776447060000
dist_ib_low_atr,-1.21245,-1.21245,0.0,MATCH,ATR-NQ,1170,1776447060000
dist_mq_call_0dte_atr,-13.192182,-13.192182,0.0,MATCH,ATR-NQ,1170,1776447060000
dist_mq_call_atr,-2.253991,-2.253991,0.0,MATCH,ATR-NQ,1170,1776447060000
dist_mq_hvl_atr,-11.985764,-11.985764,0.0,MATCH,ATR-NQ,1170,1776447060000
dist_mq_put_0dte_atr,-3.661479,-3.661479,0.0,MATCH,ATR-NQ,1170,1776447060000
dist_mq_put_atr,-22.36096,-22.36096,0.0,MATCH,ATR-NQ,1170,1776447060000
dist_open_830_atr,-2.272088,-2.272088,0.0,MATCH,ATR-NQ,1170,1776447060000
dist_prev_vah_atr,0.828407,0.828407,0.0,MATCH,ATR-NQ,1170,1776447060000
dist_prev_val_atr,-2.436965,-2.436965,0.0,MATCH,ATR-NQ,1170,1776447060000
dist_prev_vwap_sd1d_atr,-2.497207,-2.497207,0.0,MATCH,ATR-NQ,1170,1776447060000
dist_prev_vwap_sd1u_atr,0.143828,0.143828,0.0,MATCH,ATR-NQ,1170,1776447060000
dist_sess_high_atr,0.840471,0.840471,0.0,MATCH,ATR-NQ,1170,1776447060000
dist_session_hvn_above_atr,0.088471,0.088471,0.0,MATCH,ATR-NQ,1170,1776447060000
dist_session_lvn_above_atr,0.164877,0.164877,0.0,MATCH,ATR-NQ,1170,1776447060000
dist_swing_high_atr,0.78015,0.78015,0.0,MATCH,ATR-NQ,1170,1776447060000
dist_vwap_d_sd1d_atr,-0.101791,-0.101791,0.0,MATCH,ATR-NQ,1170,1776447060000
dist_vwap_d_sd1u_atr,0.421775,0.421775,0.0,MATCH,ATR-NQ,1170,1776447060000
dist_vwap_d_sd2u_atr,0.645371,0.645371,0.0,MATCH,ATR-NQ,1170,1776447060000
dist_vwap_d_sd3u_atr,0.868982,0.868982,0.0,MATCH,ATR-NQ,1170,1776447060000
dist_comp_20d_vpoc_atr,,-20.75240278280452,,MISSING_LIVE,ATR-NQ,1170,1776447060000
dist_comp_50d_vpoc_atr,,-20.75240278280452,,MISSING_LIVE,ATR-NQ,1170,1776447060000
dist_cur_vwap_vp_atr,,0.7929054570314071,,MISSING_LIVE,ATR-NQ,1170,1776447060000
dist_ext_edge_buy_atr,,-0.06836369485663732,,MISSING_LIVE,ATR-NQ,1170,1776447060000
dist_ext_edge_sell_atr,,-0.012064181445288938,,MISSING_LIVE,ATR-NQ,1170,1776447060000
dist_ext_long_dn_atr,,0.010053484537740782,,MISSING_LIVE,ATR-NQ,1170,1776447060000
dist_ext_long_up_atr,,0.020106969075481564,,MISSING_LIVE,ATR-NQ,1170,1776447060000
dist_open_cash_atr,,-0.7399364619777216,,MISSING_LIVE,ATR-NQ,1170,1776447060000
dist_ovn_high_atr,,-2.0247717859009935,,MISSING_LIVE,ATR-NQ,1170,1776447060000
dist_ovn_low_atr,,-3.420195439739414,,MISSING_LIVE,ATR-NQ,1170,1776447060000
dist_prev_vpoc_atr,,0.48055656090400933,,MISSING_LIVE,ATR-NQ,1170,1776447060000
dist_prev_vwap_atr,,-1.1741056420155227,,MISSING_LIVE,ATR-NQ,1170,1776447060000
dist_vwap_w_atr,,-5.5968534604093785,,MISSING_LIVE,ATR-NQ,1170,1776447060000
next_wall_dist_atr,,0.2432943258133269,,MISSING_LIVE,ATR-NQ,1170,1776447060000
open_gap_atr,,1.2204930228817308,,MISSING_LIVE,ATR-NQ,1170,1776447060000
ovn_range_atr,,1.3954236538384204,,MISSING_LIVE,ATR-NQ,1170,1776447060000
poc_bar_dist_atr,,0.06635299794908915,,MISSING_LIVE,ATR-NQ,1170,1776447060000
poc_separation_atr,,0.10053484537740781,,MISSING_LIVE,ATR-NQ,1170,1776447060000
range_size_atr,,0.7057546145494028,,MISSING_LIVE,ATR-NQ,1170,1776447060000
sess_range_atr,,4.260666747094543,,MISSING_LIVE,ATR-NQ,1170,1776447060000
swing_range_atr,,0.5107170145172317,,MISSING_LIVE,ATR-NQ,1170,1776447060000
dist_blind_nearest_dn_atr,-1.7837238106727793,,,LIVE_ONLY,ATR-NQ,1170,1776447060000
dist_gex_nearest_dn_atr,-0.2432943258133269,,,LIVE_ONLY,ATR-NQ,1170,1776447060000
dist_sess_low_atr,-3.420195439739414,,,LIVE_ONLY,ATR-NQ,1170,1776447060000
dist_swing_low_atr,0.26943338561145297,,,LIVE_ONLY,ATR-NQ,1170,1776447060000
dist_vix_call_atr,0.015019905899384726,,,LIVE_ONLY,ATR-NQ,1170,1776447060000
dist_vix_gex_nearest_dn_atr,-6.032090722644468e-05,,,LIVE_ONLY,ATR-NQ,1170,1776447060000
dist_vix_gex_nearest_up_atr,0.0009450275465476334,,,LIVE_ONLY,ATR-NQ,1170,1776447060000
dist_vix_hvl_atr,0.00798246672296618,,,LIVE_ONLY,ATR-NQ,1170,1776447060000
dist_vix_put_atr,-0.0010656693610005229,,,LIVE_ONLY,ATR-NQ,1170,1776447060000
dist_vwap_d_sd2d_atr,-0.2490437125507701,,,LIVE_ONLY,ATR-NQ,1170,1776447060000
dist_vwap_d_sd3d_atr,-0.4726551252664174,,,LIVE_ONLY,ATR-NQ,1170,1776447060000
im_cross_delta_agreement_5,0.8,0.8,0.0,MATCH,IM-NQ,1170,1776447060000
im_open_type_agreement,1.0,1.0,0.0,MATCH,IM-NQ,1170,1776447060000
im_rolling_correlation_10,0.987007,0.987007,0.0,MATCH,IM-NQ,1170,1776447060000
im_cross_delta_weighted_5,,214.6,,MISSING_LIVE,IM-NQ,1170,1776447060000
im_cross_open_signal,,0.85,,MISSING_LIVE,IM-NQ,1170,1776447060000
im_delta_day_divergence,,0.0,,MISSING_LIVE,IM-NQ,1170,1776447060000
im_ltr_slope_diff,,-0.032650000000000026,,MISSING_LIVE,IM-NQ,1170,1776447060000
im_price_ratio_slope_10,,2.040269036105839e-05,,MISSING_LIVE,IM-NQ,1170,1776447060000
im_smt_divergence,,0.0,,MISSING_LIVE,IM-NQ,1170,1776447060000
im_volume_lead,,300.59999999999997,,MISSING_LIVE,IM-NQ,1170,1776447060000
dist_1d_max_atr,0.05831,0.05831,0.0,MATCH,ATR-NQ,1249,1776451799000
dist_1d_min_atr,-5.008646,-5.008646,0.0,MATCH,ATR-NQ,1249,1776451799000
dist_blind_nearest_up_atr,0.006833,0.006833,0.0,MATCH,ATR-NQ,1249,1776451799000
dist_comp_20d_vah_atr,-12.707604,-12.707604,0.0,MATCH,ATR-NQ,1249,1776451799000
dist_comp_20d_val_atr,-30.832026,-30.832026,0.0,MATCH,ATR-NQ,1249,1776451799000
dist_comp_20d_vwap_atr,-16.770626,-16.770626,0.0,MATCH,ATR-NQ,1249,1776451799000
dist_comp_50d_vah_atr,-11.80078,-11.80078,0.0,MATCH,ATR-NQ,1249,1776451799000
dist_comp_50d_val_atr,-24.775807,-24.775807,0.0,MATCH,ATR-NQ,1249,1776451799000
dist_comp_50d_vwap_atr,-16.952123,-16.952123,0.0,MATCH,ATR-NQ,1249,1776451799000
dist_cur_vah_atr,0.160856,0.160856,0.0,MATCH,ATR-NQ,1249,1776451799000
dist_cur_val_atr,-0.281498,-0.281498,0.0,MATCH,ATR-NQ,1249,1776451799000
dist_cur_vpoc_atr,0.040214,0.040214,0.0,MATCH,ATR-NQ,1249,1776451799000
dist_gex_nearest_up_atr,0.844493,0.844493,0.0,MATCH,ATR-NQ,1249,1776451799000
dist_ib_high_atr,-0.152813,-0.152813,0.0,MATCH,ATR-NQ,1249,1776451799000
dist_ib_low_atr,-1.331081,-1.331081,0.0,MATCH,ATR-NQ,1249,1776451799000
dist_mq_call_0dte_atr,-13.310814,-13.310814,0.0,MATCH,ATR-NQ,1249,1776451799000
dist_mq_call_atr,-2.372622,-2.372622,0.0,MATCH,ATR-NQ,1249,1776451799000
dist_mq_hvl_atr,-12.104395,-12.104395,0.0,MATCH,ATR-NQ,1249,1776451799000
dist_mq_put_0dte_atr,-3.78011,-3.78011,0.0,MATCH,ATR-NQ,1249,1776451799000
dist_mq_put_atr,-22.479591,-22.479591,0.0,MATCH,ATR-NQ,1249,1776451799000
dist_open_830_atr,-2.390719,-2.390719,0.0,MATCH,ATR-NQ,1249,1776451799000
dist_prev_vah_atr,0.709776,0.709776,0.0,MATCH,ATR-NQ,1249,1776451799000
dist_prev_val_atr,-2.555596,-2.555596,0.0,MATCH,ATR-NQ,1249,1776451799000
dist_prev_vwap_sd1d_atr,-2.615838,-2.615838,0.0,MATCH,ATR-NQ,1249,1776451799000
dist_prev_vwap_sd1u_atr,0.025196,0.025196,0.0,MATCH,ATR-NQ,1249,1776451799000
dist_sess_high_atr,0.72184,0.72184,0.0,MATCH,ATR-NQ,1249,1776451799000
dist_session_hvn_above_atr,0.002011,0.002011,0.0,MATCH,ATR-NQ,1249,1776451799000
dist_session_lvn_above_atr,0.349861,0.349861,0.0,MATCH,ATR-NQ,1249,1776451799000
dist_session_lvn_below_atr,0.28954,0.28954,0.0,MATCH,ATR-NQ,1249,1776451799000
dist_swing_high_atr,0.152813,0.152813,0.0,MATCH,ATR-NQ,1249,1776451799000
dist_vwap_d_sd1d_atr,-0.597931,-0.597931,0.0,MATCH,ATR-NQ,1249,1776451799000
dist_vwap_d_sd1u_atr,0.20374,0.20374,0.0,MATCH,ATR-NQ,1249,1776451799000
dist_vwap_d_sd2u_atr,0.380352,0.380352,0.0,MATCH,ATR-NQ,1249,1776451799000
dist_vwap_d_sd3u_atr,0.556963,0.556963,0.0,MATCH,ATR-NQ,1249,1776451799000
dist_comp_20d_vpoc_atr,,-20.87103390034986,,MISSING_LIVE,ATR-NQ,1249,1776451799000
dist_comp_50d_vpoc_atr,,-20.87103390034986,,MISSING_LIVE,ATR-NQ,1249,1776451799000
dist_cur_vwap_vp_atr,,0.10857763300760044,,MISSING_LIVE,ATR-NQ,1249,1776451799000
dist_ext_edge_buy_atr,,-3.678569992359352,,MISSING_LIVE,ATR-NQ,1249,1776451799000
dist_ext_edge_sell_atr,,-0.014074878352837094,,MISSING_LIVE,ATR-NQ,1249,1776451799000
dist_ext_long_dn_atr,,-0.07238508867173363,,MISSING_LIVE,ATR-NQ,1249,1776451799000
dist_ext_long_up_atr,,-0.058310210318896535,,MISSING_LIVE,ATR-NQ,1249,1776451799000
dist_open_cash_atr,,-0.8585675795230627,,MISSING_LIVE,ATR-NQ,1249,1776451799000
dist_ovn_high_atr,,0.21715526601520088,,MISSING_LIVE,ATR-NQ,1249,1776451799000
dist_ovn_low_atr,,-0.3176901113926087,,MISSING_LIVE,ATR-NQ,1249,1776451799000
dist_prev_vpoc_atr,,0.3619254433586681,,MISSING_LIVE,ATR-NQ,1249,1776451799000
dist_prev_vwap_atr,,-1.2927367595608639,,MISSING_LIVE,ATR-NQ,1249,1776451799000
dist_vwap_w_atr,,-5.56829513009209,,MISSING_LIVE,ATR-NQ,1249,1776451799000
next_wall_dist_atr,,0.3619254433586681,,MISSING_LIVE,ATR-NQ,1249,1776451799000
open_gap_atr,,1.2204930228817308,,MISSING_LIVE,ATR-NQ,1249,1776451799000
ovn_range_atr,,0.5348453774078096,,MISSING_LIVE,ATR-NQ,1249,1776451799000
poc_bar_dist_atr,,0.008042787630192625,,MISSING_LIVE,ATR-NQ,1249,1776451799000
poc_separation_atr,,0.10053484537740781,,MISSING_LIVE,ATR-NQ,1249,1776451799000
range_size_atr,,0.4423533196605944,,MISSING_LIVE,ATR-NQ,1249,1776451799000
sess_range_atr,,4.260666747094543,,MISSING_LIVE,ATR-NQ,1249,1776451799000
swing_range_atr,,0.4705030763662686,,MISSING_LIVE,ATR-NQ,1249,1776451799000
dist_blind_nearest_dn_atr,-1.9023549282181205,,,LIVE_ONLY,ATR-NQ,1249,1776451799000
dist_gex_nearest_dn_atr,-0.3619254433586681,,,LIVE_ONLY,ATR-NQ,1249,1776451799000
dist_sess_low_atr,-3.538826557284755,,,LIVE_ONLY,ATR-NQ,1249,1776451799000
dist_session_hvn_below_atr,0.002010696907548156,,,LIVE_ONLY,ATR-NQ,1249,1776451799000
dist_swing_low_atr,-0.3176901113926087,,,LIVE_ONLY,ATR-NQ,1249,1776451799000
dist_vix_call_atr,0.014879157115856358,,,LIVE_ONLY,ATR-NQ,1249,1776451799000
dist_vix_gex_nearest_dn_atr,-0.00020106969075481563,,,LIVE_ONLY,ATR-NQ,1249,1776451799000
dist_vix_gex_nearest_up_atr,0.0008042787630192625,,,LIVE_ONLY,ATR-NQ,1249,1776451799000
dist_vix_hvl_atr,0.007841717939437809,,,LIVE_ONLY,ATR-NQ,1249,1776451799000
dist_vix_put_atr,-0.0012064181445288937,,,LIVE_ONLY,ATR-NQ,1249,1776451799000
dist_vwap_d_sd2d_atr,-0.3260942212570877,,,LIVE_ONLY,ATR-NQ,1249,1776451799000
dist_vwap_d_sd3d_atr,-0.5027055937587969,,,LIVE_ONLY,ATR-NQ,1249,1776451799000
im_cross_delta_agreement_5,0.8,0.8,0.0,MATCH,IM-NQ,1249,1776451799000
im_open_type_agreement,1.0,1.0,0.0,MATCH,IM-NQ,1249,1776451799000
im_rolling_correlation_10,0.871697,0.871697,0.0,MATCH,IM-NQ,1249,1776451799000
im_cross_delta_weighted_5,,59.8,,MISSING_LIVE,IM-NQ,1249,1776451799000
im_cross_open_signal,,0.85,,MISSING_LIVE,IM-NQ,1249,1776451799000
im_delta_day_divergence,,1.0,,MISSING_LIVE,IM-NQ,1249,1776451799000
im_ltr_slope_diff,,0.03312999999999998,,MISSING_LIVE,IM-NQ,1249,1776451799000
im_price_ratio_slope_10,,8.590121312253747e-05,,MISSING_LIVE,IM-NQ,1249,1776451799000
im_smt_divergence,,0.0,,MISSING_LIVE,IM-NQ,1249,1776451799000
im_volume_lead,,-137.5,,MISSING_LIVE,IM-NQ,1249,1776451799000
dist_1d_max_atr,2.114102,2.114102,0.0,MATCH,ATR-NQ,827,1776426480000
dist_1d_min_atr,-3.202802,-3.202802,0.0,MATCH,ATR-NQ,827,1776426480000
dist_blind_nearest_up_atr,0.05672,0.05672,0.0,MATCH,ATR-NQ,827,1776426480000
dist_comp_20d_vah_atr,-12.347034,-12.347034,0.0,MATCH,ATR-NQ,827,1776426480000
dist_comp_20d_val_atr,-30.300025,-30.300025,0.0,MATCH,ATR-NQ,827,1776426480000
dist_comp_20d_vwap_atr,-16.481612,-16.481612,0.0,MATCH,ATR-NQ,827,1776426480000
dist_comp_50d_vah_atr,-10.836357,-10.836357,0.0,MATCH,ATR-NQ,827,1776426480000
dist_comp_50d_val_atr,-23.945059,-23.945059,0.0,MATCH,ATR-NQ,827,1776426480000
dist_comp_50d_vwap_atr,-16.375261,-16.375261,0.0,MATCH,ATR-NQ,827,1776426480000
dist_cur_vah_atr,-0.466284,-0.466284,0.0,MATCH,ATR-NQ,827,1776426480000
dist_cur_val_atr,-0.997975,-0.997975,0.0,MATCH,ATR-NQ,827,1776426480000
dist_cur_vpoc_atr,-0.858722,-0.858722,0.0,MATCH,ATR-NQ,827,1776426480000
dist_gex_nearest_up_atr,1.25116,1.25116,0.0,MATCH,ATR-NQ,827,1776426480000
dist_mq_call_0dte_atr,-11.914508,-11.914508,0.0,MATCH,ATR-NQ,827,1776426480000
dist_mq_call_atr,-0.436746,-0.436746,0.0,MATCH,ATR-NQ,827,1776426480000
dist_mq_hvl_atr,-10.648578,-10.648578,0.0,MATCH,ATR-NQ,827,1776426480000
dist_mq_put_0dte_atr,-1.913664,-1.913664,0.0,MATCH,ATR-NQ,827,1776426480000
dist_mq_put_atr,-21.535573,-21.535573,0.0,MATCH,ATR-NQ,827,1776426480000
dist_open_830_atr,-0.455735,-0.455735,0.0,MATCH,ATR-NQ,827,1776426480000
dist_prev_vah_atr,-0.318592,-0.318592,0.0,MATCH,ATR-NQ,827,1776426480000
dist_prev_val_atr,-1.922103,-1.922103,0.0,MATCH,ATR-NQ,827,1776426480000
dist_prev_vwap_sd1d_atr,-2.227014,-2.227014,0.0,MATCH,ATR-NQ,827,1776426480000
dist_prev_vwap_sd1u_atr,-0.653536,-0.653536,0.0,MATCH,ATR-NQ,827,1776426480000
dist_sess_high_atr,0.048527,0.048527,0.0,MATCH,ATR-NQ,827,1776426480000
dist_session_lvn_above_atr,0.00844,0.00844,0.0,MATCH,ATR-NQ,827,1776426480000
dist_session_lvn_below_atr,0.033758,0.033758,0.0,MATCH,ATR-NQ,827,1776426480000
dist_swing_high_atr,-0.040088,-0.040088,0.0,MATCH,ATR-NQ,827,1776426480000
dist_vwap_d_sd1d_atr,-4.359348,-4.359348,0.0,MATCH,ATR-NQ,827,1776426480000
dist_vwap_d_sd1u_atr,-0.481927,-0.481927,0.0,MATCH,ATR-NQ,827,1776426480000
dist_vwap_d_sd2u_atr,-0.177972,-0.177972,0.0,MATCH,ATR-NQ,827,1776426480000
dist_vwap_d_sd3u_atr,0.125983,0.125983,0.0,MATCH,ATR-NQ,827,1776426480000
dist_comp_20d_vpoc_atr,,-19.847666469744283,,MISSING_LIVE,ATR-NQ,827,1776426480000
dist_comp_50d_vpoc_atr,,-19.847666469744283,,MISSING_LIVE,ATR-NQ,827,1776426480000
dist_cur_vwap_vp_atr,,-3.1435277238585537,,MISSING_LIVE,ATR-NQ,827,1776426480000
dist_ext_edge_buy_atr,,0.002109882690522407,,MISSING_LIVE,ATR-NQ,827,1776426480000
dist_ext_edge_sell_atr,,0.0,,MISSING_LIVE,ATR-NQ,827,1776426480000
dist_ext_long_dn_atr,,-0.0886150730019411,,MISSING_LIVE,ATR-NQ,827,1776426480000
dist_ext_long_up_atr,,-0.07806565954932906,,MISSING_LIVE,ATR-NQ,827,1776426480000
dist_open_cash_atr,,-0.6540636340619462,,MISSING_LIVE,ATR-NQ,827,1776426480000
dist_ovn_high_atr,,-0.19621909021858386,,MISSING_LIVE,ATR-NQ,827,1776426480000
dist_ovn_low_atr,,-1.6604776774411343,,MISSING_LIVE,ATR-NQ,827,1776426480000
dist_prev_vpoc_atr,,-1.53388471600979,,MISSING_LIVE,ATR-NQ,827,1776426480000
dist_prev_vwap_atr,,-1.440654274622331,,MISSING_LIVE,ATR-NQ,827,1776426480000
dist_vwap_w_atr,,-4.995922018735759,,MISSING_LIVE,ATR-NQ,827,1776426480000
next_wall_dist_atr,,1.2511604354797874,,MISSING_LIVE,ATR-NQ,827,1776426480000
open_gap_atr,,-0.8798210819478437,,MISSING_LIVE,ATR-NQ,827,1776426480000
ovn_range_atr,,1.4642585872225504,,MISSING_LIVE,ATR-NQ,827,1776426480000
poc_bar_dist_atr,,0.03164824035783611,,MISSING_LIVE,ATR-NQ,827,1776426480000
poc_separation_atr,,0.2152080344332855,,MISSING_LIVE,ATR-NQ,827,1776426480000
range_size_atr,,0.5316904380116466,,MISSING_LIVE,ATR-NQ,827,1776426480000
sess_range_atr,,1.7090049793231497,,MISSING_LIVE,ATR-NQ,827,1776426480000
swing_range_atr,,0.11182378259768758,,MISSING_LIVE,ATR-NQ,827,1776426480000
dist_blind_nearest_dn_atr,-0.7121347793062706,,,LIVE_ONLY,ATR-NQ,827,1776426480000
dist_gex_nearest_dn_atr,-1.280698793147101,,,LIVE_ONLY,ATR-NQ,827,1776426480000
dist_sess_low_atr,-1.6604776774411343,,,LIVE_ONLY,ATR-NQ,827,1776426480000
dist_session_hvn_below_atr,0.01476917883365685,,,LIVE_ONLY,ATR-NQ,827,1776426480000
dist_swing_low_atr,-0.1519115537176133,,,LIVE_ONLY,ATR-NQ,827,1776426480000
dist_vix_call_atr,0.015127858891045658,,,LIVE_ONLY,ATR-NQ,827,1776426480000
dist_vix_gex_nearest_dn_atr,-0.0006962612878723943,,,LIVE_ONLY,ATR-NQ,827,1776426480000
dist_vix_gex_nearest_up_atr,0.0003586800573888092,,,LIVE_ONLY,ATR-NQ,827,1776426480000
dist_vix_hvl_atr,0.007743269474217234,,,LIVE_ONLY,ATR-NQ,827,1776426480000
dist_vix_put_atr,-0.0017512026331335977,,,LIVE_ONLY,ATR-NQ,827,1776426480000
dist_vwap_d_sd2d_atr,-1.393791881171407,,,LIVE_ONLY,ATR-NQ,827,1776426480000
dist_vwap_d_sd3d_atr,-1.697746856274791,,,LIVE_ONLY,ATR-NQ,827,1776426480000
im_cross_delta_agreement_5,0.4,0.4,0.0,MATCH,IM-NQ,827,1776426480000
im_open_type_agreement,0.0,0.0,0.0,MATCH,IM-NQ,827,1776426480000
im_rolling_correlation_10,0.879757,0.879757,0.0,MATCH,IM-NQ,827,1776426480000
im_cross_delta_weighted_5,,4.4,,MISSING_LIVE,IM-NQ,827,1776426480000
im_cross_open_signal,,0.0,,MISSING_LIVE,IM-NQ,827,1776426480000
im_delta_day_divergence,,0.0,,MISSING_LIVE,IM-NQ,827,1776426480000
im_ltr_slope_diff,,-0.05735000000000007,,MISSING_LIVE,IM-NQ,827,1776426480000
im_price_ratio_slope_10,,7.907298463891911e-06,,MISSING_LIVE,IM-NQ,827,1776426480000
im_smt_divergence,,0.0,,MISSING_LIVE,IM-NQ,827,1776426480000
im_volume_lead,,31.200000000000003,,MISSING_LIVE,IM-NQ,827,1776426480000
dist_1d_max_atr,-0.436804,-0.436804,0.0,MATCH,ATR-NQ,1087,1776442080000
dist_1d_min_atr,-5.50937,-5.50937,0.0,MATCH,ATR-NQ,1087,1776442080000
dist_blind_nearest_up_atr,1.679014,1.679014,0.0,MATCH,ATR-NQ,1087,1776442080000
dist_comp_20d_vah_atr,-13.782484,-13.782484,0.0,MATCH,ATR-NQ,1087,1776442080000
dist_comp_20d_val_atr,-31.36134,-31.36134,0.0,MATCH,ATR-NQ,1087,1776442080000
dist_comp_20d_vwap_atr,-17.673165,-17.673165,0.0,MATCH,ATR-NQ,1087,1776442080000
dist_comp_50d_vah_atr,-12.468045,-12.468045,0.0,MATCH,ATR-NQ,1087,1776442080000
dist_comp_50d_val_atr,-25.298416,-25.298416,0.0,MATCH,ATR-NQ,1087,1776442080000
dist_comp_50d_vwap_atr,-17.668447,-17.668447,0.0,MATCH,ATR-NQ,1087,1776442080000
dist_cur_vah_atr,-0.927957,-0.927957,0.0,MATCH,ATR-NQ,1087,1776442080000
dist_cur_val_atr,-4.027859,-4.027859,0.0,MATCH,ATR-NQ,1087,1776442080000
dist_cur_vpoc_atr,-3.273013,-3.273013,0.0,MATCH,ATR-NQ,1087,1776442080000
dist_gex_nearest_up_atr,0.350249,0.350249,0.0,MATCH,ATR-NQ,1087,1776442080000
dist_ib_high_atr,-0.648161,-0.648161,0.0,MATCH,ATR-NQ,1087,1776442080000
dist_ib_low_atr,-1.827734,-1.827734,0.0,MATCH,ATR-NQ,1087,1776442080000
dist_mq_call_0dte_atr,-13.820729,-13.820729,0.0,MATCH,ATR-NQ,1087,1776442080000
dist_mq_call_atr,-2.870428,-2.870428,0.0,MATCH,ATR-NQ,1087,1776442080000
dist_mq_hvl_atr,-12.612975,-12.612975,0.0,MATCH,ATR-NQ,1087,1776442080000
dist_mq_put_0dte_atr,-4.279474,-4.279474,0.0,MATCH,ATR-NQ,1087,1776442080000
dist_mq_put_atr,-22.999658,-22.999658,0.0,MATCH,ATR-NQ,1087,1776442080000
dist_open_830_atr,-2.888544,-2.888544,0.0,MATCH,ATR-NQ,1087,1776442080000
dist_prev_vah_atr,-2.757704,-2.757704,0.0,MATCH,ATR-NQ,1087,1776442080000
dist_prev_val_atr,-4.287526,-4.287526,0.0,MATCH,ATR-NQ,1087,1776442080000
dist_prev_vwap_sd1d_atr,-4.578425,-4.578425,0.0,MATCH,ATR-NQ,1087,1776442080000
dist_prev_vwap_sd1u_atr,-3.077256,-3.077256,0.0,MATCH,ATR-NQ,1087,1776442080000
dist_sess_high_atr,0.16506,0.16506,0.0,MATCH,ATR-NQ,1087,1776442080000
dist_session_lvn_above_atr,0.088569,0.088569,0.0,MATCH,ATR-NQ,1087,1776442080000
dist_session_lvn_below_atr,0.628032,0.628032,0.0,MATCH,ATR-NQ,1087,1776442080000
dist_swing_high_atr,0.16506,0.16506,0.0,MATCH,ATR-NQ,1087,1776442080000
dist_vwap_d_sd1d_atr,-12.802064,-12.802064,0.0,MATCH,ATR-NQ,1087,1776442080000
dist_vwap_d_sd1u_atr,-0.612558,-0.612558,0.0,MATCH,ATR-NQ,1087,1776442080000
dist_vwap_d_sd2u_atr,0.681422,0.681422,0.0,MATCH,ATR-NQ,1087,1776442080000
dist_vwap_d_sd3u_atr,1.975385,1.975385,0.0,MATCH,ATR-NQ,1087,1776442080000
dist_comp_20d_vpoc_atr,,-21.389319430745385,,MISSING_LIVE,ATR-NQ,1087,1776442080000
dist_comp_50d_vpoc_atr,,-21.389319430745385,,MISSING_LIVE,ATR-NQ,1087,1776442080000
dist_cur_vwap_vp_atr,,-7.6260842609553325,,MISSING_LIVE,ATR-NQ,1087,1776442080000
dist_ext_edge_buy_atr,,-0.03824553634332414,,MISSING_LIVE,ATR-NQ,1087,1776442080000
dist_ext_edge_sell_atr,,0.028180921516133578,,MISSING_LIVE,ATR-NQ,1087,1776442080000
dist_ext_long_dn_atr,,-0.5676442762535477,,MISSING_LIVE,ATR-NQ,1087,1776442080000
dist_ext_long_up_atr,,-0.553553815495481,,MISSING_LIVE,ATR-NQ,1087,1776442080000
dist_open_cash_atr,,-1.3546971557398497,,MISSING_LIVE,ATR-NQ,1087,1776442080000
dist_ovn_high_atr,,-2.6409549306548037,,MISSING_LIVE,ATR-NQ,1087,1776442080000
dist_ovn_low_atr,,-4.037923468668854,,MISSING_LIVE,ATR-NQ,1087,1776442080000
dist_prev_vpoc_atr,,-3.9171480907425673,,MISSING_LIVE,ATR-NQ,1087,1776442080000
dist_prev_vwap_atr,,-3.8282020572072706,,MISSING_LIVE,ATR-NQ,1087,1776442080000
dist_vwap_w_atr,,-6.425674631131867,,MISSING_LIVE,ATR-NQ,1087,1776442080000
next_wall_dist_atr,,0.3502485959862316,,MISSING_LIVE,ATR-NQ,1087,1776442080000
open_gap_atr,,-2.562450935002717,,MISSING_LIVE,ATR-NQ,1087,1776442080000
ovn_range_atr,,1.3969685380140502,,MISSING_LIVE,ATR-NQ,1087,1776442080000
poc_bar_dist_atr,,0.00805169186175245,,MISSING_LIVE,ATR-NQ,1087,1776442080000
poc_separation_atr,,0.2053181424746875,,MISSING_LIVE,ATR-NQ,1087,1776442080000
range_size_atr,,3.0999013667746933,,MISSING_LIVE,ATR-NQ,1087,1776442080000
sess_range_atr,,4.202983151834779,,MISSING_LIVE,ATR-NQ,1087,1776442080000
swing_range_atr,,0.4871273576360233,,MISSING_LIVE,ATR-NQ,1087,1776442080000
dist_blind_nearest_dn_atr,-0.4883383320920308,,,LIVE_ONLY,ATR-NQ,1087,1776442080000
dist_gex_nearest_dn_atr,-0.8575051832766359,,,LIVE_ONLY,ATR-NQ,1087,1776442080000
dist_sess_low_atr,-4.037923468668854,,,LIVE_ONLY,ATR-NQ,1087,1776442080000
dist_session_hvn_below_atr,0.11876245496084864,,,LIVE_ONLY,ATR-NQ,1087,1776442080000
dist_swing_low_atr,-0.32206767447009804,,,LIVE_ONLY,ATR-NQ,1087,1776442080000
dist_vix_call_atr,0.015298214537329656,,,LIVE_ONLY,ATR-NQ,1087,1776442080000
dist_vix_gex_nearest_dn_atr,-0.00483101511705147,,,LIVE_ONLY,ATR-NQ,1087,1776442080000
dist_vix_gex_nearest_up_atr,0.00020129229654381126,,,LIVE_ONLY,ATR-NQ,1087,1776442080000
dist_vix_hvl_atr,0.008252984158296261,,,LIVE_ONLY,ATR-NQ,1087,1776442080000
dist_vix_put_atr,-0.000805169186175245,,,LIVE_ONLY,ATR-NQ,1087,1776442080000
dist_vwap_d_sd2d_atr,-4.494495259566416,,,LIVE_ONLY,ATR-NQ,1087,1776442080000
dist_vwap_d_sd3d_atr,-5.788458704885364,,,LIVE_ONLY,ATR-NQ,1087,1776442080000
im_cross_delta_agreement_5,0.6,0.6,0.0,MATCH,IM-NQ,1087,1776442080000
im_open_type_agreement,0.0,0.0,0.0,MATCH,IM-NQ,1087,1776442080000
im_rolling_correlation_10,0.964298,0.964298,0.0,MATCH,IM-NQ,1087,1776442080000
im_cross_delta_weighted_5,,81.2,,MISSING_LIVE,IM-NQ,1087,1776442080000
im_cross_open_signal,,0.0,,MISSING_LIVE,IM-NQ,1087,1776442080000
im_delta_day_divergence,,-1.0,,MISSING_LIVE,IM-NQ,1087,1776442080000
im_ltr_slope_diff,,-0.046150000000000024,,MISSING_LIVE,IM-NQ,1087,1776442080000
im_price_ratio_slope_10,,0.00042183329750238713,,MISSING_LIVE,IM-NQ,1087,1776442080000
im_smt_divergence,,0.0,,MISSING_LIVE,IM-NQ,1087,1776442080000
im_volume_lead,,183.10000000000002,,MISSING_LIVE,IM-NQ,1087,1776442080000
dist_1d_max_atr,2.269605,2.269605,0.0,MATCH,ATR-NQ,780,1776423659000
dist_1d_min_atr,-3.055726,-3.055726,0.0,MATCH,ATR-NQ,780,1776423659000
dist_blind_nearest_up_atr,0.208962,0.208962,0.0,MATCH,ATR-NQ,780,1776423659000
dist_comp_20d_vah_atr,-12.218677,-12.218677,0.0,MATCH,ATR-NQ,780,1776423659000
dist_comp_20d_val_atr,-30.195896,-30.195896,0.0,MATCH,ATR-NQ,780,1776423659000
dist_comp_20d_vwap_atr,-16.363804,-16.363804,0.0,MATCH,ATR-NQ,780,1776423659000
dist_comp_50d_vah_atr,-10.70772,-10.70772,0.0,MATCH,ATR-NQ,780,1776423659000
dist_comp_50d_val_atr,-23.830857,-23.830857,0.0,MATCH,ATR-NQ,780,1776423659000
dist_comp_50d_vwap_atr,-16.255666,-16.255666,0.0,MATCH,ATR-NQ,780,1776423659000
dist_cur_vah_atr,-0.319097,-0.319097,0.0,MATCH,ATR-NQ,780,1776423659000
dist_cur_val_atr,-0.830498,-0.830498,0.0,MATCH,ATR-NQ,780,1776423659000
dist_cur_vpoc_atr,-0.707931,-0.707931,0.0,MATCH,ATR-NQ,780,1776423659000
dist_gex_nearest_up_atr,1.405296,1.405296,0.0,MATCH,ATR-NQ,780,1776423659000
dist_mq_call_0dte_atr,-11.781239,-11.781239,0.0,MATCH,ATR-NQ,780,1776423659000
dist_mq_call_atr,-0.285286,-0.285286,0.0,MATCH,ATR-NQ,780,1776423659000
dist_mq_hvl_atr,-10.513303,-10.513303,0.0,MATCH,ATR-NQ,780,1776423659000
dist_mq_put_0dte_atr,-1.764544,-1.764544,0.0,MATCH,ATR-NQ,780,1776423659000
dist_mq_put_atr,-21.417552,-21.417552,0.0,MATCH,ATR-NQ,780,1776423659000
dist_open_830_atr,-0.304305,-0.304305,0.0,MATCH,ATR-NQ,780,1776423659000
dist_prev_vah_atr,-0.166945,-0.166945,0.0,MATCH,ATR-NQ,780,1776423659000
dist_prev_val_atr,-1.772997,-1.772997,0.0,MATCH,ATR-NQ,780,1776423659000
dist_prev_vwap_sd1d_atr,-2.078391,-2.078391,0.0,MATCH,ATR-NQ,780,1776423659000
dist_prev_vwap_sd1u_atr,-0.50242,-0.50242,0.0,MATCH,ATR-NQ,780,1776423659000
dist_sess_high_atr,0.112001,0.112001,0.0,MATCH,ATR-NQ,780,1776423659000
dist_session_lvn_below_atr,0.219776,0.219776,0.0,MATCH,ATR-NQ,780,1776423659000
dist_swing_high_atr,0.112001,0.112001,0.0,MATCH,ATR-NQ,780,1776423659000
dist_vwap_d_sd1d_atr,-3.754081,-3.754081,0.0,MATCH,ATR-NQ,780,1776423659000
dist_vwap_d_sd1u_atr,-0.36052,-0.36052,0.0,MATCH,ATR-NQ,780,1776423659000
dist_vwap_d_sd2u_atr,-0.07152,-0.07152,0.0,MATCH,ATR-NQ,780,1776423659000
dist_vwap_d_sd3u_atr,0.217481,0.217481,0.0,MATCH,ATR-NQ,780,1776423659000
dist_comp_20d_vpoc_atr,,-19.726971112191205,,MISSING_LIVE,ATR-NQ,780,1776423659000
dist_comp_50d_vpoc_atr,,-19.726971112191205,,MISSING_LIVE,ATR-NQ,780,1776423659000
dist_cur_vwap_vp_atr,,-2.598014412205998,,MISSING_LIVE,ATR-NQ,780,1776423659000
dist_ext_edge_buy_atr,,-0.03592485365905201,,MISSING_LIVE,ATR-NQ,780,1776423659000
dist_ext_edge_sell_atr,,-1.4401639863908202,,MISSING_LIVE,ATR-NQ,780,1776423659000
dist_ext_long_dn_atr,,-0.05071744045983813,,MISSING_LIVE,ATR-NQ,780,1776423659000
dist_ext_long_up_atr,,-0.002113226685826589,,MISSING_LIVE,ATR-NQ,780,1776423659000
dist_open_cash_atr,,-0.5029479512267281,,MISSING_LIVE,ATR-NQ,780,1776423659000
dist_ovn_high_atr,,-0.044377760402358364,,MISSING_LIVE,ATR-NQ,780,1776423659000
dist_ovn_low_atr,,-1.5109570803660108,,MISSING_LIVE,ATR-NQ,780,1776423659000
dist_prev_vpoc_atr,,-1.3841634792164157,,MISSING_LIVE,ATR-NQ,780,1776423659000
dist_prev_vwap_atr,,-1.2907852750364532,,MISSING_LIVE,ATR-NQ,780,1776423659000
dist_vwap_w_atr,,-4.8633929967667635,,MISSING_LIVE,ATR-NQ,780,1776423659000
next_wall_dist_atr,,1.130576276917225,,MISSING_LIVE,ATR-NQ,780,1776423659000
open_gap_atr,,-0.8812155279896875,,MISSING_LIVE,ATR-NQ,780,1776423659000
ovn_range_atr,,1.4665793199636525,,MISSING_LIVE,ATR-NQ,780,1776423659000
poc_bar_dist_atr,,0.006339680057479766,,MISSING_LIVE,ATR-NQ,780,1776423659000
poc_separation_atr,,0.21554912195431206,,MISSING_LIVE,ATR-NQ,780,1776423659000
range_size_atr,,0.5114008579700344,,MISSING_LIVE,ATR-NQ,780,1776423659000
sess_range_atr,,1.62295809471482,,MISSING_LIVE,ATR-NQ,780,1776423659000
swing_range_atr,,0.35079562984721374,,MISSING_LIVE,ATR-NQ,780,1776423659000
dist_blind_nearest_dn_atr,-0.5611111345914076,,,LIVE_ONLY,ATR-NQ,780,1776423659000
dist_gex_nearest_dn_atr,-1.130576276917225,,,LIVE_ONLY,ATR-NQ,780,1776423659000
dist_sess_low_atr,-1.5109570803660108,,,LIVE_ONLY,ATR-NQ,780,1776423659000
dist_session_hvn_below_atr,0.0739629340039306,,,LIVE_ONLY,ATR-NQ,780,1776423659000
dist_swing_low_atr,-0.23879461549840453,,,LIVE_ONLY,ATR-NQ,780,1776423659000
dist_vix_call_atr,0.01475032226706959,,,LIVE_ONLY,ATR-NQ,780,1776423659000
dist_vix_gex_nearest_dn_atr,-4.226453371653177e-05,,,LIVE_ONLY,ATR-NQ,780,1776423659000
dist_vix_gex_nearest_up_atr,0.0020709621521100567,,,LIVE_ONLY,ATR-NQ,780,1776423659000
dist_vix_hvl_atr,0.007354028866676529,,,LIVE_ONLY,ATR-NQ,780,1776423659000
dist_vix_put_atr,-0.0021554912195431205,,,LIVE_ONLY,ATR-NQ,780,1776423659000
dist_vwap_d_sd2d_atr,-1.2275205511295197,,,LIVE_ONLY,ATR-NQ,780,1776423659000
dist_vwap_d_sd3d_atr,-1.5165207835844552,,,LIVE_ONLY,ATR-NQ,780,1776423659000
im_cross_delta_agreement_5,0.6,0.6,0.0,MATCH,IM-NQ,780,1776423659000
im_open_type_agreement,0.0,0.0,0.0,MATCH,IM-NQ,780,1776423659000
im_rolling_correlation_10,0.955901,0.955901,0.0,MATCH,IM-NQ,780,1776423659000
im_cross_delta_weighted_5,,22.6,,MISSING_LIVE,IM-NQ,780,1776423659000
im_cross_open_signal,,0.0,,MISSING_LIVE,IM-NQ,780,1776423659000
im_delta_day_divergence,,0.0,,MISSING_LIVE,IM-NQ,780,1776423659000
im_ltr_slope_diff,,-0.31598,,MISSING_LIVE,IM-NQ,780,1776423659000
im_price_ratio_slope_10,,2.2494007368048434e-05,,MISSING_LIVE,IM-NQ,780,1776423659000
im_smt_divergence,,0.0,,MISSING_LIVE,IM-NQ,780,1776423659000
im_volume_lead,,-31.099999999999994,,MISSING_LIVE,IM-NQ,780,1776423659000
dist_1d_max_atr,0.199059,0.199059,0.0,MATCH,ATR-NQ,1265,1776452759000
dist_1d_min_atr,-4.867897,-4.867897,0.0,MATCH,ATR-NQ,1265,1776452759000
dist_blind_nearest_up_atr,0.147582,0.147582,0.0,MATCH,ATR-NQ,1265,1776452759000
dist_comp_20d_vah_atr,-12.552781,-12.552781,0.0,MATCH,ATR-NQ,1265,1776452759000
dist_comp_20d_val_atr,-30.691278,-30.691278,0.0,MATCH,ATR-NQ,1265,1776452759000
dist_comp_20d_vwap_atr,-16.609943,-16.609943,0.0,MATCH,ATR-NQ,1265,1776452759000
dist_comp_50d_vah_atr,-11.645956,-11.645956,0.0,MATCH,ATR-NQ,1265,1776452759000
dist_comp_50d_val_atr,-24.635059,-24.635059,0.0,MATCH,ATR-NQ,1265,1776452759000
dist_comp_50d_vwap_atr,-16.795775,-16.795775,0.0,MATCH,ATR-NQ,1265,1776452759000
dist_cur_vah_atr,0.271444,0.271444,0.0,MATCH,ATR-NQ,1265,1776452759000
dist_cur_val_atr,-0.132706,-0.132706,0.0,MATCH,ATR-NQ,1265,1776452759000
dist_cur_vpoc_atr,0.080428,0.080428,0.0,MATCH,ATR-NQ,1265,1776452759000
dist_gex_nearest_up_atr,0.985241,0.985241,0.0,MATCH,ATR-NQ,1265,1776452759000
dist_ib_high_atr,-0.012064,-0.012064,0.0,MATCH,ATR-NQ,1265,1776452759000
dist_ib_low_atr,-1.190333,-1.190333,0.0,MATCH,ATR-NQ,1265,1776452759000
dist_mq_call_0dte_atr,-13.170065,-13.170065,0.0,MATCH,ATR-NQ,1265,1776452759000
dist_mq_call_atr,-2.231874,-2.231874,0.0,MATCH,ATR-NQ,1265,1776452759000
dist_mq_hvl_atr,-11.963647,-11.963647,0.0,MATCH,ATR-NQ,1265,1776452759000
dist_mq_put_0dte_atr,-3.639361,-3.639361,0.0,MATCH,ATR-NQ,1265,1776452759000
dist_mq_put_atr,-22.338843,-22.338843,0.0,MATCH,ATR-NQ,1265,1776452759000
dist_open_830_atr,-2.24997,-2.24997,0.0,MATCH,ATR-NQ,1265,1776452759000
dist_prev_vah_atr,0.850525,0.850525,0.0,MATCH,ATR-NQ,1265,1776452759000
dist_prev_val_atr,-2.414847,-2.414847,0.0,MATCH,ATR-NQ,1265,1776452759000
dist_prev_vwap_sd1d_atr,-2.475089,-2.475089,0.0,MATCH,ATR-NQ,1265,1776452759000
dist_prev_vwap_sd1u_atr,0.165945,0.165945,0.0,MATCH,ATR-NQ,1265,1776452759000
dist_sess_high_atr,0.862589,0.862589,0.0,MATCH,ATR-NQ,1265,1776452759000
dist_session_lvn_above_atr,0.474524,0.474524,0.0,MATCH,ATR-NQ,1265,1776452759000
dist_session_lvn_below_atr,0.148792,0.148792,0.0,MATCH,ATR-NQ,1265,1776452759000
dist_swing_high_atr,0.293562,0.293562,0.0,MATCH,ATR-NQ,1265,1776452759000
dist_vwap_d_sd1d_atr,-0.06252,-0.06252,0.0,MATCH,ATR-NQ,1265,1776452759000
dist_vwap_d_sd1u_atr,0.330555,0.330555,0.0,MATCH,ATR-NQ,1265,1776452759000
dist_vwap_d_sd2u_atr,0.503648,0.503648,0.0,MATCH,ATR-NQ,1265,1776452759000
dist_vwap_d_sd3u_atr,0.676725,0.676725,0.0,MATCH,ATR-NQ,1265,1776452759000
dist_comp_20d_vpoc_atr,,-20.73028511682149,,MISSING_LIVE,ATR-NQ,1265,1776452759000
dist_comp_50d_vpoc_atr,,-20.73028511682149,,MISSING_LIVE,ATR-NQ,1265,1776452759000
dist_cur_vwap_vp_atr,,0.6299135400329755,,MISSING_LIVE,ATR-NQ,1265,1776452759000
dist_ext_edge_buy_atr,,0.002010696907548156,,MISSING_LIVE,ATR-NQ,1265,1776452759000
dist_ext_edge_sell_atr,,-0.004021393815096312,,MISSING_LIVE,ATR-NQ,1265,1776452759000
dist_ext_long_dn_atr,,-0.002010696907548156,,MISSING_LIVE,ATR-NQ,1265,1776452759000
dist_ext_long_up_atr,,0.04222463505851128,,MISSING_LIVE,ATR-NQ,1265,1776452759000
dist_open_cash_atr,,-0.7178187959946918,,MISSING_LIVE,ATR-NQ,1265,1776452759000
dist_ovn_high_atr,,0.3579040495435718,,MISSING_LIVE,ATR-NQ,1265,1776452759000
dist_ovn_low_atr,,-0.17694132786423775,,MISSING_LIVE,ATR-NQ,1265,1776452759000
dist_prev_vpoc_atr,,0.5026742268870391,,MISSING_LIVE,ATR-NQ,1265,1776452759000
dist_prev_vwap_atr,,-1.151987976032493,,MISSING_LIVE,ATR-NQ,1265,1776452759000
dist_vwap_w_atr,,-5.402271283226767,,MISSING_LIVE,ATR-NQ,1265,1776452759000
next_wall_dist_atr,,0.2211766598302972,,MISSING_LIVE,ATR-NQ,1265,1776452759000
open_gap_atr,,1.2204930228817308,,MISSING_LIVE,ATR-NQ,1265,1776452759000
ovn_range_atr,,0.5348453774078096,,MISSING_LIVE,ATR-NQ,1265,1776452759000
poc_bar_dist_atr,,0.07640648248682994,,MISSING_LIVE,ATR-NQ,1265,1776452759000
poc_separation_atr,,0.10053484537740781,,MISSING_LIVE,ATR-NQ,1265,1776452759000
range_size_atr,,0.4041500784171794,,MISSING_LIVE,ATR-NQ,1265,1776452759000
sess_range_atr,,4.260666747094543,,MISSING_LIVE,ATR-NQ,1265,1776452759000
swing_range_atr,,0.3699682309888608,,MISSING_LIVE,ATR-NQ,1265,1776452759000
dist_blind_nearest_dn_atr,-1.7616061446897495,,,LIVE_ONLY,ATR-NQ,1265,1776452759000
dist_gex_nearest_dn_atr,-0.2211766598302972,,,LIVE_ONLY,ATR-NQ,1265,1776452759000
dist_sess_low_atr,-3.398077773756384,,,LIVE_ONLY,ATR-NQ,1265,1776452759000
dist_session_hvn_below_atr,0.030160453613222345,,,LIVE_ONLY,ATR-NQ,1265,1776452759000
dist_swing_low_atr,-0.07640648248682994,,,LIVE_ONLY,ATR-NQ,1265,1776452759000
dist_vix_call_atr,0.014597659548799614,,,LIVE_ONLY,ATR-NQ,1265,1776452759000
dist_vix_gex_nearest_dn_atr,-0.00048256725781155747,,,LIVE_ONLY,ATR-NQ,1265,1776452759000
dist_vix_gex_nearest_up_atr,0.0005227811959625207,,,LIVE_ONLY,ATR-NQ,1265,1776452759000
dist_vix_hvl_atr,0.007560220372381067,,,LIVE_ONLY,ATR-NQ,1265,1776452759000
dist_vix_put_atr,-0.0014879157115856357,,,LIVE_ONLY,ATR-NQ,1265,1776452759000
dist_vwap_d_sd2d_atr,-0.18872280532432542,,,LIVE_ONLY,ATR-NQ,1265,1776452759000
dist_vwap_d_sd3d_atr,-0.36179977480194636,,,LIVE_ONLY,ATR-NQ,1265,1776452759000
im_cross_delta_agreement_5,0.8,0.8,0.0,MATCH,IM-NQ,1265,1776452759000
im_open_type_agreement,1.0,1.0,0.0,MATCH,IM-NQ,1265,1776452759000
im_rolling_correlation_10,0.969899,0.969899,0.0,MATCH,IM-NQ,1265,1776452759000
im_cross_delta_weighted_5,,64.2,,MISSING_LIVE,IM-NQ,1265,1776452759000
im_cross_open_signal,,0.85,,MISSING_LIVE,IM-NQ,1265,1776452759000
im_delta_day_divergence,,1.0,,MISSING_LIVE,IM-NQ,1265,1776452759000
im_ltr_slope_diff,,0.08070000000000001,,MISSING_LIVE,IM-NQ,1265,1776452759000
im_price_ratio_slope_10,,-5.9902674362691845e-05,,MISSING_LIVE,IM-NQ,1265,1776452759000
im_smt_divergence,,0.0,,MISSING_LIVE,IM-NQ,1265,1776452759000
im_volume_lead,,-101.99999999999999,,MISSING_LIVE,IM-NQ,1265,1776452759000
dist_1d_max_atr,-0.166251,-0.166251,0.0,MATCH,ATR-NQ,1000,1776436860000
dist_1d_min_atr,-5.275429,-5.275429,0.0,MATCH,ATR-NQ,1000,1776436860000
dist_blind_nearest_up_atr,1.964838,1.964838,0.0,MATCH,ATR-NQ,1000,1776436860000
dist_comp_20d_vah_atr,-13.796809,-13.796809,0.0,MATCH,ATR-NQ,1000,1776436860000
dist_comp_20d_val_atr,-31.313991,-31.313991,0.0,MATCH,ATR-NQ,1000,1776436860000
dist_comp_20d_vwap_atr,-17.698481,-17.698481,0.0,MATCH,ATR-NQ,1000,1776436860000
dist_comp_50d_vah_atr,-12.408004,-12.408004,0.0,MATCH,ATR-NQ,1000,1776436860000
dist_comp_50d_val_atr,-25.207307,-25.207307,0.0,MATCH,ATR-NQ,1000,1776436860000
dist_comp_50d_vwap_atr,-17.661401,-17.661401,0.0,MATCH,ATR-NQ,1000,1776436860000
dist_cur_vah_atr,-1.005616,-1.005616,0.0,MATCH,ATR-NQ,1000,1776436860000
dist_cur_val_atr,-3.783225,-3.783225,0.0,MATCH,ATR-NQ,1000,1776436860000
dist_cur_vpoc_atr,-3.02293,-3.02293,0.0,MATCH,ATR-NQ,1000,1776436860000
dist_gex_nearest_up_atr,0.626483,0.626483,0.0,MATCH,ATR-NQ,1000,1776436860000
dist_ib_high_atr,-0.379133,-0.379133,0.0,MATCH,ATR-NQ,1000,1776436860000
dist_ib_low_atr,-1.56722,-1.56722,0.0,MATCH,ATR-NQ,1000,1776436860000
dist_mq_call_0dte_atr,-13.646777,-13.646777,0.0,MATCH,ATR-NQ,1000,1776436860000
dist_mq_call_atr,-2.61744,-2.61744,0.0,MATCH,ATR-NQ,1000,1776436860000
dist_mq_hvl_atr,-12.430306,-12.430306,0.0,MATCH,ATR-NQ,1000,1776436860000
dist_mq_put_0dte_atr,-4.036656,-4.036656,0.0,MATCH,ATR-NQ,1000,1776436860000
dist_mq_put_atr,-22.891957,-22.891957,0.0,MATCH,ATR-NQ,1000,1776436860000
dist_open_830_atr,-2.635687,-2.635687,0.0,MATCH,ATR-NQ,1000,1776436860000
dist_prev_vah_atr,-2.503903,-2.503903,0.0,MATCH,ATR-NQ,1000,1776436860000
dist_prev_val_atr,-4.044766,-4.044766,0.0,MATCH,ATR-NQ,1000,1776436860000
dist_prev_vwap_sd1d_atr,-4.337765,-4.337765,0.0,MATCH,ATR-NQ,1000,1776436860000
dist_prev_vwap_sd1u_atr,-2.825761,-2.825761,0.0,MATCH,ATR-NQ,1000,1776436860000
dist_sess_high_atr,0.036494,0.036494,0.0,MATCH,ATR-NQ,1000,1776436860000
dist_session_lvn_below_atr,0.066906,0.066906,0.0,MATCH,ATR-NQ,1000,1776436860000
dist_swing_high_atr,-0.379133,-0.379133,0.0,MATCH,ATR-NQ,1000,1776436860000
dist_vwap_d_sd1d_atr,-12.73246,-12.73246,0.0,MATCH,ATR-NQ,1000,1776436860000
dist_vwap_d_sd1u_atr,-0.878694,-0.878694,0.0,MATCH,ATR-NQ,1000,1776436860000
dist_vwap_d_sd2u_atr,0.273516,0.273516,0.0,MATCH,ATR-NQ,1000,1776436860000
dist_vwap_d_sd3u_atr,1.42571,1.42571,0.0,MATCH,ATR-NQ,1000,1776436860000
dist_comp_20d_vpoc_atr,,-21.269995742351437,,MISSING_LIVE,ATR-NQ,1000,1776436860000
dist_comp_50d_vpoc_atr,,-21.269995742351437,,MISSING_LIVE,ATR-NQ,1000,1776436860000
dist_cur_vwap_vp_atr,,-8.123555339294041,,MISSING_LIVE,ATR-NQ,1000,1776436860000
dist_ext_edge_buy_atr,,0.014192161871743405,,MISSING_LIVE,ATR-NQ,1000,1776436860000
dist_ext_edge_sell_atr,,-3.725442491332644,,MISSING_LIVE,ATR-NQ,1000,1776436860000
dist_ext_long_dn_atr,,-0.2980353993066115,,MISSING_LIVE,ATR-NQ,1000,1776436860000
dist_ext_long_up_atr,,-0.2838432374348681,,MISSING_LIVE,ATR-NQ,1000,1776436860000
dist_open_cash_atr,,-1.090769012428279,,MISSING_LIVE,ATR-NQ,1000,1776436860000
dist_ovn_high_atr,,-2.3863106461488552,,MISSING_LIVE,ATR-NQ,1000,1776436860000
dist_ovn_low_atr,,-3.793362123147416,,MISSING_LIVE,ATR-NQ,1000,1776436860000
dist_prev_vpoc_atr,,-3.6717150213896153,,MISSING_LIVE,ATR-NQ,1000,1776436860000
dist_prev_vwap_atr,,-3.582126999574235,,MISSING_LIVE,ATR-NQ,1000,1776436860000
dist_vwap_w_atr,,-6.468251931147741,,MISSING_LIVE,ATR-NQ,1000,1776436860000
next_wall_dist_atr,,0.589988443525333,,MISSING_LIVE,ATR-NQ,1000,1776436860000
open_gap_atr,,-2.5809460089613365,,MISSING_LIVE,ATR-NQ,1000,1776436860000
ovn_range_atr,,1.4070514769985605,,MISSING_LIVE,ATR-NQ,1000,1776436860000
poc_bar_dist_atr,,0.030411775439450155,,MISSING_LIVE,ATR-NQ,1000,1776436860000
poc_separation_atr,,0.20680007298826106,,MISSING_LIVE,ATR-NQ,1000,1776436860000
range_size_atr,,2.7776088234697807,,MISSING_LIVE,ATR-NQ,1000,1776436860000
sess_range_atr,,3.8298562536747562,,MISSING_LIVE,ATR-NQ,1000,1776436860000
swing_range_atr,,0.4987531172069825,,MISSING_LIVE,ATR-NQ,1000,1776436860000
dist_blind_nearest_dn_atr,-0.21815704640836933,,,LIVE_ONLY,ATR-NQ,1000,1776436860000
dist_gex_nearest_dn_atr,-0.589988443525333,,,LIVE_ONLY,ATR-NQ,1000,1776436860000
dist_sess_low_atr,-3.793362123147416,,,LIVE_ONLY,ATR-NQ,1000,1776436860000
dist_session_hvn_below_atr,0.22707458994789448,,,LIVE_ONLY,ATR-NQ,1000,1776436860000
dist_swing_low_atr,-0.8778865843521277,,,LIVE_ONLY,ATR-NQ,1000,1776436860000
dist_vix_call_atr,0.014557103177016806,,,LIVE_ONLY,ATR-NQ,1000,1776436860000
dist_vix_gex_nearest_dn_atr,-0.0006487845427082699,,,LIVE_ONLY,ATR-NQ,1000,1776436860000
dist_vix_gex_nearest_up_atr,0.00036494130527340185,,,LIVE_ONLY,ATR-NQ,1000,1776436860000
dist_vix_hvl_atr,0.007461022241145105,,,LIVE_ONLY,ATR-NQ,1000,1776436860000
dist_vix_put_atr,-0.0016625103906899416,,,LIVE_ONLY,ATR-NQ,1000,1776436860000
dist_vwap_d_sd2d_atr,-4.335325304624617,,,LIVE_ONLY,ATR-NQ,1000,1776436860000
dist_vwap_d_sd3d_atr,-5.487519818340328,,,LIVE_ONLY,ATR-NQ,1000,1776436860000
im_cross_delta_agreement_5,0.8,0.8,0.0,MATCH,IM-NQ,1000,1776436860000
im_open_type_agreement,0.0,0.0,0.0,MATCH,IM-NQ,1000,1776436860000
im_rolling_correlation_10,0.995508,0.995508,0.0,MATCH,IM-NQ,1000,1776436860000
im_cross_delta_weighted_5,,98.0,,MISSING_LIVE,IM-NQ,1000,1776436860000
im_cross_open_signal,,0.0,,MISSING_LIVE,IM-NQ,1000,1776436860000
im_delta_day_divergence,,-1.0,,MISSING_LIVE,IM-NQ,1000,1776436860000
im_ltr_slope_diff,,0.033050000000000024,,MISSING_LIVE,IM-NQ,1000,1776436860000
im_price_ratio_slope_10,,0.00016048162580672583,,MISSING_LIVE,IM-NQ,1000,1776436860000
im_smt_divergence,,-1.0,,MISSING_LIVE,IM-NQ,1000,1776436860000
im_volume_lead,,-526.1999999999999,,MISSING_LIVE,IM-NQ,1000,1776436860000
dist_1d_max_atr,-0.178952,-0.178952,0.0,MATCH,ATR-NQ,1343,1776457439000
dist_1d_min_atr,-5.245908,-5.245908,0.0,MATCH,ATR-NQ,1343,1776457439000
dist_blind_nearest_up_atr,1.934526,1.934526,0.0,MATCH,ATR-NQ,1343,1776457439000
dist_comp_20d_vah_atr,-12.86645,-12.86645,0.0,MATCH,ATR-NQ,1343,1776457439000
dist_comp_20d_val_atr,-31.069289,-31.069289,0.0,MATCH,ATR-NQ,1343,1776457439000
dist_comp_20d_vwap_atr,-16.885047,-16.885047,0.0,MATCH,ATR-NQ,1343,1776457439000
dist_comp_50d_vah_atr,-11.94354,-11.94354,0.0,MATCH,ATR-NQ,1343,1776457439000
dist_comp_50d_val_atr,-25.01307,-25.01307,0.0,MATCH,ATR-NQ,1343,1776457439000
dist_comp_50d_vwap_atr,-17.093123,-17.093123,0.0,MATCH,ATR-NQ,1343,1776457439000
dist_cur_vah_atr,-0.02815,-0.02815,0.0,MATCH,ATR-NQ,1343,1776457439000
dist_cur_val_atr,-0.494631,-0.494631,0.0,MATCH,ATR-NQ,1343,1776457439000
dist_cur_vpoc_atr,-0.197048,-0.197048,0.0,MATCH,ATR-NQ,1343,1776457439000
dist_gex_nearest_up_atr,0.60723,0.60723,0.0,MATCH,ATR-NQ,1343,1776457439000
dist_mq_call_0dte_atr,-13.548076,-13.548076,0.0,MATCH,ATR-NQ,1343,1776457439000
dist_mq_call_atr,-2.609885,-2.609885,0.0,MATCH,ATR-NQ,1343,1776457439000
dist_mq_hvl_atr,-12.341658,-12.341658,0.0,MATCH,ATR-NQ,1343,1776457439000
dist_mq_put_0dte_atr,-4.017372,-4.017372,0.0,MATCH,ATR-NQ,1343,1776457439000
dist_mq_put_atr,-22.716854,-22.716854,0.0,MATCH,ATR-NQ,1343,1776457439000
dist_open_830_atr,-2.627981,-2.627981,0.0,MATCH,ATR-NQ,1343,1776457439000
dist_prev_vah_atr,0.472514,0.472514,0.0,MATCH,ATR-NQ,1343,1776457439000
dist_prev_val_atr,-2.792858,-2.792858,0.0,MATCH,ATR-NQ,1343,1776457439000
dist_prev_vwap_sd1d_atr,-2.8531,-2.8531,0.0,MATCH,ATR-NQ,1343,1776457439000
dist_prev_vwap_sd1u_atr,-0.212066,-0.212066,0.0,MATCH,ATR-NQ,1343,1776457439000
dist_sess_high_atr,0.484578,0.484578,0.0,MATCH,ATR-NQ,1343,1776457439000
dist_session_hvn_above_atr,0.022118,0.022118,0.0,MATCH,ATR-NQ,1343,1776457439000
dist_session_lvn_above_atr,0.102546,0.102546,0.0,MATCH,ATR-NQ,1343,1776457439000
dist_session_lvn_below_atr,0.524792,0.524792,0.0,MATCH,ATR-NQ,1343,1776457439000
dist_swing_high_atr,0.03016,0.03016,0.0,MATCH,ATR-NQ,1343,1776457439000
dist_vwap_d_sd1d_atr,-1.537178,-1.537178,0.0,MATCH,ATR-NQ,1343,1776457439000
dist_vwap_d_sd1u_atr,0.007791,0.007791,0.0,MATCH,ATR-NQ,1343,1776457439000
dist_vwap_d_sd2u_atr,0.203819,0.203819,0.0,MATCH,ATR-NQ,1343,1776457439000
dist_vwap_d_sd3u_atr,0.399862,0.399862,0.0,MATCH,ATR-NQ,1343,1776457439000
dist_comp_20d_vpoc_atr,,-21.108296135440543,,MISSING_LIVE,ATR-NQ,1343,1776457439000
dist_comp_50d_vpoc_atr,,-21.108296135440543,,MISSING_LIVE,ATR-NQ,1343,1776457439000
dist_cur_vwap_vp_atr,,-0.7530059918767845,,MISSING_LIVE,ATR-NQ,1343,1776457439000
dist_ext_edge_buy_atr,,0.002010696907548156,,MISSING_LIVE,ATR-NQ,1343,1776457439000
dist_ext_edge_sell_atr,,-0.002010696907548156,,MISSING_LIVE,ATR-NQ,1343,1776457439000
dist_ext_long_dn_atr,,-0.30964732376241605,,MISSING_LIVE,ATR-NQ,1343,1776457439000
dist_ext_long_up_atr,,-0.295572445409579,,MISSING_LIVE,ATR-NQ,1343,1776457439000
dist_open_cash_atr,,-2.816986367474967,,MISSING_LIVE,ATR-NQ,1343,1776457439000
dist_ovn_high_atr,,0.16487714641894882,,MISSING_LIVE,ATR-NQ,1343,1776457439000
dist_ovn_low_atr,,-0.5549523464832912,,MISSING_LIVE,ATR-NQ,1343,1776457439000
dist_prev_vpoc_atr,,0.12466320826798569,,MISSING_LIVE,ATR-NQ,1343,1776457439000
dist_prev_vwap_atr,,-1.5299989946515464,,MISSING_LIVE,ATR-NQ,1343,1776457439000
dist_vwap_w_atr,,-5.649414283990832,,MISSING_LIVE,ATR-NQ,1343,1776457439000
next_wall_dist_atr,,0.5991876784493506,,MISSING_LIVE,ATR-NQ,1343,1776457439000
open_gap_atr,,2.941649575742953,,MISSING_LIVE,ATR-NQ,1343,1776457439000
ovn_range_atr,,0.71982949290224,,MISSING_LIVE,ATR-NQ,1343,1776457439000
poc_bar_dist_atr,,0.020106969075481564,,MISSING_LIVE,ATR-NQ,1343,1776457439000
poc_separation_atr,,0.23324084127558614,,MISSING_LIVE,ATR-NQ,1343,1776457439000
range_size_atr,,0.4664816825511723,,MISSING_LIVE,ATR-NQ,1343,1776457439000
sess_range_atr,,4.260666747094543,,MISSING_LIVE,ATR-NQ,1343,1776457439000
swing_range_atr,,0.2975831423171271,,MISSING_LIVE,ATR-NQ,1343,1776457439000
dist_blind_nearest_dn_atr,-0.2304290827200708,,,LIVE_ONLY,ATR-NQ,1343,1776457439000
dist_gex_nearest_dn_atr,-0.5991876784493506,,,LIVE_ONLY,ATR-NQ,1343,1776457439000
dist_sess_low_atr,-3.7760887923754374,,,LIVE_ONLY,ATR-NQ,1343,1776457439000
dist_swing_low_atr,-0.2674226887039048,,,LIVE_ONLY,ATR-NQ,1343,1776457439000
dist_vix_call_atr,0.015120440744762135,,,LIVE_ONLY,ATR-NQ,1343,1776457439000
dist_vix_gex_nearest_dn_atr,-0.004986528330719427,,,LIVE_ONLY,ATR-NQ,1343,1776457439000
dist_vix_gex_nearest_up_atr,4.021393815096313e-05,,,LIVE_ONLY,ATR-NQ,1343,1776457439000
dist_vix_hvl_atr,0.008083001568343587,,,LIVE_ONLY,ATR-NQ,1343,1776457439000
dist_vix_put_atr,-0.0009651345156231149,,,LIVE_ONLY,ATR-NQ,1343,1776457439000
dist_vwap_d_sd2d_atr,-0.5803217115052078,,,LIVE_ONLY,ATR-NQ,1343,1776457439000
dist_vwap_d_sd3d_atr,-0.776364659991153,,,LIVE_ONLY,ATR-NQ,1343,1776457439000
im_cross_delta_agreement_5,0.6,0.6,0.0,MATCH,IM-NQ,1343,1776457439000
im_open_type_agreement,1.0,1.0,0.0,MATCH,IM-NQ,1343,1776457439000
im_rolling_correlation_10,0.99005,0.99005,0.0,MATCH,IM-NQ,1343,1776457439000
im_cross_delta_weighted_5,,18.8,,MISSING_LIVE,IM-NQ,1343,1776457439000
im_cross_open_signal,,0.85,,MISSING_LIVE,IM-NQ,1343,1776457439000
im_delta_day_divergence,,1.0,,MISSING_LIVE,IM-NQ,1343,1776457439000
im_ltr_slope_diff,,-0.12086,,MISSING_LIVE,IM-NQ,1343,1776457439000
im_price_ratio_slope_10,,-4.1612327508825074e-05,,MISSING_LIVE,IM-NQ,1343,1776457439000
im_smt_divergence,,0.0,,MISSING_LIVE,IM-NQ,1343,1776457439000
im_volume_lead,,265.6,,MISSING_LIVE,IM-NQ,1343,1776457439000
dist_1d_max_atr,-0.912374,-0.912374,0.0,MATCH,ATR-ES,1333,1776456839000
dist_1d_min_atr,-5.703689,-5.703689,0.0,MATCH,ATR-ES,1333,1776456839000
dist_comp_20d_vah_atr,-12.501171,-12.501171,0.0,MATCH,ATR-ES,1333,1776456839000
dist_comp_20d_val_atr,-30.428264,-30.428264,0.0,MATCH,ATR-ES,1333,1776456839000
dist_comp_20d_vwap_atr,-16.828338,-16.828338,0.0,MATCH,ATR-ES,1333,1776456839000
dist_comp_50d_vah_atr,-11.292288,-11.292288,0.0,MATCH,ATR-ES,1333,1776456839000
dist_comp_50d_val_atr,-24.374473,-24.374473,0.0,MATCH,ATR-ES,1333,1776456839000
dist_comp_50d_vwap_atr,-17.124153,-17.124153,0.0,MATCH,ATR-ES,1333,1776456839000
dist_cur_vah_atr,-0.009371,-0.009371,0.0,MATCH,ATR-ES,1333,1776456839000
dist_cur_val_atr,-0.337363,-0.337363,0.0,MATCH,ATR-ES,1333,1776456839000
dist_cur_vpoc_atr,-0.140568,-0.140568,0.0,MATCH,ATR-ES,1333,1776456839000
dist_gex_nearest_up_atr,1.302596,1.302596,0.0,MATCH,ATR-ES,1333,1776456839000
dist_mq_call_0dte_atr,-7.506326,-7.506326,0.0,MATCH,ATR-ES,1333,1776456839000
dist_mq_call_atr,-2.445881,-2.445881,0.0,MATCH,ATR-ES,1333,1776456839000
dist_mq_hvl_atr,-9.755412,-9.755412,0.0,MATCH,ATR-ES,1333,1776456839000
dist_mq_put_0dte_atr,-4.694968,-4.694968,0.0,MATCH,ATR-ES,1333,1776456839000
dist_mq_put_atr,-24.936744,-24.936744,0.0,MATCH,ATR-ES,1333,1776456839000
dist_open_830_atr,-2.914441,-2.914441,0.0,MATCH,ATR-ES,1333,1776456839000
dist_prev_vah_atr,-0.459188,-0.459188,0.0,MATCH,ATR-ES,1333,1776456839000
dist_prev_val_atr,-4.076469,-4.076469,0.0,MATCH,ATR-ES,1333,1776456839000
dist_prev_vwap_sd1d_atr,-3.063117,-3.063117,0.0,MATCH,ATR-ES,1333,1776456839000
dist_prev_vwap_sd1u_atr,-0.048906,-0.048906,0.0,MATCH,ATR-ES,1333,1776456839000
dist_sess_high_atr,0.768438,0.768438,0.0,MATCH,ATR-ES,1333,1776456839000
dist_session_lvn_above_atr,0.009371,0.009371,0.0,MATCH,ATR-ES,1333,1776456839000
dist_session_lvn_below_atr,0.449817,0.449817,0.0,MATCH,ATR-ES,1333,1776456839000
dist_swing_high_atr,0.009371,0.009371,0.0,MATCH,ATR-ES,1333,1776456839000
dist_vwap_d_sd1d_atr,-1.263282,-1.263282,0.0,MATCH,ATR-ES,1333,1776456839000
dist_vwap_d_sd1u_atr,0.103431,0.103431,0.0,MATCH,ATR-ES,1333,1776456839000
dist_vwap_d_sd2u_atr,0.313075,0.313075,0.0,MATCH,ATR-ES,1333,1776456839000
dist_vwap_d_sd3u_atr,0.5227,0.5227,0.0,MATCH,ATR-ES,1333,1776456839000
dist_comp_20d_vpoc_atr,,-20.36360228657108,,MISSING_LIVE,ATR-ES,1333,1776456839000
dist_comp_50d_vpoc_atr,,-20.10120888389092,,MISSING_LIVE,ATR-ES,1333,1776456839000
dist_cur_vwap_vp_atr,,-0.42470621310092777,,MISSING_LIVE,ATR-ES,1333,1776456839000
dist_ext_edge_buy_atr,,0.0093711929528629,,MISSING_LIVE,ATR-ES,1333,1776456839000
dist_ext_edge_sell_atr,,0.0,,MISSING_LIVE,ATR-ES,1333,1776456839000
dist_ext_long_dn_atr,,-0.0374847718114516,,MISSING_LIVE,ATR-ES,1333,1776456839000
dist_ext_long_up_atr,,0.0,,MISSING_LIVE,ATR-ES,1333,1776456839000
dist_open_cash_atr,,-3.579795707993628,,MISSING_LIVE,ATR-ES,1333,1776456839000
dist_ovn_high_atr,,0.0562271577171774,,MISSING_LIVE,ATR-ES,1333,1776456839000
dist_ovn_low_atr,,-0.5341579983131853,,MISSING_LIVE,ATR-ES,1333,1776456839000
dist_prev_vpoc_atr,,-3.279917533502015,,MISSING_LIVE,ATR-ES,1333,1776456839000
dist_prev_vwap_atr,,-1.5699672008246652,,MISSING_LIVE,ATR-ES,1333,1776456839000
dist_vwap_w_atr,,-5.383621966076282,,MISSING_LIVE,ATR-ES,1333,1776456839000
next_wall_dist_atr,,0.5716427701246369,,MISSING_LIVE,ATR-ES,1333,1776456839000
open_gap_atr,,0.2998781744916128,,MISSING_LIVE,ATR-ES,1333,1776456839000
ovn_range_atr,,0.5903851560303627,,MISSING_LIVE,ATR-ES,1333,1776456839000
poc_bar_dist_atr,,0.0281135788585887,,MISSING_LIVE,ATR-ES,1333,1776456839000
poc_separation_atr,,0.0,,MISSING_LIVE,ATR-ES,1333,1776456839000
range_size_atr,,0.3279917533502015,,MISSING_LIVE,ATR-ES,1333,1776456839000
sess_range_atr,,4.854277949582982,,MISSING_LIVE,ATR-ES,1333,1776456839000
swing_range_atr,,0.2717645956330241,,MISSING_LIVE,ATR-ES,1333,1776456839000
dist_blind_nearest_dn_atr,-1.034199231562178,,,LIVE_ONLY,ATR-ES,1333,1776456839000
dist_gex_nearest_dn_atr,-0.5716427701246369,,,LIVE_ONLY,ATR-ES,1333,1776456839000
dist_sess_low_atr,-4.085840127448225,,,LIVE_ONLY,ATR-ES,1333,1776456839000
dist_session_hvn_below_atr,0.0562271577171774,,,LIVE_ONLY,ATR-ES,1333,1776456839000
dist_swing_low_atr,-0.2623934026801612,,,LIVE_ONLY,ATR-ES,1333,1776456839000
dist_vix_call_atr,0.07056508293505764,,,LIVE_ONLY,ATR-ES,1333,1776456839000
dist_vix_gex_nearest_dn_atr,-0.023146846593571364,,,LIVE_ONLY,ATR-ES,1333,1776456839000
dist_vix_gex_nearest_up_atr,0.000281135788585887,,,LIVE_ONLY,ATR-ES,1333,1776456839000
dist_vix_hvl_atr,0.037765907600037486,,,LIVE_ONLY,ATR-ES,1333,1776456839000
dist_vix_put_atr,-0.004404460687845562,,,LIVE_ONLY,ATR-ES,1333,1776456839000
dist_vwap_d_sd2d_atr,-0.5254643426108144,,,LIVE_ONLY,ATR-ES,1333,1776456839000
dist_vwap_d_sd3d_atr,-0.7350894948926999,,,LIVE_ONLY,ATR-ES,1333,1776456839000
im_cross_delta_agreement_5,0.6,0.6,0.0,MATCH,IM-ES,1333,1776456839000
im_open_type_agreement,1.0,1.0,0.0,MATCH,IM-ES,1333,1776456839000
im_rolling_correlation_10,0.841485,0.841485,0.0,MATCH,IM-ES,1333,1776456839000
im_cross_delta_weighted_5,,27.0,,MISSING_LIVE,IM-ES,1333,1776456839000
im_cross_open_signal,,0.85,,MISSING_LIVE,IM-ES,1333,1776456839000
im_delta_day_divergence,,-1.0,,MISSING_LIVE,IM-ES,1333,1776456839000
im_ltr_slope_diff,,-0.05253999999999999,,MISSING_LIVE,IM-ES,1333,1776456839000
im_price_ratio_slope_10,,2.957061709378749e-07,,MISSING_LIVE,IM-ES,1333,1776456839000
im_smt_divergence,,0.0,,MISSING_LIVE,IM-ES,1333,1776456839000
im_volume_lead,,11.200000000000001,,MISSING_LIVE,IM-ES,1333,1776456839000
dist_1d_max_atr,-1.249263,-1.249263,0.0,MATCH,ATR-ES,1070,1776441060000
dist_1d_min_atr,-6.074947,-6.074947,0.0,MATCH,ATR-ES,1070,1776441060000
dist_comp_20d_vah_atr,-13.487494,-13.487494,0.0,MATCH,ATR-ES,1070,1776441060000
dist_comp_20d_val_atr,-30.920245,-30.920245,0.0,MATCH,ATR-ES,1070,1776441060000
dist_comp_20d_vwap_atr,-17.802472,-17.802472,0.0,MATCH,ATR-ES,1070,1776441060000
dist_comp_50d_vah_atr,-11.882964,-11.882964,0.0,MATCH,ATR-ES,1070,1776441060000
dist_comp_50d_val_atr,-24.87966,-24.87966,0.0,MATCH,ATR-ES,1070,1776441060000
dist_comp_50d_vwap_atr,-17.886717,-17.886717,0.0,MATCH,ATR-ES,1070,1776441060000
dist_cur_vah_atr,-1.028787,-1.028787,0.0,MATCH,ATR-ES,1070,1776441060000
dist_cur_val_atr,-4.436055,-4.436055,0.0,MATCH,ATR-ES,1070,1776441060000
dist_cur_vpoc_atr,-3.63379,-3.63379,0.0,MATCH,ATR-ES,1070,1776441060000
dist_gex_nearest_up_atr,0.981595,0.981595,0.0,MATCH,ATR-ES,1070,1776441060000
dist_ib_high_atr,-0.689004,-0.689004,0.0,MATCH,ATR-ES,1070,1776441060000
dist_ib_low_atr,-2.151958,-2.151958,0.0,MATCH,ATR-ES,1070,1776441060000
dist_mq_call_0dte_atr,-7.890514,-7.890514,0.0,MATCH,ATR-ES,1070,1776441060000
dist_mq_call_atr,-2.793771,-2.793771,0.0,MATCH,ATR-ES,1070,1776441060000
dist_mq_hvl_atr,-10.155734,-10.155734,0.0,MATCH,ATR-ES,1070,1776441060000
dist_mq_put_0dte_atr,-5.05899,-5.05899,0.0,MATCH,ATR-ES,1070,1776441060000
dist_mq_put_atr,-25.445965,-25.445965,0.0,MATCH,ATR-ES,1070,1776441060000
dist_open_830_atr,-3.265691,-3.265691,0.0,MATCH,ATR-ES,1070,1776441060000
dist_prev_vah_atr,-3.728174,-3.728174,0.0,MATCH,ATR-ES,1070,1776441060000
dist_prev_val_atr,-4.672015,-4.672015,0.0,MATCH,ATR-ES,1070,1776441060000
dist_prev_vwap_sd1d_atr,-4.695961,-4.695961,0.0,MATCH,ATR-ES,1070,1776441060000
dist_prev_vwap_sd1u_atr,-3.742626,-3.742626,0.0,MATCH,ATR-ES,1070,1776441060000
dist_sess_high_atr,0.037754,0.037754,0.0,MATCH,ATR-ES,1070,1776441060000
dist_session_lvn_above_atr,0.018877,0.018877,0.0,MATCH,ATR-ES,1070,1776441060000
dist_session_lvn_below_atr,0.53799,0.53799,0.0,MATCH,ATR-ES,1070,1776441060000
dist_swing_high_atr,0.037754,0.037754,0.0,MATCH,ATR-ES,1070,1776441060000
dist_vwap_d_sd1d_atr,-14.244851,-14.244851,0.0,MATCH,ATR-ES,1070,1776441060000
dist_vwap_d_sd1u_atr,-0.653297,-0.653297,0.0,MATCH,ATR-ES,1070,1776441060000
dist_vwap_d_sd2u_atr,0.800662,0.800662,0.0,MATCH,ATR-ES,1070,1776441060000
dist_vwap_d_sd3u_atr,2.254638,2.254638,0.0,MATCH,ATR-ES,1070,1776441060000
dist_comp_20d_vpoc_atr,,-20.91552619159981,,MISSING_LIVE,ATR-ES,1070,1776441060000
dist_comp_50d_vpoc_atr,,-20.575743275129778,,MISSING_LIVE,ATR-ES,1070,1776441060000
dist_cur_vwap_vp_atr,,-8.429021236432279,,MISSING_LIVE,ATR-ES,1070,1776441060000
dist_ext_edge_buy_atr,,-0.1793298725814063,,MISSING_LIVE,ATR-ES,1070,1776441060000
dist_ext_edge_sell_atr,,-0.028315243039169418,,MISSING_LIVE,ATR-ES,1070,1776441060000
dist_ext_long_dn_atr,,-0.21708352996696553,,MISSING_LIVE,ATR-ES,1070,1776441060000
dist_ext_long_up_atr,,-0.22652194431335534,,MISSING_LIVE,ATR-ES,1070,1776441060000
dist_open_cash_atr,,-1.9726285983954694,,MISSING_LIVE,ATR-ES,1070,1776441060000
dist_ovn_high_atr,,-3.067484662576687,,MISSING_LIVE,ATR-ES,1070,1776441060000
dist_ovn_low_atr,,-4.445493157149599,,MISSING_LIVE,ATR-ES,1070,1776441060000
dist_prev_vpoc_atr,,-4.285040113260972,,MISSING_LIVE,ATR-ES,1070,1776441060000
dist_prev_vwap_atr,,-4.218400188768287,,MISSING_LIVE,ATR-ES,1070,1776441060000
dist_vwap_w_atr,,-6.3485502595563945,,MISSING_LIVE,ATR-ES,1070,1776441060000
next_wall_dist_atr,,0.9060877772534214,,MISSING_LIVE,ATR-ES,1070,1776441060000
open_gap_atr,,-2.3124115148655027,,MISSING_LIVE,ATR-ES,1070,1776441060000
ovn_range_atr,,1.3780084945729116,,MISSING_LIVE,ATR-ES,1070,1776441060000
poc_bar_dist_atr,,0.028315243039169418,,MISSING_LIVE,ATR-ES,1070,1776441060000
poc_separation_atr,,0.0,,MISSING_LIVE,ATR-ES,1070,1776441060000
range_size_atr,,3.40726757904672,,MISSING_LIVE,ATR-ES,1070,1776441060000
sess_range_atr,,4.483246814535158,,MISSING_LIVE,ATR-ES,1070,1776441060000
swing_range_atr,,0.585181689476168,,MISSING_LIVE,ATR-ES,1070,1776441060000
dist_blind_nearest_dn_atr,-1.3719622463426144,,,LIVE_ONLY,ATR-ES,1070,1776441060000
dist_gex_nearest_dn_atr,-0.9060877772534214,,,LIVE_ONLY,ATR-ES,1070,1776441060000
dist_sess_low_atr,-4.445493157149599,,,LIVE_ONLY,ATR-ES,1070,1776441060000
dist_session_hvn_below_atr,0.028315243039169418,,,LIVE_ONLY,ATR-ES,1070,1776441060000
dist_swing_low_atr,-0.5474280320906088,,,LIVE_ONLY,ATR-ES,1070,1776441060000
dist_vix_call_atr,0.07295894289759321,,,LIVE_ONLY,ATR-ES,1070,1776441060000
dist_vix_gex_nearest_dn_atr,-0.02142520056630486,,,LIVE_ONLY,ATR-ES,1070,1776441060000
dist_vix_gex_nearest_up_atr,0.0021708352996696557,,,LIVE_ONLY,ATR-ES,1070,1776441060000
dist_vix_hvl_atr,0.039924492685228886,,,LIVE_ONLY,ATR-ES,1070,1776441060000
dist_vix_put_atr,-0.002548371873525248,,,LIVE_ONLY,ATR-ES,1070,1776441060000
dist_vwap_d_sd2d_atr,-5.0151713072203865,,,LIVE_ONLY,ATR-ES,1070,1776441060000
dist_vwap_d_sd3d_atr,-6.469147711184521,,,LIVE_ONLY,ATR-ES,1070,1776441060000
im_cross_delta_agreement_5,0.8,0.8,0.0,MATCH,IM-ES,1070,1776441060000
im_open_type_agreement,0.0,0.0,0.0,MATCH,IM-ES,1070,1776441060000
im_rolling_correlation_10,0.941777,0.941777,0.0,MATCH,IM-ES,1070,1776441060000
im_cross_delta_weighted_5,,130.4,,MISSING_LIVE,IM-ES,1070,1776441060000
im_cross_open_signal,,0.0,,MISSING_LIVE,IM-ES,1070,1776441060000
im_delta_day_divergence,,1.0,,MISSING_LIVE,IM-ES,1070,1776441060000
im_ltr_slope_diff,,0.04989000000000001,,MISSING_LIVE,IM-ES,1070,1776441060000
im_price_ratio_slope_10,,9.003173493298873e-06,,MISSING_LIVE,IM-ES,1070,1776441060000
im_smt_divergence,,0.0,,MISSING_LIVE,IM-ES,1070,1776441060000
im_volume_lead,,296.4000000000001,,MISSING_LIVE,IM-ES,1070,1776441060000
dist_1d_max_atr,-0.659352,-0.659352,0.0,MATCH,ATR-ES,1291,1776454319000
dist_1d_min_atr,-5.450666,-5.450666,0.0,MATCH,ATR-ES,1291,1776454319000
dist_comp_20d_vah_atr,-12.360604,-12.360604,0.0,MATCH,ATR-ES,1291,1776454319000
dist_comp_20d_val_atr,-30.175241,-30.175241,0.0,MATCH,ATR-ES,1291,1776454319000
dist_comp_20d_vwap_atr,-16.674427,-16.674427,0.0,MATCH,ATR-ES,1291,1776454319000
dist_comp_50d_vah_atr,-11.086121,-11.086121,0.0,MATCH,ATR-ES,1291,1776454319000
dist_comp_50d_val_atr,-24.121451,-24.121451,0.0,MATCH,ATR-ES,1291,1776454319000
dist_comp_50d_vwap_atr,-16.948095,-16.948095,0.0,MATCH,ATR-ES,1291,1776454319000
dist_cur_vah_atr,0.243651,0.243651,0.0,MATCH,ATR-ES,1291,1776454319000
dist_cur_val_atr,-0.168681,-0.168681,0.0,MATCH,ATR-ES,1291,1776454319000
dist_cur_vpoc_atr,0.046856,0.046856,0.0,MATCH,ATR-ES,1291,1776454319000
dist_gex_nearest_up_atr,1.555618,1.555618,0.0,MATCH,ATR-ES,1291,1776454319000
dist_ib_high_atr,-0.103083,-0.103083,0.0,MATCH,ATR-ES,1291,1776454319000
dist_ib_low_atr,-1.555618,-1.555618,0.0,MATCH,ATR-ES,1291,1776454319000
dist_mq_call_0dte_atr,-7.253303,-7.253303,0.0,MATCH,ATR-ES,1291,1776454319000
dist_mq_call_atr,-2.192859,-2.192859,0.0,MATCH,ATR-ES,1291,1776454319000
dist_mq_hvl_atr,-9.50239,-9.50239,0.0,MATCH,ATR-ES,1291,1776454319000
dist_mq_put_0dte_atr,-4.441945,-4.441945,0.0,MATCH,ATR-ES,1291,1776454319000
dist_mq_put_atr,-24.683722,-24.683722,0.0,MATCH,ATR-ES,1291,1776454319000
dist_open_830_atr,-2.661419,-2.661419,0.0,MATCH,ATR-ES,1291,1776454319000
dist_prev_vah_atr,-0.206166,-0.206166,0.0,MATCH,ATR-ES,1291,1776454319000
dist_prev_val_atr,-3.823447,-3.823447,0.0,MATCH,ATR-ES,1291,1776454319000
dist_prev_vwap_sd1d_atr,-2.810095,-2.810095,0.0,MATCH,ATR-ES,1291,1776454319000
dist_prev_vwap_sd1u_atr,0.204116,0.204116,0.0,MATCH,ATR-ES,1291,1776454319000
dist_sess_high_atr,1.02146,1.02146,0.0,MATCH,ATR-ES,1291,1776454319000
dist_session_lvn_above_atr,0.374848,0.374848,0.0,MATCH,ATR-ES,1291,1776454319000
dist_session_lvn_below_atr,0.224909,0.224909,0.0,MATCH,ATR-ES,1291,1776454319000
dist_swing_high_atr,0.262393,0.262393,0.0,MATCH,ATR-ES,1291,1776454319000
dist_vwap_d_sd1d_atr,-0.38444,-0.38444,0.0,MATCH,ATR-ES,1291,1776454319000
dist_vwap_d_sd1u_atr,0.406091,0.406091,0.0,MATCH,ATR-ES,1291,1776454319000
dist_vwap_d_sd2u_atr,0.65721,0.65721,0.0,MATCH,ATR-ES,1291,1776454319000
dist_vwap_d_sd3u_atr,0.90831,0.90831,0.0,MATCH,ATR-ES,1291,1776454319000
dist_comp_20d_vpoc_atr,,-20.11058007684378,,MISSING_LIVE,ATR-ES,1291,1776454319000
dist_comp_50d_vpoc_atr,,-19.84818667416362,,MISSING_LIVE,ATR-ES,1291,1776454319000
dist_cur_vwap_vp_atr,,0.620035610533221,,MISSING_LIVE,ATR-ES,1291,1776454319000
dist_ext_edge_buy_atr,,-0.0562271577171774,,MISSING_LIVE,ATR-ES,1291,1776454319000
dist_ext_edge_sell_atr,,0.0187423859057258,,MISSING_LIVE,ATR-ES,1291,1776454319000
dist_ext_long_dn_atr,,-0.0093711929528629,,MISSING_LIVE,ATR-ES,1291,1776454319000
dist_ext_long_up_atr,,0.1593102801986693,,MISSING_LIVE,ATR-ES,1291,1776454319000
dist_open_cash_atr,,-1.3775653640708463,,MISSING_LIVE,ATR-ES,1291,1776454319000
dist_ovn_high_atr,,0.3092493674444757,,MISSING_LIVE,ATR-ES,1291,1776454319000
dist_ovn_low_atr,,-0.281135788585887,,MISSING_LIVE,ATR-ES,1291,1776454319000
dist_prev_vpoc_atr,,-3.0268953237747165,,MISSING_LIVE,ATR-ES,1291,1776454319000
dist_prev_vwap_atr,,-1.316944991097367,,MISSING_LIVE,ATR-ES,1291,1776454319000
dist_vwap_w_atr,,-5.267159591415987,,MISSING_LIVE,ATR-ES,1291,1776454319000
next_wall_dist_atr,,0.3186205603973386,,MISSING_LIVE,ATR-ES,1291,1776454319000
open_gap_atr,,-1.6493299597038704,,MISSING_LIVE,ATR-ES,1291,1776454319000
ovn_range_atr,,0.5903851560303627,,MISSING_LIVE,ATR-ES,1291,1776454319000
poc_bar_dist_atr,,0.0093711929528629,,MISSING_LIVE,ATR-ES,1291,1776454319000
poc_separation_atr,,0.1593102801986693,,MISSING_LIVE,ATR-ES,1291,1776454319000
range_size_atr,,0.4123324899259676,,MISSING_LIVE,ATR-ES,1291,1776454319000
sess_range_atr,,4.854277949582982,,MISSING_LIVE,ATR-ES,1291,1776454319000
swing_range_atr,,0.5435291912660482,,MISSING_LIVE,ATR-ES,1291,1776454319000
dist_blind_nearest_dn_atr,-0.7811770218348796,,,LIVE_ONLY,ATR-ES,1291,1776454319000
dist_gex_nearest_dn_atr,-0.3186205603973386,,,LIVE_ONLY,ATR-ES,1291,1776454319000
dist_sess_low_atr,-3.8328179177209263,,,LIVE_ONLY,ATR-ES,1291,1776454319000
dist_session_hvn_below_atr,0.1030831224814919,,,LIVE_ONLY,ATR-ES,1291,1776454319000
dist_swing_low_atr,-0.281135788585887,,,LIVE_ONLY,ATR-ES,1291,1776454319000
dist_vix_call_atr,0.06850342048542779,,,LIVE_ONLY,ATR-ES,1291,1776454319000
dist_vix_gex_nearest_dn_atr,-0.001780526661043951,,,LIVE_ONLY,ATR-ES,1291,1776454319000
dist_vix_gex_nearest_up_atr,0.002905069815387499,,,LIVE_ONLY,ATR-ES,1291,1776454319000
dist_vix_hvl_atr,0.03570424515040765,,,LIVE_ONLY,ATR-ES,1291,1776454319000
dist_vix_put_atr,-0.006466123137475401,,,LIVE_ONLY,ATR-ES,1291,1776454319000
dist_vwap_d_sd2d_atr,-0.34722800112454316,,,LIVE_ONLY,ATR-ES,1291,1776454319000
dist_vwap_d_sd3d_atr,-0.5983291162965046,,,LIVE_ONLY,ATR-ES,1291,1776454319000
im_cross_delta_agreement_5,0.8,0.8,0.0,MATCH,IM-ES,1291,1776454319000
im_open_type_agreement,1.0,1.0,0.0,MATCH,IM-ES,1291,1776454319000
im_rolling_correlation_10,0.951115,0.951115,0.0,MATCH,IM-ES,1291,1776454319000
im_cross_delta_weighted_5,,85.6,,MISSING_LIVE,IM-ES,1291,1776454319000
im_cross_open_signal,,0.85,,MISSING_LIVE,IM-ES,1291,1776454319000
im_delta_day_divergence,,-1.0,,MISSING_LIVE,IM-ES,1291,1776454319000
im_ltr_slope_diff,,0.012729999999999991,,MISSING_LIVE,IM-ES,1291,1776454319000
im_price_ratio_slope_10,,1.9372451413957385e-06,,MISSING_LIVE,IM-ES,1291,1776454319000
im_smt_divergence,,0.0,,MISSING_LIVE,IM-ES,1291,1776454319000
im_volume_lead,,-196.5,,MISSING_LIVE,IM-ES,1291,1776454319000
dist_1d_max_atr,0.355354,0.355354,0.0,MATCH,ATR-ES,896,1776430619000
dist_1d_min_atr,-4.603245,-4.603245,0.0,MATCH,ATR-ES,896,1776430619000
dist_blind_nearest_up_atr,0.229276,0.229276,0.0,MATCH,ATR-ES,896,1776430619000
dist_comp_20d_vah_atr,-12.375133,-12.375133,0.0,MATCH,ATR-ES,896,1776430619000
dist_comp_20d_val_atr,-30.132868,-30.132868,0.0,MATCH,ATR-ES,896,1776430619000
dist_comp_20d_vwap_atr,-17.09995,-17.09995,0.0,MATCH,ATR-ES,896,1776430619000
dist_comp_50d_vah_atr,-10.736107,-10.736107,0.0,MATCH,ATR-ES,896,1776430619000
dist_comp_50d_val_atr,-23.925904,-23.925904,0.0,MATCH,ATR-ES,896,1776430619000
dist_comp_50d_vwap_atr,-17.097013,-17.097013,0.0,MATCH,ATR-ES,896,1776430619000
dist_cur_vah_atr,-1.988168,-1.988168,0.0,MATCH,ATR-ES,896,1776430619000
dist_cur_val_atr,-2.744642,-2.744642,0.0,MATCH,ATR-ES,896,1776430619000
dist_cur_vpoc_atr,-2.09485,-2.09485,0.0,MATCH,ATR-ES,896,1776430619000
dist_gex_nearest_up_atr,0.707982,0.707982,0.0,MATCH,ATR-ES,896,1776430619000
dist_mq_call_0dte_atr,-6.46882,-6.46882,0.0,MATCH,ATR-ES,896,1776430619000
dist_mq_call_atr,-1.231694,-1.231694,0.0,MATCH,ATR-ES,896,1776430619000
dist_mq_hvl_atr,-8.796431,-8.796431,0.0,MATCH,ATR-ES,896,1776430619000
dist_mq_put_0dte_atr,-3.559306,-3.559306,0.0,MATCH,ATR-ES,896,1776430619000
dist_mq_put_atr,-24.507807,-24.507807,0.0,MATCH,ATR-ES,896,1776430619000
dist_open_830_atr,-1.716613,-1.716613,0.0,MATCH,ATR-ES,896,1776430619000
dist_prev_vah_atr,-2.191834,-2.191834,0.0,MATCH,ATR-ES,896,1776430619000
dist_prev_val_atr,-3.161672,-3.161672,0.0,MATCH,ATR-ES,896,1776430619000
dist_prev_vwap_sd1d_atr,-3.186278,-3.186278,0.0,MATCH,ATR-ES,896,1776430619000
dist_prev_vwap_sd1u_atr,-2.206684,-2.206684,0.0,MATCH,ATR-ES,896,1776430619000
dist_sess_high_atr,0.135777,0.135777,0.0,MATCH,ATR-ES,896,1776430619000
dist_session_hvn_above_atr,0.009698,0.009698,0.0,MATCH,ATR-ES,896,1776430619000
dist_session_lvn_above_atr,0.05819,0.05819,0.0,MATCH,ATR-ES,896,1776430619000
dist_session_lvn_below_atr,0.164872,0.164872,0.0,MATCH,ATR-ES,896,1776430619000
dist_swing_high_atr,-0.455824,-0.455824,0.0,MATCH,ATR-ES,896,1776430619000
dist_vwap_d_sd1d_atr,-10.854381,-10.854381,0.0,MATCH,ATR-ES,896,1776430619000
dist_vwap_d_sd1u_atr,-1.265847,-1.265847,0.0,MATCH,ATR-ES,896,1776430619000
dist_vwap_d_sd2u_atr,-0.541992,-0.541992,0.0,MATCH,ATR-ES,896,1776430619000
dist_vwap_d_sd3u_atr,0.181882,0.181882,0.0,MATCH,ATR-ES,896,1776430619000
dist_comp_20d_vpoc_atr,,-19.852584618368734,,MISSING_LIVE,ATR-ES,896,1776430619000
dist_comp_50d_vpoc_atr,,-19.50344292503152,,MISSING_LIVE,ATR-ES,896,1776430619000
dist_cur_vwap_vp_atr,,-7.958886625933469,,MISSING_LIVE,ATR-ES,896,1776430619000
dist_ext_edge_buy_atr,,-0.06788866259334692,,MISSING_LIVE,ATR-ES,896,1776430619000
dist_ext_edge_sell_atr,,0.02909514111143439,,MISSING_LIVE,ATR-ES,896,1776430619000
dist_ext_long_dn_atr,,-0.14547570555717196,,MISSING_LIVE,ATR-ES,896,1776430619000
dist_ext_long_up_atr,,-0.07758704296382504,,MISSING_LIVE,ATR-ES,896,1776430619000
dist_open_cash_atr,,-2.405198331878576,,MISSING_LIVE,ATR-ES,896,1776430619000
dist_ovn_high_atr,,-1.5129473377945883,,MISSING_LIVE,ATR-ES,896,1776430619000
dist_ovn_low_atr,,-2.9289108718843955,,MISSING_LIVE,ATR-ES,896,1776430619000
dist_prev_vpoc_atr,,-2.764038405586267,,MISSING_LIVE,ATR-ES,896,1776430619000
dist_prev_vwap_atr,,-2.6955629909805063,,MISSING_LIVE,ATR-ES,896,1776430619000
dist_vwap_w_atr,,-5.663361458636408,,MISSING_LIVE,ATR-ES,896,1776430619000
next_wall_dist_atr,,0.2618562700029095,,MISSING_LIVE,ATR-ES,896,1776430619000
open_gap_atr,,-0.35884007370769083,,MISSING_LIVE,ATR-ES,896,1776430619000
ovn_range_atr,,1.415963534089807,,MISSING_LIVE,ATR-ES,896,1776430619000
poc_bar_dist_atr,,0.04849190185239065,,MISSING_LIVE,ATR-ES,896,1776430619000
poc_separation_atr,,0.0,,MISSING_LIVE,ATR-ES,896,1776430619000
range_size_atr,,0.7564736688972942,,MISSING_LIVE,ATR-ES,896,1776430619000
sess_range_atr,,3.064688197071089,,MISSING_LIVE,ATR-ES,896,1776430619000
swing_range_atr,,0.4170303559305596,,MISSING_LIVE,ATR-ES,896,1776430619000
dist_blind_nearest_dn_atr,-0.8057424110173601,,,LIVE_ONLY,ATR-ES,896,1776430619000
dist_gex_nearest_dn_atr,-0.2618562700029095,,,LIVE_ONLY,ATR-ES,896,1776430619000
dist_sess_low_atr,-2.9289108718843955,,,LIVE_ONLY,ATR-ES,896,1776430619000
dist_session_hvn_below_atr,0.03879352148191252,,,LIVE_ONLY,ATR-ES,896,1776430619000
dist_swing_low_atr,-0.8728542333430317,,,LIVE_ONLY,ATR-ES,896,1776430619000
dist_vix_call_atr,0.07302880418970033,,,LIVE_ONLY,ATR-ES,896,1776430619000
dist_vix_gex_nearest_dn_atr,-0.023954999515080982,,,LIVE_ONLY,ATR-ES,896,1776430619000
dist_vix_gex_nearest_up_atr,0.0002909514111143439,,,LIVE_ONLY,ATR-ES,896,1776430619000
dist_vix_hvl_atr,0.03908447289302687,,,LIVE_ONLY,ATR-ES,896,1776430619000
dist_vix_put_atr,-0.004558238774124721,,,LIVE_ONLY,ATR-ES,896,1776430619000
dist_vwap_d_sd2d_atr,-3.437450295800601,,,LIVE_ONLY,ATR-ES,896,1776430619000
dist_vwap_d_sd3d_atr,-4.161324798758607,,,LIVE_ONLY,ATR-ES,896,1776430619000
im_cross_delta_agreement_5,0.4,0.4,0.0,MATCH,IM-ES,896,1776430619000
im_open_type_agreement,0.0,0.0,0.0,MATCH,IM-ES,896,1776430619000
im_rolling_correlation_10,0.985597,0.985597,0.0,MATCH,IM-ES,896,1776430619000
im_cross_delta_weighted_5,,19.4,,MISSING_LIVE,IM-ES,896,1776430619000
im_cross_open_signal,,0.0,,MISSING_LIVE,IM-ES,896,1776430619000
im_delta_day_divergence,,1.0,,MISSING_LIVE,IM-ES,896,1776430619000
im_ltr_slope_diff,,-0.12304000000000001,,MISSING_LIVE,IM-ES,896,1776430619000
im_price_ratio_slope_10,,-7.803356832228914e-06,,MISSING_LIVE,IM-ES,896,1776430619000
im_smt_divergence,,0.0,,MISSING_LIVE,IM-ES,896,1776430619000
im_volume_lead,,-121.9,,MISSING_LIVE,IM-ES,896,1776430619000
dist_1d_max_atr,1.981057,1.981057,0.0,MATCH,ATR-ES,771,1776423120000
dist_1d_min_atr,-3.117987,-3.117987,0.0,MATCH,ATR-ES,771,1776423120000
dist_blind_nearest_up_atr,0.33589,0.33589,0.0,MATCH,ATR-ES,771,1776423120000
dist_comp_20d_vah_atr,-11.139922,-11.139922,0.0,MATCH,ATR-ES,771,1776423120000
dist_comp_20d_val_atr,-29.370699,-29.370699,0.0,MATCH,ATR-ES,771,1776423120000
dist_comp_20d_vwap_atr,-16.029708,-16.029708,0.0,MATCH,ATR-ES,771,1776423120000
dist_comp_50d_vah_atr,-9.454473,-9.454473,0.0,MATCH,ATR-ES,771,1776423120000
dist_comp_50d_val_atr,-22.987933,-22.987933,0.0,MATCH,ATR-ES,771,1776423120000
dist_comp_50d_vwap_atr,-16.014164,-16.014164,0.0,MATCH,ATR-ES,771,1776423120000
dist_cur_vah_atr,-0.468734,-0.468734,0.0,MATCH,ATR-ES,771,1776423120000
dist_cur_val_atr,-1.027226,-1.027226,0.0,MATCH,ATR-ES,771,1776423120000
dist_cur_vpoc_atr,-0.538546,-0.538546,0.0,MATCH,ATR-ES,771,1776423120000
dist_gex_nearest_up_atr,1.346365,1.346365,0.0,MATCH,ATR-ES,771,1776423120000
dist_mq_call_0dte_atr,-5.036402,-5.036402,0.0,MATCH,ATR-ES,771,1776423120000
dist_mq_call_atr,0.349058,0.349058,0.0,MATCH,ATR-ES,771,1776423120000
dist_mq_hvl_atr,-7.429939,-7.429939,0.0,MATCH,ATR-ES,771,1776423120000
dist_mq_put_0dte_atr,-2.04448,-2.04448,0.0,MATCH,ATR-ES,771,1776423120000
dist_mq_put_atr,-23.586317,-23.586317,0.0,MATCH,ATR-ES,771,1776423120000
dist_open_830_atr,-0.149596,-0.149596,0.0,MATCH,ATR-ES,771,1776423120000
dist_prev_vah_atr,-0.638277,-0.638277,0.0,MATCH,ATR-ES,771,1776423120000
dist_prev_val_atr,-1.635584,-1.635584,0.0,MATCH,ATR-ES,771,1776423120000
dist_prev_vwap_sd1d_atr,-1.660887,-1.660887,0.0,MATCH,ATR-ES,771,1776423120000
dist_prev_vwap_sd1u_atr,-0.653547,-0.653547,0.0,MATCH,ATR-ES,771,1776423120000
dist_sess_high_atr,0.169542,0.169542,0.0,MATCH,ATR-ES,771,1776423120000
dist_session_lvn_above_atr,0.119677,0.119677,0.0,MATCH,ATR-ES,771,1776423120000
dist_session_lvn_below_atr,0.119677,0.119677,0.0,MATCH,ATR-ES,771,1776423120000
dist_swing_high_atr,0.169542,0.169542,0.0,MATCH,ATR-ES,771,1776423120000
dist_vwap_d_sd1d_atr,-4.006215,-4.006215,0.0,MATCH,ATR-ES,771,1776423120000
dist_vwap_d_sd1u_atr,-0.436751,-0.436751,0.0,MATCH,ATR-ES,771,1776423120000
dist_vwap_d_sd2u_atr,-0.154349,-0.154349,0.0,MATCH,ATR-ES,771,1776423120000
dist_vwap_d_sd3u_atr,0.128072,0.128072,0.0,MATCH,ATR-ES,771,1776423120000
dist_comp_20d_vpoc_atr,,-18.799242046474518,,MISSING_LIVE,ATR-ES,771,1776423120000
dist_comp_50d_vpoc_atr,,-18.440211429141318,,MISSING_LIVE,ATR-ES,771,1776423120000
dist_cur_vwap_vp_atr,,-2.876609155280742,,MISSING_LIVE,ATR-ES,771,1776423120000
dist_ext_edge_buy_atr,,-0.019946145407400022,,MISSING_LIVE,ATR-ES,771,1776423120000
dist_ext_edge_sell_atr,,0.0,,MISSING_LIVE,ATR-ES,771,1776423120000
dist_ext_long_dn_atr,,-0.07978458162960009,,MISSING_LIVE,ATR-ES,771,1776423120000
dist_ext_long_up_atr,,-0.41886905355540044,,MISSING_LIVE,ATR-ES,771,1776423120000
dist_open_cash_atr,,-0.8576842525182009,,MISSING_LIVE,ATR-ES,771,1776423120000
dist_ovn_high_atr,,0.05983843622220006,,MISSING_LIVE,ATR-ES,771,1776423120000
dist_ovn_low_atr,,-1.3962301785180014,,MISSING_LIVE,ATR-ES,771,1776423120000
dist_prev_vpoc_atr,,-1.2266879425551014,,MISSING_LIVE,ATR-ES,771,1776423120000
dist_prev_vwap_atr,,-1.1562730627306272,,MISSING_LIVE,ATR-ES,771,1776423120000
dist_vwap_w_atr,,-4.311639573152489,,MISSING_LIVE,ATR-ES,771,1776423120000
next_wall_dist_atr,,0.6482497257405007,,MISSING_LIVE,ATR-ES,771,1776423120000
open_gap_atr,,-0.36900369003690037,,MISSING_LIVE,ATR-ES,771,1776423120000
ovn_range_atr,,1.4560686147402016,,MISSING_LIVE,ATR-ES,771,1776423120000
poc_bar_dist_atr,,0.0,,MISSING_LIVE,ATR-ES,771,1776423120000
poc_separation_atr,,0.0,,MISSING_LIVE,ATR-ES,771,1776423120000
range_size_atr,,0.5584920714072006,,MISSING_LIVE,ATR-ES,771,1776423120000
sess_range_atr,,1.5657724144809015,,MISSING_LIVE,ATR-ES,771,1776423120000
swing_range_atr,,0.2991921811110003,,MISSING_LIVE,ATR-ES,771,1776423120000
dist_blind_nearest_dn_atr,-0.16356238156976166,,,LIVE_ONLY,ATR-ES,771,1776423120000
dist_gex_nearest_dn_atr,-0.6482497257405007,,,LIVE_ONLY,ATR-ES,771,1776423120000
dist_sess_low_atr,-1.3962301785180014,,,LIVE_ONLY,ATR-ES,771,1776423120000
dist_session_hvn_below_atr,0.019946145407400022,,,LIVE_ONLY,ATR-ES,771,1776423120000
dist_swing_low_atr,-0.12964994514810013,,,LIVE_ONLY,ATR-ES,771,1776423120000
dist_vix_call_atr,0.06921312456367808,,,LIVE_ONLY,ATR-ES,771,1776423120000
dist_vix_gex_nearest_dn_atr,-0.0005983843622220006,,,LIVE_ONLY,ATR-ES,771,1776423120000
dist_vix_gex_nearest_up_atr,0.00937468834147801,,,LIVE_ONLY,ATR-ES,771,1776423120000
dist_vix_hvl_atr,0.034307370100728034,,,LIVE_ONLY,ATR-ES,771,1776423120000
dist_vix_put_atr,-0.010571457065922012,,,LIVE_ONLY,ATR-ES,771,1776423120000
dist_vwap_d_sd2d_atr,-1.2839553206342875,,,LIVE_ONLY,ATR-ES,771,1776423120000
dist_vwap_d_sd3d_atr,-1.5663757853794753,,,LIVE_ONLY,ATR-ES,771,1776423120000
im_cross_delta_agreement_5,0.4,0.4,0.0,MATCH,IM-ES,771,1776423120000
im_open_type_agreement,0.0,0.0,0.0,MATCH,IM-ES,771,1776423120000
im_rolling_correlation_10,0.97954,0.97954,1e-08,MATCH,IM-ES,771,1776423120000
im_cross_delta_weighted_5,,1.6,,MISSING_LIVE,IM-ES,771,1776423120000
im_cross_open_signal,,0.0,,MISSING_LIVE,IM-ES,771,1776423120000
im_delta_day_divergence,,0.0,,MISSING_LIVE,IM-ES,771,1776423120000
im_ltr_slope_diff,,-0.07061999999999999,,MISSING_LIVE,IM-ES,771,1776423120000
im_price_ratio_slope_10,,-7.333619927408001e-06,,MISSING_LIVE,IM-ES,771,1776423120000
im_smt_divergence,,0.0,,MISSING_LIVE,IM-ES,771,1776423120000
im_volume_lead,,2.3999999999999995,,MISSING_LIVE,IM-ES,771,1776423120000
dist_1d_max_atr,1.99103,1.99103,0.0,MATCH,ATR-ES,746,1776421620000
dist_1d_min_atr,-3.108014,-3.108014,0.0,MATCH,ATR-ES,746,1776421620000
dist_blind_nearest_up_atr,0.345863,0.345863,0.0,MATCH,ATR-ES,746,1776421620000
dist_comp_20d_vah_atr,-11.139922,-11.139922,0.0,MATCH,ATR-ES,746,1776421620000
dist_comp_20d_val_atr,-29.360726,-29.360726,0.0,MATCH,ATR-ES,746,1776421620000
dist_comp_20d_vwap_atr,-16.021858,-16.021858,0.0,MATCH,ATR-ES,746,1776421620000
dist_comp_50d_vah_atr,-9.4445,-9.4445,0.0,MATCH,ATR-ES,746,1776421620000
dist_comp_50d_val_atr,-22.97796,-22.97796,0.0,MATCH,ATR-ES,746,1776421620000
dist_comp_50d_vwap_atr,-16.005866,-16.005866,0.0,MATCH,ATR-ES,746,1776421620000
dist_cur_vah_atr,-0.458761,-0.458761,0.0,MATCH,ATR-ES,746,1776421620000
dist_cur_val_atr,-1.00728,-1.00728,0.0,MATCH,ATR-ES,746,1776421620000
dist_cur_vpoc_atr,-0.528573,-0.528573,0.0,MATCH,ATR-ES,746,1776421620000
dist_gex_nearest_up_atr,1.356338,1.356338,0.0,MATCH,ATR-ES,746,1776421620000
dist_mq_call_0dte_atr,-5.026429,-5.026429,0.0,MATCH,ATR-ES,746,1776421620000
dist_mq_call_atr,0.359031,0.359031,0.0,MATCH,ATR-ES,746,1776421620000
dist_mq_hvl_atr,-7.419966,-7.419966,0.0,MATCH,ATR-ES,746,1776421620000
dist_mq_put_0dte_atr,-2.034507,-2.034507,0.0,MATCH,ATR-ES,746,1776421620000
dist_mq_put_atr,-23.576344,-23.576344,0.0,MATCH,ATR-ES,746,1776421620000
dist_open_830_atr,-0.139623,-0.139623,0.0,MATCH,ATR-ES,746,1776421620000
dist_prev_vah_atr,-0.628304,-0.628304,0.0,MATCH,ATR-ES,746,1776421620000
dist_prev_val_atr,-1.625611,-1.625611,0.0,MATCH,ATR-ES,746,1776421620000
dist_prev_vwap_sd1d_atr,-1.650914,-1.650914,0.0,MATCH,ATR-ES,746,1776421620000
dist_prev_vwap_sd1u_atr,-0.643574,-0.643574,0.0,MATCH,ATR-ES,746,1776421620000
dist_sess_high_atr,0.179515,0.179515,0.0,MATCH,ATR-ES,746,1776421620000
dist_session_lvn_above_atr,0.12965,0.12965,0.0,MATCH,ATR-ES,746,1776421620000
dist_session_lvn_below_atr,0.089758,0.089758,0.0,MATCH,ATR-ES,746,1776421620000
dist_swing_high_atr,0.179515,0.179515,0.0,MATCH,ATR-ES,746,1776421620000
dist_vwap_d_sd1d_atr,-3.965701,-3.965701,0.0,MATCH,ATR-ES,746,1776421620000
dist_vwap_d_sd1u_atr,-0.437257,-0.437257,0.0,MATCH,ATR-ES,746,1776421620000
dist_vwap_d_sd2u_atr,-0.160192,-0.160192,0.0,MATCH,ATR-ES,746,1776421620000
dist_vwap_d_sd3u_atr,0.116891,0.116891,0.0,MATCH,ATR-ES,746,1776421620000
dist_comp_20d_vpoc_atr,,-18.78926897377082,,MISSING_LIVE,ATR-ES,746,1776421620000
dist_comp_50d_vpoc_atr,,-18.43023835643762,,MISSING_LIVE,ATR-ES,746,1776421620000
dist_cur_vwap_vp_atr,,-2.8573651141916825,,MISSING_LIVE,ATR-ES,746,1776421620000
dist_ext_edge_buy_atr,,-0.009973072703700011,,MISSING_LIVE,ATR-ES,746,1776421620000
dist_ext_edge_sell_atr,,0.009973072703700011,,MISSING_LIVE,ATR-ES,746,1776421620000
dist_ext_long_dn_atr,,-0.06981150892590007,,MISSING_LIVE,ATR-ES,746,1776421620000
dist_ext_long_up_atr,,-0.4088959808517004,,MISSING_LIVE,ATR-ES,746,1776421620000
dist_open_cash_atr,,-0.8477111798145008,,MISSING_LIVE,ATR-ES,746,1776421620000
dist_ovn_high_atr,,0.06981150892590007,,MISSING_LIVE,ATR-ES,746,1776421620000
dist_ovn_low_atr,,-1.3862571058143014,,MISSING_LIVE,ATR-ES,746,1776421620000
dist_prev_vpoc_atr,,-1.2167148698514012,,MISSING_LIVE,ATR-ES,746,1776421620000
dist_prev_vwap_atr,,-1.1462999900269273,,MISSING_LIVE,ATR-ES,746,1776421620000
dist_vwap_w_atr,,-4.304803031814102,,MISSING_LIVE,ATR-ES,746,1776421620000
next_wall_dist_atr,,0.6382766530368007,,MISSING_LIVE,ATR-ES,746,1776421620000
open_gap_atr,,-0.36900369003690037,,MISSING_LIVE,ATR-ES,746,1776421620000
ovn_range_atr,,1.4560686147402016,,MISSING_LIVE,ATR-ES,746,1776421620000
poc_bar_dist_atr,,0.0,,MISSING_LIVE,ATR-ES,746,1776421620000
poc_separation_atr,,0.0,,MISSING_LIVE,ATR-ES,746,1776421620000
range_size_atr,,0.5485189987035005,,MISSING_LIVE,ATR-ES,746,1776421620000
sess_range_atr,,1.5657724144809015,,MISSING_LIVE,ATR-ES,746,1776421620000
swing_range_atr,,0.13962301785180015,,MISSING_LIVE,ATR-ES,746,1776421620000
dist_blind_nearest_dn_atr,-0.15358930886606165,,,LIVE_ONLY,ATR-ES,746,1776421620000
dist_gex_nearest_dn_atr,-0.6382766530368007,,,LIVE_ONLY,ATR-ES,746,1776421620000
dist_sess_low_atr,-1.3862571058143014,,,LIVE_ONLY,ATR-ES,746,1776421620000
dist_session_hvn_below_atr,0.02991921811110003,,,LIVE_ONLY,ATR-ES,746,1776421620000
dist_swing_low_atr,0.039892290814800044,,,LIVE_ONLY,ATR-ES,746,1776421620000
dist_vix_call_atr,0.06881420165553008,,,LIVE_ONLY,ATR-ES,746,1776421620000
dist_vix_gex_nearest_dn_atr,-0.0009973072703700011,,,LIVE_ONLY,ATR-ES,746,1776421620000
dist_vix_gex_nearest_up_atr,0.00897576543333001,,,LIVE_ONLY,ATR-ES,746,1776421620000
dist_vix_hvl_atr,0.03390844719258004,,,LIVE_ONLY,ATR-ES,746,1776421620000
dist_vix_put_atr,-0.010970379974070013,,,LIVE_ONLY,ATR-ES,746,1776421620000
dist_vwap_d_sd2d_atr,-1.2684890794853896,,,LIVE_ONLY,ATR-ES,746,1776421620000
dist_vwap_d_sd3d_atr,-1.5455729530268276,,,LIVE_ONLY,ATR-ES,746,1776421620000
im_cross_delta_agreement_5,0.8,0.8,0.0,MATCH,IM-ES,746,1776421620000
im_open_type_agreement,0.0,0.0,0.0,MATCH,IM-ES,746,1776421620000
im_rolling_correlation_10,0.973242,0.973242,1e-08,MATCH,IM-ES,746,1776421620000
im_cross_delta_weighted_5,,6.6,,MISSING_LIVE,IM-ES,746,1776421620000
im_cross_open_signal,,0.0,,MISSING_LIVE,IM-ES,746,1776421620000
im_delta_day_divergence,,0.0,,MISSING_LIVE,IM-ES,746,1776421620000
im_ltr_slope_diff,,-0.28271999999999997,,MISSING_LIVE,IM-ES,746,1776421620000
im_price_ratio_slope_10,,2.6409566029361392e-06,,MISSING_LIVE,IM-ES,746,1776421620000
im_smt_divergence,,0.0,,MISSING_LIVE,IM-ES,746,1776421620000
im_volume_lead,,-3.8000000000000003,,MISSING_LIVE,IM-ES,746,1776421620000
dist_1d_max_atr,-0.865518,-0.865518,0.0,MATCH,ATR-ES,1377,1776459480000
dist_1d_min_atr,-5.656833,-5.656833,0.0,MATCH,ATR-ES,1377,1776459480000
dist_comp_20d_vah_atr,-12.435573,-12.435573,0.0,MATCH,ATR-ES,1377,1776459480000
dist_comp_20d_val_atr,-30.381408,-30.381408,0.0,MATCH,ATR-ES,1377,1776459480000
dist_comp_20d_vwap_atr,-16.770738,-16.770738,0.0,MATCH,ATR-ES,1377,1776459480000
dist_comp_50d_vah_atr,-11.245432,-11.245432,0.0,MATCH,ATR-ES,1377,1776459480000
dist_comp_50d_val_atr,-24.327617,-24.327617,0.0,MATCH,ATR-ES,1377,1776459480000
dist_comp_50d_vwap_atr,-17.068933,-17.068933,0.0,MATCH,ATR-ES,1377,1776459480000
dist_cur_vah_atr,0.037485,0.037485,0.0,MATCH,ATR-ES,1377,1776459480000
dist_cur_val_atr,-0.281136,-0.281136,0.0,MATCH,ATR-ES,1377,1776459480000
dist_cur_vpoc_atr,-0.065598,-0.065598,0.0,MATCH,ATR-ES,1377,1776459480000
dist_gex_nearest_up_atr,1.349452,1.349452,0.0,MATCH,ATR-ES,1377,1776459480000
dist_mq_call_0dte_atr,-7.45947,-7.45947,0.0,MATCH,ATR-ES,1377,1776459480000
dist_mq_call_atr,-2.399025,-2.399025,0.0,MATCH,ATR-ES,1377,1776459480000
dist_mq_hvl_atr,-9.708556,-9.708556,0.0,MATCH,ATR-ES,1377,1776459480000
dist_mq_put_0dte_atr,-4.648112,-4.648112,0.0,MATCH,ATR-ES,1377,1776459480000
dist_mq_put_atr,-24.889888,-24.889888,0.0,MATCH,ATR-ES,1377,1776459480000
dist_open_830_atr,-2.867585,-2.867585,0.0,MATCH,ATR-ES,1377,1776459480000
dist_prev_vah_atr,-0.412332,-0.412332,0.0,MATCH,ATR-ES,1377,1776459480000
dist_prev_val_atr,-4.029613,-4.029613,0.0,MATCH,ATR-ES,1377,1776459480000
dist_prev_vwap_sd1d_atr,-3.016261,-3.016261,0.0,MATCH,ATR-ES,1377,1776459480000
dist_prev_vwap_sd1u_atr,-0.00205,-0.00205,0.0,MATCH,ATR-ES,1377,1776459480000
dist_sess_high_atr,0.815294,0.815294,0.0,MATCH,ATR-ES,1377,1776459480000
dist_session_hvn_above_atr,0.009371,0.009371,0.0,MATCH,ATR-ES,1377,1776459480000
dist_session_lvn_above_atr,0.149939,0.149939,0.0,MATCH,ATR-ES,1377,1776459480000
dist_session_lvn_below_atr,0.402961,0.402961,0.0,MATCH,ATR-ES,1377,1776459480000
dist_swing_high_atr,0.037485,0.037485,0.0,MATCH,ATR-ES,1377,1776459480000
dist_vwap_d_sd1d_atr,-1.058724,-1.058724,0.0,MATCH,ATR-ES,1377,1776459480000
dist_vwap_d_sd1u_atr,0.147725,0.147725,0.0,MATCH,ATR-ES,1377,1776459480000
dist_vwap_d_sd2u_atr,0.353927,0.353927,0.0,MATCH,ATR-ES,1377,1776459480000
dist_vwap_d_sd3u_atr,0.56013,0.56013,0.0,MATCH,ATR-ES,1377,1776459480000
dist_comp_20d_vpoc_atr,,-20.316746321806768,,MISSING_LIVE,ATR-ES,1377,1776459480000
dist_comp_50d_vpoc_atr,,-20.054352919126607,,MISSING_LIVE,ATR-ES,1377,1776459480000
dist_cur_vwap_vp_atr,,-0.23391247305782026,,MISSING_LIVE,ATR-ES,1377,1776459480000
dist_ext_edge_buy_atr,,-0.0187423859057258,,MISSING_LIVE,ATR-ES,1377,1776459480000
dist_ext_edge_sell_atr,,0.0093711929528629,,MISSING_LIVE,ATR-ES,1377,1776459480000
dist_ext_long_dn_atr,,0.0093711929528629,,MISSING_LIVE,ATR-ES,1377,1776459480000
dist_ext_long_up_atr,,0.0,,MISSING_LIVE,ATR-ES,1377,1776459480000
dist_open_cash_atr,,-3.5329397432293135,,MISSING_LIVE,ATR-ES,1377,1776459480000
dist_ovn_high_atr,,0.1030831224814919,,MISSING_LIVE,ATR-ES,1377,1776459480000
dist_ovn_low_atr,,-0.4873020335488708,,MISSING_LIVE,ATR-ES,1377,1776459480000
dist_prev_vpoc_atr,,-3.2330615687377007,,MISSING_LIVE,ATR-ES,1377,1776459480000
dist_prev_vwap_atr,,-1.5231112360603507,,MISSING_LIVE,ATR-ES,1377,1776459480000
dist_vwap_w_atr,,-5.322196607628151,,MISSING_LIVE,ATR-ES,1377,1776459480000
next_wall_dist_atr,,0.5247868053603224,,MISSING_LIVE,ATR-ES,1377,1776459480000
open_gap_atr,,0.2998781744916128,,MISSING_LIVE,ATR-ES,1377,1776459480000
ovn_range_atr,,0.5903851560303627,,MISSING_LIVE,ATR-ES,1377,1776459480000
poc_bar_dist_atr,,0.0,,MISSING_LIVE,ATR-ES,1377,1776459480000
poc_separation_atr,,0.0,,MISSING_LIVE,ATR-ES,1377,1776459480000
range_size_atr,,0.3186205603973386,,MISSING_LIVE,ATR-ES,1377,1776459480000
sess_range_atr,,4.854277949582982,,MISSING_LIVE,ATR-ES,1377,1776459480000
swing_range_atr,,0.1124543154343548,,MISSING_LIVE,ATR-ES,1377,1776459480000
dist_blind_nearest_dn_atr,-0.9873432667978633,,,LIVE_ONLY,ATR-ES,1377,1776459480000
dist_gex_nearest_dn_atr,-0.5247868053603224,,,LIVE_ONLY,ATR-ES,1377,1776459480000
dist_sess_low_atr,-4.03898416268391,,,LIVE_ONLY,ATR-ES,1377,1776459480000
dist_session_hvn_below_atr,0.0187423859057258,,,LIVE_ONLY,ATR-ES,1377,1776459480000
dist_swing_low_atr,-0.0749695436229032,,,LIVE_ONLY,ATR-ES,1377,1776459480000
dist_vix_call_atr,0.070471371005529,,,LIVE_ONLY,ATR-ES,1377,1776459480000
dist_vix_gex_nearest_dn_atr,-0.023240558523099992,,,LIVE_ONLY,ATR-ES,1377,1776459480000
dist_vix_gex_nearest_up_atr,0.000187423859057258,,,LIVE_ONLY,ATR-ES,1377,1776459480000
dist_vix_hvl_atr,0.037672195670508855,,,LIVE_ONLY,ATR-ES,1377,1776459480000
dist_vix_put_atr,-0.004498172617374192,,,LIVE_ONLY,ATR-ES,1377,1776459480000
dist_vwap_d_sd2d_atr,-0.470883703495455,,,LIVE_ONLY,ATR-ES,1377,1776459480000
dist_vwap_d_sd3d_atr,-0.6770874332302502,,,LIVE_ONLY,ATR-ES,1377,1776459480000
im_cross_delta_agreement_5,0.6,0.6,0.0,MATCH,IM-ES,1377,1776459480000
im_open_type_agreement,1.0,1.0,0.0,MATCH,IM-ES,1377,1776459480000
im_rolling_correlation_10,0.985439,0.985439,1e-08,MATCH,IM-ES,1377,1776459480000
im_cross_delta_weighted_5,,24.6,,MISSING_LIVE,IM-ES,1377,1776459480000
im_cross_open_signal,,0.85,,MISSING_LIVE,IM-ES,1377,1776459480000
im_delta_day_divergence,,-1.0,,MISSING_LIVE,IM-ES,1377,1776459480000
im_ltr_slope_diff,,-0.017500000000000016,,MISSING_LIVE,IM-ES,1377,1776459480000
im_price_ratio_slope_10,,1.585729455427955e-07,,MISSING_LIVE,IM-ES,1377,1776459480000
im_smt_divergence,,0.0,,MISSING_LIVE,IM-ES,1377,1776459480000
im_volume_lead,,-9.2,,MISSING_LIVE,IM-ES,1377,1776459480000
dist_1d_max_atr,0.458171,0.458171,0.0,MATCH,ATR-ES,933,1776432840000
dist_1d_min_atr,-4.45894,-4.45894,0.0,MATCH,ATR-ES,933,1776432840000
dist_blind_nearest_up_atr,0.333147,0.333147,0.0,MATCH,ATR-ES,933,1776432840000
dist_comp_20d_vah_atr,-12.127332,-12.127332,0.0,MATCH,ATR-ES,933,1776432840000
dist_comp_20d_val_atr,-29.774957,-29.774957,0.0,MATCH,ATR-ES,933,1776432840000
dist_comp_20d_vwap_atr,-16.750029,-16.750029,0.0,MATCH,ATR-ES,933,1776432840000
dist_comp_50d_vah_atr,-10.511637,-10.511637,0.0,MATCH,ATR-ES,933,1776432840000
dist_comp_50d_val_atr,-23.619927,-23.619927,0.0,MATCH,ATR-ES,933,1776432840000
dist_comp_50d_vwap_atr,-16.767704,-16.767704,0.0,MATCH,ATR-ES,933,1776432840000
dist_cur_vah_atr,-0.62512,-0.62512,0.0,MATCH,ATR-ES,933,1776432840000
dist_cur_val_atr,-2.788998,-2.788998,0.0,MATCH,ATR-ES,933,1776432840000
dist_cur_vpoc_atr,-1.971533,-1.971533,0.0,MATCH,ATR-ES,933,1776432840000
dist_gex_nearest_up_atr,0.807848,0.807848,0.0,MATCH,ATR-ES,933,1776432840000
dist_ib_high_atr,0.067321,0.067321,0.0,MATCH,ATR-ES,933,1776432840000
dist_ib_low_atr,-0.375072,-0.375072,0.0,MATCH,ATR-ES,933,1776432840000
dist_mq_call_0dte_atr,-6.308906,-6.308906,0.0,MATCH,ATR-ES,933,1776432840000
dist_mq_call_atr,-1.115599,-1.115599,0.0,MATCH,ATR-ES,933,1776432840000
dist_mq_hvl_atr,-8.617042,-8.617042,0.0,MATCH,ATR-ES,933,1776432840000
dist_mq_put_0dte_atr,-3.423735,-3.423735,0.0,MATCH,ATR-ES,933,1776432840000
dist_mq_put_atr,-24.196961,-24.196961,0.0,MATCH,ATR-ES,933,1776432840000
dist_open_830_atr,-1.596461,-1.596461,0.0,MATCH,ATR-ES,933,1776432840000
dist_prev_vah_atr,-2.067705,-2.067705,0.0,MATCH,ATR-ES,933,1776432840000
dist_prev_val_atr,-3.029429,-3.029429,0.0,MATCH,ATR-ES,933,1776432840000
dist_prev_vwap_sd1d_atr,-3.053829,-3.053829,0.0,MATCH,ATR-ES,933,1776432840000
dist_prev_vwap_sd1u_atr,-2.082431,-2.082431,0.0,MATCH,ATR-ES,933,1776432840000
dist_sess_high_atr,0.711675,0.711675,0.0,MATCH,ATR-ES,933,1776432840000
dist_session_lvn_above_atr,0.317369,0.317369,0.0,MATCH,ATR-ES,933,1776432840000
dist_session_lvn_below_atr,0.644355,0.644355,0.0,MATCH,ATR-ES,933,1776432840000
dist_swing_high_atr,0.711675,0.711675,0.0,MATCH,ATR-ES,933,1776432840000
dist_vwap_d_sd1d_atr,-9.856311,-9.856311,0.0,MATCH,ATR-ES,933,1776432840000
dist_vwap_d_sd1u_atr,-0.397838,-0.397838,0.0,MATCH,ATR-ES,933,1776432840000
dist_vwap_d_sd2u_atr,0.635264,0.635264,0.0,MATCH,ATR-ES,933,1776432840000
dist_vwap_d_sd3u_atr,1.668383,1.668383,0.0,MATCH,ATR-ES,933,1776432840000
dist_comp_20d_vpoc_atr,,-19.580688593960375,,MISSING_LIVE,ATR-ES,933,1776432840000
dist_comp_50d_vpoc_atr,,-19.234468166955182,,MISSING_LIVE,ATR-ES,933,1776432840000
dist_cur_vwap_vp_atr,,-5.723831506058857,,MISSING_LIVE,ATR-ES,933,1776432840000
dist_ext_edge_buy_atr,,-0.2404308520869398,,MISSING_LIVE,ATR-ES,933,1776432840000
dist_ext_edge_sell_atr,,-0.019234468166955183,,MISSING_LIVE,ATR-ES,933,1776432840000
dist_ext_long_dn_atr,,-0.03846893633391037,,MISSING_LIVE,ATR-ES,933,1776432840000
dist_ext_long_up_atr,,0.009617234083477592,,MISSING_LIVE,ATR-ES,933,1776432840000
dist_open_cash_atr,,-0.27889978842085017,,MISSING_LIVE,ATR-ES,933,1776432840000
dist_ovn_high_atr,,-1.3944989421042508,,MISSING_LIVE,ATR-ES,933,1776432840000
dist_ovn_low_atr,,-2.798615118291979,,MISSING_LIVE,ATR-ES,933,1776432840000
dist_prev_vpoc_atr,,-2.63512213887286,,MISSING_LIVE,ATR-ES,933,1776432840000
dist_prev_vwap_atr,,-2.5672196576264668,,MISSING_LIVE,ATR-ES,933,1776432840000
dist_vwap_w_atr,,-5.333394883631468,,MISSING_LIVE,ATR-ES,933,1776432840000
next_wall_dist_atr,,0.15387574533564147,,MISSING_LIVE,ATR-ES,933,1776432840000
open_gap_atr,,-2.35622235045201,,MISSING_LIVE,ATR-ES,933,1776432840000
ovn_range_atr,,1.4041161761877283,,MISSING_LIVE,ATR-ES,933,1776432840000
poc_bar_dist_atr,,0.028851702250432775,,MISSING_LIVE,ATR-ES,933,1776432840000
poc_separation_atr,,0.0,,MISSING_LIVE,ATR-ES,933,1776432840000
range_size_atr,,2.163877668782458,,MISSING_LIVE,ATR-ES,933,1776432840000
sess_range_atr,,3.510290440469321,,MISSING_LIVE,ATR-ES,933,1776432840000
swing_range_atr,,1.4714368147720716,,MISSING_LIVE,ATR-ES,933,1776432840000
dist_blind_nearest_dn_atr,-0.6932111944604732,,,LIVE_ONLY,ATR-ES,933,1776432840000
dist_gex_nearest_dn_atr,-0.15387574533564147,,,LIVE_ONLY,ATR-ES,933,1776432840000
dist_sess_low_atr,-2.798615118291979,,,LIVE_ONLY,ATR-ES,933,1776432840000
dist_session_hvn_below_atr,0.28851702250432776,,,LIVE_ONLY,ATR-ES,933,1776432840000
dist_swing_low_atr,-0.7597614925947297,,,LIVE_ONLY,ATR-ES,933,1776432840000
dist_vix_call_atr,0.07155222158107329,,,LIVE_ONLY,ATR-ES,933,1776432840000
dist_vix_gex_nearest_dn_atr,-0.0005770340450086555,,,LIVE_ONLY,ATR-ES,933,1776432840000
dist_vix_gex_nearest_up_atr,0.0042315829967301405,,,LIVE_ONLY,ATR-ES,933,1776432840000
dist_vix_hvl_atr,0.03789190228890171,,,LIVE_ONLY,ATR-ES,933,1776432840000
dist_vix_put_atr,-0.005385651086747452,,,LIVE_ONLY,ATR-ES,933,1776432840000
dist_vwap_d_sd2d_atr,-3.4971792652433162,,,LIVE_ONLY,ATR-ES,933,1776432840000
dist_vwap_d_sd3d_atr,-4.530299095979996,,,LIVE_ONLY,ATR-ES,933,1776432840000
im_cross_delta_agreement_5,0.2,0.2,0.0,MATCH,IM-ES,933,1776432840000
im_open_type_agreement,0.0,0.0,0.0,MATCH,IM-ES,933,1776432840000
im_rolling_correlation_10,0.481245,0.481245,0.0,MATCH,IM-ES,933,1776432840000
im_cross_delta_weighted_5,,54.2,,MISSING_LIVE,IM-ES,933,1776432840000
im_cross_open_signal,,0.0,,MISSING_LIVE,IM-ES,933,1776432840000
im_delta_day_divergence,,1.0,,MISSING_LIVE,IM-ES,933,1776432840000
im_ltr_slope_diff,,0.034570000000000004,,MISSING_LIVE,IM-ES,933,1776432840000
im_price_ratio_slope_10,,6.382345860075355e-05,,MISSING_LIVE,IM-ES,933,1776432840000
im_smt_divergence,,-1.0,,MISSING_LIVE,IM-ES,933,1776432840000
im_volume_lead,,-2774.2999999999997,,MISSING_LIVE,IM-ES,933,1776432840000
dist_1d_max_atr,-0.802506,-0.802506,0.0,MATCH,ATR-ES,996,1776436620000
dist_1d_min_atr,-5.666292,-5.666292,0.0,MATCH,ATR-ES,996,1776436620000
dist_comp_20d_vah_atr,-13.184932,-13.184932,0.0,MATCH,ATR-ES,996,1776436620000
dist_comp_20d_val_atr,-30.707763,-30.707763,0.0,MATCH,ATR-ES,996,1776436620000
dist_comp_20d_vwap_atr,-17.641594,-17.641594,0.0,MATCH,ATR-ES,996,1776436620000
dist_comp_50d_vah_atr,-11.586758,-11.586758,0.0,MATCH,ATR-ES,996,1776436620000
dist_comp_50d_val_atr,-24.619482,-24.619482,0.0,MATCH,ATR-ES,996,1776436620000
dist_comp_50d_vwap_atr,-17.695773,-17.695773,0.0,MATCH,ATR-ES,996,1776436620000
dist_cur_vah_atr,-1.160578,-1.160578,0.0,MATCH,ATR-ES,996,1776436620000
dist_cur_val_atr,-4.01446,-4.01446,0.0,MATCH,ATR-ES,996,1776436620000
dist_cur_vpoc_atr,-3.20586,-3.20586,0.0,MATCH,ATR-ES,996,1776436620000
dist_gex_nearest_up_atr,1.445967,1.445967,0.0,MATCH,ATR-ES,996,1776436620000
dist_ib_high_atr,-0.237823,-0.237823,0.0,MATCH,ATR-ES,996,1776436620000
dist_ib_low_atr,-1.712329,-1.712329,0.0,MATCH,ATR-ES,996,1776436620000
dist_mq_call_0dte_atr,-7.496195,-7.496195,0.0,MATCH,ATR-ES,996,1776436620000
dist_mq_call_atr,-2.359209,-2.359209,0.0,MATCH,ATR-ES,996,1776436620000
dist_mq_hvl_atr,-9.7793,-9.7793,0.0,MATCH,ATR-ES,996,1776436620000
dist_mq_put_0dte_atr,-4.642314,-4.642314,0.0,MATCH,ATR-ES,996,1776436620000
dist_mq_put_atr,-25.190259,-25.190259,0.0,MATCH,ATR-ES,996,1776436620000
dist_open_830_atr,-2.834855,-2.834855,0.0,MATCH,ATR-ES,996,1776436620000
dist_prev_vah_atr,-3.300989,-3.300989,0.0,MATCH,ATR-ES,996,1776436620000
dist_prev_val_atr,-4.252283,-4.252283,0.0,MATCH,ATR-ES,996,1776436620000
dist_prev_vwap_sd1d_atr,-4.276418,-4.276418,0.0,MATCH,ATR-ES,996,1776436620000
dist_prev_vwap_sd1u_atr,-3.315556,-3.315556,0.0,MATCH,ATR-ES,996,1776436620000
dist_sess_high_atr,0.057078,0.057078,0.0,MATCH,ATR-ES,996,1776436620000
dist_session_lvn_below_atr,0.114155,0.114155,0.0,MATCH,ATR-ES,996,1776436620000
dist_swing_high_atr,-0.275875,-0.275875,0.0,MATCH,ATR-ES,996,1776436620000
dist_vwap_d_sd1d_atr,-13.613607,-13.613607,0.0,MATCH,ATR-ES,996,1776436620000
dist_vwap_d_sd1u_atr,-0.831936,-0.831936,0.0,MATCH,ATR-ES,996,1776436620000
dist_vwap_d_sd2u_atr,0.453797,0.453797,0.0,MATCH,ATR-ES,996,1776436620000
dist_vwap_d_sd3u_atr,1.739511,1.739511,0.0,MATCH,ATR-ES,996,1776436620000
dist_comp_20d_vpoc_atr,,-20.624048706240487,,MISSING_LIVE,ATR-ES,996,1776436620000
dist_comp_50d_vpoc_atr,,-20.28158295281583,,MISSING_LIVE,ATR-ES,996,1776436620000
dist_cur_vwap_vp_atr,,-8.470677321156773,,MISSING_LIVE,ATR-ES,996,1776436620000
dist_ext_edge_buy_atr,,-0.009512937595129375,,MISSING_LIVE,ATR-ES,996,1776436620000
dist_ext_edge_sell_atr,,0.028538812785388126,,MISSING_LIVE,ATR-ES,996,1776436620000
dist_ext_long_dn_atr,,-1.036910197869102,,MISSING_LIVE,ATR-ES,996,1776436620000
dist_ext_long_up_atr,,-0.3519786910197869,,MISSING_LIVE,ATR-ES,996,1776436620000
dist_open_cash_atr,,-1.5315829528158296,,MISSING_LIVE,ATR-ES,996,1776436620000
dist_ovn_high_atr,,-2.635083713850837,,MISSING_LIVE,ATR-ES,996,1776436620000
dist_ovn_low_atr,,-4.023972602739726,,MISSING_LIVE,ATR-ES,996,1776436620000
dist_prev_vpoc_atr,,-3.8622526636225265,,MISSING_LIVE,ATR-ES,996,1776436620000
dist_prev_vwap_atr,,-3.7950865677321155,,MISSING_LIVE,ATR-ES,996,1776436620000
dist_vwap_w_atr,,-6.2168160197869105,,MISSING_LIVE,ATR-ES,996,1776436620000
next_wall_dist_atr,,0.45662100456621,,MISSING_LIVE,ATR-ES,996,1776436620000
open_gap_atr,,-2.330669710806697,,MISSING_LIVE,ATR-ES,996,1776436620000
ovn_range_atr,,1.3888888888888888,,MISSING_LIVE,ATR-ES,996,1776436620000
poc_bar_dist_atr,,0.0,,MISSING_LIVE,ATR-ES,996,1776436620000
poc_separation_atr,,0.0,,MISSING_LIVE,ATR-ES,996,1776436620000
range_size_atr,,2.853881278538813,,MISSING_LIVE,ATR-ES,996,1776436620000
sess_range_atr,,4.081050228310502,,MISSING_LIVE,ATR-ES,996,1776436620000
swing_range_atr,,0.3424657534246575,,MISSING_LIVE,ATR-ES,996,1776436620000
dist_blind_nearest_dn_atr,-0.9261738964992389,,,LIVE_ONLY,ATR-ES,996,1776436620000
dist_gex_nearest_dn_atr,-0.45662100456621,,,LIVE_ONLY,ATR-ES,996,1776436620000
dist_sess_low_atr,-4.023972602739726,,,LIVE_ONLY,ATR-ES,996,1776436620000
dist_session_hvn_below_atr,0.30441400304414,,,LIVE_ONLY,ATR-ES,996,1776436620000
dist_swing_low_atr,-0.6183409436834094,,,LIVE_ONLY,ATR-ES,996,1776436620000
dist_vix_call_atr,0.06953957382039573,,,LIVE_ONLY,ATR-ES,996,1776436620000
dist_vix_gex_nearest_dn_atr,-0.0018074581430745813,,,LIVE_ONLY,ATR-ES,996,1776436620000
dist_vix_gex_nearest_up_atr,0.0029490106544901064,,,LIVE_ONLY,ATR-ES,996,1776436620000
dist_vix_hvl_atr,0.036244292237442924,,,LIVE_ONLY,ATR-ES,996,1776436620000
dist_vix_put_atr,-0.006563926940639269,,,LIVE_ONLY,ATR-ES,996,1776436620000
dist_vwap_d_sd2d_atr,-4.689135273972602,,,LIVE_ONLY,ATR-ES,996,1776436620000
dist_vwap_d_sd3d_atr,-5.974849695585997,,,LIVE_ONLY,ATR-ES,996,1776436620000
im_cross_delta_agreement_5,0.8,0.8,0.0,MATCH,IM-ES,996,1776436620000
im_open_type_agreement,0.0,0.0,0.0,MATCH,IM-ES,996,1776436620000
im_rolling_correlation_10,0.986439,0.986439,0.0,MATCH,IM-ES,996,1776436620000
im_cross_delta_weighted_5,,190.6,,MISSING_LIVE,IM-ES,996,1776436620000
im_cross_open_signal,,0.0,,MISSING_LIVE,IM-ES,996,1776436620000
im_delta_day_divergence,,1.0,,MISSING_LIVE,IM-ES,996,1776436620000
im_ltr_slope_diff,,0.045780000000000015,,MISSING_LIVE,IM-ES,996,1776436620000
im_price_ratio_slope_10,,-1.659261736009751e-05,,MISSING_LIVE,IM-ES,996,1776436620000
im_smt_divergence,,0.0,,MISSING_LIVE,IM-ES,996,1776436620000
im_volume_lead,,-616.2,,MISSING_LIVE,IM-ES,996,1776436620000
dist_1d_max_atr,1.881326,1.881326,0.0,MATCH,ATR-ES,781,1776423720000
dist_1d_min_atr,-3.217718,-3.217718,0.0,MATCH,ATR-ES,781,1776423720000
dist_blind_nearest_up_atr,0.236159,0.236159,0.0,MATCH,ATR-ES,781,1776423720000
dist_comp_20d_vah_atr,-11.239653,-11.239653,0.0,MATCH,ATR-ES,781,1776423720000
dist_comp_20d_val_atr,-29.47043,-29.47043,0.0,MATCH,ATR-ES,781,1776423720000
dist_comp_20d_vwap_atr,-16.12829,-16.12829,0.0,MATCH,ATR-ES,781,1776423720000
dist_comp_50d_vah_atr,-9.554204,-9.554204,0.0,MATCH,ATR-ES,781,1776423720000
dist_comp_50d_val_atr,-23.087663,-23.087663,0.0,MATCH,ATR-ES,781,1776423720000
dist_comp_50d_vwap_atr,-16.11296,-16.11296,0.0,MATCH,ATR-ES,781,1776423720000
dist_cur_vah_atr,-0.568465,-0.568465,0.0,MATCH,ATR-ES,781,1776423720000
dist_cur_val_atr,-1.126957,-1.126957,0.0,MATCH,ATR-ES,781,1776423720000
dist_cur_vpoc_atr,-0.638277,-0.638277,0.0,MATCH,ATR-ES,781,1776423720000
dist_gex_nearest_up_atr,1.246634,1.246634,0.0,MATCH,ATR-ES,781,1776423720000
dist_mq_call_0dte_atr,-5.136132,-5.136132,0.0,MATCH,ATR-ES,781,1776423720000
dist_mq_call_atr,0.249327,0.249327,0.0,MATCH,ATR-ES,781,1776423720000
dist_mq_hvl_atr,-7.52967,-7.52967,0.0,MATCH,ATR-ES,781,1776423720000
dist_mq_put_0dte_atr,-2.144211,-2.144211,0.0,MATCH,ATR-ES,781,1776423720000
dist_mq_put_atr,-23.686048,-23.686048,0.0,MATCH,ATR-ES,781,1776423720000
dist_open_830_atr,-0.249327,-0.249327,0.0,MATCH,ATR-ES,781,1776423720000
dist_prev_vah_atr,-0.738007,-0.738007,0.0,MATCH,ATR-ES,781,1776423720000
dist_prev_val_atr,-1.735315,-1.735315,0.0,MATCH,ATR-ES,781,1776423720000
dist_prev_vwap_sd1d_atr,-1.760617,-1.760617,0.0,MATCH,ATR-ES,781,1776423720000
dist_prev_vwap_sd1u_atr,-0.753278,-0.753278,0.0,MATCH,ATR-ES,781,1776423720000
dist_sess_high_atr,0.069812,0.069812,0.0,MATCH,ATR-ES,781,1776423720000
dist_session_lvn_above_atr,0.019946,0.019946,0.0,MATCH,ATR-ES,781,1776423720000
dist_session_lvn_below_atr,0.219408,0.219408,0.0,MATCH,ATR-ES,781,1776423720000
dist_swing_high_atr,0.069812,0.069812,0.0,MATCH,ATR-ES,781,1776423720000
dist_vwap_d_sd1d_atr,-4.408098,-4.408098,0.0,MATCH,ATR-ES,781,1776423720000
dist_vwap_d_sd1u_atr,-0.529391,-0.529391,0.0,MATCH,ATR-ES,781,1776423720000
dist_vwap_d_sd2u_atr,-0.243074,-0.243074,0.0,MATCH,ATR-ES,781,1776423720000
dist_vwap_d_sd3u_atr,0.043223,0.043223,0.0,MATCH,ATR-ES,781,1776423720000
dist_comp_20d_vpoc_atr,,-18.89897277351152,,MISSING_LIVE,ATR-ES,781,1776423720000
dist_comp_50d_vpoc_atr,,-18.53994215617832,,MISSING_LIVE,ATR-ES,781,1776423720000
dist_cur_vwap_vp_atr,,-3.2628303580333102,,MISSING_LIVE,ATR-ES,781,1776423720000
dist_ext_edge_buy_atr,,0.019946145407400022,,MISSING_LIVE,ATR-ES,781,1776423720000
dist_ext_edge_sell_atr,,-0.019946145407400022,,MISSING_LIVE,ATR-ES,781,1776423720000
dist_ext_long_dn_atr,,-0.17951530866660018,,MISSING_LIVE,ATR-ES,781,1776423720000
dist_ext_long_up_atr,,-0.5185997805924005,,MISSING_LIVE,ATR-ES,781,1776423720000
dist_open_cash_atr,,-0.9574149795552009,,MISSING_LIVE,ATR-ES,781,1776423720000
dist_ovn_high_atr,,-0.039892290814800044,,MISSING_LIVE,ATR-ES,781,1776423720000
dist_ovn_low_atr,,-1.4959609055550016,,MISSING_LIVE,ATR-ES,781,1776423720000
dist_prev_vpoc_atr,,-1.3264186695921014,,MISSING_LIVE,ATR-ES,781,1776423720000
dist_prev_vwap_atr,,-1.2560037897676275,,MISSING_LIVE,ATR-ES,781,1776423720000
dist_vwap_w_atr,,-4.409636980153585,,MISSING_LIVE,ATR-ES,781,1776423720000
next_wall_dist_atr,,0.7479804527775008,,MISSING_LIVE,ATR-ES,781,1776423720000
open_gap_atr,,-0.36900369003690037,,MISSING_LIVE,ATR-ES,781,1776423720000
ovn_range_atr,,1.4560686147402016,,MISSING_LIVE,ATR-ES,781,1776423720000
poc_bar_dist_atr,,0.0,,MISSING_LIVE,ATR-ES,781,1776423720000
poc_separation_atr,,0.0,,MISSING_LIVE,ATR-ES,781,1776423720000
range_size_atr,,0.5584920714072006,,MISSING_LIVE,ATR-ES,781,1776423720000
sess_range_atr,,1.5657724144809015,,MISSING_LIVE,ATR-ES,781,1776423720000
swing_range_atr,,0.2991921811110003,,MISSING_LIVE,ATR-ES,781,1776423720000
dist_blind_nearest_dn_atr,-0.26329310860676175,,,LIVE_ONLY,ATR-ES,781,1776423720000
dist_gex_nearest_dn_atr,-0.7479804527775008,,,LIVE_ONLY,ATR-ES,781,1776423720000
dist_sess_low_atr,-1.4959609055550016,,,LIVE_ONLY,ATR-ES,781,1776423720000
dist_session_hvn_below_atr,0.0997307270370001,,,LIVE_ONLY,ATR-ES,781,1776423720000
dist_swing_low_atr,-0.22938067218510025,,,LIVE_ONLY,ATR-ES,781,1776423720000
dist_vix_call_atr,0.06971177819886308,,,LIVE_ONLY,ATR-ES,781,1776423720000
dist_vix_gex_nearest_dn_atr,-9.973072703700011e-05,,,LIVE_ONLY,ATR-ES,781,1776423720000
dist_vix_gex_nearest_up_atr,0.00987334197666301,,,LIVE_ONLY,ATR-ES,781,1776423720000
dist_vix_hvl_atr,0.03480602373591304,,,LIVE_ONLY,ATR-ES,781,1776423720000
dist_vix_put_atr,-0.01007280343073701,,,LIVE_ONLY,ATR-ES,781,1776423720000
dist_vwap_d_sd2d_atr,-1.3883414780093748,,,LIVE_ONLY,ATR-ES,781,1776423720000
dist_vwap_d_sd3d_atr,-1.674638476114491,,,LIVE_ONLY,ATR-ES,781,1776423720000
im_cross_delta_agreement_5,0.6,0.6,0.0,MATCH,IM-ES,781,1776423720000
im_open_type_agreement,0.0,0.0,0.0,MATCH,IM-ES,781,1776423720000
im_rolling_correlation_10,0.955805,0.955805,0.0,MATCH,IM-ES,781,1776423720000
im_cross_delta_weighted_5,,22.6,,MISSING_LIVE,IM-ES,781,1776423720000
im_cross_open_signal,,0.0,,MISSING_LIVE,IM-ES,781,1776423720000
im_delta_day_divergence,,0.0,,MISSING_LIVE,IM-ES,781,1776423720000
im_ltr_slope_diff,,0.13970000000000002,,MISSING_LIVE,IM-ES,781,1776423720000
im_price_ratio_slope_10,,-1.0226412497708093e-06,,MISSING_LIVE,IM-ES,781,1776423720000
im_smt_divergence,,0.0,,MISSING_LIVE,IM-ES,781,1776423720000
im_volume_lead,,3.3999999999999995,,MISSING_LIVE,IM-ES,781,1776423720000
dist_1d_max_atr,0.410085,0.410085,0.0,MATCH,ATR-ES,938,1776433139000
dist_1d_min_atr,-4.507026,-4.507026,0.0,MATCH,ATR-ES,938,1776433139000
dist_blind_nearest_up_atr,0.285061,0.285061,0.0,MATCH,ATR-ES,938,1776433139000
dist_comp_20d_vah_atr,-12.165801,-12.165801,0.0,MATCH,ATR-ES,938,1776433139000
dist_comp_20d_val_atr,-29.823043,-29.823043,0.0,MATCH,ATR-ES,938,1776433139000
dist_comp_20d_vwap_atr,-16.780777,-16.780777,0.0,MATCH,ATR-ES,938,1776433139000
dist_comp_50d_vah_atr,-10.550106,-10.550106,0.0,MATCH,ATR-ES,938,1776433139000
dist_comp_50d_val_atr,-23.668013,-23.668013,0.0,MATCH,ATR-ES,938,1776433139000
dist_comp_50d_vwap_atr,-16.801966,-16.801966,0.0,MATCH,ATR-ES,938,1776433139000
dist_cur_vah_atr,-0.45201,-0.45201,0.0,MATCH,ATR-ES,938,1776433139000
dist_cur_val_atr,-2.837084,-2.837084,0.0,MATCH,ATR-ES,938,1776433139000
dist_cur_vpoc_atr,-2.019619,-2.019619,0.0,MATCH,ATR-ES,938,1776433139000
dist_gex_nearest_up_atr,0.759761,0.759761,0.0,MATCH,ATR-ES,938,1776433139000
dist_ib_high_atr,0.201962,0.201962,0.0,MATCH,ATR-ES,938,1776433139000
dist_ib_low_atr,-0.423158,-0.423158,0.0,MATCH,ATR-ES,938,1776433139000
dist_mq_call_0dte_atr,-6.356992,-6.356992,0.0,MATCH,ATR-ES,938,1776433139000
dist_mq_call_atr,-1.163685,-1.163685,0.0,MATCH,ATR-ES,938,1776433139000
dist_mq_hvl_atr,-8.665128,-8.665128,0.0,MATCH,ATR-ES,938,1776433139000
dist_mq_put_0dte_atr,-3.471822,-3.471822,0.0,MATCH,ATR-ES,938,1776433139000
dist_mq_put_atr,-24.245047,-24.245047,0.0,MATCH,ATR-ES,938,1776433139000
dist_open_830_atr,-1.644547,-1.644547,0.0,MATCH,ATR-ES,938,1776433139000
dist_prev_vah_atr,-2.115791,-2.115791,0.0,MATCH,ATR-ES,938,1776433139000
dist_prev_val_atr,-3.077515,-3.077515,0.0,MATCH,ATR-ES,938,1776433139000
dist_prev_vwap_sd1d_atr,-3.101915,-3.101915,0.0,MATCH,ATR-ES,938,1776433139000
dist_prev_vwap_sd1u_atr,-2.130517,-2.130517,0.0,MATCH,ATR-ES,938,1776433139000
dist_sess_high_atr,0.663589,0.663589,0.0,MATCH,ATR-ES,938,1776433139000
dist_session_hvn_above_atr,0.076938,0.076938,0.0,MATCH,ATR-ES,938,1776433139000
dist_session_lvn_above_atr,0.269283,0.269283,0.0,MATCH,ATR-ES,938,1776433139000
dist_session_lvn_below_atr,0.442393,0.442393,0.0,MATCH,ATR-ES,938,1776433139000
dist_swing_high_atr,0.663589,0.663589,0.0,MATCH,ATR-ES,938,1776433139000
dist_vwap_d_sd1d_atr,-9.888321,-9.888321,0.0,MATCH,ATR-ES,938,1776433139000
dist_vwap_d_sd1u_atr,-0.371728,-0.371728,0.0,MATCH,ATR-ES,938,1776433139000
dist_vwap_d_sd2u_atr,0.678466,0.678466,0.0,MATCH,ATR-ES,938,1776433139000
dist_vwap_d_sd3u_atr,1.728641,1.728641,0.0,MATCH,ATR-ES,938,1776433139000
dist_comp_20d_vpoc_atr,,-19.628774764377763,,MISSING_LIVE,ATR-ES,938,1776433139000
dist_comp_50d_vpoc_atr,,-19.28255433737257,,MISSING_LIVE,ATR-ES,938,1776433139000
dist_cur_vwap_vp_atr,,-5.687616849394114,,MISSING_LIVE,ATR-ES,938,1776433139000
dist_ext_edge_buy_atr,,-0.28851702250432776,,MISSING_LIVE,ATR-ES,938,1776433139000
dist_ext_edge_sell_atr,,0.06732063858434315,,MISSING_LIVE,ATR-ES,938,1776433139000
dist_ext_long_dn_atr,,0.048086170417387955,,MISSING_LIVE,ATR-ES,938,1776433139000
dist_ext_long_up_atr,,-0.019234468166955183,,MISSING_LIVE,ATR-ES,938,1776433139000
dist_open_cash_atr,,-0.3269859588382381,,MISSING_LIVE,ATR-ES,938,1776433139000
dist_ovn_high_atr,,-1.4425851125216387,,MISSING_LIVE,ATR-ES,938,1776433139000
dist_ovn_low_atr,,-2.846701288709367,,MISSING_LIVE,ATR-ES,938,1776433139000
dist_prev_vpoc_atr,,-2.683208309290248,,MISSING_LIVE,ATR-ES,938,1776433139000
dist_prev_vwap_atr,,-2.6153058280438546,,MISSING_LIVE,ATR-ES,938,1776433139000
dist_vwap_w_atr,,-5.351765724177726,,MISSING_LIVE,ATR-ES,938,1776433139000
next_wall_dist_atr,,0.2019619157530294,,MISSING_LIVE,ATR-ES,938,1776433139000
open_gap_atr,,-2.35622235045201,,MISSING_LIVE,ATR-ES,938,1776433139000
ovn_range_atr,,1.4041161761877283,,MISSING_LIVE,ATR-ES,938,1776433139000
poc_bar_dist_atr,,0.07693787266782073,,MISSING_LIVE,ATR-ES,938,1776433139000
poc_separation_atr,,0.0,,MISSING_LIVE,ATR-ES,938,1776433139000
range_size_atr,,2.3850740527024428,,MISSING_LIVE,ATR-ES,938,1776433139000
sess_range_atr,,3.510290440469321,,MISSING_LIVE,ATR-ES,938,1776433139000
swing_range_atr,,1.0963646855164455,,MISSING_LIVE,ATR-ES,938,1776433139000
dist_blind_nearest_dn_atr,-0.7412973648778611,,,LIVE_ONLY,ATR-ES,938,1776433139000
dist_gex_nearest_dn_atr,-0.2019619157530294,,,LIVE_ONLY,ATR-ES,938,1776433139000
dist_sess_low_atr,-2.846701288709367,,,LIVE_ONLY,ATR-ES,938,1776433139000
dist_swing_low_atr,-0.43277553375649164,,,LIVE_ONLY,ATR-ES,938,1776433139000
dist_vix_call_atr,0.07059049817272552,,,LIVE_ONLY,ATR-ES,938,1776433139000
dist_vix_gex_nearest_dn_atr,-0.0015387574533564147,,,LIVE_ONLY,ATR-ES,938,1776433139000
dist_vix_gex_nearest_up_atr,0.0032698595883823814,,,LIVE_ONLY,ATR-ES,938,1776433139000
dist_vix_hvl_atr,0.03693017888055395,,,LIVE_ONLY,ATR-ES,938,1776433139000
dist_vix_put_atr,-0.006347374495095211,,,LIVE_ONLY,ATR-ES,938,1776433139000
dist_vwap_d_sd2d_atr,-3.5222744758607423,,,LIVE_ONLY,ATR-ES,938,1776433139000
dist_vwap_d_sd3d_atr,-4.57245047124447,,,LIVE_ONLY,ATR-ES,938,1776433139000
im_cross_delta_agreement_5,0.6,0.6,0.0,MATCH,IM-ES,938,1776433139000
im_open_type_agreement,0.0,0.0,0.0,MATCH,IM-ES,938,1776433139000
im_rolling_correlation_10,0.591115,0.591115,0.0,MATCH,IM-ES,938,1776433139000
im_cross_delta_weighted_5,,65.0,,MISSING_LIVE,IM-ES,938,1776433139000
im_cross_open_signal,,0.0,,MISSING_LIVE,IM-ES,938,1776433139000
im_delta_day_divergence,,1.0,,MISSING_LIVE,IM-ES,938,1776433139000
im_ltr_slope_diff,,-0.0007500000000000007,,MISSING_LIVE,IM-ES,938,1776433139000
im_price_ratio_slope_10,,9.12380192479839e-06,,MISSING_LIVE,IM-ES,938,1776433139000
im_smt_divergence,,1.0,,MISSING_LIVE,IM-ES,938,1776433139000
im_volume_lead,,-396.9,,MISSING_LIVE,IM-ES,938,1776433139000
dist_1d_max_atr,1.82058,1.82058,0.0,MATCH,ATR-ES,803,1776425039000
dist_1d_min_atr,-3.275923,-3.275923,0.0,MATCH,ATR-ES,803,1776425039000
dist_blind_nearest_up_atr,0.176233,0.176233,0.0,MATCH,ATR-ES,803,1776425039000
dist_comp_20d_vah_atr,-11.29386,-11.29386,0.0,MATCH,ATR-ES,803,1776425039000
dist_comp_20d_val_atr,-29.51555,-29.51555,0.0,MATCH,ATR-ES,803,1776425039000
dist_comp_20d_vwap_atr,-16.177899,-16.177899,0.0,MATCH,ATR-ES,803,1776425039000
dist_comp_50d_vah_atr,-9.599282,-9.599282,0.0,MATCH,ATR-ES,803,1776425039000
dist_comp_50d_val_atr,-23.135965,-23.135965,0.0,MATCH,ATR-ES,803,1776425039000
dist_comp_50d_vwap_atr,-16.163024,-16.163024,0.0,MATCH,ATR-ES,803,1776425039000
dist_cur_vah_atr,-0.62799,-0.62799,0.0,MATCH,ATR-ES,803,1776425039000
dist_cur_val_atr,-1.186204,-1.186204,0.0,MATCH,ATR-ES,803,1776425039000
dist_cur_vpoc_atr,-0.697767,-0.697767,0.0,MATCH,ATR-ES,803,1776425039000
dist_gex_nearest_up_atr,1.186204,1.186204,0.0,MATCH,ATR-ES,803,1776425039000
dist_mq_call_0dte_atr,-5.193381,-5.193381,0.0,MATCH,ATR-ES,803,1776425039000
dist_mq_call_atr,0.189394,0.189394,0.0,MATCH,ATR-ES,803,1776425039000
dist_mq_hvl_atr,-7.585726,-7.585726,0.0,MATCH,ATR-ES,803,1776425039000
dist_mq_put_0dte_atr,-2.202951,-2.202951,0.0,MATCH,ATR-ES,803,1776425039000
dist_mq_put_atr,-23.734051,-23.734051,0.0,MATCH,ATR-ES,803,1776425039000
dist_open_830_atr,-0.309011,-0.309011,0.0,MATCH,ATR-ES,803,1776425039000
dist_prev_vah_atr,-0.797448,-0.797448,0.0,MATCH,ATR-ES,803,1776425039000
dist_prev_val_atr,-1.794258,-1.794258,0.0,MATCH,ATR-ES,803,1776425039000
dist_prev_vwap_sd1d_atr,-1.819548,-1.819548,0.0,MATCH,ATR-ES,803,1776425039000
dist_prev_vwap_sd1u_atr,-0.812711,-0.812711,0.0,MATCH,ATR-ES,803,1776425039000
dist_sess_high_atr,0.039872,0.039872,0.0,MATCH,ATR-ES,803,1776425039000
dist_session_lvn_above_atr,0.029904,0.029904,0.0,MATCH,ATR-ES,803,1776425039000
dist_session_lvn_below_atr,0.009968,0.009968,0.0,MATCH,ATR-ES,803,1776425039000
dist_swing_high_atr,0.009968,0.009968,0.0,MATCH,ATR-ES,803,1776425039000
dist_vwap_d_sd1d_atr,-4.651364,-4.651364,0.0,MATCH,ATR-ES,803,1776425039000
dist_vwap_d_sd1u_atr,-0.574529,-0.574529,0.0,MATCH,ATR-ES,803,1776425039000
dist_vwap_d_sd2u_atr,-0.280392,-0.280392,0.0,MATCH,ATR-ES,803,1776425039000
dist_vwap_d_sd3u_atr,0.013765,0.013765,0.0,MATCH,ATR-ES,803,1776425039000
dist_comp_20d_vpoc_atr,,-18.949362041467307,,MISSING_LIVE,ATR-ES,803,1776425039000
dist_comp_50d_vpoc_atr,,-18.59051036682616,,MISSING_LIVE,ATR-ES,803,1776425039000
dist_cur_vwap_vp_atr,,-3.47481658692185,,MISSING_LIVE,ATR-ES,803,1776425039000
dist_ext_edge_buy_atr,,0.029904306220095697,,MISSING_LIVE,ATR-ES,803,1776425039000
dist_ext_edge_sell_atr,,0.0,,MISSING_LIVE,ATR-ES,803,1776425039000
dist_ext_long_dn_atr,,-0.23923444976076558,,MISSING_LIVE,ATR-ES,803,1776425039000
dist_ext_long_up_atr,,-0.5781499202551834,,MISSING_LIVE,ATR-ES,803,1776425039000
dist_open_cash_atr,,-1.0167464114832536,,MISSING_LIVE,ATR-ES,803,1776425039000
dist_ovn_high_atr,,-0.09968102073365231,,MISSING_LIVE,ATR-ES,803,1776425039000
dist_ovn_low_atr,,-1.555023923444976,,MISSING_LIVE,ATR-ES,803,1776425039000
dist_prev_vpoc_atr,,-1.3855661881977672,,MISSING_LIVE,ATR-ES,803,1776425039000
dist_prev_vwap_atr,,-1.3151864035087721,,MISSING_LIVE,ATR-ES,803,1776425039000
dist_vwap_w_atr,,-4.463977272727273,,MISSING_LIVE,ATR-ES,803,1776425039000
next_wall_dist_atr,,0.8074162679425838,,MISSING_LIVE,ATR-ES,803,1776425039000
open_gap_atr,,-0.3688197767145136,,MISSING_LIVE,ATR-ES,803,1776425039000
ovn_range_atr,,1.4553429027113238,,MISSING_LIVE,ATR-ES,803,1776425039000
poc_bar_dist_atr,,0.0,,MISSING_LIVE,ATR-ES,803,1776425039000
poc_separation_atr,,0.0,,MISSING_LIVE,ATR-ES,803,1776425039000
range_size_atr,,0.5582137161084529,,MISSING_LIVE,ATR-ES,803,1776425039000
sess_range_atr,,1.594896331738437,,MISSING_LIVE,ATR-ES,803,1776425039000
swing_range_atr,,0.29904306220095694,,MISSING_LIVE,ATR-ES,803,1776425039000
dist_blind_nearest_dn_atr,-0.32297049441786285,,,LIVE_ONLY,ATR-ES,803,1776425039000
dist_gex_nearest_dn_atr,-0.8074162679425838,,,LIVE_ONLY,ATR-ES,803,1776425039000
dist_sess_low_atr,-1.555023923444976,,,LIVE_ONLY,ATR-ES,803,1776425039000
dist_session_hvn_below_atr,0.10964912280701755,,,LIVE_ONLY,ATR-ES,803,1776425039000
dist_swing_low_atr,-0.2890749601275917,,,LIVE_ONLY,ATR-ES,803,1776425039000
dist_vix_call_atr,0.0706738437001595,,,LIVE_ONLY,ATR-ES,803,1776425039000
dist_vix_gex_nearest_dn_atr,-0.004086921850079745,,,LIVE_ONLY,ATR-ES,803,1776425039000
dist_vix_gex_nearest_up_atr,0.0008971291866028708,,,LIVE_ONLY,ATR-ES,803,1776425039000
dist_vix_hvl_atr,0.035785486443381184,,,LIVE_ONLY,ATR-ES,803,1776425039000
dist_vix_put_atr,-0.009070972886762362,,,LIVE_ONLY,ATR-ES,803,1776425039000
dist_vwap_d_sd2d_atr,-1.456978668261563,,,LIVE_ONLY,ATR-ES,803,1776425039000
dist_vwap_d_sd3d_atr,-1.7511343700159492,,,LIVE_ONLY,ATR-ES,803,1776425039000
im_cross_delta_agreement_5,0.6,0.6,0.0,MATCH,IM-ES,803,1776425039000
im_open_type_agreement,0.0,0.0,0.0,MATCH,IM-ES,803,1776425039000
im_rolling_correlation_10,0.980248,0.980248,0.0,MATCH,IM-ES,803,1776425039000
im_cross_delta_weighted_5,,8.0,,MISSING_LIVE,IM-ES,803,1776425039000
im_cross_open_signal,,0.0,,MISSING_LIVE,IM-ES,803,1776425039000
im_delta_day_divergence,,0.0,,MISSING_LIVE,IM-ES,803,1776425039000
im_ltr_slope_diff,,0.33227,,MISSING_LIVE,IM-ES,803,1776425039000
im_price_ratio_slope_10,,-3.563108627954473e-06,,MISSING_LIVE,IM-ES,803,1776425039000
im_smt_divergence,,0.0,,MISSING_LIVE,IM-ES,803,1776425039000
im_volume_lead,,-19.7,,MISSING_LIVE,IM-ES,803,1776425039000
dist_1d_max_atr,-1.284229,-1.284229,0.0,MATCH,ATR-ES,1089,1776442199000
dist_1d_min_atr,-6.099459,-6.099459,0.0,MATCH,ATR-ES,1089,1776442199000
dist_comp_20d_vah_atr,-13.477114,-13.477114,0.0,MATCH,ATR-ES,1089,1776442199000
dist_comp_20d_val_atr,-30.89094,-30.89094,0.0,MATCH,ATR-ES,1089,1776442199000
dist_comp_20d_vwap_atr,-17.775406,-17.775406,0.0,MATCH,ATR-ES,1089,1776442199000
dist_comp_50d_vah_atr,-11.885477,-11.885477,0.0,MATCH,ATR-ES,1089,1776442199000
dist_comp_50d_val_atr,-24.863439,-24.863439,0.0,MATCH,ATR-ES,1089,1776442199000
dist_comp_50d_vwap_atr,-17.864601,-17.864601,0.0,MATCH,ATR-ES,1089,1776442199000
dist_cur_vah_atr,-0.932379,-0.932379,0.0,MATCH,ATR-ES,1089,1776442199000
dist_cur_val_atr,-4.464118,-4.464118,0.0,MATCH,ATR-ES,1089,1776442199000
dist_cur_vpoc_atr,-3.66359,-3.66359,0.0,MATCH,ATR-ES,1089,1776442199000
dist_gex_nearest_up_atr,0.941797,0.941797,0.0,MATCH,ATR-ES,1089,1776442199000
dist_ib_high_atr,-0.725184,-0.725184,0.0,MATCH,ATR-ES,1089,1776442199000
dist_ib_low_atr,-2.184969,-2.184969,0.0,MATCH,ATR-ES,1089,1776442199000
dist_mq_call_0dte_atr,-7.911094,-7.911094,0.0,MATCH,ATR-ES,1089,1776442199000
dist_mq_call_atr,-2.825391,-2.825391,0.0,MATCH,ATR-ES,1089,1776442199000
dist_mq_hvl_atr,-10.171407,-10.171407,0.0,MATCH,ATR-ES,1089,1776442199000
dist_mq_put_0dte_atr,-5.085704,-5.085704,0.0,MATCH,ATR-ES,1089,1776442199000
dist_mq_put_atr,-25.428518,-25.428518,0.0,MATCH,ATR-ES,1089,1776442199000
dist_open_830_atr,-3.296289,-3.296289,0.0,MATCH,ATR-ES,1089,1776442199000
dist_prev_vah_atr,-3.75777,-3.75777,0.0,MATCH,ATR-ES,1089,1776442199000
dist_prev_val_atr,-4.699567,-4.699567,0.0,MATCH,ATR-ES,1089,1776442199000
dist_prev_vwap_sd1d_atr,-4.723461,-4.723461,0.0,MATCH,ATR-ES,1089,1776442199000
dist_prev_vwap_sd1u_atr,-3.772191,-3.772191,0.0,MATCH,ATR-ES,1089,1776442199000
dist_sess_high_atr,0.122434,0.122434,0.0,MATCH,ATR-ES,1089,1776442199000
dist_session_lvn_above_atr,0.018836,0.018836,0.0,MATCH,ATR-ES,1089,1776442199000
dist_session_lvn_below_atr,0.574496,0.574496,0.0,MATCH,ATR-ES,1089,1776442199000
dist_swing_high_atr,0.0,0.0,0.0,MATCH,ATR-ES,1089,1776442199000
dist_vwap_d_sd1d_atr,-14.1686,-14.1686,0.0,MATCH,ATR-ES,1089,1776442199000
dist_vwap_d_sd1u_atr,-0.608158,-0.608158,0.0,MATCH,ATR-ES,1089,1776442199000
dist_vwap_d_sd2u_atr,0.858838,0.858838,0.0,MATCH,ATR-ES,1089,1776442199000
dist_vwap_d_sd3u_atr,2.325833,2.325833,0.0,MATCH,ATR-ES,1089,1776442199000
dist_comp_20d_vpoc_atr,,-20.907892258429083,,MISSING_LIVE,ATR-ES,1089,1776442199000
dist_comp_50d_vpoc_atr,,-20.568845356941043,,MISSING_LIVE,ATR-ES,1089,1776442199000
dist_cur_vwap_vp_atr,,-8.300689395366359,,MISSING_LIVE,ATR-ES,1089,1776442199000
dist_ext_edge_buy_atr,,-0.028253908457336597,,MISSING_LIVE,ATR-ES,1089,1776442199000
dist_ext_edge_sell_atr,,0.009417969485778865,,MISSING_LIVE,ATR-ES,1089,1776442199000
dist_ext_long_dn_atr,,-0.12243360331512525,,MISSING_LIVE,ATR-ES,1089,1776442199000
dist_ext_long_up_atr,,-0.26370314560180824,,MISSING_LIVE,ATR-ES,1089,1776442199000
dist_open_cash_atr,,-2.0060275004708985,,MISSING_LIVE,ATR-ES,1089,1776442199000
dist_ovn_high_atr,,-3.098511960821247,,MISSING_LIVE,ATR-ES,1089,1776442199000
dist_ovn_low_atr,,-4.4735355057449615,,MISSING_LIVE,ATR-ES,1089,1776442199000
dist_prev_vpoc_atr,,-4.3134300244867205,,MISSING_LIVE,ATR-ES,1089,1776442199000
dist_prev_vwap_atr,,-4.246934450932379,,MISSING_LIVE,ATR-ES,1089,1776442199000
dist_vwap_w_atr,,-6.32716519118478,,MISSING_LIVE,ATR-ES,1089,1776442199000
next_wall_dist_atr,,0.9417969485778865,,MISSING_LIVE,ATR-ES,1089,1776442199000
open_gap_atr,,-2.307402524015822,,MISSING_LIVE,ATR-ES,1089,1776442199000
ovn_range_atr,,1.3750235449237143,,MISSING_LIVE,ATR-ES,1089,1776442199000
poc_bar_dist_atr,,0.0,,MISSING_LIVE,ATR-ES,1089,1776442199000
poc_separation_atr,,0.0,,MISSING_LIVE,ATR-ES,1089,1776442199000
range_size_atr,,3.5317385571670745,,MISSING_LIVE,ATR-ES,1089,1776442199000
sess_range_atr,,4.5959691090600865,,MISSING_LIVE,ATR-ES,1089,1776442199000
swing_range_atr,,0.31079299303070257,,MISSING_LIVE,ATR-ES,1089,1776442199000
dist_blind_nearest_dn_atr,-1.4066622716142398,,,LIVE_ONLY,ATR-ES,1089,1776442199000
dist_gex_nearest_dn_atr,-0.9417969485778865,,,LIVE_ONLY,ATR-ES,1089,1776442199000
dist_sess_low_atr,-4.4735355057449615,,,LIVE_ONLY,ATR-ES,1089,1776442199000
dist_session_hvn_below_atr,0.009417969485778865,,,LIVE_ONLY,ATR-ES,1089,1776442199000
dist_swing_low_atr,-0.31079299303070257,,,LIVE_ONLY,ATR-ES,1089,1776442199000
dist_vix_call_atr,0.07129402900734601,,,LIVE_ONLY,ATR-ES,1089,1776442199000
dist_vix_gex_nearest_dn_atr,-0.022885665850442643,,,LIVE_ONLY,ATR-ES,1089,1776442199000
dist_vix_gex_nearest_up_atr,0.0006592578640045206,,,LIVE_ONLY,ATR-ES,1089,1776442199000
dist_vix_hvl_atr,0.038331135807119984,,,LIVE_ONLY,ATR-ES,1089,1776442199000
dist_vix_put_atr,-0.004049726878884912,,,LIVE_ONLY,ATR-ES,1089,1776442199000
dist_vwap_d_sd2d_atr,-5.009145790167639,,,LIVE_ONLY,ATR-ES,1089,1776442199000
dist_vwap_d_sd3d_atr,-6.476141457901676,,,LIVE_ONLY,ATR-ES,1089,1776442199000
im_cross_delta_agreement_5,0.8,0.8,0.0,MATCH,IM-ES,1089,1776442199000
im_open_type_agreement,0.0,0.0,0.0,MATCH,IM-ES,1089,1776442199000
im_rolling_correlation_10,0.863677,0.863677,0.0,MATCH,IM-ES,1089,1776442199000
im_cross_delta_weighted_5,,144.8,,MISSING_LIVE,IM-ES,1089,1776442199000
im_cross_open_signal,,0.0,,MISSING_LIVE,IM-ES,1089,1776442199000
im_delta_day_divergence,,1.0,,MISSING_LIVE,IM-ES,1089,1776442199000
im_ltr_slope_diff,,0.056819999999999954,,MISSING_LIVE,IM-ES,1089,1776442199000
im_price_ratio_slope_10,,-2.479545554245125e-05,,MISSING_LIVE,IM-ES,1089,1776442199000
im_smt_divergence,,0.0,,MISSING_LIVE,IM-ES,1089,1776442199000
im_volume_lead,,152.3,,MISSING_LIVE,IM-ES,1089,1776442199000
dist_1d_max_atr,-0.472339,-0.472339,0.0,MATCH,ATR-ES,984,1776435900000
dist_1d_min_atr,-5.364982,-5.364982,0.0,MATCH,ATR-ES,984,1776435900000
dist_comp_20d_vah_atr,-12.937799,-12.937799,0.0,MATCH,ATR-ES,984,1776435900000
dist_comp_20d_val_atr,-30.555024,-30.555024,0.0,MATCH,ATR-ES,984,1776435900000
dist_comp_20d_vwap_atr,-17.440453,-17.440453,0.0,MATCH,ATR-ES,984,1776435900000
dist_comp_50d_vah_atr,-11.330144,-11.330144,0.0,MATCH,ATR-ES,984,1776435900000
dist_comp_50d_val_atr,-24.430622,-24.430622,0.0,MATCH,ATR-ES,984,1776435900000
dist_comp_50d_vwap_atr,-17.489122,-17.489122,0.0,MATCH,ATR-ES,984,1776435900000
dist_cur_vah_atr,-0.899522,-0.899522,0.0,MATCH,ATR-ES,984,1776435900000
dist_cur_val_atr,-3.703349,-3.703349,0.0,MATCH,ATR-ES,984,1776435900000
dist_cur_vpoc_atr,-2.889952,-2.889952,0.0,MATCH,ATR-ES,984,1776435900000
dist_gex_nearest_up_atr,1.789474,1.789474,0.0,MATCH,ATR-ES,984,1776435900000
dist_ib_high_atr,0.057416,0.057416,0.0,MATCH,ATR-ES,984,1776435900000
dist_ib_low_atr,-1.38756,-1.38756,0.0,MATCH,ATR-ES,984,1776435900000
dist_mq_call_0dte_atr,-7.205742,-7.205742,0.0,MATCH,ATR-ES,984,1776435900000
dist_mq_call_atr,-2.038278,-2.038278,0.0,MATCH,ATR-ES,984,1776435900000
dist_mq_hvl_atr,-9.502392,-9.502392,0.0,MATCH,ATR-ES,984,1776435900000
dist_mq_put_0dte_atr,-4.334928,-4.334928,0.0,MATCH,ATR-ES,984,1776435900000
dist_mq_put_atr,-25.004785,-25.004785,0.0,MATCH,ATR-ES,984,1776435900000
dist_open_830_atr,-2.516746,-2.516746,0.0,MATCH,ATR-ES,984,1776435900000
dist_prev_vah_atr,-2.985646,-2.985646,0.0,MATCH,ATR-ES,984,1776435900000
dist_prev_val_atr,-3.942584,-3.942584,0.0,MATCH,ATR-ES,984,1776435900000
dist_prev_vwap_sd1d_atr,-3.966862,-3.966862,0.0,MATCH,ATR-ES,984,1776435900000
dist_prev_vwap_sd1u_atr,-3.000299,-3.000299,0.0,MATCH,ATR-ES,984,1776435900000
dist_sess_high_atr,0.057416,0.057416,0.0,MATCH,ATR-ES,984,1776435900000
dist_session_hvn_above_atr,0.009569,0.009569,0.0,MATCH,ATR-ES,984,1776435900000
dist_session_lvn_above_atr,0.047847,0.047847,0.0,MATCH,ATR-ES,984,1776435900000
dist_session_lvn_below_atr,0.210526,0.210526,0.0,MATCH,ATR-ES,984,1776435900000
dist_swing_high_atr,0.057416,0.057416,0.0,MATCH,ATR-ES,984,1776435900000
dist_vwap_d_sd1d_atr,-12.544034,-12.544034,0.0,MATCH,ATR-ES,984,1776435900000
dist_vwap_d_sd1u_atr,-0.635746,-0.635746,0.0,MATCH,ATR-ES,984,1776435900000
dist_vwap_d_sd2u_atr,0.614366,0.614366,0.0,MATCH,ATR-ES,984,1776435900000
dist_vwap_d_sd3u_atr,1.864496,1.864496,0.0,MATCH,ATR-ES,984,1776435900000
dist_comp_20d_vpoc_atr,,-20.411483253588518,,MISSING_LIVE,ATR-ES,984,1776435900000
dist_comp_50d_vpoc_atr,,-20.066985645933013,,MISSING_LIVE,ATR-ES,984,1776435900000
dist_cur_vwap_vp_atr,,-7.543586602870813,,MISSING_LIVE,ATR-ES,984,1776435900000
dist_ext_edge_buy_atr,,0.009569377990430622,,MISSING_LIVE,ATR-ES,984,1776435900000
dist_ext_edge_sell_atr,,0.009569377990430622,,MISSING_LIVE,ATR-ES,984,1776435900000
dist_ext_long_dn_atr,,-0.7081339712918661,,MISSING_LIVE,ATR-ES,984,1776435900000
dist_ext_long_up_atr,,-0.18181818181818182,,MISSING_LIVE,ATR-ES,984,1776435900000
dist_open_cash_atr,,-1.2057416267942584,,MISSING_LIVE,ATR-ES,984,1776435900000
dist_ovn_high_atr,,-2.3157894736842106,,MISSING_LIVE,ATR-ES,984,1776435900000
dist_ovn_low_atr,,-3.712918660287081,,MISSING_LIVE,ATR-ES,984,1776435900000
dist_prev_vpoc_atr,,-3.550239234449761,,MISSING_LIVE,ATR-ES,984,1776435900000
dist_prev_vwap_atr,,-3.4826746411483254,,MISSING_LIVE,ATR-ES,984,1776435900000
dist_vwap_w_atr,,-5.9701894736842105,,MISSING_LIVE,ATR-ES,984,1776435900000
next_wall_dist_atr,,0.12440191387559808,,MISSING_LIVE,ATR-ES,984,1776435900000
open_gap_atr,,-2.3444976076555024,,MISSING_LIVE,ATR-ES,984,1776435900000
ovn_range_atr,,1.3971291866028708,,MISSING_LIVE,ATR-ES,984,1776435900000
poc_bar_dist_atr,,0.009569377990430622,,MISSING_LIVE,ATR-ES,984,1776435900000
poc_separation_atr,,0.0,,MISSING_LIVE,ATR-ES,984,1776435900000
range_size_atr,,2.8038277511961724,,MISSING_LIVE,ATR-ES,984,1776435900000
sess_range_atr,,3.770334928229665,,MISSING_LIVE,ATR-ES,984,1776435900000
swing_range_atr,,1.444976076555024,,MISSING_LIVE,ATR-ES,984,1776435900000
dist_blind_nearest_dn_atr,-0.5967406698564593,,,LIVE_ONLY,ATR-ES,984,1776435900000
dist_gex_nearest_dn_atr,-0.12440191387559808,,,LIVE_ONLY,ATR-ES,984,1776435900000
dist_sess_low_atr,-3.712918660287081,,,LIVE_ONLY,ATR-ES,984,1776435900000
dist_session_hvn_below_atr,0.009569377990430622,,,LIVE_ONLY,ATR-ES,984,1776435900000
dist_swing_low_atr,-1.38755980861244,,,LIVE_ONLY,ATR-ES,984,1776435900000
dist_vix_call_atr,0.07033492822966507,,,LIVE_ONLY,ATR-ES,984,1776435900000
dist_vix_gex_nearest_dn_atr,-0.0014354066985645933,,,LIVE_ONLY,ATR-ES,984,1776435900000
dist_vix_gex_nearest_up_atr,0.0033492822966507173,,,LIVE_ONLY,ATR-ES,984,1776435900000
dist_vix_hvl_atr,0.0368421052631579,,,LIVE_ONLY,ATR-ES,984,1776435900000
dist_vix_put_atr,-0.006220095693779904,,,LIVE_ONLY,ATR-ES,984,1776435900000
dist_vwap_d_sd2d_atr,-4.386120574162679,,,LIVE_ONLY,ATR-ES,984,1776435900000
dist_vwap_d_sd3d_atr,-5.636251674641148,,,LIVE_ONLY,ATR-ES,984,1776435900000
im_cross_delta_agreement_5,0.4,0.4,0.0,MATCH,IM-ES,984,1776435900000
im_open_type_agreement,0.0,0.0,0.0,MATCH,IM-ES,984,1776435900000
im_rolling_correlation_10,0.005432,0.005432,0.0,MATCH,IM-ES,984,1776435900000
im_cross_delta_weighted_5,,16.2,,MISSING_LIVE,IM-ES,984,1776435900000
im_cross_open_signal,,0.0,,MISSING_LIVE,IM-ES,984,1776435900000
im_delta_day_divergence,,1.0,,MISSING_LIVE,IM-ES,984,1776435900000
im_ltr_slope_diff,,0.033229999999999996,,MISSING_LIVE,IM-ES,984,1776435900000
im_price_ratio_slope_10,,3.43027516615645e-05,,MISSING_LIVE,IM-ES,984,1776435900000
im_smt_divergence,,0.0,,MISSING_LIVE,IM-ES,984,1776435900000
im_volume_lead,,-120.09999999999997,,MISSING_LIVE,IM-ES,984,1776435900000
dist_1d_max_atr,-0.715579,-0.715579,0.0,MATCH,ATR-ES,1164,1776446700000
dist_1d_min_atr,-5.506893,-5.506893,0.0,MATCH,ATR-ES,1164,1776446700000
dist_comp_20d_vah_atr,-12.557399,-12.557399,0.0,MATCH,ATR-ES,1164,1776446700000
dist_comp_20d_val_atr,-30.231468,-30.231468,0.0,MATCH,ATR-ES,1164,1776446700000
dist_comp_20d_vwap_atr,-16.88678,-16.88678,0.0,MATCH,ATR-ES,1164,1776446700000
dist_comp_50d_vah_atr,-11.217318,-11.217318,0.0,MATCH,ATR-ES,1164,1776446700000
dist_comp_50d_val_atr,-24.177678,-24.177678,0.0,MATCH,ATR-ES,1164,1776446700000
dist_comp_50d_vwap_atr,-17.125123,-17.125123,0.0,MATCH,ATR-ES,1164,1776446700000
dist_cur_vah_atr,0.637241,0.637241,0.0,MATCH,ATR-ES,1164,1776446700000
dist_cur_val_atr,-0.037485,-0.037485,0.0,MATCH,ATR-ES,1164,1776446700000
dist_cur_vpoc_atr,0.449817,0.449817,0.0,MATCH,ATR-ES,1164,1776446700000
dist_gex_nearest_up_atr,1.499391,1.499391,0.0,MATCH,ATR-ES,1164,1776446700000
dist_ib_high_atr,-0.15931,-0.15931,0.0,MATCH,ATR-ES,1164,1776446700000
dist_ib_low_atr,-1.611845,-1.611845,0.0,MATCH,ATR-ES,1164,1776446700000
dist_mq_call_0dte_atr,-7.309531,-7.309531,0.0,MATCH,ATR-ES,1164,1776446700000
dist_mq_call_atr,-2.249086,-2.249086,0.0,MATCH,ATR-ES,1164,1776446700000
dist_mq_hvl_atr,-9.558617,-9.558617,0.0,MATCH,ATR-ES,1164,1776446700000
dist_mq_put_0dte_atr,-4.498173,-4.498173,0.0,MATCH,ATR-ES,1164,1776446700000
dist_mq_put_atr,-24.739949,-24.739949,0.0,MATCH,ATR-ES,1164,1776446700000
dist_open_830_atr,-2.717646,-2.717646,0.0,MATCH,ATR-ES,1164,1776446700000
dist_prev_vah_atr,-0.262393,-0.262393,0.0,MATCH,ATR-ES,1164,1776446700000
dist_prev_val_atr,-3.879674,-3.879674,0.0,MATCH,ATR-ES,1164,1776446700000
dist_prev_vwap_sd1d_atr,-2.866322,-2.866322,0.0,MATCH,ATR-ES,1164,1776446700000
dist_prev_vwap_sd1u_atr,0.147889,0.147889,0.0,MATCH,ATR-ES,1164,1776446700000
dist_sess_high_atr,0.965233,0.965233,0.0,MATCH,ATR-ES,1164,1776446700000
dist_session_hvn_above_atr,0.131197,0.131197,0.0,MATCH,ATR-ES,1164,1776446700000
dist_session_lvn_above_atr,0.046856,0.046856,0.0,MATCH,ATR-ES,1164,1776446700000
dist_session_lvn_below_atr,0.121826,0.121826,0.0,MATCH,ATR-ES,1164,1776446700000
dist_swing_high_atr,0.965233,0.965233,0.0,MATCH,ATR-ES,1164,1776446700000
dist_vwap_d_sd1d_atr,0.366136,0.366136,0.0,MATCH,ATR-ES,1164,1776446700000
dist_vwap_d_sd1u_atr,0.674085,0.674085,0.0,MATCH,ATR-ES,1164,1776446700000
dist_vwap_d_sd2u_atr,0.965361,0.965361,0.0,MATCH,ATR-ES,1164,1776446700000
dist_vwap_d_sd3u_atr,1.256619,1.256619,0.0,MATCH,ATR-ES,1164,1776446700000
dist_comp_20d_vpoc_atr,,-20.16680723456096,,MISSING_LIVE,ATR-ES,1164,1776446700000
dist_comp_50d_vpoc_atr,,-19.9044138318808,,MISSING_LIVE,ATR-ES,1164,1776446700000
dist_cur_vwap_vp_atr,,1.5312379345890734,,MISSING_LIVE,ATR-ES,1164,1776446700000
dist_ext_edge_buy_atr,,-0.093711929528629,,MISSING_LIVE,ATR-ES,1164,1776446700000
dist_ext_edge_sell_atr,,-0.0187423859057258,,MISSING_LIVE,ATR-ES,1164,1776446700000
dist_ext_long_dn_atr,,0.2717645956330241,,MISSING_LIVE,ATR-ES,1164,1776446700000
dist_ext_long_up_atr,,0.1030831224814919,,MISSING_LIVE,ATR-ES,1164,1776446700000
dist_open_cash_atr,,-1.4337925217880236,,MISSING_LIVE,ATR-ES,1164,1776446700000
dist_ovn_high_atr,,-2.52085090432012,,MISSING_LIVE,ATR-ES,1164,1776446700000
dist_ovn_low_atr,,-3.8890450754381036,,MISSING_LIVE,ATR-ES,1164,1776446700000
dist_prev_vpoc_atr,,-3.0831224814918943,,MISSING_LIVE,ATR-ES,1164,1776446700000
dist_prev_vwap_atr,,-1.3731721488145443,,MISSING_LIVE,ATR-ES,1164,1776446700000
dist_vwap_w_atr,,-5.5480760940867775,,MISSING_LIVE,ATR-ES,1164,1776446700000
next_wall_dist_atr,,0.374847718114516,,MISSING_LIVE,ATR-ES,1164,1776446700000
open_gap_atr,,-1.6493299597038704,,MISSING_LIVE,ATR-ES,1164,1776446700000
ovn_range_atr,,1.3681941711179835,,MISSING_LIVE,ATR-ES,1164,1776446700000
poc_bar_dist_atr,,0.0562271577171774,,MISSING_LIVE,ATR-ES,1164,1776446700000
poc_separation_atr,,0.4029612969731047,,MISSING_LIVE,ATR-ES,1164,1776446700000
range_size_atr,,0.6747258926061288,,MISSING_LIVE,ATR-ES,1164,1776446700000
sess_range_atr,,4.854277949582982,,MISSING_LIVE,ATR-ES,1164,1776446700000
swing_range_atr,,0.6278699278418143,,MISSING_LIVE,ATR-ES,1164,1776446700000
dist_blind_nearest_dn_atr,-0.8374041795520569,,,LIVE_ONLY,ATR-ES,1164,1776446700000
dist_gex_nearest_dn_atr,-0.374847718114516,,,LIVE_ONLY,ATR-ES,1164,1776446700000
dist_sess_low_atr,-3.8890450754381036,,,LIVE_ONLY,ATR-ES,1164,1776446700000
dist_swing_low_atr,0.3373629463030644,,,LIVE_ONLY,ATR-ES,1164,1776446700000
dist_vix_call_atr,0.07019023521694312,,,LIVE_ONLY,ATR-ES,1164,1776446700000
dist_vix_gex_nearest_dn_atr,-9.3711929528629e-05,,,LIVE_ONLY,ATR-ES,1164,1776446700000
dist_vix_gex_nearest_up_atr,0.004591884546902821,,,LIVE_ONLY,ATR-ES,1164,1776446700000
dist_vix_hvl_atr,0.037391059881922976,,,LIVE_ONLY,ATR-ES,1164,1776446700000
dist_vix_put_atr,-0.004779308405960079,,,LIVE_ONLY,ATR-ES,1164,1776446700000
dist_vwap_d_sd2d_atr,-0.19974229219379627,,,LIVE_ONLY,ATR-ES,1164,1776446700000
dist_vwap_d_sd3d_atr,-0.4909989691687752,,,LIVE_ONLY,ATR-ES,1164,1776446700000
im_cross_delta_agreement_5,1.0,1.0,0.0,MATCH,IM-ES,1164,1776446700000
im_open_type_agreement,1.0,1.0,0.0,MATCH,IM-ES,1164,1776446700000
im_rolling_correlation_10,0.997141,0.997141,0.0,MATCH,IM-ES,1164,1776446700000
im_cross_delta_weighted_5,,317.4,,MISSING_LIVE,IM-ES,1164,1776446700000
im_cross_open_signal,,0.85,,MISSING_LIVE,IM-ES,1164,1776446700000
im_delta_day_divergence,,0.0,,MISSING_LIVE,IM-ES,1164,1776446700000
im_ltr_slope_diff,,0.03413000000000003,,MISSING_LIVE,IM-ES,1164,1776446700000
im_price_ratio_slope_10,,1.4094379011188949e-05,,MISSING_LIVE,IM-ES,1164,1776446700000
im_smt_divergence,,0.0,,MISSING_LIVE,IM-ES,1164,1776446700000
im_volume_lead,,940.8000000000001,,MISSING_LIVE,IM-ES,1164,1776446700000
dist_1d_max_atr,-0.753063,-0.753063,0.0,MATCH,ATR-ES,1350,1776457860000
dist_1d_min_atr,-5.544378,-5.544378,0.0,MATCH,ATR-ES,1350,1776457860000
dist_comp_20d_vah_atr,-12.33249,-12.33249,0.0,MATCH,ATR-ES,1350,1776457860000
dist_comp_20d_val_atr,-30.268953,-30.268953,0.0,MATCH,ATR-ES,1350,1776457860000
dist_comp_20d_vwap_atr,-16.663281,-16.663281,0.0,MATCH,ATR-ES,1350,1776457860000
dist_comp_50d_vah_atr,-11.132977,-11.132977,0.0,MATCH,ATR-ES,1350,1776457860000
dist_comp_50d_val_atr,-24.215163,-24.215163,0.0,MATCH,ATR-ES,1350,1776457860000
dist_comp_50d_vwap_atr,-16.960377,-16.960377,0.0,MATCH,ATR-ES,1350,1776457860000
dist_cur_vah_atr,0.149939,0.149939,0.0,MATCH,ATR-ES,1350,1776457860000
dist_cur_val_atr,-0.178053,-0.178053,0.0,MATCH,ATR-ES,1350,1776457860000
dist_cur_vpoc_atr,0.018742,0.018742,0.0,MATCH,ATR-ES,1350,1776457860000
dist_gex_nearest_up_atr,1.461906,1.461906,0.0,MATCH,ATR-ES,1350,1776457860000
dist_mq_call_0dte_atr,-7.347015,-7.347015,0.0,MATCH,ATR-ES,1350,1776457860000
dist_mq_call_atr,-2.286571,-2.286571,0.0,MATCH,ATR-ES,1350,1776457860000
dist_mq_hvl_atr,-9.596102,-9.596102,0.0,MATCH,ATR-ES,1350,1776457860000
dist_mq_put_0dte_atr,-4.535657,-4.535657,0.0,MATCH,ATR-ES,1350,1776457860000
dist_mq_put_atr,-24.777434,-24.777434,0.0,MATCH,ATR-ES,1350,1776457860000
dist_open_830_atr,-2.755131,-2.755131,0.0,MATCH,ATR-ES,1350,1776457860000
dist_prev_vah_atr,-0.299878,-0.299878,0.0,MATCH,ATR-ES,1350,1776457860000
dist_prev_val_atr,-3.917159,-3.917159,0.0,MATCH,ATR-ES,1350,1776457860000
dist_prev_vwap_sd1d_atr,-2.903807,-2.903807,0.0,MATCH,ATR-ES,1350,1776457860000
dist_prev_vwap_sd1u_atr,0.110404,0.110404,0.0,MATCH,ATR-ES,1350,1776457860000
dist_sess_high_atr,0.927748,0.927748,0.0,MATCH,ATR-ES,1350,1776457860000
dist_session_hvn_above_atr,0.028114,0.028114,0.0,MATCH,ATR-ES,1350,1776457860000
dist_session_lvn_above_atr,0.262393,0.262393,0.0,MATCH,ATR-ES,1350,1776457860000
dist_session_lvn_below_atr,0.290507,0.290507,0.0,MATCH,ATR-ES,1350,1776457860000
dist_swing_high_atr,0.196795,0.196795,0.0,MATCH,ATR-ES,1350,1776457860000
dist_vwap_d_sd1d_atr,-0.617033,-0.617033,0.0,MATCH,ATR-ES,1350,1776457860000
dist_vwap_d_sd1u_atr,0.261259,0.261259,0.0,MATCH,ATR-ES,1350,1776457860000
dist_vwap_d_sd2u_atr,0.468999,0.468999,0.0,MATCH,ATR-ES,1350,1776457860000
dist_vwap_d_sd3u_atr,0.676758,0.676758,0.0,MATCH,ATR-ES,1350,1776457860000
dist_comp_20d_vpoc_atr,,-20.204292006372413,,MISSING_LIVE,ATR-ES,1350,1776457860000
dist_comp_50d_vpoc_atr,,-19.941898603692252,,MISSING_LIVE,ATR-ES,1350,1776457860000
dist_cur_vwap_vp_atr,,0.21400056227157718,,MISSING_LIVE,ATR-ES,1350,1776457860000
dist_ext_edge_buy_atr,,0.0093711929528629,,MISSING_LIVE,ATR-ES,1350,1776457860000
dist_ext_edge_sell_atr,,0.0655983506700403,,MISSING_LIVE,ATR-ES,1350,1776457860000
dist_ext_long_dn_atr,,-0.0374847718114516,,MISSING_LIVE,ATR-ES,1350,1776457860000
dist_ext_long_up_atr,,0.0655983506700403,,MISSING_LIVE,ATR-ES,1350,1776457860000
dist_open_cash_atr,,-3.4204854277949583,,MISSING_LIVE,ATR-ES,1350,1776457860000
dist_ovn_high_atr,,0.2155374379158467,,MISSING_LIVE,ATR-ES,1350,1776457860000
dist_ovn_low_atr,,-0.374847718114516,,MISSING_LIVE,ATR-ES,1350,1776457860000
dist_prev_vpoc_atr,,-3.1206072533033455,,MISSING_LIVE,ATR-ES,1350,1776457860000
dist_prev_vwap_atr,,-1.4106569206259958,,MISSING_LIVE,ATR-ES,1350,1776457860000
dist_vwap_w_atr,,-5.216514853340831,,MISSING_LIVE,ATR-ES,1350,1776457860000
next_wall_dist_atr,,0.4123324899259676,,MISSING_LIVE,ATR-ES,1350,1776457860000
open_gap_atr,,0.2998781744916128,,MISSING_LIVE,ATR-ES,1350,1776457860000
ovn_range_atr,,0.5903851560303627,,MISSING_LIVE,ATR-ES,1350,1776457860000
poc_bar_dist_atr,,0.0093711929528629,,MISSING_LIVE,ATR-ES,1350,1776457860000
poc_separation_atr,,0.0,,MISSING_LIVE,ATR-ES,1350,1776457860000
range_size_atr,,0.3279917533502015,,MISSING_LIVE,ATR-ES,1350,1776457860000
sess_range_atr,,4.854277949582982,,MISSING_LIVE,ATR-ES,1350,1776457860000
swing_range_atr,,0.2530222097272983,,MISSING_LIVE,ATR-ES,1350,1776457860000
dist_blind_nearest_dn_atr,-0.8748889513635085,,,LIVE_ONLY,ATR-ES,1350,1776457860000
dist_gex_nearest_dn_atr,-0.4123324899259676,,,LIVE_ONLY,ATR-ES,1350,1776457860000
dist_sess_low_atr,-3.926529847249555,,,LIVE_ONLY,ATR-ES,1350,1776457860000
dist_session_hvn_below_atr,0.0093711929528629,,,LIVE_ONLY,ATR-ES,1350,1776457860000
dist_swing_low_atr,-0.0562271577171774,,,LIVE_ONLY,ATR-ES,1350,1776457860000
dist_vix_call_atr,0.070471371005529,,,LIVE_ONLY,ATR-ES,1350,1776457860000
dist_vix_gex_nearest_dn_atr,-0.023240558523099992,,,LIVE_ONLY,ATR-ES,1350,1776457860000
dist_vix_gex_nearest_up_atr,0.000187423859057258,,,LIVE_ONLY,ATR-ES,1350,1776457860000
dist_vix_hvl_atr,0.037672195670508855,,,LIVE_ONLY,ATR-ES,1350,1776457860000
dist_vix_put_atr,-0.004498172617374192,,,LIVE_ONLY,ATR-ES,1350,1776457860000
dist_vwap_d_sd2d_atr,-0.36199887545684567,,,LIVE_ONLY,ATR-ES,1350,1776457860000
dist_vwap_d_sd3d_atr,-0.5697572861025209,,,LIVE_ONLY,ATR-ES,1350,1776457860000
im_cross_delta_agreement_5,0.6,0.6,0.0,MATCH,IM-ES,1350,1776457860000
im_open_type_agreement,1.0,1.0,0.0,MATCH,IM-ES,1350,1776457860000
im_rolling_correlation_10,0.852469,0.852469,2e-08,MATCH,IM-ES,1350,1776457860000
im_cross_delta_weighted_5,,12.0,,MISSING_LIVE,IM-ES,1350,1776457860000
im_cross_open_signal,,0.85,,MISSING_LIVE,IM-ES,1350,1776457860000
im_delta_day_divergence,,-1.0,,MISSING_LIVE,IM-ES,1350,1776457860000
im_ltr_slope_diff,,-0.013360000000000016,,MISSING_LIVE,IM-ES,1350,1776457860000
im_price_ratio_slope_10,,2.7032825713163736e-06,,MISSING_LIVE,IM-ES,1350,1776457860000
im_smt_divergence,,0.0,,MISSING_LIVE,IM-ES,1350,1776457860000
im_volume_lead,,-49.5,,MISSING_LIVE,IM-ES,1350,1776457860000
dist_1d_max_atr,-1.173756,-1.173756,0.0,MATCH,ATR-ES,1073,1776441239000
dist_1d_min_atr,-5.999439,-5.999439,0.0,MATCH,ATR-ES,1073,1776441239000
dist_comp_20d_vah_atr,-13.402548,-13.402548,0.0,MATCH,ATR-ES,1073,1776441239000
dist_comp_20d_val_atr,-30.844738,-30.844738,0.0,MATCH,ATR-ES,1073,1776441239000
dist_comp_20d_vwap_atr,-17.723425,-17.723425,0.0,MATCH,ATR-ES,1073,1776441239000
dist_comp_50d_vah_atr,-11.807456,-11.807456,0.0,MATCH,ATR-ES,1073,1776441239000
dist_comp_50d_val_atr,-24.804153,-24.804153,0.0,MATCH,ATR-ES,1073,1776441239000
dist_comp_50d_vwap_atr,-17.808352,-17.808352,0.0,MATCH,ATR-ES,1073,1776441239000
dist_cur_vah_atr,-0.924965,-0.924965,0.0,MATCH,ATR-ES,1073,1776441239000
dist_cur_val_atr,-4.360547,-4.360547,0.0,MATCH,ATR-ES,1073,1776441239000
dist_cur_vpoc_atr,-3.558282,-3.558282,0.0,MATCH,ATR-ES,1073,1776441239000
dist_gex_nearest_up_atr,1.057102,1.057102,0.0,MATCH,ATR-ES,1073,1776441239000
dist_ib_high_atr,-0.613497,-0.613497,0.0,MATCH,ATR-ES,1073,1776441239000
dist_ib_low_atr,-2.076451,-2.076451,0.0,MATCH,ATR-ES,1073,1776441239000
dist_mq_call_0dte_atr,-7.815007,-7.815007,0.0,MATCH,ATR-ES,1073,1776441239000
dist_mq_call_atr,-2.718263,-2.718263,0.0,MATCH,ATR-ES,1073,1776441239000
dist_mq_hvl_atr,-10.080227,-10.080227,0.0,MATCH,ATR-ES,1073,1776441239000
dist_mq_put_0dte_atr,-4.983483,-4.983483,0.0,MATCH,ATR-ES,1073,1776441239000
dist_mq_put_atr,-25.370458,-25.370458,0.0,MATCH,ATR-ES,1073,1776441239000
dist_open_830_atr,-3.190184,-3.190184,0.0,MATCH,ATR-ES,1073,1776441239000
dist_prev_vah_atr,-3.652666,-3.652666,0.0,MATCH,ATR-ES,1073,1776441239000
dist_prev_val_atr,-4.596508,-4.596508,0.0,MATCH,ATR-ES,1073,1776441239000
dist_prev_vwap_sd1d_atr,-4.620454,-4.620454,0.0,MATCH,ATR-ES,1073,1776441239000
dist_prev_vwap_sd1u_atr,-3.667118,-3.667118,0.0,MATCH,ATR-ES,1073,1776441239000
dist_sess_high_atr,0.113261,0.113261,0.0,MATCH,ATR-ES,1073,1776441239000
dist_session_lvn_above_atr,0.094384,0.094384,0.0,MATCH,ATR-ES,1073,1776441239000
dist_session_lvn_below_atr,0.462482,0.462482,0.0,MATCH,ATR-ES,1073,1776441239000
dist_swing_high_atr,0.113261,0.113261,0.0,MATCH,ATR-ES,1073,1776441239000
dist_vwap_d_sd1d_atr,-13.910233,-13.910233,0.0,MATCH,ATR-ES,1073,1776441239000
dist_vwap_d_sd1u_atr,-0.567724,-0.567724,0.0,MATCH,ATR-ES,1073,1776441239000
dist_vwap_d_sd2u_atr,0.887192,0.887192,0.0,MATCH,ATR-ES,1073,1776441239000
dist_vwap_d_sd3u_atr,2.342109,2.342109,0.0,MATCH,ATR-ES,1073,1776441239000
dist_comp_20d_vpoc_atr,,-20.840018876828694,,MISSING_LIVE,ATR-ES,1073,1776441239000
dist_comp_50d_vpoc_atr,,-20.50023596035866,,MISSING_LIVE,ATR-ES,1073,1776441239000
dist_cur_vwap_vp_atr,,-8.090638980651251,,MISSING_LIVE,ATR-ES,1073,1776441239000
dist_ext_edge_buy_atr,,-0.018876828692779613,,MISSING_LIVE,ATR-ES,1073,1776441239000
dist_ext_edge_sell_atr,,0.04719207173194903,,MISSING_LIVE,ATR-ES,1073,1776441239000
dist_ext_long_dn_atr,,-0.1415762151958471,,MISSING_LIVE,ATR-ES,1073,1776441239000
dist_ext_long_up_atr,,-0.1510146295422369,,MISSING_LIVE,ATR-ES,1073,1776441239000
dist_open_cash_atr,,-1.897121283624351,,MISSING_LIVE,ATR-ES,1073,1776441239000
dist_ovn_high_atr,,-2.9919773478055687,,MISSING_LIVE,ATR-ES,1073,1776441239000
dist_ovn_low_atr,,-4.3699858423784805,,MISSING_LIVE,ATR-ES,1073,1776441239000
dist_prev_vpoc_atr,,-4.209532798489853,,MISSING_LIVE,ATR-ES,1073,1776441239000
dist_prev_vwap_atr,,-4.142892873997169,,MISSING_LIVE,ATR-ES,1073,1776441239000
dist_vwap_w_atr,,-6.266867390278433,,MISSING_LIVE,ATR-ES,1073,1776441239000
next_wall_dist_atr,,0.830580462482303,,MISSING_LIVE,ATR-ES,1073,1776441239000
open_gap_atr,,-2.3124115148655027,,MISSING_LIVE,ATR-ES,1073,1776441239000
ovn_range_atr,,1.3780084945729116,,MISSING_LIVE,ATR-ES,1073,1776441239000
poc_bar_dist_atr,,0.04719207173194903,,MISSING_LIVE,ATR-ES,1073,1776441239000
poc_separation_atr,,0.0,,MISSING_LIVE,ATR-ES,1073,1776441239000
range_size_atr,,3.4355828220858893,,MISSING_LIVE,ATR-ES,1073,1776441239000
sess_range_atr,,4.483246814535158,,MISSING_LIVE,ATR-ES,1073,1776441239000
swing_range_atr,,0.3586597451628126,,MISSING_LIVE,ATR-ES,1073,1776441239000
dist_blind_nearest_dn_atr,-1.296454931571496,,,LIVE_ONLY,ATR-ES,1073,1776441239000
dist_gex_nearest_dn_atr,-0.830580462482303,,,LIVE_ONLY,ATR-ES,1073,1776441239000
dist_sess_low_atr,-4.3699858423784805,,,LIVE_ONLY,ATR-ES,1073,1776441239000
dist_session_hvn_below_atr,0.009438414346389807,,,LIVE_ONLY,ATR-ES,1073,1776441239000
dist_swing_low_atr,-0.24539877300613497,,,LIVE_ONLY,ATR-ES,1073,1776441239000
dist_vix_call_atr,0.07210948560641811,,,LIVE_ONLY,ATR-ES,1073,1776441239000
dist_vix_gex_nearest_dn_atr,-0.02227465785747994,,,LIVE_ONLY,ATR-ES,1073,1776441239000
dist_vix_gex_nearest_up_atr,0.001321378008494573,,,LIVE_ONLY,ATR-ES,1073,1776441239000
dist_vix_hvl_atr,0.0390750353940538,,,LIVE_ONLY,ATR-ES,1073,1776441239000
dist_vix_put_atr,-0.00339782916470033,,,LIVE_ONLY,ATR-ES,1073,1776441239000
dist_vwap_d_sd2d_atr,-4.932474752241623,,,LIVE_ONLY,ATR-ES,1073,1776441239000
dist_vwap_d_sd3d_atr,-6.387391222274657,,,LIVE_ONLY,ATR-ES,1073,1776441239000
im_cross_delta_agreement_5,0.6,0.6,0.0,MATCH,IM-ES,1073,1776441239000
im_open_type_agreement,0.0,0.0,0.0,MATCH,IM-ES,1073,1776441239000
im_rolling_correlation_10,0.865498,0.865498,0.0,MATCH,IM-ES,1073,1776441239000
im_cross_delta_weighted_5,,68.6,,MISSING_LIVE,IM-ES,1073,1776441239000
im_cross_open_signal,,0.0,,MISSING_LIVE,IM-ES,1073,1776441239000
im_delta_day_divergence,,1.0,,MISSING_LIVE,IM-ES,1073,1776441239000
im_ltr_slope_diff,,-0.037039999999999976,,MISSING_LIVE,IM-ES,1073,1776441239000
im_price_ratio_slope_10,,1.515282279653975e-05,,MISSING_LIVE,IM-ES,1073,1776441239000
im_smt_divergence,,0.0,,MISSING_LIVE,IM-ES,1073,1776441239000
im_volume_lead,,-160.60000000000002,,MISSING_LIVE,IM-ES,1073,1776441239000
dist_1d_max_atr,1.197368,1.197368,0.0,MATCH,ATR-ES,866,1776428820000
dist_1d_min_atr,-3.835423,-3.835423,0.0,MATCH,ATR-ES,866,1776428820000
dist_blind_nearest_up_atr,0.018899,0.018899,0.0,MATCH,ATR-ES,866,1776428820000
dist_comp_20d_vah_atr,-11.743282,-11.743282,0.0,MATCH,ATR-ES,866,1776428820000
dist_comp_20d_val_atr,-29.747022,-29.747022,0.0,MATCH,ATR-ES,866,1776428820000
dist_comp_20d_vwap_atr,-16.558075,-16.558075,0.0,MATCH,ATR-ES,866,1776428820000
dist_comp_50d_vah_atr,-10.079732,-10.079732,0.0,MATCH,ATR-ES,866,1776428820000
dist_comp_50d_val_atr,-23.44719,-23.44719,0.0,MATCH,ATR-ES,866,1776428820000
dist_comp_50d_vwap_atr,-16.547116,-16.547116,0.0,MATCH,ATR-ES,866,1776428820000
dist_cur_vah_atr,-1.220593,-1.220593,0.0,MATCH,ATR-ES,866,1776428820000
dist_cur_val_atr,-1.850576,-1.850576,0.0,MATCH,ATR-ES,866,1776428820000
dist_cur_vpoc_atr,-1.289497,-1.289497,0.0,MATCH,ATR-ES,866,1776428820000
dist_gex_nearest_up_atr,0.570922,0.570922,0.0,MATCH,ATR-ES,866,1776428820000
dist_mq_call_0dte_atr,-5.72891,-5.72891,0.0,MATCH,ATR-ES,866,1776428820000
dist_mq_call_atr,-0.413427,-0.413427,0.0,MATCH,ATR-ES,866,1776428820000
dist_mq_hvl_atr,-8.091348,-8.091348,0.0,MATCH,ATR-ES,866,1776428820000
dist_mq_put_0dte_atr,-2.775864,-2.775864,0.0,MATCH,ATR-ES,866,1776428820000
dist_mq_put_atr,-24.037799,-24.037799,0.0,MATCH,ATR-ES,866,1776428820000
dist_open_830_atr,-0.905601,-0.905601,0.0,MATCH,ATR-ES,866,1776428820000
dist_prev_vah_atr,-1.387932,-1.387932,0.0,MATCH,ATR-ES,866,1776428820000
dist_prev_val_atr,-2.372281,-2.372281,0.0,MATCH,ATR-ES,866,1776428820000
dist_prev_vwap_sd1d_atr,-2.397255,-2.397255,0.0,MATCH,ATR-ES,866,1776428820000
dist_prev_vwap_sd1u_atr,-1.403004,-1.403004,0.0,MATCH,ATR-ES,866,1776428820000
dist_sess_high_atr,0.137809,0.137809,0.0,MATCH,ATR-ES,866,1776428820000
dist_session_lvn_above_atr,0.049217,0.049217,0.0,MATCH,ATR-ES,866,1776428820000
dist_session_lvn_below_atr,0.009843,0.009843,0.0,MATCH,ATR-ES,866,1776428820000
dist_swing_high_atr,-0.147652,-0.147652,0.0,MATCH,ATR-ES,866,1776428820000
dist_vwap_d_sd1d_atr,-7.199126,-7.199126,0.0,MATCH,ATR-ES,866,1776428820000
dist_vwap_d_sd1u_atr,-0.974544,-0.974544,0.0,MATCH,ATR-ES,866,1776428820000
dist_vwap_d_sd2u_atr,-0.561924,-0.561924,0.0,MATCH,ATR-ES,866,1776428820000
dist_vwap_d_sd3u_atr,-0.149306,-0.149306,0.0,MATCH,ATR-ES,866,1776428820000
dist_comp_20d_vpoc_atr,,-19.312924500442957,,MISSING_LIVE,ATR-ES,866,1776428820000
dist_comp_50d_vpoc_atr,,-18.958558913278864,,MISSING_LIVE,ATR-ES,866,1776428820000
dist_cur_vwap_vp_atr,,-5.548652426419923,,MISSING_LIVE,ATR-ES,866,1776428820000
dist_ext_edge_buy_atr,,-0.21655674771138891,,MISSING_LIVE,ATR-ES,866,1776428820000
dist_ext_edge_sell_atr,,-1.3436361846638447,,MISSING_LIVE,ATR-ES,866,1776428820000
dist_ext_long_dn_atr,,-0.14765232798503788,,MISSING_LIVE,ATR-ES,866,1776428820000
dist_ext_long_up_atr,,-0.21655674771138891,,MISSING_LIVE,ATR-ES,866,1776428820000
dist_open_cash_atr,,-1.604488630770745,,MISSING_LIVE,ATR-ES,866,1776428820000
dist_ovn_high_atr,,-0.698887685795846,,MISSING_LIVE,ATR-ES,866,1776428820000
dist_ovn_low_atr,,-2.1360370115168816,,MISSING_LIVE,ATR-ES,866,1776428820000
dist_prev_vpoc_atr,,-1.9686977064671718,,MISSING_LIVE,ATR-ES,866,1776428820000
dist_prev_vwap_atr,,-1.8991977556846147,,MISSING_LIVE,ATR-ES,866,1776428820000
dist_vwap_w_atr,,-4.97967122748302,,MISSING_LIVE,ATR-ES,866,1776428820000
next_wall_dist_atr,,0.5709223348754798,,MISSING_LIVE,ATR-ES,866,1776428820000
open_gap_atr,,-0.3642090756964268,,MISSING_LIVE,ATR-ES,866,1776428820000
ovn_range_atr,,1.4371493257210355,,MISSING_LIVE,ATR-ES,866,1776428820000
poc_bar_dist_atr,,0.059060931194015155,,MISSING_LIVE,ATR-ES,866,1776428820000
poc_separation_atr,,0.0,,MISSING_LIVE,ATR-ES,866,1776428820000
range_size_atr,,0.6299832660694951,,MISSING_LIVE,ATR-ES,866,1776428820000
sess_range_atr,,2.2738458509695834,,MISSING_LIVE,ATR-ES,866,1776428820000
swing_range_atr,,0.5315483807461364,,MISSING_LIVE,ATR-ES,866,1776428820000
dist_blind_nearest_dn_atr,-0.42642287626734915,,,LIVE_ONLY,ATR-ES,866,1776428820000
dist_gex_nearest_dn_atr,-1.397775371591692,,,LIVE_ONLY,ATR-ES,866,1776428820000
dist_sess_low_atr,-2.1360370115168816,,,LIVE_ONLY,ATR-ES,866,1776428820000
dist_session_hvn_below_atr,0.19686977064671718,,,LIVE_ONLY,ATR-ES,866,1776428820000
dist_swing_low_atr,-0.6792007087311743,,,LIVE_ONLY,ATR-ES,866,1776428820000
dist_vix_call_atr,0.07185746628605177,,,LIVE_ONLY,ATR-ES,866,1776428820000
dist_vix_gex_nearest_dn_atr,-0.001968697706467172,,,LIVE_ONLY,ATR-ES,866,1776428820000
dist_vix_gex_nearest_up_atr,0.002953046559700758,,,LIVE_ONLY,ATR-ES,866,1776428820000
dist_vix_hvl_atr,0.03740525642287627,,,LIVE_ONLY,ATR-ES,866,1776428820000
dist_vix_put_atr,-0.0068904419726351016,,,LIVE_ONLY,ATR-ES,866,1776428820000
dist_vwap_d_sd2d_atr,-2.212400826853037,,,LIVE_ONLY,ATR-ES,866,1776428820000
dist_vwap_d_sd3d_atr,-2.625020179151491,,,LIVE_ONLY,ATR-ES,866,1776428820000
im_cross_delta_agreement_5,1.0,1.0,0.0,MATCH,IM-ES,866,1776428820000
im_open_type_agreement,0.0,0.0,0.0,MATCH,IM-ES,866,1776428820000
im_rolling_correlation_10,0.993735,0.993735,0.0,MATCH,IM-ES,866,1776428820000
im_cross_delta_weighted_5,,152.6,,MISSING_LIVE,IM-ES,866,1776428820000
im_cross_open_signal,,0.0,,MISSING_LIVE,IM-ES,866,1776428820000
im_delta_day_divergence,,1.0,,MISSING_LIVE,IM-ES,866,1776428820000
im_ltr_slope_diff,,0.14041000000000003,,MISSING_LIVE,IM-ES,866,1776428820000
im_price_ratio_slope_10,,-1.6380754887234553e-06,,MISSING_LIVE,IM-ES,866,1776428820000
im_smt_divergence,,0.0,,MISSING_LIVE,IM-ES,866,1776428820000
im_volume_lead,,181.2,,MISSING_LIVE,IM-ES,866,1776428820000
dist_1d_max_atr,-1.032179,-1.032179,0.0,MATCH,ATR-ES,1079,1776441599000
dist_1d_min_atr,-5.857863,-5.857863,0.0,MATCH,ATR-ES,1079,1776441599000
dist_comp_20d_vah_atr,-13.260972,-13.260972,0.0,MATCH,ATR-ES,1079,1776441599000
dist_comp_20d_val_atr,-30.703162,-30.703162,0.0,MATCH,ATR-ES,1079,1776441599000
dist_comp_20d_vwap_atr,-17.57418,-17.57418,0.0,MATCH,ATR-ES,1079,1776441599000
dist_comp_50d_vah_atr,-11.66588,-11.66588,0.0,MATCH,ATR-ES,1079,1776441599000
dist_comp_50d_val_atr,-24.662577,-24.662577,0.0,MATCH,ATR-ES,1079,1776441599000
dist_comp_50d_vwap_atr,-17.660619,-17.660619,0.0,MATCH,ATR-ES,1079,1776441599000
dist_cur_vah_atr,-0.736196,-0.736196,0.0,MATCH,ATR-ES,1079,1776441599000
dist_cur_val_atr,-4.218971,-4.218971,0.0,MATCH,ATR-ES,1079,1776441599000
dist_cur_vpoc_atr,-3.416706,-3.416706,0.0,MATCH,ATR-ES,1079,1776441599000
dist_gex_nearest_up_atr,1.198679,1.198679,0.0,MATCH,ATR-ES,1079,1776441599000
dist_ib_high_atr,-0.471921,-0.471921,0.0,MATCH,ATR-ES,1079,1776441599000
dist_ib_low_atr,-1.934875,-1.934875,0.0,MATCH,ATR-ES,1079,1776441599000
dist_mq_call_0dte_atr,-7.673431,-7.673431,0.0,MATCH,ATR-ES,1079,1776441599000
dist_mq_call_atr,-2.576687,-2.576687,0.0,MATCH,ATR-ES,1079,1776441599000
dist_mq_hvl_atr,-9.93865,-9.93865,0.0,MATCH,ATR-ES,1079,1776441599000
dist_mq_put_0dte_atr,-4.841907,-4.841907,0.0,MATCH,ATR-ES,1079,1776441599000
dist_mq_put_atr,-25.228882,-25.228882,0.0,MATCH,ATR-ES,1079,1776441599000
dist_open_830_atr,-3.048608,-3.048608,0.0,MATCH,ATR-ES,1079,1776441599000
dist_prev_vah_atr,-3.51109,-3.51109,0.0,MATCH,ATR-ES,1079,1776441599000
dist_prev_val_atr,-4.454932,-4.454932,0.0,MATCH,ATR-ES,1079,1776441599000
dist_prev_vwap_sd1d_atr,-4.478878,-4.478878,0.0,MATCH,ATR-ES,1079,1776441599000
dist_prev_vwap_sd1u_atr,-3.525542,-3.525542,0.0,MATCH,ATR-ES,1079,1776441599000
dist_sess_high_atr,0.254837,0.254837,0.0,MATCH,ATR-ES,1079,1776441599000
dist_session_hvn_above_atr,0.009438,0.009438,0.0,MATCH,ATR-ES,1079,1776441599000
dist_session_lvn_above_atr,0.254837,0.254837,0.0,MATCH,ATR-ES,1079,1776441599000
dist_session_lvn_below_atr,0.320906,0.320906,0.0,MATCH,ATR-ES,1079,1776441599000
dist_swing_high_atr,0.254837,0.254837,0.0,MATCH,ATR-ES,1079,1776441599000
dist_vwap_d_sd1d_atr,-13.273359,-13.273359,0.0,MATCH,ATR-ES,1079,1776441599000
dist_vwap_d_sd1u_atr,-0.406442,-0.406442,0.0,MATCH,ATR-ES,1079,1776441599000
dist_vwap_d_sd2u_atr,1.049526,1.049526,0.0,MATCH,ATR-ES,1079,1776441599000
dist_vwap_d_sd3u_atr,2.505475,2.505475,0.0,MATCH,ATR-ES,1079,1776441599000
dist_comp_20d_vpoc_atr,,-20.698442661632846,,MISSING_LIVE,ATR-ES,1079,1776441599000
dist_comp_50d_vpoc_atr,,-20.35865974516281,,MISSING_LIVE,ATR-ES,1079,1776441599000
dist_cur_vwap_vp_atr,,-7.4496385087305335,,MISSING_LIVE,ATR-ES,1079,1776441599000
dist_ext_edge_buy_atr,,0.037753657385559226,,MISSING_LIVE,ATR-ES,1079,1776441599000
dist_ext_edge_sell_atr,,0.09438414346389806,,MISSING_LIVE,ATR-ES,1079,1776441599000
dist_ext_long_dn_atr,,0.0,,MISSING_LIVE,ATR-ES,1079,1776441599000
dist_ext_long_up_atr,,-0.009438414346389807,,MISSING_LIVE,ATR-ES,1079,1776441599000
dist_open_cash_atr,,-1.7555450684285039,,MISSING_LIVE,ATR-ES,1079,1776441599000
dist_ovn_high_atr,,-2.8504011326097216,,MISSING_LIVE,ATR-ES,1079,1776441599000
dist_ovn_low_atr,,-4.228409627182633,,MISSING_LIVE,ATR-ES,1079,1776441599000
dist_prev_vpoc_atr,,-4.067956583294007,,MISSING_LIVE,ATR-ES,1079,1776441599000
dist_prev_vwap_atr,,-4.001316658801321,,MISSING_LIVE,ATR-ES,1079,1776441599000
dist_vwap_w_atr,,-6.112110429447852,,MISSING_LIVE,ATR-ES,1079,1776441599000
next_wall_dist_atr,,0.6890042472864558,,MISSING_LIVE,ATR-ES,1079,1776441599000
open_gap_atr,,-2.3124115148655027,,MISSING_LIVE,ATR-ES,1079,1776441599000
ovn_range_atr,,1.3780084945729116,,MISSING_LIVE,ATR-ES,1079,1776441599000
poc_bar_dist_atr,,0.0,,MISSING_LIVE,ATR-ES,1079,1776441599000
poc_separation_atr,,0.0,,MISSING_LIVE,ATR-ES,1079,1776441599000
range_size_atr,,3.4827748938178384,,MISSING_LIVE,ATR-ES,1079,1776441599000
sess_range_atr,,4.483246814535158,,MISSING_LIVE,ATR-ES,1079,1776441599000
swing_range_atr,,0.3586597451628126,,MISSING_LIVE,ATR-ES,1079,1776441599000
dist_blind_nearest_dn_atr,-1.1548787163756489,,,LIVE_ONLY,ATR-ES,1079,1776441599000
dist_gex_nearest_dn_atr,-0.6890042472864558,,,LIVE_ONLY,ATR-ES,1079,1776441599000
dist_sess_low_atr,-4.228409627182633,,,LIVE_ONLY,ATR-ES,1079,1776441599000
dist_session_hvn_below_atr,0.009438414346389807,,,LIVE_ONLY,ATR-ES,1079,1776441599000
dist_swing_low_atr,-0.10382255781028787,,,LIVE_ONLY,ATR-ES,1079,1776441599000
dist_vix_call_atr,0.07135441245870693,,,LIVE_ONLY,ATR-ES,1079,1776441599000
dist_vix_gex_nearest_dn_atr,-0.023029731005191127,,,LIVE_ONLY,ATR-ES,1079,1776441599000
dist_vix_gex_nearest_up_atr,0.0005663048607833884,,,LIVE_ONLY,ATR-ES,1079,1776441599000
dist_vix_hvl_atr,0.03831996224634261,,,LIVE_ONLY,ATR-ES,1079,1776441599000
dist_vix_put_atr,-0.004152902312411515,,,LIVE_ONLY,ATR-ES,1079,1776441599000
dist_vwap_d_sd2d_atr,-4.774307692307692,,,LIVE_ONLY,ATR-ES,1079,1776441599000
dist_vwap_d_sd3d_atr,-6.230256724870221,,,LIVE_ONLY,ATR-ES,1079,1776441599000
im_cross_delta_agreement_5,0.6,0.6,0.0,MATCH,IM-ES,1079,1776441599000
im_open_type_agreement,0.0,0.0,0.0,MATCH,IM-ES,1079,1776441599000
im_rolling_correlation_10,0.970884,0.970884,0.0,MATCH,IM-ES,1079,1776441599000
im_cross_delta_weighted_5,,51.6,,MISSING_LIVE,IM-ES,1079,1776441599000
im_cross_open_signal,,0.0,,MISSING_LIVE,IM-ES,1079,1776441599000
im_delta_day_divergence,,1.0,,MISSING_LIVE,IM-ES,1079,1776441599000
im_ltr_slope_diff,,-0.03278,,MISSING_LIVE,IM-ES,1079,1776441599000
im_price_ratio_slope_10,,2.6208296682911525e-05,,MISSING_LIVE,IM-ES,1079,1776441599000
im_smt_divergence,,0.0,,MISSING_LIVE,IM-ES,1079,1776441599000
im_volume_lead,,15.900000000000006,,MISSING_LIVE,IM-ES,1079,1776441599000
dist_1d_max_atr,-0.937795,-0.937795,0.0,MATCH,ATR-ES,1063,1776440639000
dist_1d_min_atr,-5.763479,-5.763479,0.0,MATCH,ATR-ES,1063,1776440639000
dist_comp_20d_vah_atr,-13.176026,-13.176026,0.0,MATCH,ATR-ES,1063,1776440639000
dist_comp_20d_val_atr,-30.608778,-30.608778,0.0,MATCH,ATR-ES,1063,1776440639000
dist_comp_20d_vwap_atr,-17.504738,-17.504738,0.0,MATCH,ATR-ES,1063,1776440639000
dist_comp_50d_vah_atr,-11.580934,-11.580934,0.0,MATCH,ATR-ES,1063,1776440639000
dist_comp_50d_val_atr,-24.568193,-24.568193,0.0,MATCH,ATR-ES,1063,1776440639000
dist_comp_50d_vwap_atr,-17.586273,-17.586273,0.0,MATCH,ATR-ES,1063,1776440639000
dist_cur_vah_atr,-0.77395,-0.77395,0.0,MATCH,ATR-ES,1063,1776440639000
dist_cur_val_atr,-4.124587,-4.124587,0.0,MATCH,ATR-ES,1063,1776440639000
dist_cur_vpoc_atr,-3.322322,-3.322322,0.0,MATCH,ATR-ES,1063,1776440639000
dist_gex_nearest_up_atr,1.293063,1.293063,0.0,MATCH,ATR-ES,1063,1776440639000
dist_ib_high_atr,-0.377537,-0.377537,0.0,MATCH,ATR-ES,1063,1776440639000
dist_ib_low_atr,-1.840491,-1.840491,0.0,MATCH,ATR-ES,1063,1776440639000
dist_mq_call_0dte_atr,-7.579047,-7.579047,0.0,MATCH,ATR-ES,1063,1776440639000
dist_mq_call_atr,-2.482303,-2.482303,0.0,MATCH,ATR-ES,1063,1776440639000
dist_mq_hvl_atr,-9.844266,-9.844266,0.0,MATCH,ATR-ES,1063,1776440639000
dist_mq_put_0dte_atr,-4.747522,-4.747522,0.0,MATCH,ATR-ES,1063,1776440639000
dist_mq_put_atr,-25.134497,-25.134497,0.0,MATCH,ATR-ES,1063,1776440639000
dist_open_830_atr,-2.954224,-2.954224,0.0,MATCH,ATR-ES,1063,1776440639000
dist_prev_vah_atr,-3.416706,-3.416706,0.0,MATCH,ATR-ES,1063,1776440639000
dist_prev_val_atr,-4.360547,-4.360547,0.0,MATCH,ATR-ES,1063,1776440639000
dist_prev_vwap_sd1d_atr,-4.384494,-4.384494,0.0,MATCH,ATR-ES,1063,1776440639000
dist_prev_vwap_sd1u_atr,-3.431158,-3.431158,0.0,MATCH,ATR-ES,1063,1776440639000
dist_sess_high_atr,0.349221,0.349221,0.0,MATCH,ATR-ES,1063,1776440639000
dist_session_hvn_above_atr,0.273714,0.273714,0.0,MATCH,ATR-ES,1063,1776440639000
dist_session_lvn_above_atr,0.320906,0.320906,0.0,MATCH,ATR-ES,1063,1776440639000
dist_session_lvn_below_atr,0.226522,0.226522,0.0,MATCH,ATR-ES,1063,1776440639000
dist_swing_high_atr,0.273714,0.273714,0.0,MATCH,ATR-ES,1063,1776440639000
dist_vwap_d_sd1d_atr,-13.079724,-13.079724,0.0,MATCH,ATR-ES,1063,1776440639000
dist_vwap_d_sd1u_atr,-0.389961,-0.389961,0.0,MATCH,ATR-ES,1063,1776440639000
dist_vwap_d_sd2u_atr,1.050024,1.050024,0.0,MATCH,ATR-ES,1063,1776440639000
dist_vwap_d_sd3u_atr,2.490027,2.490027,0.0,MATCH,ATR-ES,1063,1776440639000
dist_comp_20d_vpoc_atr,,-20.604058518168948,,MISSING_LIVE,ATR-ES,1063,1776440639000
dist_comp_50d_vpoc_atr,,-20.264275601698913,,MISSING_LIVE,ATR-ES,1063,1776440639000
dist_cur_vwap_vp_atr,,-7.319860311467674,,MISSING_LIVE,ATR-ES,1063,1776440639000
dist_ext_edge_buy_atr,,-0.056630486078338836,,MISSING_LIVE,ATR-ES,1063,1776440639000
dist_ext_edge_sell_atr,,0.04719207173194903,,MISSING_LIVE,ATR-ES,1063,1776440639000
dist_ext_long_dn_atr,,0.056630486078338836,,MISSING_LIVE,ATR-ES,1063,1776440639000
dist_ext_long_up_atr,,-0.018876828692779613,,MISSING_LIVE,ATR-ES,1063,1776440639000
dist_open_cash_atr,,-1.661160924964606,,MISSING_LIVE,ATR-ES,1063,1776440639000
dist_ovn_high_atr,,-2.7560169891458233,,MISSING_LIVE,ATR-ES,1063,1776440639000
dist_ovn_low_atr,,-4.134025483718736,,MISSING_LIVE,ATR-ES,1063,1776440639000
dist_prev_vpoc_atr,,-3.973572439830108,,MISSING_LIVE,ATR-ES,1063,1776440639000
dist_prev_vwap_atr,,-3.9069325153374233,,MISSING_LIVE,ATR-ES,1063,1776440639000
dist_vwap_w_atr,,-6.060825861255309,,MISSING_LIVE,ATR-ES,1063,1776440639000
next_wall_dist_atr,,0.5946201038225578,,MISSING_LIVE,ATR-ES,1063,1776440639000
open_gap_atr,,-2.3124115148655027,,MISSING_LIVE,ATR-ES,1063,1776440639000
ovn_range_atr,,1.3780084945729116,,MISSING_LIVE,ATR-ES,1063,1776440639000
poc_bar_dist_atr,,0.037753657385559226,,MISSING_LIVE,ATR-ES,1063,1776440639000
poc_separation_atr,,0.0,,MISSING_LIVE,ATR-ES,1063,1776440639000
range_size_atr,,3.3506370929683813,,MISSING_LIVE,ATR-ES,1063,1776440639000
sess_range_atr,,4.483246814535158,,MISSING_LIVE,ATR-ES,1063,1776440639000
swing_range_atr,,0.5096743747050495,,MISSING_LIVE,ATR-ES,1063,1776440639000
dist_blind_nearest_dn_atr,-1.0604945729117508,,,LIVE_ONLY,ATR-ES,1063,1776440639000
dist_gex_nearest_dn_atr,-0.5946201038225578,,,LIVE_ONLY,ATR-ES,1063,1776440639000
dist_sess_low_atr,-4.134025483718736,,,LIVE_ONLY,ATR-ES,1063,1776440639000
dist_swing_low_atr,-0.23596035865974516,,,LIVE_ONLY,ATR-ES,1063,1776440639000
dist_vix_call_atr,0.0732420953279849,,,LIVE_ONLY,ATR-ES,1063,1776440639000
dist_vix_gex_nearest_dn_atr,-0.02114204813591317,,,LIVE_ONLY,ATR-ES,1063,1776440639000
dist_vix_gex_nearest_up_atr,0.00245398773006135,,,LIVE_ONLY,ATR-ES,1063,1776440639000
dist_vix_hvl_atr,0.040207645115620576,,,LIVE_ONLY,ATR-ES,1063,1776440639000
dist_vix_put_atr,-0.0022652194431335535,,,LIVE_ONLY,ATR-ES,1063,1776440639000
dist_vwap_d_sd2d_atr,-4.709915998112317,,,LIVE_ONLY,ATR-ES,1063,1776440639000
dist_vwap_d_sd3d_atr,-6.149919773478055,,,LIVE_ONLY,ATR-ES,1063,1776440639000
im_cross_delta_agreement_5,0.8,0.8,0.0,MATCH,IM-ES,1063,1776440639000
im_open_type_agreement,0.0,0.0,0.0,MATCH,IM-ES,1063,1776440639000
im_rolling_correlation_10,0.991657,0.991657,0.0,MATCH,IM-ES,1063,1776440639000
im_cross_delta_weighted_5,,140.4,,MISSING_LIVE,IM-ES,1063,1776440639000
im_cross_open_signal,,0.0,,MISSING_LIVE,IM-ES,1063,1776440639000
im_delta_day_divergence,,1.0,,MISSING_LIVE,IM-ES,1063,1776440639000
im_ltr_slope_diff,,-0.06526000000000003,,MISSING_LIVE,IM-ES,1063,1776440639000
im_price_ratio_slope_10,,2.394688962862391e-05,,MISSING_LIVE,IM-ES,1063,1776440639000
im_smt_divergence,,0.0,,MISSING_LIVE,IM-ES,1063,1776440639000
im_volume_lead,,-109.60000000000001,,MISSING_LIVE,IM-ES,1063,1776440639000
dist_1d_max_atr,-0.022691,-0.022691,0.0,MATCH,ATR-ES,914,1776431700000
dist_1d_min_atr,-4.939802,-4.939802,0.0,MATCH,ATR-ES,914,1776431700000
dist_comp_20d_vah_atr,-12.637046,-12.637046,0.0,MATCH,ATR-ES,914,1776431700000
dist_comp_20d_val_atr,-30.255818,-30.255818,0.0,MATCH,ATR-ES,914,1776431700000
dist_comp_20d_vwap_atr,-17.299282,-17.299282,0.0,MATCH,ATR-ES,914,1776431700000
dist_comp_50d_vah_atr,-11.011733,-11.011733,0.0,MATCH,ATR-ES,914,1776431700000
dist_comp_50d_val_atr,-24.100789,-24.100789,0.0,MATCH,ATR-ES,914,1776431700000
dist_comp_50d_vwap_atr,-17.303038,-17.303038,0.0,MATCH,ATR-ES,914,1776431700000
dist_cur_vah_atr,-2.173495,-2.173495,0.0,MATCH,ATR-ES,914,1776431700000
dist_cur_val_atr,-3.192922,-3.192922,0.0,MATCH,ATR-ES,914,1776431700000
dist_cur_vpoc_atr,-2.452395,-2.452395,0.0,MATCH,ATR-ES,914,1776431700000
dist_gex_nearest_up_atr,0.326986,0.326986,0.0,MATCH,ATR-ES,914,1776431700000
dist_mq_call_0dte_atr,-6.789767,-6.789767,0.0,MATCH,ATR-ES,914,1776431700000
dist_mq_call_atr,-1.596461,-1.596461,0.0,MATCH,ATR-ES,914,1776431700000
dist_mq_hvl_atr,-9.097903,-9.097903,0.0,MATCH,ATR-ES,914,1776431700000
dist_mq_put_0dte_atr,-3.904597,-3.904597,0.0,MATCH,ATR-ES,914,1776431700000
dist_mq_put_atr,-24.677823,-24.677823,0.0,MATCH,ATR-ES,914,1776431700000
dist_open_830_atr,-2.077323,-2.077323,0.0,MATCH,ATR-ES,914,1776431700000
dist_prev_vah_atr,-2.548567,-2.548567,0.0,MATCH,ATR-ES,914,1776431700000
dist_prev_val_atr,-3.51029,-3.51029,0.0,MATCH,ATR-ES,914,1776431700000
dist_prev_vwap_sd1d_atr,-3.53469,-3.53469,0.0,MATCH,ATR-ES,914,1776431700000
dist_prev_vwap_sd1u_atr,-2.563293,-2.563293,0.0,MATCH,ATR-ES,914,1776431700000
dist_sess_high_atr,0.230814,0.230814,0.0,MATCH,ATR-ES,914,1776431700000
dist_session_hvn_above_atr,0.048086,0.048086,0.0,MATCH,ATR-ES,914,1776431700000
dist_session_lvn_above_atr,0.221196,0.221196,0.0,MATCH,ATR-ES,914,1776431700000
dist_session_lvn_below_atr,0.038469,0.038469,0.0,MATCH,ATR-ES,914,1776431700000
dist_swing_high_atr,-0.827082,-0.827082,0.0,MATCH,ATR-ES,914,1776431700000
dist_vwap_d_sd1d_atr,-12.561612,-12.561612,0.0,MATCH,ATR-ES,914,1776431700000
dist_vwap_d_sd1u_atr,-1.18198,-1.18198,0.0,MATCH,ATR-ES,914,1776431700000
dist_vwap_d_sd2u_atr,-0.20277,-0.20277,0.0,MATCH,ATR-ES,914,1776431700000
dist_vwap_d_sd3u_atr,0.77646,0.77646,0.0,MATCH,ATR-ES,914,1776431700000
dist_comp_20d_vpoc_atr,,-20.061550298134257,,MISSING_LIVE,ATR-ES,914,1776431700000
dist_comp_50d_vpoc_atr,,-19.71532987112906,,MISSING_LIVE,ATR-ES,914,1776431700000
dist_cur_vwap_vp_atr,,-8.64476630121177,,MISSING_LIVE,ATR-ES,914,1776431700000
dist_ext_edge_buy_atr,,-0.1154068090017311,,MISSING_LIVE,ATR-ES,914,1776431700000
dist_ext_edge_sell_atr,,-2.5052894787459126,,MISSING_LIVE,ATR-ES,914,1776431700000
dist_ext_long_dn_atr,,-0.51933064050779,,MISSING_LIVE,ATR-ES,914,1776431700000
dist_ext_long_up_atr,,0.07693787266782073,,MISSING_LIVE,ATR-ES,914,1776431700000
dist_open_cash_atr,,-2.760146181958069,,MISSING_LIVE,ATR-ES,914,1776431700000
dist_ovn_high_atr,,-1.8753606462781303,,MISSING_LIVE,ATR-ES,914,1776431700000
dist_ovn_low_atr,,-3.279476822465859,,MISSING_LIVE,ATR-ES,914,1776431700000
dist_prev_vpoc_atr,,-3.1159838430467395,,MISSING_LIVE,ATR-ES,914,1776431700000
dist_prev_vwap_atr,,-3.0480813618003464,,MISSING_LIVE,ATR-ES,914,1776431700000
dist_vwap_w_atr,,-5.930696287747644,,MISSING_LIVE,ATR-ES,914,1776431700000
next_wall_dist_atr,,0.3269859588382381,,MISSING_LIVE,ATR-ES,914,1776431700000
open_gap_atr,,-0.3558376610886709,,MISSING_LIVE,ATR-ES,914,1776431700000
ovn_range_atr,,1.4041161761877283,,MISSING_LIVE,ATR-ES,914,1776431700000
poc_bar_dist_atr,,0.1154068090017311,,MISSING_LIVE,ATR-ES,914,1776431700000
poc_separation_atr,,0.0,,MISSING_LIVE,ATR-ES,914,1776431700000
range_size_atr,,1.0194268128486248,,MISSING_LIVE,ATR-ES,914,1776431700000
sess_range_atr,,3.510290440469321,,MISSING_LIVE,ATR-ES,914,1776431700000
swing_range_atr,,0.41354106558953646,,MISSING_LIVE,ATR-ES,914,1776431700000
dist_blind_nearest_dn_atr,-0.14771494518176573,,,LIVE_ONLY,ATR-ES,914,1776431700000
dist_gex_nearest_dn_atr,-0.634737449509521,,,LIVE_ONLY,ATR-ES,914,1776431700000
dist_sess_low_atr,-3.279476822465859,,,LIVE_ONLY,ATR-ES,914,1776431700000
dist_session_hvn_below_atr,0.2500480861704174,,,LIVE_ONLY,ATR-ES,914,1776431700000
dist_swing_low_atr,-1.2406231967686092,,,LIVE_ONLY,ATR-ES,914,1776431700000
dist_vix_call_atr,0.07568763223696864,,,LIVE_ONLY,ATR-ES,914,1776431700000
dist_vix_gex_nearest_dn_atr,-0.02048470859780727,,,LIVE_ONLY,ATR-ES,914,1776431700000
dist_vix_gex_nearest_up_atr,0.0035583766108867087,,,LIVE_ONLY,ATR-ES,914,1776431700000
dist_vix_hvl_atr,0.04202731294479708,,,LIVE_ONLY,ATR-ES,914,1776431700000
dist_vix_put_atr,-0.001250240430852087,,,LIVE_ONLY,ATR-ES,914,1776431700000
dist_vwap_d_sd2d_atr,-4.119613387189844,,,LIVE_ONLY,ATR-ES,914,1776431700000
dist_vwap_d_sd3d_atr,-5.098843046739757,,,LIVE_ONLY,ATR-ES,914,1776431700000
im_cross_delta_agreement_5,0.6,0.6,0.0,MATCH,IM-ES,914,1776431700000
im_open_type_agreement,0.0,0.0,0.0,MATCH,IM-ES,914,1776431700000
im_rolling_correlation_10,0.899068,0.899068,0.0,MATCH,IM-ES,914,1776431700000
im_cross_delta_weighted_5,,107.0,,MISSING_LIVE,IM-ES,914,1776431700000
im_cross_open_signal,,0.0,,MISSING_LIVE,IM-ES,914,1776431700000
im_delta_day_divergence,,1.0,,MISSING_LIVE,IM-ES,914,1776431700000
im_ltr_slope_diff,,0.014160000000000013,,MISSING_LIVE,IM-ES,914,1776431700000
im_price_ratio_slope_10,,-3.675630324392164e-05,,MISSING_LIVE,IM-ES,914,1776431700000
im_smt_divergence,,0.0,,MISSING_LIVE,IM-ES,914,1776431700000
im_volume_lead,,-238.00000000000003,,MISSING_LIVE,IM-ES,914,1776431700000
dist_1d_max_atr,-0.424492,-0.424492,0.0,MATCH,ATR-ES,973,1776435239000
dist_1d_min_atr,-5.317135,-5.317135,0.0,MATCH,ATR-ES,973,1776435239000
dist_comp_20d_vah_atr,-12.899522,-12.899522,0.0,MATCH,ATR-ES,973,1776435239000
dist_comp_20d_val_atr,-30.507177,-30.507177,0.0,MATCH,ATR-ES,973,1776435239000
dist_comp_20d_vwap_atr,-17.418417,-17.418417,0.0,MATCH,ATR-ES,973,1776435239000
dist_comp_50d_vah_atr,-11.291866,-11.291866,0.0,MATCH,ATR-ES,973,1776435239000
dist_comp_50d_val_atr,-24.382775,-24.382775,0.0,MATCH,ATR-ES,973,1776435239000
dist_comp_50d_vwap_atr,-17.461928,-17.461928,0.0,MATCH,ATR-ES,973,1776435239000
dist_cur_vah_atr,-0.899522,-0.899522,0.0,MATCH,ATR-ES,973,1776435239000
dist_cur_val_atr,-3.655502,-3.655502,0.0,MATCH,ATR-ES,973,1776435239000
dist_cur_vpoc_atr,-2.842105,-2.842105,0.0,MATCH,ATR-ES,973,1776435239000
dist_gex_nearest_up_atr,1.837321,1.837321,0.0,MATCH,ATR-ES,973,1776435239000
dist_ib_high_atr,0.105263,0.105263,0.0,MATCH,ATR-ES,973,1776435239000
dist_ib_low_atr,-1.339713,-1.339713,0.0,MATCH,ATR-ES,973,1776435239000
dist_mq_call_0dte_atr,-7.157895,-7.157895,0.0,MATCH,ATR-ES,973,1776435239000
dist_mq_call_atr,-1.990431,-1.990431,0.0,MATCH,ATR-ES,973,1776435239000
dist_mq_hvl_atr,-9.454545,-9.454545,0.0,MATCH,ATR-ES,973,1776435239000
dist_mq_put_0dte_atr,-4.287081,-4.287081,0.0,MATCH,ATR-ES,973,1776435239000
dist_mq_put_atr,-24.956938,-24.956938,0.0,MATCH,ATR-ES,973,1776435239000
dist_open_830_atr,-2.4689,-2.4689,0.0,MATCH,ATR-ES,973,1776435239000
dist_prev_vah_atr,-2.937799,-2.937799,0.0,MATCH,ATR-ES,973,1776435239000
dist_prev_val_atr,-3.894737,-3.894737,0.0,MATCH,ATR-ES,973,1776435239000
dist_prev_vwap_sd1d_atr,-3.919015,-3.919015,0.0,MATCH,ATR-ES,973,1776435239000
dist_prev_vwap_sd1u_atr,-2.952452,-2.952452,0.0,MATCH,ATR-ES,973,1776435239000
dist_sess_high_atr,0.105263,0.105263,0.0,MATCH,ATR-ES,973,1776435239000
dist_session_lvn_above_atr,0.076555,0.076555,0.0,MATCH,ATR-ES,973,1776435239000
dist_swing_high_atr,-0.631579,-0.631579,0.0,MATCH,ATR-ES,973,1776435239000
dist_vwap_d_sd1d_atr,-12.528333,-12.528333,0.0,MATCH,ATR-ES,973,1776435239000
dist_vwap_d_sd1u_atr,-0.704078,-0.704078,0.0,MATCH,ATR-ES,973,1776435239000
dist_vwap_d_sd2u_atr,0.509944,0.509944,0.0,MATCH,ATR-ES,973,1776435239000
dist_vwap_d_sd3u_atr,1.723945,1.723945,0.0,MATCH,ATR-ES,973,1776435239000
dist_comp_20d_vpoc_atr,,-20.363636363636363,,MISSING_LIVE,ATR-ES,973,1776435239000
dist_comp_50d_vpoc_atr,,-20.019138755980862,,MISSING_LIVE,ATR-ES,973,1776435239000
dist_cur_vwap_vp_atr,,-7.672398086124401,,MISSING_LIVE,ATR-ES,973,1776435239000
dist_ext_edge_buy_atr,,-0.04784688995215311,,MISSING_LIVE,ATR-ES,973,1776435239000
dist_ext_edge_sell_atr,,-0.028708133971291867,,MISSING_LIVE,ATR-ES,973,1776435239000
dist_ext_long_dn_atr,,-0.6602870813397129,,MISSING_LIVE,ATR-ES,973,1776435239000
dist_ext_long_up_atr,,-0.1339712918660287,,MISSING_LIVE,ATR-ES,973,1776435239000
dist_open_cash_atr,,-1.1578947368421053,,MISSING_LIVE,ATR-ES,973,1776435239000
dist_ovn_high_atr,,-2.2679425837320575,,MISSING_LIVE,ATR-ES,973,1776435239000
dist_ovn_low_atr,,-3.665071770334928,,MISSING_LIVE,ATR-ES,973,1776435239000
dist_prev_vpoc_atr,,-3.5023923444976077,,MISSING_LIVE,ATR-ES,973,1776435239000
dist_prev_vwap_atr,,-3.4348277511961722,,MISSING_LIVE,ATR-ES,973,1776435239000
dist_vwap_w_atr,,-5.967871770334928,,MISSING_LIVE,ATR-ES,973,1776435239000
next_wall_dist_atr,,0.07655502392344497,,MISSING_LIVE,ATR-ES,973,1776435239000
open_gap_atr,,-2.3444976076555024,,MISSING_LIVE,ATR-ES,973,1776435239000
ovn_range_atr,,1.3971291866028708,,MISSING_LIVE,ATR-ES,973,1776435239000
poc_bar_dist_atr,,0.028708133971291867,,MISSING_LIVE,ATR-ES,973,1776435239000
poc_separation_atr,,0.0,,MISSING_LIVE,ATR-ES,973,1776435239000
range_size_atr,,2.7559808612440193,,MISSING_LIVE,ATR-ES,973,1776435239000
sess_range_atr,,3.770334928229665,,MISSING_LIVE,ATR-ES,973,1776435239000
swing_range_atr,,0.7081339712918661,,MISSING_LIVE,ATR-ES,973,1776435239000
dist_blind_nearest_dn_atr,-0.5488937799043062,,,LIVE_ONLY,ATR-ES,973,1776435239000
dist_gex_nearest_dn_atr,-0.07655502392344497,,,LIVE_ONLY,ATR-ES,973,1776435239000
dist_sess_low_atr,-3.665071770334928,,,LIVE_ONLY,ATR-ES,973,1776435239000
dist_session_hvn_below_atr,0.05741626794258373,,,LIVE_ONLY,ATR-ES,973,1776435239000
dist_swing_low_atr,-1.3397129186602872,,,LIVE_ONLY,ATR-ES,973,1776435239000
dist_vix_call_atr,0.07090909090909091,,,LIVE_ONLY,ATR-ES,973,1776435239000
dist_vix_gex_nearest_dn_atr,-0.000861244019138756,,,LIVE_ONLY,ATR-ES,973,1776435239000
dist_vix_gex_nearest_up_atr,0.0039234449760765545,,,LIVE_ONLY,ATR-ES,973,1776435239000
dist_vix_hvl_atr,0.037416267942583736,,,LIVE_ONLY,ATR-ES,973,1776435239000
dist_vix_put_atr,-0.005645933014354067,,,LIVE_ONLY,ATR-ES,973,1776435239000
dist_vwap_d_sd2d_atr,-4.346105263157895,,,LIVE_ONLY,ATR-ES,973,1776435239000
dist_vwap_d_sd3d_atr,-5.560107177033493,,,LIVE_ONLY,ATR-ES,973,1776435239000
im_cross_delta_agreement_5,0.8,0.8,0.0,MATCH,IM-ES,973,1776435239000
im_open_type_agreement,0.0,0.0,0.0,MATCH,IM-ES,973,1776435239000
im_rolling_correlation_10,0.933712,0.933712,0.0,MATCH,IM-ES,973,1776435239000
im_cross_delta_weighted_5,,159.4,,MISSING_LIVE,IM-ES,973,1776435239000
im_cross_open_signal,,0.0,,MISSING_LIVE,IM-ES,973,1776435239000
im_delta_day_divergence,,1.0,,MISSING_LIVE,IM-ES,973,1776435239000
im_ltr_slope_diff,,0.10058999999999996,,MISSING_LIVE,IM-ES,973,1776435239000
im_price_ratio_slope_10,,-8.722014439621281e-06,,MISSING_LIVE,IM-ES,973,1776435239000
im_smt_divergence,,0.0,,MISSING_LIVE,IM-ES,973,1776435239000
im_volume_lead,,-489.99999999999994,,MISSING_LIVE,IM-ES,973,1776435239000
dist_1d_max_atr,-0.809291,-0.809291,0.0,MATCH,ATR-ES,1363,1776458640000
dist_1d_min_atr,-5.600605,-5.600605,0.0,MATCH,ATR-ES,1363,1776458640000
dist_comp_20d_vah_atr,-12.388717,-12.388717,0.0,MATCH,ATR-ES,1363,1776458640000
dist_comp_20d_val_atr,-30.32518,-30.32518,0.0,MATCH,ATR-ES,1363,1776458640000
dist_comp_20d_vwap_atr,-16.717513,-16.717513,0.0,MATCH,ATR-ES,1363,1776458640000
dist_comp_50d_vah_atr,-11.189204,-11.189204,0.0,MATCH,ATR-ES,1363,1776458640000
dist_comp_50d_val_atr,-24.27139,-24.27139,0.0,MATCH,ATR-ES,1363,1776458640000
dist_comp_50d_vwap_atr,-17.015048,-17.015048,0.0,MATCH,ATR-ES,1363,1776458640000
dist_cur_vah_atr,0.093712,0.093712,0.0,MATCH,ATR-ES,1363,1776458640000
dist_cur_val_atr,-0.23428,-0.23428,0.0,MATCH,ATR-ES,1363,1776458640000
dist_cur_vpoc_atr,-0.037485,-0.037485,0.0,MATCH,ATR-ES,1363,1776458640000
dist_gex_nearest_up_atr,1.405679,1.405679,0.0,MATCH,ATR-ES,1363,1776458640000
dist_mq_call_0dte_atr,-7.403242,-7.403242,0.0,MATCH,ATR-ES,1363,1776458640000
dist_mq_call_atr,-2.342798,-2.342798,0.0,MATCH,ATR-ES,1363,1776458640000
dist_mq_hvl_atr,-9.652329,-9.652329,0.0,MATCH,ATR-ES,1363,1776458640000
dist_mq_put_0dte_atr,-4.591885,-4.591885,0.0,MATCH,ATR-ES,1363,1776458640000
dist_mq_put_atr,-24.833661,-24.833661,0.0,MATCH,ATR-ES,1363,1776458640000
dist_open_830_atr,-2.811358,-2.811358,0.0,MATCH,ATR-ES,1363,1776458640000
dist_prev_vah_atr,-0.356105,-0.356105,0.0,MATCH,ATR-ES,1363,1776458640000
dist_prev_val_atr,-3.973386,-3.973386,0.0,MATCH,ATR-ES,1363,1776458640000
dist_prev_vwap_sd1d_atr,-2.960034,-2.960034,0.0,MATCH,ATR-ES,1363,1776458640000
dist_prev_vwap_sd1u_atr,0.054177,0.054177,0.0,MATCH,ATR-ES,1363,1776458640000
dist_sess_high_atr,0.871521,0.871521,0.0,MATCH,ATR-ES,1363,1776458640000
dist_session_hvn_above_atr,0.056227,0.056227,0.0,MATCH,ATR-ES,1363,1776458640000
dist_session_lvn_above_atr,0.206166,0.206166,0.0,MATCH,ATR-ES,1363,1776458640000
dist_session_lvn_below_atr,0.346734,0.346734,0.0,MATCH,ATR-ES,1363,1776458640000
dist_swing_high_atr,0.140568,0.140568,0.0,MATCH,ATR-ES,1363,1776458640000
dist_vwap_d_sd1d_atr,-0.838429,-0.838429,0.0,MATCH,ATR-ES,1363,1776458640000
dist_vwap_d_sd1u_atr,0.204592,0.204592,0.0,MATCH,ATR-ES,1363,1776458640000
dist_vwap_d_sd2u_atr,0.411692,0.411692,0.0,MATCH,ATR-ES,1363,1776458640000
dist_vwap_d_sd3u_atr,0.618773,0.618773,0.0,MATCH,ATR-ES,1363,1776458640000
dist_comp_20d_vpoc_atr,,-20.26051916408959,,MISSING_LIVE,ATR-ES,1363,1776458640000
dist_comp_50d_vpoc_atr,,-19.99812576140943,,MISSING_LIVE,ATR-ES,1363,1776458640000
dist_cur_vwap_vp_atr,,-0.010030924936744448,,MISSING_LIVE,ATR-ES,1363,1776458640000
dist_ext_edge_buy_atr,,0.0,,MISSING_LIVE,ATR-ES,1363,1776458640000
dist_ext_edge_sell_atr,,0.0093711929528629,,MISSING_LIVE,ATR-ES,1363,1776458640000
dist_ext_long_dn_atr,,0.0093711929528629,,MISSING_LIVE,ATR-ES,1363,1776458640000
dist_ext_long_up_atr,,0.0093711929528629,,MISSING_LIVE,ATR-ES,1363,1776458640000
dist_open_cash_atr,,-3.4767125855121357,,MISSING_LIVE,ATR-ES,1363,1776458640000
dist_ovn_high_atr,,0.1593102801986693,,MISSING_LIVE,ATR-ES,1363,1776458640000
dist_ovn_low_atr,,-0.4310748758316934,,MISSING_LIVE,ATR-ES,1363,1776458640000
dist_prev_vpoc_atr,,-3.176834411020523,,MISSING_LIVE,ATR-ES,1363,1776458640000
dist_prev_vwap_atr,,-1.4668840783431734,,MISSING_LIVE,ATR-ES,1363,1776458640000
dist_vwap_w_atr,,-5.270032799175335,,MISSING_LIVE,ATR-ES,1363,1776458640000
next_wall_dist_atr,,0.468559647643145,,MISSING_LIVE,ATR-ES,1363,1776458640000
open_gap_atr,,0.2998781744916128,,MISSING_LIVE,ATR-ES,1363,1776458640000
ovn_range_atr,,0.5903851560303627,,MISSING_LIVE,ATR-ES,1363,1776458640000
poc_bar_dist_atr,,0.0187423859057258,,MISSING_LIVE,ATR-ES,1363,1776458640000
poc_separation_atr,,0.0,,MISSING_LIVE,ATR-ES,1363,1776458640000
range_size_atr,,0.3279917533502015,,MISSING_LIVE,ATR-ES,1363,1776458640000
sess_range_atr,,4.854277949582982,,MISSING_LIVE,ATR-ES,1363,1776458640000
swing_range_atr,,0.2530222097272983,,MISSING_LIVE,ATR-ES,1363,1776458640000
dist_blind_nearest_dn_atr,-0.931116109080686,,,LIVE_ONLY,ATR-ES,1363,1776458640000
dist_gex_nearest_dn_atr,-0.468559647643145,,,LIVE_ONLY,ATR-ES,1363,1776458640000
dist_sess_low_atr,-3.9827570049667327,,,LIVE_ONLY,ATR-ES,1363,1776458640000
dist_swing_low_atr,-0.1124543154343548,,,LIVE_ONLY,ATR-ES,1363,1776458640000
dist_vix_call_atr,0.070471371005529,,,LIVE_ONLY,ATR-ES,1363,1776458640000
dist_vix_gex_nearest_dn_atr,-0.023240558523099992,,,LIVE_ONLY,ATR-ES,1363,1776458640000
dist_vix_gex_nearest_up_atr,0.000187423859057258,,,LIVE_ONLY,ATR-ES,1363,1776458640000
dist_vix_hvl_atr,0.037672195670508855,,,LIVE_ONLY,ATR-ES,1363,1776458640000
dist_vix_put_atr,-0.004498172617374192,,,LIVE_ONLY,ATR-ES,1363,1776458640000
dist_vwap_d_sd2d_atr,-0.416706962796364,,,LIVE_ONLY,ATR-ES,1363,1776458640000
dist_vwap_d_sd3d_atr,-0.6237887733108425,,,LIVE_ONLY,ATR-ES,1363,1776458640000
im_cross_delta_agreement_5,0.6,0.6,0.0,MATCH,IM-ES,1363,1776458640000
im_open_type_agreement,1.0,1.0,0.0,MATCH,IM-ES,1363,1776458640000
im_rolling_correlation_10,0.962628,0.962628,1e-08,MATCH,IM-ES,1363,1776458640000
im_cross_delta_weighted_5,,14.2,,MISSING_LIVE,IM-ES,1363,1776458640000
im_cross_open_signal,,0.85,,MISSING_LIVE,IM-ES,1363,1776458640000
im_delta_day_divergence,,-1.0,,MISSING_LIVE,IM-ES,1363,1776458640000
im_ltr_slope_diff,,-0.09465000000000001,,MISSING_LIVE,IM-ES,1363,1776458640000
im_price_ratio_slope_10,,-1.121596320950082e-06,,MISSING_LIVE,IM-ES,1363,1776458640000
im_smt_divergence,,0.0,,MISSING_LIVE,IM-ES,1363,1776458640000
im_volume_lead,,-63.9,,MISSING_LIVE,IM-ES,1363,1776458640000
dist_1d_max_atr,1.941165,1.941165,0.0,MATCH,ATR-ES,773,1776423240000
dist_1d_min_atr,-3.15788,-3.15788,0.0,MATCH,ATR-ES,773,1776423240000
dist_blind_nearest_up_atr,0.295998,0.295998,0.0,MATCH,ATR-ES,773,1776423240000
dist_comp_20d_vah_atr,-11.179815,-11.179815,0.0,MATCH,ATR-ES,773,1776423240000
dist_comp_20d_val_atr,-29.410591,-29.410591,0.0,MATCH,ATR-ES,773,1776423240000
dist_comp_20d_vwap_atr,-16.069522,-16.069522,0.0,MATCH,ATR-ES,773,1776423240000
dist_comp_50d_vah_atr,-9.494365,-9.494365,0.0,MATCH,ATR-ES,773,1776423240000
dist_comp_50d_val_atr,-23.027825,-23.027825,0.0,MATCH,ATR-ES,773,1776423240000
dist_comp_50d_vwap_atr,-16.053978,-16.053978,0.0,MATCH,ATR-ES,773,1776423240000
dist_cur_vah_atr,-0.508627,-0.508627,0.0,MATCH,ATR-ES,773,1776423240000
dist_cur_val_atr,-1.067119,-1.067119,0.0,MATCH,ATR-ES,773,1776423240000
dist_cur_vpoc_atr,-0.578438,-0.578438,0.0,MATCH,ATR-ES,773,1776423240000
dist_gex_nearest_up_atr,1.306473,1.306473,0.0,MATCH,ATR-ES,773,1776423240000
dist_mq_call_0dte_atr,-5.076294,-5.076294,0.0,MATCH,ATR-ES,773,1776423240000
dist_mq_call_atr,0.309165,0.309165,0.0,MATCH,ATR-ES,773,1776423240000
dist_mq_hvl_atr,-7.469831,-7.469831,0.0,MATCH,ATR-ES,773,1776423240000
dist_mq_put_0dte_atr,-2.084372,-2.084372,0.0,MATCH,ATR-ES,773,1776423240000
dist_mq_put_atr,-23.626209,-23.626209,0.0,MATCH,ATR-ES,773,1776423240000
dist_open_830_atr,-0.189488,-0.189488,0.0,MATCH,ATR-ES,773,1776423240000
dist_prev_vah_atr,-0.678169,-0.678169,0.0,MATCH,ATR-ES,773,1776423240000
dist_prev_val_atr,-1.675476,-1.675476,0.0,MATCH,ATR-ES,773,1776423240000
dist_prev_vwap_sd1d_atr,-1.700779,-1.700779,0.0,MATCH,ATR-ES,773,1776423240000
dist_prev_vwap_sd1u_atr,-0.69344,-0.69344,0.0,MATCH,ATR-ES,773,1776423240000
dist_sess_high_atr,0.12965,0.12965,0.0,MATCH,ATR-ES,773,1776423240000
dist_session_lvn_above_atr,0.079785,0.079785,0.0,MATCH,ATR-ES,773,1776423240000
dist_session_lvn_below_atr,0.159569,0.159569,0.0,MATCH,ATR-ES,773,1776423240000
dist_swing_high_atr,0.12965,0.12965,0.0,MATCH,ATR-ES,773,1776423240000
dist_vwap_d_sd1d_atr,-4.167185,-4.167185,0.0,MATCH,ATR-ES,773,1776423240000
dist_vwap_d_sd1u_atr,-0.475824,-0.475824,0.0,MATCH,ATR-ES,773,1776423240000
dist_vwap_d_sd2u_atr,-0.192858,-0.192858,0.0,MATCH,ATR-ES,773,1776423240000
dist_vwap_d_sd3u_atr,0.090128,0.090128,0.0,MATCH,ATR-ES,773,1776423240000
dist_comp_20d_vpoc_atr,,-18.83913433728932,,MISSING_LIVE,ATR-ES,773,1776423240000
dist_comp_50d_vpoc_atr,,-18.48010371995612,,MISSING_LIVE,ATR-ES,773,1776423240000
dist_cur_vwap_vp_atr,,-3.035240849705794,,MISSING_LIVE,ATR-ES,773,1776423240000
dist_ext_edge_buy_atr,,-0.05983843622220006,,MISSING_LIVE,ATR-ES,773,1776423240000
dist_ext_edge_sell_atr,,0.039892290814800044,,MISSING_LIVE,ATR-ES,773,1776423240000
dist_ext_long_dn_atr,,-0.11967687244440012,,MISSING_LIVE,ATR-ES,773,1776423240000
dist_ext_long_up_atr,,-0.4587613443702005,,MISSING_LIVE,ATR-ES,773,1776423240000
dist_open_cash_atr,,-0.897576543333001,,MISSING_LIVE,ATR-ES,773,1776423240000
dist_ovn_high_atr,,0.019946145407400022,,MISSING_LIVE,ATR-ES,773,1776423240000
dist_ovn_low_atr,,-1.4361224693328014,,MISSING_LIVE,ATR-ES,773,1776423240000
dist_prev_vpoc_atr,,-1.2665802333699012,,MISSING_LIVE,ATR-ES,773,1776423240000
dist_prev_vwap_atr,,-1.1961653535454273,,MISSING_LIVE,ATR-ES,773,1776423240000
dist_vwap_w_atr,,-4.351415179016655,,MISSING_LIVE,ATR-ES,773,1776423240000
next_wall_dist_atr,,0.6881420165553007,,MISSING_LIVE,ATR-ES,773,1776423240000
open_gap_atr,,-0.36900369003690037,,MISSING_LIVE,ATR-ES,773,1776423240000
ovn_range_atr,,1.4560686147402016,,MISSING_LIVE,ATR-ES,773,1776423240000
poc_bar_dist_atr,,0.009973072703700011,,MISSING_LIVE,ATR-ES,773,1776423240000
poc_separation_atr,,0.0,,MISSING_LIVE,ATR-ES,773,1776423240000
range_size_atr,,0.5584920714072006,,MISSING_LIVE,ATR-ES,773,1776423240000
sess_range_atr,,1.5657724144809015,,MISSING_LIVE,ATR-ES,773,1776423240000
swing_range_atr,,0.2991921811110003,,MISSING_LIVE,ATR-ES,773,1776423240000
dist_blind_nearest_dn_atr,-0.2034546723845617,,,LIVE_ONLY,ATR-ES,773,1776423240000
dist_gex_nearest_dn_atr,-0.6881420165553007,,,LIVE_ONLY,ATR-ES,773,1776423240000
dist_sess_low_atr,-1.4361224693328014,,,LIVE_ONLY,ATR-ES,773,1776423240000
dist_session_hvn_below_atr,0.05983843622220006,,,LIVE_ONLY,ATR-ES,773,1776423240000
dist_swing_low_atr,-0.1695422359629002,,,LIVE_ONLY,ATR-ES,773,1776423240000
dist_vix_call_atr,0.06931285529071507,,,LIVE_ONLY,ATR-ES,773,1776423240000
dist_vix_gex_nearest_dn_atr,-0.0004986536351850006,,,LIVE_ONLY,ATR-ES,773,1776423240000
dist_vix_gex_nearest_up_atr,0.00947441906851501,,,LIVE_ONLY,ATR-ES,773,1776423240000
dist_vix_hvl_atr,0.03440710082776504,,,LIVE_ONLY,ATR-ES,773,1776423240000
dist_vix_put_atr,-0.010471726338885011,,,LIVE_ONLY,ATR-ES,773,1776423240000
dist_vwap_d_sd2d_atr,-1.3247631395232873,,,LIVE_ONLY,ATR-ES,773,1776423240000
dist_vwap_d_sd3d_atr,-1.607749077490775,,,LIVE_ONLY,ATR-ES,773,1776423240000
im_cross_delta_agreement_5,0.6,0.6,0.0,MATCH,IM-ES,773,1776423240000
im_open_type_agreement,0.0,0.0,0.0,MATCH,IM-ES,773,1776423240000
im_rolling_correlation_10,0.978171,0.978171,0.0,MATCH,IM-ES,773,1776423240000
im_cross_delta_weighted_5,,1.8,,MISSING_LIVE,IM-ES,773,1776423240000
im_cross_open_signal,,0.0,,MISSING_LIVE,IM-ES,773,1776423240000
im_delta_day_divergence,,0.0,,MISSING_LIVE,IM-ES,773,1776423240000
im_ltr_slope_diff,,0.40269,,MISSING_LIVE,IM-ES,773,1776423240000
im_price_ratio_slope_10,,-6.98508531771763e-06,,MISSING_LIVE,IM-ES,773,1776423240000
im_smt_divergence,,0.0,,MISSING_LIVE,IM-ES,773,1776423240000
im_volume_lead,,-4.800000000000001,,MISSING_LIVE,IM-ES,773,1776423240000
dist_1d_max_atr,-0.846775,-0.846775,0.0,MATCH,ATR-ES,1323,1776456239000
dist_1d_min_atr,-5.63809,-5.63809,0.0,MATCH,ATR-ES,1323,1776456239000
dist_comp_20d_vah_atr,-12.444944,-12.444944,0.0,MATCH,ATR-ES,1323,1776456239000
dist_comp_20d_val_atr,-30.362665,-30.362665,0.0,MATCH,ATR-ES,1323,1776456239000
dist_comp_20d_vwap_atr,-16.768377,-16.768377,0.0,MATCH,ATR-ES,1323,1776456239000
dist_comp_50d_vah_atr,-11.23606,-11.23606,0.0,MATCH,ATR-ES,1323,1776456239000
dist_comp_50d_val_atr,-24.308875,-24.308875,0.0,MATCH,ATR-ES,1323,1776456239000
dist_comp_50d_vwap_atr,-17.062929,-17.062929,0.0,MATCH,ATR-ES,1323,1776456239000
dist_cur_vah_atr,0.056227,0.056227,0.0,MATCH,ATR-ES,1323,1776456239000
dist_cur_val_atr,-0.271765,-0.271765,0.0,MATCH,ATR-ES,1323,1776456239000
dist_cur_vpoc_atr,-0.07497,-0.07497,0.0,MATCH,ATR-ES,1323,1776456239000
dist_gex_nearest_up_atr,1.368194,1.368194,0.0,MATCH,ATR-ES,1323,1776456239000
dist_mq_call_0dte_atr,-7.440727,-7.440727,0.0,MATCH,ATR-ES,1323,1776456239000
dist_mq_call_atr,-2.380283,-2.380283,0.0,MATCH,ATR-ES,1323,1776456239000
dist_mq_hvl_atr,-9.689814,-9.689814,0.0,MATCH,ATR-ES,1323,1776456239000
dist_mq_put_0dte_atr,-4.629369,-4.629369,0.0,MATCH,ATR-ES,1323,1776456239000
dist_mq_put_atr,-24.871146,-24.871146,0.0,MATCH,ATR-ES,1323,1776456239000
dist_open_830_atr,-2.848843,-2.848843,0.0,MATCH,ATR-ES,1323,1776456239000
dist_prev_vah_atr,-0.39359,-0.39359,0.0,MATCH,ATR-ES,1323,1776456239000
dist_prev_val_atr,-4.010871,-4.010871,0.0,MATCH,ATR-ES,1323,1776456239000
dist_prev_vwap_sd1d_atr,-2.997519,-2.997519,0.0,MATCH,ATR-ES,1323,1776456239000
dist_prev_vwap_sd1u_atr,0.016692,0.016692,0.0,MATCH,ATR-ES,1323,1776456239000
dist_sess_high_atr,0.834036,0.834036,0.0,MATCH,ATR-ES,1323,1776456239000
dist_session_lvn_above_atr,0.07497,0.07497,0.0,MATCH,ATR-ES,1323,1776456239000
dist_session_lvn_below_atr,0.384219,0.384219,0.0,MATCH,ATR-ES,1323,1776456239000
dist_swing_high_atr,0.07497,0.07497,0.0,MATCH,ATR-ES,1323,1776456239000
dist_vwap_d_sd1d_atr,-1.007917,-1.007917,0.0,MATCH,ATR-ES,1323,1776456239000
dist_vwap_d_sd1u_atr,0.168151,0.168151,0.0,MATCH,ATR-ES,1323,1776456239000
dist_vwap_d_sd2u_atr,0.378197,0.378197,0.0,MATCH,ATR-ES,1323,1776456239000
dist_vwap_d_sd3u_atr,0.588262,0.588262,0.0,MATCH,ATR-ES,1323,1776456239000
dist_comp_20d_vpoc_atr,,-20.29800393590104,,MISSING_LIVE,ATR-ES,1323,1776456239000
dist_comp_50d_vpoc_atr,,-20.03561053322088,,MISSING_LIVE,ATR-ES,1323,1776456239000
dist_cur_vwap_vp_atr,,-0.16765813888107955,,MISSING_LIVE,ATR-ES,1323,1776456239000
dist_ext_edge_buy_atr,,0.0187423859057258,,MISSING_LIVE,ATR-ES,1323,1776456239000
dist_ext_edge_sell_atr,,-0.0187423859057258,,MISSING_LIVE,ATR-ES,1323,1776456239000
dist_ext_long_dn_atr,,0.0281135788585887,,MISSING_LIVE,ATR-ES,1323,1776456239000
dist_ext_long_up_atr,,0.0093711929528629,,MISSING_LIVE,ATR-ES,1323,1776456239000
dist_open_cash_atr,,-3.5141973573235874,,MISSING_LIVE,ATR-ES,1323,1776456239000
dist_ovn_high_atr,,0.1218255083872177,,MISSING_LIVE,ATR-ES,1323,1776456239000
dist_ovn_low_atr,,-0.468559647643145,,MISSING_LIVE,ATR-ES,1323,1776456239000
dist_prev_vpoc_atr,,-3.2143191828319746,,MISSING_LIVE,ATR-ES,1323,1776456239000
dist_prev_vwap_atr,,-1.5043688501546248,,MISSING_LIVE,ATR-ES,1323,1776456239000
dist_vwap_w_atr,,-5.32572954737138,,MISSING_LIVE,ATR-ES,1323,1776456239000
next_wall_dist_atr,,0.5060444194545966,,MISSING_LIVE,ATR-ES,1323,1776456239000
open_gap_atr,,0.2998781744916128,,MISSING_LIVE,ATR-ES,1323,1776456239000
ovn_range_atr,,0.5903851560303627,,MISSING_LIVE,ATR-ES,1323,1776456239000
poc_bar_dist_atr,,0.0187423859057258,,MISSING_LIVE,ATR-ES,1323,1776456239000
poc_separation_atr,,0.0,,MISSING_LIVE,ATR-ES,1323,1776456239000
range_size_atr,,0.3279917533502015,,MISSING_LIVE,ATR-ES,1323,1776456239000
sess_range_atr,,4.854277949582982,,MISSING_LIVE,ATR-ES,1323,1776456239000
swing_range_atr,,0.2717645956330241,,MISSING_LIVE,ATR-ES,1323,1776456239000
dist_blind_nearest_dn_atr,-0.9686008808921376,,,LIVE_ONLY,ATR-ES,1323,1776456239000
dist_gex_nearest_dn_atr,-0.5060444194545966,,,LIVE_ONLY,ATR-ES,1323,1776456239000
dist_sess_low_atr,-4.020241776778184,,,LIVE_ONLY,ATR-ES,1323,1776456239000
dist_session_hvn_below_atr,0.0655983506700403,,,LIVE_ONLY,ATR-ES,1323,1776456239000
dist_swing_low_atr,-0.1967950520101209,,,LIVE_ONLY,ATR-ES,1323,1776456239000
dist_vix_call_atr,0.07075250679411489,,,LIVE_ONLY,ATR-ES,1323,1776456239000
dist_vix_gex_nearest_dn_atr,-0.022959422734514106,,,LIVE_ONLY,ATR-ES,1323,1776456239000
dist_vix_gex_nearest_up_atr,0.000468559647643145,,,LIVE_ONLY,ATR-ES,1323,1776456239000
dist_vix_hvl_atr,0.03795333145909474,,,LIVE_ONLY,ATR-ES,1323,1776456239000
dist_vix_put_atr,-0.004217036828788305,,,LIVE_ONLY,ATR-ES,1323,1776456239000
dist_vwap_d_sd2d_atr,-0.4620251147971137,,,LIVE_ONLY,ATR-ES,1323,1776456239000
dist_vwap_d_sd3d_atr,-0.6720907131477838,,,LIVE_ONLY,ATR-ES,1323,1776456239000
im_cross_delta_agreement_5,0.4,0.4,0.0,MATCH,IM-ES,1323,1776456239000
im_open_type_agreement,1.0,1.0,0.0,MATCH,IM-ES,1323,1776456239000
im_rolling_correlation_10,0.467233,0.467233,1e-08,MATCH,IM-ES,1323,1776456239000
im_cross_delta_weighted_5,,14.4,,MISSING_LIVE,IM-ES,1323,1776456239000
im_cross_open_signal,,0.85,,MISSING_LIVE,IM-ES,1323,1776456239000
im_delta_day_divergence,,-1.0,,MISSING_LIVE,IM-ES,1323,1776456239000
im_ltr_slope_diff,,-0.006510000000000016,,MISSING_LIVE,IM-ES,1323,1776456239000
im_price_ratio_slope_10,,-7.763046422382797e-06,,MISSING_LIVE,IM-ES,1323,1776456239000
im_smt_divergence,,0.0,,MISSING_LIVE,IM-ES,1323,1776456239000
im_volume_lead,,-2555.1,,MISSING_LIVE,IM-ES,1323,1776456239000
dist_1d_max_atr,1.045291,1.045291,0.0,MATCH,ATR-ES,875,1776429360000
dist_1d_min_atr,-3.966287,-3.966287,0.0,MATCH,ATR-ES,875,1776429360000
dist_blind_nearest_up_atr,0.917865,0.917865,0.0,MATCH,ATR-ES,875,1776429360000
dist_comp_20d_vah_atr,-11.840816,-11.840816,0.0,MATCH,ATR-ES,875,1776429360000
dist_comp_20d_val_atr,-29.768673,-29.768673,0.0,MATCH,ATR-ES,875,1776429360000
dist_comp_20d_vwap_atr,-16.627522,-16.627522,0.0,MATCH,ATR-ES,875,1776429360000
dist_comp_50d_vah_atr,-10.174476,-10.174476,0.0,MATCH,ATR-ES,875,1776429360000
dist_comp_50d_val_atr,-23.495393,-23.495393,0.0,MATCH,ATR-ES,875,1776429360000
dist_comp_50d_vwap_atr,-16.618199,-16.618199,0.0,MATCH,ATR-ES,875,1776429360000
dist_cur_vah_atr,-1.362478,-1.362478,0.0,MATCH,ATR-ES,875,1776429360000
dist_cur_val_atr,-2.00941,-2.00941,0.0,MATCH,ATR-ES,875,1776429360000
dist_cur_vpoc_atr,-1.431092,-1.431092,0.0,MATCH,ATR-ES,875,1776429360000
dist_gex_nearest_up_atr,0.421486,0.421486,0.0,MATCH,ATR-ES,875,1776429360000
dist_mq_call_0dte_atr,-5.851794,-5.851794,0.0,MATCH,ATR-ES,875,1776429360000
dist_mq_call_atr,-0.558714,-0.558714,0.0,MATCH,ATR-ES,875,1776429360000
dist_mq_hvl_atr,-8.204274,-8.204274,0.0,MATCH,ATR-ES,875,1776429360000
dist_mq_put_0dte_atr,-2.911194,-2.911194,0.0,MATCH,ATR-ES,875,1776429360000
dist_mq_put_atr,-24.083513,-24.083513,0.0,MATCH,ATR-ES,875,1776429360000
dist_open_830_atr,-1.048814,-1.048814,0.0,MATCH,ATR-ES,875,1776429360000
dist_prev_vah_atr,-1.529112,-1.529112,0.0,MATCH,ATR-ES,875,1776429360000
dist_prev_val_atr,-2.509312,-2.509312,0.0,MATCH,ATR-ES,875,1776429360000
dist_prev_vwap_sd1d_atr,-2.534181,-2.534181,0.0,MATCH,ATR-ES,875,1776429360000
dist_prev_vwap_sd1u_atr,-1.544121,-1.544121,0.0,MATCH,ATR-ES,875,1776429360000
dist_sess_high_atr,0.225446,0.225446,0.0,MATCH,ATR-ES,875,1776429360000
dist_session_hvn_above_atr,0.039208,0.039208,0.0,MATCH,ATR-ES,875,1776429360000
dist_session_lvn_above_atr,0.058812,0.058812,0.0,MATCH,ATR-ES,875,1776429360000
dist_session_lvn_below_atr,0.039208,0.039208,0.0,MATCH,ATR-ES,875,1776429360000
dist_swing_high_atr,-0.29406,-0.29406,0.0,MATCH,ATR-ES,875,1776429360000
dist_vwap_d_sd1d_atr,-7.88456,-7.88456,0.0,MATCH,ATR-ES,875,1776429360000
dist_vwap_d_sd1u_atr,-1.009395,-1.009395,0.0,MATCH,ATR-ES,875,1776429360000
dist_vwap_d_sd2u_atr,-0.528523,-0.528523,0.0,MATCH,ATR-ES,875,1776429360000
dist_vwap_d_sd3u_atr,-0.04765,-0.04765,0.0,MATCH,ATR-ES,875,1776429360000
dist_comp_20d_vpoc_atr,,-19.37855322485787,,MISSING_LIVE,ATR-ES,875,1776429360000
dist_comp_50d_vpoc_atr,,-19.02568123897275,,MISSING_LIVE,ATR-ES,875,1776429360000
dist_cur_vwap_vp_atr,,-5.961070378357186,,MISSING_LIVE,ATR-ES,875,1776429360000
dist_ext_edge_buy_atr,,-0.009801999607920017,,MISSING_LIVE,ATR-ES,875,1776429360000
dist_ext_edge_sell_atr,,-1.4850029405998824,,MISSING_LIVE,ATR-ES,875,1776429360000
dist_ext_long_dn_atr,,-0.2940599882376005,,MISSING_LIVE,ATR-ES,875,1776429360000
dist_ext_long_up_atr,,-0.3626739854930406,,MISSING_LIVE,ATR-ES,875,1776429360000
dist_open_cash_atr,,-1.7447559302097628,,MISSING_LIVE,ATR-ES,875,1776429360000
dist_ovn_high_atr,,-0.8429719662811214,,MISSING_LIVE,ATR-ES,875,1776429360000
dist_ovn_low_atr,,-2.274063909037444,,MISSING_LIVE,ATR-ES,875,1776429360000
dist_prev_vpoc_atr,,-2.1074299157028036,,MISSING_LIVE,ATR-ES,875,1776429360000
dist_prev_vwap_atr,,-2.0382228974710843,,MISSING_LIVE,ATR-ES,875,1776429360000
dist_vwap_w_atr,,-5.092502450499902,,MISSING_LIVE,ATR-ES,875,1776429360000
next_wall_dist_atr,,0.4214859831405607,,MISSING_LIVE,ATR-ES,875,1776429360000
open_gap_atr,,-0.3626739854930406,,MISSING_LIVE,ATR-ES,875,1776429360000
ovn_range_atr,,1.4310919427563225,,MISSING_LIVE,ATR-ES,875,1776429360000
poc_bar_dist_atr,,0.0,,MISSING_LIVE,ATR-ES,875,1776429360000
poc_separation_atr,,0.0,,MISSING_LIVE,ATR-ES,875,1776429360000
range_size_atr,,0.6469319741227211,,MISSING_LIVE,ATR-ES,875,1776429360000
sess_range_atr,,2.499509900019604,,MISSING_LIVE,ATR-ES,875,1776429360000
swing_range_atr,,0.19603999215840032,,MISSING_LIVE,ATR-ES,875,1776429360000
dist_blind_nearest_dn_atr,-0.1282111350715546,,,LIVE_ONLY,ATR-ES,875,1776429360000
dist_gex_nearest_dn_atr,-1.5389139384434425,,,LIVE_ONLY,ATR-ES,875,1776429360000
dist_sess_low_atr,-2.274063909037444,,,LIVE_ONLY,ATR-ES,875,1776429360000
dist_session_hvn_below_atr,0.20584199176632034,,,LIVE_ONLY,ATR-ES,875,1776429360000
dist_swing_low_atr,-0.4900999803960008,,,LIVE_ONLY,ATR-ES,875,1776429360000
dist_vix_call_atr,0.07184865712605372,,,LIVE_ONLY,ATR-ES,875,1776429360000
dist_vix_gex_nearest_dn_atr,-0.001666339933346403,,,LIVE_ONLY,ATR-ES,875,1776429360000
dist_vix_gex_nearest_up_atr,0.0032346598706136055,,,LIVE_ONLY,ATR-ES,875,1776429360000
dist_vix_hvl_atr,0.037541658498333665,,,LIVE_ONLY,ATR-ES,875,1776429360000
dist_vix_put_atr,-0.006567339737306411,,,LIVE_ONLY,ATR-ES,875,1776429360000
dist_vwap_d_sd2d_atr,-2.452012350519506,,,LIVE_ONLY,ATR-ES,875,1776429360000
dist_vwap_d_sd3d_atr,-2.932884728484611,,,LIVE_ONLY,ATR-ES,875,1776429360000
im_cross_delta_agreement_5,0.6,0.6,0.0,MATCH,IM-ES,875,1776429360000
im_open_type_agreement,0.0,0.0,0.0,MATCH,IM-ES,875,1776429360000
im_rolling_correlation_10,0.965604,0.965604,0.0,MATCH,IM-ES,875,1776429360000
im_cross_delta_weighted_5,,40.4,,MISSING_LIVE,IM-ES,875,1776429360000
im_cross_open_signal,,0.0,,MISSING_LIVE,IM-ES,875,1776429360000
im_delta_day_divergence,,1.0,,MISSING_LIVE,IM-ES,875,1776429360000
im_ltr_slope_diff,,-0.03349000000000002,,MISSING_LIVE,IM-ES,875,1776429360000
im_price_ratio_slope_10,,-3.687563690334843e-06,,MISSING_LIVE,IM-ES,875,1776429360000
im_smt_divergence,,0.0,,MISSING_LIVE,IM-ES,875,1776429360000
im_volume_lead,,-235.6,,MISSING_LIVE,IM-ES,875,1776429360000
dist_1d_max_atr,-0.762435,-0.762435,0.0,MATCH,ATR-ES,1246,1776451619000
dist_1d_min_atr,-5.553749,-5.553749,0.0,MATCH,ATR-ES,1246,1776451619000
dist_comp_20d_vah_atr,-12.529285,-12.529285,0.0,MATCH,ATR-ES,1246,1776451619000
dist_comp_20d_val_atr,-30.278324,-30.278324,0.0,MATCH,ATR-ES,1246,1776451619000
dist_comp_20d_vwap_atr,-16.826416,-16.826416,0.0,MATCH,ATR-ES,1246,1776451619000
dist_comp_50d_vah_atr,-11.207947,-11.207947,0.0,MATCH,ATR-ES,1246,1776451619000
dist_comp_50d_val_atr,-24.224534,-24.224534,0.0,MATCH,ATR-ES,1246,1776451619000
dist_comp_50d_vwap_atr,-17.089084,-17.089084,0.0,MATCH,ATR-ES,1246,1776451619000
dist_cur_vah_atr,0.215537,0.215537,0.0,MATCH,ATR-ES,1246,1776451619000
dist_cur_val_atr,-0.253022,-0.253022,0.0,MATCH,ATR-ES,1246,1776451619000
dist_cur_vpoc_atr,-0.056227,-0.056227,0.0,MATCH,ATR-ES,1246,1776451619000
dist_gex_nearest_up_atr,1.452535,1.452535,0.0,MATCH,ATR-ES,1246,1776451619000
dist_ib_high_atr,-0.206166,-0.206166,0.0,MATCH,ATR-ES,1246,1776451619000
dist_ib_low_atr,-1.658701,-1.658701,0.0,MATCH,ATR-ES,1246,1776451619000
dist_mq_call_0dte_atr,-7.356386,-7.356386,0.0,MATCH,ATR-ES,1246,1776451619000
dist_mq_call_atr,-2.295942,-2.295942,0.0,MATCH,ATR-ES,1246,1776451619000
dist_mq_hvl_atr,-9.605473,-9.605473,0.0,MATCH,ATR-ES,1246,1776451619000
dist_mq_put_0dte_atr,-4.545029,-4.545029,0.0,MATCH,ATR-ES,1246,1776451619000
dist_mq_put_atr,-24.786805,-24.786805,0.0,MATCH,ATR-ES,1246,1776451619000
dist_open_830_atr,-2.764502,-2.764502,0.0,MATCH,ATR-ES,1246,1776451619000
dist_prev_vah_atr,-0.309249,-0.309249,0.0,MATCH,ATR-ES,1246,1776451619000
dist_prev_val_atr,-3.92653,-3.92653,0.0,MATCH,ATR-ES,1246,1776451619000
dist_prev_vwap_sd1d_atr,-2.913178,-2.913178,0.0,MATCH,ATR-ES,1246,1776451619000
dist_prev_vwap_sd1u_atr,0.101033,0.101033,0.0,MATCH,ATR-ES,1246,1776451619000
dist_sess_high_atr,0.918377,0.918377,0.0,MATCH,ATR-ES,1246,1776451619000
dist_session_hvn_above_atr,0.046856,0.046856,0.0,MATCH,ATR-ES,1246,1776451619000
dist_session_lvn_above_atr,0.281136,0.281136,0.0,MATCH,ATR-ES,1246,1776451619000
dist_session_lvn_below_atr,0.271765,0.271765,0.0,MATCH,ATR-ES,1246,1776451619000
dist_swing_high_atr,0.15931,0.15931,0.0,MATCH,ATR-ES,1246,1776451619000
dist_vwap_d_sd1d_atr,-0.424121,-0.424121,0.0,MATCH,ATR-ES,1246,1776451619000
dist_vwap_d_sd1u_atr,0.348217,0.348217,0.0,MATCH,ATR-ES,1246,1776451619000
dist_vwap_d_sd2u_atr,0.575358,0.575358,0.0,MATCH,ATR-ES,1246,1776451619000
dist_vwap_d_sd3u_atr,0.802481,0.802481,0.0,MATCH,ATR-ES,1246,1776451619000
dist_comp_20d_vpoc_atr,,-20.213663199325275,,MISSING_LIVE,ATR-ES,1246,1776451619000
dist_comp_50d_vpoc_atr,,-19.951269796645114,,MISSING_LIVE,ATR-ES,1246,1776451619000
dist_cur_vwap_vp_atr,,0.4844456939368382,,MISSING_LIVE,ATR-ES,1246,1776451619000
dist_ext_edge_buy_atr,,0.0093711929528629,,MISSING_LIVE,ATR-ES,1246,1776451619000
dist_ext_edge_sell_atr,,-0.0281135788585887,,MISSING_LIVE,ATR-ES,1246,1776451619000
dist_ext_long_dn_atr,,-0.0468559647643145,,MISSING_LIVE,ATR-ES,1246,1776451619000
dist_ext_long_up_atr,,0.0562271577171774,,MISSING_LIVE,ATR-ES,1246,1776451619000
dist_open_cash_atr,,-1.4806484865523382,,MISSING_LIVE,ATR-ES,1246,1776451619000
dist_ovn_high_atr,,0.2061662449629838,,MISSING_LIVE,ATR-ES,1246,1776451619000
dist_ovn_low_atr,,-0.3186205603973386,,MISSING_LIVE,ATR-ES,1246,1776451619000
dist_prev_vpoc_atr,,-3.129978446256209,,MISSING_LIVE,ATR-ES,1246,1776451619000
dist_prev_vwap_atr,,-1.4200281135788588,,MISSING_LIVE,ATR-ES,1246,1776451619000
dist_vwap_w_atr,,-5.437909286852217,,MISSING_LIVE,ATR-ES,1246,1776451619000
next_wall_dist_atr,,0.4217036828788305,,MISSING_LIVE,ATR-ES,1246,1776451619000
open_gap_atr,,-1.6493299597038704,,MISSING_LIVE,ATR-ES,1246,1776451619000
ovn_range_atr,,0.5247868053603224,,MISSING_LIVE,ATR-ES,1246,1776451619000
poc_bar_dist_atr,,0.0,,MISSING_LIVE,ATR-ES,1246,1776451619000
poc_separation_atr,,0.0,,MISSING_LIVE,ATR-ES,1246,1776451619000
range_size_atr,,0.468559647643145,,MISSING_LIVE,ATR-ES,1246,1776451619000
sess_range_atr,,4.854277949582982,,MISSING_LIVE,ATR-ES,1246,1776451619000
swing_range_atr,,0.4779308405960079,,MISSING_LIVE,ATR-ES,1246,1776451619000
dist_blind_nearest_dn_atr,-0.8842601443163715,,,LIVE_ONLY,ATR-ES,1246,1776451619000
dist_gex_nearest_dn_atr,-0.4217036828788305,,,LIVE_ONLY,ATR-ES,1246,1776451619000
dist_sess_low_atr,-3.935901040202418,,,LIVE_ONLY,ATR-ES,1246,1776451619000
dist_session_hvn_below_atr,0.0093711929528629,,,LIVE_ONLY,ATR-ES,1246,1776451619000
dist_swing_low_atr,-0.3186205603973386,,,LIVE_ONLY,ATR-ES,1246,1776451619000
dist_vix_call_atr,0.06972167556929998,,,LIVE_ONLY,ATR-ES,1246,1776451619000
dist_vix_gex_nearest_dn_atr,-0.000562271577171774,,,LIVE_ONLY,ATR-ES,1246,1776451619000
dist_vix_gex_nearest_up_atr,0.004123324899259676,,,LIVE_ONLY,ATR-ES,1246,1776451619000
dist_vix_hvl_atr,0.03692250023427983,,,LIVE_ONLY,ATR-ES,1246,1776451619000
dist_vix_put_atr,-0.0052478680536032244,,,LIVE_ONLY,ATR-ES,1246,1776451619000
dist_vwap_d_sd2d_atr,-0.3331712116952488,,,LIVE_ONLY,ATR-ES,1246,1776451619000
dist_vwap_d_sd3d_atr,-0.5602951925780152,,,LIVE_ONLY,ATR-ES,1246,1776451619000
im_cross_delta_agreement_5,0.6,0.6,0.0,MATCH,IM-ES,1246,1776451619000
im_open_type_agreement,1.0,1.0,0.0,MATCH,IM-ES,1246,1776451619000
im_rolling_correlation_10,0.942684,0.942684,0.0,MATCH,IM-ES,1246,1776451619000
im_cross_delta_weighted_5,,37.6,,MISSING_LIVE,IM-ES,1246,1776451619000
im_cross_open_signal,,0.85,,MISSING_LIVE,IM-ES,1246,1776451619000
im_delta_day_divergence,,-1.0,,MISSING_LIVE,IM-ES,1246,1776451619000
im_ltr_slope_diff,,-0.003930000000000012,,MISSING_LIVE,IM-ES,1246,1776451619000
im_price_ratio_slope_10,,-2.266696022272067e-06,,MISSING_LIVE,IM-ES,1246,1776451619000
im_smt_divergence,,0.0,,MISSING_LIVE,IM-ES,1246,1776451619000
im_volume_lead,,179.6,,MISSING_LIVE,IM-ES,1246,1776451619000
dist_1d_max_atr,0.169654,0.169654,0.0,MATCH,ATR-ES,950,1776433859000
dist_1d_min_atr,-4.747457,-4.747457,0.0,MATCH,ATR-ES,950,1776433859000
dist_blind_nearest_up_atr,0.04463,0.04463,0.0,MATCH,ATR-ES,950,1776433859000
dist_comp_20d_vah_atr,-12.386997,-12.386997,0.0,MATCH,ATR-ES,950,1776433859000
dist_comp_20d_val_atr,-30.063474,-30.063474,0.0,MATCH,ATR-ES,950,1776433859000
dist_comp_20d_vwap_atr,-16.974794,-16.974794,0.0,MATCH,ATR-ES,950,1776433859000
dist_comp_50d_vah_atr,-10.771302,-10.771302,0.0,MATCH,ATR-ES,950,1776433859000
dist_comp_50d_val_atr,-23.908444,-23.908444,0.0,MATCH,ATR-ES,950,1776433859000
dist_comp_50d_vwap_atr,-17.005355,-17.005355,0.0,MATCH,ATR-ES,950,1776433859000
dist_cur_vah_atr,-0.480862,-0.480862,0.0,MATCH,ATR-ES,950,1776433859000
dist_cur_val_atr,-3.077515,-3.077515,0.0,MATCH,ATR-ES,950,1776433859000
dist_cur_vpoc_atr,-2.26005,-2.26005,0.0,MATCH,ATR-ES,950,1776433859000
dist_gex_nearest_up_atr,0.519331,0.519331,0.0,MATCH,ATR-ES,950,1776433859000
dist_ib_high_atr,0.048086,0.048086,0.0,MATCH,ATR-ES,950,1776433859000
dist_ib_low_atr,-0.750144,-0.750144,0.0,MATCH,ATR-ES,950,1776433859000
dist_mq_call_0dte_atr,-6.597423,-6.597423,0.0,MATCH,ATR-ES,950,1776433859000
dist_mq_call_atr,-1.404116,-1.404116,0.0,MATCH,ATR-ES,950,1776433859000
dist_mq_hvl_atr,-8.905559,-8.905559,0.0,MATCH,ATR-ES,950,1776433859000
dist_mq_put_0dte_atr,-3.712252,-3.712252,0.0,MATCH,ATR-ES,950,1776433859000
dist_mq_put_atr,-24.485478,-24.485478,0.0,MATCH,ATR-ES,950,1776433859000
dist_open_830_atr,-1.884978,-1.884978,0.0,MATCH,ATR-ES,950,1776433859000
dist_prev_vah_atr,-2.356222,-2.356222,0.0,MATCH,ATR-ES,950,1776433859000
dist_prev_val_atr,-3.317946,-3.317946,0.0,MATCH,ATR-ES,950,1776433859000
dist_prev_vwap_sd1d_atr,-3.342346,-3.342346,0.0,MATCH,ATR-ES,950,1776433859000
dist_prev_vwap_sd1u_atr,-2.370948,-2.370948,0.0,MATCH,ATR-ES,950,1776433859000
dist_sess_high_atr,0.423158,0.423158,0.0,MATCH,ATR-ES,950,1776433859000
dist_session_lvn_above_atr,0.019234,0.019234,0.0,MATCH,ATR-ES,950,1776433859000
dist_session_lvn_below_atr,0.759761,0.759761,0.0,MATCH,ATR-ES,950,1776433859000
dist_swing_high_atr,-0.038469,-0.038469,0.0,MATCH,ATR-ES,950,1776433859000
dist_vwap_d_sd1d_atr,-10.540939,-10.540939,0.0,MATCH,ATR-ES,950,1776433859000
dist_vwap_d_sd1u_atr,-0.44491,-0.44491,0.0,MATCH,ATR-ES,950,1776433859000
dist_vwap_d_sd2u_atr,0.650253,0.650253,0.0,MATCH,ATR-ES,950,1776433859000
dist_vwap_d_sd3u_atr,1.745415,1.745415,0.0,MATCH,ATR-ES,950,1776433859000
dist_comp_20d_vpoc_atr,,-19.869205616464704,,MISSING_LIVE,ATR-ES,950,1776433859000
dist_comp_50d_vpoc_atr,,-19.52298518945951,,MISSING_LIVE,ATR-ES,950,1776433859000
dist_cur_vwap_vp_atr,,-6.1602885170225035,,MISSING_LIVE,ATR-ES,950,1776433859000
dist_ext_edge_buy_atr,,-0.21157914983650702,,MISSING_LIVE,ATR-ES,950,1776433859000
dist_ext_edge_sell_atr,,-0.009617234083477592,,MISSING_LIVE,ATR-ES,950,1776433859000
dist_ext_long_dn_atr,,-0.19234468166955182,,MISSING_LIVE,ATR-ES,950,1776433859000
dist_ext_long_up_atr,,0.048086170417387955,,MISSING_LIVE,ATR-ES,950,1776433859000
dist_open_cash_atr,,-0.5674168109251779,,MISSING_LIVE,ATR-ES,950,1776433859000
dist_ovn_high_atr,,-1.6830159646085785,,MISSING_LIVE,ATR-ES,950,1776433859000
dist_ovn_low_atr,,-3.087132140796307,,MISSING_LIVE,ATR-ES,950,1776433859000
dist_prev_vpoc_atr,,-2.9236391613771877,,MISSING_LIVE,ATR-ES,950,1776433859000
dist_prev_vwap_atr,,-2.855736680130794,,MISSING_LIVE,ATR-ES,950,1776433859000
dist_vwap_w_atr,,-5.515502981342565,,MISSING_LIVE,ATR-ES,950,1776433859000
next_wall_dist_atr,,0.4423927678399692,,MISSING_LIVE,ATR-ES,950,1776433859000
open_gap_atr,,-2.35622235045201,,MISSING_LIVE,ATR-ES,950,1776433859000
ovn_range_atr,,1.4041161761877283,,MISSING_LIVE,ATR-ES,950,1776433859000
poc_bar_dist_atr,,0.028851702250432775,,MISSING_LIVE,ATR-ES,950,1776433859000
poc_separation_atr,,0.0,,MISSING_LIVE,ATR-ES,950,1776433859000
range_size_atr,,2.5966532025389495,,MISSING_LIVE,ATR-ES,950,1776433859000
sess_range_atr,,3.510290440469321,,MISSING_LIVE,ATR-ES,950,1776433859000
swing_range_atr,,0.634737449509521,,MISSING_LIVE,ATR-ES,950,1776433859000
dist_blind_nearest_dn_atr,-0.981728216964801,,,LIVE_ONLY,ATR-ES,950,1776433859000
dist_gex_nearest_dn_atr,-0.4423927678399692,,,LIVE_ONLY,ATR-ES,950,1776433859000
dist_sess_low_atr,-3.087132140796307,,,LIVE_ONLY,ATR-ES,950,1776433859000
dist_session_hvn_below_atr,0.2019619157530294,,,LIVE_ONLY,ATR-ES,950,1776433859000
dist_swing_low_atr,-0.6732063858434314,,,LIVE_ONLY,ATR-ES,950,1776433859000
dist_vix_call_atr,0.07039815349105598,,,LIVE_ONLY,ATR-ES,950,1776433859000
dist_vix_gex_nearest_dn_atr,-0.0017311021350259663,,,LIVE_ONLY,ATR-ES,950,1776433859000
dist_vix_gex_nearest_up_atr,0.0030775149067128293,,,LIVE_ONLY,ATR-ES,950,1776433859000
dist_vix_hvl_atr,0.0367378341988844,,,LIVE_ONLY,ATR-ES,950,1776433859000
dist_vix_put_atr,-0.006539719176764763,,,LIVE_ONLY,ATR-ES,950,1776433859000
dist_vwap_d_sd2d_atr,-3.7303971917676475,,,LIVE_ONLY,ATR-ES,950,1776433859000
dist_vwap_d_sd3d_atr,-4.825559723023658,,,LIVE_ONLY,ATR-ES,950,1776433859000
im_cross_delta_agreement_5,0.6,0.6,0.0,MATCH,IM-ES,950,1776433859000
im_open_type_agreement,0.0,0.0,0.0,MATCH,IM-ES,950,1776433859000
im_rolling_correlation_10,0.978244,0.978244,0.0,MATCH,IM-ES,950,1776433859000
im_cross_delta_weighted_5,,111.8,,MISSING_LIVE,IM-ES,950,1776433859000
im_cross_open_signal,,0.0,,MISSING_LIVE,IM-ES,950,1776433859000
im_delta_day_divergence,,1.0,,MISSING_LIVE,IM-ES,950,1776433859000
im_ltr_slope_diff,,0.05099,,MISSING_LIVE,IM-ES,950,1776433859000
im_price_ratio_slope_10,,3.832656359060615e-06,,MISSING_LIVE,IM-ES,950,1776433859000
im_smt_divergence,,0.0,,MISSING_LIVE,IM-ES,950,1776433859000
im_volume_lead,,-1088.6,,MISSING_LIVE,IM-ES,950,1776433859000
dist_1d_max_atr,1.167837,1.167837,0.0,MATCH,ATR-ES,867,1776428879000
dist_1d_min_atr,-3.864953,-3.864953,0.0,MATCH,ATR-ES,867,1776428879000
dist_blind_nearest_up_atr,1.039872,1.039872,0.0,MATCH,ATR-ES,867,1776428879000
dist_comp_20d_vah_atr,-11.772812,-11.772812,0.0,MATCH,ATR-ES,867,1776428879000
dist_comp_20d_val_atr,-29.776553,-29.776553,0.0,MATCH,ATR-ES,867,1776428879000
dist_comp_20d_vwap_atr,-16.586932,-16.586932,0.0,MATCH,ATR-ES,867,1776428879000
dist_comp_50d_vah_atr,-10.109263,-10.109263,0.0,MATCH,ATR-ES,867,1776428879000
dist_comp_50d_val_atr,-23.47672,-23.47672,0.0,MATCH,ATR-ES,867,1776428879000
dist_comp_50d_vwap_atr,-16.576108,-16.576108,0.0,MATCH,ATR-ES,867,1776428879000
dist_cur_vah_atr,-1.250123,-1.250123,0.0,MATCH,ATR-ES,867,1776428879000
dist_cur_val_atr,-1.880106,-1.880106,0.0,MATCH,ATR-ES,867,1776428879000
dist_cur_vpoc_atr,-1.319027,-1.319027,0.0,MATCH,ATR-ES,867,1776428879000
dist_gex_nearest_up_atr,0.541392,0.541392,0.0,MATCH,ATR-ES,867,1776428879000
dist_mq_call_0dte_atr,-5.758441,-5.758441,0.0,MATCH,ATR-ES,867,1776428879000
dist_mq_call_atr,-0.442957,-0.442957,0.0,MATCH,ATR-ES,867,1776428879000
dist_mq_hvl_atr,-8.120878,-8.120878,0.0,MATCH,ATR-ES,867,1776428879000
dist_mq_put_0dte_atr,-2.805394,-2.805394,0.0,MATCH,ATR-ES,867,1776428879000
dist_mq_put_atr,-24.067329,-24.067329,0.0,MATCH,ATR-ES,867,1776428879000
dist_open_830_atr,-0.935131,-0.935131,0.0,MATCH,ATR-ES,867,1776428879000
dist_prev_vah_atr,-1.417462,-1.417462,0.0,MATCH,ATR-ES,867,1776428879000
dist_prev_val_atr,-2.401811,-2.401811,0.0,MATCH,ATR-ES,867,1776428879000
dist_prev_vwap_sd1d_atr,-2.426785,-2.426785,0.0,MATCH,ATR-ES,867,1776428879000
dist_prev_vwap_sd1u_atr,-1.432535,-1.432535,0.0,MATCH,ATR-ES,867,1776428879000
dist_sess_high_atr,0.108278,0.108278,0.0,MATCH,ATR-ES,867,1776428879000
dist_session_lvn_above_atr,0.019687,0.019687,0.0,MATCH,ATR-ES,867,1776428879000
dist_session_lvn_below_atr,0.009843,0.009843,0.0,MATCH,ATR-ES,867,1776428879000
dist_swing_high_atr,-0.177183,-0.177183,0.0,MATCH,ATR-ES,867,1776428879000
dist_vwap_d_sd1d_atr,-7.337092,-7.337092,0.0,MATCH,ATR-ES,867,1776428879000
dist_vwap_d_sd1u_atr,-0.993115,-0.993115,0.0,MATCH,ATR-ES,867,1776428879000
dist_vwap_d_sd2u_atr,-0.572518,-0.572518,0.0,MATCH,ATR-ES,867,1776428879000
dist_vwap_d_sd3u_atr,-0.151939,-0.151939,0.0,MATCH,ATR-ES,867,1776428879000
dist_comp_20d_vpoc_atr,,-19.342454966039963,,MISSING_LIVE,ATR-ES,867,1776428879000
dist_comp_50d_vpoc_atr,,-18.988089378875873,,MISSING_LIVE,ATR-ES,867,1776428879000
dist_cur_vwap_vp_atr,,-5.654777044984742,,MISSING_LIVE,ATR-ES,867,1776428879000
dist_ext_edge_buy_atr,,-0.24608721330839647,,MISSING_LIVE,ATR-ES,867,1776428879000
dist_ext_edge_sell_atr,,-1.3731666502608524,,MISSING_LIVE,ATR-ES,867,1776428879000
dist_ext_long_dn_atr,,-0.17718279358204547,,MISSING_LIVE,ATR-ES,867,1776428879000
dist_ext_long_up_atr,,-0.24608721330839647,,MISSING_LIVE,ATR-ES,867,1776428879000
dist_open_cash_atr,,-1.6340190963677528,,MISSING_LIVE,ATR-ES,867,1776428879000
dist_ovn_high_atr,,-0.7284181513928536,,MISSING_LIVE,ATR-ES,867,1776428879000
dist_ovn_low_atr,,-2.165567477113889,,MISSING_LIVE,ATR-ES,867,1776428879000
dist_prev_vpoc_atr,,-1.9982281720641795,,MISSING_LIVE,ATR-ES,867,1776428879000
dist_prev_vwap_atr,,-1.9287282212816221,,MISSING_LIVE,ATR-ES,867,1776428879000
dist_vwap_w_atr,,-5.00812481543459,,MISSING_LIVE,ATR-ES,867,1776428879000
next_wall_dist_atr,,0.5413918692784723,,MISSING_LIVE,ATR-ES,867,1776428879000
open_gap_atr,,-0.3642090756964268,,MISSING_LIVE,ATR-ES,867,1776428879000
ovn_range_atr,,1.4371493257210355,,MISSING_LIVE,ATR-ES,867,1776428879000
poc_bar_dist_atr,,0.029530465597007578,,MISSING_LIVE,ATR-ES,867,1776428879000
poc_separation_atr,,0.0,,MISSING_LIVE,ATR-ES,867,1776428879000
range_size_atr,,0.6299832660694951,,MISSING_LIVE,ATR-ES,867,1776428879000
sess_range_atr,,2.2738458509695834,,MISSING_LIVE,ATR-ES,867,1776428879000
swing_range_atr,,0.5315483807461364,,MISSING_LIVE,ATR-ES,867,1776428879000
dist_blind_nearest_dn_atr,-0.010631951963775962,,,LIVE_ONLY,ATR-ES,867,1776428879000
dist_gex_nearest_dn_atr,-1.4273058371886995,,,LIVE_ONLY,ATR-ES,867,1776428879000
dist_sess_low_atr,-2.165567477113889,,,LIVE_ONLY,ATR-ES,867,1776428879000
dist_session_hvn_below_atr,0.22640023624372477,,,LIVE_ONLY,ATR-ES,867,1776428879000
dist_swing_low_atr,-0.7087311743281819,,,LIVE_ONLY,ATR-ES,867,1776428879000
dist_vix_call_atr,0.07175903140072841,,,LIVE_ONLY,ATR-ES,867,1776428879000
dist_vix_gex_nearest_dn_atr,-0.0020671325917905304,,,LIVE_ONLY,ATR-ES,867,1776428879000
dist_vix_gex_nearest_up_atr,0.002854611674377399,,,LIVE_ONLY,ATR-ES,867,1776428879000
dist_vix_hvl_atr,0.03730682153755291,,,LIVE_ONLY,ATR-ES,867,1776428879000
dist_vix_put_atr,-0.00698887685795846,,,LIVE_ONLY,ATR-ES,867,1776428879000
dist_vwap_d_sd2d_atr,-2.2548705581257997,,,LIVE_ONLY,ATR-ES,867,1776428879000
dist_vwap_d_sd3d_atr,-2.675448370902648,,,LIVE_ONLY,ATR-ES,867,1776428879000
im_cross_delta_agreement_5,0.8,0.8,0.0,MATCH,IM-ES,867,1776428879000
im_open_type_agreement,0.0,0.0,0.0,MATCH,IM-ES,867,1776428879000
im_rolling_correlation_10,0.994536,0.994536,0.0,MATCH,IM-ES,867,1776428879000
im_cross_delta_weighted_5,,146.6,,MISSING_LIVE,IM-ES,867,1776428879000
im_cross_open_signal,,0.0,,MISSING_LIVE,IM-ES,867,1776428879000
im_delta_day_divergence,,1.0,,MISSING_LIVE,IM-ES,867,1776428879000
im_ltr_slope_diff,,-0.15133999999999997,,MISSING_LIVE,IM-ES,867,1776428879000
im_price_ratio_slope_10,,-2.916535508523329e-06,,MISSING_LIVE,IM-ES,867,1776428879000
im_smt_divergence,,0.0,,MISSING_LIVE,IM-ES,867,1776428879000
im_volume_lead,,-459.9,,MISSING_LIVE,IM-ES,867,1776428879000
dist_1d_max_atr,-0.706207,-0.706207,0.0,MATCH,ATR-ES,1173,1776447240000
dist_1d_min_atr,-5.497522,-5.497522,0.0,MATCH,ATR-ES,1173,1776447240000
dist_comp_20d_vah_atr,-12.538656,-12.538656,0.0,MATCH,ATR-ES,1173,1776447240000
dist_comp_20d_val_atr,-30.222097,-30.222097,0.0,MATCH,ATR-ES,1173,1776447240000
dist_comp_20d_vwap_atr,-16.857184,-16.857184,0.0,MATCH,ATR-ES,1173,1776447240000
dist_comp_50d_vah_atr,-11.198576,-11.198576,0.0,MATCH,ATR-ES,1173,1776447240000
dist_comp_50d_val_atr,-24.168307,-24.168307,0.0,MATCH,ATR-ES,1173,1776447240000
dist_comp_50d_vwap_atr,-17.10014,-17.10014,0.0,MATCH,ATR-ES,1173,1776447240000
dist_cur_vah_atr,0.496673,0.496673,0.0,MATCH,ATR-ES,1173,1776447240000
dist_cur_val_atr,-0.23428,-0.23428,0.0,MATCH,ATR-ES,1173,1776447240000
dist_cur_vpoc_atr,0.0,0.0,0.0,MATCH,ATR-ES,1173,1776447240000
dist_gex_nearest_up_atr,1.508762,1.508762,0.0,MATCH,ATR-ES,1173,1776447240000
dist_ib_high_atr,-0.149939,-0.149939,0.0,MATCH,ATR-ES,1173,1776447240000
dist_ib_low_atr,-1.602474,-1.602474,0.0,MATCH,ATR-ES,1173,1776447240000
dist_mq_call_0dte_atr,-7.300159,-7.300159,0.0,MATCH,ATR-ES,1173,1776447240000
dist_mq_call_atr,-2.239715,-2.239715,0.0,MATCH,ATR-ES,1173,1776447240000
dist_mq_hvl_atr,-9.549246,-9.549246,0.0,MATCH,ATR-ES,1173,1776447240000
dist_mq_put_0dte_atr,-4.488801,-4.488801,0.0,MATCH,ATR-ES,1173,1776447240000
dist_mq_put_atr,-24.730578,-24.730578,0.0,MATCH,ATR-ES,1173,1776447240000
dist_open_830_atr,-2.708275,-2.708275,0.0,MATCH,ATR-ES,1173,1776447240000
dist_prev_vah_atr,-0.253022,-0.253022,0.0,MATCH,ATR-ES,1173,1776447240000
dist_prev_val_atr,-3.870303,-3.870303,0.0,MATCH,ATR-ES,1173,1776447240000
dist_prev_vwap_sd1d_atr,-2.856951,-2.856951,0.0,MATCH,ATR-ES,1173,1776447240000
dist_prev_vwap_sd1u_atr,0.15726,0.15726,0.0,MATCH,ATR-ES,1173,1776447240000
dist_sess_high_atr,0.974604,0.974604,0.0,MATCH,ATR-ES,1173,1776447240000
dist_session_hvn_above_atr,0.140568,0.140568,0.0,MATCH,ATR-ES,1173,1776447240000
dist_session_lvn_above_atr,0.15931,0.15931,0.0,MATCH,ATR-ES,1173,1776447240000
dist_session_lvn_below_atr,0.131197,0.131197,0.0,MATCH,ATR-ES,1173,1776447240000
dist_swing_high_atr,0.974604,0.974604,0.0,MATCH,ATR-ES,1173,1776447240000
dist_vwap_d_sd1d_atr,0.193939,0.193939,0.0,MATCH,ATR-ES,1173,1776447240000
dist_vwap_d_sd1u_atr,0.541974,0.541974,0.0,MATCH,ATR-ES,1173,1776447240000
dist_vwap_d_sd2u_atr,0.788718,0.788718,0.0,MATCH,ATR-ES,1173,1776447240000
dist_vwap_d_sd3u_atr,1.035462,1.035462,0.0,MATCH,ATR-ES,1173,1776447240000
dist_comp_20d_vpoc_atr,,-20.157436041608097,,MISSING_LIVE,ATR-ES,1173,1776447240000
dist_comp_50d_vpoc_atr,,-19.895042638927936,,MISSING_LIVE,ATR-ES,1173,1776447240000
dist_cur_vwap_vp_atr,,1.180991472214413,,MISSING_LIVE,ATR-ES,1173,1776447240000
dist_ext_edge_buy_atr,,0.0093711929528629,,MISSING_LIVE,ATR-ES,1173,1776447240000
dist_ext_edge_sell_atr,,0.0093711929528629,,MISSING_LIVE,ATR-ES,1173,1776447240000
dist_ext_long_dn_atr,,-0.0562271577171774,,MISSING_LIVE,ATR-ES,1173,1776447240000
dist_ext_long_up_atr,,0.1124543154343548,,MISSING_LIVE,ATR-ES,1173,1776447240000
dist_open_cash_atr,,-1.4244213288351608,,MISSING_LIVE,ATR-ES,1173,1776447240000
dist_ovn_high_atr,,-2.511479711367257,,MISSING_LIVE,ATR-ES,1173,1776447240000
dist_ovn_low_atr,,-3.879673882485241,,MISSING_LIVE,ATR-ES,1173,1776447240000
dist_prev_vpoc_atr,,-3.073751288539031,,MISSING_LIVE,ATR-ES,1173,1776447240000
dist_prev_vwap_atr,,-1.3638009558616815,,MISSING_LIVE,ATR-ES,1173,1776447240000
dist_vwap_w_atr,,-5.508650548214788,,MISSING_LIVE,ATR-ES,1173,1776447240000
next_wall_dist_atr,,0.3654765251616531,,MISSING_LIVE,ATR-ES,1173,1776447240000
open_gap_atr,,-1.6493299597038704,,MISSING_LIVE,ATR-ES,1173,1776447240000
ovn_range_atr,,1.3681941711179835,,MISSING_LIVE,ATR-ES,1173,1776447240000
poc_bar_dist_atr,,0.0,,MISSING_LIVE,ATR-ES,1173,1776447240000
poc_separation_atr,,0.4591884546902821,,MISSING_LIVE,ATR-ES,1173,1776447240000
range_size_atr,,0.7309530503233062,,MISSING_LIVE,ATR-ES,1173,1776447240000
sess_range_atr,,4.854277949582982,,MISSING_LIVE,ATR-ES,1173,1776447240000
swing_range_atr,,1.2838534345422172,,MISSING_LIVE,ATR-ES,1173,1776447240000
dist_blind_nearest_dn_atr,-0.8280329865991941,,,LIVE_ONLY,ATR-ES,1173,1776447240000
dist_gex_nearest_dn_atr,-0.3654765251616531,,,LIVE_ONLY,ATR-ES,1173,1776447240000
dist_sess_low_atr,-3.879673882485241,,,LIVE_ONLY,ATR-ES,1173,1776447240000
dist_session_hvn_below_atr,0.0093711929528629,,,LIVE_ONLY,ATR-ES,1173,1776447240000
dist_swing_low_atr,-0.3092493674444757,,,LIVE_ONLY,ATR-ES,1173,1776447240000
dist_vix_call_atr,0.06981538749882861,,,LIVE_ONLY,ATR-ES,1173,1776447240000
dist_vix_gex_nearest_dn_atr,-0.000468559647643145,,,LIVE_ONLY,ATR-ES,1173,1776447240000
dist_vix_gex_nearest_up_atr,0.004217036828788305,,,LIVE_ONLY,ATR-ES,1173,1776447240000
dist_vix_hvl_atr,0.03701621216380846,,,LIVE_ONLY,ATR-ES,1173,1776447240000
dist_vix_put_atr,-0.005154156124074595,,,LIVE_ONLY,ATR-ES,1173,1776447240000
dist_vwap_d_sd2d_atr,-0.19825883234935807,,,LIVE_ONLY,ATR-ES,1173,1776447240000
dist_vwap_d_sd3d_atr,-0.4450032799175335,,,LIVE_ONLY,ATR-ES,1173,1776447240000
im_cross_delta_agreement_5,0.6,0.6,0.0,MATCH,IM-ES,1173,1776447240000
im_open_type_agreement,1.0,1.0,0.0,MATCH,IM-ES,1173,1776447240000
im_rolling_correlation_10,0.913577,0.913577,0.0,MATCH,IM-ES,1173,1776447240000
im_cross_delta_weighted_5,,53.0,,MISSING_LIVE,IM-ES,1173,1776447240000
im_cross_open_signal,,0.85,,MISSING_LIVE,IM-ES,1173,1776447240000
im_delta_day_divergence,,0.0,,MISSING_LIVE,IM-ES,1173,1776447240000
im_ltr_slope_diff,,0.04480999999999999,,MISSING_LIVE,IM-ES,1173,1776447240000
im_price_ratio_slope_10,,-7.219820841054446e-06,,MISSING_LIVE,IM-ES,1173,1776447240000
im_smt_divergence,,0.0,,MISSING_LIVE,IM-ES,1173,1776447240000
im_volume_lead,,-352.90000000000003,,MISSING_LIVE,IM-ES,1173,1776447240000
dist_1d_max_atr,-1.218303,-1.218303,0.0,MATCH,ATR-ES,1088,1776442140000
dist_1d_min_atr,-6.033534,-6.033534,0.0,MATCH,ATR-ES,1088,1776442140000
dist_comp_20d_vah_atr,-13.411189,-13.411189,0.0,MATCH,ATR-ES,1088,1776442140000
dist_comp_20d_val_atr,-30.825014,-30.825014,0.0,MATCH,ATR-ES,1088,1776442140000
dist_comp_20d_vwap_atr,-17.71086,-17.71086,0.0,MATCH,ATR-ES,1088,1776442140000
dist_comp_50d_vah_atr,-11.819552,-11.819552,0.0,MATCH,ATR-ES,1088,1776442140000
dist_comp_50d_val_atr,-24.797514,-24.797514,0.0,MATCH,ATR-ES,1088,1776442140000
dist_comp_50d_vwap_atr,-17.799779,-17.799779,0.0,MATCH,ATR-ES,1088,1776442140000
dist_cur_vah_atr,-0.866453,-0.866453,0.0,MATCH,ATR-ES,1088,1776442140000
dist_cur_val_atr,-4.398192,-4.398192,0.0,MATCH,ATR-ES,1088,1776442140000
dist_cur_vpoc_atr,-3.597664,-3.597664,0.0,MATCH,ATR-ES,1088,1776442140000
dist_gex_nearest_up_atr,1.007723,1.007723,0.0,MATCH,ATR-ES,1088,1776442140000
dist_ib_high_atr,-0.659258,-0.659258,0.0,MATCH,ATR-ES,1088,1776442140000
dist_ib_low_atr,-2.119043,-2.119043,0.0,MATCH,ATR-ES,1088,1776442140000
dist_mq_call_0dte_atr,-7.845169,-7.845169,0.0,MATCH,ATR-ES,1088,1776442140000
dist_mq_call_atr,-2.759465,-2.759465,0.0,MATCH,ATR-ES,1088,1776442140000
dist_mq_hvl_atr,-10.105481,-10.105481,0.0,MATCH,ATR-ES,1088,1776442140000
dist_mq_put_0dte_atr,-5.019778,-5.019778,0.0,MATCH,ATR-ES,1088,1776442140000
dist_mq_put_atr,-25.362592,-25.362592,0.0,MATCH,ATR-ES,1088,1776442140000
dist_open_830_atr,-3.230364,-3.230364,0.0,MATCH,ATR-ES,1088,1776442140000
dist_prev_vah_atr,-3.691844,-3.691844,0.0,MATCH,ATR-ES,1088,1776442140000
dist_prev_val_atr,-4.633641,-4.633641,0.0,MATCH,ATR-ES,1088,1776442140000
dist_prev_vwap_sd1d_atr,-4.657535,-4.657535,0.0,MATCH,ATR-ES,1088,1776442140000
dist_prev_vwap_sd1u_atr,-3.706265,-3.706265,0.0,MATCH,ATR-ES,1088,1776442140000
dist_sess_high_atr,0.188359,0.188359,0.0,MATCH,ATR-ES,1088,1776442140000
dist_session_lvn_above_atr,0.075344,0.075344,0.0,MATCH,ATR-ES,1088,1776442140000
dist_session_lvn_below_atr,0.50857,0.50857,0.0,MATCH,ATR-ES,1088,1776442140000
dist_swing_high_atr,0.065926,0.065926,0.0,MATCH,ATR-ES,1088,1776442140000
dist_vwap_d_sd1d_atr,-13.906148,-13.906148,0.0,MATCH,ATR-ES,1088,1776442140000
dist_vwap_d_sd1u_atr,-0.548726,-0.548726,0.0,MATCH,ATR-ES,1088,1776442140000
dist_vwap_d_sd2u_atr,0.91518,0.91518,0.0,MATCH,ATR-ES,1088,1776442140000
dist_vwap_d_sd3u_atr,2.379086,2.379086,0.0,MATCH,ATR-ES,1088,1776442140000
dist_comp_20d_vpoc_atr,,-20.84196647202863,,MISSING_LIVE,ATR-ES,1088,1776442140000
dist_comp_50d_vpoc_atr,,-20.50291957054059,,MISSING_LIVE,ATR-ES,1088,1776442140000
dist_cur_vwap_vp_atr,,-8.050597099265397,,MISSING_LIVE,ATR-ES,1088,1776442140000
dist_ext_edge_buy_atr,,0.03767187794311546,,MISSING_LIVE,ATR-ES,1088,1776442140000
dist_ext_edge_sell_atr,,0.01883593897155773,,MISSING_LIVE,ATR-ES,1088,1776442140000
dist_ext_long_dn_atr,,-0.1883593897155773,,MISSING_LIVE,ATR-ES,1088,1776442140000
dist_ext_long_up_atr,,-0.19777735920135617,,MISSING_LIVE,ATR-ES,1088,1776442140000
dist_open_cash_atr,,-1.9401017140704462,,MISSING_LIVE,ATR-ES,1088,1776442140000
dist_ovn_high_atr,,-3.0325861744207945,,MISSING_LIVE,ATR-ES,1088,1776442140000
dist_ovn_low_atr,,-4.407609719344509,,MISSING_LIVE,ATR-ES,1088,1776442140000
dist_prev_vpoc_atr,,-4.247504238086268,,MISSING_LIVE,ATR-ES,1088,1776442140000
dist_prev_vwap_atr,,-4.181008664531927,,MISSING_LIVE,ATR-ES,1088,1776442140000
dist_vwap_w_atr,,-6.263648521378791,,MISSING_LIVE,ATR-ES,1088,1776442140000
next_wall_dist_atr,,0.8758711621774344,,MISSING_LIVE,ATR-ES,1088,1776442140000
open_gap_atr,,-2.307402524015822,,MISSING_LIVE,ATR-ES,1088,1776442140000
ovn_range_atr,,1.3750235449237143,,MISSING_LIVE,ATR-ES,1088,1776442140000
poc_bar_dist_atr,,0.0,,MISSING_LIVE,ATR-ES,1088,1776442140000
poc_separation_atr,,0.0,,MISSING_LIVE,ATR-ES,1088,1776442140000
range_size_atr,,3.5317385571670745,,MISSING_LIVE,ATR-ES,1088,1776442140000
sess_range_atr,,4.5959691090600865,,MISSING_LIVE,ATR-ES,1088,1776442140000
swing_range_atr,,0.3578828404595969,,MISSING_LIVE,ATR-ES,1088,1776442140000
dist_blind_nearest_dn_atr,-1.3407364852137877,,,LIVE_ONLY,ATR-ES,1088,1776442140000
dist_gex_nearest_dn_atr,-0.8758711621774344,,,LIVE_ONLY,ATR-ES,1088,1776442140000
dist_sess_low_atr,-4.407609719344509,,,LIVE_ONLY,ATR-ES,1088,1776442140000
dist_session_hvn_below_atr,0.009417969485778865,,,LIVE_ONLY,ATR-ES,1088,1776442140000
dist_swing_low_atr,-0.29195705405914485,,,LIVE_ONLY,ATR-ES,1088,1776442140000
dist_vix_call_atr,0.07129402900734601,,,LIVE_ONLY,ATR-ES,1088,1776442140000
dist_vix_gex_nearest_dn_atr,-0.022885665850442643,,,LIVE_ONLY,ATR-ES,1088,1776442140000
dist_vix_gex_nearest_up_atr,0.0006592578640045206,,,LIVE_ONLY,ATR-ES,1088,1776442140000
dist_vix_hvl_atr,0.038331135807119984,,,LIVE_ONLY,ATR-ES,1088,1776442140000
dist_vix_put_atr,-0.004049726878884912,,,LIVE_ONLY,ATR-ES,1088,1776442140000
dist_vwap_d_sd2d_atr,-4.940442644565831,,,LIVE_ONLY,ATR-ES,1088,1776442140000
dist_vwap_d_sd3d_atr,-6.404348276511583,,,LIVE_ONLY,ATR-ES,1088,1776442140000
im_cross_delta_agreement_5,0.6,0.6,0.0,MATCH,IM-ES,1088,1776442140000
im_open_type_agreement,0.0,0.0,0.0,MATCH,IM-ES,1088,1776442140000
im_rolling_correlation_10,0.936901,0.936901,0.0,MATCH,IM-ES,1088,1776442140000
im_cross_delta_weighted_5,,133.0,,MISSING_LIVE,IM-ES,1088,1776442140000
im_cross_open_signal,,0.0,,MISSING_LIVE,IM-ES,1088,1776442140000
im_delta_day_divergence,,1.0,,MISSING_LIVE,IM-ES,1088,1776442140000
im_ltr_slope_diff,,0.08857000000000004,,MISSING_LIVE,IM-ES,1088,1776442140000
im_price_ratio_slope_10,,-3.015065896380255e-05,,MISSING_LIVE,IM-ES,1088,1776442140000
im_smt_divergence,,0.0,,MISSING_LIVE,IM-ES,1088,1776442140000
im_volume_lead,,124.5,,MISSING_LIVE,IM-ES,1088,1776442140000
dist_1d_max_atr,-0.357506,-0.357506,0.0,MATCH,ATR-ES,976,1776435419000
dist_1d_min_atr,-5.250149,-5.250149,0.0,MATCH,ATR-ES,976,1776435419000
dist_comp_20d_vah_atr,-12.832536,-12.832536,0.0,MATCH,ATR-ES,976,1776435419000
dist_comp_20d_val_atr,-30.440191,-30.440191,0.0,MATCH,ATR-ES,976,1776435419000
dist_comp_20d_vwap_atr,-17.344274,-17.344274,0.0,MATCH,ATR-ES,976,1776435419000
dist_comp_50d_vah_atr,-11.22488,-11.22488,0.0,MATCH,ATR-ES,976,1776435419000
dist_comp_50d_val_atr,-24.315789,-24.315789,0.0,MATCH,ATR-ES,976,1776435419000
dist_comp_50d_vwap_atr,-17.389223,-17.389223,0.0,MATCH,ATR-ES,976,1776435419000
dist_cur_vah_atr,-0.822967,-0.822967,0.0,MATCH,ATR-ES,976,1776435419000
dist_cur_val_atr,-3.588517,-3.588517,0.0,MATCH,ATR-ES,976,1776435419000
dist_cur_vpoc_atr,-2.77512,-2.77512,0.0,MATCH,ATR-ES,976,1776435419000
dist_gex_nearest_up_atr,1.904306,1.904306,0.0,MATCH,ATR-ES,976,1776435419000
dist_ib_high_atr,0.172249,0.172249,0.0,MATCH,ATR-ES,976,1776435419000
dist_ib_low_atr,-1.272727,-1.272727,0.0,MATCH,ATR-ES,976,1776435419000
dist_mq_call_0dte_atr,-7.090909,-7.090909,0.0,MATCH,ATR-ES,976,1776435419000
dist_mq_call_atr,-1.923445,-1.923445,0.0,MATCH,ATR-ES,976,1776435419000
dist_mq_hvl_atr,-9.38756,-9.38756,0.0,MATCH,ATR-ES,976,1776435419000
dist_mq_put_0dte_atr,-4.220096,-4.220096,0.0,MATCH,ATR-ES,976,1776435419000
dist_mq_put_atr,-24.889952,-24.889952,0.0,MATCH,ATR-ES,976,1776435419000
dist_open_830_atr,-2.401914,-2.401914,0.0,MATCH,ATR-ES,976,1776435419000
dist_prev_vah_atr,-2.870813,-2.870813,0.0,MATCH,ATR-ES,976,1776435419000
dist_prev_val_atr,-3.827751,-3.827751,0.0,MATCH,ATR-ES,976,1776435419000
dist_prev_vwap_sd1d_atr,-3.85203,-3.85203,0.0,MATCH,ATR-ES,976,1776435419000
dist_prev_vwap_sd1u_atr,-2.885466,-2.885466,0.0,MATCH,ATR-ES,976,1776435419000
dist_sess_high_atr,0.172249,0.172249,0.0,MATCH,ATR-ES,976,1776435419000
dist_session_lvn_above_atr,0.133971,0.133971,0.0,MATCH,ATR-ES,976,1776435419000
dist_session_lvn_below_atr,0.095694,0.095694,0.0,MATCH,ATR-ES,976,1776435419000
dist_swing_high_atr,-0.564593,-0.564593,0.0,MATCH,ATR-ES,976,1776435419000
dist_vwap_d_sd1d_atr,-12.204697,-12.204697,0.0,MATCH,ATR-ES,976,1776435419000
dist_vwap_d_sd1u_atr,-0.604628,-0.604628,0.0,MATCH,ATR-ES,976,1776435419000
dist_vwap_d_sd2u_atr,0.618627,0.618627,0.0,MATCH,ATR-ES,976,1776435419000
dist_vwap_d_sd3u_atr,1.8419,1.8419,0.0,MATCH,ATR-ES,976,1776435419000
dist_comp_20d_vpoc_atr,,-20.29665071770335,,MISSING_LIVE,ATR-ES,976,1776435419000
dist_comp_50d_vpoc_atr,,-19.952153110047846,,MISSING_LIVE,ATR-ES,976,1776435419000
dist_cur_vwap_vp_atr,,-7.311678468899521,,MISSING_LIVE,ATR-ES,976,1776435419000
dist_ext_edge_buy_atr,,0.019138755980861243,,MISSING_LIVE,ATR-ES,976,1776435419000
dist_ext_edge_sell_atr,,0.03827751196172249,,MISSING_LIVE,ATR-ES,976,1776435419000
dist_ext_long_dn_atr,,-0.5933014354066986,,MISSING_LIVE,ATR-ES,976,1776435419000
dist_ext_long_up_atr,,-0.06698564593301436,,MISSING_LIVE,ATR-ES,976,1776435419000
dist_open_cash_atr,,-1.0909090909090908,,MISSING_LIVE,ATR-ES,976,1776435419000
dist_ovn_high_atr,,-2.200956937799043,,MISSING_LIVE,ATR-ES,976,1776435419000
dist_ovn_low_atr,,-3.598086124401914,,MISSING_LIVE,ATR-ES,976,1776435419000
dist_prev_vpoc_atr,,-3.4354066985645932,,MISSING_LIVE,ATR-ES,976,1776435419000
dist_prev_vwap_atr,,-3.367842105263158,,MISSING_LIVE,ATR-ES,976,1776435419000
dist_vwap_w_atr,,-5.888120574162679,,MISSING_LIVE,ATR-ES,976,1776435419000
next_wall_dist_atr,,0.009569377990430622,,MISSING_LIVE,ATR-ES,976,1776435419000
open_gap_atr,,-2.3444976076555024,,MISSING_LIVE,ATR-ES,976,1776435419000
ovn_range_atr,,1.3971291866028708,,MISSING_LIVE,ATR-ES,976,1776435419000
poc_bar_dist_atr,,0.07655502392344497,,MISSING_LIVE,ATR-ES,976,1776435419000
poc_separation_atr,,0.0,,MISSING_LIVE,ATR-ES,976,1776435419000
range_size_atr,,2.7655502392344498,,MISSING_LIVE,ATR-ES,976,1776435419000
sess_range_atr,,3.770334928229665,,MISSING_LIVE,ATR-ES,976,1776435419000
swing_range_atr,,0.7081339712918661,,MISSING_LIVE,ATR-ES,976,1776435419000
dist_blind_nearest_dn_atr,-0.4819081339712919,,,LIVE_ONLY,ATR-ES,976,1776435419000
dist_gex_nearest_dn_atr,-0.009569377990430622,,,LIVE_ONLY,ATR-ES,976,1776435419000
dist_sess_low_atr,-3.598086124401914,,,LIVE_ONLY,ATR-ES,976,1776435419000
dist_swing_low_atr,-1.2727272727272727,,,LIVE_ONLY,ATR-ES,976,1776435419000
dist_vix_call_atr,0.07062200956937799,,,LIVE_ONLY,ATR-ES,976,1776435419000
dist_vix_gex_nearest_dn_atr,-0.0011483253588516747,,,LIVE_ONLY,ATR-ES,976,1776435419000
dist_vix_gex_nearest_up_atr,0.0036363636363636364,,,LIVE_ONLY,ATR-ES,976,1776435419000
dist_vix_hvl_atr,0.03712918660287081,,,LIVE_ONLY,ATR-ES,976,1776435419000
dist_vix_put_atr,-0.005933014354066985,,,LIVE_ONLY,ATR-ES,976,1776435419000
dist_vwap_d_sd2d_atr,-4.274427751196172,,,LIVE_ONLY,ATR-ES,976,1776435419000
dist_vwap_d_sd3d_atr,-5.497701435406699,,,LIVE_ONLY,ATR-ES,976,1776435419000
im_cross_delta_agreement_5,0.4,0.4,0.0,MATCH,IM-ES,976,1776435419000
im_open_type_agreement,0.0,0.0,0.0,MATCH,IM-ES,976,1776435419000
im_rolling_correlation_10,0.872402,0.872402,0.0,MATCH,IM-ES,976,1776435419000
im_cross_delta_weighted_5,,90.8,,MISSING_LIVE,IM-ES,976,1776435419000
im_cross_open_signal,,0.0,,MISSING_LIVE,IM-ES,976,1776435419000
im_delta_day_divergence,,1.0,,MISSING_LIVE,IM-ES,976,1776435419000
im_ltr_slope_diff,,-0.01586,,MISSING_LIVE,IM-ES,976,1776435419000
im_price_ratio_slope_10,,4.481516431642855e-06,,MISSING_LIVE,IM-ES,976,1776435419000
im_smt_divergence,,0.0,,MISSING_LIVE,IM-ES,976,1776435419000
im_volume_lead,,-175.2,,MISSING_LIVE,IM-ES,976,1776435419000
dist_1d_max_atr,-0.818662,-0.818662,0.0,MATCH,ATR-ES,1355,1776458159000
dist_1d_min_atr,-5.609977,-5.609977,0.0,MATCH,ATR-ES,1355,1776458159000
dist_comp_20d_vah_atr,-12.398088,-12.398088,0.0,MATCH,ATR-ES,1355,1776458159000
dist_comp_20d_val_atr,-30.334552,-30.334552,0.0,MATCH,ATR-ES,1355,1776458159000
dist_comp_20d_vwap_atr,-16.728311,-16.728311,0.0,MATCH,ATR-ES,1355,1776458159000
dist_comp_50d_vah_atr,-11.198576,-11.198576,0.0,MATCH,ATR-ES,1355,1776458159000
dist_comp_50d_val_atr,-24.280761,-24.280761,0.0,MATCH,ATR-ES,1355,1776458159000
dist_comp_50d_vwap_atr,-17.025518,-17.025518,0.0,MATCH,ATR-ES,1355,1776458159000
dist_cur_vah_atr,0.084341,0.084341,0.0,MATCH,ATR-ES,1355,1776458159000
dist_cur_val_atr,-0.243651,-0.243651,0.0,MATCH,ATR-ES,1355,1776458159000
dist_cur_vpoc_atr,-0.046856,-0.046856,0.0,MATCH,ATR-ES,1355,1776458159000
dist_gex_nearest_up_atr,1.396308,1.396308,0.0,MATCH,ATR-ES,1355,1776458159000
dist_mq_call_0dte_atr,-7.412614,-7.412614,0.0,MATCH,ATR-ES,1355,1776458159000
dist_mq_call_atr,-2.352169,-2.352169,0.0,MATCH,ATR-ES,1355,1776458159000
dist_mq_hvl_atr,-9.6617,-9.6617,0.0,MATCH,ATR-ES,1355,1776458159000
dist_mq_put_0dte_atr,-4.601256,-4.601256,0.0,MATCH,ATR-ES,1355,1776458159000
dist_mq_put_atr,-24.843033,-24.843033,0.0,MATCH,ATR-ES,1355,1776458159000
dist_open_830_atr,-2.820729,-2.820729,0.0,MATCH,ATR-ES,1355,1776458159000
dist_prev_vah_atr,-0.365477,-0.365477,0.0,MATCH,ATR-ES,1355,1776458159000
dist_prev_val_atr,-3.982757,-3.982757,0.0,MATCH,ATR-ES,1355,1776458159000
dist_prev_vwap_sd1d_atr,-2.969405,-2.969405,0.0,MATCH,ATR-ES,1355,1776458159000
dist_prev_vwap_sd1u_atr,0.044806,0.044806,0.0,MATCH,ATR-ES,1355,1776458159000
dist_sess_high_atr,0.86215,0.86215,0.0,MATCH,ATR-ES,1355,1776458159000
dist_session_hvn_above_atr,0.018742,0.018742,0.0,MATCH,ATR-ES,1355,1776458159000
dist_session_lvn_above_atr,0.196795,0.196795,0.0,MATCH,ATR-ES,1355,1776458159000
dist_session_lvn_below_atr,0.356105,0.356105,0.0,MATCH,ATR-ES,1355,1776458159000
dist_swing_high_atr,0.131197,0.131197,0.0,MATCH,ATR-ES,1355,1776458159000
dist_vwap_d_sd1d_atr,-0.878624,-0.878624,0.0,MATCH,ATR-ES,1355,1776458159000
dist_vwap_d_sd1u_atr,0.195459,0.195459,0.0,MATCH,ATR-ES,1355,1776458159000
dist_vwap_d_sd2u_atr,0.403017,0.403017,0.0,MATCH,ATR-ES,1355,1776458159000
dist_vwap_d_sd3u_atr,0.610591,0.610591,0.0,MATCH,ATR-ES,1355,1776458159000
dist_comp_20d_vpoc_atr,,-20.269890357042453,,MISSING_LIVE,ATR-ES,1355,1776458159000
dist_comp_50d_vpoc_atr,,-20.007496954362292,,MISSING_LIVE,ATR-ES,1355,1776458159000
dist_cur_vwap_vp_atr,,-0.04839284040858401,,MISSING_LIVE,ATR-ES,1355,1776458159000
dist_ext_edge_buy_atr,,-0.0093711929528629,,MISSING_LIVE,ATR-ES,1355,1776458159000
dist_ext_edge_sell_atr,,0.0,,MISSING_LIVE,ATR-ES,1355,1776458159000
dist_ext_long_dn_atr,,0.0,,MISSING_LIVE,ATR-ES,1355,1776458159000
dist_ext_long_up_atr,,0.0,,MISSING_LIVE,ATR-ES,1355,1776458159000
dist_open_cash_atr,,-3.486083778464999,,MISSING_LIVE,ATR-ES,1355,1776458159000
dist_ovn_high_atr,,0.1499390872458064,,MISSING_LIVE,ATR-ES,1355,1776458159000
dist_ovn_low_atr,,-0.4404460687845563,,MISSING_LIVE,ATR-ES,1355,1776458159000
dist_prev_vpoc_atr,,-3.186205603973386,,MISSING_LIVE,ATR-ES,1355,1776458159000
dist_prev_vwap_atr,,-1.4762552712960362,,MISSING_LIVE,ATR-ES,1355,1776458159000
dist_vwap_w_atr,,-5.281344766188736,,MISSING_LIVE,ATR-ES,1355,1776458159000
next_wall_dist_atr,,0.4779308405960079,,MISSING_LIVE,ATR-ES,1355,1776458159000
open_gap_atr,,0.2998781744916128,,MISSING_LIVE,ATR-ES,1355,1776458159000
ovn_range_atr,,0.5903851560303627,,MISSING_LIVE,ATR-ES,1355,1776458159000
poc_bar_dist_atr,,0.0093711929528629,,MISSING_LIVE,ATR-ES,1355,1776458159000
poc_separation_atr,,0.0,,MISSING_LIVE,ATR-ES,1355,1776458159000
range_size_atr,,0.3279917533502015,,MISSING_LIVE,ATR-ES,1355,1776458159000
sess_range_atr,,4.854277949582982,,MISSING_LIVE,ATR-ES,1355,1776458159000
swing_range_atr,,0.2530222097272983,,MISSING_LIVE,ATR-ES,1355,1776458159000
dist_blind_nearest_dn_atr,-0.9404873020335489,,,LIVE_ONLY,ATR-ES,1355,1776458159000
dist_gex_nearest_dn_atr,-0.4779308405960079,,,LIVE_ONLY,ATR-ES,1355,1776458159000
dist_sess_low_atr,-3.9921281979195955,,,LIVE_ONLY,ATR-ES,1355,1776458159000
dist_session_hvn_below_atr,0.0093711929528629,,,LIVE_ONLY,ATR-ES,1355,1776458159000
dist_swing_low_atr,-0.1218255083872177,,,LIVE_ONLY,ATR-ES,1355,1776458159000
dist_vix_call_atr,0.070471371005529,,,LIVE_ONLY,ATR-ES,1355,1776458159000
dist_vix_gex_nearest_dn_atr,-0.023240558523099992,,,LIVE_ONLY,ATR-ES,1355,1776458159000
dist_vix_gex_nearest_up_atr,0.000187423859057258,,,LIVE_ONLY,ATR-ES,1355,1776458159000
dist_vix_hvl_atr,0.037672195670508855,,,LIVE_ONLY,ATR-ES,1355,1776458159000
dist_vix_put_atr,-0.004498172617374192,,,LIVE_ONLY,ATR-ES,1355,1776458159000
dist_vwap_d_sd2d_atr,-0.42721300721581856,,,LIVE_ONLY,ATR-ES,1355,1776458159000
dist_vwap_d_sd3d_atr,-0.6347886795989129,,,LIVE_ONLY,ATR-ES,1355,1776458159000
im_cross_delta_agreement_5,0.8,0.8,0.0,MATCH,IM-ES,1355,1776458159000
im_open_type_agreement,1.0,1.0,0.0,MATCH,IM-ES,1355,1776458159000
im_rolling_correlation_10,0.938691,0.938691,0.0,MATCH,IM-ES,1355,1776458159000
im_cross_delta_weighted_5,,15.2,,MISSING_LIVE,IM-ES,1355,1776458159000
im_cross_open_signal,,0.85,,MISSING_LIVE,IM-ES,1355,1776458159000
im_delta_day_divergence,,-1.0,,MISSING_LIVE,IM-ES,1355,1776458159000
im_ltr_slope_diff,,-0.39576,,MISSING_LIVE,IM-ES,1355,1776458159000
im_price_ratio_slope_10,,-6.09080837625887e-06,,MISSING_LIVE,IM-ES,1355,1776458159000
im_smt_divergence,,0.0,,MISSING_LIVE,IM-ES,1355,1776458159000
im_volume_lead,,-3.8,,MISSING_LIVE,IM-ES,1355,1776458159000
dist_1d_max_atr,-0.471928,-0.471928,0.0,MATCH,ATR-ES,1270,1776453060000
dist_1d_min_atr,-5.263242,-5.263242,0.0,MATCH,ATR-ES,1270,1776453060000
dist_comp_20d_vah_atr,-12.201293,-12.201293,0.0,MATCH,ATR-ES,1270,1776453060000
dist_comp_20d_val_atr,-29.987817,-29.987817,0.0,MATCH,ATR-ES,1270,1776453060000
dist_comp_20d_vwap_atr,-16.50904,-16.50904,0.0,MATCH,ATR-ES,1270,1776453060000
dist_comp_50d_vah_atr,-10.908069,-10.908069,0.0,MATCH,ATR-ES,1270,1776453060000
dist_comp_50d_val_atr,-23.934027,-23.934027,0.0,MATCH,ATR-ES,1270,1776453060000
dist_comp_50d_vwap_atr,-16.777748,-16.777748,0.0,MATCH,ATR-ES,1270,1776453060000
dist_cur_vah_atr,0.449817,0.449817,0.0,MATCH,ATR-ES,1270,1776453060000
dist_cur_val_atr,0.028114,0.028114,0.0,MATCH,ATR-ES,1270,1776453060000
dist_cur_vpoc_atr,0.23428,0.23428,0.0,MATCH,ATR-ES,1270,1776453060000
dist_gex_nearest_up_atr,1.743042,1.743042,0.0,MATCH,ATR-ES,1270,1776453060000
dist_ib_high_atr,0.084341,0.084341,0.0,MATCH,ATR-ES,1270,1776453060000
dist_ib_low_atr,-1.368194,-1.368194,0.0,MATCH,ATR-ES,1270,1776453060000
dist_mq_call_0dte_atr,-7.065879,-7.065879,0.0,MATCH,ATR-ES,1270,1776453060000
dist_mq_call_atr,-2.005435,-2.005435,0.0,MATCH,ATR-ES,1270,1776453060000
dist_mq_hvl_atr,-9.314966,-9.314966,0.0,MATCH,ATR-ES,1270,1776453060000
dist_mq_put_0dte_atr,-4.254522,-4.254522,0.0,MATCH,ATR-ES,1270,1776453060000
dist_mq_put_atr,-24.496298,-24.496298,0.0,MATCH,ATR-ES,1270,1776453060000
dist_open_830_atr,-2.473995,-2.473995,0.0,MATCH,ATR-ES,1270,1776453060000
dist_prev_vah_atr,-0.018742,-0.018742,0.0,MATCH,ATR-ES,1270,1776453060000
dist_prev_val_atr,-3.636023,-3.636023,0.0,MATCH,ATR-ES,1270,1776453060000
dist_prev_vwap_sd1d_atr,-2.622671,-2.622671,0.0,MATCH,ATR-ES,1270,1776453060000
dist_prev_vwap_sd1u_atr,0.39154,0.39154,0.0,MATCH,ATR-ES,1270,1776453060000
dist_sess_high_atr,1.208884,1.208884,0.0,MATCH,ATR-ES,1270,1776453060000
dist_session_hvn_above_atr,0.112454,0.112454,0.0,MATCH,ATR-ES,1270,1776453060000
dist_session_lvn_above_atr,0.018742,0.018742,0.0,MATCH,ATR-ES,1270,1776453060000
dist_session_lvn_below_atr,0.009371,0.009371,0.0,MATCH,ATR-ES,1270,1776453060000
dist_swing_high_atr,0.449817,0.449817,0.0,MATCH,ATR-ES,1270,1776453060000
dist_vwap_d_sd1d_atr,0.540455,0.540455,0.0,MATCH,ATR-ES,1270,1776453060000
dist_vwap_d_sd1u_atr,0.616486,0.616486,0.0,MATCH,ATR-ES,1270,1776453060000
dist_vwap_d_sd2u_atr,0.85719,0.85719,0.0,MATCH,ATR-ES,1270,1776453060000
dist_vwap_d_sd3u_atr,1.097876,1.097876,0.0,MATCH,ATR-ES,1270,1776453060000
dist_comp_20d_vpoc_atr,,-19.923156217786527,,MISSING_LIVE,ATR-ES,1270,1776453060000
dist_comp_50d_vpoc_atr,,-19.660762815106363,,MISSING_LIVE,ATR-ES,1270,1776453060000
dist_cur_vwap_vp_atr,,1.5032705463405491,,MISSING_LIVE,ATR-ES,1270,1776453060000
dist_ext_edge_buy_atr,,0.0749695436229032,,MISSING_LIVE,ATR-ES,1270,1776453060000
dist_ext_edge_sell_atr,,0.1124543154343548,,MISSING_LIVE,ATR-ES,1270,1776453060000
dist_ext_long_dn_atr,,0.0562271577171774,,MISSING_LIVE,ATR-ES,1270,1776453060000
dist_ext_long_up_atr,,-0.0281135788585887,,MISSING_LIVE,ATR-ES,1270,1776453060000
dist_open_cash_atr,,-1.1901415050135884,,MISSING_LIVE,ATR-ES,1270,1776453060000
dist_ovn_high_atr,,0.4966732265017337,,MISSING_LIVE,ATR-ES,1270,1776453060000
dist_ovn_low_atr,,-0.0281135788585887,,MISSING_LIVE,ATR-ES,1270,1776453060000
dist_prev_vpoc_atr,,-2.839471464717459,,MISSING_LIVE,ATR-ES,1270,1776453060000
dist_prev_vwap_atr,,-1.1295211320401088,,MISSING_LIVE,ATR-ES,1270,1776453060000
dist_vwap_w_atr,,-5.109807890544467,,MISSING_LIVE,ATR-ES,1270,1776453060000
next_wall_dist_atr,,0.1311967013400806,,MISSING_LIVE,ATR-ES,1270,1776453060000
open_gap_atr,,-1.6493299597038704,,MISSING_LIVE,ATR-ES,1270,1776453060000
ovn_range_atr,,0.5247868053603224,,MISSING_LIVE,ATR-ES,1270,1776453060000
poc_bar_dist_atr,,0.0093711929528629,,MISSING_LIVE,ATR-ES,1270,1776453060000
poc_separation_atr,,0.0,,MISSING_LIVE,ATR-ES,1270,1776453060000
range_size_atr,,0.4217036828788305,,MISSING_LIVE,ATR-ES,1270,1776453060000
sess_range_atr,,4.854277949582982,,MISSING_LIVE,ATR-ES,1270,1776453060000
swing_range_atr,,0.4498172617374192,,MISSING_LIVE,ATR-ES,1270,1776453060000
dist_blind_nearest_dn_atr,-0.5937531627776216,,,LIVE_ONLY,ATR-ES,1270,1776453060000
dist_gex_nearest_dn_atr,-0.1311967013400806,,,LIVE_ONLY,ATR-ES,1270,1776453060000
dist_sess_low_atr,-3.645394058663668,,,LIVE_ONLY,ATR-ES,1270,1776453060000
dist_swing_low_atr,0.0,,,LIVE_ONLY,ATR-ES,1270,1776453060000
dist_vix_call_atr,0.06737887733108426,,,LIVE_ONLY,ATR-ES,1270,1776453060000
dist_vix_gex_nearest_dn_atr,-0.002905069815387499,,,LIVE_ONLY,ATR-ES,1270,1776453060000
dist_vix_gex_nearest_up_atr,0.001780526661043951,,,LIVE_ONLY,ATR-ES,1270,1776453060000
dist_vix_hvl_atr,0.034579701996064104,,,LIVE_ONLY,ATR-ES,1270,1776453060000
dist_vix_put_atr,-0.0075906662918189495,,,LIVE_ONLY,ATR-ES,1270,1776453060000
dist_vwap_d_sd2d_atr,-0.10559085371567802,,,LIVE_ONLY,ATR-ES,1270,1776453060000
dist_vwap_d_sd3d_atr,-0.3462768250398276,,,LIVE_ONLY,ATR-ES,1270,1776453060000
im_cross_delta_agreement_5,0.6,0.6,0.0,MATCH,IM-ES,1270,1776453060000
im_open_type_agreement,1.0,1.0,0.0,MATCH,IM-ES,1270,1776453060000
im_rolling_correlation_10,0.989785,0.989785,0.0,MATCH,IM-ES,1270,1776453060000
im_cross_delta_weighted_5,,29.8,,MISSING_LIVE,IM-ES,1270,1776453060000
im_cross_open_signal,,0.85,,MISSING_LIVE,IM-ES,1270,1776453060000
im_delta_day_divergence,,-1.0,,MISSING_LIVE,IM-ES,1270,1776453060000
im_ltr_slope_diff,,-0.013980000000000013,,MISSING_LIVE,IM-ES,1270,1776453060000
im_price_ratio_slope_10,,2.8514407025566137e-06,,MISSING_LIVE,IM-ES,1270,1776453060000
im_smt_divergence,,0.0,,MISSING_LIVE,IM-ES,1270,1776453060000
im_volume_lead,,-2.0,,MISSING_LIVE,IM-ES,1270,1776453060000
dist_1d_max_atr,0.275443,0.275443,0.0,MATCH,ATR-ES,924,1776432300000
dist_1d_min_atr,-4.641668,-4.641668,0.0,MATCH,ATR-ES,924,1776432300000
dist_blind_nearest_up_atr,0.150419,0.150419,0.0,MATCH,ATR-ES,924,1776432300000
dist_comp_20d_vah_atr,-12.329294,-12.329294,0.0,MATCH,ATR-ES,924,1776432300000
dist_comp_20d_val_atr,-29.957684,-29.957684,0.0,MATCH,ATR-ES,924,1776432300000
dist_comp_20d_vwap_atr,-16.983659,-16.983659,0.0,MATCH,ATR-ES,924,1776432300000
dist_comp_50d_vah_atr,-10.703982,-10.703982,0.0,MATCH,ATR-ES,924,1776432300000
dist_comp_50d_val_atr,-23.802654,-23.802654,0.0,MATCH,ATR-ES,924,1776432300000
dist_comp_50d_vwap_atr,-16.990986,-16.990986,0.0,MATCH,ATR-ES,924,1776432300000
dist_cur_vah_atr,-1.692633,-1.692633,0.0,MATCH,ATR-ES,924,1776432300000
dist_cur_val_atr,-2.971725,-2.971725,0.0,MATCH,ATR-ES,924,1776432300000
dist_cur_vpoc_atr,-2.15426,-2.15426,0.0,MATCH,ATR-ES,924,1776432300000
dist_gex_nearest_up_atr,0.62512,0.62512,0.0,MATCH,ATR-ES,924,1776432300000
dist_mq_call_0dte_atr,-6.491633,-6.491633,0.0,MATCH,ATR-ES,924,1776432300000
dist_mq_call_atr,-1.298327,-1.298327,0.0,MATCH,ATR-ES,924,1776432300000
dist_mq_hvl_atr,-8.799769,-8.799769,0.0,MATCH,ATR-ES,924,1776432300000
dist_mq_put_0dte_atr,-3.606463,-3.606463,0.0,MATCH,ATR-ES,924,1776432300000
dist_mq_put_atr,-24.379688,-24.379688,0.0,MATCH,ATR-ES,924,1776432300000
dist_open_830_atr,-1.779188,-1.779188,0.0,MATCH,ATR-ES,924,1776432300000
dist_prev_vah_atr,-2.250433,-2.250433,0.0,MATCH,ATR-ES,924,1776432300000
dist_prev_val_atr,-3.212156,-3.212156,0.0,MATCH,ATR-ES,924,1776432300000
dist_prev_vwap_sd1d_atr,-3.236556,-3.236556,0.0,MATCH,ATR-ES,924,1776432300000
dist_prev_vwap_sd1u_atr,-2.265159,-2.265159,0.0,MATCH,ATR-ES,924,1776432300000
dist_sess_high_atr,0.528948,0.528948,0.0,MATCH,ATR-ES,924,1776432300000
dist_session_hvn_above_atr,0.009617,0.009617,0.0,MATCH,ATR-ES,924,1776432300000
dist_session_lvn_above_atr,0.17311,0.17311,0.0,MATCH,ATR-ES,924,1776432300000
dist_session_lvn_below_atr,0.240431,0.240431,0.0,MATCH,ATR-ES,924,1776432300000
dist_swing_high_atr,0.528948,0.528948,0.0,MATCH,ATR-ES,924,1776432300000
dist_vwap_d_sd1d_atr,-11.207759,-11.207759,0.0,MATCH,ATR-ES,924,1776432300000
dist_vwap_d_sd1u_atr,-0.754521,-0.754521,0.0,MATCH,ATR-ES,924,1776432300000
dist_vwap_d_sd2u_atr,0.26917,0.26917,0.0,MATCH,ATR-ES,924,1776432300000
dist_vwap_d_sd3u_atr,1.292879,1.292879,0.0,MATCH,ATR-ES,924,1776432300000
dist_comp_20d_vpoc_atr,,-19.76341604154645,,MISSING_LIVE,ATR-ES,924,1776432300000
dist_comp_50d_vpoc_atr,,-19.417195614541257,,MISSING_LIVE,ATR-ES,924,1776432300000
dist_cur_vwap_vp_atr,,-7.11292171571456,,MISSING_LIVE,ATR-ES,924,1776432300000
dist_ext_edge_buy_atr,,0.048086170417387955,,MISSING_LIVE,ATR-ES,924,1776432300000
dist_ext_edge_sell_atr,,0.0,,MISSING_LIVE,ATR-ES,924,1776432300000
dist_ext_long_dn_atr,,-0.08655510675129832,,MISSING_LIVE,ATR-ES,924,1776432300000
dist_ext_long_up_atr,,0.0,,MISSING_LIVE,ATR-ES,924,1776432300000
dist_open_cash_atr,,-2.4620119253702635,,MISSING_LIVE,ATR-ES,924,1776432300000
dist_ovn_high_atr,,-1.577226389690325,,MISSING_LIVE,ATR-ES,924,1776432300000
dist_ovn_low_atr,,-2.9813425658780535,,MISSING_LIVE,ATR-ES,924,1776432300000
dist_prev_vpoc_atr,,-2.817849586458934,,MISSING_LIVE,ATR-ES,924,1776432300000
dist_prev_vwap_atr,,-2.749947105212541,,MISSING_LIVE,ATR-ES,924,1776432300000
dist_vwap_w_atr,,-5.601061742642816,,MISSING_LIVE,ATR-ES,924,1776432300000
next_wall_dist_atr,,0.3366031929217157,,MISSING_LIVE,ATR-ES,924,1776432300000
open_gap_atr,,-0.3558376610886709,,MISSING_LIVE,ATR-ES,924,1776432300000
ovn_range_atr,,1.4041161761877283,,MISSING_LIVE,ATR-ES,924,1776432300000
poc_bar_dist_atr,,0.048086170417387955,,MISSING_LIVE,ATR-ES,924,1776432300000
poc_separation_atr,,0.0,,MISSING_LIVE,ATR-ES,924,1776432300000
range_size_atr,,1.2790921331025196,,MISSING_LIVE,ATR-ES,924,1776432300000
sess_range_atr,,3.510290440469321,,MISSING_LIVE,ATR-ES,924,1776432300000
swing_range_atr,,1.4714368147720716,,MISSING_LIVE,ATR-ES,924,1776432300000
dist_blind_nearest_dn_atr,-0.8759386420465474,,,LIVE_ONLY,ATR-ES,924,1776432300000
dist_gex_nearest_dn_atr,-0.3366031929217157,,,LIVE_ONLY,ATR-ES,924,1776432300000
dist_sess_low_atr,-2.9813425658780535,,,LIVE_ONLY,ATR-ES,924,1776432300000
dist_session_hvn_below_atr,0.009617234083477592,,,LIVE_ONLY,ATR-ES,924,1776432300000
dist_swing_low_atr,-0.942488940180804,,,LIVE_ONLY,ATR-ES,924,1776432300000
dist_vix_call_atr,0.07472590882862089,,,LIVE_ONLY,ATR-ES,924,1776432300000
dist_vix_gex_nearest_dn_atr,-0.02144643200615503,,,LIVE_ONLY,ATR-ES,924,1776432300000
dist_vix_gex_nearest_up_atr,0.00259665320253895,,,LIVE_ONLY,ATR-ES,924,1776432300000
dist_vix_hvl_atr,0.04106558953644931,,,LIVE_ONLY,ATR-ES,924,1776432300000
dist_vix_put_atr,-0.0022119638391998463,,,LIVE_ONLY,ATR-ES,924,1776432300000
dist_vwap_d_sd2d_atr,-3.825630890555876,,,LIVE_ONLY,ATR-ES,924,1776432300000
dist_vwap_d_sd3d_atr,-4.849340257741873,,,LIVE_ONLY,ATR-ES,924,1776432300000
im_cross_delta_agreement_5,0.2,0.2,0.0,MATCH,IM-ES,924,1776432300000
im_open_type_agreement,0.0,0.0,0.0,MATCH,IM-ES,924,1776432300000
im_rolling_correlation_10,0.974654,0.974654,0.0,MATCH,IM-ES,924,1776432300000
im_cross_delta_weighted_5,,9.2,,MISSING_LIVE,IM-ES,924,1776432300000
im_cross_open_signal,,0.0,,MISSING_LIVE,IM-ES,924,1776432300000
im_delta_day_divergence,,1.0,,MISSING_LIVE,IM-ES,924,1776432300000
im_ltr_slope_diff,,-0.001390000000000044,,MISSING_LIVE,IM-ES,924,1776432300000
im_price_ratio_slope_10,,2.124899114771539e-05,,MISSING_LIVE,IM-ES,924,1776432300000
im_smt_divergence,,0.0,,MISSING_LIVE,IM-ES,924,1776432300000
im_volume_lead,,483.9,,MISSING_LIVE,IM-ES,924,1776432300000
dist_1d_max_atr,-0.871891,-0.871891,0.0,MATCH,ATR-ES,1032,1776438780000
dist_1d_min_atr,-5.698486,-5.698486,0.0,MATCH,ATR-ES,1032,1776438780000
dist_comp_20d_vah_atr,-13.131313,-13.131313,0.0,MATCH,ATR-ES,1032,1776438780000
dist_comp_20d_val_atr,-30.548475,-30.548475,0.0,MATCH,ATR-ES,1032,1776438780000
dist_comp_20d_vwap_atr,-17.494417,-17.494417,0.0,MATCH,ATR-ES,1032,1776438780000
dist_comp_50d_vah_atr,-11.54536,-11.54536,0.0,MATCH,ATR-ES,1032,1776438780000
dist_comp_50d_val_atr,-24.50675,-24.50675,0.0,MATCH,ATR-ES,1032,1776438780000
dist_comp_50d_vwap_atr,-17.565606,-17.565606,0.0,MATCH,ATR-ES,1032,1776438780000
dist_cur_vah_atr,-1.000661,-1.000661,0.0,MATCH,ATR-ES,1032,1776438780000
dist_cur_val_atr,-4.059284,-4.059284,0.0,MATCH,ATR-ES,1032,1776438780000
dist_cur_vpoc_atr,-3.256868,-3.256868,0.0,MATCH,ATR-ES,1032,1776438780000
dist_gex_nearest_up_atr,1.359388,1.359388,0.0,MATCH,ATR-ES,1032,1776438780000
dist_ib_high_atr,-0.311526,-0.311526,0.0,MATCH,ATR-ES,1032,1776438780000
dist_ib_low_atr,-1.774757,-1.774757,0.0,MATCH,ATR-ES,1032,1776438780000
dist_mq_call_0dte_atr,-7.514396,-7.514396,0.0,MATCH,ATR-ES,1032,1776438780000
dist_mq_call_atr,-2.41669,-2.41669,0.0,MATCH,ATR-ES,1032,1776438780000
dist_mq_hvl_atr,-9.780043,-9.780043,0.0,MATCH,ATR-ES,1032,1776438780000
dist_mq_put_0dte_atr,-4.682337,-4.682337,0.0,MATCH,ATR-ES,1032,1776438780000
dist_mq_put_atr,-25.073162,-25.073162,0.0,MATCH,ATR-ES,1032,1776438780000
dist_open_830_atr,-2.8887,-2.8887,0.0,MATCH,ATR-ES,1032,1776438780000
dist_prev_vah_atr,-3.35127,-3.35127,0.0,MATCH,ATR-ES,1032,1776438780000
dist_prev_val_atr,-4.295289,-4.295289,0.0,MATCH,ATR-ES,1032,1776438780000
dist_prev_vwap_sd1d_atr,-4.31924,-4.31924,0.0,MATCH,ATR-ES,1032,1776438780000
dist_prev_vwap_sd1u_atr,-3.365725,-3.365725,0.0,MATCH,ATR-ES,1032,1776438780000
dist_sess_high_atr,0.405928,0.405928,0.0,MATCH,ATR-ES,1032,1776438780000
dist_session_hvn_above_atr,0.160483,0.160483,0.0,MATCH,ATR-ES,1032,1776438780000
dist_session_lvn_above_atr,0.377608,0.377608,0.0,MATCH,ATR-ES,1032,1776438780000
dist_session_lvn_below_atr,0.132163,0.132163,0.0,MATCH,ATR-ES,1032,1776438780000
dist_swing_high_atr,0.339847,0.339847,0.0,MATCH,ATR-ES,1032,1776438780000
dist_vwap_d_sd1d_atr,-13.213768,-13.213768,0.0,MATCH,ATR-ES,1032,1776438780000
dist_vwap_d_sd1u_atr,-0.496643,-0.496643,0.0,MATCH,ATR-ES,1032,1776438780000
dist_vwap_d_sd2u_atr,0.906756,0.906756,0.0,MATCH,ATR-ES,1032,1776438780000
dist_vwap_d_sd3u_atr,2.310138,2.310138,0.0,MATCH,ATR-ES,1032,1776438780000
dist_comp_20d_vpoc_atr,,-20.541867270839234,,MISSING_LIVE,ATR-ES,1032,1776438780000
dist_comp_50d_vpoc_atr,,-20.2020202020202,,MISSING_LIVE,ATR-ES,1032,1776438780000
dist_cur_vwap_vp_atr,,-7.600169923534409,,MISSING_LIVE,ATR-ES,1032,1776438780000
dist_ext_edge_buy_atr,,0.009440196356084205,,MISSING_LIVE,ATR-ES,1032,1776438780000
dist_ext_edge_sell_atr,,0.30208628339469457,,MISSING_LIVE,ATR-ES,1032,1776438780000
dist_ext_long_dn_atr,,0.12272255262909468,,MISSING_LIVE,ATR-ES,1032,1776438780000
dist_ext_long_up_atr,,0.0,,MISSING_LIVE,ATR-ES,1032,1776438780000
dist_open_cash_atr,,-1.5953931841782307,,MISSING_LIVE,ATR-ES,1032,1776438780000
dist_ovn_high_atr,,-2.6904559614839987,,MISSING_LIVE,ATR-ES,1032,1776438780000
dist_ovn_low_atr,,-4.0687246294722925,,MISSING_LIVE,ATR-ES,1032,1776438780000
dist_prev_vpoc_atr,,-3.9082412914188613,,MISSING_LIVE,ATR-ES,1032,1776438780000
dist_prev_vwap_atr,,-3.8415887850467287,,MISSING_LIVE,ATR-ES,1032,1776438780000
dist_vwap_w_atr,,-6.08699046540168,,MISSING_LIVE,ATR-ES,1032,1776438780000
next_wall_dist_atr,,0.5286509959407155,,MISSING_LIVE,ATR-ES,1032,1776438780000
open_gap_atr,,-2.3128481072406304,,MISSING_LIVE,ATR-ES,1032,1776438780000
ovn_range_atr,,1.378268667988294,,MISSING_LIVE,ATR-ES,1032,1776438780000
poc_bar_dist_atr,,0.01888039271216841,,MISSING_LIVE,ATR-ES,1032,1776438780000
poc_separation_atr,,0.0,,MISSING_LIVE,ATR-ES,1032,1776438780000
range_size_atr,,3.0586236193712826,,MISSING_LIVE,ATR-ES,1032,1776438780000
sess_range_atr,,4.474653072783914,,MISSING_LIVE,ATR-ES,1032,1776438780000
swing_range_atr,,0.37760785424336824,,MISSING_LIVE,ATR-ES,1032,1776438780000
dist_blind_nearest_dn_atr,-0.9946134239592183,,,LIVE_ONLY,ATR-ES,1032,1776438780000
dist_gex_nearest_dn_atr,-0.5286509959407155,,,LIVE_ONLY,ATR-ES,1032,1776438780000
dist_sess_low_atr,-4.0687246294722925,,,LIVE_ONLY,ATR-ES,1032,1776438780000
dist_session_hvn_below_atr,0.37760785424336824,,,LIVE_ONLY,ATR-ES,1032,1776438780000
dist_swing_low_atr,-0.03776078542433682,,,LIVE_ONLY,ATR-ES,1032,1776438780000
dist_vix_call_atr,0.07278391390540923,,,LIVE_ONLY,ATR-ES,1032,1776438780000
dist_vix_gex_nearest_dn_atr,-0.021618049655432833,,,LIVE_ONLY,ATR-ES,1032,1776438780000
dist_vix_gex_nearest_up_atr,0.001982441234777683,,,LIVE_ONLY,ATR-ES,1032,1776438780000
dist_vix_hvl_atr,0.039743226659114506,,,LIVE_ONLY,ATR-ES,1032,1776438780000
dist_vix_put_atr,-0.0027376569432644195,,,LIVE_ONLY,ATR-ES,1032,1776438780000
dist_vwap_d_sd2d_atr,-4.706841310299255,,,LIVE_ONLY,ATR-ES,1032,1776438780000
dist_vwap_d_sd3d_atr,-6.110222788634003,,,LIVE_ONLY,ATR-ES,1032,1776438780000
im_cross_delta_agreement_5,0.8,0.8,0.0,MATCH,IM-ES,1032,1776438780000
im_open_type_agreement,0.0,0.0,0.0,MATCH,IM-ES,1032,1776438780000
im_rolling_correlation_10,0.96334,0.96334,0.0,MATCH,IM-ES,1032,1776438780000
im_cross_delta_weighted_5,,69.2,,MISSING_LIVE,IM-ES,1032,1776438780000
im_cross_open_signal,,0.0,,MISSING_LIVE,IM-ES,1032,1776438780000
im_delta_day_divergence,,1.0,,MISSING_LIVE,IM-ES,1032,1776438780000
im_ltr_slope_diff,,-0.10232000000000001,,MISSING_LIVE,IM-ES,1032,1776438780000
im_price_ratio_slope_10,,-6.236623337440455e-06,,MISSING_LIVE,IM-ES,1032,1776438780000
im_smt_divergence,,0.0,,MISSING_LIVE,IM-ES,1032,1776438780000
im_volume_lead,,213.6,,MISSING_LIVE,IM-ES,1032,1776438780000
dist_1d_max_atr,2.030923,2.030923,0.0,MATCH,ATR-ES,757,1776422280000
dist_1d_min_atr,-3.068122,-3.068122,0.0,MATCH,ATR-ES,757,1776422280000
dist_blind_nearest_up_atr,0.385755,0.385755,0.0,MATCH,ATR-ES,757,1776422280000
dist_comp_20d_vah_atr,-11.090057,-11.090057,0.0,MATCH,ATR-ES,757,1776422280000
dist_comp_20d_val_atr,-29.320834,-29.320834,0.0,MATCH,ATR-ES,757,1776422280000
dist_comp_20d_vwap_atr,-15.981206,-15.981206,0.0,MATCH,ATR-ES,757,1776422280000
dist_comp_50d_vah_atr,-9.404608,-9.404608,0.0,MATCH,ATR-ES,757,1776422280000
dist_comp_50d_val_atr,-22.938067,-22.938067,0.0,MATCH,ATR-ES,757,1776422280000
dist_comp_50d_vwap_atr,-15.96537,-15.96537,0.0,MATCH,ATR-ES,757,1776422280000
dist_cur_vah_atr,-0.418869,-0.418869,0.0,MATCH,ATR-ES,757,1776422280000
dist_cur_val_atr,-0.967388,-0.967388,0.0,MATCH,ATR-ES,757,1776422280000
dist_cur_vpoc_atr,-0.488681,-0.488681,0.0,MATCH,ATR-ES,757,1776422280000
dist_gex_nearest_up_atr,1.39623,1.39623,0.0,MATCH,ATR-ES,757,1776422280000
dist_mq_call_0dte_atr,-4.986536,-4.986536,0.0,MATCH,ATR-ES,757,1776422280000
dist_mq_call_atr,0.398923,0.398923,0.0,MATCH,ATR-ES,757,1776422280000
dist_mq_hvl_atr,-7.380074,-7.380074,0.0,MATCH,ATR-ES,757,1776422280000
dist_mq_put_0dte_atr,-1.994615,-1.994615,0.0,MATCH,ATR-ES,757,1776422280000
dist_mq_put_atr,-23.536452,-23.536452,0.0,MATCH,ATR-ES,757,1776422280000
dist_open_830_atr,-0.099731,-0.099731,0.0,MATCH,ATR-ES,757,1776422280000
dist_prev_vah_atr,-0.588411,-0.588411,0.0,MATCH,ATR-ES,757,1776422280000
dist_prev_val_atr,-1.585719,-1.585719,0.0,MATCH,ATR-ES,757,1776422280000
dist_prev_vwap_sd1d_atr,-1.611021,-1.611021,0.0,MATCH,ATR-ES,757,1776422280000
dist_prev_vwap_sd1u_atr,-0.603682,-0.603682,0.0,MATCH,ATR-ES,757,1776422280000
dist_sess_high_atr,0.219408,0.219408,0.0,MATCH,ATR-ES,757,1776422280000
dist_session_hvn_above_atr,0.049865,0.049865,0.0,MATCH,ATR-ES,757,1776422280000
dist_session_lvn_above_atr,0.169542,0.169542,0.0,MATCH,ATR-ES,757,1776422280000
dist_session_lvn_below_atr,0.049865,0.049865,0.0,MATCH,ATR-ES,757,1776422280000
dist_swing_high_atr,0.219408,0.219408,0.0,MATCH,ATR-ES,757,1776422280000
dist_vwap_d_sd1d_atr,-3.805896,-3.805896,0.0,MATCH,ATR-ES,757,1776422280000
dist_vwap_d_sd1u_atr,-0.393644,-0.393644,0.0,MATCH,ATR-ES,757,1776422280000
dist_vwap_d_sd2u_atr,-0.114729,-0.114729,0.0,MATCH,ATR-ES,757,1776422280000
dist_vwap_d_sd3u_atr,0.164166,0.164166,0.0,MATCH,ATR-ES,757,1776422280000
dist_comp_20d_vpoc_atr,,-18.74937668295602,,MISSING_LIVE,ATR-ES,757,1776422280000
dist_comp_50d_vpoc_atr,,-18.39034606562282,,MISSING_LIVE,ATR-ES,757,1776422280000
dist_cur_vwap_vp_atr,,-2.690316146404707,,MISSING_LIVE,ATR-ES,757,1776422280000
dist_ext_edge_buy_atr,,-0.009973072703700011,,MISSING_LIVE,ATR-ES,757,1776422280000
dist_ext_edge_sell_atr,,0.04986536351850005,,MISSING_LIVE,ATR-ES,757,1776422280000
dist_ext_long_dn_atr,,-0.02991921811110003,,MISSING_LIVE,ATR-ES,757,1776422280000
dist_ext_long_up_atr,,-0.36900369003690037,,MISSING_LIVE,ATR-ES,757,1776422280000
dist_open_cash_atr,,-0.8078188889997009,,MISSING_LIVE,ATR-ES,757,1776422280000
dist_ovn_high_atr,,0.10970379974070012,,MISSING_LIVE,ATR-ES,757,1776422280000
dist_ovn_low_atr,,-1.3463648149995013,,MISSING_LIVE,ATR-ES,757,1776422280000
dist_prev_vpoc_atr,,-1.1768225790366011,,MISSING_LIVE,ATR-ES,757,1776422280000
dist_prev_vwap_atr,,-1.1064076992121272,,MISSING_LIVE,ATR-ES,757,1776422280000
dist_vwap_w_atr,,-4.26379974070011,,MISSING_LIVE,ATR-ES,757,1776422280000
next_wall_dist_atr,,0.5983843622220006,,MISSING_LIVE,ATR-ES,757,1776422280000
open_gap_atr,,-0.36900369003690037,,MISSING_LIVE,ATR-ES,757,1776422280000
ovn_range_atr,,1.4560686147402016,,MISSING_LIVE,ATR-ES,757,1776422280000
poc_bar_dist_atr,,0.0,,MISSING_LIVE,ATR-ES,757,1776422280000
poc_separation_atr,,0.0,,MISSING_LIVE,ATR-ES,757,1776422280000
range_size_atr,,0.5485189987035005,,MISSING_LIVE,ATR-ES,757,1776422280000
sess_range_atr,,1.5657724144809015,,MISSING_LIVE,ATR-ES,757,1776422280000
swing_range_atr,,0.13962301785180015,,MISSING_LIVE,ATR-ES,757,1776422280000
dist_blind_nearest_dn_atr,-0.11369701805126159,,,LIVE_ONLY,ATR-ES,757,1776422280000
dist_gex_nearest_dn_atr,-0.5983843622220006,,,LIVE_ONLY,ATR-ES,757,1776422280000
dist_sess_low_atr,-1.3463648149995013,,,LIVE_ONLY,ATR-ES,757,1776422280000
dist_session_hvn_below_atr,0.009973072703700011,,,LIVE_ONLY,ATR-ES,757,1776422280000
dist_swing_low_atr,0.07978458162960009,,,LIVE_ONLY,ATR-ES,757,1776422280000
dist_vix_call_atr,0.06881420165553008,,,LIVE_ONLY,ATR-ES,757,1776422280000
dist_vix_gex_nearest_dn_atr,-0.0009973072703700011,,,LIVE_ONLY,ATR-ES,757,1776422280000
dist_vix_gex_nearest_up_atr,0.00897576543333001,,,LIVE_ONLY,ATR-ES,757,1776422280000
dist_vix_hvl_atr,0.03390844719258004,,,LIVE_ONLY,ATR-ES,757,1776422280000
dist_vix_put_atr,-0.010970379974070013,,,LIVE_ONLY,ATR-ES,757,1776422280000
dist_vwap_d_sd2d_atr,-1.2303889498354443,,,LIVE_ONLY,ATR-ES,757,1776422280000
dist_vwap_d_sd3d_atr,-1.5092839333798744,,,LIVE_ONLY,ATR-ES,757,1776422280000
im_cross_delta_agreement_5,0.8,0.8,0.0,MATCH,IM-ES,757,1776422280000
im_open_type_agreement,0.0,0.0,0.0,MATCH,IM-ES,757,1776422280000
im_rolling_correlation_10,0.855039,0.855039,0.0,MATCH,IM-ES,757,1776422280000
im_cross_delta_weighted_5,,9.4,,MISSING_LIVE,IM-ES,757,1776422280000
im_cross_open_signal,,0.0,,MISSING_LIVE,IM-ES,757,1776422280000
im_delta_day_divergence,,0.0,,MISSING_LIVE,IM-ES,757,1776422280000
im_ltr_slope_diff,,-0.07073999999999997,,MISSING_LIVE,IM-ES,757,1776422280000
im_price_ratio_slope_10,,4.84046377545127e-06,,MISSING_LIVE,IM-ES,757,1776422280000
im_smt_divergence,,0.0,,MISSING_LIVE,IM-ES,757,1776422280000
im_volume_lead,,2.3,,MISSING_LIVE,IM-ES,757,1776422280000
dist_1d_max_atr,0.342764,0.342764,0.0,MATCH,ATR-ES,934,1776432899000
dist_1d_min_atr,-4.574347,-4.574347,0.0,MATCH,ATR-ES,934,1776432899000
dist_blind_nearest_up_atr,0.21774,0.21774,0.0,MATCH,ATR-ES,934,1776432899000
dist_comp_20d_vah_atr,-12.242739,-12.242739,0.0,MATCH,ATR-ES,934,1776432899000
dist_comp_20d_val_atr,-29.890364,-29.890364,0.0,MATCH,ATR-ES,934,1776432899000
dist_comp_20d_vwap_atr,-16.861416,-16.861416,0.0,MATCH,ATR-ES,934,1776432899000
dist_comp_50d_vah_atr,-10.617426,-10.617426,0.0,MATCH,ATR-ES,934,1776432899000
dist_comp_50d_val_atr,-23.735334,-23.735334,0.0,MATCH,ATR-ES,934,1776432899000
dist_comp_50d_vwap_atr,-16.879917,-16.879917,0.0,MATCH,ATR-ES,934,1776432899000
dist_cur_vah_atr,-0.692441,-0.692441,0.0,MATCH,ATR-ES,934,1776432899000
dist_cur_val_atr,-2.904405,-2.904405,0.0,MATCH,ATR-ES,934,1776432899000
dist_cur_vpoc_atr,-2.08694,-2.08694,0.0,MATCH,ATR-ES,934,1776432899000
dist_gex_nearest_up_atr,0.692441,0.692441,0.0,MATCH,ATR-ES,934,1776432899000
dist_ib_high_atr,0.009617,0.009617,0.0,MATCH,ATR-ES,934,1776432899000
dist_ib_low_atr,-0.490479,-0.490479,0.0,MATCH,ATR-ES,934,1776432899000
dist_mq_call_0dte_atr,-6.424312,-6.424312,0.0,MATCH,ATR-ES,934,1776432899000
dist_mq_call_atr,-1.231006,-1.231006,0.0,MATCH,ATR-ES,934,1776432899000
dist_mq_hvl_atr,-8.732449,-8.732449,0.0,MATCH,ATR-ES,934,1776432899000
dist_mq_put_0dte_atr,-3.539142,-3.539142,0.0,MATCH,ATR-ES,934,1776432899000
dist_mq_put_atr,-24.312368,-24.312368,0.0,MATCH,ATR-ES,934,1776432899000
dist_open_830_atr,-1.711868,-1.711868,0.0,MATCH,ATR-ES,934,1776432899000
dist_prev_vah_atr,-2.183112,-2.183112,0.0,MATCH,ATR-ES,934,1776432899000
dist_prev_val_atr,-3.144836,-3.144836,0.0,MATCH,ATR-ES,934,1776432899000
dist_prev_vwap_sd1d_atr,-3.169235,-3.169235,0.0,MATCH,ATR-ES,934,1776432899000
dist_prev_vwap_sd1u_atr,-2.197838,-2.197838,0.0,MATCH,ATR-ES,934,1776432899000
dist_sess_high_atr,0.596269,0.596269,0.0,MATCH,ATR-ES,934,1776432899000
dist_session_hvn_above_atr,0.009617,0.009617,0.0,MATCH,ATR-ES,934,1776432899000
dist_session_lvn_above_atr,0.201962,0.201962,0.0,MATCH,ATR-ES,934,1776432899000
dist_session_lvn_below_atr,0.509713,0.509713,0.0,MATCH,ATR-ES,934,1776432899000
dist_swing_high_atr,0.596269,0.596269,0.0,MATCH,ATR-ES,934,1776432899000
dist_vwap_d_sd1d_atr,-10.332518,-10.332518,0.0,MATCH,ATR-ES,934,1776432899000
dist_vwap_d_sd1u_atr,-0.483341,-0.483341,0.0,MATCH,ATR-ES,934,1776432899000
dist_vwap_d_sd2u_atr,0.566571,0.566571,0.0,MATCH,ATR-ES,934,1776432899000
dist_vwap_d_sd3u_atr,1.616466,1.616466,0.0,MATCH,ATR-ES,934,1776432899000
dist_comp_20d_vpoc_atr,,-19.696095402962108,,MISSING_LIVE,ATR-ES,934,1776432899000
dist_comp_50d_vpoc_atr,,-19.349874975956915,,MISSING_LIVE,ATR-ES,934,1776432899000
dist_cur_vwap_vp_atr,,-6.132940950182728,,MISSING_LIVE,ATR-ES,934,1776432899000
dist_ext_edge_buy_atr,,-0.3558376610886709,,MISSING_LIVE,ATR-ES,934,1776432899000
dist_ext_edge_sell_atr,,0.0,,MISSING_LIVE,ATR-ES,934,1776432899000
dist_ext_long_dn_atr,,-0.019234468166955183,,MISSING_LIVE,ATR-ES,934,1776432899000
dist_ext_long_up_atr,,-0.028851702250432775,,MISSING_LIVE,ATR-ES,934,1776432899000
dist_open_cash_atr,,-0.39430659742258123,,MISSING_LIVE,ATR-ES,934,1776432899000
dist_ovn_high_atr,,-1.509905751105982,,MISSING_LIVE,ATR-ES,934,1776432899000
dist_ovn_low_atr,,-2.9140219272937102,,MISSING_LIVE,ATR-ES,934,1776432899000
dist_prev_vpoc_atr,,-2.7505289478745913,,MISSING_LIVE,ATR-ES,934,1776432899000
dist_prev_vwap_atr,,-2.682626466628198,,MISSING_LIVE,ATR-ES,934,1776432899000
dist_vwap_w_atr,,-5.441927293710329,,MISSING_LIVE,ATR-ES,934,1776432899000
next_wall_dist_atr,,0.2692825543373726,,MISSING_LIVE,ATR-ES,934,1776432899000
open_gap_atr,,-2.35622235045201,,MISSING_LIVE,ATR-ES,934,1776432899000
ovn_range_atr,,1.4041161761877283,,MISSING_LIVE,ATR-ES,934,1776432899000
poc_bar_dist_atr,,0.07693787266782073,,MISSING_LIVE,ATR-ES,934,1776432899000
poc_separation_atr,,0.0,,MISSING_LIVE,ATR-ES,934,1776432899000
range_size_atr,,2.211963839199846,,MISSING_LIVE,ATR-ES,934,1776432899000
sess_range_atr,,3.510290440469321,,MISSING_LIVE,ATR-ES,934,1776432899000
swing_range_atr,,1.4714368147720716,,MISSING_LIVE,ATR-ES,934,1776432899000
dist_blind_nearest_dn_atr,-0.8086180034622042,,,LIVE_ONLY,ATR-ES,934,1776432899000
dist_gex_nearest_dn_atr,-0.2692825543373726,,,LIVE_ONLY,ATR-ES,934,1776432899000
dist_sess_low_atr,-2.9140219272937102,,,LIVE_ONLY,ATR-ES,934,1776432899000
dist_session_hvn_below_atr,0.009617234083477592,,,LIVE_ONLY,ATR-ES,934,1776432899000
dist_swing_low_atr,-0.8751683015964609,,,LIVE_ONLY,ATR-ES,934,1776432899000
dist_vix_call_atr,0.07097518753606462,,,LIVE_ONLY,ATR-ES,934,1776432899000
dist_vix_gex_nearest_dn_atr,-0.001154068090017311,,,LIVE_ONLY,ATR-ES,934,1776432899000
dist_vix_gex_nearest_up_atr,0.0036545489517214847,,,LIVE_ONLY,ATR-ES,934,1776432899000
dist_vix_hvl_atr,0.03731486824389305,,,LIVE_ONLY,ATR-ES,934,1776432899000
dist_vix_put_atr,-0.005962685131756107,,,LIVE_ONLY,ATR-ES,934,1776432899000
dist_vwap_d_sd2d_atr,-3.6330419311406037,,,LIVE_ONLY,ATR-ES,934,1776432899000
dist_vwap_d_sd3d_atr,-4.682935179842278,,,LIVE_ONLY,ATR-ES,934,1776432899000
im_cross_delta_agreement_5,0.4,0.4,0.0,MATCH,IM-ES,934,1776432899000
im_open_type_agreement,0.0,0.0,0.0,MATCH,IM-ES,934,1776432899000
im_rolling_correlation_10,0.075649,0.075649,0.0,MATCH,IM-ES,934,1776432899000
im_cross_delta_weighted_5,,87.6,,MISSING_LIVE,IM-ES,934,1776432899000
im_cross_open_signal,,0.0,,MISSING_LIVE,IM-ES,934,1776432899000
im_delta_day_divergence,,1.0,,MISSING_LIVE,IM-ES,934,1776432899000
im_ltr_slope_diff,,0.002359999999999987,,MISSING_LIVE,IM-ES,934,1776432899000
im_price_ratio_slope_10,,6.670412537971966e-05,,MISSING_LIVE,IM-ES,934,1776432899000
im_smt_divergence,,0.0,,MISSING_LIVE,IM-ES,934,1776432899000
im_volume_lead,,-604.0,,MISSING_LIVE,IM-ES,934,1776432899000
dist_1d_max_atr,1.851407,1.851407,0.0,MATCH,ATR-ES,732,1776420779000
dist_1d_min_atr,-3.247637,-3.247637,0.0,MATCH,ATR-ES,732,1776420779000
dist_blind_nearest_up_atr,0.20624,0.20624,0.0,MATCH,ATR-ES,732,1776420779000
dist_comp_20d_vah_atr,-11.279545,-11.279545,0.0,MATCH,ATR-ES,732,1776420779000
dist_comp_20d_val_atr,-29.500349,-29.500349,0.0,MATCH,ATR-ES,732,1776420779000
dist_comp_20d_vwap_atr,-16.162572,-16.162572,0.0,MATCH,ATR-ES,732,1776420779000
dist_comp_50d_vah_atr,-9.584123,-9.584123,0.0,MATCH,ATR-ES,732,1776420779000
dist_comp_50d_val_atr,-23.117583,-23.117583,0.0,MATCH,ATR-ES,732,1776420779000
dist_comp_50d_vwap_atr,-16.146366,-16.146366,0.0,MATCH,ATR-ES,732,1776420779000
dist_cur_vah_atr,-0.598384,-0.598384,0.0,MATCH,ATR-ES,732,1776420779000
dist_cur_val_atr,-1.146903,-1.146903,0.0,MATCH,ATR-ES,732,1776420779000
dist_cur_vpoc_atr,-0.668196,-0.668196,0.0,MATCH,ATR-ES,732,1776420779000
dist_gex_nearest_up_atr,1.216715,1.216715,0.0,MATCH,ATR-ES,732,1776420779000
dist_mq_call_0dte_atr,-5.166052,-5.166052,0.0,MATCH,ATR-ES,732,1776420779000
dist_mq_call_atr,0.219408,0.219408,0.0,MATCH,ATR-ES,732,1776420779000
dist_mq_hvl_atr,-7.559589,-7.559589,0.0,MATCH,ATR-ES,732,1776420779000
dist_mq_put_0dte_atr,-2.17413,-2.17413,0.0,MATCH,ATR-ES,732,1776420779000
dist_mq_put_atr,-23.715967,-23.715967,0.0,MATCH,ATR-ES,732,1776420779000
dist_open_830_atr,-0.279246,-0.279246,0.0,MATCH,ATR-ES,732,1776420779000
dist_prev_vah_atr,-0.767927,-0.767927,0.0,MATCH,ATR-ES,732,1776420779000
dist_prev_val_atr,-1.765234,-1.765234,0.0,MATCH,ATR-ES,732,1776420779000
dist_prev_vwap_sd1d_atr,-1.790537,-1.790537,0.0,MATCH,ATR-ES,732,1776420779000
dist_prev_vwap_sd1u_atr,-0.783197,-0.783197,0.0,MATCH,ATR-ES,732,1776420779000
dist_sess_high_atr,0.039892,0.039892,0.0,MATCH,ATR-ES,732,1776420779000
dist_session_lvn_above_atr,0.009973,0.009973,0.0,MATCH,ATR-ES,732,1776420779000
dist_session_lvn_below_atr,0.099731,0.099731,0.0,MATCH,ATR-ES,732,1776420779000
dist_swing_high_atr,-0.099731,-0.099731,0.0,MATCH,ATR-ES,732,1776420779000
dist_vwap_d_sd1d_atr,-4.522633,-4.522633,0.0,MATCH,ATR-ES,732,1776420779000
dist_vwap_d_sd1u_atr,-0.583425,-0.583425,0.0,MATCH,ATR-ES,732,1776420779000
dist_vwap_d_sd2u_atr,-0.309789,-0.309789,0.0,MATCH,ATR-ES,732,1776420779000
dist_vwap_d_sd3u_atr,-0.036172,-0.036172,0.0,MATCH,ATR-ES,732,1776420779000
dist_comp_20d_vpoc_atr,,-18.92889199162262,,MISSING_LIVE,ATR-ES,732,1776420779000
dist_comp_50d_vpoc_atr,,-18.56986137428942,,MISSING_LIVE,ATR-ES,732,1776420779000
dist_cur_vwap_vp_atr,,-3.4281639573152494,,MISSING_LIVE,ATR-ES,732,1776420779000
dist_ext_edge_buy_atr,,-0.019946145407400022,,MISSING_LIVE,ATR-ES,732,1776420779000
dist_ext_edge_sell_atr,,-0.04986536351850005,,MISSING_LIVE,ATR-ES,732,1776420779000
dist_ext_long_dn_atr,,-0.20943452677770022,,MISSING_LIVE,ATR-ES,732,1776420779000
dist_ext_long_up_atr,,-0.5485189987035005,,MISSING_LIVE,ATR-ES,732,1776420779000
dist_open_cash_atr,,-0.987334197666301,,MISSING_LIVE,ATR-ES,732,1776420779000
dist_ovn_high_atr,,-0.06981150892590007,,MISSING_LIVE,ATR-ES,732,1776420779000
dist_ovn_low_atr,,-1.5258801236661015,,MISSING_LIVE,ATR-ES,732,1776420779000
dist_prev_vpoc_atr,,-1.3563378877032015,,MISSING_LIVE,ATR-ES,732,1776420779000
dist_prev_vwap_atr,,-1.2859230078787276,,MISSING_LIVE,ATR-ES,732,1776420779000
dist_vwap_w_atr,,-4.446061633589309,,MISSING_LIVE,ATR-ES,732,1776420779000
next_wall_dist_atr,,0.7778996708886008,,MISSING_LIVE,ATR-ES,732,1776420779000
open_gap_atr,,-0.36900369003690037,,MISSING_LIVE,ATR-ES,732,1776420779000
ovn_range_atr,,1.4560686147402016,,MISSING_LIVE,ATR-ES,732,1776420779000
poc_bar_dist_atr,,0.019946145407400022,,MISSING_LIVE,ATR-ES,732,1776420779000
poc_separation_atr,,0.0,,MISSING_LIVE,ATR-ES,732,1776420779000
range_size_atr,,0.5485189987035005,,MISSING_LIVE,ATR-ES,732,1776420779000
sess_range_atr,,1.5657724144809015,,MISSING_LIVE,ATR-ES,732,1776420779000
swing_range_atr,,0.0,,MISSING_LIVE,ATR-ES,732,1776420779000
dist_blind_nearest_dn_atr,-0.2932123267178618,,,LIVE_ONLY,ATR-ES,732,1776420779000
dist_gex_nearest_dn_atr,-0.7778996708886008,,,LIVE_ONLY,ATR-ES,732,1776420779000
dist_sess_low_atr,-1.5258801236661015,,,LIVE_ONLY,ATR-ES,732,1776420779000
dist_session_hvn_below_atr,0.12964994514810013,,,LIVE_ONLY,ATR-ES,732,1776420779000
dist_swing_low_atr,-0.0997307270370001,,,LIVE_ONLY,ATR-ES,732,1776420779000
dist_vix_call_atr,0.06951231674478907,,,LIVE_ONLY,ATR-ES,732,1776420779000
dist_vix_gex_nearest_dn_atr,-0.0002991921811110003,,,LIVE_ONLY,ATR-ES,732,1776420779000
dist_vix_gex_nearest_up_atr,0.00967388052258901,,,LIVE_ONLY,ATR-ES,732,1776420779000
dist_vix_hvl_atr,0.03460656228183904,,,LIVE_ONLY,ATR-ES,732,1776420779000
dist_vix_put_atr,-0.01027226488481101,,,LIVE_ONLY,ATR-ES,732,1776420779000
dist_vwap_d_sd2d_atr,-1.4042944051062134,,,LIVE_ONLY,ATR-ES,732,1776420779000
dist_vwap_d_sd3d_atr,-1.677910641268575,,,LIVE_ONLY,ATR-ES,732,1776420779000
im_cross_delta_agreement_5,0.6,0.6,0.0,MATCH,IM-ES,732,1776420779000
im_open_type_agreement,0.0,0.0,0.0,MATCH,IM-ES,732,1776420779000
im_rolling_correlation_10,0.823667,0.823667,1e-08,MATCH,IM-ES,732,1776420779000
im_cross_delta_weighted_5,,18.6,,MISSING_LIVE,IM-ES,732,1776420779000
im_cross_open_signal,,0.0,,MISSING_LIVE,IM-ES,732,1776420779000
im_delta_day_divergence,,0.0,,MISSING_LIVE,IM-ES,732,1776420779000
im_ltr_slope_diff,,0.18526999999999996,,MISSING_LIVE,IM-ES,732,1776420779000
im_price_ratio_slope_10,,-1.7673359304083996e-06,,MISSING_LIVE,IM-ES,732,1776420779000
im_smt_divergence,,0.0,,MISSING_LIVE,IM-ES,732,1776420779000
im_volume_lead,,100.9,,MISSING_LIVE,IM-ES,732,1776420779000
dist_1d_max_atr,-1.032374,-1.032374,0.0,MATCH,ATR-ES,1023,1776438240000
dist_1d_min_atr,-5.858969,-5.858969,0.0,MATCH,ATR-ES,1023,1776438240000
dist_comp_20d_vah_atr,-13.301237,-13.301237,0.0,MATCH,ATR-ES,1023,1776438240000
dist_comp_20d_val_atr,-30.708959,-30.708959,0.0,MATCH,ATR-ES,1023,1776438240000
dist_comp_20d_vwap_atr,-17.673799,-17.673799,0.0,MATCH,ATR-ES,1023,1776438240000
dist_comp_50d_vah_atr,-11.705843,-11.705843,0.0,MATCH,ATR-ES,1023,1776438240000
dist_comp_50d_val_atr,-24.667233,-24.667233,0.0,MATCH,ATR-ES,1023,1776438240000
dist_comp_50d_vwap_atr,-17.741263,-17.741263,0.0,MATCH,ATR-ES,1023,1776438240000
dist_cur_vah_atr,-1.217785,-1.217785,0.0,MATCH,ATR-ES,1023,1776438240000
dist_cur_val_atr,-4.219768,-4.219768,0.0,MATCH,ATR-ES,1023,1776438240000
dist_cur_vpoc_atr,-3.417351,-3.417351,0.0,MATCH,ATR-ES,1023,1776438240000
dist_gex_nearest_up_atr,1.198905,1.198905,0.0,MATCH,ATR-ES,1023,1776438240000
dist_ib_high_atr,-0.47201,-0.47201,0.0,MATCH,ATR-ES,1023,1776438240000
dist_ib_low_atr,-1.93524,-1.93524,0.0,MATCH,ATR-ES,1023,1776438240000
dist_mq_call_0dte_atr,-7.67488,-7.67488,0.0,MATCH,ATR-ES,1023,1776438240000
dist_mq_call_atr,-2.577174,-2.577174,0.0,MATCH,ATR-ES,1023,1776438240000
dist_mq_hvl_atr,-9.940527,-9.940527,0.0,MATCH,ATR-ES,1023,1776438240000
dist_mq_put_0dte_atr,-4.842821,-4.842821,0.0,MATCH,ATR-ES,1023,1776438240000
dist_mq_put_atr,-25.233645,-25.233645,0.0,MATCH,ATR-ES,1023,1776438240000
dist_open_830_atr,-3.049183,-3.049183,0.0,MATCH,ATR-ES,1023,1776438240000
dist_prev_vah_atr,-3.511753,-3.511753,0.0,MATCH,ATR-ES,1023,1776438240000
dist_prev_val_atr,-4.455773,-4.455773,0.0,MATCH,ATR-ES,1023,1776438240000
dist_prev_vwap_sd1d_atr,-4.479723,-4.479723,0.0,MATCH,ATR-ES,1023,1776438240000
dist_prev_vwap_sd1u_atr,-3.526208,-3.526208,0.0,MATCH,ATR-ES,1023,1776438240000
dist_sess_high_atr,0.245445,0.245445,0.0,MATCH,ATR-ES,1023,1776438240000
dist_session_hvn_above_atr,0.00944,0.00944,0.0,MATCH,ATR-ES,1023,1776438240000
dist_session_lvn_above_atr,0.217125,0.217125,0.0,MATCH,ATR-ES,1023,1776438240000
dist_session_lvn_below_atr,0.132163,0.132163,0.0,MATCH,ATR-ES,1023,1776438240000
dist_swing_high_atr,0.245445,0.245445,0.0,MATCH,ATR-ES,1023,1776438240000
dist_vwap_d_sd1d_atr,-14.037648,-14.037648,0.0,MATCH,ATR-ES,1023,1776438240000
dist_vwap_d_sd1u_atr,-0.719502,-0.719502,0.0,MATCH,ATR-ES,1023,1776438240000
dist_vwap_d_sd2u_atr,0.675435,0.675435,0.0,MATCH,ATR-ES,1023,1776438240000
dist_vwap_d_sd3u_atr,2.07039,2.07039,0.0,MATCH,ATR-ES,1023,1776438240000
dist_comp_20d_vpoc_atr,,-20.702350608892665,,MISSING_LIVE,ATR-ES,1023,1776438240000
dist_comp_50d_vpoc_atr,,-20.362503540073632,,MISSING_LIVE,ATR-ES,1023,1776438240000
dist_cur_vwap_vp_atr,,-8.457898612291135,,MISSING_LIVE,ATR-ES,1023,1776438240000
dist_ext_edge_buy_atr,,0.06608137449258944,,MISSING_LIVE,ATR-ES,1023,1776438240000
dist_ext_edge_sell_atr,,0.009440196356084205,,MISSING_LIVE,ATR-ES,1023,1776438240000
dist_ext_long_dn_atr,,-1.2649863117152835,,MISSING_LIVE,ATR-ES,1023,1776438240000
dist_ext_long_up_atr,,0.0,,MISSING_LIVE,ATR-ES,1023,1776438240000
dist_open_cash_atr,,-1.7558765222316624,,MISSING_LIVE,ATR-ES,1023,1776438240000
dist_ovn_high_atr,,-2.8509392995374303,,MISSING_LIVE,ATR-ES,1023,1776438240000
dist_ovn_low_atr,,-4.229207967525724,,MISSING_LIVE,ATR-ES,1023,1776438240000
dist_prev_vpoc_atr,,-4.0687246294722925,,MISSING_LIVE,ATR-ES,1023,1776438240000
dist_prev_vwap_atr,,-4.00207212310016,,MISSING_LIVE,ATR-ES,1023,1776438240000
dist_vwap_w_atr,,-6.28084678561314,,MISSING_LIVE,ATR-ES,1023,1776438240000
next_wall_dist_atr,,0.689134333994147,,MISSING_LIVE,ATR-ES,1023,1776438240000
open_gap_atr,,-2.3128481072406304,,MISSING_LIVE,ATR-ES,1023,1776438240000
ovn_range_atr,,1.378268667988294,,MISSING_LIVE,ATR-ES,1023,1776438240000
poc_bar_dist_atr,,0.009440196356084205,,MISSING_LIVE,ATR-ES,1023,1776438240000
poc_separation_atr,,0.0,,MISSING_LIVE,ATR-ES,1023,1776438240000
range_size_atr,,3.0019824412347775,,MISSING_LIVE,ATR-ES,1023,1776438240000
sess_range_atr,,4.474653072783914,,MISSING_LIVE,ATR-ES,1023,1776438240000
swing_range_atr,,0.4436892287359577,,MISSING_LIVE,ATR-ES,1023,1776438240000
dist_blind_nearest_dn_atr,-1.1550967620126498,,,LIVE_ONLY,ATR-ES,1023,1776438240000
dist_gex_nearest_dn_atr,-0.689134333994147,,,LIVE_ONLY,ATR-ES,1023,1776438240000
dist_sess_low_atr,-4.229207967525724,,,LIVE_ONLY,ATR-ES,1023,1776438240000
dist_session_hvn_below_atr,0.5380911922967997,,,LIVE_ONLY,ATR-ES,1023,1776438240000
dist_swing_low_atr,-0.19824412347776832,,,LIVE_ONLY,ATR-ES,1023,1776438240000
dist_vix_call_atr,0.07108467856131408,,,LIVE_ONLY,ATR-ES,1023,1776438240000
dist_vix_gex_nearest_dn_atr,-0.023317284999527992,,,LIVE_ONLY,ATR-ES,1023,1776438240000
dist_vix_gex_nearest_up_atr,0.0002832058906825262,,,LIVE_ONLY,ATR-ES,1023,1776438240000
dist_vix_hvl_atr,0.03804399131501935,,,LIVE_ONLY,ATR-ES,1023,1776438240000
dist_vix_put_atr,-0.004436892287359577,,,LIVE_ONLY,ATR-ES,1023,1776438240000
dist_vwap_d_sd2d_atr,-4.904348154441612,,,LIVE_ONLY,ATR-ES,1023,1776438240000
dist_vwap_d_sd3d_atr,-6.299303313508921,,,LIVE_ONLY,ATR-ES,1023,1776438240000
im_cross_delta_agreement_5,0.8,0.8,0.0,MATCH,IM-ES,1023,1776438240000
im_open_type_agreement,0.0,0.0,0.0,MATCH,IM-ES,1023,1776438240000
im_rolling_correlation_10,0.94122,0.94122,0.0,MATCH,IM-ES,1023,1776438240000
im_cross_delta_weighted_5,,96.2,,MISSING_LIVE,IM-ES,1023,1776438240000
im_cross_open_signal,,0.0,,MISSING_LIVE,IM-ES,1023,1776438240000
im_delta_day_divergence,,1.0,,MISSING_LIVE,IM-ES,1023,1776438240000
im_ltr_slope_diff,,0.029289999999999993,,MISSING_LIVE,IM-ES,1023,1776438240000
im_price_ratio_slope_10,,-2.4808215776204045e-06,,MISSING_LIVE,IM-ES,1023,1776438240000
im_smt_divergence,,0.0,,MISSING_LIVE,IM-ES,1023,1776438240000
im_volume_lead,,396.9,,MISSING_LIVE,IM-ES,1023,1776438240000
dist_1d_max_atr,-1.507279,-1.507279,0.0,MATCH,ATR-ES,1110,1776443460000
dist_1d_min_atr,-6.313005,-6.313005,0.0,MATCH,ATR-ES,1110,1776443460000
dist_comp_20d_vah_atr,-13.666698,-13.666698,0.0,MATCH,ATR-ES,1110,1776443460000
dist_comp_20d_val_atr,-31.05555,-31.05555,0.0,MATCH,ATR-ES,1110,1776443460000
dist_comp_20d_vwap_atr,-17.94101,-17.94101,0.0,MATCH,ATR-ES,1110,1776443460000
dist_comp_50d_vah_atr,-12.078203,-12.078203,0.0,MATCH,ATR-ES,1110,1776443460000
dist_comp_50d_val_atr,-25.039947,-25.039947,0.0,MATCH,ATR-ES,1110,1776443460000
dist_comp_50d_vwap_atr,-18.034913,-18.034913,0.0,MATCH,ATR-ES,1110,1776443460000
dist_cur_vah_atr,-1.109127,-1.109127,0.0,MATCH,ATR-ES,1110,1776443460000
dist_cur_val_atr,-4.680891,-4.680891,0.0,MATCH,ATR-ES,1110,1776443460000
dist_cur_vpoc_atr,-3.881944,-3.881944,0.0,MATCH,ATR-ES,1110,1776443460000
dist_gex_nearest_up_atr,0.714353,0.714353,0.0,MATCH,ATR-ES,1110,1776443460000
dist_ib_high_atr,-0.949337,-0.949337,0.0,MATCH,ATR-ES,1110,1776443460000
dist_ib_low_atr,-2.406241,-2.406241,0.0,MATCH,ATR-ES,1110,1776443460000
dist_mq_call_0dte_atr,-8.121064,-8.121064,0.0,MATCH,ATR-ES,1110,1776443460000
dist_mq_call_atr,-3.045399,-3.045399,0.0,MATCH,ATR-ES,1110,1776443460000
dist_mq_hvl_atr,-10.376915,-10.376915,0.0,MATCH,ATR-ES,1110,1776443460000
dist_mq_put_0dte_atr,-5.30125,-5.30125,0.0,MATCH,ATR-ES,1110,1776443460000
dist_mq_put_atr,-25.60391,-25.60391,0.0,MATCH,ATR-ES,1110,1776443460000
dist_open_830_atr,-3.515368,-3.515368,0.0,MATCH,ATR-ES,1110,1776443460000
dist_prev_vah_atr,-3.975938,-3.975938,0.0,MATCH,ATR-ES,1110,1776443460000
dist_prev_val_atr,-4.915876,-4.915876,0.0,MATCH,ATR-ES,1110,1776443460000
dist_prev_vwap_sd1d_atr,-4.939723,-4.939723,0.0,MATCH,ATR-ES,1110,1776443460000
dist_prev_vwap_sd1u_atr,-3.99033,-3.99033,0.0,MATCH,ATR-ES,1110,1776443460000
dist_sess_high_atr,0.009399,0.009399,0.0,MATCH,ATR-ES,1110,1776443460000
dist_session_lvn_below_atr,0.046997,0.046997,0.0,MATCH,ATR-ES,1110,1776443460000
dist_swing_high_atr,-0.103393,-0.103393,0.0,MATCH,ATR-ES,1110,1776443460000
dist_vwap_d_sd1d_atr,-14.889941,-14.889941,0.0,MATCH,ATR-ES,1110,1776443460000
dist_vwap_d_sd1u_atr,-0.748646,-0.748646,0.0,MATCH,ATR-ES,1110,1776443460000
dist_vwap_d_sd2u_atr,0.738292,0.738292,0.0,MATCH,ATR-ES,1110,1776443460000
dist_vwap_d_sd3u_atr,2.225211,2.225211,0.0,MATCH,ATR-ES,1110,1776443460000
dist_comp_20d_vpoc_atr,,-21.092207914277658,,MISSING_LIVE,ATR-ES,1110,1776443460000
dist_comp_50d_vpoc_atr,,-20.753830247203684,,MISSING_LIVE,ATR-ES,1110,1776443460000
dist_cur_vwap_vp_atr,,-8.942336685778738,,MISSING_LIVE,ATR-ES,1110,1776443460000
dist_ext_edge_buy_atr,,-0.018798759281887397,,MISSING_LIVE,ATR-ES,1110,1776443460000
dist_ext_edge_sell_atr,,-3.9336403797349373,,MISSING_LIVE,ATR-ES,1110,1776443460000
dist_ext_long_dn_atr,,-0.3477770467149168,,MISSING_LIVE,ATR-ES,1110,1776443460000
dist_ext_long_up_atr,,-0.4887677413290723,,MISSING_LIVE,ATR-ES,1110,1776443460000
dist_open_cash_atr,,-2.2276529749036564,,MISSING_LIVE,ATR-ES,1110,1776443460000
dist_ovn_high_atr,,-3.3179810132531253,,MISSING_LIVE,ATR-ES,1110,1776443460000
dist_ovn_low_atr,,-4.690290440830905,,MISSING_LIVE,ATR-ES,1110,1776443460000
dist_prev_vpoc_atr,,-4.530500986934863,,MISSING_LIVE,ATR-ES,1110,1776443460000
dist_prev_vwap_atr,,-4.46413666697998,,MISSING_LIVE,ATR-ES,1110,1776443460000
dist_vwap_w_atr,,-6.497174546479933,,MISSING_LIVE,ATR-ES,1110,1776443460000
next_wall_dist_atr,,0.714352852711721,,MISSING_LIVE,ATR-ES,1110,1776443460000
open_gap_atr,,-2.302848012031206,,MISSING_LIVE,ATR-ES,1110,1776443460000
ovn_range_atr,,1.3723094275777799,,MISSING_LIVE,ATR-ES,1110,1776443460000
poc_bar_dist_atr,,0.05639627784566219,,MISSING_LIVE,ATR-ES,1110,1776443460000
poc_separation_atr,,0.0,,MISSING_LIVE,ATR-ES,1110,1776443460000
range_size_atr,,3.571764263558605,,MISSING_LIVE,ATR-ES,1110,1776443460000
sess_range_atr,,4.699689820471849,,MISSING_LIVE,ATR-ES,1110,1776443460000
swing_range_atr,,0.2725820095873672,,MISSING_LIVE,ATR-ES,1110,1776443460000
dist_blind_nearest_dn_atr,-1.6294708149262147,,,LIVE_ONLY,ATR-ES,1110,1776443460000
dist_gex_nearest_dn_atr,-1.1655230754770185,,,LIVE_ONLY,ATR-ES,1110,1776443460000
dist_sess_low_atr,-4.690290440830905,,,LIVE_ONLY,ATR-ES,1110,1776443460000
dist_session_hvn_below_atr,0.16918883353698655,,,LIVE_ONLY,ATR-ES,1110,1776443460000
dist_swing_low_atr,-0.3759751856377479,,,LIVE_ONLY,ATR-ES,1110,1776443460000
dist_vix_call_atr,0.07134129147476266,,,LIVE_ONLY,ATR-ES,1110,1776443460000
dist_vix_gex_nearest_dn_atr,-0.022652504934674314,,,LIVE_ONLY,ATR-ES,1110,1776443460000
dist_vix_gex_nearest_up_atr,0.0008459441676849327,,,LIVE_ONLY,ATR-ES,1110,1776443460000
dist_vix_hvl_atr,0.038443462731459724,,,LIVE_ONLY,ATR-ES,1110,1776443460000
dist_vix_put_atr,-0.0038537456527869157,,,LIVE_ONLY,ATR-ES,1110,1776443460000
dist_vwap_d_sd2d_atr,-5.209422878090046,,,LIVE_ONLY,ATR-ES,1110,1776443460000
dist_vwap_d_sd3d_atr,-6.696341761443745,,,LIVE_ONLY,ATR-ES,1110,1776443460000
im_cross_delta_agreement_5,1.0,1.0,0.0,MATCH,IM-ES,1110,1776443460000
im_open_type_agreement,0.0,0.0,0.0,MATCH,IM-ES,1110,1776443460000
im_rolling_correlation_10,0.981071,0.981071,0.0,MATCH,IM-ES,1110,1776443460000
im_cross_delta_weighted_5,,100.8,,MISSING_LIVE,IM-ES,1110,1776443460000
im_cross_open_signal,,0.0,,MISSING_LIVE,IM-ES,1110,1776443460000
im_delta_day_divergence,,1.0,,MISSING_LIVE,IM-ES,1110,1776443460000
im_ltr_slope_diff,,-0.03778999999999999,,MISSING_LIVE,IM-ES,1110,1776443460000
im_price_ratio_slope_10,,-1.2273979664108441e-05,,MISSING_LIVE,IM-ES,1110,1776443460000
im_smt_divergence,,0.0,,MISSING_LIVE,IM-ES,1110,1776443460000
im_volume_lead,,312.09999999999997,,MISSING_LIVE,IM-ES,1110,1776443460000
dist_1d_max_atr,-0.472339,-0.472339,0.0,MATCH,ATR-ES,974,1776435300000
dist_1d_min_atr,-5.364982,-5.364982,0.0,MATCH,ATR-ES,974,1776435300000
dist_comp_20d_vah_atr,-12.947368,-12.947368,0.0,MATCH,ATR-ES,974,1776435300000
dist_comp_20d_val_atr,-30.555024,-30.555024,0.0,MATCH,ATR-ES,974,1776435300000
dist_comp_20d_vwap_atr,-17.463536,-17.463536,0.0,MATCH,ATR-ES,974,1776435300000
dist_comp_50d_vah_atr,-11.339713,-11.339713,0.0,MATCH,ATR-ES,974,1776435300000
dist_comp_50d_val_atr,-24.430622,-24.430622,0.0,MATCH,ATR-ES,974,1776435300000
dist_comp_50d_vwap_atr,-17.507607,-17.507607,0.0,MATCH,ATR-ES,974,1776435300000
dist_cur_vah_atr,-0.937799,-0.937799,0.0,MATCH,ATR-ES,974,1776435300000
dist_cur_val_atr,-3.703349,-3.703349,0.0,MATCH,ATR-ES,974,1776435300000
dist_cur_vpoc_atr,-2.889952,-2.889952,0.0,MATCH,ATR-ES,974,1776435300000
dist_gex_nearest_up_atr,1.789474,1.789474,0.0,MATCH,ATR-ES,974,1776435300000
dist_ib_high_atr,0.057416,0.057416,0.0,MATCH,ATR-ES,974,1776435300000
dist_ib_low_atr,-1.38756,-1.38756,0.0,MATCH,ATR-ES,974,1776435300000
dist_mq_call_0dte_atr,-7.205742,-7.205742,0.0,MATCH,ATR-ES,974,1776435300000
dist_mq_call_atr,-2.038278,-2.038278,0.0,MATCH,ATR-ES,974,1776435300000
dist_mq_hvl_atr,-9.502392,-9.502392,0.0,MATCH,ATR-ES,974,1776435300000
dist_mq_put_0dte_atr,-4.334928,-4.334928,0.0,MATCH,ATR-ES,974,1776435300000
dist_mq_put_atr,-25.004785,-25.004785,0.0,MATCH,ATR-ES,974,1776435300000
dist_open_830_atr,-2.516746,-2.516746,0.0,MATCH,ATR-ES,974,1776435300000
dist_prev_vah_atr,-2.985646,-2.985646,0.0,MATCH,ATR-ES,974,1776435300000
dist_prev_val_atr,-3.942584,-3.942584,0.0,MATCH,ATR-ES,974,1776435300000
dist_prev_vwap_sd1d_atr,-3.966862,-3.966862,0.0,MATCH,ATR-ES,974,1776435300000
dist_prev_vwap_sd1u_atr,-3.000299,-3.000299,0.0,MATCH,ATR-ES,974,1776435300000
dist_sess_high_atr,0.057416,0.057416,0.0,MATCH,ATR-ES,974,1776435300000
dist_session_lvn_above_atr,0.019139,0.019139,0.0,MATCH,ATR-ES,974,1776435300000
dist_session_lvn_below_atr,0.009569,0.009569,0.0,MATCH,ATR-ES,974,1776435300000
dist_swing_high_atr,-0.679426,-0.679426,0.0,MATCH,ATR-ES,974,1776435300000
dist_vwap_d_sd1d_atr,-12.701554,-12.701554,0.0,MATCH,ATR-ES,974,1776435300000
dist_vwap_d_sd1u_atr,-0.738113,-0.738113,0.0,MATCH,ATR-ES,974,1776435300000
dist_vwap_d_sd2u_atr,0.480544,0.480544,0.0,MATCH,ATR-ES,974,1776435300000
dist_vwap_d_sd3u_atr,1.699182,1.699182,0.0,MATCH,ATR-ES,974,1776435300000
dist_comp_20d_vpoc_atr,,-20.411483253588518,,MISSING_LIVE,ATR-ES,974,1776435300000
dist_comp_50d_vpoc_atr,,-20.066985645933013,,MISSING_LIVE,ATR-ES,974,1776435300000
dist_cur_vwap_vp_atr,,-7.827077511961723,,MISSING_LIVE,ATR-ES,974,1776435300000
dist_ext_edge_buy_atr,,-0.09569377990430622,,MISSING_LIVE,ATR-ES,974,1776435300000
dist_ext_edge_sell_atr,,-0.07655502392344497,,MISSING_LIVE,ATR-ES,974,1776435300000
dist_ext_long_dn_atr,,-0.7081339712918661,,MISSING_LIVE,ATR-ES,974,1776435300000
dist_ext_long_up_atr,,-0.18181818181818182,,MISSING_LIVE,ATR-ES,974,1776435300000
dist_open_cash_atr,,-1.2057416267942584,,MISSING_LIVE,ATR-ES,974,1776435300000
dist_ovn_high_atr,,-2.3157894736842106,,MISSING_LIVE,ATR-ES,974,1776435300000
dist_ovn_low_atr,,-3.712918660287081,,MISSING_LIVE,ATR-ES,974,1776435300000
dist_prev_vpoc_atr,,-3.550239234449761,,MISSING_LIVE,ATR-ES,974,1776435300000
dist_prev_vwap_atr,,-3.4826746411483254,,MISSING_LIVE,ATR-ES,974,1776435300000
dist_vwap_w_atr,,-6.010653588516746,,MISSING_LIVE,ATR-ES,974,1776435300000
next_wall_dist_atr,,0.12440191387559808,,MISSING_LIVE,ATR-ES,974,1776435300000
open_gap_atr,,-2.3444976076555024,,MISSING_LIVE,ATR-ES,974,1776435300000
ovn_range_atr,,1.3971291866028708,,MISSING_LIVE,ATR-ES,974,1776435300000
poc_bar_dist_atr,,0.0861244019138756,,MISSING_LIVE,ATR-ES,974,1776435300000
poc_separation_atr,,0.0,,MISSING_LIVE,ATR-ES,974,1776435300000
range_size_atr,,2.7655502392344498,,MISSING_LIVE,ATR-ES,974,1776435300000
sess_range_atr,,3.770334928229665,,MISSING_LIVE,ATR-ES,974,1776435300000
swing_range_atr,,0.7081339712918661,,MISSING_LIVE,ATR-ES,974,1776435300000
dist_blind_nearest_dn_atr,-0.5967406698564593,,,LIVE_ONLY,ATR-ES,974,1776435300000
dist_gex_nearest_dn_atr,-0.12440191387559808,,,LIVE_ONLY,ATR-ES,974,1776435300000
dist_sess_low_atr,-3.712918660287081,,,LIVE_ONLY,ATR-ES,974,1776435300000
dist_session_hvn_below_atr,0.04784688995215311,,,LIVE_ONLY,ATR-ES,974,1776435300000
dist_swing_low_atr,-1.38755980861244,,,LIVE_ONLY,ATR-ES,974,1776435300000
dist_vix_call_atr,0.07090909090909091,,,LIVE_ONLY,ATR-ES,974,1776435300000
dist_vix_gex_nearest_dn_atr,-0.000861244019138756,,,LIVE_ONLY,ATR-ES,974,1776435300000
dist_vix_gex_nearest_up_atr,0.0039234449760765545,,,LIVE_ONLY,ATR-ES,974,1776435300000
dist_vix_hvl_atr,0.037416267942583736,,,LIVE_ONLY,ATR-ES,974,1776435300000
dist_vix_put_atr,-0.005645933014354067,,,LIVE_ONLY,ATR-ES,974,1776435300000
dist_vwap_d_sd2d_atr,-4.394044976076555,,,LIVE_ONLY,ATR-ES,974,1776435300000
dist_vwap_d_sd3d_atr,-5.612683253588517,,,LIVE_ONLY,ATR-ES,974,1776435300000
im_cross_delta_agreement_5,0.6,0.6,0.0,MATCH,IM-ES,974,1776435300000
im_open_type_agreement,0.0,0.0,0.0,MATCH,IM-ES,974,1776435300000
im_rolling_correlation_10,0.901214,0.901214,0.0,MATCH,IM-ES,974,1776435300000
im_cross_delta_weighted_5,,131.2,,MISSING_LIVE,IM-ES,974,1776435300000
im_cross_open_signal,,0.0,,MISSING_LIVE,IM-ES,974,1776435300000
im_delta_day_divergence,,1.0,,MISSING_LIVE,IM-ES,974,1776435300000
im_ltr_slope_diff,,0.09339,,MISSING_LIVE,IM-ES,974,1776435300000
im_price_ratio_slope_10,,-5.246386456685e-06,,MISSING_LIVE,IM-ES,974,1776435300000
im_smt_divergence,,0.0,,MISSING_LIVE,IM-ES,974,1776435300000
im_volume_lead,,-475.79999999999995,,MISSING_LIVE,IM-ES,974,1776435300000
dist_1d_max_atr,2.010976,2.010976,0.0,MATCH,ATR-ES,767,1776422879000
dist_1d_min_atr,-3.088068,-3.088068,0.0,MATCH,ATR-ES,767,1776422879000
dist_blind_nearest_up_atr,0.365809,0.365809,0.0,MATCH,ATR-ES,767,1776422879000
dist_comp_20d_vah_atr,-11.110003,-11.110003,0.0,MATCH,ATR-ES,767,1776422879000
dist_comp_20d_val_atr,-29.34078,-29.34078,0.0,MATCH,ATR-ES,767,1776422879000
dist_comp_20d_vwap_atr,-16.000042,-16.000042,0.0,MATCH,ATR-ES,767,1776422879000
dist_comp_50d_vah_atr,-9.424554,-9.424554,0.0,MATCH,ATR-ES,767,1776422879000
dist_comp_50d_val_atr,-22.958013,-22.958013,0.0,MATCH,ATR-ES,767,1776422879000
dist_comp_50d_vwap_atr,-15.98444,-15.98444,0.0,MATCH,ATR-ES,767,1776422879000
dist_cur_vah_atr,-0.438815,-0.438815,0.0,MATCH,ATR-ES,767,1776422879000
dist_cur_val_atr,-0.987334,-0.987334,0.0,MATCH,ATR-ES,767,1776422879000
dist_cur_vpoc_atr,-0.508627,-0.508627,0.0,MATCH,ATR-ES,767,1776422879000
dist_gex_nearest_up_atr,1.376284,1.376284,0.0,MATCH,ATR-ES,767,1776422879000
dist_mq_call_0dte_atr,-5.006482,-5.006482,0.0,MATCH,ATR-ES,767,1776422879000
dist_mq_call_atr,0.378977,0.378977,0.0,MATCH,ATR-ES,767,1776422879000
dist_mq_hvl_atr,-7.40002,-7.40002,0.0,MATCH,ATR-ES,767,1776422879000
dist_mq_put_0dte_atr,-2.014561,-2.014561,0.0,MATCH,ATR-ES,767,1776422879000
dist_mq_put_atr,-23.556398,-23.556398,0.0,MATCH,ATR-ES,767,1776422879000
dist_open_830_atr,-0.119677,-0.119677,0.0,MATCH,ATR-ES,767,1776422879000
dist_prev_vah_atr,-0.608357,-0.608357,0.0,MATCH,ATR-ES,767,1776422879000
dist_prev_val_atr,-1.605665,-1.605665,0.0,MATCH,ATR-ES,767,1776422879000
dist_prev_vwap_sd1d_atr,-1.630967,-1.630967,0.0,MATCH,ATR-ES,767,1776422879000
dist_prev_vwap_sd1u_atr,-0.623628,-0.623628,0.0,MATCH,ATR-ES,767,1776422879000
dist_sess_high_atr,0.199461,0.199461,0.0,MATCH,ATR-ES,767,1776422879000
dist_session_hvn_above_atr,0.019946,0.019946,0.0,MATCH,ATR-ES,767,1776422879000
dist_session_lvn_above_atr,0.149596,0.149596,0.0,MATCH,ATR-ES,767,1776422879000
dist_session_lvn_below_atr,0.089758,0.089758,0.0,MATCH,ATR-ES,767,1776422879000
dist_swing_high_atr,0.199461,0.199461,0.0,MATCH,ATR-ES,767,1776422879000
dist_vwap_d_sd1d_atr,-3.885681,-3.885681,0.0,MATCH,ATR-ES,767,1776422879000
dist_vwap_d_sd1u_atr,-0.408293,-0.408293,0.0,MATCH,ATR-ES,767,1776422879000
dist_vwap_d_sd2u_atr,-0.126709,-0.126709,0.0,MATCH,ATR-ES,767,1776422879000
dist_vwap_d_sd3u_atr,0.154855,0.154855,0.0,MATCH,ATR-ES,767,1776422879000
dist_comp_20d_vpoc_atr,,-18.76932282836342,,MISSING_LIVE,ATR-ES,767,1776422879000
dist_comp_50d_vpoc_atr,,-18.410292211030217,,MISSING_LIVE,ATR-ES,767,1776422879000
dist_cur_vwap_vp_atr,,-2.7594255510122667,,MISSING_LIVE,ATR-ES,767,1776422879000
dist_ext_edge_buy_atr,,0.009973072703700011,,MISSING_LIVE,ATR-ES,767,1776422879000
dist_ext_edge_sell_atr,,0.02991921811110003,,MISSING_LIVE,ATR-ES,767,1776422879000
dist_ext_long_dn_atr,,-0.04986536351850005,,MISSING_LIVE,ATR-ES,767,1776422879000
dist_ext_long_up_atr,,-0.3889498354443004,,MISSING_LIVE,ATR-ES,767,1776422879000
dist_open_cash_atr,,-0.8277650344071008,,MISSING_LIVE,ATR-ES,767,1776422879000
dist_ovn_high_atr,,0.08975765433330009,,MISSING_LIVE,ATR-ES,767,1776422879000
dist_ovn_low_atr,,-1.3663109604069015,,MISSING_LIVE,ATR-ES,767,1776422879000
dist_prev_vpoc_atr,,-1.1967687244440013,,MISSING_LIVE,ATR-ES,767,1776422879000
dist_prev_vwap_atr,,-1.1263538446195274,,MISSING_LIVE,ATR-ES,767,1776422879000
dist_vwap_w_atr,,-4.282090356038696,,MISSING_LIVE,ATR-ES,767,1776422879000
next_wall_dist_atr,,0.6183305076294007,,MISSING_LIVE,ATR-ES,767,1776422879000
open_gap_atr,,-0.36900369003690037,,MISSING_LIVE,ATR-ES,767,1776422879000
ovn_range_atr,,1.4560686147402016,,MISSING_LIVE,ATR-ES,767,1776422879000
poc_bar_dist_atr,,0.019946145407400022,,MISSING_LIVE,ATR-ES,767,1776422879000
poc_separation_atr,,0.0,,MISSING_LIVE,ATR-ES,767,1776422879000
range_size_atr,,0.5485189987035005,,MISSING_LIVE,ATR-ES,767,1776422879000
sess_range_atr,,1.5657724144809015,,MISSING_LIVE,ATR-ES,767,1776422879000
swing_range_atr,,0.13962301785180015,,MISSING_LIVE,ATR-ES,767,1776422879000
dist_blind_nearest_dn_atr,-0.13364316345866162,,,LIVE_ONLY,ATR-ES,767,1776422879000
dist_gex_nearest_dn_atr,-0.6183305076294007,,,LIVE_ONLY,ATR-ES,767,1776422879000
dist_sess_low_atr,-1.3663109604069015,,,LIVE_ONLY,ATR-ES,767,1776422879000
dist_session_hvn_below_atr,0.039892290814800044,,,LIVE_ONLY,ATR-ES,767,1776422879000
dist_swing_low_atr,0.05983843622220006,,,LIVE_ONLY,ATR-ES,767,1776422879000
dist_vix_call_atr,0.06891393238256707,,,LIVE_ONLY,ATR-ES,767,1776422879000
dist_vix_gex_nearest_dn_atr,-0.0008975765433330009,,,LIVE_ONLY,ATR-ES,767,1776422879000
dist_vix_gex_nearest_up_atr,0.00907549616036701,,,LIVE_ONLY,ATR-ES,767,1776422879000
dist_vix_hvl_atr,0.034008177919617036,,,LIVE_ONLY,ATR-ES,767,1776422879000
dist_vix_put_atr,-0.010870649247033012,,,LIVE_ONLY,ATR-ES,767,1776422879000
dist_vwap_d_sd2d_atr,-1.2530038894983544,,,LIVE_ONLY,ATR-ES,767,1776422879000
dist_vwap_d_sd3d_atr,-1.5345676672982949,,,LIVE_ONLY,ATR-ES,767,1776422879000
im_cross_delta_agreement_5,0.4,0.4,0.0,MATCH,IM-ES,767,1776422879000
im_open_type_agreement,0.0,0.0,0.0,MATCH,IM-ES,767,1776422879000
im_rolling_correlation_10,0.943329,0.943329,1e-08,MATCH,IM-ES,767,1776422879000
im_cross_delta_weighted_5,,23.8,,MISSING_LIVE,IM-ES,767,1776422879000
im_cross_open_signal,,0.0,,MISSING_LIVE,IM-ES,767,1776422879000
im_delta_day_divergence,,0.0,,MISSING_LIVE,IM-ES,767,1776422879000
im_ltr_slope_diff,,0.22524,,MISSING_LIVE,IM-ES,767,1776422879000
im_price_ratio_slope_10,,-2.2113329650068558e-07,,MISSING_LIVE,IM-ES,767,1776422879000
im_smt_divergence,,0.0,,MISSING_LIVE,IM-ES,767,1776422879000
im_volume_lead,,10.200000000000001,,MISSING_LIVE,IM-ES,767,1776422879000
dist_1d_max_atr,0.083099,0.083099,0.0,MATCH,ATR-ES,916,1776431820000
dist_1d_min_atr,-4.834012,-4.834012,0.0,MATCH,ATR-ES,916,1776431820000
dist_comp_20d_vah_atr,-12.521639,-12.521639,0.0,MATCH,ATR-ES,916,1776431820000
dist_comp_20d_val_atr,-30.150029,-30.150029,0.0,MATCH,ATR-ES,916,1776431820000
dist_comp_20d_vwap_atr,-17.190674,-17.190674,0.0,MATCH,ATR-ES,916,1776431820000
dist_comp_50d_vah_atr,-10.905943,-10.905943,0.0,MATCH,ATR-ES,916,1776431820000
dist_comp_50d_val_atr,-23.994999,-23.994999,0.0,MATCH,ATR-ES,916,1776431820000
dist_comp_50d_vwap_atr,-17.195013,-17.195013,0.0,MATCH,ATR-ES,916,1776431820000
dist_cur_vah_atr,-2.067705,-2.067705,0.0,MATCH,ATR-ES,916,1776431820000
dist_cur_val_atr,-3.125601,-3.125601,0.0,MATCH,ATR-ES,916,1776431820000
dist_cur_vpoc_atr,-2.346605,-2.346605,0.0,MATCH,ATR-ES,916,1776431820000
dist_gex_nearest_up_atr,0.432776,0.432776,0.0,MATCH,ATR-ES,916,1776431820000
dist_mq_call_0dte_atr,-6.683978,-6.683978,0.0,MATCH,ATR-ES,916,1776431820000
dist_mq_call_atr,-1.490671,-1.490671,0.0,MATCH,ATR-ES,916,1776431820000
dist_mq_hvl_atr,-8.992114,-8.992114,0.0,MATCH,ATR-ES,916,1776431820000
dist_mq_put_0dte_atr,-3.798807,-3.798807,0.0,MATCH,ATR-ES,916,1776431820000
dist_mq_put_atr,-24.572033,-24.572033,0.0,MATCH,ATR-ES,916,1776431820000
dist_open_830_atr,-1.971533,-1.971533,0.0,MATCH,ATR-ES,916,1776431820000
dist_prev_vah_atr,-2.442777,-2.442777,0.0,MATCH,ATR-ES,916,1776431820000
dist_prev_val_atr,-3.404501,-3.404501,0.0,MATCH,ATR-ES,916,1776431820000
dist_prev_vwap_sd1d_atr,-3.428901,-3.428901,0.0,MATCH,ATR-ES,916,1776431820000
dist_prev_vwap_sd1u_atr,-2.457503,-2.457503,0.0,MATCH,ATR-ES,916,1776431820000
dist_sess_high_atr,0.336603,0.336603,0.0,MATCH,ATR-ES,916,1776431820000
dist_session_hvn_above_atr,0.153876,0.153876,0.0,MATCH,ATR-ES,916,1776431820000
dist_session_lvn_above_atr,0.326986,0.326986,0.0,MATCH,ATR-ES,916,1776431820000
dist_swing_high_atr,-0.721293,-0.721293,0.0,MATCH,ATR-ES,916,1776431820000
dist_vwap_d_sd1d_atr,-12.122073,-12.122073,0.0,MATCH,ATR-ES,916,1776431820000
dist_vwap_d_sd1u_atr,-1.050383,-1.050383,0.0,MATCH,ATR-ES,916,1776431820000
dist_vwap_d_sd2u_atr,-0.060314,-0.060314,0.0,MATCH,ATR-ES,916,1776431820000
dist_vwap_d_sd3u_atr,0.929735,0.929735,0.0,MATCH,ATR-ES,916,1776431820000
dist_comp_20d_vpoc_atr,,-19.955760723216002,,MISSING_LIVE,ATR-ES,916,1776431820000
dist_comp_50d_vpoc_atr,,-19.60954029621081,,MISSING_LIVE,ATR-ES,916,1776431820000
dist_cur_vwap_vp_atr,,-8.161800346220426,,MISSING_LIVE,ATR-ES,916,1776431820000
dist_ext_edge_buy_atr,,-0.009617234083477592,,MISSING_LIVE,ATR-ES,916,1776431820000
dist_ext_edge_sell_atr,,-2.399499903827659,,MISSING_LIVE,ATR-ES,916,1776431820000
dist_ext_long_dn_atr,,-0.41354106558953646,,MISSING_LIVE,ATR-ES,916,1776431820000
dist_ext_long_up_atr,,0.18272744758607423,,MISSING_LIVE,ATR-ES,916,1776431820000
dist_open_cash_atr,,-2.6543566070398152,,MISSING_LIVE,ATR-ES,916,1776431820000
dist_ovn_high_atr,,-1.769571071359877,,MISSING_LIVE,ATR-ES,916,1776431820000
dist_ovn_low_atr,,-3.1736872475476052,,MISSING_LIVE,ATR-ES,916,1776431820000
dist_prev_vpoc_atr,,-3.0101942681284863,,MISSING_LIVE,ATR-ES,916,1776431820000
dist_prev_vwap_atr,,-2.942291786882093,,MISSING_LIVE,ATR-ES,916,1776431820000
dist_vwap_w_atr,,-5.819741296403154,,MISSING_LIVE,ATR-ES,916,1776431820000
next_wall_dist_atr,,0.43277553375649164,,MISSING_LIVE,ATR-ES,916,1776431820000
open_gap_atr,,-0.3558376610886709,,MISSING_LIVE,ATR-ES,916,1776431820000
ovn_range_atr,,1.4041161761877283,,MISSING_LIVE,ATR-ES,916,1776431820000
poc_bar_dist_atr,,0.009617234083477592,,MISSING_LIVE,ATR-ES,916,1776431820000
poc_separation_atr,,0.0,,MISSING_LIVE,ATR-ES,916,1776431820000
range_size_atr,,1.0578957491825352,,MISSING_LIVE,ATR-ES,916,1776431820000
sess_range_atr,,3.510290440469321,,MISSING_LIVE,ATR-ES,916,1776431820000
swing_range_atr,,0.41354106558953646,,MISSING_LIVE,ATR-ES,916,1776431820000
dist_blind_nearest_dn_atr,-0.04192537026351221,,,LIVE_ONLY,ATR-ES,916,1776431820000
dist_gex_nearest_dn_atr,-0.5289478745912676,,,LIVE_ONLY,ATR-ES,916,1776431820000
dist_sess_low_atr,-3.1736872475476052,,,LIVE_ONLY,ATR-ES,916,1776431820000
dist_session_hvn_below_atr,0.14425851125216388,,,LIVE_ONLY,ATR-ES,916,1776431820000
dist_swing_low_atr,-1.1348336218503559,,,LIVE_ONLY,ATR-ES,916,1776431820000
dist_vix_call_atr,0.07520677053279477,,,LIVE_ONLY,ATR-ES,916,1776431820000
dist_vix_gex_nearest_dn_atr,-0.02096557030198115,,,LIVE_ONLY,ATR-ES,916,1776431820000
dist_vix_gex_nearest_up_atr,0.0030775149067128293,,,LIVE_ONLY,ATR-ES,916,1776431820000
dist_vix_hvl_atr,0.0415464512406232,,,LIVE_ONLY,ATR-ES,916,1776431820000
dist_vix_put_atr,-0.0017311021350259663,,,LIVE_ONLY,ATR-ES,916,1776431820000
dist_vwap_d_sd2d_atr,-4.020585689555683,,,LIVE_ONLY,ATR-ES,916,1776431820000
dist_vwap_d_sd3d_atr,-5.0106356991729175,,,LIVE_ONLY,ATR-ES,916,1776431820000
im_cross_delta_agreement_5,0.8,0.8,0.0,MATCH,IM-ES,916,1776431820000
im_open_type_agreement,0.0,0.0,0.0,MATCH,IM-ES,916,1776431820000
im_rolling_correlation_10,0.748525,0.748525,0.0,MATCH,IM-ES,916,1776431820000
im_cross_delta_weighted_5,,137.0,,MISSING_LIVE,IM-ES,916,1776431820000
im_cross_open_signal,,0.0,,MISSING_LIVE,IM-ES,916,1776431820000
im_delta_day_divergence,,1.0,,MISSING_LIVE,IM-ES,916,1776431820000
im_ltr_slope_diff,,0.09616999999999999,,MISSING_LIVE,IM-ES,916,1776431820000
im_price_ratio_slope_10,,-2.0160809216206206e-05,,MISSING_LIVE,IM-ES,916,1776431820000
im_smt_divergence,,0.0,,MISSING_LIVE,IM-ES,916,1776431820000
im_volume_lead,,-188.5,,MISSING_LIVE,IM-ES,916,1776431820000
dist_1d_max_atr,-0.546897,-0.546897,0.0,MATCH,ATR-ES,1280,1776453660000
dist_1d_min_atr,-5.338212,-5.338212,0.0,MATCH,ATR-ES,1280,1776453660000
dist_comp_20d_vah_atr,-12.266892,-12.266892,0.0,MATCH,ATR-ES,1280,1776453660000
dist_comp_20d_val_atr,-30.062787,-30.062787,0.0,MATCH,ATR-ES,1280,1776453660000
dist_comp_20d_vwap_atr,-16.572406,-16.572406,0.0,MATCH,ATR-ES,1280,1776453660000
dist_comp_50d_vah_atr,-10.983038,-10.983038,0.0,MATCH,ATR-ES,1280,1776453660000
dist_comp_50d_val_atr,-24.008996,-24.008996,0.0,MATCH,ATR-ES,1280,1776453660000
dist_comp_50d_vwap_atr,-16.843713,-16.843713,0.0,MATCH,ATR-ES,1280,1776453660000
dist_cur_vah_atr,0.384219,0.384219,0.0,MATCH,ATR-ES,1280,1776453660000
dist_cur_val_atr,-0.046856,-0.046856,0.0,MATCH,ATR-ES,1280,1776453660000
dist_cur_vpoc_atr,0.15931,0.15931,0.0,MATCH,ATR-ES,1280,1776453660000
dist_gex_nearest_up_atr,1.668072,1.668072,0.0,MATCH,ATR-ES,1280,1776453660000
dist_ib_high_atr,0.009371,0.009371,0.0,MATCH,ATR-ES,1280,1776453660000
dist_ib_low_atr,-1.443164,-1.443164,0.0,MATCH,ATR-ES,1280,1776453660000
dist_mq_call_0dte_atr,-7.140849,-7.140849,0.0,MATCH,ATR-ES,1280,1776453660000
dist_mq_call_atr,-2.080405,-2.080405,0.0,MATCH,ATR-ES,1280,1776453660000
dist_mq_hvl_atr,-9.389935,-9.389935,0.0,MATCH,ATR-ES,1280,1776453660000
dist_mq_put_0dte_atr,-4.329491,-4.329491,0.0,MATCH,ATR-ES,1280,1776453660000
dist_mq_put_atr,-24.571268,-24.571268,0.0,MATCH,ATR-ES,1280,1776453660000
dist_open_830_atr,-2.548964,-2.548964,0.0,MATCH,ATR-ES,1280,1776453660000
dist_prev_vah_atr,-0.093712,-0.093712,0.0,MATCH,ATR-ES,1280,1776453660000
dist_prev_val_atr,-3.710992,-3.710992,0.0,MATCH,ATR-ES,1280,1776453660000
dist_prev_vwap_sd1d_atr,-2.69764,-2.69764,0.0,MATCH,ATR-ES,1280,1776453660000
dist_prev_vwap_sd1u_atr,0.31657,0.31657,0.0,MATCH,ATR-ES,1280,1776453660000
dist_sess_high_atr,1.133914,1.133914,0.0,MATCH,ATR-ES,1280,1776453660000
dist_session_hvn_above_atr,0.009371,0.009371,0.0,MATCH,ATR-ES,1280,1776453660000
dist_session_lvn_above_atr,0.487302,0.487302,0.0,MATCH,ATR-ES,1280,1776453660000
dist_session_lvn_below_atr,0.084341,0.084341,0.0,MATCH,ATR-ES,1280,1776453660000
dist_swing_high_atr,0.374848,0.374848,0.0,MATCH,ATR-ES,1280,1776453660000
dist_vwap_d_sd1d_atr,0.141374,0.141374,0.0,MATCH,ATR-ES,1280,1776453660000
dist_vwap_d_sd1u_atr,0.528282,0.528282,0.0,MATCH,ATR-ES,1280,1776453660000
dist_vwap_d_sd2u_atr,0.774752,0.774752,0.0,MATCH,ATR-ES,1280,1776453660000
dist_vwap_d_sd3u_atr,1.021222,1.021222,0.0,MATCH,ATR-ES,1280,1776453660000
dist_comp_20d_vpoc_atr,,-19.99812576140943,,MISSING_LIVE,ATR-ES,1280,1776453660000
dist_comp_50d_vpoc_atr,,-19.73573235872927,,MISSING_LIVE,ATR-ES,1280,1776453660000
dist_cur_vwap_vp_atr,,1.1273245244119579,,MISSING_LIVE,ATR-ES,1280,1776453660000
dist_ext_edge_buy_atr,,-0.0187423859057258,,MISSING_LIVE,ATR-ES,1280,1776453660000
dist_ext_edge_sell_atr,,-0.0093711929528629,,MISSING_LIVE,ATR-ES,1280,1776453660000
dist_ext_long_dn_atr,,0.0187423859057258,,MISSING_LIVE,ATR-ES,1280,1776453660000
dist_ext_long_up_atr,,-0.1030831224814919,,MISSING_LIVE,ATR-ES,1280,1776453660000
dist_open_cash_atr,,-1.2651110486364916,,MISSING_LIVE,ATR-ES,1280,1776453660000
dist_ovn_high_atr,,0.4217036828788305,,MISSING_LIVE,ATR-ES,1280,1776453660000
dist_ovn_low_atr,,-0.1686814731515322,,MISSING_LIVE,ATR-ES,1280,1776453660000
dist_prev_vpoc_atr,,-2.914441008340362,,MISSING_LIVE,ATR-ES,1280,1776453660000
dist_prev_vwap_atr,,-1.204490675663012,,MISSING_LIVE,ATR-ES,1280,1776453660000
dist_vwap_w_atr,,-5.168908256020992,,MISSING_LIVE,ATR-ES,1280,1776453660000
next_wall_dist_atr,,0.2061662449629838,,MISSING_LIVE,ATR-ES,1280,1776453660000
open_gap_atr,,-1.6493299597038704,,MISSING_LIVE,ATR-ES,1280,1776453660000
ovn_range_atr,,0.5903851560303627,,MISSING_LIVE,ATR-ES,1280,1776453660000
poc_bar_dist_atr,,0.0187423859057258,,MISSING_LIVE,ATR-ES,1280,1776453660000
poc_separation_atr,,0.0,,MISSING_LIVE,ATR-ES,1280,1776453660000
range_size_atr,,0.4310748758316934,,MISSING_LIVE,ATR-ES,1280,1776453660000
sess_range_atr,,4.854277949582982,,MISSING_LIVE,ATR-ES,1280,1776453660000
swing_range_atr,,0.4498172617374192,,MISSING_LIVE,ATR-ES,1280,1776453660000
dist_blind_nearest_dn_atr,-0.6687227064005248,,,LIVE_ONLY,ATR-ES,1280,1776453660000
dist_gex_nearest_dn_atr,-0.2061662449629838,,,LIVE_ONLY,ATR-ES,1280,1776453660000
dist_sess_low_atr,-3.720363602286571,,,LIVE_ONLY,ATR-ES,1280,1776453660000
dist_swing_low_atr,-0.0749695436229032,,,LIVE_ONLY,ATR-ES,1280,1776453660000
dist_vix_call_atr,0.06803486083778465,,,LIVE_ONLY,ATR-ES,1280,1776453660000
dist_vix_gex_nearest_dn_atr,-0.002249086308687096,,,LIVE_ONLY,ATR-ES,1280,1776453660000
dist_vix_gex_nearest_up_atr,0.0024365101677443542,,,LIVE_ONLY,ATR-ES,1280,1776453660000
dist_vix_hvl_atr,0.0352356855027645,,,LIVE_ONLY,ATR-ES,1280,1776453660000
dist_vix_put_atr,-0.006934682785118546,,,LIVE_ONLY,ATR-ES,1280,1776453660000
dist_vwap_d_sd2d_atr,-0.2111264173929341,,,LIVE_ONLY,ATR-ES,1280,1776453660000
dist_vwap_d_sd3d_atr,-0.4575962890075907,,,LIVE_ONLY,ATR-ES,1280,1776453660000
im_cross_delta_agreement_5,0.6,0.6,0.0,MATCH,IM-ES,1280,1776453660000
im_open_type_agreement,1.0,1.0,0.0,MATCH,IM-ES,1280,1776453660000
im_rolling_correlation_10,0.96759,0.96759,0.0,MATCH,IM-ES,1280,1776453660000
im_cross_delta_weighted_5,,36.0,,MISSING_LIVE,IM-ES,1280,1776453660000
im_cross_open_signal,,0.85,,MISSING_LIVE,IM-ES,1280,1776453660000
im_delta_day_divergence,,-1.0,,MISSING_LIVE,IM-ES,1280,1776453660000
im_ltr_slope_diff,,0.10322,,MISSING_LIVE,IM-ES,1280,1776453660000
im_price_ratio_slope_10,,-1.1064424620484925e-05,,MISSING_LIVE,IM-ES,1280,1776453660000
im_smt_divergence,,0.0,,MISSING_LIVE,IM-ES,1280,1776453660000
im_volume_lead,,-3.0,,MISSING_LIVE,IM-ES,1280,1776453660000
dist_1d_max_atr,-1.004054,-1.004054,0.0,MATCH,ATR-ES,1022,1776438180000
dist_1d_min_atr,-5.830649,-5.830649,0.0,MATCH,ATR-ES,1022,1776438180000
dist_comp_20d_vah_atr,-13.272916,-13.272916,0.0,MATCH,ATR-ES,1022,1776438180000
dist_comp_20d_val_atr,-30.680638,-30.680638,0.0,MATCH,ATR-ES,1022,1776438180000
dist_comp_20d_vwap_atr,-17.648521,-17.648521,0.0,MATCH,ATR-ES,1022,1776438180000
dist_comp_50d_vah_atr,-11.686963,-11.686963,0.0,MATCH,ATR-ES,1022,1776438180000
dist_comp_50d_val_atr,-24.638912,-24.638912,0.0,MATCH,ATR-ES,1022,1776438180000
dist_comp_50d_vwap_atr,-17.715376,-17.715376,0.0,MATCH,ATR-ES,1022,1776438180000
dist_cur_vah_atr,-1.208345,-1.208345,0.0,MATCH,ATR-ES,1022,1776438180000
dist_cur_val_atr,-4.191447,-4.191447,0.0,MATCH,ATR-ES,1022,1776438180000
dist_cur_vpoc_atr,-3.38903,-3.38903,0.0,MATCH,ATR-ES,1022,1776438180000
dist_gex_nearest_up_atr,1.227226,1.227226,0.0,MATCH,ATR-ES,1022,1776438180000
dist_ib_high_atr,-0.443689,-0.443689,0.0,MATCH,ATR-ES,1022,1776438180000
dist_ib_low_atr,-1.90692,-1.90692,0.0,MATCH,ATR-ES,1022,1776438180000
dist_mq_call_0dte_atr,-7.646559,-7.646559,0.0,MATCH,ATR-ES,1022,1776438180000
dist_mq_call_atr,-2.548853,-2.548853,0.0,MATCH,ATR-ES,1022,1776438180000
dist_mq_hvl_atr,-9.912206,-9.912206,0.0,MATCH,ATR-ES,1022,1776438180000
dist_mq_put_0dte_atr,-4.8145,-4.8145,0.0,MATCH,ATR-ES,1022,1776438180000
dist_mq_put_atr,-25.205324,-25.205324,0.0,MATCH,ATR-ES,1022,1776438180000
dist_open_830_atr,-3.020863,-3.020863,0.0,MATCH,ATR-ES,1022,1776438180000
dist_prev_vah_atr,-3.483432,-3.483432,0.0,MATCH,ATR-ES,1022,1776438180000
dist_prev_val_atr,-4.427452,-4.427452,0.0,MATCH,ATR-ES,1022,1776438180000
dist_prev_vwap_sd1d_atr,-4.451403,-4.451403,0.0,MATCH,ATR-ES,1022,1776438180000
dist_prev_vwap_sd1u_atr,-3.497887,-3.497887,0.0,MATCH,ATR-ES,1022,1776438180000
dist_sess_high_atr,0.273766,0.273766,0.0,MATCH,ATR-ES,1022,1776438180000
dist_session_hvn_above_atr,0.028321,0.028321,0.0,MATCH,ATR-ES,1022,1776438180000
dist_session_lvn_above_atr,0.245445,0.245445,0.0,MATCH,ATR-ES,1022,1776438180000
dist_session_lvn_below_atr,0.103842,0.103842,0.0,MATCH,ATR-ES,1022,1776438180000
dist_swing_high_atr,0.273766,0.273766,0.0,MATCH,ATR-ES,1022,1776438180000
dist_vwap_d_sd1d_atr,-13.941327,-13.941327,0.0,MATCH,ATR-ES,1022,1776438180000
dist_vwap_d_sd1u_atr,-0.704825,-0.704825,0.0,MATCH,ATR-ES,1022,1776438180000
dist_vwap_d_sd2u_atr,0.685428,0.685428,0.0,MATCH,ATR-ES,1022,1776438180000
dist_vwap_d_sd3u_atr,2.075682,2.075682,0.0,MATCH,ATR-ES,1022,1776438180000
dist_comp_20d_vpoc_atr,,-20.67403001982441,,MISSING_LIVE,ATR-ES,1022,1776438180000
dist_comp_50d_vpoc_atr,,-20.33418295100538,,MISSING_LIVE,ATR-ES,1022,1776438180000
dist_cur_vwap_vp_atr,,-8.380311526479751,,MISSING_LIVE,ATR-ES,1022,1776438180000
dist_ext_edge_buy_atr,,0.09440196356084206,,MISSING_LIVE,ATR-ES,1022,1776438180000
dist_ext_edge_sell_atr,,0.0,,MISSING_LIVE,ATR-ES,1022,1776438180000
dist_ext_long_dn_atr,,-1.236665722647031,,MISSING_LIVE,ATR-ES,1022,1776438180000
dist_ext_long_up_atr,,-0.02832058906825262,,MISSING_LIVE,ATR-ES,1022,1776438180000
dist_open_cash_atr,,-1.7275559331634096,,MISSING_LIVE,ATR-ES,1022,1776438180000
dist_ovn_high_atr,,-2.8226187104691776,,MISSING_LIVE,ATR-ES,1022,1776438180000
dist_ovn_low_atr,,-4.200887378457471,,MISSING_LIVE,ATR-ES,1022,1776438180000
dist_prev_vpoc_atr,,-4.04040404040404,,MISSING_LIVE,ATR-ES,1022,1776438180000
dist_prev_vwap_atr,,-3.9737515340319076,,MISSING_LIVE,ATR-ES,1022,1776438180000
dist_vwap_w_atr,,-6.25798357405834,,MISSING_LIVE,ATR-ES,1022,1776438180000
next_wall_dist_atr,,0.6608137449258944,,MISSING_LIVE,ATR-ES,1022,1776438180000
open_gap_atr,,-2.3128481072406304,,MISSING_LIVE,ATR-ES,1022,1776438180000
ovn_range_atr,,1.378268667988294,,MISSING_LIVE,ATR-ES,1022,1776438180000
poc_bar_dist_atr,,0.01888039271216841,,MISSING_LIVE,ATR-ES,1022,1776438180000
poc_separation_atr,,0.0,,MISSING_LIVE,ATR-ES,1022,1776438180000
range_size_atr,,2.983102048522609,,MISSING_LIVE,ATR-ES,1022,1776438180000
sess_range_atr,,4.474653072783914,,MISSING_LIVE,ATR-ES,1022,1776438180000
swing_range_atr,,1.095062777305768,,MISSING_LIVE,ATR-ES,1022,1776438180000
dist_blind_nearest_dn_atr,-1.126776172944397,,,LIVE_ONLY,ATR-ES,1022,1776438180000
dist_gex_nearest_dn_atr,-0.6608137449258944,,,LIVE_ONLY,ATR-ES,1022,1776438180000
dist_sess_low_atr,-4.200887378457471,,,LIVE_ONLY,ATR-ES,1022,1776438180000
dist_session_hvn_below_atr,0.5097706032285472,,,LIVE_ONLY,ATR-ES,1022,1776438180000
dist_swing_low_atr,-0.8212970829793259,,,LIVE_ONLY,ATR-ES,1022,1776438180000
dist_vix_call_atr,0.07080147267063154,,,LIVE_ONLY,ATR-ES,1022,1776438180000
dist_vix_gex_nearest_dn_atr,-0.023600490890210515,,,LIVE_ONLY,ATR-ES,1022,1776438180000
dist_vix_gex_nearest_up_atr,0.004720098178042103,,,LIVE_ONLY,ATR-ES,1022,1776438180000
dist_vix_hvl_atr,0.03776078542433682,,,LIVE_ONLY,ATR-ES,1022,1776438180000
dist_vix_put_atr,-0.004720098178042103,,,LIVE_ONLY,ATR-ES,1022,1776438180000
dist_vwap_d_sd2d_atr,-4.875584820164259,,,LIVE_ONLY,ATR-ES,1022,1776438180000
dist_vwap_d_sd3d_atr,-6.265837817426601,,,LIVE_ONLY,ATR-ES,1022,1776438180000
im_cross_delta_agreement_5,1.0,1.0,0.0,MATCH,IM-ES,1022,1776438180000
im_open_type_agreement,0.0,0.0,0.0,MATCH,IM-ES,1022,1776438180000
im_rolling_correlation_10,0.943003,0.943003,0.0,MATCH,IM-ES,1022,1776438180000
im_cross_delta_weighted_5,,171.4,,MISSING_LIVE,IM-ES,1022,1776438180000
im_cross_open_signal,,0.0,,MISSING_LIVE,IM-ES,1022,1776438180000
im_delta_day_divergence,,1.0,,MISSING_LIVE,IM-ES,1022,1776438180000
im_ltr_slope_diff,,0.0021000000000000185,,MISSING_LIVE,IM-ES,1022,1776438180000
im_price_ratio_slope_10,,-5.88280135624885e-06,,MISSING_LIVE,IM-ES,1022,1776438180000
im_smt_divergence,,0.0,,MISSING_LIVE,IM-ES,1022,1776438180000
im_volume_lead,,708.4000000000001,,MISSING_LIVE,IM-ES,1022,1776438180000
dist_1d_max_atr,0.006161,0.006161,0.0,MATCH,ATR-ES,917,1776431880000
dist_1d_min_atr,-4.91095,-4.91095,0.0,MATCH,ATR-ES,917,1776431880000
dist_comp_20d_vah_atr,-12.598577,-12.598577,0.0,MATCH,ATR-ES,917,1776431880000
dist_comp_20d_val_atr,-30.226967,-30.226967,0.0,MATCH,ATR-ES,917,1776431880000
dist_comp_20d_vwap_atr,-17.266354,-17.266354,0.0,MATCH,ATR-ES,917,1776431880000
dist_comp_50d_vah_atr,-10.982881,-10.982881,0.0,MATCH,ATR-ES,917,1776431880000
dist_comp_50d_val_atr,-24.071937,-24.071937,0.0,MATCH,ATR-ES,917,1776431880000
dist_comp_50d_vwap_atr,-17.270956,-17.270956,0.0,MATCH,ATR-ES,917,1776431880000
dist_cur_vah_atr,-2.144643,-2.144643,0.0,MATCH,ATR-ES,917,1776431880000
dist_cur_val_atr,-3.221773,-3.221773,0.0,MATCH,ATR-ES,917,1776431880000
dist_cur_vpoc_atr,-2.423543,-2.423543,0.0,MATCH,ATR-ES,917,1776431880000
dist_gex_nearest_up_atr,0.355838,0.355838,0.0,MATCH,ATR-ES,917,1776431880000
dist_mq_call_0dte_atr,-6.760916,-6.760916,0.0,MATCH,ATR-ES,917,1776431880000
dist_mq_call_atr,-1.567609,-1.567609,0.0,MATCH,ATR-ES,917,1776431880000
dist_mq_hvl_atr,-9.069052,-9.069052,0.0,MATCH,ATR-ES,917,1776431880000
dist_mq_put_0dte_atr,-3.875745,-3.875745,0.0,MATCH,ATR-ES,917,1776431880000
dist_mq_put_atr,-24.648971,-24.648971,0.0,MATCH,ATR-ES,917,1776431880000
dist_open_830_atr,-2.048471,-2.048471,0.0,MATCH,ATR-ES,917,1776431880000
dist_prev_vah_atr,-2.519715,-2.519715,0.0,MATCH,ATR-ES,917,1776431880000
dist_prev_val_atr,-3.481439,-3.481439,0.0,MATCH,ATR-ES,917,1776431880000
dist_prev_vwap_sd1d_atr,-3.505839,-3.505839,0.0,MATCH,ATR-ES,917,1776431880000
dist_prev_vwap_sd1u_atr,-2.534441,-2.534441,0.0,MATCH,ATR-ES,917,1776431880000
dist_sess_high_atr,0.259665,0.259665,0.0,MATCH,ATR-ES,917,1776431880000
dist_session_hvn_above_atr,0.076938,0.076938,0.0,MATCH,ATR-ES,917,1776431880000
dist_session_lvn_above_atr,0.250048,0.250048,0.0,MATCH,ATR-ES,917,1776431880000
dist_session_lvn_below_atr,0.009617,0.009617,0.0,MATCH,ATR-ES,917,1776431880000
dist_swing_high_atr,-0.79823,-0.79823,0.0,MATCH,ATR-ES,917,1776431880000
dist_vwap_d_sd1d_atr,-12.430198,-12.430198,0.0,MATCH,ATR-ES,917,1776431880000
dist_vwap_d_sd1u_atr,-1.11404,-1.11404,0.0,MATCH,ATR-ES,917,1776431880000
dist_vwap_d_sd2u_atr,-0.117304,-0.117304,0.0,MATCH,ATR-ES,917,1776431880000
dist_vwap_d_sd3u_atr,0.879451,0.879451,0.0,MATCH,ATR-ES,917,1776431880000
dist_comp_20d_vpoc_atr,,-20.032698595883822,,MISSING_LIVE,ATR-ES,917,1776431880000
dist_comp_50d_vpoc_atr,,-19.68647816887863,,MISSING_LIVE,ATR-ES,917,1776431880000
dist_cur_vwap_vp_atr,,-8.443181381034814,,MISSING_LIVE,ATR-ES,917,1776431880000
dist_ext_edge_buy_atr,,-0.08655510675129832,,MISSING_LIVE,ATR-ES,917,1776431880000
dist_ext_edge_sell_atr,,-2.4764377764954797,,MISSING_LIVE,ATR-ES,917,1776431880000
dist_ext_long_dn_atr,,-0.49047893825735717,,MISSING_LIVE,ATR-ES,917,1776431880000
dist_ext_long_up_atr,,0.10578957491825351,,MISSING_LIVE,ATR-ES,917,1776431880000
dist_open_cash_atr,,-2.731294479707636,,MISSING_LIVE,ATR-ES,917,1776431880000
dist_ovn_high_atr,,-1.8465089440276976,,MISSING_LIVE,ATR-ES,917,1776431880000
dist_ovn_low_atr,,-3.250625120215426,,MISSING_LIVE,ATR-ES,917,1776431880000
dist_prev_vpoc_atr,,-3.087132140796307,,MISSING_LIVE,ATR-ES,917,1776431880000
dist_prev_vwap_atr,,-3.0192296595499135,,MISSING_LIVE,ATR-ES,917,1776431880000
dist_vwap_w_atr,,-5.894369109444123,,MISSING_LIVE,ATR-ES,917,1776431880000
next_wall_dist_atr,,0.3558376610886709,,MISSING_LIVE,ATR-ES,917,1776431880000
open_gap_atr,,-0.3558376610886709,,MISSING_LIVE,ATR-ES,917,1776431880000
ovn_range_atr,,1.4041161761877283,,MISSING_LIVE,ATR-ES,917,1776431880000
poc_bar_dist_atr,,0.06732063858434315,,MISSING_LIVE,ATR-ES,917,1776431880000
poc_separation_atr,,0.0,,MISSING_LIVE,ATR-ES,917,1776431880000
range_size_atr,,1.0771302173494903,,MISSING_LIVE,ATR-ES,917,1776431880000
sess_range_atr,,3.510290440469321,,MISSING_LIVE,ATR-ES,917,1776431880000
swing_range_atr,,0.41354106558953646,,MISSING_LIVE,ATR-ES,917,1776431880000
dist_blind_nearest_dn_atr,-0.11886324293133295,,,LIVE_ONLY,ATR-ES,917,1776431880000
dist_gex_nearest_dn_atr,-0.6058857472590883,,,LIVE_ONLY,ATR-ES,917,1776431880000
dist_sess_low_atr,-3.250625120215426,,,LIVE_ONLY,ATR-ES,917,1776431880000
dist_session_hvn_below_atr,0.2211963839199846,,,LIVE_ONLY,ATR-ES,917,1776431880000
dist_swing_low_atr,-1.2117714945181766,,,LIVE_ONLY,ATR-ES,917,1776431880000
dist_vix_call_atr,0.07539911521446431,,,LIVE_ONLY,ATR-ES,917,1776431880000
dist_vix_gex_nearest_dn_atr,-0.0207732256203116,,,LIVE_ONLY,ATR-ES,917,1776431880000
dist_vix_gex_nearest_up_atr,0.0032698595883823814,,,LIVE_ONLY,ATR-ES,917,1776431880000
dist_vix_hvl_atr,0.041738795922292744,,,LIVE_ONLY,ATR-ES,917,1776431880000
dist_vix_put_atr,-0.0015387574533564147,,,LIVE_ONLY,ATR-ES,917,1776431880000
dist_vwap_d_sd2d_atr,-4.104286401231006,,,LIVE_ONLY,ATR-ES,917,1776431880000
dist_vwap_d_sd3d_atr,-5.101040584727833,,,LIVE_ONLY,ATR-ES,917,1776431880000
im_cross_delta_agreement_5,1.0,1.0,0.0,MATCH,IM-ES,917,1776431880000
im_open_type_agreement,0.0,0.0,0.0,MATCH,IM-ES,917,1776431880000
im_rolling_correlation_10,0.842116,0.842116,0.0,MATCH,IM-ES,917,1776431880000
im_cross_delta_weighted_5,,167.4,,MISSING_LIVE,IM-ES,917,1776431880000
im_cross_open_signal,,0.0,,MISSING_LIVE,IM-ES,917,1776431880000
im_delta_day_divergence,,1.0,,MISSING_LIVE,IM-ES,917,1776431880000
im_ltr_slope_diff,,-0.052500000000000005,,MISSING_LIVE,IM-ES,917,1776431880000
im_price_ratio_slope_10,,-9.765579630938833e-06,,MISSING_LIVE,IM-ES,917,1776431880000
im_smt_divergence,,0.0,,MISSING_LIVE,IM-ES,917,1776431880000
im_volume_lead,,-38.70000000000002,,MISSING_LIVE,IM-ES,917,1776431880000
dist_1d_max_atr,-0.809291,-0.809291,0.0,MATCH,ATR-ES,1371,1776459119000
dist_1d_min_atr,-5.600605,-5.600605,0.0,MATCH,ATR-ES,1371,1776459119000
dist_comp_20d_vah_atr,-12.388717,-12.388717,0.0,MATCH,ATR-ES,1371,1776459119000
dist_comp_20d_val_atr,-30.32518,-30.32518,0.0,MATCH,ATR-ES,1371,1776459119000
dist_comp_20d_vwap_atr,-16.715975,-16.715975,0.0,MATCH,ATR-ES,1371,1776459119000
dist_comp_50d_vah_atr,-11.189204,-11.189204,0.0,MATCH,ATR-ES,1371,1776459119000
dist_comp_50d_val_atr,-24.27139,-24.27139,0.0,MATCH,ATR-ES,1371,1776459119000
dist_comp_50d_vwap_atr,-17.01384,-17.01384,0.0,MATCH,ATR-ES,1371,1776459119000
dist_cur_vah_atr,0.093712,0.093712,0.0,MATCH,ATR-ES,1371,1776459119000
dist_cur_val_atr,-0.224909,-0.224909,0.0,MATCH,ATR-ES,1371,1776459119000
dist_cur_vpoc_atr,-0.009371,-0.009371,0.0,MATCH,ATR-ES,1371,1776459119000
dist_gex_nearest_up_atr,1.405679,1.405679,0.0,MATCH,ATR-ES,1371,1776459119000
dist_mq_call_0dte_atr,-7.403242,-7.403242,0.0,MATCH,ATR-ES,1371,1776459119000
dist_mq_call_atr,-2.342798,-2.342798,0.0,MATCH,ATR-ES,1371,1776459119000
dist_mq_hvl_atr,-9.652329,-9.652329,0.0,MATCH,ATR-ES,1371,1776459119000
dist_mq_put_0dte_atr,-4.591885,-4.591885,0.0,MATCH,ATR-ES,1371,1776459119000
dist_mq_put_atr,-24.833661,-24.833661,0.0,MATCH,ATR-ES,1371,1776459119000
dist_open_830_atr,-2.811358,-2.811358,0.0,MATCH,ATR-ES,1371,1776459119000
dist_prev_vah_atr,-0.356105,-0.356105,0.0,MATCH,ATR-ES,1371,1776459119000
dist_prev_val_atr,-3.973386,-3.973386,0.0,MATCH,ATR-ES,1371,1776459119000
dist_prev_vwap_sd1d_atr,-2.960034,-2.960034,0.0,MATCH,ATR-ES,1371,1776459119000
dist_prev_vwap_sd1u_atr,0.054177,0.054177,0.0,MATCH,ATR-ES,1371,1776459119000
dist_sess_high_atr,0.871521,0.871521,0.0,MATCH,ATR-ES,1371,1776459119000
dist_session_hvn_above_atr,0.009371,0.009371,0.0,MATCH,ATR-ES,1371,1776459119000
dist_session_lvn_above_atr,0.206166,0.206166,0.0,MATCH,ATR-ES,1371,1776459119000
dist_session_lvn_below_atr,0.346734,0.346734,0.0,MATCH,ATR-ES,1371,1776459119000
dist_swing_high_atr,0.093712,0.093712,0.0,MATCH,ATR-ES,1371,1776459119000
dist_vwap_d_sd1d_atr,-0.836379,-0.836379,0.0,MATCH,ATR-ES,1371,1776459119000
dist_vwap_d_sd1u_atr,0.204079,0.204079,0.0,MATCH,ATR-ES,1371,1776459119000
dist_vwap_d_sd2u_atr,0.410685,0.410685,0.0,MATCH,ATR-ES,1371,1776459119000
dist_vwap_d_sd3u_atr,0.617272,0.617272,0.0,MATCH,ATR-ES,1371,1776459119000
dist_comp_20d_vpoc_atr,,-20.26051916408959,,MISSING_LIVE,ATR-ES,1371,1776459119000
dist_comp_50d_vpoc_atr,,-19.99812576140943,,MISSING_LIVE,ATR-ES,1371,1776459119000
dist_cur_vwap_vp_atr,,-0.010030924936744448,,MISSING_LIVE,ATR-ES,1371,1776459119000
dist_ext_edge_buy_atr,,0.0,,MISSING_LIVE,ATR-ES,1371,1776459119000
dist_ext_edge_sell_atr,,0.0093711929528629,,MISSING_LIVE,ATR-ES,1371,1776459119000
dist_ext_long_dn_atr,,0.0093711929528629,,MISSING_LIVE,ATR-ES,1371,1776459119000
dist_ext_long_up_atr,,0.0093711929528629,,MISSING_LIVE,ATR-ES,1371,1776459119000
dist_open_cash_atr,,-3.4767125855121357,,MISSING_LIVE,ATR-ES,1371,1776459119000
dist_ovn_high_atr,,0.1593102801986693,,MISSING_LIVE,ATR-ES,1371,1776459119000
dist_ovn_low_atr,,-0.4310748758316934,,MISSING_LIVE,ATR-ES,1371,1776459119000
dist_prev_vpoc_atr,,-3.176834411020523,,MISSING_LIVE,ATR-ES,1371,1776459119000
dist_prev_vwap_atr,,-1.4668840783431734,,MISSING_LIVE,ATR-ES,1371,1776459119000
dist_vwap_w_atr,,-5.267928029238122,,MISSING_LIVE,ATR-ES,1371,1776459119000
next_wall_dist_atr,,0.468559647643145,,MISSING_LIVE,ATR-ES,1371,1776459119000
open_gap_atr,,0.2998781744916128,,MISSING_LIVE,ATR-ES,1371,1776459119000
ovn_range_atr,,0.5903851560303627,,MISSING_LIVE,ATR-ES,1371,1776459119000
poc_bar_dist_atr,,0.0093711929528629,,MISSING_LIVE,ATR-ES,1371,1776459119000
poc_separation_atr,,0.0,,MISSING_LIVE,ATR-ES,1371,1776459119000
range_size_atr,,0.3186205603973386,,MISSING_LIVE,ATR-ES,1371,1776459119000
sess_range_atr,,4.854277949582982,,MISSING_LIVE,ATR-ES,1371,1776459119000
swing_range_atr,,0.2061662449629838,,MISSING_LIVE,ATR-ES,1371,1776459119000
dist_blind_nearest_dn_atr,-0.931116109080686,,,LIVE_ONLY,ATR-ES,1371,1776459119000
dist_gex_nearest_dn_atr,-0.468559647643145,,,LIVE_ONLY,ATR-ES,1371,1776459119000
dist_sess_low_atr,-3.9827570049667327,,,LIVE_ONLY,ATR-ES,1371,1776459119000
dist_session_hvn_below_atr,0.0187423859057258,,,LIVE_ONLY,ATR-ES,1371,1776459119000
dist_swing_low_atr,-0.1124543154343548,,,LIVE_ONLY,ATR-ES,1371,1776459119000
dist_vix_call_atr,0.070471371005529,,,LIVE_ONLY,ATR-ES,1371,1776459119000
dist_vix_gex_nearest_dn_atr,-0.023240558523099992,,,LIVE_ONLY,ATR-ES,1371,1776459119000
dist_vix_gex_nearest_up_atr,0.000187423859057258,,,LIVE_ONLY,ATR-ES,1371,1776459119000
dist_vix_hvl_atr,0.037672195670508855,,,LIVE_ONLY,ATR-ES,1371,1776459119000
dist_vix_put_atr,-0.004498172617374192,,,LIVE_ONLY,ATR-ES,1371,1776459119000
dist_vwap_d_sd2d_atr,-0.41570049667322656,,,LIVE_ONLY,ATR-ES,1371,1776459119000
dist_vwap_d_sd3d_atr,-0.622287508199794,,,LIVE_ONLY,ATR-ES,1371,1776459119000
im_cross_delta_agreement_5,0.6,0.6,0.0,MATCH,IM-ES,1371,1776459119000
im_open_type_agreement,1.0,1.0,0.0,MATCH,IM-ES,1371,1776459119000
im_rolling_correlation_10,0.653712,0.653712,3e-08,MATCH,IM-ES,1371,1776459119000
im_cross_delta_weighted_5,,23.2,,MISSING_LIVE,IM-ES,1371,1776459119000
im_cross_open_signal,,0.85,,MISSING_LIVE,IM-ES,1371,1776459119000
im_delta_day_divergence,,-1.0,,MISSING_LIVE,IM-ES,1371,1776459119000
im_ltr_slope_diff,,-0.27772,,MISSING_LIVE,IM-ES,1371,1776459119000
im_price_ratio_slope_10,,-3.5375435841244356e-06,,MISSING_LIVE,IM-ES,1371,1776459119000
im_smt_divergence,,0.0,,MISSING_LIVE,IM-ES,1371,1776459119000
im_volume_lead,,-19.6,,MISSING_LIVE,IM-ES,1371,1776459119000
dist_1d_max_atr,-0.687465,-0.687465,0.0,MATCH,ATR-ES,1211,1776449519000
dist_1d_min_atr,-5.47878,-5.47878,0.0,MATCH,ATR-ES,1211,1776449519000
dist_comp_20d_vah_atr,-12.4918,-12.4918,0.0,MATCH,ATR-ES,1211,1776449519000
dist_comp_20d_val_atr,-30.203355,-30.203355,0.0,MATCH,ATR-ES,1211,1776449519000
dist_comp_20d_vwap_atr,-16.793617,-16.793617,0.0,MATCH,ATR-ES,1211,1776449519000
dist_comp_50d_vah_atr,-11.161091,-11.161091,0.0,MATCH,ATR-ES,1211,1776449519000
dist_comp_50d_val_atr,-24.149564,-24.149564,0.0,MATCH,ATR-ES,1211,1776449519000
dist_comp_50d_vwap_atr,-17.046749,-17.046749,0.0,MATCH,ATR-ES,1211,1776449519000
dist_cur_vah_atr,0.449817,0.449817,0.0,MATCH,ATR-ES,1211,1776449519000
dist_cur_val_atr,-0.103083,-0.103083,0.0,MATCH,ATR-ES,1211,1776449519000
dist_cur_vpoc_atr,0.018742,0.018742,0.0,MATCH,ATR-ES,1211,1776449519000
dist_gex_nearest_up_atr,1.527504,1.527504,0.0,MATCH,ATR-ES,1211,1776449519000
dist_ib_high_atr,-0.131197,-0.131197,0.0,MATCH,ATR-ES,1211,1776449519000
dist_ib_low_atr,-1.583732,-1.583732,0.0,MATCH,ATR-ES,1211,1776449519000
dist_mq_call_0dte_atr,-7.281417,-7.281417,0.0,MATCH,ATR-ES,1211,1776449519000
dist_mq_call_atr,-2.220973,-2.220973,0.0,MATCH,ATR-ES,1211,1776449519000
dist_mq_hvl_atr,-9.530503,-9.530503,0.0,MATCH,ATR-ES,1211,1776449519000
dist_mq_put_0dte_atr,-4.470059,-4.470059,0.0,MATCH,ATR-ES,1211,1776449519000
dist_mq_put_atr,-24.711836,-24.711836,0.0,MATCH,ATR-ES,1211,1776449519000
dist_open_830_atr,-2.689532,-2.689532,0.0,MATCH,ATR-ES,1211,1776449519000
dist_prev_vah_atr,-0.23428,-0.23428,0.0,MATCH,ATR-ES,1211,1776449519000
dist_prev_val_atr,-3.85156,-3.85156,0.0,MATCH,ATR-ES,1211,1776449519000
dist_prev_vwap_sd1d_atr,-2.838208,-2.838208,0.0,MATCH,ATR-ES,1211,1776449519000
dist_prev_vwap_sd1u_atr,0.176002,0.176002,0.0,MATCH,ATR-ES,1211,1776449519000
dist_sess_high_atr,0.993346,0.993346,0.0,MATCH,ATR-ES,1211,1776449519000
dist_session_lvn_above_atr,0.356105,0.356105,0.0,MATCH,ATR-ES,1211,1776449519000
dist_session_lvn_below_atr,0.112454,0.112454,0.0,MATCH,ATR-ES,1211,1776449519000
dist_swing_high_atr,0.365477,0.365477,0.0,MATCH,ATR-ES,1211,1776449519000
dist_vwap_d_sd1d_atr,0.08617,0.08617,0.0,MATCH,ATR-ES,1211,1776449519000
dist_vwap_d_sd1u_atr,0.476118,0.476118,0.0,MATCH,ATR-ES,1211,1776449519000
dist_vwap_d_sd2u_atr,0.703406,0.703406,0.0,MATCH,ATR-ES,1211,1776449519000
dist_vwap_d_sd3u_atr,0.930677,0.930677,0.0,MATCH,ATR-ES,1211,1776449519000
dist_comp_20d_vpoc_atr,,-20.138693655702372,,MISSING_LIVE,ATR-ES,1211,1776449519000
dist_comp_50d_vpoc_atr,,-19.87630025302221,,MISSING_LIVE,ATR-ES,1211,1776449519000
dist_cur_vwap_vp_atr,,0.9953968700215539,,MISSING_LIVE,ATR-ES,1211,1776449519000
dist_ext_edge_buy_atr,,-0.0093711929528629,,MISSING_LIVE,ATR-ES,1211,1776449519000
dist_ext_edge_sell_atr,,-0.0187423859057258,,MISSING_LIVE,ATR-ES,1211,1776449519000
dist_ext_long_dn_atr,,0.0093711929528629,,MISSING_LIVE,ATR-ES,1211,1776449519000
dist_ext_long_up_atr,,0.1311967013400806,,MISSING_LIVE,ATR-ES,1211,1776449519000
dist_open_cash_atr,,-1.405678942929435,,MISSING_LIVE,ATR-ES,1211,1776449519000
dist_ovn_high_atr,,0.281135788585887,,MISSING_LIVE,ATR-ES,1211,1776449519000
dist_ovn_low_atr,,-0.1124543154343548,,MISSING_LIVE,ATR-ES,1211,1776449519000
dist_prev_vpoc_atr,,-3.0550089026333054,,MISSING_LIVE,ATR-ES,1211,1776449519000
dist_prev_vwap_atr,,-1.3450585699559556,,MISSING_LIVE,ATR-ES,1211,1776449519000
dist_vwap_w_atr,,-5.423541373816887,,MISSING_LIVE,ATR-ES,1211,1776449519000
next_wall_dist_atr,,0.3467341392559273,,MISSING_LIVE,ATR-ES,1211,1776449519000
open_gap_atr,,-1.6493299597038704,,MISSING_LIVE,ATR-ES,1211,1776449519000
ovn_range_atr,,0.3935901040202418,,MISSING_LIVE,ATR-ES,1211,1776449519000
poc_bar_dist_atr,,0.0562271577171774,,MISSING_LIVE,ATR-ES,1211,1776449519000
poc_separation_atr,,0.0,,MISSING_LIVE,ATR-ES,1211,1776449519000
range_size_atr,,0.5529003842189111,,MISSING_LIVE,ATR-ES,1211,1776449519000
sess_range_atr,,4.854277949582982,,MISSING_LIVE,ATR-ES,1211,1776449519000
swing_range_atr,,0.655983506700403,,MISSING_LIVE,ATR-ES,1211,1776449519000
dist_blind_nearest_dn_atr,-0.8092906006934683,,,LIVE_ONLY,ATR-ES,1211,1776449519000
dist_gex_nearest_dn_atr,-0.3467341392559273,,,LIVE_ONLY,ATR-ES,1211,1776449519000
dist_sess_low_atr,-3.8609314965795147,,,LIVE_ONLY,ATR-ES,1211,1776449519000
dist_swing_low_atr,-0.2905069815387499,,,LIVE_ONLY,ATR-ES,1211,1776449519000
dist_vix_call_atr,0.06962796363977135,,,LIVE_ONLY,ATR-ES,1211,1776449519000
dist_vix_gex_nearest_dn_atr,-0.0006559835067004031,,,LIVE_ONLY,ATR-ES,1211,1776449519000
dist_vix_gex_nearest_up_atr,0.004029612969731047,,,LIVE_ONLY,ATR-ES,1211,1776449519000
dist_vix_hvl_atr,0.0368287883047512,,,LIVE_ONLY,ATR-ES,1211,1776449519000
dist_vix_put_atr,-0.005341579983131853,,,LIVE_ONLY,ATR-ES,1211,1776449519000
dist_vwap_d_sd2d_atr,-0.20574547839940027,,,LIVE_ONLY,ATR-ES,1211,1776449519000
dist_vwap_d_sd3d_atr,-0.433014712772936,,,LIVE_ONLY,ATR-ES,1211,1776449519000
im_cross_delta_agreement_5,0.6,0.6,0.0,MATCH,IM-ES,1211,1776449519000
im_open_type_agreement,1.0,1.0,0.0,MATCH,IM-ES,1211,1776449519000
im_rolling_correlation_10,0.992107,0.992107,0.0,MATCH,IM-ES,1211,1776449519000
im_cross_delta_weighted_5,,117.2,,MISSING_LIVE,IM-ES,1211,1776449519000
im_cross_open_signal,,0.85,,MISSING_LIVE,IM-ES,1211,1776449519000
im_delta_day_divergence,,-1.0,,MISSING_LIVE,IM-ES,1211,1776449519000
im_ltr_slope_diff,,-0.07220999999999998,,MISSING_LIVE,IM-ES,1211,1776449519000
im_price_ratio_slope_10,,5.619541530900062e-06,,MISSING_LIVE,IM-ES,1211,1776449519000
im_smt_divergence,,0.0,,MISSING_LIVE,IM-ES,1211,1776449519000
im_volume_lead,,-439.20000000000005,,MISSING_LIVE,IM-ES,1211,1776449519000
dist_1d_max_atr,-1.36899,-1.36899,0.0,MATCH,ATR-ES,1105,1776443159000
dist_1d_min_atr,-6.184221,-6.184221,0.0,MATCH,ATR-ES,1105,1776443159000
dist_comp_20d_vah_atr,-13.561876,-13.561876,0.0,MATCH,ATR-ES,1105,1776443159000
dist_comp_20d_val_atr,-30.975702,-30.975702,0.0,MATCH,ATR-ES,1105,1776443159000
dist_comp_20d_vwap_atr,-17.841386,-17.841386,0.0,MATCH,ATR-ES,1105,1776443159000
dist_comp_50d_vah_atr,-11.960821,-11.960821,0.0,MATCH,ATR-ES,1105,1776443159000
dist_comp_50d_val_atr,-24.948201,-24.948201,0.0,MATCH,ATR-ES,1105,1776443159000
dist_comp_50d_vwap_atr,-17.934261,-17.934261,0.0,MATCH,ATR-ES,1105,1776443159000
dist_cur_vah_atr,-0.979469,-0.979469,0.0,MATCH,ATR-ES,1105,1776443159000
dist_cur_val_atr,-4.548879,-4.548879,0.0,MATCH,ATR-ES,1105,1776443159000
dist_cur_vpoc_atr,-3.748352,-3.748352,0.0,MATCH,ATR-ES,1105,1776443159000
dist_gex_nearest_up_atr,0.857035,0.857035,0.0,MATCH,ATR-ES,1105,1776443159000
dist_ib_high_atr,-0.809945,-0.809945,0.0,MATCH,ATR-ES,1105,1776443159000
dist_ib_low_atr,-2.269731,-2.269731,0.0,MATCH,ATR-ES,1105,1776443159000
dist_mq_call_0dte_atr,-7.995856,-7.995856,0.0,MATCH,ATR-ES,1105,1776443159000
dist_mq_call_atr,-2.910153,-2.910153,0.0,MATCH,ATR-ES,1105,1776443159000
dist_mq_hvl_atr,-10.256169,-10.256169,0.0,MATCH,ATR-ES,1105,1776443159000
dist_mq_put_0dte_atr,-5.170465,-5.170465,0.0,MATCH,ATR-ES,1105,1776443159000
dist_mq_put_atr,-25.513279,-25.513279,0.0,MATCH,ATR-ES,1105,1776443159000
dist_open_830_atr,-3.381051,-3.381051,0.0,MATCH,ATR-ES,1105,1776443159000
dist_prev_vah_atr,-3.842532,-3.842532,0.0,MATCH,ATR-ES,1105,1776443159000
dist_prev_val_atr,-4.784328,-4.784328,0.0,MATCH,ATR-ES,1105,1776443159000
dist_prev_vwap_sd1d_atr,-4.808223,-4.808223,0.0,MATCH,ATR-ES,1105,1776443159000
dist_prev_vwap_sd1u_atr,-3.856952,-3.856952,0.0,MATCH,ATR-ES,1105,1776443159000
dist_sess_high_atr,0.037672,0.037672,0.0,MATCH,ATR-ES,1105,1776443159000
dist_session_lvn_above_atr,0.009418,0.009418,0.0,MATCH,ATR-ES,1105,1776443159000
dist_session_lvn_below_atr,0.659258,0.659258,0.0,MATCH,ATR-ES,1105,1776443159000
dist_swing_high_atr,0.037672,0.037672,0.0,MATCH,ATR-ES,1105,1776443159000
dist_vwap_d_sd1d_atr,-14.391392,-14.391392,0.0,MATCH,ATR-ES,1105,1776443159000
dist_vwap_d_sd1u_atr,-0.630084,-0.630084,0.0,MATCH,ATR-ES,1105,1776443159000
dist_vwap_d_sd2u_atr,0.853797,0.853797,0.0,MATCH,ATR-ES,1105,1776443159000
dist_vwap_d_sd3u_atr,2.337679,2.337679,0.0,MATCH,ATR-ES,1105,1776443159000
dist_comp_20d_vpoc_atr,,-20.99265398380109,,MISSING_LIVE,ATR-ES,1105,1776443159000
dist_comp_50d_vpoc_atr,,-20.65360708231305,,MISSING_LIVE,ATR-ES,1105,1776443159000
dist_cur_vwap_vp_atr,,-8.455938971557732,,MISSING_LIVE,ATR-ES,1105,1776443159000
dist_ext_edge_buy_atr,,-0.11301563382934639,,MISSING_LIVE,ATR-ES,1105,1776443159000
dist_ext_edge_sell_atr,,-0.03767187794311546,,MISSING_LIVE,ATR-ES,1105,1776443159000
dist_ext_long_dn_atr,,-0.20719532868713503,,MISSING_LIVE,ATR-ES,1105,1776443159000
dist_ext_long_up_atr,,-0.348464870973818,,MISSING_LIVE,ATR-ES,1105,1776443159000
dist_open_cash_atr,,-2.090789225842908,,MISSING_LIVE,ATR-ES,1105,1776443159000
dist_ovn_high_atr,,-3.1832736861932567,,MISSING_LIVE,ATR-ES,1105,1776443159000
dist_ovn_low_atr,,-4.5582972311169705,,MISSING_LIVE,ATR-ES,1105,1776443159000
dist_prev_vpoc_atr,,-4.39819174985873,,MISSING_LIVE,ATR-ES,1105,1776443159000
dist_prev_vwap_atr,,-4.331696176304389,,MISSING_LIVE,ATR-ES,1105,1776443159000
dist_vwap_w_atr,,-6.379441514409493,,MISSING_LIVE,ATR-ES,1105,1776443159000
next_wall_dist_atr,,0.8570352232058768,,MISSING_LIVE,ATR-ES,1105,1776443159000
open_gap_atr,,-2.307402524015822,,MISSING_LIVE,ATR-ES,1105,1776443159000
ovn_range_atr,,1.3750235449237143,,MISSING_LIVE,ATR-ES,1105,1776443159000
poc_bar_dist_atr,,0.0,,MISSING_LIVE,ATR-ES,1105,1776443159000
poc_separation_atr,,0.0,,MISSING_LIVE,ATR-ES,1105,1776443159000
range_size_atr,,3.56941043511019,,MISSING_LIVE,ATR-ES,1105,1776443159000
sess_range_atr,,4.5959691090600865,,MISSING_LIVE,ATR-ES,1105,1776443159000
swing_range_atr,,0.2731211150875871,,MISSING_LIVE,ATR-ES,1105,1776443159000
dist_blind_nearest_dn_atr,-1.4914239969862495,,,LIVE_ONLY,ATR-ES,1105,1776443159000
dist_gex_nearest_dn_atr,-1.0265586739498964,,,LIVE_ONLY,ATR-ES,1105,1776443159000
dist_sess_low_atr,-4.5582972311169705,,,LIVE_ONLY,ATR-ES,1105,1776443159000
dist_session_hvn_below_atr,0.07534375588623092,,,LIVE_ONLY,ATR-ES,1105,1776443159000
dist_swing_low_atr,-0.23544923714447163,,,LIVE_ONLY,ATR-ES,1105,1776443159000
dist_vix_call_atr,0.07119984931248823,,,LIVE_ONLY,ATR-ES,1105,1776443159000
dist_vix_gex_nearest_dn_atr,-0.022979845545300432,,,LIVE_ONLY,ATR-ES,1105,1776443159000
dist_vix_gex_nearest_up_atr,0.0005650781691467319,,,LIVE_ONLY,ATR-ES,1105,1776443159000
dist_vix_hvl_atr,0.03823695611226219,,,LIVE_ONLY,ATR-ES,1105,1776443159000
dist_vix_put_atr,-0.004143906573742701,,,LIVE_ONLY,ATR-ES,1105,1776443159000
dist_vwap_d_sd2d_atr,-5.081730080994537,,,LIVE_ONLY,ATR-ES,1105,1776443159000
dist_vwap_d_sd3d_atr,-6.5656121680165755,,,LIVE_ONLY,ATR-ES,1105,1776443159000
im_cross_delta_agreement_5,0.4,0.4,0.0,MATCH,IM-ES,1105,1776443159000
im_open_type_agreement,0.0,0.0,0.0,MATCH,IM-ES,1105,1776443159000
im_rolling_correlation_10,0.964778,0.964778,0.0,MATCH,IM-ES,1105,1776443159000
im_cross_delta_weighted_5,,22.4,,MISSING_LIVE,IM-ES,1105,1776443159000
im_cross_open_signal,,0.0,,MISSING_LIVE,IM-ES,1105,1776443159000
im_delta_day_divergence,,1.0,,MISSING_LIVE,IM-ES,1105,1776443159000
im_ltr_slope_diff,,-0.05560000000000003,,MISSING_LIVE,IM-ES,1105,1776443159000
im_price_ratio_slope_10,,-5.9895845135670244e-06,,MISSING_LIVE,IM-ES,1105,1776443159000
im_smt_divergence,,0.0,,MISSING_LIVE,IM-ES,1105,1776443159000
im_volume_lead,,20.4,,MISSING_LIVE,IM-ES,1105,1776443159000
