check,jour,taux_echec,boot_id
"high >= max(open,close)",2026-06-11,0.0,c43dc080
"high >= max(open,close)",2026-06-15,0.0,114b1ca4
"high >= max(open,close)",2026-06-16,0.0,e7199bc7
"high >= max(open,close)",2026-06-17,0.0,e7199bc7
"high >= max(open,close)",2026-06-18,0.0,e7199bc7
"high >= max(open,close)",2026-06-21,0.0,9238adc1
"high >= max(open,close)",2026-06-22,0.0,9238adc1
"high >= max(open,close)",2026-06-23,0.0,9238adc1
"high >= max(open,close)",2026-06-26,0.0,9238adc1
"high >= max(open,close)",2026-06-28,0.0,944f7204
"high >= max(open,close)",2026-06-29,0.0,944f7204
"high >= max(open,close)",2026-07-01,0.0,944f7204
"high >= max(open,close)",2026-07-02,0.0,944f7204
"high >= max(open,close)",2026-07-05,0.0,13efb186
"high >= max(open,close)",2026-07-06,0.0,13efb186
"high >= max(open,close)",2026-07-07,0.0,13efb186
"high >= max(open,close)",2026-07-08,0.0,13efb186
"high >= max(open,close)",2026-07-09,0.0,13efb186
"high >= max(open,close)",2026-07-10,0.0,13efb186
"high >= max(open,close)",2026-07-12,0.0,13efb186
"high >= max(open,close)",2026-07-13,0.0,13efb186
"high >= max(open,close)",2026-07-14,0.0,13efb186
"high >= max(open,close)",2026-07-15,0.0,13efb186
"high >= max(open,close)",2026-07-16,0.0,13efb186
"high >= max(open,close)",2026-07-17,0.0,f6003b62
"high >= max(open,close)",2026-07-19,0.0,f6003b62
"high >= max(open,close)",2026-07-20,0.0,f6003b62
"high >= max(open,close)",2026-07-21,0.0,f6003b62
"high >= max(open,close)",2026-07-22,0.0,ed53e566
"high >= max(open,close)",2026-07-23,0.0,ed53e566
"high >= max(open,close)",2026-07-24,0.0,ed53e566
"high >= max(open,close)",2026-07-26,0.0,4981d53a
"high >= max(open,close)",2026-07-27,0.0,4981d53a
"high >= max(open,close)",2026-07-28,0.0,4981d53a
"high >= max(open,close)",2026-07-29,0.0,4981d53a
"high >= max(open,close)",2026-07-30,0.0,4981d53a
"high >= max(open,close)",2026-07-31,0.0,4981d53a
"high >= max(open,close)",2026-08-04,0.0,1d20af93
"high >= max(open,close)",2026-08-06,0.0,feec66f6
"high >= max(open,close)",2026-08-07,0.0,287627ed
"high >= max(open,close)",2026-08-09,0.0,43f2daf5
"high >= max(open,close)",2026-08-11,0.0,78177655
"high >= max(open,close)",2026-08-12,0.0,78177655
"high >= max(open,close)",2026-08-13,0.0,78177655
"high >= max(open,close)",2026-08-14,0.0,78177655
"high >= max(open,close)",2026-08-16,0.0,605df903
"high >= max(open,close)",2026-08-17,0.0,605df903
"high >= max(open,close)",2026-08-18,0.0,605df903
"high >= max(open,close)",2026-08-19,0.0,605df903
"high >= max(open,close)",2026-08-20,0.0,605df903
"high >= max(open,close)",2026-08-21,0.0,605df903
"high >= max(open,close)",2026-08-23,0.0,605df903
"high >= max(open,close)",2026-08-24,0.0,605df903
"high >= max(open,close)",2026-08-25,0.0,605df903
"high >= max(open,close)",2026-08-26,0.0,605df903
"high >= max(open,close)",2026-08-27,0.0,605df903
"high >= max(open,close)",2026-08-28,0.0,605df903
"high >= max(open,close)",2026-08-30,0.0,605df903
"high >= max(open,close)",2026-08-31,0.0,605df903
"high >= max(open,close)",2026-09-01,0.0,605df903
"high >= max(open,close)",2026-09-02,0.0,605df903
"high >= max(open,close)",2026-09-03,0.0,605df903
"low  <= min(open,close)",2026-06-11,0.0,c43dc080
"low  <= min(open,close)",2026-06-15,0.0,114b1ca4
"low  <= min(open,close)",2026-06-16,0.0,e7199bc7
"low  <= min(open,close)",2026-06-17,0.0,e7199bc7
"low  <= min(open,close)",2026-06-18,0.0,e7199bc7
"low  <= min(open,close)",2026-06-21,0.0,9238adc1
"low  <= min(open,close)",2026-06-22,0.0,9238adc1
"low  <= min(open,close)",2026-06-23,0.0,9238adc1
"low  <= min(open,close)",2026-06-26,0.0,9238adc1
"low  <= min(open,close)",2026-06-28,0.0,944f7204
"low  <= min(open,close)",2026-06-29,0.0,944f7204
"low  <= min(open,close)",2026-07-01,0.0,944f7204
"low  <= min(open,close)",2026-07-02,0.0,944f7204
"low  <= min(open,close)",2026-07-05,0.0,13efb186
"low  <= min(open,close)",2026-07-06,0.0,13efb186
"low  <= min(open,close)",2026-07-07,0.0,13efb186
"low  <= min(open,close)",2026-07-08,0.0,13efb186
"low  <= min(open,close)",2026-07-09,0.0,13efb186
"low  <= min(open,close)",2026-07-10,0.0,13efb186
"low  <= min(open,close)",2026-07-12,0.0,13efb186
"low  <= min(open,close)",2026-07-13,0.0,13efb186
"low  <= min(open,close)",2026-07-14,0.0,13efb186
"low  <= min(open,close)",2026-07-15,0.0,13efb186
"low  <= min(open,close)",2026-07-16,0.0,13efb186
"low  <= min(open,close)",2026-07-17,0.0,f6003b62
"low  <= min(open,close)",2026-07-19,0.0,f6003b62
"low  <= min(open,close)",2026-07-20,0.0,f6003b62
"low  <= min(open,close)",2026-07-21,0.0,f6003b62
"low  <= min(open,close)",2026-07-22,0.0,ed53e566
"low  <= min(open,close)",2026-07-23,0.0,ed53e566
"low  <= min(open,close)",2026-07-24,0.0,ed53e566
"low  <= min(open,close)",2026-07-26,0.0,4981d53a
"low  <= min(open,close)",2026-07-27,0.0,4981d53a
"low  <= min(open,close)",2026-07-28,0.0,4981d53a
"low  <= min(open,close)",2026-07-29,0.0,4981d53a
"low  <= min(open,close)",2026-07-30,0.0,4981d53a
"low  <= min(open,close)",2026-07-31,0.0,4981d53a
"low  <= min(open,close)",2026-08-04,0.0,1d20af93
"low  <= min(open,close)",2026-08-06,0.0,feec66f6
"low  <= min(open,close)",2026-08-07,0.0,287627ed
"low  <= min(open,close)",2026-08-09,0.0,43f2daf5
"low  <= min(open,close)",2026-08-11,0.0,78177655
"low  <= min(open,close)",2026-08-12,0.0,78177655
"low  <= min(open,close)",2026-08-13,0.0,78177655
"low  <= min(open,close)",2026-08-14,0.0,78177655
"low  <= min(open,close)",2026-08-16,0.0,605df903
"low  <= min(open,close)",2026-08-17,0.0,605df903
"low  <= min(open,close)",2026-08-18,0.0,605df903
"low  <= min(open,close)",2026-08-19,0.0,605df903
"low  <= min(open,close)",2026-08-20,0.0,605df903
"low  <= min(open,close)",2026-08-21,0.0,605df903
"low  <= min(open,close)",2026-08-23,0.0,605df903
"low  <= min(open,close)",2026-08-24,0.0,605df903
"low  <= min(open,close)",2026-08-25,0.0,605df903
"low  <= min(open,close)",2026-08-26,0.0,605df903
"low  <= min(open,close)",2026-08-27,0.0,605df903
"low  <= min(open,close)",2026-08-28,0.0,605df903
"low  <= min(open,close)",2026-08-30,0.0,605df903
"low  <= min(open,close)",2026-08-31,0.0,605df903
"low  <= min(open,close)",2026-09-01,0.0,605df903
"low  <= min(open,close)",2026-09-02,0.0,605df903
"low  <= min(open,close)",2026-09-03,0.0,605df903
range_size = high-low (pts),2026-06-11,0.0,c43dc080
range_size = high-low (pts),2026-06-15,0.0,114b1ca4
range_size = high-low (pts),2026-06-16,0.0,e7199bc7
range_size = high-low (pts),2026-06-17,0.0,e7199bc7
range_size = high-low (pts),2026-06-18,0.0,e7199bc7
range_size = high-low (pts),2026-06-21,0.0,9238adc1
range_size = high-low (pts),2026-06-22,0.0,9238adc1
range_size = high-low (pts),2026-06-23,0.0,9238adc1
range_size = high-low (pts),2026-06-26,0.0,9238adc1
range_size = high-low (pts),2026-06-28,0.0,944f7204
range_size = high-low (pts),2026-06-29,0.0,944f7204
range_size = high-low (pts),2026-07-01,0.0,944f7204
range_size = high-low (pts),2026-07-02,0.0,944f7204
range_size = high-low (pts),2026-07-05,0.0,13efb186
range_size = high-low (pts),2026-07-06,0.0,13efb186
range_size = high-low (pts),2026-07-07,0.0,13efb186
range_size = high-low (pts),2026-07-08,0.0,13efb186
range_size = high-low (pts),2026-07-09,0.0,13efb186
range_size = high-low (pts),2026-07-10,0.0,13efb186
range_size = high-low (pts),2026-07-12,0.0,13efb186
range_size = high-low (pts),2026-07-13,0.0,13efb186
range_size = high-low (pts),2026-07-14,0.0,13efb186
range_size = high-low (pts),2026-07-15,0.0,13efb186
range_size = high-low (pts),2026-07-16,0.0,13efb186
range_size = high-low (pts),2026-07-17,0.0,f6003b62
range_size = high-low (pts),2026-07-19,0.0,f6003b62
range_size = high-low (pts),2026-07-20,0.0,f6003b62
range_size = high-low (pts),2026-07-21,0.0,f6003b62
range_size = high-low (pts),2026-07-22,0.0,ed53e566
range_size = high-low (pts),2026-07-23,0.0,ed53e566
range_size = high-low (pts),2026-07-24,0.0,ed53e566
range_size = high-low (pts),2026-07-26,0.0,4981d53a
range_size = high-low (pts),2026-07-27,0.0,4981d53a
range_size = high-low (pts),2026-07-28,0.0,4981d53a
range_size = high-low (pts),2026-07-29,0.0,4981d53a
range_size = high-low (pts),2026-07-30,0.0,4981d53a
range_size = high-low (pts),2026-07-31,0.0,4981d53a
range_size = high-low (pts),2026-08-04,0.0,1d20af93
range_size = high-low (pts),2026-08-06,0.0,feec66f6
range_size = high-low (pts),2026-08-07,0.0,287627ed
range_size = high-low (pts),2026-08-09,0.0,43f2daf5
range_size = high-low (pts),2026-08-11,0.0,78177655
range_size = high-low (pts),2026-08-12,0.0,78177655
range_size = high-low (pts),2026-08-13,0.0,78177655
range_size = high-low (pts),2026-08-14,0.0,78177655
range_size = high-low (pts),2026-08-16,0.0,605df903
range_size = high-low (pts),2026-08-17,0.0,605df903
range_size = high-low (pts),2026-08-18,0.0,605df903
range_size = high-low (pts),2026-08-19,0.0,605df903
range_size = high-low (pts),2026-08-20,0.0,605df903
range_size = high-low (pts),2026-08-21,0.0,605df903
range_size = high-low (pts),2026-08-23,0.0,605df903
range_size = high-low (pts),2026-08-24,0.0,605df903
range_size = high-low (pts),2026-08-25,0.0,605df903
range_size = high-low (pts),2026-08-26,0.0,605df903
range_size = high-low (pts),2026-08-27,0.0,605df903
range_size = high-low (pts),2026-08-28,0.0,605df903
range_size = high-low (pts),2026-08-30,0.0,605df903
range_size = high-low (pts),2026-08-31,0.0,605df903
range_size = high-low (pts),2026-09-01,0.0,605df903
range_size = high-low (pts),2026-09-02,0.0,605df903
range_size = high-low (pts),2026-09-03,0.0,605df903
bar_body_ticks = |close-open|/tick,2026-06-11,0.4656,c43dc080
bar_body_ticks = |close-open|/tick,2026-06-15,0.475,114b1ca4
bar_body_ticks = |close-open|/tick,2026-06-16,0.4768,e7199bc7
bar_body_ticks = |close-open|/tick,2026-06-17,0.467,e7199bc7
bar_body_ticks = |close-open|/tick,2026-06-18,0.5044,e7199bc7
bar_body_ticks = |close-open|/tick,2026-06-21,0.521,9238adc1
bar_body_ticks = |close-open|/tick,2026-06-22,0.483,9238adc1
bar_body_ticks = |close-open|/tick,2026-06-23,0.5308,9238adc1
bar_body_ticks = |close-open|/tick,2026-06-26,0.4984,9238adc1
bar_body_ticks = |close-open|/tick,2026-06-28,0.4958,944f7204
bar_body_ticks = |close-open|/tick,2026-06-29,0.475,944f7204
bar_body_ticks = |close-open|/tick,2026-07-01,0.5047,944f7204
bar_body_ticks = |close-open|/tick,2026-07-02,0.492,944f7204
bar_body_ticks = |close-open|/tick,2026-07-05,0.4874,13efb186
bar_body_ticks = |close-open|/tick,2026-07-06,0.4975,13efb186
bar_body_ticks = |close-open|/tick,2026-07-07,0.5091,13efb186
bar_body_ticks = |close-open|/tick,2026-07-08,0.5025,13efb186
bar_body_ticks = |close-open|/tick,2026-07-09,0.4793,13efb186
bar_body_ticks = |close-open|/tick,2026-07-10,0.4794,13efb186
bar_body_ticks = |close-open|/tick,2026-07-12,0.4958,13efb186
bar_body_ticks = |close-open|/tick,2026-07-13,0.5199,13efb186
bar_body_ticks = |close-open|/tick,2026-07-14,0.4764,13efb186
bar_body_ticks = |close-open|/tick,2026-07-15,0.4996,13efb186
bar_body_ticks = |close-open|/tick,2026-07-16,0.5298,13efb186
bar_body_ticks = |close-open|/tick,2026-07-17,0.5135,f6003b62
bar_body_ticks = |close-open|/tick,2026-07-19,0.479,f6003b62
bar_body_ticks = |close-open|/tick,2026-07-20,0.4982,f6003b62
bar_body_ticks = |close-open|/tick,2026-07-21,0.4688,f6003b62
bar_body_ticks = |close-open|/tick,2026-07-22,0.4982,ed53e566
bar_body_ticks = |close-open|/tick,2026-07-23,0.4938,ed53e566
bar_body_ticks = |close-open|/tick,2026-07-24,0.527,ed53e566
bar_body_ticks = |close-open|/tick,2026-07-26,0.4706,4981d53a
bar_body_ticks = |close-open|/tick,2026-07-27,0.5083,4981d53a
bar_body_ticks = |close-open|/tick,2026-07-28,0.5015,4981d53a
bar_body_ticks = |close-open|/tick,2026-07-29,0.504,4981d53a
bar_body_ticks = |close-open|/tick,2026-07-30,0.4909,4981d53a
bar_body_ticks = |close-open|/tick,2026-07-31,0.498,4981d53a
bar_body_ticks = |close-open|/tick,2026-08-04,0.4489,1d20af93
bar_body_ticks = |close-open|/tick,2026-08-06,0.4793,feec66f6
bar_body_ticks = |close-open|/tick,2026-08-07,0.4833,287627ed
bar_body_ticks = |close-open|/tick,2026-08-09,0.4622,43f2daf5
bar_body_ticks = |close-open|/tick,2026-08-11,0.4844,78177655
bar_body_ticks = |close-open|/tick,2026-08-12,0.4634,78177655
bar_body_ticks = |close-open|/tick,2026-08-13,0.4656,78177655
bar_body_ticks = |close-open|/tick,2026-08-14,0.4805,78177655
bar_body_ticks = |close-open|/tick,2026-08-16,0.4874,605df903
bar_body_ticks = |close-open|/tick,2026-08-17,0.5007,605df903
bar_body_ticks = |close-open|/tick,2026-08-18,0.5149,605df903
bar_body_ticks = |close-open|/tick,2026-08-19,0.4764,605df903
bar_body_ticks = |close-open|/tick,2026-08-20,0.5054,605df903
bar_body_ticks = |close-open|/tick,2026-08-21,0.4714,605df903
bar_body_ticks = |close-open|/tick,2026-08-23,0.437,605df903
bar_body_ticks = |close-open|/tick,2026-08-24,0.5178,605df903
bar_body_ticks = |close-open|/tick,2026-08-25,0.5091,605df903
bar_body_ticks = |close-open|/tick,2026-08-26,0.4764,605df903
bar_body_ticks = |close-open|/tick,2026-08-27,0.4757,605df903
bar_body_ticks = |close-open|/tick,2026-08-28,0.4921,605df903
bar_body_ticks = |close-open|/tick,2026-08-30,0.5798,605df903
bar_body_ticks = |close-open|/tick,2026-08-31,0.4793,605df903
bar_body_ticks = |close-open|/tick,2026-09-01,0.4905,605df903
bar_body_ticks = |close-open|/tick,2026-09-02,0.4996,605df903
bar_body_ticks = |close-open|/tick,2026-09-03,0.4924,605df903
bar_body_pct = body/range*100,2026-06-11,0.4656,c43dc080
bar_body_pct = body/range*100,2026-06-15,0.475,114b1ca4
bar_body_pct = body/range*100,2026-06-16,0.4768,e7199bc7
bar_body_pct = body/range*100,2026-06-17,0.467,e7199bc7
bar_body_pct = body/range*100,2026-06-18,0.5044,e7199bc7
bar_body_pct = body/range*100,2026-06-21,0.521,9238adc1
bar_body_pct = body/range*100,2026-06-22,0.483,9238adc1
bar_body_pct = body/range*100,2026-06-23,0.5301,9238adc1
bar_body_pct = body/range*100,2026-06-26,0.4984,9238adc1
bar_body_pct = body/range*100,2026-06-28,0.4958,944f7204
bar_body_pct = body/range*100,2026-06-29,0.475,944f7204
bar_body_pct = body/range*100,2026-07-01,0.5047,944f7204
bar_body_pct = body/range*100,2026-07-02,0.492,944f7204
bar_body_pct = body/range*100,2026-07-05,0.4874,13efb186
bar_body_pct = body/range*100,2026-07-06,0.4975,13efb186
bar_body_pct = body/range*100,2026-07-07,0.5091,13efb186
bar_body_pct = body/range*100,2026-07-08,0.5025,13efb186
bar_body_pct = body/range*100,2026-07-09,0.4793,13efb186
bar_body_pct = body/range*100,2026-07-10,0.4794,13efb186
bar_body_pct = body/range*100,2026-07-12,0.4958,13efb186
bar_body_pct = body/range*100,2026-07-13,0.5199,13efb186
bar_body_pct = body/range*100,2026-07-14,0.4764,13efb186
bar_body_pct = body/range*100,2026-07-15,0.4996,13efb186
bar_body_pct = body/range*100,2026-07-16,0.5298,13efb186
bar_body_pct = body/range*100,2026-07-17,0.5135,f6003b62
bar_body_pct = body/range*100,2026-07-19,0.479,f6003b62
bar_body_pct = body/range*100,2026-07-20,0.4982,f6003b62
bar_body_pct = body/range*100,2026-07-21,0.4688,f6003b62
bar_body_pct = body/range*100,2026-07-22,0.4982,ed53e566
bar_body_pct = body/range*100,2026-07-23,0.4938,ed53e566
bar_body_pct = body/range*100,2026-07-24,0.527,ed53e566
bar_body_pct = body/range*100,2026-07-26,0.4706,4981d53a
bar_body_pct = body/range*100,2026-07-27,0.5083,4981d53a
bar_body_pct = body/range*100,2026-07-28,0.5015,4981d53a
bar_body_pct = body/range*100,2026-07-29,0.504,4981d53a
bar_body_pct = body/range*100,2026-07-30,0.4909,4981d53a
bar_body_pct = body/range*100,2026-07-31,0.498,4981d53a
bar_body_pct = body/range*100,2026-08-04,0.4489,1d20af93
bar_body_pct = body/range*100,2026-08-06,0.4793,feec66f6
bar_body_pct = body/range*100,2026-08-07,0.4833,287627ed
bar_body_pct = body/range*100,2026-08-09,0.4622,43f2daf5
bar_body_pct = body/range*100,2026-08-11,0.4844,78177655
bar_body_pct = body/range*100,2026-08-12,0.4634,78177655
bar_body_pct = body/range*100,2026-08-13,0.4656,78177655
bar_body_pct = body/range*100,2026-08-14,0.4805,78177655
bar_body_pct = body/range*100,2026-08-16,0.4874,605df903
bar_body_pct = body/range*100,2026-08-17,0.5015,605df903
bar_body_pct = body/range*100,2026-08-18,0.5149,605df903
bar_body_pct = body/range*100,2026-08-19,0.4764,605df903
bar_body_pct = body/range*100,2026-08-20,0.5054,605df903
bar_body_pct = body/range*100,2026-08-21,0.4714,605df903
bar_body_pct = body/range*100,2026-08-23,0.437,605df903
bar_body_pct = body/range*100,2026-08-24,0.5178,605df903
bar_body_pct = body/range*100,2026-08-25,0.5094,605df903
bar_body_pct = body/range*100,2026-08-26,0.4764,605df903
bar_body_pct = body/range*100,2026-08-27,0.4757,605df903
bar_body_pct = body/range*100,2026-08-28,0.4921,605df903
bar_body_pct = body/range*100,2026-08-30,0.5798,605df903
bar_body_pct = body/range*100,2026-08-31,0.4793,605df903
bar_body_pct = body/range*100,2026-09-01,0.4905,605df903
bar_body_pct = body/range*100,2026-09-02,0.4996,605df903
bar_body_pct = body/range*100,2026-09-03,0.4931,605df903
range_size_ticks = (high-low)/tick,2026-06-11,0.9934,c43dc080
range_size_ticks = (high-low)/tick,2026-06-15,0.9992,114b1ca4
range_size_ticks = (high-low)/tick,2026-06-16,0.9978,e7199bc7
range_size_ticks = (high-low)/tick,2026-06-17,0.9993,e7199bc7
range_size_ticks = (high-low)/tick,2026-06-18,1.0,e7199bc7
range_size_ticks = (high-low)/tick,2026-06-21,1.0,9238adc1
range_size_ticks = (high-low)/tick,2026-06-22,1.0,9238adc1
range_size_ticks = (high-low)/tick,2026-06-23,1.0,9238adc1
range_size_ticks = (high-low)/tick,2026-06-26,0.9992,9238adc1
range_size_ticks = (high-low)/tick,2026-06-28,1.0,944f7204
range_size_ticks = (high-low)/tick,2026-06-29,1.0,944f7204
range_size_ticks = (high-low)/tick,2026-07-01,1.0,944f7204
range_size_ticks = (high-low)/tick,2026-07-02,1.0,944f7204
range_size_ticks = (high-low)/tick,2026-07-05,1.0,13efb186
range_size_ticks = (high-low)/tick,2026-07-06,0.9993,13efb186
range_size_ticks = (high-low)/tick,2026-07-07,0.9993,13efb186
range_size_ticks = (high-low)/tick,2026-07-08,1.0,13efb186
range_size_ticks = (high-low)/tick,2026-07-09,0.9993,13efb186
range_size_ticks = (high-low)/tick,2026-07-10,1.0,13efb186
range_size_ticks = (high-low)/tick,2026-07-12,1.0,13efb186
range_size_ticks = (high-low)/tick,2026-07-13,0.9993,13efb186
range_size_ticks = (high-low)/tick,2026-07-14,0.9978,13efb186
range_size_ticks = (high-low)/tick,2026-07-15,1.0,13efb186
range_size_ticks = (high-low)/tick,2026-07-16,1.0,13efb186
range_size_ticks = (high-low)/tick,2026-07-17,1.0,f6003b62
range_size_ticks = (high-low)/tick,2026-07-19,1.0,f6003b62
range_size_ticks = (high-low)/tick,2026-07-20,1.0,f6003b62
range_size_ticks = (high-low)/tick,2026-07-21,0.9971,f6003b62
range_size_ticks = (high-low)/tick,2026-07-22,1.0,ed53e566
range_size_ticks = (high-low)/tick,2026-07-23,1.0,ed53e566
range_size_ticks = (high-low)/tick,2026-07-24,0.9992,ed53e566
range_size_ticks = (high-low)/tick,2026-07-26,1.0,4981d53a
range_size_ticks = (high-low)/tick,2026-07-27,0.9985,4981d53a
range_size_ticks = (high-low)/tick,2026-07-28,1.0,4981d53a
range_size_ticks = (high-low)/tick,2026-07-29,1.0,4981d53a
range_size_ticks = (high-low)/tick,2026-07-30,0.9993,4981d53a
range_size_ticks = (high-low)/tick,2026-07-31,1.0,4981d53a
range_size_ticks = (high-low)/tick,2026-08-04,1.0,1d20af93
range_size_ticks = (high-low)/tick,2026-08-06,1.0,feec66f6
range_size_ticks = (high-low)/tick,2026-08-07,1.0,287627ed
range_size_ticks = (high-low)/tick,2026-08-09,0.9916,43f2daf5
range_size_ticks = (high-low)/tick,2026-08-11,0.9993,78177655
range_size_ticks = (high-low)/tick,2026-08-12,0.9985,78177655
range_size_ticks = (high-low)/tick,2026-08-13,0.9978,78177655
range_size_ticks = (high-low)/tick,2026-08-14,0.9968,78177655
range_size_ticks = (high-low)/tick,2026-08-16,1.0,605df903
range_size_ticks = (high-low)/tick,2026-08-17,0.9985,605df903
range_size_ticks = (high-low)/tick,2026-08-18,0.9993,605df903
range_size_ticks = (high-low)/tick,2026-08-19,1.0,605df903
range_size_ticks = (high-low)/tick,2026-08-20,0.9985,605df903
range_size_ticks = (high-low)/tick,2026-08-21,0.9984,605df903
range_size_ticks = (high-low)/tick,2026-08-23,1.0,605df903
range_size_ticks = (high-low)/tick,2026-08-24,1.0,605df903
range_size_ticks = (high-low)/tick,2026-08-25,0.9993,605df903
range_size_ticks = (high-low)/tick,2026-08-26,0.9993,605df903
range_size_ticks = (high-low)/tick,2026-08-27,0.9993,605df903
range_size_ticks = (high-low)/tick,2026-08-28,1.0,605df903
range_size_ticks = (high-low)/tick,2026-08-30,1.0,605df903
range_size_ticks = (high-low)/tick,2026-08-31,0.9985,605df903
range_size_ticks = (high-low)/tick,2026-09-01,1.0,605df903
range_size_ticks = (high-low)/tick,2026-09-02,0.9985,605df903
range_size_ticks = (high-low)/tick,2026-09-03,1.0,605df903
volume = total_vol,2026-06-11,0.0,c43dc080
volume = total_vol,2026-06-15,0.0,114b1ca4
volume = total_vol,2026-06-16,0.0,e7199bc7
volume = total_vol,2026-06-17,0.0,e7199bc7
volume = total_vol,2026-06-18,0.0,e7199bc7
volume = total_vol,2026-06-21,0.0,9238adc1
volume = total_vol,2026-06-22,0.0,9238adc1
volume = total_vol,2026-06-23,0.0,9238adc1
volume = total_vol,2026-06-26,0.0,9238adc1
volume = total_vol,2026-06-28,0.0,944f7204
volume = total_vol,2026-06-29,0.0,944f7204
volume = total_vol,2026-07-01,0.0,944f7204
volume = total_vol,2026-07-02,0.0,944f7204
volume = total_vol,2026-07-05,0.0,13efb186
volume = total_vol,2026-07-06,0.0,13efb186
volume = total_vol,2026-07-07,0.0,13efb186
volume = total_vol,2026-07-08,0.0,13efb186
volume = total_vol,2026-07-09,0.0,13efb186
volume = total_vol,2026-07-10,0.0,13efb186
volume = total_vol,2026-07-12,0.0,13efb186
volume = total_vol,2026-07-13,0.0,13efb186
volume = total_vol,2026-07-14,0.0,13efb186
volume = total_vol,2026-07-15,0.0,13efb186
volume = total_vol,2026-07-16,0.0,13efb186
volume = total_vol,2026-07-17,0.0,f6003b62
volume = total_vol,2026-07-19,0.0,f6003b62
volume = total_vol,2026-07-20,0.0,f6003b62
volume = total_vol,2026-07-21,0.0,f6003b62
volume = total_vol,2026-07-22,0.0,ed53e566
volume = total_vol,2026-07-23,0.0,ed53e566
volume = total_vol,2026-07-24,0.0,ed53e566
volume = total_vol,2026-07-26,0.0,4981d53a
volume = total_vol,2026-07-27,0.0,4981d53a
volume = total_vol,2026-07-28,0.0,4981d53a
volume = total_vol,2026-07-29,0.0,4981d53a
volume = total_vol,2026-07-30,0.0,4981d53a
volume = total_vol,2026-07-31,0.0,4981d53a
volume = total_vol,2026-08-04,0.0,1d20af93
volume = total_vol,2026-08-06,0.0,feec66f6
volume = total_vol,2026-08-07,0.0,287627ed
volume = total_vol,2026-08-09,0.0,43f2daf5
volume = total_vol,2026-08-11,0.0,78177655
volume = total_vol,2026-08-12,0.0,78177655
volume = total_vol,2026-08-13,0.0,78177655
volume = total_vol,2026-08-14,0.0,78177655
volume = total_vol,2026-08-16,0.0,605df903
volume = total_vol,2026-08-17,0.0,605df903
volume = total_vol,2026-08-18,0.0,605df903
volume = total_vol,2026-08-19,0.0,605df903
volume = total_vol,2026-08-20,0.0,605df903
volume = total_vol,2026-08-21,0.0,605df903
volume = total_vol,2026-08-23,0.0,605df903
volume = total_vol,2026-08-24,0.0,605df903
volume = total_vol,2026-08-25,0.0,605df903
volume = total_vol,2026-08-26,0.0,605df903
volume = total_vol,2026-08-27,0.0,605df903
volume = total_vol,2026-08-28,0.0,605df903
volume = total_vol,2026-08-30,0.0,605df903
volume = total_vol,2026-08-31,0.0,605df903
volume = total_vol,2026-09-01,0.0,605df903
volume = total_vol,2026-09-02,0.0,605df903
volume = total_vol,2026-09-03,0.0,605df903
total_vol = buy+sell,2026-06-11,0.0,c43dc080
total_vol = buy+sell,2026-06-15,0.0,114b1ca4
total_vol = buy+sell,2026-06-16,0.0,e7199bc7
total_vol = buy+sell,2026-06-17,0.0,e7199bc7
total_vol = buy+sell,2026-06-18,0.0,e7199bc7
total_vol = buy+sell,2026-06-21,0.0,9238adc1
total_vol = buy+sell,2026-06-22,0.0,9238adc1
total_vol = buy+sell,2026-06-23,0.0,9238adc1
total_vol = buy+sell,2026-06-26,0.0,9238adc1
total_vol = buy+sell,2026-06-28,0.0,944f7204
total_vol = buy+sell,2026-06-29,0.0,944f7204
total_vol = buy+sell,2026-07-01,0.0,944f7204
total_vol = buy+sell,2026-07-02,0.0,944f7204
total_vol = buy+sell,2026-07-05,0.0,13efb186
total_vol = buy+sell,2026-07-06,0.0,13efb186
total_vol = buy+sell,2026-07-07,0.0,13efb186
total_vol = buy+sell,2026-07-08,0.0,13efb186
total_vol = buy+sell,2026-07-09,0.0,13efb186
total_vol = buy+sell,2026-07-10,0.0,13efb186
total_vol = buy+sell,2026-07-12,0.0,13efb186
total_vol = buy+sell,2026-07-13,0.0,13efb186
total_vol = buy+sell,2026-07-14,0.0,13efb186
total_vol = buy+sell,2026-07-15,0.0,13efb186
total_vol = buy+sell,2026-07-16,0.0,13efb186
total_vol = buy+sell,2026-07-17,0.0,f6003b62
total_vol = buy+sell,2026-07-19,0.0,f6003b62
total_vol = buy+sell,2026-07-20,0.0,f6003b62
total_vol = buy+sell,2026-07-21,0.0,f6003b62
total_vol = buy+sell,2026-07-22,0.0,ed53e566
total_vol = buy+sell,2026-07-23,0.0,ed53e566
total_vol = buy+sell,2026-07-24,0.0,ed53e566
total_vol = buy+sell,2026-07-26,0.0,4981d53a
total_vol = buy+sell,2026-07-27,0.0,4981d53a
total_vol = buy+sell,2026-07-28,0.0,4981d53a
total_vol = buy+sell,2026-07-29,0.0,4981d53a
total_vol = buy+sell,2026-07-30,0.0,4981d53a
total_vol = buy+sell,2026-07-31,0.0,4981d53a
total_vol = buy+sell,2026-08-04,0.0,1d20af93
total_vol = buy+sell,2026-08-06,0.0,feec66f6
total_vol = buy+sell,2026-08-07,0.0,287627ed
total_vol = buy+sell,2026-08-09,0.0,43f2daf5
total_vol = buy+sell,2026-08-11,0.0,78177655
total_vol = buy+sell,2026-08-12,0.0,78177655
total_vol = buy+sell,2026-08-13,0.0,78177655
total_vol = buy+sell,2026-08-14,0.0,78177655
total_vol = buy+sell,2026-08-16,0.0,605df903
total_vol = buy+sell,2026-08-17,0.0,605df903
total_vol = buy+sell,2026-08-18,0.0,605df903
total_vol = buy+sell,2026-08-19,0.0,605df903
total_vol = buy+sell,2026-08-20,0.0,605df903
total_vol = buy+sell,2026-08-21,0.0,605df903
total_vol = buy+sell,2026-08-23,0.0,605df903
total_vol = buy+sell,2026-08-24,0.0,605df903
total_vol = buy+sell,2026-08-25,0.0,605df903
total_vol = buy+sell,2026-08-26,0.0,605df903
total_vol = buy+sell,2026-08-27,0.0,605df903
total_vol = buy+sell,2026-08-28,0.0,605df903
total_vol = buy+sell,2026-08-30,0.0,605df903
total_vol = buy+sell,2026-08-31,0.0,605df903
total_vol = buy+sell,2026-09-01,0.0,605df903
total_vol = buy+sell,2026-09-02,0.0,605df903
total_vol = buy+sell,2026-09-03,0.0,605df903
delta_bar = buy-sell,2026-06-11,0.0,c43dc080
delta_bar = buy-sell,2026-06-15,0.0,114b1ca4
delta_bar = buy-sell,2026-06-16,0.0,e7199bc7
delta_bar = buy-sell,2026-06-17,0.0,e7199bc7
delta_bar = buy-sell,2026-06-18,0.0,e7199bc7
delta_bar = buy-sell,2026-06-21,0.0,9238adc1
delta_bar = buy-sell,2026-06-22,0.0,9238adc1
delta_bar = buy-sell,2026-06-23,0.0,9238adc1
delta_bar = buy-sell,2026-06-26,0.0,9238adc1
delta_bar = buy-sell,2026-06-28,0.0,944f7204
delta_bar = buy-sell,2026-06-29,0.0,944f7204
delta_bar = buy-sell,2026-07-01,0.0,944f7204
delta_bar = buy-sell,2026-07-02,0.0,944f7204
delta_bar = buy-sell,2026-07-05,0.0,13efb186
delta_bar = buy-sell,2026-07-06,0.0,13efb186
delta_bar = buy-sell,2026-07-07,0.0,13efb186
delta_bar = buy-sell,2026-07-08,0.0,13efb186
delta_bar = buy-sell,2026-07-09,0.0,13efb186
delta_bar = buy-sell,2026-07-10,0.0,13efb186
delta_bar = buy-sell,2026-07-12,0.0,13efb186
delta_bar = buy-sell,2026-07-13,0.0,13efb186
delta_bar = buy-sell,2026-07-14,0.0,13efb186
delta_bar = buy-sell,2026-07-15,0.0,13efb186
delta_bar = buy-sell,2026-07-16,0.0,13efb186
delta_bar = buy-sell,2026-07-17,0.0,f6003b62
delta_bar = buy-sell,2026-07-19,0.0,f6003b62
delta_bar = buy-sell,2026-07-20,0.0,f6003b62
delta_bar = buy-sell,2026-07-21,0.0,f6003b62
delta_bar = buy-sell,2026-07-22,0.0,ed53e566
delta_bar = buy-sell,2026-07-23,0.0,ed53e566
delta_bar = buy-sell,2026-07-24,0.0,ed53e566
delta_bar = buy-sell,2026-07-26,0.0,4981d53a
delta_bar = buy-sell,2026-07-27,0.0,4981d53a
delta_bar = buy-sell,2026-07-28,0.0,4981d53a
delta_bar = buy-sell,2026-07-29,0.0,4981d53a
delta_bar = buy-sell,2026-07-30,0.0,4981d53a
delta_bar = buy-sell,2026-07-31,0.0,4981d53a
delta_bar = buy-sell,2026-08-04,0.0,1d20af93
delta_bar = buy-sell,2026-08-06,0.0,feec66f6
delta_bar = buy-sell,2026-08-07,0.0,287627ed
delta_bar = buy-sell,2026-08-09,0.0,43f2daf5
delta_bar = buy-sell,2026-08-11,0.0,78177655
delta_bar = buy-sell,2026-08-12,0.0,78177655
delta_bar = buy-sell,2026-08-13,0.0,78177655
delta_bar = buy-sell,2026-08-14,0.0,78177655
delta_bar = buy-sell,2026-08-16,0.0,605df903
delta_bar = buy-sell,2026-08-17,0.0,605df903
delta_bar = buy-sell,2026-08-18,0.0,605df903
delta_bar = buy-sell,2026-08-19,0.0,605df903
delta_bar = buy-sell,2026-08-20,0.0,605df903
delta_bar = buy-sell,2026-08-21,0.0,605df903
delta_bar = buy-sell,2026-08-23,0.0,605df903
delta_bar = buy-sell,2026-08-24,0.0,605df903
delta_bar = buy-sell,2026-08-25,0.0,605df903
delta_bar = buy-sell,2026-08-26,0.0,605df903
delta_bar = buy-sell,2026-08-27,0.0,605df903
delta_bar = buy-sell,2026-08-28,0.0,605df903
delta_bar = buy-sell,2026-08-30,0.0,605df903
delta_bar = buy-sell,2026-08-31,0.0,605df903
delta_bar = buy-sell,2026-09-01,0.0,605df903
delta_bar = buy-sell,2026-09-02,0.0,605df903
delta_bar = buy-sell,2026-09-03,0.0,605df903
ask_pct + bid_pct = 1,2026-06-11,0.0,c43dc080
ask_pct + bid_pct = 1,2026-06-15,0.0,114b1ca4
ask_pct + bid_pct = 1,2026-06-16,0.0,e7199bc7
ask_pct + bid_pct = 1,2026-06-17,0.0,e7199bc7
ask_pct + bid_pct = 1,2026-06-18,0.0,e7199bc7
ask_pct + bid_pct = 1,2026-06-21,0.0,9238adc1
ask_pct + bid_pct = 1,2026-06-22,0.0,9238adc1
ask_pct + bid_pct = 1,2026-06-23,0.0,9238adc1
ask_pct + bid_pct = 1,2026-06-26,0.0,9238adc1
ask_pct + bid_pct = 1,2026-06-28,0.0,944f7204
ask_pct + bid_pct = 1,2026-06-29,0.0,944f7204
ask_pct + bid_pct = 1,2026-07-01,0.0,944f7204
ask_pct + bid_pct = 1,2026-07-02,0.0,944f7204
ask_pct + bid_pct = 1,2026-07-05,0.0,13efb186
ask_pct + bid_pct = 1,2026-07-06,0.0,13efb186
ask_pct + bid_pct = 1,2026-07-07,0.0,13efb186
ask_pct + bid_pct = 1,2026-07-08,0.0,13efb186
ask_pct + bid_pct = 1,2026-07-09,0.0,13efb186
ask_pct + bid_pct = 1,2026-07-10,0.0,13efb186
ask_pct + bid_pct = 1,2026-07-12,0.0,13efb186
ask_pct + bid_pct = 1,2026-07-13,0.0,13efb186
ask_pct + bid_pct = 1,2026-07-14,0.0,13efb186
ask_pct + bid_pct = 1,2026-07-15,0.0,13efb186
ask_pct + bid_pct = 1,2026-07-16,0.0,13efb186
ask_pct + bid_pct = 1,2026-07-17,0.0,f6003b62
ask_pct + bid_pct = 1,2026-07-19,0.0,f6003b62
ask_pct + bid_pct = 1,2026-07-20,0.0,f6003b62
ask_pct + bid_pct = 1,2026-07-21,0.0,f6003b62
ask_pct + bid_pct = 1,2026-07-22,0.0,ed53e566
ask_pct + bid_pct = 1,2026-07-23,0.0,ed53e566
ask_pct + bid_pct = 1,2026-07-24,0.0,ed53e566
ask_pct + bid_pct = 1,2026-07-26,0.0,4981d53a
ask_pct + bid_pct = 1,2026-07-27,0.0,4981d53a
ask_pct + bid_pct = 1,2026-07-28,0.0,4981d53a
ask_pct + bid_pct = 1,2026-07-29,0.0,4981d53a
ask_pct + bid_pct = 1,2026-07-30,0.0,4981d53a
ask_pct + bid_pct = 1,2026-07-31,0.0,4981d53a
ask_pct + bid_pct = 1,2026-08-04,0.0,1d20af93
ask_pct + bid_pct = 1,2026-08-06,0.0,feec66f6
ask_pct + bid_pct = 1,2026-08-07,0.0,287627ed
ask_pct + bid_pct = 1,2026-08-09,0.0,43f2daf5
ask_pct + bid_pct = 1,2026-08-11,0.0,78177655
ask_pct + bid_pct = 1,2026-08-12,0.0,78177655
ask_pct + bid_pct = 1,2026-08-13,0.0,78177655
ask_pct + bid_pct = 1,2026-08-14,0.0,78177655
ask_pct + bid_pct = 1,2026-08-16,0.0,605df903
ask_pct + bid_pct = 1,2026-08-17,0.0,605df903
ask_pct + bid_pct = 1,2026-08-18,0.0,605df903
ask_pct + bid_pct = 1,2026-08-19,0.0,605df903
ask_pct + bid_pct = 1,2026-08-20,0.0,605df903
ask_pct + bid_pct = 1,2026-08-21,0.0,605df903
ask_pct + bid_pct = 1,2026-08-23,0.0,605df903
ask_pct + bid_pct = 1,2026-08-24,0.0,605df903
ask_pct + bid_pct = 1,2026-08-25,0.0,605df903
ask_pct + bid_pct = 1,2026-08-26,0.0,605df903
ask_pct + bid_pct = 1,2026-08-27,0.0,605df903
ask_pct + bid_pct = 1,2026-08-28,0.0,605df903
ask_pct + bid_pct = 1,2026-08-30,0.0,605df903
ask_pct + bid_pct = 1,2026-08-31,0.0,605df903
ask_pct + bid_pct = 1,2026-09-01,0.0,605df903
ask_pct + bid_pct = 1,2026-09-02,0.0,605df903
ask_pct + bid_pct = 1,2026-09-03,0.0,605df903
ask_pct = buy/total,2026-06-11,0.0,c43dc080
ask_pct = buy/total,2026-06-15,0.0,114b1ca4
ask_pct = buy/total,2026-06-16,0.0,e7199bc7
ask_pct = buy/total,2026-06-17,0.0,e7199bc7
ask_pct = buy/total,2026-06-18,0.0,e7199bc7
ask_pct = buy/total,2026-06-21,0.0,9238adc1
ask_pct = buy/total,2026-06-22,0.0,9238adc1
ask_pct = buy/total,2026-06-23,0.0,9238adc1
ask_pct = buy/total,2026-06-26,0.0,9238adc1
ask_pct = buy/total,2026-06-28,0.0,944f7204
ask_pct = buy/total,2026-06-29,0.0,944f7204
ask_pct = buy/total,2026-07-01,0.0,944f7204
ask_pct = buy/total,2026-07-02,0.0,944f7204
ask_pct = buy/total,2026-07-05,0.0,13efb186
ask_pct = buy/total,2026-07-06,0.0,13efb186
ask_pct = buy/total,2026-07-07,0.0,13efb186
ask_pct = buy/total,2026-07-08,0.0,13efb186
ask_pct = buy/total,2026-07-09,0.0,13efb186
ask_pct = buy/total,2026-07-10,0.0,13efb186
ask_pct = buy/total,2026-07-12,0.0,13efb186
ask_pct = buy/total,2026-07-13,0.0,13efb186
ask_pct = buy/total,2026-07-14,0.0,13efb186
ask_pct = buy/total,2026-07-15,0.0,13efb186
ask_pct = buy/total,2026-07-16,0.0,13efb186
ask_pct = buy/total,2026-07-17,0.0,f6003b62
ask_pct = buy/total,2026-07-19,0.0,f6003b62
ask_pct = buy/total,2026-07-20,0.0,f6003b62
ask_pct = buy/total,2026-07-21,0.0,f6003b62
ask_pct = buy/total,2026-07-22,0.0,ed53e566
ask_pct = buy/total,2026-07-23,0.0,ed53e566
ask_pct = buy/total,2026-07-24,0.0,ed53e566
ask_pct = buy/total,2026-07-26,0.0,4981d53a
ask_pct = buy/total,2026-07-27,0.0,4981d53a
ask_pct = buy/total,2026-07-28,0.0,4981d53a
ask_pct = buy/total,2026-07-29,0.0,4981d53a
ask_pct = buy/total,2026-07-30,0.0,4981d53a
ask_pct = buy/total,2026-07-31,0.0,4981d53a
ask_pct = buy/total,2026-08-04,0.0,1d20af93
ask_pct = buy/total,2026-08-06,0.0,feec66f6
ask_pct = buy/total,2026-08-07,0.0,287627ed
ask_pct = buy/total,2026-08-09,0.0,43f2daf5
ask_pct = buy/total,2026-08-11,0.0,78177655
ask_pct = buy/total,2026-08-12,0.0,78177655
ask_pct = buy/total,2026-08-13,0.0,78177655
ask_pct = buy/total,2026-08-14,0.0,78177655
ask_pct = buy/total,2026-08-16,0.0,605df903
ask_pct = buy/total,2026-08-17,0.0,605df903
ask_pct = buy/total,2026-08-18,0.0,605df903
ask_pct = buy/total,2026-08-19,0.0,605df903
ask_pct = buy/total,2026-08-20,0.0,605df903
ask_pct = buy/total,2026-08-21,0.0,605df903
ask_pct = buy/total,2026-08-23,0.0,605df903
ask_pct = buy/total,2026-08-24,0.0,605df903
ask_pct = buy/total,2026-08-25,0.0,605df903
ask_pct = buy/total,2026-08-26,0.0,605df903
ask_pct = buy/total,2026-08-27,0.0,605df903
ask_pct = buy/total,2026-08-28,0.0,605df903
ask_pct = buy/total,2026-08-30,0.0,605df903
ask_pct = buy/total,2026-08-31,0.0,605df903
ask_pct = buy/total,2026-09-01,0.0,605df903
ask_pct = buy/total,2026-09-02,0.0,605df903
ask_pct = buy/total,2026-09-03,0.0,605df903
delta_pct = delta/total,2026-06-11,0.0,c43dc080
delta_pct = delta/total,2026-06-15,0.0,114b1ca4
delta_pct = delta/total,2026-06-16,0.0,e7199bc7
delta_pct = delta/total,2026-06-17,0.0,e7199bc7
delta_pct = delta/total,2026-06-18,0.0,e7199bc7
delta_pct = delta/total,2026-06-21,0.0,9238adc1
delta_pct = delta/total,2026-06-22,0.0,9238adc1
delta_pct = delta/total,2026-06-23,0.0,9238adc1
delta_pct = delta/total,2026-06-26,0.0,9238adc1
delta_pct = delta/total,2026-06-28,0.0,944f7204
delta_pct = delta/total,2026-06-29,0.0,944f7204
delta_pct = delta/total,2026-07-01,0.0,944f7204
delta_pct = delta/total,2026-07-02,0.0,944f7204
delta_pct = delta/total,2026-07-05,0.0,13efb186
delta_pct = delta/total,2026-07-06,0.0,13efb186
delta_pct = delta/total,2026-07-07,0.0,13efb186
delta_pct = delta/total,2026-07-08,0.0,13efb186
delta_pct = delta/total,2026-07-09,0.0,13efb186
delta_pct = delta/total,2026-07-10,0.0,13efb186
delta_pct = delta/total,2026-07-12,0.0,13efb186
delta_pct = delta/total,2026-07-13,0.0,13efb186
delta_pct = delta/total,2026-07-14,0.0,13efb186
delta_pct = delta/total,2026-07-15,0.0,13efb186
delta_pct = delta/total,2026-07-16,0.0,13efb186
delta_pct = delta/total,2026-07-17,0.0,f6003b62
delta_pct = delta/total,2026-07-19,0.0,f6003b62
delta_pct = delta/total,2026-07-20,0.0,f6003b62
delta_pct = delta/total,2026-07-21,0.0,f6003b62
delta_pct = delta/total,2026-07-22,0.0,ed53e566
delta_pct = delta/total,2026-07-23,0.0,ed53e566
delta_pct = delta/total,2026-07-24,0.0,ed53e566
delta_pct = delta/total,2026-07-26,0.0,4981d53a
delta_pct = delta/total,2026-07-27,0.0,4981d53a
delta_pct = delta/total,2026-07-28,0.0,4981d53a
delta_pct = delta/total,2026-07-29,0.0,4981d53a
delta_pct = delta/total,2026-07-30,0.0,4981d53a
delta_pct = delta/total,2026-07-31,0.0,4981d53a
delta_pct = delta/total,2026-08-04,0.0,1d20af93
delta_pct = delta/total,2026-08-06,0.0,feec66f6
delta_pct = delta/total,2026-08-07,0.0,287627ed
delta_pct = delta/total,2026-08-09,0.0,43f2daf5
delta_pct = delta/total,2026-08-11,0.0,78177655
delta_pct = delta/total,2026-08-12,0.0,78177655
delta_pct = delta/total,2026-08-13,0.0,78177655
delta_pct = delta/total,2026-08-14,0.0,78177655
delta_pct = delta/total,2026-08-16,0.0,605df903
delta_pct = delta/total,2026-08-17,0.0,605df903
delta_pct = delta/total,2026-08-18,0.0,605df903
delta_pct = delta/total,2026-08-19,0.0,605df903
delta_pct = delta/total,2026-08-20,0.0,605df903
delta_pct = delta/total,2026-08-21,0.0,605df903
delta_pct = delta/total,2026-08-23,0.0,605df903
delta_pct = delta/total,2026-08-24,0.0,605df903
delta_pct = delta/total,2026-08-25,0.0,605df903
delta_pct = delta/total,2026-08-26,0.0,605df903
delta_pct = delta/total,2026-08-27,0.0,605df903
delta_pct = delta/total,2026-08-28,0.0,605df903
delta_pct = delta/total,2026-08-30,0.0,605df903
delta_pct = delta/total,2026-08-31,0.0,605df903
delta_pct = delta/total,2026-09-01,0.0,605df903
delta_pct = delta/total,2026-09-02,0.0,605df903
delta_pct = delta/total,2026-09-03,0.0,605df903
delta_bar_vol_norm = delta_pct,2026-06-11,0.0,c43dc080
delta_bar_vol_norm = delta_pct,2026-06-15,0.0,114b1ca4
delta_bar_vol_norm = delta_pct,2026-06-16,0.0,e7199bc7
delta_bar_vol_norm = delta_pct,2026-06-17,0.0,e7199bc7
delta_bar_vol_norm = delta_pct,2026-06-18,0.0,e7199bc7
delta_bar_vol_norm = delta_pct,2026-06-21,0.0,9238adc1
delta_bar_vol_norm = delta_pct,2026-06-22,0.0,9238adc1
delta_bar_vol_norm = delta_pct,2026-06-23,0.0,9238adc1
delta_bar_vol_norm = delta_pct,2026-06-26,0.0,9238adc1
delta_bar_vol_norm = delta_pct,2026-06-28,0.0,944f7204
delta_bar_vol_norm = delta_pct,2026-06-29,0.0,944f7204
delta_bar_vol_norm = delta_pct,2026-07-01,0.0,944f7204
delta_bar_vol_norm = delta_pct,2026-07-02,0.0,944f7204
delta_bar_vol_norm = delta_pct,2026-07-05,0.0,13efb186
delta_bar_vol_norm = delta_pct,2026-07-06,0.0,13efb186
delta_bar_vol_norm = delta_pct,2026-07-07,0.0,13efb186
delta_bar_vol_norm = delta_pct,2026-07-08,0.0,13efb186
delta_bar_vol_norm = delta_pct,2026-07-09,0.0,13efb186
delta_bar_vol_norm = delta_pct,2026-07-10,0.0,13efb186
delta_bar_vol_norm = delta_pct,2026-07-12,0.0,13efb186
delta_bar_vol_norm = delta_pct,2026-07-13,0.0,13efb186
delta_bar_vol_norm = delta_pct,2026-07-14,0.0,13efb186
delta_bar_vol_norm = delta_pct,2026-07-15,0.0,13efb186
delta_bar_vol_norm = delta_pct,2026-07-16,0.0,13efb186
delta_bar_vol_norm = delta_pct,2026-07-17,0.0,f6003b62
delta_bar_vol_norm = delta_pct,2026-07-19,0.0,f6003b62
delta_bar_vol_norm = delta_pct,2026-07-20,0.0,f6003b62
delta_bar_vol_norm = delta_pct,2026-07-21,0.0,f6003b62
delta_bar_vol_norm = delta_pct,2026-07-22,0.0,ed53e566
delta_bar_vol_norm = delta_pct,2026-07-23,0.0,ed53e566
delta_bar_vol_norm = delta_pct,2026-07-24,0.0,ed53e566
delta_bar_vol_norm = delta_pct,2026-07-26,0.0,4981d53a
delta_bar_vol_norm = delta_pct,2026-07-27,0.0,4981d53a
delta_bar_vol_norm = delta_pct,2026-07-28,0.0,4981d53a
delta_bar_vol_norm = delta_pct,2026-07-29,0.0,4981d53a
delta_bar_vol_norm = delta_pct,2026-07-30,0.0,4981d53a
delta_bar_vol_norm = delta_pct,2026-07-31,0.0,4981d53a
delta_bar_vol_norm = delta_pct,2026-08-04,0.0,1d20af93
delta_bar_vol_norm = delta_pct,2026-08-06,0.0,feec66f6
delta_bar_vol_norm = delta_pct,2026-08-07,0.0,287627ed
delta_bar_vol_norm = delta_pct,2026-08-09,0.0,43f2daf5
delta_bar_vol_norm = delta_pct,2026-08-11,0.0,78177655
delta_bar_vol_norm = delta_pct,2026-08-12,0.0,78177655
delta_bar_vol_norm = delta_pct,2026-08-13,0.0,78177655
delta_bar_vol_norm = delta_pct,2026-08-14,0.0,78177655
delta_bar_vol_norm = delta_pct,2026-08-16,0.0,605df903
delta_bar_vol_norm = delta_pct,2026-08-17,0.0,605df903
delta_bar_vol_norm = delta_pct,2026-08-18,0.0,605df903
delta_bar_vol_norm = delta_pct,2026-08-19,0.0,605df903
delta_bar_vol_norm = delta_pct,2026-08-20,0.0,605df903
delta_bar_vol_norm = delta_pct,2026-08-21,0.0,605df903
delta_bar_vol_norm = delta_pct,2026-08-23,0.0,605df903
delta_bar_vol_norm = delta_pct,2026-08-24,0.0,605df903
delta_bar_vol_norm = delta_pct,2026-08-25,0.0,605df903
delta_bar_vol_norm = delta_pct,2026-08-26,0.0,605df903
delta_bar_vol_norm = delta_pct,2026-08-27,0.0,605df903
delta_bar_vol_norm = delta_pct,2026-08-28,0.0,605df903
delta_bar_vol_norm = delta_pct,2026-08-30,0.0,605df903
delta_bar_vol_norm = delta_pct,2026-08-31,0.0,605df903
delta_bar_vol_norm = delta_pct,2026-09-01,0.0,605df903
delta_bar_vol_norm = delta_pct,2026-09-02,0.0,605df903
delta_bar_vol_norm = delta_pct,2026-09-03,0.0,605df903
ask_bid_imbalance = ask_pct-bid_pct,2026-06-11,0.0,c43dc080
ask_bid_imbalance = ask_pct-bid_pct,2026-06-15,0.0,114b1ca4
ask_bid_imbalance = ask_pct-bid_pct,2026-06-16,0.0,e7199bc7
ask_bid_imbalance = ask_pct-bid_pct,2026-06-17,0.0,e7199bc7
ask_bid_imbalance = ask_pct-bid_pct,2026-06-18,0.0,e7199bc7
ask_bid_imbalance = ask_pct-bid_pct,2026-06-21,0.0,9238adc1
ask_bid_imbalance = ask_pct-bid_pct,2026-06-22,0.0,9238adc1
ask_bid_imbalance = ask_pct-bid_pct,2026-06-23,0.0,9238adc1
ask_bid_imbalance = ask_pct-bid_pct,2026-06-26,0.0,9238adc1
ask_bid_imbalance = ask_pct-bid_pct,2026-06-28,0.0,944f7204
ask_bid_imbalance = ask_pct-bid_pct,2026-06-29,0.0,944f7204
ask_bid_imbalance = ask_pct-bid_pct,2026-07-01,0.0,944f7204
ask_bid_imbalance = ask_pct-bid_pct,2026-07-02,0.0,944f7204
ask_bid_imbalance = ask_pct-bid_pct,2026-07-05,0.0,13efb186
ask_bid_imbalance = ask_pct-bid_pct,2026-07-06,0.0,13efb186
ask_bid_imbalance = ask_pct-bid_pct,2026-07-07,0.0,13efb186
ask_bid_imbalance = ask_pct-bid_pct,2026-07-08,0.0,13efb186
ask_bid_imbalance = ask_pct-bid_pct,2026-07-09,0.0,13efb186
ask_bid_imbalance = ask_pct-bid_pct,2026-07-10,0.0,13efb186
ask_bid_imbalance = ask_pct-bid_pct,2026-07-12,0.0,13efb186
ask_bid_imbalance = ask_pct-bid_pct,2026-07-13,0.0,13efb186
ask_bid_imbalance = ask_pct-bid_pct,2026-07-14,0.0,13efb186
ask_bid_imbalance = ask_pct-bid_pct,2026-07-15,0.0,13efb186
ask_bid_imbalance = ask_pct-bid_pct,2026-07-16,0.0,13efb186
ask_bid_imbalance = ask_pct-bid_pct,2026-07-17,0.0,f6003b62
ask_bid_imbalance = ask_pct-bid_pct,2026-07-19,0.0,f6003b62
ask_bid_imbalance = ask_pct-bid_pct,2026-07-20,0.0,f6003b62
ask_bid_imbalance = ask_pct-bid_pct,2026-07-21,0.0,f6003b62
ask_bid_imbalance = ask_pct-bid_pct,2026-07-22,0.0,ed53e566
ask_bid_imbalance = ask_pct-bid_pct,2026-07-23,0.0,ed53e566
ask_bid_imbalance = ask_pct-bid_pct,2026-07-24,0.0,ed53e566
ask_bid_imbalance = ask_pct-bid_pct,2026-07-26,0.0,4981d53a
ask_bid_imbalance = ask_pct-bid_pct,2026-07-27,0.0,4981d53a
ask_bid_imbalance = ask_pct-bid_pct,2026-07-28,0.0,4981d53a
ask_bid_imbalance = ask_pct-bid_pct,2026-07-29,0.0,4981d53a
ask_bid_imbalance = ask_pct-bid_pct,2026-07-30,0.0,4981d53a
ask_bid_imbalance = ask_pct-bid_pct,2026-07-31,0.0,4981d53a
ask_bid_imbalance = ask_pct-bid_pct,2026-08-04,0.0,1d20af93
ask_bid_imbalance = ask_pct-bid_pct,2026-08-06,0.0,feec66f6
ask_bid_imbalance = ask_pct-bid_pct,2026-08-07,0.0,287627ed
ask_bid_imbalance = ask_pct-bid_pct,2026-08-09,0.0,43f2daf5
ask_bid_imbalance = ask_pct-bid_pct,2026-08-11,0.0,78177655
ask_bid_imbalance = ask_pct-bid_pct,2026-08-12,0.0,78177655
ask_bid_imbalance = ask_pct-bid_pct,2026-08-13,0.0,78177655
ask_bid_imbalance = ask_pct-bid_pct,2026-08-14,0.0,78177655
ask_bid_imbalance = ask_pct-bid_pct,2026-08-16,0.0,605df903
ask_bid_imbalance = ask_pct-bid_pct,2026-08-17,0.0,605df903
ask_bid_imbalance = ask_pct-bid_pct,2026-08-18,0.0,605df903
ask_bid_imbalance = ask_pct-bid_pct,2026-08-19,0.0,605df903
ask_bid_imbalance = ask_pct-bid_pct,2026-08-20,0.0,605df903
ask_bid_imbalance = ask_pct-bid_pct,2026-08-21,0.0,605df903
ask_bid_imbalance = ask_pct-bid_pct,2026-08-23,0.0,605df903
ask_bid_imbalance = ask_pct-bid_pct,2026-08-24,0.0,605df903
ask_bid_imbalance = ask_pct-bid_pct,2026-08-25,0.0,605df903
ask_bid_imbalance = ask_pct-bid_pct,2026-08-26,0.0,605df903
ask_bid_imbalance = ask_pct-bid_pct,2026-08-27,0.0,605df903
ask_bid_imbalance = ask_pct-bid_pct,2026-08-28,0.0,605df903
ask_bid_imbalance = ask_pct-bid_pct,2026-08-30,0.0,605df903
ask_bid_imbalance = ask_pct-bid_pct,2026-08-31,0.0,605df903
ask_bid_imbalance = ask_pct-bid_pct,2026-09-01,0.0,605df903
ask_bid_imbalance = ask_pct-bid_pct,2026-09-02,0.0,605df903
ask_bid_imbalance = ask_pct-bid_pct,2026-09-03,0.0,605df903
cvd_bar_delta = delta_bar,2026-06-11,0.0,c43dc080
cvd_bar_delta = delta_bar,2026-06-15,0.0,114b1ca4
cvd_bar_delta = delta_bar,2026-06-16,0.0,e7199bc7
cvd_bar_delta = delta_bar,2026-06-17,0.0,e7199bc7
cvd_bar_delta = delta_bar,2026-06-18,0.0,e7199bc7
cvd_bar_delta = delta_bar,2026-06-21,0.0,9238adc1
cvd_bar_delta = delta_bar,2026-06-22,0.0,9238adc1
cvd_bar_delta = delta_bar,2026-06-23,0.0,9238adc1
cvd_bar_delta = delta_bar,2026-06-26,0.0,9238adc1
cvd_bar_delta = delta_bar,2026-06-28,0.0,944f7204
cvd_bar_delta = delta_bar,2026-06-29,0.0,944f7204
cvd_bar_delta = delta_bar,2026-07-01,0.0,944f7204
cvd_bar_delta = delta_bar,2026-07-02,0.0,944f7204
cvd_bar_delta = delta_bar,2026-07-05,0.0,13efb186
cvd_bar_delta = delta_bar,2026-07-06,0.0,13efb186
cvd_bar_delta = delta_bar,2026-07-07,0.0,13efb186
cvd_bar_delta = delta_bar,2026-07-08,0.0,13efb186
cvd_bar_delta = delta_bar,2026-07-09,0.0,13efb186
cvd_bar_delta = delta_bar,2026-07-10,0.0,13efb186
cvd_bar_delta = delta_bar,2026-07-12,0.0,13efb186
cvd_bar_delta = delta_bar,2026-07-13,0.0,13efb186
cvd_bar_delta = delta_bar,2026-07-14,0.0,13efb186
cvd_bar_delta = delta_bar,2026-07-15,0.0,13efb186
cvd_bar_delta = delta_bar,2026-07-16,0.0,13efb186
cvd_bar_delta = delta_bar,2026-07-17,0.0,f6003b62
cvd_bar_delta = delta_bar,2026-07-19,0.0,f6003b62
cvd_bar_delta = delta_bar,2026-07-20,0.0,f6003b62
cvd_bar_delta = delta_bar,2026-07-21,0.0,f6003b62
cvd_bar_delta = delta_bar,2026-07-22,0.0,ed53e566
cvd_bar_delta = delta_bar,2026-07-23,0.0,ed53e566
cvd_bar_delta = delta_bar,2026-07-24,0.0,ed53e566
cvd_bar_delta = delta_bar,2026-07-26,0.0,4981d53a
cvd_bar_delta = delta_bar,2026-07-27,0.0,4981d53a
cvd_bar_delta = delta_bar,2026-07-28,0.0,4981d53a
cvd_bar_delta = delta_bar,2026-07-29,0.0,4981d53a
cvd_bar_delta = delta_bar,2026-07-30,0.0,4981d53a
cvd_bar_delta = delta_bar,2026-07-31,0.0,4981d53a
cvd_bar_delta = delta_bar,2026-08-04,0.0,1d20af93
cvd_bar_delta = delta_bar,2026-08-06,0.0,feec66f6
cvd_bar_delta = delta_bar,2026-08-07,0.0,287627ed
cvd_bar_delta = delta_bar,2026-08-09,0.0,43f2daf5
cvd_bar_delta = delta_bar,2026-08-11,0.0,78177655
cvd_bar_delta = delta_bar,2026-08-12,0.0,78177655
cvd_bar_delta = delta_bar,2026-08-13,0.0,78177655
cvd_bar_delta = delta_bar,2026-08-14,0.0,78177655
cvd_bar_delta = delta_bar,2026-08-16,0.0,605df903
cvd_bar_delta = delta_bar,2026-08-17,0.0,605df903
cvd_bar_delta = delta_bar,2026-08-18,0.0,605df903
cvd_bar_delta = delta_bar,2026-08-19,0.0,605df903
cvd_bar_delta = delta_bar,2026-08-20,0.0,605df903
cvd_bar_delta = delta_bar,2026-08-21,0.0,605df903
cvd_bar_delta = delta_bar,2026-08-23,0.0,605df903
cvd_bar_delta = delta_bar,2026-08-24,0.0,605df903
cvd_bar_delta = delta_bar,2026-08-25,0.0,605df903
cvd_bar_delta = delta_bar,2026-08-26,0.0,605df903
cvd_bar_delta = delta_bar,2026-08-27,0.0,605df903
cvd_bar_delta = delta_bar,2026-08-28,0.0,605df903
cvd_bar_delta = delta_bar,2026-08-30,0.0,605df903
cvd_bar_delta = delta_bar,2026-08-31,0.0,605df903
cvd_bar_delta = delta_bar,2026-09-01,0.0,605df903
cvd_bar_delta = delta_bar,2026-09-02,0.0007,605df903
cvd_bar_delta = delta_bar,2026-09-03,0.0,605df903
delta_day = cumsum(delta_bar) par session Sierra,2026-06-11,1.0,c43dc080
delta_day = cumsum(delta_bar) par session Sierra,2026-06-15,1.0,114b1ca4
delta_day = cumsum(delta_bar) par session Sierra,2026-06-16,1.0,e7199bc7
delta_day = cumsum(delta_bar) par session Sierra,2026-06-17,1.0,e7199bc7
delta_day = cumsum(delta_bar) par session Sierra,2026-06-18,0.9898,e7199bc7
delta_day = cumsum(delta_bar) par session Sierra,2026-06-21,0.0,9238adc1
delta_day = cumsum(delta_bar) par session Sierra,2026-06-22,0.0,9238adc1
delta_day = cumsum(delta_bar) par session Sierra,2026-06-23,0.0,9238adc1
delta_day = cumsum(delta_bar) par session Sierra,2026-06-26,1.0,9238adc1
delta_day = cumsum(delta_bar) par session Sierra,2026-06-28,0.0,944f7204
delta_day = cumsum(delta_bar) par session Sierra,2026-06-29,0.0,944f7204
delta_day = cumsum(delta_bar) par session Sierra,2026-07-01,0.9137,944f7204
delta_day = cumsum(delta_bar) par session Sierra,2026-07-02,0.0,944f7204
delta_day = cumsum(delta_bar) par session Sierra,2026-07-05,0.0,13efb186
delta_day = cumsum(delta_bar) par session Sierra,2026-07-06,0.0,13efb186
delta_day = cumsum(delta_bar) par session Sierra,2026-07-07,0.0,13efb186
delta_day = cumsum(delta_bar) par session Sierra,2026-07-08,0.0,13efb186
delta_day = cumsum(delta_bar) par session Sierra,2026-07-09,0.0,13efb186
delta_day = cumsum(delta_bar) par session Sierra,2026-07-10,0.0,13efb186
delta_day = cumsum(delta_bar) par session Sierra,2026-07-12,0.0,13efb186
delta_day = cumsum(delta_bar) par session Sierra,2026-07-13,0.0,13efb186
delta_day = cumsum(delta_bar) par session Sierra,2026-07-14,0.0,13efb186
delta_day = cumsum(delta_bar) par session Sierra,2026-07-15,0.0,13efb186
delta_day = cumsum(delta_bar) par session Sierra,2026-07-16,0.0,13efb186
delta_day = cumsum(delta_bar) par session Sierra,2026-07-17,0.0,f6003b62
delta_day = cumsum(delta_bar) par session Sierra,2026-07-19,0.0,f6003b62
delta_day = cumsum(delta_bar) par session Sierra,2026-07-20,0.0,f6003b62
delta_day = cumsum(delta_bar) par session Sierra,2026-07-21,0.0,f6003b62
delta_day = cumsum(delta_bar) par session Sierra,2026-07-22,0.0,ed53e566
delta_day = cumsum(delta_bar) par session Sierra,2026-07-23,0.0,ed53e566
delta_day = cumsum(delta_bar) par session Sierra,2026-07-24,0.0,ed53e566
delta_day = cumsum(delta_bar) par session Sierra,2026-07-26,0.0,4981d53a
delta_day = cumsum(delta_bar) par session Sierra,2026-07-27,0.0,4981d53a
delta_day = cumsum(delta_bar) par session Sierra,2026-07-28,0.0406,4981d53a
delta_day = cumsum(delta_bar) par session Sierra,2026-07-29,0.9137,4981d53a
delta_day = cumsum(delta_bar) par session Sierra,2026-07-30,0.0,4981d53a
delta_day = cumsum(delta_bar) par session Sierra,2026-07-31,0.0,4981d53a
delta_day = cumsum(delta_bar) par session Sierra,2026-08-04,0.9137,1d20af93
delta_day = cumsum(delta_bar) par session Sierra,2026-08-06,0.9137,feec66f6
delta_day = cumsum(delta_bar) par session Sierra,2026-08-07,0.0008,287627ed
delta_day = cumsum(delta_bar) par session Sierra,2026-08-09,0.0,43f2daf5
delta_day = cumsum(delta_bar) par session Sierra,2026-08-11,1.0,78177655
delta_day = cumsum(delta_bar) par session Sierra,2026-08-12,0.9137,78177655
delta_day = cumsum(delta_bar) par session Sierra,2026-08-13,0.0,78177655
delta_day = cumsum(delta_bar) par session Sierra,2026-08-14,0.0,78177655
delta_day = cumsum(delta_bar) par session Sierra,2026-08-16,0.0,605df903
delta_day = cumsum(delta_bar) par session Sierra,2026-08-17,0.0312,605df903
delta_day = cumsum(delta_bar) par session Sierra,2026-08-18,0.9137,605df903
delta_day = cumsum(delta_bar) par session Sierra,2026-08-19,0.0,605df903
delta_day = cumsum(delta_bar) par session Sierra,2026-08-20,0.0,605df903
delta_day = cumsum(delta_bar) par session Sierra,2026-08-21,0.0,605df903
delta_day = cumsum(delta_bar) par session Sierra,2026-08-23,0.0,605df903
delta_day = cumsum(delta_bar) par session Sierra,2026-08-24,0.0,605df903
delta_day = cumsum(delta_bar) par session Sierra,2026-08-25,0.0,605df903
delta_day = cumsum(delta_bar) par session Sierra,2026-08-26,0.0,605df903
delta_day = cumsum(delta_bar) par session Sierra,2026-08-27,0.0,605df903
delta_day = cumsum(delta_bar) par session Sierra,2026-08-28,0.0,605df903
delta_day = cumsum(delta_bar) par session Sierra,2026-08-30,0.0,605df903
delta_day = cumsum(delta_bar) par session Sierra,2026-08-31,0.0,605df903
delta_day = cumsum(delta_bar) par session Sierra,2026-09-01,0.0015,605df903
delta_day = cumsum(delta_bar) par session Sierra,2026-09-02,0.024,605df903
delta_day = cumsum(delta_bar) par session Sierra,2026-09-03,0.9137,605df903
delta_day = cumsum par session_date (temoin),2026-06-11,1.0,c43dc080
delta_day = cumsum par session_date (temoin),2026-06-15,1.0,114b1ca4
delta_day = cumsum par session_date (temoin),2026-06-16,1.0,e7199bc7
delta_day = cumsum par session_date (temoin),2026-06-17,1.0,e7199bc7
delta_day = cumsum par session_date (temoin),2026-06-18,1.0,e7199bc7
delta_day = cumsum par session_date (temoin),2026-06-21,0.0,9238adc1
delta_day = cumsum par session_date (temoin),2026-06-22,0.8252,9238adc1
delta_day = cumsum par session_date (temoin),2026-06-23,1.0,9238adc1
delta_day = cumsum par session_date (temoin),2026-06-26,1.0,9238adc1
delta_day = cumsum par session_date (temoin),2026-06-28,0.0,944f7204
delta_day = cumsum par session_date (temoin),2026-06-29,0.8252,944f7204
delta_day = cumsum par session_date (temoin),2026-07-01,1.0,944f7204
delta_day = cumsum par session_date (temoin),2026-07-02,1.0,944f7204
delta_day = cumsum par session_date (temoin),2026-07-05,0.0,13efb186
delta_day = cumsum par session_date (temoin),2026-07-06,0.8252,13efb186
delta_day = cumsum par session_date (temoin),2026-07-07,1.0,13efb186
delta_day = cumsum par session_date (temoin),2026-07-08,1.0,13efb186
delta_day = cumsum par session_date (temoin),2026-07-09,1.0,13efb186
delta_day = cumsum par session_date (temoin),2026-07-10,1.0,13efb186
delta_day = cumsum par session_date (temoin),2026-07-12,0.0,13efb186
delta_day = cumsum par session_date (temoin),2026-07-13,0.8252,13efb186
delta_day = cumsum par session_date (temoin),2026-07-14,1.0,13efb186
delta_day = cumsum par session_date (temoin),2026-07-15,1.0,13efb186
delta_day = cumsum par session_date (temoin),2026-07-16,1.0,13efb186
delta_day = cumsum par session_date (temoin),2026-07-17,1.0,f6003b62
delta_day = cumsum par session_date (temoin),2026-07-19,0.0,f6003b62
delta_day = cumsum par session_date (temoin),2026-07-20,0.8252,f6003b62
delta_day = cumsum par session_date (temoin),2026-07-21,1.0,f6003b62
delta_day = cumsum par session_date (temoin),2026-07-22,1.0,ed53e566
delta_day = cumsum par session_date (temoin),2026-07-23,1.0,ed53e566
delta_day = cumsum par session_date (temoin),2026-07-24,1.0,ed53e566
delta_day = cumsum par session_date (temoin),2026-07-26,0.0,4981d53a
delta_day = cumsum par session_date (temoin),2026-07-27,0.8252,4981d53a
delta_day = cumsum par session_date (temoin),2026-07-28,1.0,4981d53a
delta_day = cumsum par session_date (temoin),2026-07-29,1.0,4981d53a
delta_day = cumsum par session_date (temoin),2026-07-30,1.0,4981d53a
delta_day = cumsum par session_date (temoin),2026-07-31,1.0,4981d53a
delta_day = cumsum par session_date (temoin),2026-08-04,1.0,1d20af93
delta_day = cumsum par session_date (temoin),2026-08-06,1.0,feec66f6
delta_day = cumsum par session_date (temoin),2026-08-07,1.0,287627ed
delta_day = cumsum par session_date (temoin),2026-08-09,0.0,43f2daf5
delta_day = cumsum par session_date (temoin),2026-08-11,1.0,78177655
delta_day = cumsum par session_date (temoin),2026-08-12,1.0,78177655
delta_day = cumsum par session_date (temoin),2026-08-13,1.0,78177655
delta_day = cumsum par session_date (temoin),2026-08-14,1.0,78177655
delta_day = cumsum par session_date (temoin),2026-08-16,0.0,605df903
delta_day = cumsum par session_date (temoin),2026-08-17,0.8251,605df903
delta_day = cumsum par session_date (temoin),2026-08-18,1.0,605df903
delta_day = cumsum par session_date (temoin),2026-08-19,1.0,605df903
delta_day = cumsum par session_date (temoin),2026-08-20,1.0,605df903
delta_day = cumsum par session_date (temoin),2026-08-21,1.0,605df903
delta_day = cumsum par session_date (temoin),2026-08-23,0.0,605df903
delta_day = cumsum par session_date (temoin),2026-08-24,0.8252,605df903
delta_day = cumsum par session_date (temoin),2026-08-25,1.0,605df903
delta_day = cumsum par session_date (temoin),2026-08-26,1.0,605df903
delta_day = cumsum par session_date (temoin),2026-08-27,1.0,605df903
delta_day = cumsum par session_date (temoin),2026-08-28,1.0,605df903
delta_day = cumsum par session_date (temoin),2026-08-30,0.0,605df903
delta_day = cumsum par session_date (temoin),2026-08-31,0.8252,605df903
delta_day = cumsum par session_date (temoin),2026-09-01,1.0,605df903
delta_day = cumsum par session_date (temoin),2026-09-02,1.0,605df903
delta_day = cumsum par session_date (temoin),2026-09-03,1.0,605df903
cvd_day = delta_day,2026-06-11,1.0,c43dc080
cvd_day = delta_day,2026-06-15,1.0,114b1ca4
cvd_day = delta_day,2026-06-16,1.0,e7199bc7
cvd_day = delta_day,2026-06-17,1.0,e7199bc7
cvd_day = delta_day,2026-06-18,0.3641,e7199bc7
cvd_day = delta_day,2026-06-21,0.0,9238adc1
cvd_day = delta_day,2026-06-22,0.0,9238adc1
cvd_day = delta_day,2026-06-23,0.0,9238adc1
cvd_day = delta_day,2026-06-26,0.0,9238adc1
cvd_day = delta_day,2026-06-28,0.0,944f7204
cvd_day = delta_day,2026-06-29,0.0,944f7204
cvd_day = delta_day,2026-07-01,0.0,944f7204
cvd_day = delta_day,2026-07-02,0.0,944f7204
cvd_day = delta_day,2026-07-05,0.0,13efb186
cvd_day = delta_day,2026-07-06,0.0,13efb186
cvd_day = delta_day,2026-07-07,0.0,13efb186
cvd_day = delta_day,2026-07-08,0.0,13efb186
cvd_day = delta_day,2026-07-09,0.0,13efb186
cvd_day = delta_day,2026-07-10,0.0,13efb186
cvd_day = delta_day,2026-07-12,0.0,13efb186
cvd_day = delta_day,2026-07-13,0.0,13efb186
cvd_day = delta_day,2026-07-14,0.0,13efb186
cvd_day = delta_day,2026-07-15,0.0,13efb186
cvd_day = delta_day,2026-07-16,0.0,13efb186
cvd_day = delta_day,2026-07-17,0.0,f6003b62
cvd_day = delta_day,2026-07-19,0.0,f6003b62
cvd_day = delta_day,2026-07-20,0.0,f6003b62
cvd_day = delta_day,2026-07-21,0.0,f6003b62
cvd_day = delta_day,2026-07-22,0.0,ed53e566
cvd_day = delta_day,2026-07-23,0.0,ed53e566
cvd_day = delta_day,2026-07-24,0.0,ed53e566
cvd_day = delta_day,2026-07-26,0.0,4981d53a
cvd_day = delta_day,2026-07-27,0.0,4981d53a
cvd_day = delta_day,2026-07-28,0.0,4981d53a
cvd_day = delta_day,2026-07-29,0.0,4981d53a
cvd_day = delta_day,2026-07-30,0.0,4981d53a
cvd_day = delta_day,2026-07-31,0.0,4981d53a
cvd_day = delta_day,2026-08-04,0.0,1d20af93
cvd_day = delta_day,2026-08-06,0.0,feec66f6
cvd_day = delta_day,2026-08-07,0.0,287627ed
cvd_day = delta_day,2026-08-09,0.0,43f2daf5
cvd_day = delta_day,2026-08-11,0.0,78177655
cvd_day = delta_day,2026-08-12,0.0,78177655
cvd_day = delta_day,2026-08-13,0.0,78177655
cvd_day = delta_day,2026-08-14,0.0,78177655
cvd_day = delta_day,2026-08-16,0.0,605df903
cvd_day = delta_day,2026-08-17,0.0,605df903
cvd_day = delta_day,2026-08-18,0.0,605df903
cvd_day = delta_day,2026-08-19,0.0,605df903
cvd_day = delta_day,2026-08-20,0.0,605df903
cvd_day = delta_day,2026-08-21,0.0,605df903
cvd_day = delta_day,2026-08-23,0.0,605df903
cvd_day = delta_day,2026-08-24,0.0,605df903
cvd_day = delta_day,2026-08-25,0.0,605df903
cvd_day = delta_day,2026-08-26,0.0,605df903
cvd_day = delta_day,2026-08-27,0.0,605df903
cvd_day = delta_day,2026-08-28,0.0,605df903
cvd_day = delta_day,2026-08-30,0.0,605df903
cvd_day = delta_day,2026-08-31,0.0,605df903
cvd_day = delta_day,2026-09-01,0.0,605df903
cvd_day = delta_day,2026-09-02,0.0,605df903
cvd_day = delta_day,2026-09-03,0.0,605df903
cvd_session = cumsum(delta) depuis 9h30 ET,2026-06-11,1.0,c43dc080
cvd_session = cumsum(delta) depuis 9h30 ET,2026-06-15,1.0,114b1ca4
cvd_session = cumsum(delta) depuis 9h30 ET,2026-06-16,1.0,e7199bc7
cvd_session = cumsum(delta) depuis 9h30 ET,2026-06-17,1.0,e7199bc7
cvd_session = cumsum(delta) depuis 9h30 ET,2026-06-18,1.0,e7199bc7
cvd_session = cumsum(delta) depuis 9h30 ET,2026-06-22,1.0,9238adc1
cvd_session = cumsum(delta) depuis 9h30 ET,2026-06-23,1.0,9238adc1
cvd_session = cumsum(delta) depuis 9h30 ET,2026-06-26,1.0,9238adc1
cvd_session = cumsum(delta) depuis 9h30 ET,2026-06-29,1.0,944f7204
cvd_session = cumsum(delta) depuis 9h30 ET,2026-07-01,1.0,944f7204
cvd_session = cumsum(delta) depuis 9h30 ET,2026-07-02,1.0,944f7204
cvd_session = cumsum(delta) depuis 9h30 ET,2026-07-06,1.0,13efb186
cvd_session = cumsum(delta) depuis 9h30 ET,2026-07-07,1.0,13efb186
cvd_session = cumsum(delta) depuis 9h30 ET,2026-07-08,1.0,13efb186
cvd_session = cumsum(delta) depuis 9h30 ET,2026-07-09,1.0,13efb186
cvd_session = cumsum(delta) depuis 9h30 ET,2026-07-10,1.0,13efb186
cvd_session = cumsum(delta) depuis 9h30 ET,2026-07-13,1.0,13efb186
cvd_session = cumsum(delta) depuis 9h30 ET,2026-07-14,1.0,13efb186
cvd_session = cumsum(delta) depuis 9h30 ET,2026-07-15,1.0,13efb186
cvd_session = cumsum(delta) depuis 9h30 ET,2026-07-16,1.0,13efb186
cvd_session = cumsum(delta) depuis 9h30 ET,2026-07-17,1.0,f6003b62
cvd_session = cumsum(delta) depuis 9h30 ET,2026-07-20,1.0,f6003b62
cvd_session = cumsum(delta) depuis 9h30 ET,2026-07-21,1.0,f6003b62
cvd_session = cumsum(delta) depuis 9h30 ET,2026-07-22,1.0,ed53e566
cvd_session = cumsum(delta) depuis 9h30 ET,2026-07-23,1.0,ed53e566
cvd_session = cumsum(delta) depuis 9h30 ET,2026-07-24,1.0,ed53e566
cvd_session = cumsum(delta) depuis 9h30 ET,2026-07-27,1.0,4981d53a
cvd_session = cumsum(delta) depuis 9h30 ET,2026-07-28,1.0,4981d53a
cvd_session = cumsum(delta) depuis 9h30 ET,2026-07-29,1.0,4981d53a
cvd_session = cumsum(delta) depuis 9h30 ET,2026-07-30,1.0,4981d53a
cvd_session = cumsum(delta) depuis 9h30 ET,2026-07-31,1.0,4981d53a
cvd_session = cumsum(delta) depuis 9h30 ET,2026-08-04,1.0,1d20af93
cvd_session = cumsum(delta) depuis 9h30 ET,2026-08-06,1.0,feec66f6
cvd_session = cumsum(delta) depuis 9h30 ET,2026-08-07,1.0,287627ed
cvd_session = cumsum(delta) depuis 9h30 ET,2026-08-11,1.0,78177655
cvd_session = cumsum(delta) depuis 9h30 ET,2026-08-12,1.0,78177655
cvd_session = cumsum(delta) depuis 9h30 ET,2026-08-13,1.0,78177655
cvd_session = cumsum(delta) depuis 9h30 ET,2026-08-14,1.0,78177655
cvd_session = cumsum(delta) depuis 9h30 ET,2026-08-17,1.0,605df903
cvd_session = cumsum(delta) depuis 9h30 ET,2026-08-18,1.0,605df903
cvd_session = cumsum(delta) depuis 9h30 ET,2026-08-19,1.0,605df903
cvd_session = cumsum(delta) depuis 9h30 ET,2026-08-20,1.0,605df903
cvd_session = cumsum(delta) depuis 9h30 ET,2026-08-21,1.0,605df903
cvd_session = cumsum(delta) depuis 9h30 ET,2026-08-24,1.0,605df903
cvd_session = cumsum(delta) depuis 9h30 ET,2026-08-25,1.0,605df903
cvd_session = cumsum(delta) depuis 9h30 ET,2026-08-26,1.0,605df903
cvd_session = cumsum(delta) depuis 9h30 ET,2026-08-27,1.0,605df903
cvd_session = cumsum(delta) depuis 9h30 ET,2026-08-28,1.0,605df903
cvd_session = cumsum(delta) depuis 9h30 ET,2026-08-31,1.0,605df903
cvd_session = cumsum(delta) depuis 9h30 ET,2026-09-01,1.0,605df903
cvd_session = cumsum(delta) depuis 9h30 ET,2026-09-02,1.0,605df903
cvd_session = cumsum(delta) depuis 9h30 ET,2026-09-03,1.0,605df903
dist_vwap_d = (vwap_d-close)/tick,2026-06-11,0.0,c43dc080
dist_vwap_d = (vwap_d-close)/tick,2026-06-15,0.0,114b1ca4
dist_vwap_d = (vwap_d-close)/tick,2026-06-16,0.0,e7199bc7
dist_vwap_d = (vwap_d-close)/tick,2026-06-17,0.0,e7199bc7
dist_vwap_d = (vwap_d-close)/tick,2026-06-18,0.0,e7199bc7
dist_vwap_d = (vwap_d-close)/tick,2026-06-21,0.0,9238adc1
dist_vwap_d = (vwap_d-close)/tick,2026-06-22,0.0,9238adc1
dist_vwap_d = (vwap_d-close)/tick,2026-06-23,0.0,9238adc1
dist_vwap_d = (vwap_d-close)/tick,2026-06-26,0.0,9238adc1
dist_vwap_d = (vwap_d-close)/tick,2026-06-28,0.0,944f7204
dist_vwap_d = (vwap_d-close)/tick,2026-06-29,0.0,944f7204
dist_vwap_d = (vwap_d-close)/tick,2026-07-01,0.0,944f7204
dist_vwap_d = (vwap_d-close)/tick,2026-07-02,0.0,944f7204
dist_vwap_d = (vwap_d-close)/tick,2026-07-05,0.0,13efb186
dist_vwap_d = (vwap_d-close)/tick,2026-07-06,0.0,13efb186
dist_vwap_d = (vwap_d-close)/tick,2026-07-07,0.0,13efb186
dist_vwap_d = (vwap_d-close)/tick,2026-07-08,0.0,13efb186
dist_vwap_d = (vwap_d-close)/tick,2026-07-09,0.0,13efb186
dist_vwap_d = (vwap_d-close)/tick,2026-07-10,0.0,13efb186
dist_vwap_d = (vwap_d-close)/tick,2026-07-12,0.0,13efb186
dist_vwap_d = (vwap_d-close)/tick,2026-07-13,0.0,13efb186
dist_vwap_d = (vwap_d-close)/tick,2026-07-14,0.0,13efb186
dist_vwap_d = (vwap_d-close)/tick,2026-07-15,0.0,13efb186
dist_vwap_d = (vwap_d-close)/tick,2026-07-16,0.0,13efb186
dist_vwap_d = (vwap_d-close)/tick,2026-07-17,0.0,f6003b62
dist_vwap_d = (vwap_d-close)/tick,2026-07-19,0.0,f6003b62
dist_vwap_d = (vwap_d-close)/tick,2026-07-20,0.0,f6003b62
dist_vwap_d = (vwap_d-close)/tick,2026-07-21,0.0,f6003b62
dist_vwap_d = (vwap_d-close)/tick,2026-07-22,0.0,ed53e566
dist_vwap_d = (vwap_d-close)/tick,2026-07-23,0.0,ed53e566
dist_vwap_d = (vwap_d-close)/tick,2026-07-24,0.0,ed53e566
dist_vwap_d = (vwap_d-close)/tick,2026-07-26,0.0,4981d53a
dist_vwap_d = (vwap_d-close)/tick,2026-07-27,0.0,4981d53a
dist_vwap_d = (vwap_d-close)/tick,2026-07-28,0.0,4981d53a
dist_vwap_d = (vwap_d-close)/tick,2026-07-29,0.0,4981d53a
dist_vwap_d = (vwap_d-close)/tick,2026-07-30,0.0,4981d53a
dist_vwap_d = (vwap_d-close)/tick,2026-07-31,0.0,4981d53a
dist_vwap_d = (vwap_d-close)/tick,2026-08-04,0.0,1d20af93
dist_vwap_d = (vwap_d-close)/tick,2026-08-06,0.0,feec66f6
dist_vwap_d = (vwap_d-close)/tick,2026-08-07,0.0,287627ed
dist_vwap_d = (vwap_d-close)/tick,2026-08-09,0.0,43f2daf5
dist_vwap_d = (vwap_d-close)/tick,2026-08-11,0.0,78177655
dist_vwap_d = (vwap_d-close)/tick,2026-08-12,0.0,78177655
dist_vwap_d = (vwap_d-close)/tick,2026-08-13,0.0,78177655
dist_vwap_d = (vwap_d-close)/tick,2026-08-14,0.0,78177655
dist_vwap_d = (vwap_d-close)/tick,2026-08-16,0.0,605df903
dist_vwap_d = (vwap_d-close)/tick,2026-08-17,0.0,605df903
dist_vwap_d = (vwap_d-close)/tick,2026-08-18,0.0,605df903
dist_vwap_d = (vwap_d-close)/tick,2026-08-19,0.0,605df903
dist_vwap_d = (vwap_d-close)/tick,2026-08-20,0.0,605df903
dist_vwap_d = (vwap_d-close)/tick,2026-08-21,0.0,605df903
dist_vwap_d = (vwap_d-close)/tick,2026-08-23,0.0,605df903
dist_vwap_d = (vwap_d-close)/tick,2026-08-24,0.0,605df903
dist_vwap_d = (vwap_d-close)/tick,2026-08-25,0.0,605df903
dist_vwap_d = (vwap_d-close)/tick,2026-08-26,0.0,605df903
dist_vwap_d = (vwap_d-close)/tick,2026-08-27,0.0,605df903
dist_vwap_d = (vwap_d-close)/tick,2026-08-28,0.0,605df903
dist_vwap_d = (vwap_d-close)/tick,2026-08-30,0.0,605df903
dist_vwap_d = (vwap_d-close)/tick,2026-08-31,0.0,605df903
dist_vwap_d = (vwap_d-close)/tick,2026-09-01,0.0,605df903
dist_vwap_d = (vwap_d-close)/tick,2026-09-02,0.0,605df903
dist_vwap_d = (vwap_d-close)/tick,2026-09-03,0.0,605df903
dist_vwap_w = (vwap_w-close)/tick,2026-06-11,0.0,c43dc080
dist_vwap_w = (vwap_w-close)/tick,2026-06-15,0.0,114b1ca4
dist_vwap_w = (vwap_w-close)/tick,2026-06-16,0.0,e7199bc7
dist_vwap_w = (vwap_w-close)/tick,2026-06-17,0.0,e7199bc7
dist_vwap_w = (vwap_w-close)/tick,2026-06-18,0.0,e7199bc7
dist_vwap_w = (vwap_w-close)/tick,2026-06-21,0.0,9238adc1
dist_vwap_w = (vwap_w-close)/tick,2026-06-22,0.0,9238adc1
dist_vwap_w = (vwap_w-close)/tick,2026-06-23,0.0,9238adc1
dist_vwap_w = (vwap_w-close)/tick,2026-06-26,0.0,9238adc1
dist_vwap_w = (vwap_w-close)/tick,2026-06-28,0.0,944f7204
dist_vwap_w = (vwap_w-close)/tick,2026-06-29,0.0,944f7204
dist_vwap_w = (vwap_w-close)/tick,2026-07-01,0.0,944f7204
dist_vwap_w = (vwap_w-close)/tick,2026-07-02,0.0,944f7204
dist_vwap_w = (vwap_w-close)/tick,2026-07-05,0.0,13efb186
dist_vwap_w = (vwap_w-close)/tick,2026-07-06,0.0,13efb186
dist_vwap_w = (vwap_w-close)/tick,2026-07-07,0.0,13efb186
dist_vwap_w = (vwap_w-close)/tick,2026-07-08,0.0,13efb186
dist_vwap_w = (vwap_w-close)/tick,2026-07-09,0.0,13efb186
dist_vwap_w = (vwap_w-close)/tick,2026-07-10,0.0,13efb186
dist_vwap_w = (vwap_w-close)/tick,2026-07-12,0.0,13efb186
dist_vwap_w = (vwap_w-close)/tick,2026-07-13,0.0,13efb186
dist_vwap_w = (vwap_w-close)/tick,2026-07-14,0.0,13efb186
dist_vwap_w = (vwap_w-close)/tick,2026-07-15,0.0,13efb186
dist_vwap_w = (vwap_w-close)/tick,2026-07-16,0.0,13efb186
dist_vwap_w = (vwap_w-close)/tick,2026-07-17,0.0,f6003b62
dist_vwap_w = (vwap_w-close)/tick,2026-07-19,0.0,f6003b62
dist_vwap_w = (vwap_w-close)/tick,2026-07-20,0.0,f6003b62
dist_vwap_w = (vwap_w-close)/tick,2026-07-21,0.0,f6003b62
dist_vwap_w = (vwap_w-close)/tick,2026-07-22,0.0,ed53e566
dist_vwap_w = (vwap_w-close)/tick,2026-07-23,0.0,ed53e566
dist_vwap_w = (vwap_w-close)/tick,2026-07-24,0.0,ed53e566
dist_vwap_w = (vwap_w-close)/tick,2026-07-26,0.0,4981d53a
dist_vwap_w = (vwap_w-close)/tick,2026-07-27,0.0,4981d53a
dist_vwap_w = (vwap_w-close)/tick,2026-07-28,0.0,4981d53a
dist_vwap_w = (vwap_w-close)/tick,2026-07-29,0.0,4981d53a
dist_vwap_w = (vwap_w-close)/tick,2026-07-30,0.0,4981d53a
dist_vwap_w = (vwap_w-close)/tick,2026-07-31,0.0,4981d53a
dist_vwap_w = (vwap_w-close)/tick,2026-08-04,0.0,1d20af93
dist_vwap_w = (vwap_w-close)/tick,2026-08-06,0.0,feec66f6
dist_vwap_w = (vwap_w-close)/tick,2026-08-07,0.0,287627ed
dist_vwap_w = (vwap_w-close)/tick,2026-08-09,0.0,43f2daf5
dist_vwap_w = (vwap_w-close)/tick,2026-08-11,0.0,78177655
dist_vwap_w = (vwap_w-close)/tick,2026-08-12,0.0,78177655
dist_vwap_w = (vwap_w-close)/tick,2026-08-13,0.0,78177655
dist_vwap_w = (vwap_w-close)/tick,2026-08-14,0.0,78177655
dist_vwap_w = (vwap_w-close)/tick,2026-08-16,0.0,605df903
dist_vwap_w = (vwap_w-close)/tick,2026-08-17,0.0,605df903
dist_vwap_w = (vwap_w-close)/tick,2026-08-18,0.0,605df903
dist_vwap_w = (vwap_w-close)/tick,2026-08-19,0.0,605df903
dist_vwap_w = (vwap_w-close)/tick,2026-08-20,0.0,605df903
dist_vwap_w = (vwap_w-close)/tick,2026-08-21,0.0,605df903
dist_vwap_w = (vwap_w-close)/tick,2026-08-23,0.0,605df903
dist_vwap_w = (vwap_w-close)/tick,2026-08-24,0.0,605df903
dist_vwap_w = (vwap_w-close)/tick,2026-08-25,0.0,605df903
dist_vwap_w = (vwap_w-close)/tick,2026-08-26,0.0,605df903
dist_vwap_w = (vwap_w-close)/tick,2026-08-27,0.0,605df903
dist_vwap_w = (vwap_w-close)/tick,2026-08-28,0.0,605df903
dist_vwap_w = (vwap_w-close)/tick,2026-08-30,0.0,605df903
dist_vwap_w = (vwap_w-close)/tick,2026-08-31,0.0,605df903
dist_vwap_w = (vwap_w-close)/tick,2026-09-01,0.0,605df903
dist_vwap_w = (vwap_w-close)/tick,2026-09-02,0.0,605df903
dist_vwap_w = (vwap_w-close)/tick,2026-09-03,0.0,605df903
dist_vwap_m = (vwap_m-close)/tick,2026-06-11,0.0,c43dc080
dist_vwap_m = (vwap_m-close)/tick,2026-06-15,0.0,114b1ca4
dist_vwap_m = (vwap_m-close)/tick,2026-06-16,0.0,e7199bc7
dist_vwap_m = (vwap_m-close)/tick,2026-06-17,0.0,e7199bc7
dist_vwap_m = (vwap_m-close)/tick,2026-06-18,0.0,e7199bc7
dist_vwap_m = (vwap_m-close)/tick,2026-06-21,0.0,9238adc1
dist_vwap_m = (vwap_m-close)/tick,2026-06-22,0.0,9238adc1
dist_vwap_m = (vwap_m-close)/tick,2026-06-23,0.0,9238adc1
dist_vwap_m = (vwap_m-close)/tick,2026-06-26,0.0,9238adc1
dist_vwap_m = (vwap_m-close)/tick,2026-06-28,0.0,944f7204
dist_vwap_m = (vwap_m-close)/tick,2026-06-29,0.0,944f7204
dist_vwap_m = (vwap_m-close)/tick,2026-07-01,0.0,944f7204
dist_vwap_m = (vwap_m-close)/tick,2026-07-02,0.0,944f7204
dist_vwap_m = (vwap_m-close)/tick,2026-07-05,0.0,13efb186
dist_vwap_m = (vwap_m-close)/tick,2026-07-06,0.0,13efb186
dist_vwap_m = (vwap_m-close)/tick,2026-07-07,0.0,13efb186
dist_vwap_m = (vwap_m-close)/tick,2026-07-08,0.0,13efb186
dist_vwap_m = (vwap_m-close)/tick,2026-07-09,0.0,13efb186
dist_vwap_m = (vwap_m-close)/tick,2026-07-10,0.0,13efb186
dist_vwap_m = (vwap_m-close)/tick,2026-07-12,0.0,13efb186
dist_vwap_m = (vwap_m-close)/tick,2026-07-13,0.0,13efb186
dist_vwap_m = (vwap_m-close)/tick,2026-07-14,0.0,13efb186
dist_vwap_m = (vwap_m-close)/tick,2026-07-15,0.0,13efb186
dist_vwap_m = (vwap_m-close)/tick,2026-07-16,0.0,13efb186
dist_vwap_m = (vwap_m-close)/tick,2026-07-17,0.0,f6003b62
dist_vwap_m = (vwap_m-close)/tick,2026-07-19,0.0,f6003b62
dist_vwap_m = (vwap_m-close)/tick,2026-07-20,0.0,f6003b62
dist_vwap_m = (vwap_m-close)/tick,2026-07-21,0.0,f6003b62
dist_vwap_m = (vwap_m-close)/tick,2026-07-22,0.0,ed53e566
dist_vwap_m = (vwap_m-close)/tick,2026-07-23,0.0,ed53e566
dist_vwap_m = (vwap_m-close)/tick,2026-07-24,0.0,ed53e566
dist_vwap_m = (vwap_m-close)/tick,2026-07-26,0.0,4981d53a
dist_vwap_m = (vwap_m-close)/tick,2026-07-27,0.0,4981d53a
dist_vwap_m = (vwap_m-close)/tick,2026-07-28,0.0,4981d53a
dist_vwap_m = (vwap_m-close)/tick,2026-07-29,0.0,4981d53a
dist_vwap_m = (vwap_m-close)/tick,2026-07-30,0.0,4981d53a
dist_vwap_m = (vwap_m-close)/tick,2026-07-31,0.0,4981d53a
dist_vwap_m = (vwap_m-close)/tick,2026-08-04,0.0,1d20af93
dist_vwap_m = (vwap_m-close)/tick,2026-08-06,0.0,feec66f6
dist_vwap_m = (vwap_m-close)/tick,2026-08-07,0.0,287627ed
dist_vwap_m = (vwap_m-close)/tick,2026-08-09,0.0,43f2daf5
dist_vwap_m = (vwap_m-close)/tick,2026-08-11,0.0,78177655
dist_vwap_m = (vwap_m-close)/tick,2026-08-12,0.0,78177655
dist_vwap_m = (vwap_m-close)/tick,2026-08-13,0.0,78177655
dist_vwap_m = (vwap_m-close)/tick,2026-08-14,0.0,78177655
dist_vwap_m = (vwap_m-close)/tick,2026-08-16,0.0,605df903
dist_vwap_m = (vwap_m-close)/tick,2026-08-17,0.0,605df903
dist_vwap_m = (vwap_m-close)/tick,2026-08-18,0.0,605df903
dist_vwap_m = (vwap_m-close)/tick,2026-08-19,0.0,605df903
dist_vwap_m = (vwap_m-close)/tick,2026-08-20,0.0,605df903
dist_vwap_m = (vwap_m-close)/tick,2026-08-21,0.0,605df903
dist_vwap_m = (vwap_m-close)/tick,2026-08-23,0.0,605df903
dist_vwap_m = (vwap_m-close)/tick,2026-08-24,0.0,605df903
dist_vwap_m = (vwap_m-close)/tick,2026-08-25,0.0,605df903
dist_vwap_m = (vwap_m-close)/tick,2026-08-26,0.0,605df903
dist_vwap_m = (vwap_m-close)/tick,2026-08-27,0.0,605df903
dist_vwap_m = (vwap_m-close)/tick,2026-08-28,0.0,605df903
dist_vwap_m = (vwap_m-close)/tick,2026-08-30,0.0,605df903
dist_vwap_m = (vwap_m-close)/tick,2026-08-31,0.0,605df903
dist_vwap_m = (vwap_m-close)/tick,2026-09-01,0.0,605df903
dist_vwap_m = (vwap_m-close)/tick,2026-09-02,0.0,605df903
dist_vwap_m = (vwap_m-close)/tick,2026-09-03,0.0,605df903
dist_cur_vpoc = (cur_vpoc_lvl-close)/tick,2026-06-11,0.0,c43dc080
dist_cur_vpoc = (cur_vpoc_lvl-close)/tick,2026-06-15,0.0,114b1ca4
dist_cur_vpoc = (cur_vpoc_lvl-close)/tick,2026-06-16,0.0,e7199bc7
dist_cur_vpoc = (cur_vpoc_lvl-close)/tick,2026-06-17,0.0,e7199bc7
dist_cur_vpoc = (cur_vpoc_lvl-close)/tick,2026-06-18,0.0,e7199bc7
dist_cur_vpoc = (cur_vpoc_lvl-close)/tick,2026-06-21,0.0,9238adc1
dist_cur_vpoc = (cur_vpoc_lvl-close)/tick,2026-06-22,0.0,9238adc1
dist_cur_vpoc = (cur_vpoc_lvl-close)/tick,2026-06-23,0.0,9238adc1
dist_cur_vpoc = (cur_vpoc_lvl-close)/tick,2026-06-26,0.0,9238adc1
dist_cur_vpoc = (cur_vpoc_lvl-close)/tick,2026-06-28,0.0,944f7204
dist_cur_vpoc = (cur_vpoc_lvl-close)/tick,2026-06-29,0.0,944f7204
dist_cur_vpoc = (cur_vpoc_lvl-close)/tick,2026-07-01,0.0,944f7204
dist_cur_vpoc = (cur_vpoc_lvl-close)/tick,2026-07-02,0.0,944f7204
dist_cur_vpoc = (cur_vpoc_lvl-close)/tick,2026-07-05,0.0,13efb186
dist_cur_vpoc = (cur_vpoc_lvl-close)/tick,2026-07-06,0.0,13efb186
dist_cur_vpoc = (cur_vpoc_lvl-close)/tick,2026-07-07,0.0,13efb186
dist_cur_vpoc = (cur_vpoc_lvl-close)/tick,2026-07-08,0.0,13efb186
dist_cur_vpoc = (cur_vpoc_lvl-close)/tick,2026-07-09,0.0,13efb186
dist_cur_vpoc = (cur_vpoc_lvl-close)/tick,2026-07-10,0.0,13efb186
dist_cur_vpoc = (cur_vpoc_lvl-close)/tick,2026-07-12,0.0,13efb186
dist_cur_vpoc = (cur_vpoc_lvl-close)/tick,2026-07-13,0.0,13efb186
dist_cur_vpoc = (cur_vpoc_lvl-close)/tick,2026-07-14,0.0,13efb186
dist_cur_vpoc = (cur_vpoc_lvl-close)/tick,2026-07-15,0.0,13efb186
dist_cur_vpoc = (cur_vpoc_lvl-close)/tick,2026-07-16,0.0,13efb186
dist_cur_vpoc = (cur_vpoc_lvl-close)/tick,2026-07-17,0.0,f6003b62
dist_cur_vpoc = (cur_vpoc_lvl-close)/tick,2026-07-19,0.0,f6003b62
dist_cur_vpoc = (cur_vpoc_lvl-close)/tick,2026-07-20,0.0,f6003b62
dist_cur_vpoc = (cur_vpoc_lvl-close)/tick,2026-07-21,0.0,f6003b62
dist_cur_vpoc = (cur_vpoc_lvl-close)/tick,2026-07-22,0.0,ed53e566
dist_cur_vpoc = (cur_vpoc_lvl-close)/tick,2026-07-23,0.0,ed53e566
dist_cur_vpoc = (cur_vpoc_lvl-close)/tick,2026-07-24,0.0,ed53e566
dist_cur_vpoc = (cur_vpoc_lvl-close)/tick,2026-07-26,0.0,4981d53a
dist_cur_vpoc = (cur_vpoc_lvl-close)/tick,2026-07-27,0.0,4981d53a
dist_cur_vpoc = (cur_vpoc_lvl-close)/tick,2026-07-28,0.0,4981d53a
dist_cur_vpoc = (cur_vpoc_lvl-close)/tick,2026-07-29,0.0,4981d53a
dist_cur_vpoc = (cur_vpoc_lvl-close)/tick,2026-07-30,0.0,4981d53a
dist_cur_vpoc = (cur_vpoc_lvl-close)/tick,2026-07-31,0.0,4981d53a
dist_cur_vpoc = (cur_vpoc_lvl-close)/tick,2026-08-04,0.0,1d20af93
dist_cur_vpoc = (cur_vpoc_lvl-close)/tick,2026-08-06,0.0,feec66f6
dist_cur_vpoc = (cur_vpoc_lvl-close)/tick,2026-08-07,0.0,287627ed
dist_cur_vpoc = (cur_vpoc_lvl-close)/tick,2026-08-09,0.0,43f2daf5
dist_cur_vpoc = (cur_vpoc_lvl-close)/tick,2026-08-11,0.0,78177655
dist_cur_vpoc = (cur_vpoc_lvl-close)/tick,2026-08-12,0.0,78177655
dist_cur_vpoc = (cur_vpoc_lvl-close)/tick,2026-08-13,0.0,78177655
dist_cur_vpoc = (cur_vpoc_lvl-close)/tick,2026-08-14,0.0,78177655
dist_cur_vpoc = (cur_vpoc_lvl-close)/tick,2026-08-16,0.0,605df903
dist_cur_vpoc = (cur_vpoc_lvl-close)/tick,2026-08-17,0.0,605df903
dist_cur_vpoc = (cur_vpoc_lvl-close)/tick,2026-08-18,0.0,605df903
dist_cur_vpoc = (cur_vpoc_lvl-close)/tick,2026-08-19,0.0,605df903
dist_cur_vpoc = (cur_vpoc_lvl-close)/tick,2026-08-20,0.0,605df903
dist_cur_vpoc = (cur_vpoc_lvl-close)/tick,2026-08-21,0.0,605df903
dist_cur_vpoc = (cur_vpoc_lvl-close)/tick,2026-08-23,0.0,605df903
dist_cur_vpoc = (cur_vpoc_lvl-close)/tick,2026-08-24,0.0,605df903
dist_cur_vpoc = (cur_vpoc_lvl-close)/tick,2026-08-25,0.0,605df903
dist_cur_vpoc = (cur_vpoc_lvl-close)/tick,2026-08-26,0.0,605df903
dist_cur_vpoc = (cur_vpoc_lvl-close)/tick,2026-08-27,0.0,605df903
dist_cur_vpoc = (cur_vpoc_lvl-close)/tick,2026-08-28,0.0,605df903
dist_cur_vpoc = (cur_vpoc_lvl-close)/tick,2026-08-30,0.0,605df903
dist_cur_vpoc = (cur_vpoc_lvl-close)/tick,2026-08-31,0.0,605df903
dist_cur_vpoc = (cur_vpoc_lvl-close)/tick,2026-09-01,0.0,605df903
dist_cur_vpoc = (cur_vpoc_lvl-close)/tick,2026-09-02,0.0,605df903
dist_cur_vpoc = (cur_vpoc_lvl-close)/tick,2026-09-03,0.0,605df903
dist_cur_vah = (cur_vah_lvl-close)/tick,2026-06-11,0.0,c43dc080
dist_cur_vah = (cur_vah_lvl-close)/tick,2026-06-15,0.0,114b1ca4
dist_cur_vah = (cur_vah_lvl-close)/tick,2026-06-16,0.0,e7199bc7
dist_cur_vah = (cur_vah_lvl-close)/tick,2026-06-17,0.0,e7199bc7
dist_cur_vah = (cur_vah_lvl-close)/tick,2026-06-18,0.0,e7199bc7
dist_cur_vah = (cur_vah_lvl-close)/tick,2026-06-21,0.0,9238adc1
dist_cur_vah = (cur_vah_lvl-close)/tick,2026-06-22,0.0,9238adc1
dist_cur_vah = (cur_vah_lvl-close)/tick,2026-06-23,0.0,9238adc1
dist_cur_vah = (cur_vah_lvl-close)/tick,2026-06-26,0.0,9238adc1
dist_cur_vah = (cur_vah_lvl-close)/tick,2026-06-28,0.0,944f7204
dist_cur_vah = (cur_vah_lvl-close)/tick,2026-06-29,0.0,944f7204
dist_cur_vah = (cur_vah_lvl-close)/tick,2026-07-01,0.0,944f7204
dist_cur_vah = (cur_vah_lvl-close)/tick,2026-07-02,0.0,944f7204
dist_cur_vah = (cur_vah_lvl-close)/tick,2026-07-05,0.0,13efb186
dist_cur_vah = (cur_vah_lvl-close)/tick,2026-07-06,0.0,13efb186
dist_cur_vah = (cur_vah_lvl-close)/tick,2026-07-07,0.0,13efb186
dist_cur_vah = (cur_vah_lvl-close)/tick,2026-07-08,0.0,13efb186
dist_cur_vah = (cur_vah_lvl-close)/tick,2026-07-09,0.0,13efb186
dist_cur_vah = (cur_vah_lvl-close)/tick,2026-07-10,0.0,13efb186
dist_cur_vah = (cur_vah_lvl-close)/tick,2026-07-12,0.0,13efb186
dist_cur_vah = (cur_vah_lvl-close)/tick,2026-07-13,0.0,13efb186
dist_cur_vah = (cur_vah_lvl-close)/tick,2026-07-14,0.0,13efb186
dist_cur_vah = (cur_vah_lvl-close)/tick,2026-07-15,0.0,13efb186
dist_cur_vah = (cur_vah_lvl-close)/tick,2026-07-16,0.0,13efb186
dist_cur_vah = (cur_vah_lvl-close)/tick,2026-07-17,0.0,f6003b62
dist_cur_vah = (cur_vah_lvl-close)/tick,2026-07-19,0.0,f6003b62
dist_cur_vah = (cur_vah_lvl-close)/tick,2026-07-20,0.0,f6003b62
dist_cur_vah = (cur_vah_lvl-close)/tick,2026-07-21,0.0,f6003b62
dist_cur_vah = (cur_vah_lvl-close)/tick,2026-07-22,0.0,ed53e566
dist_cur_vah = (cur_vah_lvl-close)/tick,2026-07-23,0.0,ed53e566
dist_cur_vah = (cur_vah_lvl-close)/tick,2026-07-24,0.0,ed53e566
dist_cur_vah = (cur_vah_lvl-close)/tick,2026-07-26,0.0,4981d53a
dist_cur_vah = (cur_vah_lvl-close)/tick,2026-07-27,0.0,4981d53a
dist_cur_vah = (cur_vah_lvl-close)/tick,2026-07-28,0.0,4981d53a
dist_cur_vah = (cur_vah_lvl-close)/tick,2026-07-29,0.0,4981d53a
dist_cur_vah = (cur_vah_lvl-close)/tick,2026-07-30,0.0,4981d53a
dist_cur_vah = (cur_vah_lvl-close)/tick,2026-07-31,0.0,4981d53a
dist_cur_vah = (cur_vah_lvl-close)/tick,2026-08-04,0.0,1d20af93
dist_cur_vah = (cur_vah_lvl-close)/tick,2026-08-06,0.0,feec66f6
dist_cur_vah = (cur_vah_lvl-close)/tick,2026-08-07,0.0,287627ed
dist_cur_vah = (cur_vah_lvl-close)/tick,2026-08-09,0.0,43f2daf5
dist_cur_vah = (cur_vah_lvl-close)/tick,2026-08-11,0.0,78177655
dist_cur_vah = (cur_vah_lvl-close)/tick,2026-08-12,0.0,78177655
dist_cur_vah = (cur_vah_lvl-close)/tick,2026-08-13,0.0,78177655
dist_cur_vah = (cur_vah_lvl-close)/tick,2026-08-14,0.0,78177655
dist_cur_vah = (cur_vah_lvl-close)/tick,2026-08-16,0.0,605df903
dist_cur_vah = (cur_vah_lvl-close)/tick,2026-08-17,0.0,605df903
dist_cur_vah = (cur_vah_lvl-close)/tick,2026-08-18,0.0,605df903
dist_cur_vah = (cur_vah_lvl-close)/tick,2026-08-19,0.0,605df903
dist_cur_vah = (cur_vah_lvl-close)/tick,2026-08-20,0.0,605df903
dist_cur_vah = (cur_vah_lvl-close)/tick,2026-08-21,0.0,605df903
dist_cur_vah = (cur_vah_lvl-close)/tick,2026-08-23,0.0,605df903
dist_cur_vah = (cur_vah_lvl-close)/tick,2026-08-24,0.0,605df903
dist_cur_vah = (cur_vah_lvl-close)/tick,2026-08-25,0.0,605df903
dist_cur_vah = (cur_vah_lvl-close)/tick,2026-08-26,0.0,605df903
dist_cur_vah = (cur_vah_lvl-close)/tick,2026-08-27,0.0,605df903
dist_cur_vah = (cur_vah_lvl-close)/tick,2026-08-28,0.0,605df903
dist_cur_vah = (cur_vah_lvl-close)/tick,2026-08-30,0.0,605df903
dist_cur_vah = (cur_vah_lvl-close)/tick,2026-08-31,0.0,605df903
dist_cur_vah = (cur_vah_lvl-close)/tick,2026-09-01,0.0,605df903
dist_cur_vah = (cur_vah_lvl-close)/tick,2026-09-02,0.0,605df903
dist_cur_vah = (cur_vah_lvl-close)/tick,2026-09-03,0.0,605df903
dist_cur_val = (cur_val_lvl-close)/tick,2026-06-11,0.0,c43dc080
dist_cur_val = (cur_val_lvl-close)/tick,2026-06-15,0.0,114b1ca4
dist_cur_val = (cur_val_lvl-close)/tick,2026-06-16,0.0,e7199bc7
dist_cur_val = (cur_val_lvl-close)/tick,2026-06-17,0.0,e7199bc7
dist_cur_val = (cur_val_lvl-close)/tick,2026-06-18,0.0,e7199bc7
dist_cur_val = (cur_val_lvl-close)/tick,2026-06-21,0.0,9238adc1
dist_cur_val = (cur_val_lvl-close)/tick,2026-06-22,0.0,9238adc1
dist_cur_val = (cur_val_lvl-close)/tick,2026-06-23,0.0,9238adc1
dist_cur_val = (cur_val_lvl-close)/tick,2026-06-26,0.0,9238adc1
dist_cur_val = (cur_val_lvl-close)/tick,2026-06-28,0.0,944f7204
dist_cur_val = (cur_val_lvl-close)/tick,2026-06-29,0.0,944f7204
dist_cur_val = (cur_val_lvl-close)/tick,2026-07-01,0.0,944f7204
dist_cur_val = (cur_val_lvl-close)/tick,2026-07-02,0.0,944f7204
dist_cur_val = (cur_val_lvl-close)/tick,2026-07-05,0.0,13efb186
dist_cur_val = (cur_val_lvl-close)/tick,2026-07-06,0.0,13efb186
dist_cur_val = (cur_val_lvl-close)/tick,2026-07-07,0.0,13efb186
dist_cur_val = (cur_val_lvl-close)/tick,2026-07-08,0.0,13efb186
dist_cur_val = (cur_val_lvl-close)/tick,2026-07-09,0.0,13efb186
dist_cur_val = (cur_val_lvl-close)/tick,2026-07-10,0.0,13efb186
dist_cur_val = (cur_val_lvl-close)/tick,2026-07-12,0.0,13efb186
dist_cur_val = (cur_val_lvl-close)/tick,2026-07-13,0.0,13efb186
dist_cur_val = (cur_val_lvl-close)/tick,2026-07-14,0.0,13efb186
dist_cur_val = (cur_val_lvl-close)/tick,2026-07-15,0.0,13efb186
dist_cur_val = (cur_val_lvl-close)/tick,2026-07-16,0.0,13efb186
dist_cur_val = (cur_val_lvl-close)/tick,2026-07-17,0.0,f6003b62
dist_cur_val = (cur_val_lvl-close)/tick,2026-07-19,0.0,f6003b62
dist_cur_val = (cur_val_lvl-close)/tick,2026-07-20,0.0,f6003b62
dist_cur_val = (cur_val_lvl-close)/tick,2026-07-21,0.0,f6003b62
dist_cur_val = (cur_val_lvl-close)/tick,2026-07-22,0.0,ed53e566
dist_cur_val = (cur_val_lvl-close)/tick,2026-07-23,0.0,ed53e566
dist_cur_val = (cur_val_lvl-close)/tick,2026-07-24,0.0,ed53e566
dist_cur_val = (cur_val_lvl-close)/tick,2026-07-26,0.0,4981d53a
dist_cur_val = (cur_val_lvl-close)/tick,2026-07-27,0.0,4981d53a
dist_cur_val = (cur_val_lvl-close)/tick,2026-07-28,0.0,4981d53a
dist_cur_val = (cur_val_lvl-close)/tick,2026-07-29,0.0,4981d53a
dist_cur_val = (cur_val_lvl-close)/tick,2026-07-30,0.0,4981d53a
dist_cur_val = (cur_val_lvl-close)/tick,2026-07-31,0.0,4981d53a
dist_cur_val = (cur_val_lvl-close)/tick,2026-08-04,0.0,1d20af93
dist_cur_val = (cur_val_lvl-close)/tick,2026-08-06,0.0,feec66f6
dist_cur_val = (cur_val_lvl-close)/tick,2026-08-07,0.0,287627ed
dist_cur_val = (cur_val_lvl-close)/tick,2026-08-09,0.0,43f2daf5
dist_cur_val = (cur_val_lvl-close)/tick,2026-08-11,0.0,78177655
dist_cur_val = (cur_val_lvl-close)/tick,2026-08-12,0.0,78177655
dist_cur_val = (cur_val_lvl-close)/tick,2026-08-13,0.0,78177655
dist_cur_val = (cur_val_lvl-close)/tick,2026-08-14,0.0,78177655
dist_cur_val = (cur_val_lvl-close)/tick,2026-08-16,0.0,605df903
dist_cur_val = (cur_val_lvl-close)/tick,2026-08-17,0.0,605df903
dist_cur_val = (cur_val_lvl-close)/tick,2026-08-18,0.0,605df903
dist_cur_val = (cur_val_lvl-close)/tick,2026-08-19,0.0,605df903
dist_cur_val = (cur_val_lvl-close)/tick,2026-08-20,0.0,605df903
dist_cur_val = (cur_val_lvl-close)/tick,2026-08-21,0.0,605df903
dist_cur_val = (cur_val_lvl-close)/tick,2026-08-23,0.0,605df903
dist_cur_val = (cur_val_lvl-close)/tick,2026-08-24,0.0,605df903
dist_cur_val = (cur_val_lvl-close)/tick,2026-08-25,0.0,605df903
dist_cur_val = (cur_val_lvl-close)/tick,2026-08-26,0.0,605df903
dist_cur_val = (cur_val_lvl-close)/tick,2026-08-27,0.0,605df903
dist_cur_val = (cur_val_lvl-close)/tick,2026-08-28,0.0,605df903
dist_cur_val = (cur_val_lvl-close)/tick,2026-08-30,0.0,605df903
dist_cur_val = (cur_val_lvl-close)/tick,2026-08-31,0.0,605df903
dist_cur_val = (cur_val_lvl-close)/tick,2026-09-01,0.0,605df903
dist_cur_val = (cur_val_lvl-close)/tick,2026-09-02,0.0,605df903
dist_cur_val = (cur_val_lvl-close)/tick,2026-09-03,0.0,605df903
dist_prev_vpoc = (prev_vpoc_lvl-close)/tick,2026-06-11,0.0,c43dc080
dist_prev_vpoc = (prev_vpoc_lvl-close)/tick,2026-06-15,0.0,114b1ca4
dist_prev_vpoc = (prev_vpoc_lvl-close)/tick,2026-06-16,0.0,e7199bc7
dist_prev_vpoc = (prev_vpoc_lvl-close)/tick,2026-06-17,0.0,e7199bc7
dist_prev_vpoc = (prev_vpoc_lvl-close)/tick,2026-06-18,0.0,e7199bc7
dist_prev_vpoc = (prev_vpoc_lvl-close)/tick,2026-06-21,0.0,9238adc1
dist_prev_vpoc = (prev_vpoc_lvl-close)/tick,2026-06-22,0.0,9238adc1
dist_prev_vpoc = (prev_vpoc_lvl-close)/tick,2026-06-23,0.0,9238adc1
dist_prev_vpoc = (prev_vpoc_lvl-close)/tick,2026-06-26,0.0,9238adc1
dist_prev_vpoc = (prev_vpoc_lvl-close)/tick,2026-06-28,0.0,944f7204
dist_prev_vpoc = (prev_vpoc_lvl-close)/tick,2026-06-29,0.0,944f7204
dist_prev_vpoc = (prev_vpoc_lvl-close)/tick,2026-07-01,0.0,944f7204
dist_prev_vpoc = (prev_vpoc_lvl-close)/tick,2026-07-02,0.0,944f7204
dist_prev_vpoc = (prev_vpoc_lvl-close)/tick,2026-07-05,0.0,13efb186
dist_prev_vpoc = (prev_vpoc_lvl-close)/tick,2026-07-06,0.0,13efb186
dist_prev_vpoc = (prev_vpoc_lvl-close)/tick,2026-07-07,0.0,13efb186
dist_prev_vpoc = (prev_vpoc_lvl-close)/tick,2026-07-08,0.0,13efb186
dist_prev_vpoc = (prev_vpoc_lvl-close)/tick,2026-07-09,0.0,13efb186
dist_prev_vpoc = (prev_vpoc_lvl-close)/tick,2026-07-10,0.0,13efb186
dist_prev_vpoc = (prev_vpoc_lvl-close)/tick,2026-07-12,0.0,13efb186
dist_prev_vpoc = (prev_vpoc_lvl-close)/tick,2026-07-13,0.0,13efb186
dist_prev_vpoc = (prev_vpoc_lvl-close)/tick,2026-07-14,0.0,13efb186
dist_prev_vpoc = (prev_vpoc_lvl-close)/tick,2026-07-15,0.0,13efb186
dist_prev_vpoc = (prev_vpoc_lvl-close)/tick,2026-07-16,0.0,13efb186
dist_prev_vpoc = (prev_vpoc_lvl-close)/tick,2026-07-17,0.0,f6003b62
dist_prev_vpoc = (prev_vpoc_lvl-close)/tick,2026-07-19,0.0,f6003b62
dist_prev_vpoc = (prev_vpoc_lvl-close)/tick,2026-07-20,0.0,f6003b62
dist_prev_vpoc = (prev_vpoc_lvl-close)/tick,2026-07-21,0.0,f6003b62
dist_prev_vpoc = (prev_vpoc_lvl-close)/tick,2026-07-22,0.0,ed53e566
dist_prev_vpoc = (prev_vpoc_lvl-close)/tick,2026-07-23,0.0,ed53e566
dist_prev_vpoc = (prev_vpoc_lvl-close)/tick,2026-07-24,0.0,ed53e566
dist_prev_vpoc = (prev_vpoc_lvl-close)/tick,2026-07-26,0.0,4981d53a
dist_prev_vpoc = (prev_vpoc_lvl-close)/tick,2026-07-27,0.0,4981d53a
dist_prev_vpoc = (prev_vpoc_lvl-close)/tick,2026-07-28,0.0,4981d53a
dist_prev_vpoc = (prev_vpoc_lvl-close)/tick,2026-07-29,0.0,4981d53a
dist_prev_vpoc = (prev_vpoc_lvl-close)/tick,2026-07-30,0.0,4981d53a
dist_prev_vpoc = (prev_vpoc_lvl-close)/tick,2026-07-31,0.0,4981d53a
dist_prev_vpoc = (prev_vpoc_lvl-close)/tick,2026-08-04,0.0,1d20af93
dist_prev_vpoc = (prev_vpoc_lvl-close)/tick,2026-08-06,0.0,feec66f6
dist_prev_vpoc = (prev_vpoc_lvl-close)/tick,2026-08-07,0.0,287627ed
dist_prev_vpoc = (prev_vpoc_lvl-close)/tick,2026-08-09,0.0,43f2daf5
dist_prev_vpoc = (prev_vpoc_lvl-close)/tick,2026-08-11,0.0,78177655
dist_prev_vpoc = (prev_vpoc_lvl-close)/tick,2026-08-12,0.0,78177655
dist_prev_vpoc = (prev_vpoc_lvl-close)/tick,2026-08-13,0.0,78177655
dist_prev_vpoc = (prev_vpoc_lvl-close)/tick,2026-08-14,0.0,78177655
dist_prev_vpoc = (prev_vpoc_lvl-close)/tick,2026-08-16,0.0,605df903
dist_prev_vpoc = (prev_vpoc_lvl-close)/tick,2026-08-17,0.0,605df903
dist_prev_vpoc = (prev_vpoc_lvl-close)/tick,2026-08-18,0.0,605df903
dist_prev_vpoc = (prev_vpoc_lvl-close)/tick,2026-08-19,0.0,605df903
dist_prev_vpoc = (prev_vpoc_lvl-close)/tick,2026-08-20,0.0,605df903
dist_prev_vpoc = (prev_vpoc_lvl-close)/tick,2026-08-21,0.0,605df903
dist_prev_vpoc = (prev_vpoc_lvl-close)/tick,2026-08-23,0.0,605df903
dist_prev_vpoc = (prev_vpoc_lvl-close)/tick,2026-08-24,0.0,605df903
dist_prev_vpoc = (prev_vpoc_lvl-close)/tick,2026-08-25,0.0,605df903
dist_prev_vpoc = (prev_vpoc_lvl-close)/tick,2026-08-26,0.0,605df903
dist_prev_vpoc = (prev_vpoc_lvl-close)/tick,2026-08-27,0.0,605df903
dist_prev_vpoc = (prev_vpoc_lvl-close)/tick,2026-08-28,0.0,605df903
dist_prev_vpoc = (prev_vpoc_lvl-close)/tick,2026-08-30,0.0,605df903
dist_prev_vpoc = (prev_vpoc_lvl-close)/tick,2026-08-31,0.0,605df903
dist_prev_vpoc = (prev_vpoc_lvl-close)/tick,2026-09-01,0.0,605df903
dist_prev_vpoc = (prev_vpoc_lvl-close)/tick,2026-09-02,0.0,605df903
dist_prev_vpoc = (prev_vpoc_lvl-close)/tick,2026-09-03,0.0,605df903
dist_prev_vah = (prev_vah_lvl-close)/tick,2026-06-11,0.0,c43dc080
dist_prev_vah = (prev_vah_lvl-close)/tick,2026-06-15,0.0,114b1ca4
dist_prev_vah = (prev_vah_lvl-close)/tick,2026-06-16,0.0,e7199bc7
dist_prev_vah = (prev_vah_lvl-close)/tick,2026-06-17,0.0,e7199bc7
dist_prev_vah = (prev_vah_lvl-close)/tick,2026-06-18,0.0,e7199bc7
dist_prev_vah = (prev_vah_lvl-close)/tick,2026-06-21,0.0,9238adc1
dist_prev_vah = (prev_vah_lvl-close)/tick,2026-06-22,0.0,9238adc1
dist_prev_vah = (prev_vah_lvl-close)/tick,2026-06-23,0.0,9238adc1
dist_prev_vah = (prev_vah_lvl-close)/tick,2026-06-26,0.0,9238adc1
dist_prev_vah = (prev_vah_lvl-close)/tick,2026-06-28,0.0,944f7204
dist_prev_vah = (prev_vah_lvl-close)/tick,2026-06-29,0.0,944f7204
dist_prev_vah = (prev_vah_lvl-close)/tick,2026-07-01,0.0,944f7204
dist_prev_vah = (prev_vah_lvl-close)/tick,2026-07-02,0.0,944f7204
dist_prev_vah = (prev_vah_lvl-close)/tick,2026-07-05,0.0,13efb186
dist_prev_vah = (prev_vah_lvl-close)/tick,2026-07-06,0.0,13efb186
dist_prev_vah = (prev_vah_lvl-close)/tick,2026-07-07,0.0,13efb186
dist_prev_vah = (prev_vah_lvl-close)/tick,2026-07-08,0.0,13efb186
dist_prev_vah = (prev_vah_lvl-close)/tick,2026-07-09,0.0,13efb186
dist_prev_vah = (prev_vah_lvl-close)/tick,2026-07-10,0.0,13efb186
dist_prev_vah = (prev_vah_lvl-close)/tick,2026-07-12,0.0,13efb186
dist_prev_vah = (prev_vah_lvl-close)/tick,2026-07-13,0.0,13efb186
dist_prev_vah = (prev_vah_lvl-close)/tick,2026-07-14,0.0,13efb186
dist_prev_vah = (prev_vah_lvl-close)/tick,2026-07-15,0.0,13efb186
dist_prev_vah = (prev_vah_lvl-close)/tick,2026-07-16,0.0,13efb186
dist_prev_vah = (prev_vah_lvl-close)/tick,2026-07-17,0.0,f6003b62
dist_prev_vah = (prev_vah_lvl-close)/tick,2026-07-19,0.0,f6003b62
dist_prev_vah = (prev_vah_lvl-close)/tick,2026-07-20,0.0,f6003b62
dist_prev_vah = (prev_vah_lvl-close)/tick,2026-07-21,0.0,f6003b62
dist_prev_vah = (prev_vah_lvl-close)/tick,2026-07-22,0.0,ed53e566
dist_prev_vah = (prev_vah_lvl-close)/tick,2026-07-23,0.0,ed53e566
dist_prev_vah = (prev_vah_lvl-close)/tick,2026-07-24,0.0,ed53e566
dist_prev_vah = (prev_vah_lvl-close)/tick,2026-07-26,0.0,4981d53a
dist_prev_vah = (prev_vah_lvl-close)/tick,2026-07-27,0.0,4981d53a
dist_prev_vah = (prev_vah_lvl-close)/tick,2026-07-28,0.0,4981d53a
dist_prev_vah = (prev_vah_lvl-close)/tick,2026-07-29,0.0,4981d53a
dist_prev_vah = (prev_vah_lvl-close)/tick,2026-07-30,0.0,4981d53a
dist_prev_vah = (prev_vah_lvl-close)/tick,2026-07-31,0.0,4981d53a
dist_prev_vah = (prev_vah_lvl-close)/tick,2026-08-04,0.0,1d20af93
dist_prev_vah = (prev_vah_lvl-close)/tick,2026-08-06,0.0,feec66f6
dist_prev_vah = (prev_vah_lvl-close)/tick,2026-08-07,0.0,287627ed
dist_prev_vah = (prev_vah_lvl-close)/tick,2026-08-09,0.0,43f2daf5
dist_prev_vah = (prev_vah_lvl-close)/tick,2026-08-11,0.0,78177655
dist_prev_vah = (prev_vah_lvl-close)/tick,2026-08-12,0.0,78177655
dist_prev_vah = (prev_vah_lvl-close)/tick,2026-08-13,0.0,78177655
dist_prev_vah = (prev_vah_lvl-close)/tick,2026-08-14,0.0,78177655
dist_prev_vah = (prev_vah_lvl-close)/tick,2026-08-16,0.0,605df903
dist_prev_vah = (prev_vah_lvl-close)/tick,2026-08-17,0.0,605df903
dist_prev_vah = (prev_vah_lvl-close)/tick,2026-08-18,0.0,605df903
dist_prev_vah = (prev_vah_lvl-close)/tick,2026-08-19,0.0,605df903
dist_prev_vah = (prev_vah_lvl-close)/tick,2026-08-20,0.0,605df903
dist_prev_vah = (prev_vah_lvl-close)/tick,2026-08-21,0.0,605df903
dist_prev_vah = (prev_vah_lvl-close)/tick,2026-08-23,0.0,605df903
dist_prev_vah = (prev_vah_lvl-close)/tick,2026-08-24,0.0,605df903
dist_prev_vah = (prev_vah_lvl-close)/tick,2026-08-25,0.0,605df903
dist_prev_vah = (prev_vah_lvl-close)/tick,2026-08-26,0.0,605df903
dist_prev_vah = (prev_vah_lvl-close)/tick,2026-08-27,0.0,605df903
dist_prev_vah = (prev_vah_lvl-close)/tick,2026-08-28,0.0,605df903
dist_prev_vah = (prev_vah_lvl-close)/tick,2026-08-30,0.0,605df903
dist_prev_vah = (prev_vah_lvl-close)/tick,2026-08-31,0.0,605df903
dist_prev_vah = (prev_vah_lvl-close)/tick,2026-09-01,0.0,605df903
dist_prev_vah = (prev_vah_lvl-close)/tick,2026-09-02,0.0,605df903
dist_prev_vah = (prev_vah_lvl-close)/tick,2026-09-03,0.0,605df903
dist_prev_val = (prev_val_lvl-close)/tick,2026-06-11,0.0,c43dc080
dist_prev_val = (prev_val_lvl-close)/tick,2026-06-15,0.0,114b1ca4
dist_prev_val = (prev_val_lvl-close)/tick,2026-06-16,0.0,e7199bc7
dist_prev_val = (prev_val_lvl-close)/tick,2026-06-17,0.0,e7199bc7
dist_prev_val = (prev_val_lvl-close)/tick,2026-06-18,0.0,e7199bc7
dist_prev_val = (prev_val_lvl-close)/tick,2026-06-21,0.0,9238adc1
dist_prev_val = (prev_val_lvl-close)/tick,2026-06-22,0.0,9238adc1
dist_prev_val = (prev_val_lvl-close)/tick,2026-06-23,0.0,9238adc1
dist_prev_val = (prev_val_lvl-close)/tick,2026-06-26,0.0,9238adc1
dist_prev_val = (prev_val_lvl-close)/tick,2026-06-28,0.0,944f7204
dist_prev_val = (prev_val_lvl-close)/tick,2026-06-29,0.0,944f7204
dist_prev_val = (prev_val_lvl-close)/tick,2026-07-01,0.0,944f7204
dist_prev_val = (prev_val_lvl-close)/tick,2026-07-02,0.0,944f7204
dist_prev_val = (prev_val_lvl-close)/tick,2026-07-05,0.0,13efb186
dist_prev_val = (prev_val_lvl-close)/tick,2026-07-06,0.0,13efb186
dist_prev_val = (prev_val_lvl-close)/tick,2026-07-07,0.0,13efb186
dist_prev_val = (prev_val_lvl-close)/tick,2026-07-08,0.0,13efb186
dist_prev_val = (prev_val_lvl-close)/tick,2026-07-09,0.0,13efb186
dist_prev_val = (prev_val_lvl-close)/tick,2026-07-10,0.0,13efb186
dist_prev_val = (prev_val_lvl-close)/tick,2026-07-12,0.0,13efb186
dist_prev_val = (prev_val_lvl-close)/tick,2026-07-13,0.0,13efb186
dist_prev_val = (prev_val_lvl-close)/tick,2026-07-14,0.0,13efb186
dist_prev_val = (prev_val_lvl-close)/tick,2026-07-15,0.0,13efb186
dist_prev_val = (prev_val_lvl-close)/tick,2026-07-16,0.0,13efb186
dist_prev_val = (prev_val_lvl-close)/tick,2026-07-17,0.0,f6003b62
dist_prev_val = (prev_val_lvl-close)/tick,2026-07-19,0.0,f6003b62
dist_prev_val = (prev_val_lvl-close)/tick,2026-07-20,0.0,f6003b62
dist_prev_val = (prev_val_lvl-close)/tick,2026-07-21,0.0,f6003b62
dist_prev_val = (prev_val_lvl-close)/tick,2026-07-22,0.0,ed53e566
dist_prev_val = (prev_val_lvl-close)/tick,2026-07-23,0.0,ed53e566
dist_prev_val = (prev_val_lvl-close)/tick,2026-07-24,0.0,ed53e566
dist_prev_val = (prev_val_lvl-close)/tick,2026-07-26,0.0,4981d53a
dist_prev_val = (prev_val_lvl-close)/tick,2026-07-27,0.0,4981d53a
dist_prev_val = (prev_val_lvl-close)/tick,2026-07-28,0.0,4981d53a
dist_prev_val = (prev_val_lvl-close)/tick,2026-07-29,0.0,4981d53a
dist_prev_val = (prev_val_lvl-close)/tick,2026-07-30,0.0,4981d53a
dist_prev_val = (prev_val_lvl-close)/tick,2026-07-31,0.0,4981d53a
dist_prev_val = (prev_val_lvl-close)/tick,2026-08-04,0.0,1d20af93
dist_prev_val = (prev_val_lvl-close)/tick,2026-08-06,0.0,feec66f6
dist_prev_val = (prev_val_lvl-close)/tick,2026-08-07,0.0,287627ed
dist_prev_val = (prev_val_lvl-close)/tick,2026-08-09,0.0,43f2daf5
dist_prev_val = (prev_val_lvl-close)/tick,2026-08-11,0.0,78177655
dist_prev_val = (prev_val_lvl-close)/tick,2026-08-12,0.0,78177655
dist_prev_val = (prev_val_lvl-close)/tick,2026-08-13,0.0,78177655
dist_prev_val = (prev_val_lvl-close)/tick,2026-08-14,0.0,78177655
dist_prev_val = (prev_val_lvl-close)/tick,2026-08-16,0.0,605df903
dist_prev_val = (prev_val_lvl-close)/tick,2026-08-17,0.0,605df903
dist_prev_val = (prev_val_lvl-close)/tick,2026-08-18,0.0,605df903
dist_prev_val = (prev_val_lvl-close)/tick,2026-08-19,0.0,605df903
dist_prev_val = (prev_val_lvl-close)/tick,2026-08-20,0.0,605df903
dist_prev_val = (prev_val_lvl-close)/tick,2026-08-21,0.0,605df903
dist_prev_val = (prev_val_lvl-close)/tick,2026-08-23,0.0,605df903
dist_prev_val = (prev_val_lvl-close)/tick,2026-08-24,0.0,605df903
dist_prev_val = (prev_val_lvl-close)/tick,2026-08-25,0.0,605df903
dist_prev_val = (prev_val_lvl-close)/tick,2026-08-26,0.0,605df903
dist_prev_val = (prev_val_lvl-close)/tick,2026-08-27,0.0,605df903
dist_prev_val = (prev_val_lvl-close)/tick,2026-08-28,0.0,605df903
dist_prev_val = (prev_val_lvl-close)/tick,2026-08-30,0.0,605df903
dist_prev_val = (prev_val_lvl-close)/tick,2026-08-31,0.0,605df903
dist_prev_val = (prev_val_lvl-close)/tick,2026-09-01,0.0,605df903
dist_prev_val = (prev_val_lvl-close)/tick,2026-09-02,0.0,605df903
dist_prev_val = (prev_val_lvl-close)/tick,2026-09-03,0.0,605df903
dist_prev_vwap = (pvwap-close)/tick,2026-06-11,0.0,c43dc080
dist_prev_vwap = (pvwap-close)/tick,2026-06-15,0.0,114b1ca4
dist_prev_vwap = (pvwap-close)/tick,2026-06-16,0.0,e7199bc7
dist_prev_vwap = (pvwap-close)/tick,2026-06-17,0.0,e7199bc7
dist_prev_vwap = (pvwap-close)/tick,2026-06-18,0.0865,e7199bc7
dist_prev_vwap = (pvwap-close)/tick,2026-06-21,1.0,9238adc1
dist_prev_vwap = (pvwap-close)/tick,2026-06-22,1.0,9238adc1
dist_prev_vwap = (pvwap-close)/tick,2026-06-23,1.0,9238adc1
dist_prev_vwap = (pvwap-close)/tick,2026-06-26,1.0,9238adc1
dist_prev_vwap = (pvwap-close)/tick,2026-06-28,1.0,944f7204
dist_prev_vwap = (pvwap-close)/tick,2026-06-29,1.0,944f7204
dist_prev_vwap = (pvwap-close)/tick,2026-07-01,1.0,944f7204
dist_prev_vwap = (pvwap-close)/tick,2026-07-02,1.0,944f7204
dist_prev_vwap = (pvwap-close)/tick,2026-07-05,1.0,13efb186
dist_prev_vwap = (pvwap-close)/tick,2026-07-06,1.0,13efb186
dist_prev_vwap = (pvwap-close)/tick,2026-07-07,1.0,13efb186
dist_prev_vwap = (pvwap-close)/tick,2026-07-08,1.0,13efb186
dist_prev_vwap = (pvwap-close)/tick,2026-07-09,1.0,13efb186
dist_prev_vwap = (pvwap-close)/tick,2026-07-10,1.0,13efb186
dist_prev_vwap = (pvwap-close)/tick,2026-07-12,1.0,13efb186
dist_prev_vwap = (pvwap-close)/tick,2026-07-13,1.0,13efb186
dist_prev_vwap = (pvwap-close)/tick,2026-07-14,1.0,13efb186
dist_prev_vwap = (pvwap-close)/tick,2026-07-15,1.0,13efb186
dist_prev_vwap = (pvwap-close)/tick,2026-07-16,1.0,13efb186
dist_prev_vwap = (pvwap-close)/tick,2026-07-17,1.0,f6003b62
dist_prev_vwap = (pvwap-close)/tick,2026-07-19,1.0,f6003b62
dist_prev_vwap = (pvwap-close)/tick,2026-07-20,1.0,f6003b62
dist_prev_vwap = (pvwap-close)/tick,2026-07-21,1.0,f6003b62
dist_prev_vwap = (pvwap-close)/tick,2026-07-22,1.0,ed53e566
dist_prev_vwap = (pvwap-close)/tick,2026-07-23,1.0,ed53e566
dist_prev_vwap = (pvwap-close)/tick,2026-07-24,1.0,ed53e566
dist_prev_vwap = (pvwap-close)/tick,2026-07-26,1.0,4981d53a
dist_prev_vwap = (pvwap-close)/tick,2026-07-27,1.0,4981d53a
dist_prev_vwap = (pvwap-close)/tick,2026-07-28,1.0,4981d53a
dist_prev_vwap = (pvwap-close)/tick,2026-07-29,1.0,4981d53a
dist_prev_vwap = (pvwap-close)/tick,2026-07-30,1.0,4981d53a
dist_prev_vwap = (pvwap-close)/tick,2026-07-31,1.0,4981d53a
dist_prev_vwap = (pvwap-close)/tick,2026-08-04,1.0,1d20af93
dist_prev_vwap = (pvwap-close)/tick,2026-08-06,1.0,feec66f6
dist_prev_vwap = (pvwap-close)/tick,2026-08-07,1.0,287627ed
dist_prev_vwap = (pvwap-close)/tick,2026-08-09,1.0,43f2daf5
dist_prev_vwap = (pvwap-close)/tick,2026-08-11,1.0,78177655
dist_prev_vwap = (pvwap-close)/tick,2026-08-12,1.0,78177655
dist_prev_vwap = (pvwap-close)/tick,2026-08-13,1.0,78177655
dist_prev_vwap = (pvwap-close)/tick,2026-08-14,1.0,78177655
dist_prev_vwap = (pvwap-close)/tick,2026-08-16,1.0,605df903
dist_prev_vwap = (pvwap-close)/tick,2026-08-17,1.0,605df903
dist_prev_vwap = (pvwap-close)/tick,2026-08-18,1.0,605df903
dist_prev_vwap = (pvwap-close)/tick,2026-08-19,1.0,605df903
dist_prev_vwap = (pvwap-close)/tick,2026-08-20,1.0,605df903
dist_prev_vwap = (pvwap-close)/tick,2026-08-21,1.0,605df903
dist_prev_vwap = (pvwap-close)/tick,2026-08-23,1.0,605df903
dist_prev_vwap = (pvwap-close)/tick,2026-08-24,1.0,605df903
dist_prev_vwap = (pvwap-close)/tick,2026-08-25,1.0,605df903
dist_prev_vwap = (pvwap-close)/tick,2026-08-26,1.0,605df903
dist_prev_vwap = (pvwap-close)/tick,2026-08-27,1.0,605df903
dist_prev_vwap = (pvwap-close)/tick,2026-08-28,1.0,605df903
dist_prev_vwap = (pvwap-close)/tick,2026-08-30,1.0,605df903
dist_prev_vwap = (pvwap-close)/tick,2026-08-31,1.0,605df903
dist_prev_vwap = (pvwap-close)/tick,2026-09-01,1.0,605df903
dist_prev_vwap = (pvwap-close)/tick,2026-09-02,1.0,605df903
dist_prev_vwap = (pvwap-close)/tick,2026-09-03,1.0,605df903
dist_prev_vwap_sd1u = (pvwap_sd1u-close)/tick,2026-06-11,0.0,c43dc080
dist_prev_vwap_sd1u = (pvwap_sd1u-close)/tick,2026-06-15,0.0,114b1ca4
dist_prev_vwap_sd1u = (pvwap_sd1u-close)/tick,2026-06-16,0.0,e7199bc7
dist_prev_vwap_sd1u = (pvwap_sd1u-close)/tick,2026-06-17,0.0,e7199bc7
dist_prev_vwap_sd1u = (pvwap_sd1u-close)/tick,2026-06-18,0.0865,e7199bc7
dist_prev_vwap_sd1u = (pvwap_sd1u-close)/tick,2026-06-21,1.0,9238adc1
dist_prev_vwap_sd1u = (pvwap_sd1u-close)/tick,2026-06-22,1.0,9238adc1
dist_prev_vwap_sd1u = (pvwap_sd1u-close)/tick,2026-06-23,1.0,9238adc1
dist_prev_vwap_sd1u = (pvwap_sd1u-close)/tick,2026-06-26,1.0,9238adc1
dist_prev_vwap_sd1u = (pvwap_sd1u-close)/tick,2026-06-28,1.0,944f7204
dist_prev_vwap_sd1u = (pvwap_sd1u-close)/tick,2026-06-29,1.0,944f7204
dist_prev_vwap_sd1u = (pvwap_sd1u-close)/tick,2026-07-01,1.0,944f7204
dist_prev_vwap_sd1u = (pvwap_sd1u-close)/tick,2026-07-02,1.0,944f7204
dist_prev_vwap_sd1u = (pvwap_sd1u-close)/tick,2026-07-05,1.0,13efb186
dist_prev_vwap_sd1u = (pvwap_sd1u-close)/tick,2026-07-06,1.0,13efb186
dist_prev_vwap_sd1u = (pvwap_sd1u-close)/tick,2026-07-07,1.0,13efb186
dist_prev_vwap_sd1u = (pvwap_sd1u-close)/tick,2026-07-08,1.0,13efb186
dist_prev_vwap_sd1u = (pvwap_sd1u-close)/tick,2026-07-09,1.0,13efb186
dist_prev_vwap_sd1u = (pvwap_sd1u-close)/tick,2026-07-10,1.0,13efb186
dist_prev_vwap_sd1u = (pvwap_sd1u-close)/tick,2026-07-12,1.0,13efb186
dist_prev_vwap_sd1u = (pvwap_sd1u-close)/tick,2026-07-13,1.0,13efb186
dist_prev_vwap_sd1u = (pvwap_sd1u-close)/tick,2026-07-14,1.0,13efb186
dist_prev_vwap_sd1u = (pvwap_sd1u-close)/tick,2026-07-15,1.0,13efb186
dist_prev_vwap_sd1u = (pvwap_sd1u-close)/tick,2026-07-16,1.0,13efb186
dist_prev_vwap_sd1u = (pvwap_sd1u-close)/tick,2026-07-17,1.0,f6003b62
dist_prev_vwap_sd1u = (pvwap_sd1u-close)/tick,2026-07-19,1.0,f6003b62
dist_prev_vwap_sd1u = (pvwap_sd1u-close)/tick,2026-07-20,1.0,f6003b62
dist_prev_vwap_sd1u = (pvwap_sd1u-close)/tick,2026-07-21,1.0,f6003b62
dist_prev_vwap_sd1u = (pvwap_sd1u-close)/tick,2026-07-22,1.0,ed53e566
dist_prev_vwap_sd1u = (pvwap_sd1u-close)/tick,2026-07-23,1.0,ed53e566
dist_prev_vwap_sd1u = (pvwap_sd1u-close)/tick,2026-07-24,1.0,ed53e566
dist_prev_vwap_sd1u = (pvwap_sd1u-close)/tick,2026-07-26,1.0,4981d53a
dist_prev_vwap_sd1u = (pvwap_sd1u-close)/tick,2026-07-27,1.0,4981d53a
dist_prev_vwap_sd1u = (pvwap_sd1u-close)/tick,2026-07-28,1.0,4981d53a
dist_prev_vwap_sd1u = (pvwap_sd1u-close)/tick,2026-07-29,1.0,4981d53a
dist_prev_vwap_sd1u = (pvwap_sd1u-close)/tick,2026-07-30,1.0,4981d53a
dist_prev_vwap_sd1u = (pvwap_sd1u-close)/tick,2026-07-31,1.0,4981d53a
dist_prev_vwap_sd1u = (pvwap_sd1u-close)/tick,2026-08-04,1.0,1d20af93
dist_prev_vwap_sd1u = (pvwap_sd1u-close)/tick,2026-08-06,1.0,feec66f6
dist_prev_vwap_sd1u = (pvwap_sd1u-close)/tick,2026-08-07,1.0,287627ed
dist_prev_vwap_sd1u = (pvwap_sd1u-close)/tick,2026-08-09,1.0,43f2daf5
dist_prev_vwap_sd1u = (pvwap_sd1u-close)/tick,2026-08-11,1.0,78177655
dist_prev_vwap_sd1u = (pvwap_sd1u-close)/tick,2026-08-12,1.0,78177655
dist_prev_vwap_sd1u = (pvwap_sd1u-close)/tick,2026-08-13,1.0,78177655
dist_prev_vwap_sd1u = (pvwap_sd1u-close)/tick,2026-08-14,1.0,78177655
dist_prev_vwap_sd1u = (pvwap_sd1u-close)/tick,2026-08-16,1.0,605df903
dist_prev_vwap_sd1u = (pvwap_sd1u-close)/tick,2026-08-17,1.0,605df903
dist_prev_vwap_sd1u = (pvwap_sd1u-close)/tick,2026-08-18,1.0,605df903
dist_prev_vwap_sd1u = (pvwap_sd1u-close)/tick,2026-08-19,1.0,605df903
dist_prev_vwap_sd1u = (pvwap_sd1u-close)/tick,2026-08-20,1.0,605df903
dist_prev_vwap_sd1u = (pvwap_sd1u-close)/tick,2026-08-21,1.0,605df903
dist_prev_vwap_sd1u = (pvwap_sd1u-close)/tick,2026-08-23,1.0,605df903
dist_prev_vwap_sd1u = (pvwap_sd1u-close)/tick,2026-08-24,1.0,605df903
dist_prev_vwap_sd1u = (pvwap_sd1u-close)/tick,2026-08-25,1.0,605df903
dist_prev_vwap_sd1u = (pvwap_sd1u-close)/tick,2026-08-26,1.0,605df903
dist_prev_vwap_sd1u = (pvwap_sd1u-close)/tick,2026-08-27,1.0,605df903
dist_prev_vwap_sd1u = (pvwap_sd1u-close)/tick,2026-08-28,1.0,605df903
dist_prev_vwap_sd1u = (pvwap_sd1u-close)/tick,2026-08-30,1.0,605df903
dist_prev_vwap_sd1u = (pvwap_sd1u-close)/tick,2026-08-31,1.0,605df903
dist_prev_vwap_sd1u = (pvwap_sd1u-close)/tick,2026-09-01,1.0,605df903
dist_prev_vwap_sd1u = (pvwap_sd1u-close)/tick,2026-09-02,1.0,605df903
dist_prev_vwap_sd1u = (pvwap_sd1u-close)/tick,2026-09-03,1.0,605df903
dist_prev_vwap_sd1d = (pvwap_sd1d-close)/tick,2026-06-11,0.0,c43dc080
dist_prev_vwap_sd1d = (pvwap_sd1d-close)/tick,2026-06-15,0.0,114b1ca4
dist_prev_vwap_sd1d = (pvwap_sd1d-close)/tick,2026-06-16,0.0,e7199bc7
dist_prev_vwap_sd1d = (pvwap_sd1d-close)/tick,2026-06-17,0.0,e7199bc7
dist_prev_vwap_sd1d = (pvwap_sd1d-close)/tick,2026-06-18,0.0865,e7199bc7
dist_prev_vwap_sd1d = (pvwap_sd1d-close)/tick,2026-06-21,1.0,9238adc1
dist_prev_vwap_sd1d = (pvwap_sd1d-close)/tick,2026-06-22,1.0,9238adc1
dist_prev_vwap_sd1d = (pvwap_sd1d-close)/tick,2026-06-23,1.0,9238adc1
dist_prev_vwap_sd1d = (pvwap_sd1d-close)/tick,2026-06-26,1.0,9238adc1
dist_prev_vwap_sd1d = (pvwap_sd1d-close)/tick,2026-06-28,1.0,944f7204
dist_prev_vwap_sd1d = (pvwap_sd1d-close)/tick,2026-06-29,1.0,944f7204
dist_prev_vwap_sd1d = (pvwap_sd1d-close)/tick,2026-07-01,1.0,944f7204
dist_prev_vwap_sd1d = (pvwap_sd1d-close)/tick,2026-07-02,1.0,944f7204
dist_prev_vwap_sd1d = (pvwap_sd1d-close)/tick,2026-07-05,1.0,13efb186
dist_prev_vwap_sd1d = (pvwap_sd1d-close)/tick,2026-07-06,1.0,13efb186
dist_prev_vwap_sd1d = (pvwap_sd1d-close)/tick,2026-07-07,1.0,13efb186
dist_prev_vwap_sd1d = (pvwap_sd1d-close)/tick,2026-07-08,1.0,13efb186
dist_prev_vwap_sd1d = (pvwap_sd1d-close)/tick,2026-07-09,1.0,13efb186
dist_prev_vwap_sd1d = (pvwap_sd1d-close)/tick,2026-07-10,1.0,13efb186
dist_prev_vwap_sd1d = (pvwap_sd1d-close)/tick,2026-07-12,1.0,13efb186
dist_prev_vwap_sd1d = (pvwap_sd1d-close)/tick,2026-07-13,1.0,13efb186
dist_prev_vwap_sd1d = (pvwap_sd1d-close)/tick,2026-07-14,1.0,13efb186
dist_prev_vwap_sd1d = (pvwap_sd1d-close)/tick,2026-07-15,1.0,13efb186
dist_prev_vwap_sd1d = (pvwap_sd1d-close)/tick,2026-07-16,1.0,13efb186
dist_prev_vwap_sd1d = (pvwap_sd1d-close)/tick,2026-07-17,1.0,f6003b62
dist_prev_vwap_sd1d = (pvwap_sd1d-close)/tick,2026-07-19,1.0,f6003b62
dist_prev_vwap_sd1d = (pvwap_sd1d-close)/tick,2026-07-20,1.0,f6003b62
dist_prev_vwap_sd1d = (pvwap_sd1d-close)/tick,2026-07-21,1.0,f6003b62
dist_prev_vwap_sd1d = (pvwap_sd1d-close)/tick,2026-07-22,1.0,ed53e566
dist_prev_vwap_sd1d = (pvwap_sd1d-close)/tick,2026-07-23,1.0,ed53e566
dist_prev_vwap_sd1d = (pvwap_sd1d-close)/tick,2026-07-24,1.0,ed53e566
dist_prev_vwap_sd1d = (pvwap_sd1d-close)/tick,2026-07-26,1.0,4981d53a
dist_prev_vwap_sd1d = (pvwap_sd1d-close)/tick,2026-07-27,1.0,4981d53a
dist_prev_vwap_sd1d = (pvwap_sd1d-close)/tick,2026-07-28,1.0,4981d53a
dist_prev_vwap_sd1d = (pvwap_sd1d-close)/tick,2026-07-29,1.0,4981d53a
dist_prev_vwap_sd1d = (pvwap_sd1d-close)/tick,2026-07-30,1.0,4981d53a
dist_prev_vwap_sd1d = (pvwap_sd1d-close)/tick,2026-07-31,1.0,4981d53a
dist_prev_vwap_sd1d = (pvwap_sd1d-close)/tick,2026-08-04,1.0,1d20af93
dist_prev_vwap_sd1d = (pvwap_sd1d-close)/tick,2026-08-06,1.0,feec66f6
dist_prev_vwap_sd1d = (pvwap_sd1d-close)/tick,2026-08-07,1.0,287627ed
dist_prev_vwap_sd1d = (pvwap_sd1d-close)/tick,2026-08-09,1.0,43f2daf5
dist_prev_vwap_sd1d = (pvwap_sd1d-close)/tick,2026-08-11,1.0,78177655
dist_prev_vwap_sd1d = (pvwap_sd1d-close)/tick,2026-08-12,1.0,78177655
dist_prev_vwap_sd1d = (pvwap_sd1d-close)/tick,2026-08-13,1.0,78177655
dist_prev_vwap_sd1d = (pvwap_sd1d-close)/tick,2026-08-14,1.0,78177655
dist_prev_vwap_sd1d = (pvwap_sd1d-close)/tick,2026-08-16,1.0,605df903
dist_prev_vwap_sd1d = (pvwap_sd1d-close)/tick,2026-08-17,1.0,605df903
dist_prev_vwap_sd1d = (pvwap_sd1d-close)/tick,2026-08-18,1.0,605df903
dist_prev_vwap_sd1d = (pvwap_sd1d-close)/tick,2026-08-19,1.0,605df903
dist_prev_vwap_sd1d = (pvwap_sd1d-close)/tick,2026-08-20,1.0,605df903
dist_prev_vwap_sd1d = (pvwap_sd1d-close)/tick,2026-08-21,1.0,605df903
dist_prev_vwap_sd1d = (pvwap_sd1d-close)/tick,2026-08-23,1.0,605df903
dist_prev_vwap_sd1d = (pvwap_sd1d-close)/tick,2026-08-24,1.0,605df903
dist_prev_vwap_sd1d = (pvwap_sd1d-close)/tick,2026-08-25,1.0,605df903
dist_prev_vwap_sd1d = (pvwap_sd1d-close)/tick,2026-08-26,1.0,605df903
dist_prev_vwap_sd1d = (pvwap_sd1d-close)/tick,2026-08-27,1.0,605df903
dist_prev_vwap_sd1d = (pvwap_sd1d-close)/tick,2026-08-28,1.0,605df903
dist_prev_vwap_sd1d = (pvwap_sd1d-close)/tick,2026-08-30,1.0,605df903
dist_prev_vwap_sd1d = (pvwap_sd1d-close)/tick,2026-08-31,1.0,605df903
dist_prev_vwap_sd1d = (pvwap_sd1d-close)/tick,2026-09-01,1.0,605df903
dist_prev_vwap_sd1d = (pvwap_sd1d-close)/tick,2026-09-02,1.0,605df903
dist_prev_vwap_sd1d = (pvwap_sd1d-close)/tick,2026-09-03,1.0,605df903
dist_vwap_d_sd1u = (vwap_d_sd1u-close)/tick,2026-06-11,0.0,c43dc080
dist_vwap_d_sd1u = (vwap_d_sd1u-close)/tick,2026-06-15,0.0,114b1ca4
dist_vwap_d_sd1u = (vwap_d_sd1u-close)/tick,2026-06-16,0.0,e7199bc7
dist_vwap_d_sd1u = (vwap_d_sd1u-close)/tick,2026-06-17,0.0,e7199bc7
dist_vwap_d_sd1u = (vwap_d_sd1u-close)/tick,2026-06-18,0.0,e7199bc7
dist_vwap_d_sd1u = (vwap_d_sd1u-close)/tick,2026-06-21,0.0,9238adc1
dist_vwap_d_sd1u = (vwap_d_sd1u-close)/tick,2026-06-22,0.0,9238adc1
dist_vwap_d_sd1u = (vwap_d_sd1u-close)/tick,2026-06-23,0.0,9238adc1
dist_vwap_d_sd1u = (vwap_d_sd1u-close)/tick,2026-06-26,0.0,9238adc1
dist_vwap_d_sd1u = (vwap_d_sd1u-close)/tick,2026-06-28,0.0,944f7204
dist_vwap_d_sd1u = (vwap_d_sd1u-close)/tick,2026-06-29,0.0,944f7204
dist_vwap_d_sd1u = (vwap_d_sd1u-close)/tick,2026-07-01,0.0,944f7204
dist_vwap_d_sd1u = (vwap_d_sd1u-close)/tick,2026-07-02,0.0,944f7204
dist_vwap_d_sd1u = (vwap_d_sd1u-close)/tick,2026-07-05,0.0,13efb186
dist_vwap_d_sd1u = (vwap_d_sd1u-close)/tick,2026-07-06,0.0,13efb186
dist_vwap_d_sd1u = (vwap_d_sd1u-close)/tick,2026-07-07,0.0,13efb186
dist_vwap_d_sd1u = (vwap_d_sd1u-close)/tick,2026-07-08,0.0,13efb186
dist_vwap_d_sd1u = (vwap_d_sd1u-close)/tick,2026-07-09,0.0,13efb186
dist_vwap_d_sd1u = (vwap_d_sd1u-close)/tick,2026-07-10,0.0,13efb186
dist_vwap_d_sd1u = (vwap_d_sd1u-close)/tick,2026-07-12,0.0,13efb186
dist_vwap_d_sd1u = (vwap_d_sd1u-close)/tick,2026-07-13,0.0,13efb186
dist_vwap_d_sd1u = (vwap_d_sd1u-close)/tick,2026-07-14,0.0,13efb186
dist_vwap_d_sd1u = (vwap_d_sd1u-close)/tick,2026-07-15,0.0,13efb186
dist_vwap_d_sd1u = (vwap_d_sd1u-close)/tick,2026-07-16,0.0,13efb186
dist_vwap_d_sd1u = (vwap_d_sd1u-close)/tick,2026-07-17,0.0,f6003b62
dist_vwap_d_sd1u = (vwap_d_sd1u-close)/tick,2026-07-19,0.0,f6003b62
dist_vwap_d_sd1u = (vwap_d_sd1u-close)/tick,2026-07-20,0.0,f6003b62
dist_vwap_d_sd1u = (vwap_d_sd1u-close)/tick,2026-07-21,0.0,f6003b62
dist_vwap_d_sd1u = (vwap_d_sd1u-close)/tick,2026-07-22,0.0,ed53e566
dist_vwap_d_sd1u = (vwap_d_sd1u-close)/tick,2026-07-23,0.0,ed53e566
dist_vwap_d_sd1u = (vwap_d_sd1u-close)/tick,2026-07-24,0.0,ed53e566
dist_vwap_d_sd1u = (vwap_d_sd1u-close)/tick,2026-07-26,0.0,4981d53a
dist_vwap_d_sd1u = (vwap_d_sd1u-close)/tick,2026-07-27,0.0,4981d53a
dist_vwap_d_sd1u = (vwap_d_sd1u-close)/tick,2026-07-28,0.0,4981d53a
dist_vwap_d_sd1u = (vwap_d_sd1u-close)/tick,2026-07-29,0.0,4981d53a
dist_vwap_d_sd1u = (vwap_d_sd1u-close)/tick,2026-07-30,0.0,4981d53a
dist_vwap_d_sd1u = (vwap_d_sd1u-close)/tick,2026-07-31,0.0,4981d53a
dist_vwap_d_sd1u = (vwap_d_sd1u-close)/tick,2026-08-04,0.0,1d20af93
dist_vwap_d_sd1u = (vwap_d_sd1u-close)/tick,2026-08-06,0.0,feec66f6
dist_vwap_d_sd1u = (vwap_d_sd1u-close)/tick,2026-08-07,0.0,287627ed
dist_vwap_d_sd1u = (vwap_d_sd1u-close)/tick,2026-08-09,0.0,43f2daf5
dist_vwap_d_sd1u = (vwap_d_sd1u-close)/tick,2026-08-11,0.0,78177655
dist_vwap_d_sd1u = (vwap_d_sd1u-close)/tick,2026-08-12,0.0,78177655
dist_vwap_d_sd1u = (vwap_d_sd1u-close)/tick,2026-08-13,0.0,78177655
dist_vwap_d_sd1u = (vwap_d_sd1u-close)/tick,2026-08-14,0.0,78177655
dist_vwap_d_sd1u = (vwap_d_sd1u-close)/tick,2026-08-16,0.0,605df903
dist_vwap_d_sd1u = (vwap_d_sd1u-close)/tick,2026-08-17,0.0,605df903
dist_vwap_d_sd1u = (vwap_d_sd1u-close)/tick,2026-08-18,0.0,605df903
dist_vwap_d_sd1u = (vwap_d_sd1u-close)/tick,2026-08-19,0.0,605df903
dist_vwap_d_sd1u = (vwap_d_sd1u-close)/tick,2026-08-20,0.0,605df903
dist_vwap_d_sd1u = (vwap_d_sd1u-close)/tick,2026-08-21,0.0,605df903
dist_vwap_d_sd1u = (vwap_d_sd1u-close)/tick,2026-08-23,0.0,605df903
dist_vwap_d_sd1u = (vwap_d_sd1u-close)/tick,2026-08-24,0.0,605df903
dist_vwap_d_sd1u = (vwap_d_sd1u-close)/tick,2026-08-25,0.0,605df903
dist_vwap_d_sd1u = (vwap_d_sd1u-close)/tick,2026-08-26,0.0,605df903
dist_vwap_d_sd1u = (vwap_d_sd1u-close)/tick,2026-08-27,0.0,605df903
dist_vwap_d_sd1u = (vwap_d_sd1u-close)/tick,2026-08-28,0.0,605df903
dist_vwap_d_sd1u = (vwap_d_sd1u-close)/tick,2026-08-30,0.0,605df903
dist_vwap_d_sd1u = (vwap_d_sd1u-close)/tick,2026-08-31,0.0,605df903
dist_vwap_d_sd1u = (vwap_d_sd1u-close)/tick,2026-09-01,0.0,605df903
dist_vwap_d_sd1u = (vwap_d_sd1u-close)/tick,2026-09-02,0.0,605df903
dist_vwap_d_sd1u = (vwap_d_sd1u-close)/tick,2026-09-03,0.0,605df903
dist_vwap_d_sd2u = (vwap_d_sd2u-close)/tick,2026-06-11,0.0,c43dc080
dist_vwap_d_sd2u = (vwap_d_sd2u-close)/tick,2026-06-15,0.0,114b1ca4
dist_vwap_d_sd2u = (vwap_d_sd2u-close)/tick,2026-06-16,0.0,e7199bc7
dist_vwap_d_sd2u = (vwap_d_sd2u-close)/tick,2026-06-17,0.0,e7199bc7
dist_vwap_d_sd2u = (vwap_d_sd2u-close)/tick,2026-06-18,0.0,e7199bc7
dist_vwap_d_sd2u = (vwap_d_sd2u-close)/tick,2026-06-21,0.0,9238adc1
dist_vwap_d_sd2u = (vwap_d_sd2u-close)/tick,2026-06-22,0.0,9238adc1
dist_vwap_d_sd2u = (vwap_d_sd2u-close)/tick,2026-06-23,0.0,9238adc1
dist_vwap_d_sd2u = (vwap_d_sd2u-close)/tick,2026-06-26,0.0,9238adc1
dist_vwap_d_sd2u = (vwap_d_sd2u-close)/tick,2026-06-28,0.0,944f7204
dist_vwap_d_sd2u = (vwap_d_sd2u-close)/tick,2026-06-29,0.0,944f7204
dist_vwap_d_sd2u = (vwap_d_sd2u-close)/tick,2026-07-01,0.0,944f7204
dist_vwap_d_sd2u = (vwap_d_sd2u-close)/tick,2026-07-02,0.0,944f7204
dist_vwap_d_sd2u = (vwap_d_sd2u-close)/tick,2026-07-05,0.0,13efb186
dist_vwap_d_sd2u = (vwap_d_sd2u-close)/tick,2026-07-06,0.0,13efb186
dist_vwap_d_sd2u = (vwap_d_sd2u-close)/tick,2026-07-07,0.0,13efb186
dist_vwap_d_sd2u = (vwap_d_sd2u-close)/tick,2026-07-08,0.0,13efb186
dist_vwap_d_sd2u = (vwap_d_sd2u-close)/tick,2026-07-09,0.0,13efb186
dist_vwap_d_sd2u = (vwap_d_sd2u-close)/tick,2026-07-10,0.0,13efb186
dist_vwap_d_sd2u = (vwap_d_sd2u-close)/tick,2026-07-12,0.0,13efb186
dist_vwap_d_sd2u = (vwap_d_sd2u-close)/tick,2026-07-13,0.0,13efb186
dist_vwap_d_sd2u = (vwap_d_sd2u-close)/tick,2026-07-14,0.0,13efb186
dist_vwap_d_sd2u = (vwap_d_sd2u-close)/tick,2026-07-15,0.0,13efb186
dist_vwap_d_sd2u = (vwap_d_sd2u-close)/tick,2026-07-16,0.0,13efb186
dist_vwap_d_sd2u = (vwap_d_sd2u-close)/tick,2026-07-17,0.0,f6003b62
dist_vwap_d_sd2u = (vwap_d_sd2u-close)/tick,2026-07-19,0.0,f6003b62
dist_vwap_d_sd2u = (vwap_d_sd2u-close)/tick,2026-07-20,0.0,f6003b62
dist_vwap_d_sd2u = (vwap_d_sd2u-close)/tick,2026-07-21,0.0,f6003b62
dist_vwap_d_sd2u = (vwap_d_sd2u-close)/tick,2026-07-22,0.0,ed53e566
dist_vwap_d_sd2u = (vwap_d_sd2u-close)/tick,2026-07-23,0.0,ed53e566
dist_vwap_d_sd2u = (vwap_d_sd2u-close)/tick,2026-07-24,0.0,ed53e566
dist_vwap_d_sd2u = (vwap_d_sd2u-close)/tick,2026-07-26,0.0,4981d53a
dist_vwap_d_sd2u = (vwap_d_sd2u-close)/tick,2026-07-27,0.0,4981d53a
dist_vwap_d_sd2u = (vwap_d_sd2u-close)/tick,2026-07-28,0.0,4981d53a
dist_vwap_d_sd2u = (vwap_d_sd2u-close)/tick,2026-07-29,0.0,4981d53a
dist_vwap_d_sd2u = (vwap_d_sd2u-close)/tick,2026-07-30,0.0,4981d53a
dist_vwap_d_sd2u = (vwap_d_sd2u-close)/tick,2026-07-31,0.0,4981d53a
dist_vwap_d_sd2u = (vwap_d_sd2u-close)/tick,2026-08-04,0.0,1d20af93
dist_vwap_d_sd2u = (vwap_d_sd2u-close)/tick,2026-08-06,0.0,feec66f6
dist_vwap_d_sd2u = (vwap_d_sd2u-close)/tick,2026-08-07,0.0,287627ed
dist_vwap_d_sd2u = (vwap_d_sd2u-close)/tick,2026-08-09,0.0,43f2daf5
dist_vwap_d_sd2u = (vwap_d_sd2u-close)/tick,2026-08-11,0.0,78177655
dist_vwap_d_sd2u = (vwap_d_sd2u-close)/tick,2026-08-12,0.0,78177655
dist_vwap_d_sd2u = (vwap_d_sd2u-close)/tick,2026-08-13,0.0,78177655
dist_vwap_d_sd2u = (vwap_d_sd2u-close)/tick,2026-08-14,0.0,78177655
dist_vwap_d_sd2u = (vwap_d_sd2u-close)/tick,2026-08-16,0.0,605df903
dist_vwap_d_sd2u = (vwap_d_sd2u-close)/tick,2026-08-17,0.0,605df903
dist_vwap_d_sd2u = (vwap_d_sd2u-close)/tick,2026-08-18,0.0,605df903
dist_vwap_d_sd2u = (vwap_d_sd2u-close)/tick,2026-08-19,0.0,605df903
dist_vwap_d_sd2u = (vwap_d_sd2u-close)/tick,2026-08-20,0.0,605df903
dist_vwap_d_sd2u = (vwap_d_sd2u-close)/tick,2026-08-21,0.0,605df903
dist_vwap_d_sd2u = (vwap_d_sd2u-close)/tick,2026-08-23,0.0,605df903
dist_vwap_d_sd2u = (vwap_d_sd2u-close)/tick,2026-08-24,0.0,605df903
dist_vwap_d_sd2u = (vwap_d_sd2u-close)/tick,2026-08-25,0.0,605df903
dist_vwap_d_sd2u = (vwap_d_sd2u-close)/tick,2026-08-26,0.0,605df903
dist_vwap_d_sd2u = (vwap_d_sd2u-close)/tick,2026-08-27,0.0,605df903
dist_vwap_d_sd2u = (vwap_d_sd2u-close)/tick,2026-08-28,0.0,605df903
dist_vwap_d_sd2u = (vwap_d_sd2u-close)/tick,2026-08-30,0.0,605df903
dist_vwap_d_sd2u = (vwap_d_sd2u-close)/tick,2026-08-31,0.0,605df903
dist_vwap_d_sd2u = (vwap_d_sd2u-close)/tick,2026-09-01,0.0,605df903
dist_vwap_d_sd2u = (vwap_d_sd2u-close)/tick,2026-09-02,0.0,605df903
dist_vwap_d_sd2u = (vwap_d_sd2u-close)/tick,2026-09-03,0.0,605df903
dist_vwap_d_sd1d = (vwap_d_sd1d-close)/tick,2026-06-11,0.0,c43dc080
dist_vwap_d_sd1d = (vwap_d_sd1d-close)/tick,2026-06-15,0.0,114b1ca4
dist_vwap_d_sd1d = (vwap_d_sd1d-close)/tick,2026-06-16,0.0,e7199bc7
dist_vwap_d_sd1d = (vwap_d_sd1d-close)/tick,2026-06-17,0.0,e7199bc7
dist_vwap_d_sd1d = (vwap_d_sd1d-close)/tick,2026-06-18,0.0,e7199bc7
dist_vwap_d_sd1d = (vwap_d_sd1d-close)/tick,2026-06-21,0.0,9238adc1
dist_vwap_d_sd1d = (vwap_d_sd1d-close)/tick,2026-06-22,0.0,9238adc1
dist_vwap_d_sd1d = (vwap_d_sd1d-close)/tick,2026-06-23,0.0,9238adc1
dist_vwap_d_sd1d = (vwap_d_sd1d-close)/tick,2026-06-26,0.0,9238adc1
dist_vwap_d_sd1d = (vwap_d_sd1d-close)/tick,2026-06-28,0.0,944f7204
dist_vwap_d_sd1d = (vwap_d_sd1d-close)/tick,2026-06-29,0.0,944f7204
dist_vwap_d_sd1d = (vwap_d_sd1d-close)/tick,2026-07-01,0.0,944f7204
dist_vwap_d_sd1d = (vwap_d_sd1d-close)/tick,2026-07-02,0.0,944f7204
dist_vwap_d_sd1d = (vwap_d_sd1d-close)/tick,2026-07-05,0.0,13efb186
dist_vwap_d_sd1d = (vwap_d_sd1d-close)/tick,2026-07-06,0.0,13efb186
dist_vwap_d_sd1d = (vwap_d_sd1d-close)/tick,2026-07-07,0.0,13efb186
dist_vwap_d_sd1d = (vwap_d_sd1d-close)/tick,2026-07-08,0.0,13efb186
dist_vwap_d_sd1d = (vwap_d_sd1d-close)/tick,2026-07-09,0.0,13efb186
dist_vwap_d_sd1d = (vwap_d_sd1d-close)/tick,2026-07-10,0.0,13efb186
dist_vwap_d_sd1d = (vwap_d_sd1d-close)/tick,2026-07-12,0.0,13efb186
dist_vwap_d_sd1d = (vwap_d_sd1d-close)/tick,2026-07-13,0.0,13efb186
dist_vwap_d_sd1d = (vwap_d_sd1d-close)/tick,2026-07-14,0.0,13efb186
dist_vwap_d_sd1d = (vwap_d_sd1d-close)/tick,2026-07-15,0.0,13efb186
dist_vwap_d_sd1d = (vwap_d_sd1d-close)/tick,2026-07-16,0.0,13efb186
dist_vwap_d_sd1d = (vwap_d_sd1d-close)/tick,2026-07-17,0.0,f6003b62
dist_vwap_d_sd1d = (vwap_d_sd1d-close)/tick,2026-07-19,0.0,f6003b62
dist_vwap_d_sd1d = (vwap_d_sd1d-close)/tick,2026-07-20,0.0,f6003b62
dist_vwap_d_sd1d = (vwap_d_sd1d-close)/tick,2026-07-21,0.0,f6003b62
dist_vwap_d_sd1d = (vwap_d_sd1d-close)/tick,2026-07-22,0.0,ed53e566
dist_vwap_d_sd1d = (vwap_d_sd1d-close)/tick,2026-07-23,0.0,ed53e566
dist_vwap_d_sd1d = (vwap_d_sd1d-close)/tick,2026-07-24,0.0,ed53e566
dist_vwap_d_sd1d = (vwap_d_sd1d-close)/tick,2026-07-26,0.0,4981d53a
dist_vwap_d_sd1d = (vwap_d_sd1d-close)/tick,2026-07-27,0.0,4981d53a
dist_vwap_d_sd1d = (vwap_d_sd1d-close)/tick,2026-07-28,0.0,4981d53a
dist_vwap_d_sd1d = (vwap_d_sd1d-close)/tick,2026-07-29,0.0,4981d53a
dist_vwap_d_sd1d = (vwap_d_sd1d-close)/tick,2026-07-30,0.0,4981d53a
dist_vwap_d_sd1d = (vwap_d_sd1d-close)/tick,2026-07-31,0.0,4981d53a
dist_vwap_d_sd1d = (vwap_d_sd1d-close)/tick,2026-08-04,0.0,1d20af93
dist_vwap_d_sd1d = (vwap_d_sd1d-close)/tick,2026-08-06,0.0,feec66f6
dist_vwap_d_sd1d = (vwap_d_sd1d-close)/tick,2026-08-07,0.0,287627ed
dist_vwap_d_sd1d = (vwap_d_sd1d-close)/tick,2026-08-09,0.0,43f2daf5
dist_vwap_d_sd1d = (vwap_d_sd1d-close)/tick,2026-08-11,0.0,78177655
dist_vwap_d_sd1d = (vwap_d_sd1d-close)/tick,2026-08-12,0.0,78177655
dist_vwap_d_sd1d = (vwap_d_sd1d-close)/tick,2026-08-13,0.0,78177655
dist_vwap_d_sd1d = (vwap_d_sd1d-close)/tick,2026-08-14,0.0,78177655
dist_vwap_d_sd1d = (vwap_d_sd1d-close)/tick,2026-08-16,0.0,605df903
dist_vwap_d_sd1d = (vwap_d_sd1d-close)/tick,2026-08-17,0.0,605df903
dist_vwap_d_sd1d = (vwap_d_sd1d-close)/tick,2026-08-18,0.0,605df903
dist_vwap_d_sd1d = (vwap_d_sd1d-close)/tick,2026-08-19,0.0,605df903
dist_vwap_d_sd1d = (vwap_d_sd1d-close)/tick,2026-08-20,0.0,605df903
dist_vwap_d_sd1d = (vwap_d_sd1d-close)/tick,2026-08-21,0.0,605df903
dist_vwap_d_sd1d = (vwap_d_sd1d-close)/tick,2026-08-23,0.0,605df903
dist_vwap_d_sd1d = (vwap_d_sd1d-close)/tick,2026-08-24,0.0,605df903
dist_vwap_d_sd1d = (vwap_d_sd1d-close)/tick,2026-08-25,0.0,605df903
dist_vwap_d_sd1d = (vwap_d_sd1d-close)/tick,2026-08-26,0.0,605df903
dist_vwap_d_sd1d = (vwap_d_sd1d-close)/tick,2026-08-27,0.0,605df903
dist_vwap_d_sd1d = (vwap_d_sd1d-close)/tick,2026-08-28,0.0,605df903
dist_vwap_d_sd1d = (vwap_d_sd1d-close)/tick,2026-08-30,0.0,605df903
dist_vwap_d_sd1d = (vwap_d_sd1d-close)/tick,2026-08-31,0.0,605df903
dist_vwap_d_sd1d = (vwap_d_sd1d-close)/tick,2026-09-01,0.0,605df903
dist_vwap_d_sd1d = (vwap_d_sd1d-close)/tick,2026-09-02,0.0,605df903
dist_vwap_d_sd1d = (vwap_d_sd1d-close)/tick,2026-09-03,0.0,605df903
dist_pdh = (pdh-close)/tick,2026-06-26,0.0,9238adc1
dist_pdh = (pdh-close)/tick,2026-06-28,0.0,944f7204
dist_pdh = (pdh-close)/tick,2026-06-29,0.0,944f7204
dist_pdh = (pdh-close)/tick,2026-07-01,0.0,944f7204
dist_pdh = (pdh-close)/tick,2026-07-02,0.0,944f7204
dist_pdh = (pdh-close)/tick,2026-07-05,0.0,13efb186
dist_pdh = (pdh-close)/tick,2026-07-06,0.0,13efb186
dist_pdh = (pdh-close)/tick,2026-07-07,0.0,13efb186
dist_pdh = (pdh-close)/tick,2026-07-08,0.0,13efb186
dist_pdh = (pdh-close)/tick,2026-07-09,0.0,13efb186
dist_pdh = (pdh-close)/tick,2026-07-10,0.0,13efb186
dist_pdh = (pdh-close)/tick,2026-07-12,0.0,13efb186
dist_pdh = (pdh-close)/tick,2026-07-13,0.0,13efb186
dist_pdh = (pdh-close)/tick,2026-07-14,0.0,13efb186
dist_pdh = (pdh-close)/tick,2026-07-15,0.0,13efb186
dist_pdh = (pdh-close)/tick,2026-07-16,0.0,13efb186
dist_pdh = (pdh-close)/tick,2026-07-17,0.0,f6003b62
dist_pdh = (pdh-close)/tick,2026-07-19,0.0,f6003b62
dist_pdh = (pdh-close)/tick,2026-07-20,0.0,f6003b62
dist_pdh = (pdh-close)/tick,2026-07-21,0.0,f6003b62
dist_pdh = (pdh-close)/tick,2026-07-22,0.0,ed53e566
dist_pdh = (pdh-close)/tick,2026-07-23,0.0,ed53e566
dist_pdh = (pdh-close)/tick,2026-07-24,0.0,ed53e566
dist_pdh = (pdh-close)/tick,2026-07-26,0.0,4981d53a
dist_pdh = (pdh-close)/tick,2026-07-27,0.0,4981d53a
dist_pdh = (pdh-close)/tick,2026-07-28,0.0,4981d53a
dist_pdh = (pdh-close)/tick,2026-07-29,0.0,4981d53a
dist_pdh = (pdh-close)/tick,2026-07-30,0.0,4981d53a
dist_pdh = (pdh-close)/tick,2026-07-31,0.0,4981d53a
dist_pdh = (pdh-close)/tick,2026-08-04,0.0,1d20af93
dist_pdh = (pdh-close)/tick,2026-08-06,0.0,feec66f6
dist_pdh = (pdh-close)/tick,2026-08-07,0.0,287627ed
dist_pdh = (pdh-close)/tick,2026-08-09,0.0,43f2daf5
dist_pdh = (pdh-close)/tick,2026-08-11,0.0,78177655
dist_pdh = (pdh-close)/tick,2026-08-12,0.0,78177655
dist_pdh = (pdh-close)/tick,2026-08-13,0.0,78177655
dist_pdh = (pdh-close)/tick,2026-08-14,0.0,78177655
dist_pdh = (pdh-close)/tick,2026-08-16,0.0,605df903
dist_pdh = (pdh-close)/tick,2026-08-17,0.0,605df903
dist_pdh = (pdh-close)/tick,2026-08-18,0.0,605df903
dist_pdh = (pdh-close)/tick,2026-08-19,0.0,605df903
dist_pdh = (pdh-close)/tick,2026-08-20,0.0,605df903
dist_pdh = (pdh-close)/tick,2026-08-21,0.0,605df903
dist_pdh = (pdh-close)/tick,2026-08-23,0.0,605df903
dist_pdh = (pdh-close)/tick,2026-08-24,0.0,605df903
dist_pdh = (pdh-close)/tick,2026-08-25,0.0,605df903
dist_pdh = (pdh-close)/tick,2026-08-26,0.0,605df903
dist_pdh = (pdh-close)/tick,2026-08-27,0.0,605df903
dist_pdh = (pdh-close)/tick,2026-08-28,0.0,605df903
dist_pdh = (pdh-close)/tick,2026-08-30,0.0,605df903
dist_pdh = (pdh-close)/tick,2026-08-31,0.0,605df903
dist_pdh = (pdh-close)/tick,2026-09-01,0.0,605df903
dist_pdh = (pdh-close)/tick,2026-09-02,0.0,605df903
dist_pdh = (pdh-close)/tick,2026-09-03,0.0,605df903
dist_pdl = (pdl-close)/tick,2026-06-26,0.0,9238adc1
dist_pdl = (pdl-close)/tick,2026-06-28,0.0,944f7204
dist_pdl = (pdl-close)/tick,2026-06-29,0.0,944f7204
dist_pdl = (pdl-close)/tick,2026-07-01,0.0,944f7204
dist_pdl = (pdl-close)/tick,2026-07-02,0.0,944f7204
dist_pdl = (pdl-close)/tick,2026-07-05,0.0,13efb186
dist_pdl = (pdl-close)/tick,2026-07-06,0.0,13efb186
dist_pdl = (pdl-close)/tick,2026-07-07,0.0,13efb186
dist_pdl = (pdl-close)/tick,2026-07-08,0.0,13efb186
dist_pdl = (pdl-close)/tick,2026-07-09,0.0,13efb186
dist_pdl = (pdl-close)/tick,2026-07-10,0.0,13efb186
dist_pdl = (pdl-close)/tick,2026-07-12,0.0,13efb186
dist_pdl = (pdl-close)/tick,2026-07-13,0.0,13efb186
dist_pdl = (pdl-close)/tick,2026-07-14,0.0,13efb186
dist_pdl = (pdl-close)/tick,2026-07-15,0.0,13efb186
dist_pdl = (pdl-close)/tick,2026-07-16,0.0,13efb186
dist_pdl = (pdl-close)/tick,2026-07-17,0.0,f6003b62
dist_pdl = (pdl-close)/tick,2026-07-19,0.0,f6003b62
dist_pdl = (pdl-close)/tick,2026-07-20,0.0,f6003b62
dist_pdl = (pdl-close)/tick,2026-07-21,0.0,f6003b62
dist_pdl = (pdl-close)/tick,2026-07-22,0.0,ed53e566
dist_pdl = (pdl-close)/tick,2026-07-23,0.0,ed53e566
dist_pdl = (pdl-close)/tick,2026-07-24,0.0,ed53e566
dist_pdl = (pdl-close)/tick,2026-07-26,0.0,4981d53a
dist_pdl = (pdl-close)/tick,2026-07-27,0.0,4981d53a
dist_pdl = (pdl-close)/tick,2026-07-28,0.0,4981d53a
dist_pdl = (pdl-close)/tick,2026-07-29,0.0,4981d53a
dist_pdl = (pdl-close)/tick,2026-07-30,0.0,4981d53a
dist_pdl = (pdl-close)/tick,2026-07-31,0.0,4981d53a
dist_pdl = (pdl-close)/tick,2026-08-04,0.0,1d20af93
dist_pdl = (pdl-close)/tick,2026-08-06,0.0,feec66f6
dist_pdl = (pdl-close)/tick,2026-08-07,0.0,287627ed
dist_pdl = (pdl-close)/tick,2026-08-09,0.0,43f2daf5
dist_pdl = (pdl-close)/tick,2026-08-11,0.0,78177655
dist_pdl = (pdl-close)/tick,2026-08-12,0.0,78177655
dist_pdl = (pdl-close)/tick,2026-08-13,0.0,78177655
dist_pdl = (pdl-close)/tick,2026-08-14,0.0,78177655
dist_pdl = (pdl-close)/tick,2026-08-16,0.0,605df903
dist_pdl = (pdl-close)/tick,2026-08-17,0.0,605df903
dist_pdl = (pdl-close)/tick,2026-08-18,0.0,605df903
dist_pdl = (pdl-close)/tick,2026-08-19,0.0,605df903
dist_pdl = (pdl-close)/tick,2026-08-20,0.0,605df903
dist_pdl = (pdl-close)/tick,2026-08-21,0.0,605df903
dist_pdl = (pdl-close)/tick,2026-08-23,0.0,605df903
dist_pdl = (pdl-close)/tick,2026-08-24,0.0,605df903
dist_pdl = (pdl-close)/tick,2026-08-25,0.0,605df903
dist_pdl = (pdl-close)/tick,2026-08-26,0.0,605df903
dist_pdl = (pdl-close)/tick,2026-08-27,0.0,605df903
dist_pdl = (pdl-close)/tick,2026-08-28,0.0,605df903
dist_pdl = (pdl-close)/tick,2026-08-30,0.0,605df903
dist_pdl = (pdl-close)/tick,2026-08-31,0.0,605df903
dist_pdl = (pdl-close)/tick,2026-09-01,0.0,605df903
dist_pdl = (pdl-close)/tick,2026-09-02,0.0,605df903
dist_pdl = (pdl-close)/tick,2026-09-03,0.0,605df903
dist_sess_high = (sess_high-close)/tick,2026-06-11,0.1049,c43dc080
dist_sess_high = (sess_high-close)/tick,2026-06-15,0.276,114b1ca4
dist_sess_high = (sess_high-close)/tick,2026-06-16,0.6304,e7199bc7
dist_sess_high = (sess_high-close)/tick,2026-06-17,0.5141,e7199bc7
dist_sess_high = (sess_high-close)/tick,2026-06-18,0.6548,e7199bc7
dist_sess_high = (sess_high-close)/tick,2026-06-21,0.042,9238adc1
dist_sess_high = (sess_high-close)/tick,2026-06-22,0.1769,9238adc1
dist_sess_high = (sess_high-close)/tick,2026-06-23,0.2611,9238adc1
dist_sess_high = (sess_high-close)/tick,2026-06-26,1.0,9238adc1
dist_sess_high = (sess_high-close)/tick,2026-06-28,0.0168,944f7204
dist_sess_high = (sess_high-close)/tick,2026-06-29,0.087,944f7204
dist_sess_high = (sess_high-close)/tick,2026-07-01,1.0,944f7204
dist_sess_high = (sess_high-close)/tick,2026-07-02,0.7199,944f7204
dist_sess_high = (sess_high-close)/tick,2026-07-05,0.5966,13efb186
dist_sess_high = (sess_high-close)/tick,2026-07-06,0.2611,13efb186
dist_sess_high = (sess_high-close)/tick,2026-07-07,1.0,13efb186
dist_sess_high = (sess_high-close)/tick,2026-07-08,0.9971,13efb186
dist_sess_high = (sess_high-close)/tick,2026-07-09,0.0921,13efb186
dist_sess_high = (sess_high-close)/tick,2026-07-10,0.9437,13efb186
dist_sess_high = (sess_high-close)/tick,2026-07-12,0.0,13efb186
dist_sess_high = (sess_high-close)/tick,2026-07-13,0.2611,13efb186
dist_sess_high = (sess_high-close)/tick,2026-07-14,0.4735,13efb186
dist_sess_high = (sess_high-close)/tick,2026-07-15,0.1798,13efb186
dist_sess_high = (sess_high-close)/tick,2026-07-16,0.2605,13efb186
dist_sess_high = (sess_high-close)/tick,2026-07-17,1.0,f6003b62
dist_sess_high = (sess_high-close)/tick,2026-07-19,0.0,f6003b62
dist_sess_high = (sess_high-close)/tick,2026-07-20,0.2632,f6003b62
dist_sess_high = (sess_high-close)/tick,2026-07-21,0.2467,f6003b62
dist_sess_high = (sess_high-close)/tick,2026-07-22,1.0,ed53e566
dist_sess_high = (sess_high-close)/tick,2026-07-23,1.0,ed53e566
dist_sess_high = (sess_high-close)/tick,2026-07-24,1.0,ed53e566
dist_sess_high = (sess_high-close)/tick,2026-07-26,0.8992,4981d53a
dist_sess_high = (sess_high-close)/tick,2026-07-27,0.2611,4981d53a
dist_sess_high = (sess_high-close)/tick,2026-07-28,0.992,4981d53a
dist_sess_high = (sess_high-close)/tick,2026-07-29,0.2611,4981d53a
dist_sess_high = (sess_high-close)/tick,2026-07-30,0.7418,4981d53a
dist_sess_high = (sess_high-close)/tick,2026-07-31,0.0048,4981d53a
dist_sess_high = (sess_high-close)/tick,2026-08-04,0.1008,1d20af93
dist_sess_high = (sess_high-close)/tick,2026-08-06,0.9231,feec66f6
dist_sess_high = (sess_high-close)/tick,2026-08-07,0.004,287627ed
dist_sess_high = (sess_high-close)/tick,2026-08-09,1.0,43f2daf5
dist_sess_high = (sess_high-close)/tick,2026-08-11,0.3133,78177655
dist_sess_high = (sess_high-close)/tick,2026-08-12,0.2872,78177655
dist_sess_high = (sess_high-close)/tick,2026-08-13,0.7716,78177655
dist_sess_high = (sess_high-close)/tick,2026-08-14,0.5743,78177655
dist_sess_high = (sess_high-close)/tick,2026-08-16,0.0336,605df903
dist_sess_high = (sess_high-close)/tick,2026-08-17,0.2612,605df903
dist_sess_high = (sess_high-close)/tick,2026-08-18,1.0,605df903
dist_sess_high = (sess_high-close)/tick,2026-08-19,0.7252,605df903
dist_sess_high = (sess_high-close)/tick,2026-08-20,0.2611,605df903
dist_sess_high = (sess_high-close)/tick,2026-08-21,0.1135,605df903
dist_sess_high = (sess_high-close)/tick,2026-08-23,0.6975,605df903
dist_sess_high = (sess_high-close)/tick,2026-08-24,0.2603,605df903
dist_sess_high = (sess_high-close)/tick,2026-08-25,0.504,605df903
dist_sess_high = (sess_high-close)/tick,2026-08-26,0.6875,605df903
dist_sess_high = (sess_high-close)/tick,2026-08-27,0.0885,605df903
dist_sess_high = (sess_high-close)/tick,2026-08-28,0.6976,605df903
dist_sess_high = (sess_high-close)/tick,2026-08-30,1.0,605df903
dist_sess_high = (sess_high-close)/tick,2026-08-31,1.0,605df903
dist_sess_high = (sess_high-close)/tick,2026-09-01,0.5182,605df903
dist_sess_high = (sess_high-close)/tick,2026-09-02,0.8809,605df903
dist_sess_high = (sess_high-close)/tick,2026-09-03,0.1247,605df903
dist_sess_low = (sess_low-close)/tick,2026-06-11,1.0,c43dc080
dist_sess_low = (sess_low-close)/tick,2026-06-15,0.953,114b1ca4
dist_sess_low = (sess_low-close)/tick,2026-06-16,0.1181,e7199bc7
dist_sess_low = (sess_low-close)/tick,2026-06-17,0.8731,e7199bc7
dist_sess_low = (sess_low-close)/tick,2026-06-18,1.0,e7199bc7
dist_sess_low = (sess_low-close)/tick,2026-06-21,0.0672,9238adc1
dist_sess_low = (sess_low-close)/tick,2026-06-22,0.2611,9238adc1
dist_sess_low = (sess_low-close)/tick,2026-06-23,0.1726,9238adc1
dist_sess_low = (sess_low-close)/tick,2026-06-26,0.004,9238adc1
dist_sess_low = (sess_low-close)/tick,2026-06-28,1.0,944f7204
dist_sess_low = (sess_low-close)/tick,2026-06-29,0.8811,944f7204
dist_sess_low = (sess_low-close)/tick,2026-07-01,0.2676,944f7204
dist_sess_low = (sess_low-close)/tick,2026-07-02,0.0907,944f7204
dist_sess_low = (sess_low-close)/tick,2026-07-05,0.0252,13efb186
dist_sess_low = (sess_low-close)/tick,2026-07-06,0.2321,13efb186
dist_sess_low = (sess_low-close)/tick,2026-07-07,0.2661,13efb186
dist_sess_low = (sess_low-close)/tick,2026-07-08,0.2611,13efb186
dist_sess_low = (sess_low-close)/tick,2026-07-09,1.0,13efb186
dist_sess_low = (sess_low-close)/tick,2026-07-10,0.0016,13efb186
dist_sess_low = (sess_low-close)/tick,2026-07-12,0.0252,13efb186
dist_sess_low = (sess_low-close)/tick,2026-07-13,0.1139,13efb186
dist_sess_low = (sess_low-close)/tick,2026-07-14,0.1798,13efb186
dist_sess_low = (sess_low-close)/tick,2026-07-15,0.2611,13efb186
dist_sess_low = (sess_low-close)/tick,2026-07-16,0.4492,13efb186
dist_sess_low = (sess_low-close)/tick,2026-07-17,0.0048,f6003b62
dist_sess_low = (sess_low-close)/tick,2026-07-19,0.0168,f6003b62
dist_sess_low = (sess_low-close)/tick,2026-07-20,0.1755,f6003b62
dist_sess_low = (sess_low-close)/tick,2026-07-21,0.1901,f6003b62
dist_sess_low = (sess_low-close)/tick,2026-07-22,0.1777,ed53e566
dist_sess_low = (sess_low-close)/tick,2026-07-23,0.2647,ed53e566
dist_sess_low = (sess_low-close)/tick,2026-07-24,0.2762,ed53e566
dist_sess_low = (sess_low-close)/tick,2026-07-26,1.0,4981d53a
dist_sess_low = (sess_low-close)/tick,2026-07-27,0.8513,4981d53a
dist_sess_low = (sess_low-close)/tick,2026-07-28,0.2533,4981d53a
dist_sess_low = (sess_low-close)/tick,2026-07-29,0.2154,4981d53a
dist_sess_low = (sess_low-close)/tick,2026-07-30,1.0,4981d53a
dist_sess_low = (sess_low-close)/tick,2026-07-31,0.6736,4981d53a
dist_sess_low = (sess_low-close)/tick,2026-08-04,1.0,1d20af93
dist_sess_low = (sess_low-close)/tick,2026-08-06,0.3075,feec66f6
dist_sess_low = (sess_low-close)/tick,2026-08-07,0.2024,287627ed
dist_sess_low = (sess_low-close)/tick,2026-08-09,0.0504,43f2daf5
dist_sess_low = (sess_low-close)/tick,2026-08-11,0.087,78177655
dist_sess_low = (sess_low-close)/tick,2026-08-12,0.9239,78177655
dist_sess_low = (sess_low-close)/tick,2026-08-13,0.2611,78177655
dist_sess_low = (sess_low-close)/tick,2026-08-14,0.0508,78177655
dist_sess_low = (sess_low-close)/tick,2026-08-16,1.0,605df903
dist_sess_low = (sess_low-close)/tick,2026-08-17,0.7083,605df903
dist_sess_low = (sess_low-close)/tick,2026-08-18,0.2705,605df903
dist_sess_low = (sess_low-close)/tick,2026-08-19,0.2611,605df903
dist_sess_low = (sess_low-close)/tick,2026-08-20,0.5047,605df903
dist_sess_low = (sess_low-close)/tick,2026-08-21,1.0,605df903
dist_sess_low = (sess_low-close)/tick,2026-08-23,0.0,605df903
dist_sess_low = (sess_low-close)/tick,2026-08-24,0.2502,605df903
dist_sess_low = (sess_low-close)/tick,2026-08-25,0.2603,605df903
dist_sess_low = (sess_low-close)/tick,2026-08-26,0.2603,605df903
dist_sess_low = (sess_low-close)/tick,2026-08-27,1.0,605df903
dist_sess_low = (sess_low-close)/tick,2026-08-28,0.8675,605df903
dist_sess_low = (sess_low-close)/tick,2026-08-30,0.0168,605df903
dist_sess_low = (sess_low-close)/tick,2026-08-31,0.2603,605df903
dist_sess_low = (sess_low-close)/tick,2026-09-01,0.5168,605df903
dist_sess_low = (sess_low-close)/tick,2026-09-02,0.6456,605df903
dist_sess_low = (sess_low-close)/tick,2026-09-03,0.4902,605df903
dist_ovn_high = (ovn_high-close)/tick,2026-06-11,0.0,c43dc080
dist_ovn_high = (ovn_high-close)/tick,2026-06-15,0.0,114b1ca4
dist_ovn_high = (ovn_high-close)/tick,2026-06-16,0.0,e7199bc7
dist_ovn_high = (ovn_high-close)/tick,2026-06-17,0.0,e7199bc7
dist_ovn_high = (ovn_high-close)/tick,2026-06-18,0.0,e7199bc7
dist_ovn_high = (ovn_high-close)/tick,2026-06-21,0.0,9238adc1
dist_ovn_high = (ovn_high-close)/tick,2026-06-22,0.0,9238adc1
dist_ovn_high = (ovn_high-close)/tick,2026-06-23,0.0,9238adc1
dist_ovn_high = (ovn_high-close)/tick,2026-06-26,0.0,9238adc1
dist_ovn_high = (ovn_high-close)/tick,2026-06-28,0.0,944f7204
dist_ovn_high = (ovn_high-close)/tick,2026-06-29,0.0,944f7204
dist_ovn_high = (ovn_high-close)/tick,2026-07-01,0.0,944f7204
dist_ovn_high = (ovn_high-close)/tick,2026-07-02,0.0,944f7204
dist_ovn_high = (ovn_high-close)/tick,2026-07-05,0.0,13efb186
dist_ovn_high = (ovn_high-close)/tick,2026-07-06,0.0,13efb186
dist_ovn_high = (ovn_high-close)/tick,2026-07-07,0.0,13efb186
dist_ovn_high = (ovn_high-close)/tick,2026-07-08,0.0,13efb186
dist_ovn_high = (ovn_high-close)/tick,2026-07-09,0.0,13efb186
dist_ovn_high = (ovn_high-close)/tick,2026-07-10,0.0,13efb186
dist_ovn_high = (ovn_high-close)/tick,2026-07-12,0.0,13efb186
dist_ovn_high = (ovn_high-close)/tick,2026-07-13,0.0,13efb186
dist_ovn_high = (ovn_high-close)/tick,2026-07-14,0.0,13efb186
dist_ovn_high = (ovn_high-close)/tick,2026-07-15,0.0,13efb186
dist_ovn_high = (ovn_high-close)/tick,2026-07-16,0.0,13efb186
dist_ovn_high = (ovn_high-close)/tick,2026-07-17,0.0,f6003b62
dist_ovn_high = (ovn_high-close)/tick,2026-07-19,0.0,f6003b62
dist_ovn_high = (ovn_high-close)/tick,2026-07-20,0.0,f6003b62
dist_ovn_high = (ovn_high-close)/tick,2026-07-21,0.0,f6003b62
dist_ovn_high = (ovn_high-close)/tick,2026-07-22,0.0,ed53e566
dist_ovn_high = (ovn_high-close)/tick,2026-07-23,0.0,ed53e566
dist_ovn_high = (ovn_high-close)/tick,2026-07-24,0.0,ed53e566
dist_ovn_high = (ovn_high-close)/tick,2026-07-26,0.0,4981d53a
dist_ovn_high = (ovn_high-close)/tick,2026-07-27,0.0,4981d53a
dist_ovn_high = (ovn_high-close)/tick,2026-07-28,0.0,4981d53a
dist_ovn_high = (ovn_high-close)/tick,2026-07-29,0.0,4981d53a
dist_ovn_high = (ovn_high-close)/tick,2026-07-30,0.0,4981d53a
dist_ovn_high = (ovn_high-close)/tick,2026-07-31,0.0,4981d53a
dist_ovn_high = (ovn_high-close)/tick,2026-08-04,0.0,1d20af93
dist_ovn_high = (ovn_high-close)/tick,2026-08-06,0.0,feec66f6
dist_ovn_high = (ovn_high-close)/tick,2026-08-07,0.0,287627ed
dist_ovn_high = (ovn_high-close)/tick,2026-08-09,0.0,43f2daf5
dist_ovn_high = (ovn_high-close)/tick,2026-08-11,0.0,78177655
dist_ovn_high = (ovn_high-close)/tick,2026-08-12,0.0,78177655
dist_ovn_high = (ovn_high-close)/tick,2026-08-13,0.0,78177655
dist_ovn_high = (ovn_high-close)/tick,2026-08-14,0.0,78177655
dist_ovn_high = (ovn_high-close)/tick,2026-08-16,0.0,605df903
dist_ovn_high = (ovn_high-close)/tick,2026-08-17,0.0,605df903
dist_ovn_high = (ovn_high-close)/tick,2026-08-18,0.0,605df903
dist_ovn_high = (ovn_high-close)/tick,2026-08-19,0.0,605df903
dist_ovn_high = (ovn_high-close)/tick,2026-08-20,0.0,605df903
dist_ovn_high = (ovn_high-close)/tick,2026-08-21,0.0,605df903
dist_ovn_high = (ovn_high-close)/tick,2026-08-23,0.0,605df903
dist_ovn_high = (ovn_high-close)/tick,2026-08-24,0.0,605df903
dist_ovn_high = (ovn_high-close)/tick,2026-08-25,0.0,605df903
dist_ovn_high = (ovn_high-close)/tick,2026-08-26,0.0,605df903
dist_ovn_high = (ovn_high-close)/tick,2026-08-27,0.0,605df903
dist_ovn_high = (ovn_high-close)/tick,2026-08-28,0.0,605df903
dist_ovn_high = (ovn_high-close)/tick,2026-08-30,0.0,605df903
dist_ovn_high = (ovn_high-close)/tick,2026-08-31,0.0,605df903
dist_ovn_high = (ovn_high-close)/tick,2026-09-01,0.0,605df903
dist_ovn_high = (ovn_high-close)/tick,2026-09-02,0.0,605df903
dist_ovn_high = (ovn_high-close)/tick,2026-09-03,0.0,605df903
dist_ovn_low = (ovn_low-close)/tick,2026-06-11,0.0,c43dc080
dist_ovn_low = (ovn_low-close)/tick,2026-06-15,0.0,114b1ca4
dist_ovn_low = (ovn_low-close)/tick,2026-06-16,0.0,e7199bc7
dist_ovn_low = (ovn_low-close)/tick,2026-06-17,0.0,e7199bc7
dist_ovn_low = (ovn_low-close)/tick,2026-06-18,0.0,e7199bc7
dist_ovn_low = (ovn_low-close)/tick,2026-06-21,0.0,9238adc1
dist_ovn_low = (ovn_low-close)/tick,2026-06-22,0.0,9238adc1
dist_ovn_low = (ovn_low-close)/tick,2026-06-23,0.0,9238adc1
dist_ovn_low = (ovn_low-close)/tick,2026-06-26,0.0,9238adc1
dist_ovn_low = (ovn_low-close)/tick,2026-06-28,0.0,944f7204
dist_ovn_low = (ovn_low-close)/tick,2026-06-29,0.0,944f7204
dist_ovn_low = (ovn_low-close)/tick,2026-07-01,0.0,944f7204
dist_ovn_low = (ovn_low-close)/tick,2026-07-02,0.0,944f7204
dist_ovn_low = (ovn_low-close)/tick,2026-07-05,0.0,13efb186
dist_ovn_low = (ovn_low-close)/tick,2026-07-06,0.0,13efb186
dist_ovn_low = (ovn_low-close)/tick,2026-07-07,0.0,13efb186
dist_ovn_low = (ovn_low-close)/tick,2026-07-08,0.0,13efb186
dist_ovn_low = (ovn_low-close)/tick,2026-07-09,0.0,13efb186
dist_ovn_low = (ovn_low-close)/tick,2026-07-10,0.0,13efb186
dist_ovn_low = (ovn_low-close)/tick,2026-07-12,0.0,13efb186
dist_ovn_low = (ovn_low-close)/tick,2026-07-13,0.0,13efb186
dist_ovn_low = (ovn_low-close)/tick,2026-07-14,0.0,13efb186
dist_ovn_low = (ovn_low-close)/tick,2026-07-15,0.0,13efb186
dist_ovn_low = (ovn_low-close)/tick,2026-07-16,0.0,13efb186
dist_ovn_low = (ovn_low-close)/tick,2026-07-17,0.0,f6003b62
dist_ovn_low = (ovn_low-close)/tick,2026-07-19,0.0,f6003b62
dist_ovn_low = (ovn_low-close)/tick,2026-07-20,0.0,f6003b62
dist_ovn_low = (ovn_low-close)/tick,2026-07-21,0.0,f6003b62
dist_ovn_low = (ovn_low-close)/tick,2026-07-22,0.0,ed53e566
dist_ovn_low = (ovn_low-close)/tick,2026-07-23,0.0,ed53e566
dist_ovn_low = (ovn_low-close)/tick,2026-07-24,0.0,ed53e566
dist_ovn_low = (ovn_low-close)/tick,2026-07-26,0.0,4981d53a
dist_ovn_low = (ovn_low-close)/tick,2026-07-27,0.0,4981d53a
dist_ovn_low = (ovn_low-close)/tick,2026-07-28,0.0,4981d53a
dist_ovn_low = (ovn_low-close)/tick,2026-07-29,0.0,4981d53a
dist_ovn_low = (ovn_low-close)/tick,2026-07-30,0.0,4981d53a
dist_ovn_low = (ovn_low-close)/tick,2026-07-31,0.0,4981d53a
dist_ovn_low = (ovn_low-close)/tick,2026-08-04,0.0,1d20af93
dist_ovn_low = (ovn_low-close)/tick,2026-08-06,0.0,feec66f6
dist_ovn_low = (ovn_low-close)/tick,2026-08-07,0.0,287627ed
dist_ovn_low = (ovn_low-close)/tick,2026-08-09,0.0,43f2daf5
dist_ovn_low = (ovn_low-close)/tick,2026-08-11,0.0,78177655
dist_ovn_low = (ovn_low-close)/tick,2026-08-12,0.0,78177655
dist_ovn_low = (ovn_low-close)/tick,2026-08-13,0.0,78177655
dist_ovn_low = (ovn_low-close)/tick,2026-08-14,0.0,78177655
dist_ovn_low = (ovn_low-close)/tick,2026-08-16,0.0,605df903
dist_ovn_low = (ovn_low-close)/tick,2026-08-17,0.0,605df903
dist_ovn_low = (ovn_low-close)/tick,2026-08-18,0.0,605df903
dist_ovn_low = (ovn_low-close)/tick,2026-08-19,0.0,605df903
dist_ovn_low = (ovn_low-close)/tick,2026-08-20,0.0,605df903
dist_ovn_low = (ovn_low-close)/tick,2026-08-21,0.0,605df903
dist_ovn_low = (ovn_low-close)/tick,2026-08-23,0.0,605df903
dist_ovn_low = (ovn_low-close)/tick,2026-08-24,0.0,605df903
dist_ovn_low = (ovn_low-close)/tick,2026-08-25,0.0,605df903
dist_ovn_low = (ovn_low-close)/tick,2026-08-26,0.0,605df903
dist_ovn_low = (ovn_low-close)/tick,2026-08-27,0.0,605df903
dist_ovn_low = (ovn_low-close)/tick,2026-08-28,0.0,605df903
dist_ovn_low = (ovn_low-close)/tick,2026-08-30,0.0,605df903
dist_ovn_low = (ovn_low-close)/tick,2026-08-31,0.0,605df903
dist_ovn_low = (ovn_low-close)/tick,2026-09-01,0.0,605df903
dist_ovn_low = (ovn_low-close)/tick,2026-09-02,0.0,605df903
dist_ovn_low = (ovn_low-close)/tick,2026-09-03,0.0,605df903
dist_ib_high = (ib_high-close)/tick,2026-06-11,0.0,c43dc080
dist_ib_high = (ib_high-close)/tick,2026-06-15,0.0,114b1ca4
dist_ib_high = (ib_high-close)/tick,2026-06-16,0.0,e7199bc7
dist_ib_high = (ib_high-close)/tick,2026-06-17,0.0,e7199bc7
dist_ib_high = (ib_high-close)/tick,2026-06-18,0.0,e7199bc7
dist_ib_high = (ib_high-close)/tick,2026-06-22,0.0,9238adc1
dist_ib_high = (ib_high-close)/tick,2026-06-23,0.0,9238adc1
dist_ib_high = (ib_high-close)/tick,2026-06-26,0.0,9238adc1
dist_ib_high = (ib_high-close)/tick,2026-06-29,0.0,944f7204
dist_ib_high = (ib_high-close)/tick,2026-07-01,0.0,944f7204
dist_ib_high = (ib_high-close)/tick,2026-07-02,0.0,944f7204
dist_ib_high = (ib_high-close)/tick,2026-07-06,0.0,13efb186
dist_ib_high = (ib_high-close)/tick,2026-07-07,0.0,13efb186
dist_ib_high = (ib_high-close)/tick,2026-07-08,0.0,13efb186
dist_ib_high = (ib_high-close)/tick,2026-07-09,0.0,13efb186
dist_ib_high = (ib_high-close)/tick,2026-07-10,0.0,13efb186
dist_ib_high = (ib_high-close)/tick,2026-07-13,0.0,13efb186
dist_ib_high = (ib_high-close)/tick,2026-07-14,0.0,13efb186
dist_ib_high = (ib_high-close)/tick,2026-07-15,0.0,13efb186
dist_ib_high = (ib_high-close)/tick,2026-07-16,0.0,13efb186
dist_ib_high = (ib_high-close)/tick,2026-07-17,0.0,f6003b62
dist_ib_high = (ib_high-close)/tick,2026-07-20,0.0,f6003b62
dist_ib_high = (ib_high-close)/tick,2026-07-21,0.0,f6003b62
dist_ib_high = (ib_high-close)/tick,2026-07-22,0.0,ed53e566
dist_ib_high = (ib_high-close)/tick,2026-07-23,0.0,ed53e566
dist_ib_high = (ib_high-close)/tick,2026-07-24,0.0,ed53e566
dist_ib_high = (ib_high-close)/tick,2026-07-27,0.0,4981d53a
dist_ib_high = (ib_high-close)/tick,2026-07-28,0.0,4981d53a
dist_ib_high = (ib_high-close)/tick,2026-07-29,0.0,4981d53a
dist_ib_high = (ib_high-close)/tick,2026-07-30,0.0,4981d53a
dist_ib_high = (ib_high-close)/tick,2026-07-31,0.0,4981d53a
dist_ib_high = (ib_high-close)/tick,2026-08-04,0.0,1d20af93
dist_ib_high = (ib_high-close)/tick,2026-08-06,0.0,feec66f6
dist_ib_high = (ib_high-close)/tick,2026-08-07,0.0,287627ed
dist_ib_high = (ib_high-close)/tick,2026-08-11,0.0,78177655
dist_ib_high = (ib_high-close)/tick,2026-08-12,0.0,78177655
dist_ib_high = (ib_high-close)/tick,2026-08-13,0.0,78177655
dist_ib_high = (ib_high-close)/tick,2026-08-14,0.0,78177655
dist_ib_high = (ib_high-close)/tick,2026-08-17,0.0,605df903
dist_ib_high = (ib_high-close)/tick,2026-08-18,0.0,605df903
dist_ib_high = (ib_high-close)/tick,2026-08-19,0.0,605df903
dist_ib_high = (ib_high-close)/tick,2026-08-20,0.0,605df903
dist_ib_high = (ib_high-close)/tick,2026-08-21,0.0,605df903
dist_ib_high = (ib_high-close)/tick,2026-08-24,0.0,605df903
dist_ib_high = (ib_high-close)/tick,2026-08-25,0.0,605df903
dist_ib_high = (ib_high-close)/tick,2026-08-26,0.0,605df903
dist_ib_high = (ib_high-close)/tick,2026-08-27,0.0,605df903
dist_ib_high = (ib_high-close)/tick,2026-08-28,0.0,605df903
dist_ib_high = (ib_high-close)/tick,2026-08-31,0.0,605df903
dist_ib_high = (ib_high-close)/tick,2026-09-01,0.0,605df903
dist_ib_high = (ib_high-close)/tick,2026-09-02,0.0,605df903
dist_ib_high = (ib_high-close)/tick,2026-09-03,0.0,605df903
dist_ib_low = (ib_low-close)/tick,2026-06-11,0.0,c43dc080
dist_ib_low = (ib_low-close)/tick,2026-06-15,0.0,114b1ca4
dist_ib_low = (ib_low-close)/tick,2026-06-16,0.0,e7199bc7
dist_ib_low = (ib_low-close)/tick,2026-06-17,0.0,e7199bc7
dist_ib_low = (ib_low-close)/tick,2026-06-18,0.0,e7199bc7
dist_ib_low = (ib_low-close)/tick,2026-06-22,0.0,9238adc1
dist_ib_low = (ib_low-close)/tick,2026-06-23,0.0,9238adc1
dist_ib_low = (ib_low-close)/tick,2026-06-26,0.0,9238adc1
dist_ib_low = (ib_low-close)/tick,2026-06-29,0.0,944f7204
dist_ib_low = (ib_low-close)/tick,2026-07-01,0.0,944f7204
dist_ib_low = (ib_low-close)/tick,2026-07-02,0.0,944f7204
dist_ib_low = (ib_low-close)/tick,2026-07-06,0.0,13efb186
dist_ib_low = (ib_low-close)/tick,2026-07-07,0.0,13efb186
dist_ib_low = (ib_low-close)/tick,2026-07-08,0.0,13efb186
dist_ib_low = (ib_low-close)/tick,2026-07-09,0.0,13efb186
dist_ib_low = (ib_low-close)/tick,2026-07-10,0.0,13efb186
dist_ib_low = (ib_low-close)/tick,2026-07-13,0.0,13efb186
dist_ib_low = (ib_low-close)/tick,2026-07-14,0.0,13efb186
dist_ib_low = (ib_low-close)/tick,2026-07-15,0.0,13efb186
dist_ib_low = (ib_low-close)/tick,2026-07-16,0.0,13efb186
dist_ib_low = (ib_low-close)/tick,2026-07-17,0.0,f6003b62
dist_ib_low = (ib_low-close)/tick,2026-07-20,0.0,f6003b62
dist_ib_low = (ib_low-close)/tick,2026-07-21,0.0,f6003b62
dist_ib_low = (ib_low-close)/tick,2026-07-22,0.0,ed53e566
dist_ib_low = (ib_low-close)/tick,2026-07-23,0.0,ed53e566
dist_ib_low = (ib_low-close)/tick,2026-07-24,0.0,ed53e566
dist_ib_low = (ib_low-close)/tick,2026-07-27,0.0,4981d53a
dist_ib_low = (ib_low-close)/tick,2026-07-28,0.0,4981d53a
dist_ib_low = (ib_low-close)/tick,2026-07-29,0.0,4981d53a
dist_ib_low = (ib_low-close)/tick,2026-07-30,0.0,4981d53a
dist_ib_low = (ib_low-close)/tick,2026-07-31,0.0,4981d53a
dist_ib_low = (ib_low-close)/tick,2026-08-04,0.0,1d20af93
dist_ib_low = (ib_low-close)/tick,2026-08-06,0.0,feec66f6
dist_ib_low = (ib_low-close)/tick,2026-08-07,0.0,287627ed
dist_ib_low = (ib_low-close)/tick,2026-08-11,0.0,78177655
dist_ib_low = (ib_low-close)/tick,2026-08-12,0.0,78177655
dist_ib_low = (ib_low-close)/tick,2026-08-13,0.0,78177655
dist_ib_low = (ib_low-close)/tick,2026-08-14,0.0,78177655
dist_ib_low = (ib_low-close)/tick,2026-08-17,0.0,605df903
dist_ib_low = (ib_low-close)/tick,2026-08-18,0.0,605df903
dist_ib_low = (ib_low-close)/tick,2026-08-19,0.0,605df903
dist_ib_low = (ib_low-close)/tick,2026-08-20,0.0,605df903
dist_ib_low = (ib_low-close)/tick,2026-08-21,0.0,605df903
dist_ib_low = (ib_low-close)/tick,2026-08-24,0.0,605df903
dist_ib_low = (ib_low-close)/tick,2026-08-25,0.0,605df903
dist_ib_low = (ib_low-close)/tick,2026-08-26,0.0,605df903
dist_ib_low = (ib_low-close)/tick,2026-08-27,0.0,605df903
dist_ib_low = (ib_low-close)/tick,2026-08-28,0.0,605df903
dist_ib_low = (ib_low-close)/tick,2026-08-31,0.0,605df903
dist_ib_low = (ib_low-close)/tick,2026-09-01,0.0,605df903
dist_ib_low = (ib_low-close)/tick,2026-09-02,0.0,605df903
dist_ib_low = (ib_low-close)/tick,2026-09-03,0.0,605df903
dist_open_cash = (open_cash_lvl-close)/tick,2026-06-11,0.0,c43dc080
dist_open_cash = (open_cash_lvl-close)/tick,2026-06-15,0.0,114b1ca4
dist_open_cash = (open_cash_lvl-close)/tick,2026-06-16,0.0,e7199bc7
dist_open_cash = (open_cash_lvl-close)/tick,2026-06-17,0.0,e7199bc7
dist_open_cash = (open_cash_lvl-close)/tick,2026-06-18,0.0,e7199bc7
dist_open_cash = (open_cash_lvl-close)/tick,2026-06-21,0.0,9238adc1
dist_open_cash = (open_cash_lvl-close)/tick,2026-06-22,0.0,9238adc1
dist_open_cash = (open_cash_lvl-close)/tick,2026-06-23,0.0,9238adc1
dist_open_cash = (open_cash_lvl-close)/tick,2026-06-26,0.0,9238adc1
dist_open_cash = (open_cash_lvl-close)/tick,2026-06-28,0.0,944f7204
dist_open_cash = (open_cash_lvl-close)/tick,2026-06-29,0.0,944f7204
dist_open_cash = (open_cash_lvl-close)/tick,2026-07-01,0.0,944f7204
dist_open_cash = (open_cash_lvl-close)/tick,2026-07-02,0.0,944f7204
dist_open_cash = (open_cash_lvl-close)/tick,2026-07-05,0.0,13efb186
dist_open_cash = (open_cash_lvl-close)/tick,2026-07-06,0.0,13efb186
dist_open_cash = (open_cash_lvl-close)/tick,2026-07-07,0.0,13efb186
dist_open_cash = (open_cash_lvl-close)/tick,2026-07-08,0.0,13efb186
dist_open_cash = (open_cash_lvl-close)/tick,2026-07-09,0.0,13efb186
dist_open_cash = (open_cash_lvl-close)/tick,2026-07-10,0.0,13efb186
dist_open_cash = (open_cash_lvl-close)/tick,2026-07-12,0.0,13efb186
dist_open_cash = (open_cash_lvl-close)/tick,2026-07-13,0.0,13efb186
dist_open_cash = (open_cash_lvl-close)/tick,2026-07-14,0.0,13efb186
dist_open_cash = (open_cash_lvl-close)/tick,2026-07-15,0.0,13efb186
dist_open_cash = (open_cash_lvl-close)/tick,2026-07-16,0.0,13efb186
dist_open_cash = (open_cash_lvl-close)/tick,2026-07-17,0.0,f6003b62
dist_open_cash = (open_cash_lvl-close)/tick,2026-07-19,0.0,f6003b62
dist_open_cash = (open_cash_lvl-close)/tick,2026-07-20,0.0,f6003b62
dist_open_cash = (open_cash_lvl-close)/tick,2026-07-21,0.0,f6003b62
dist_open_cash = (open_cash_lvl-close)/tick,2026-07-22,0.0,ed53e566
dist_open_cash = (open_cash_lvl-close)/tick,2026-07-23,0.0,ed53e566
dist_open_cash = (open_cash_lvl-close)/tick,2026-07-24,0.0,ed53e566
dist_open_cash = (open_cash_lvl-close)/tick,2026-07-26,0.0,4981d53a
dist_open_cash = (open_cash_lvl-close)/tick,2026-07-27,0.0,4981d53a
dist_open_cash = (open_cash_lvl-close)/tick,2026-07-28,0.0,4981d53a
dist_open_cash = (open_cash_lvl-close)/tick,2026-07-29,0.0,4981d53a
dist_open_cash = (open_cash_lvl-close)/tick,2026-07-30,0.0,4981d53a
dist_open_cash = (open_cash_lvl-close)/tick,2026-07-31,0.0,4981d53a
dist_open_cash = (open_cash_lvl-close)/tick,2026-08-04,0.0,1d20af93
dist_open_cash = (open_cash_lvl-close)/tick,2026-08-06,0.0,feec66f6
dist_open_cash = (open_cash_lvl-close)/tick,2026-08-07,0.0,287627ed
dist_open_cash = (open_cash_lvl-close)/tick,2026-08-09,0.0,43f2daf5
dist_open_cash = (open_cash_lvl-close)/tick,2026-08-11,0.0,78177655
dist_open_cash = (open_cash_lvl-close)/tick,2026-08-12,0.0,78177655
dist_open_cash = (open_cash_lvl-close)/tick,2026-08-13,0.0,78177655
dist_open_cash = (open_cash_lvl-close)/tick,2026-08-14,0.0,78177655
dist_open_cash = (open_cash_lvl-close)/tick,2026-08-16,0.0,605df903
dist_open_cash = (open_cash_lvl-close)/tick,2026-08-17,0.0,605df903
dist_open_cash = (open_cash_lvl-close)/tick,2026-08-18,0.0,605df903
dist_open_cash = (open_cash_lvl-close)/tick,2026-08-19,0.0,605df903
dist_open_cash = (open_cash_lvl-close)/tick,2026-08-20,0.0,605df903
dist_open_cash = (open_cash_lvl-close)/tick,2026-08-21,0.0,605df903
dist_open_cash = (open_cash_lvl-close)/tick,2026-08-23,0.0,605df903
dist_open_cash = (open_cash_lvl-close)/tick,2026-08-24,0.0,605df903
dist_open_cash = (open_cash_lvl-close)/tick,2026-08-25,0.0,605df903
dist_open_cash = (open_cash_lvl-close)/tick,2026-08-26,0.0,605df903
dist_open_cash = (open_cash_lvl-close)/tick,2026-08-27,0.0,605df903
dist_open_cash = (open_cash_lvl-close)/tick,2026-08-28,0.0,605df903
dist_open_cash = (open_cash_lvl-close)/tick,2026-08-30,0.0,605df903
dist_open_cash = (open_cash_lvl-close)/tick,2026-08-31,0.0,605df903
dist_open_cash = (open_cash_lvl-close)/tick,2026-09-01,0.0,605df903
dist_open_cash = (open_cash_lvl-close)/tick,2026-09-02,0.0,605df903
dist_open_cash = (open_cash_lvl-close)/tick,2026-09-03,0.0,605df903
dist_open_830 = (open_830_lvl-close)/tick,2026-06-11,0.0,c43dc080
dist_open_830 = (open_830_lvl-close)/tick,2026-06-15,0.0,114b1ca4
dist_open_830 = (open_830_lvl-close)/tick,2026-06-16,0.0,e7199bc7
dist_open_830 = (open_830_lvl-close)/tick,2026-06-17,0.0,e7199bc7
dist_open_830 = (open_830_lvl-close)/tick,2026-06-18,0.0,e7199bc7
dist_open_830 = (open_830_lvl-close)/tick,2026-06-21,0.0,9238adc1
dist_open_830 = (open_830_lvl-close)/tick,2026-06-22,0.0,9238adc1
dist_open_830 = (open_830_lvl-close)/tick,2026-06-23,0.0,9238adc1
dist_open_830 = (open_830_lvl-close)/tick,2026-06-26,0.0,9238adc1
dist_open_830 = (open_830_lvl-close)/tick,2026-06-28,0.0,944f7204
dist_open_830 = (open_830_lvl-close)/tick,2026-06-29,0.0,944f7204
dist_open_830 = (open_830_lvl-close)/tick,2026-07-01,0.0,944f7204
dist_open_830 = (open_830_lvl-close)/tick,2026-07-02,0.0,944f7204
dist_open_830 = (open_830_lvl-close)/tick,2026-07-05,0.0,13efb186
dist_open_830 = (open_830_lvl-close)/tick,2026-07-06,0.0,13efb186
dist_open_830 = (open_830_lvl-close)/tick,2026-07-07,0.0,13efb186
dist_open_830 = (open_830_lvl-close)/tick,2026-07-08,0.0,13efb186
dist_open_830 = (open_830_lvl-close)/tick,2026-07-09,0.0,13efb186
dist_open_830 = (open_830_lvl-close)/tick,2026-07-10,0.0,13efb186
dist_open_830 = (open_830_lvl-close)/tick,2026-07-12,0.0,13efb186
dist_open_830 = (open_830_lvl-close)/tick,2026-07-13,0.0,13efb186
dist_open_830 = (open_830_lvl-close)/tick,2026-07-14,0.0,13efb186
dist_open_830 = (open_830_lvl-close)/tick,2026-07-15,0.0,13efb186
dist_open_830 = (open_830_lvl-close)/tick,2026-07-16,0.0,13efb186
dist_open_830 = (open_830_lvl-close)/tick,2026-07-17,0.0,f6003b62
dist_open_830 = (open_830_lvl-close)/tick,2026-07-19,0.0,f6003b62
dist_open_830 = (open_830_lvl-close)/tick,2026-07-20,0.0,f6003b62
dist_open_830 = (open_830_lvl-close)/tick,2026-07-21,0.0,f6003b62
dist_open_830 = (open_830_lvl-close)/tick,2026-07-22,0.0,ed53e566
dist_open_830 = (open_830_lvl-close)/tick,2026-07-23,0.0,ed53e566
dist_open_830 = (open_830_lvl-close)/tick,2026-07-24,0.0,ed53e566
dist_open_830 = (open_830_lvl-close)/tick,2026-07-26,0.0,4981d53a
dist_open_830 = (open_830_lvl-close)/tick,2026-07-27,0.0,4981d53a
dist_open_830 = (open_830_lvl-close)/tick,2026-07-28,0.0,4981d53a
dist_open_830 = (open_830_lvl-close)/tick,2026-07-29,0.0,4981d53a
dist_open_830 = (open_830_lvl-close)/tick,2026-07-30,0.0,4981d53a
dist_open_830 = (open_830_lvl-close)/tick,2026-07-31,0.0,4981d53a
dist_open_830 = (open_830_lvl-close)/tick,2026-08-04,0.0,1d20af93
dist_open_830 = (open_830_lvl-close)/tick,2026-08-06,0.0,feec66f6
dist_open_830 = (open_830_lvl-close)/tick,2026-08-07,0.0,287627ed
dist_open_830 = (open_830_lvl-close)/tick,2026-08-09,0.0,43f2daf5
dist_open_830 = (open_830_lvl-close)/tick,2026-08-11,0.0,78177655
dist_open_830 = (open_830_lvl-close)/tick,2026-08-12,0.0,78177655
dist_open_830 = (open_830_lvl-close)/tick,2026-08-13,0.0,78177655
dist_open_830 = (open_830_lvl-close)/tick,2026-08-14,0.0,78177655
dist_open_830 = (open_830_lvl-close)/tick,2026-08-16,0.0,605df903
dist_open_830 = (open_830_lvl-close)/tick,2026-08-17,0.0,605df903
dist_open_830 = (open_830_lvl-close)/tick,2026-08-18,0.0,605df903
dist_open_830 = (open_830_lvl-close)/tick,2026-08-19,0.0,605df903
dist_open_830 = (open_830_lvl-close)/tick,2026-08-20,0.0,605df903
dist_open_830 = (open_830_lvl-close)/tick,2026-08-21,0.0,605df903
dist_open_830 = (open_830_lvl-close)/tick,2026-08-23,0.0,605df903
dist_open_830 = (open_830_lvl-close)/tick,2026-08-24,0.0,605df903
dist_open_830 = (open_830_lvl-close)/tick,2026-08-25,0.0,605df903
dist_open_830 = (open_830_lvl-close)/tick,2026-08-26,0.0,605df903
dist_open_830 = (open_830_lvl-close)/tick,2026-08-27,0.0,605df903
dist_open_830 = (open_830_lvl-close)/tick,2026-08-28,0.0,605df903
dist_open_830 = (open_830_lvl-close)/tick,2026-08-30,0.0,605df903
dist_open_830 = (open_830_lvl-close)/tick,2026-08-31,0.0,605df903
dist_open_830 = (open_830_lvl-close)/tick,2026-09-01,0.0,605df903
dist_open_830 = (open_830_lvl-close)/tick,2026-09-02,0.0,605df903
dist_open_830 = (open_830_lvl-close)/tick,2026-09-03,0.0,605df903
dist_cash_high_atr = (cash_high-close)/atr_14m,2026-06-11,0.977,c43dc080
dist_cash_high_atr = (cash_high-close)/atr_14m,2026-06-15,0.9644,114b1ca4
dist_cash_high_atr = (cash_high-close)/atr_14m,2026-06-16,0.9867,e7199bc7
dist_cash_high_atr = (cash_high-close)/atr_14m,2026-06-17,1.0,e7199bc7
dist_cash_high_atr = (cash_high-close)/atr_14m,2026-06-18,0.9821,e7199bc7
dist_cash_high_atr = (cash_high-close)/atr_14m,2026-06-22,0.9889,9238adc1
dist_cash_high_atr = (cash_high-close)/atr_14m,2026-06-23,0.9822,9238adc1
dist_cash_high_atr = (cash_high-close)/atr_14m,2026-06-26,0.9933,9238adc1
dist_cash_high_atr = (cash_high-close)/atr_14m,2026-06-29,0.9689,944f7204
dist_cash_high_atr = (cash_high-close)/atr_14m,2026-07-01,0.9956,944f7204
dist_cash_high_atr = (cash_high-close)/atr_14m,2026-07-02,0.9866,944f7204
dist_cash_high_atr = (cash_high-close)/atr_14m,2026-07-06,0.98,13efb186
dist_cash_high_atr = (cash_high-close)/atr_14m,2026-07-07,1.0,13efb186
dist_cash_high_atr = (cash_high-close)/atr_14m,2026-07-08,0.9867,13efb186
dist_cash_high_atr = (cash_high-close)/atr_14m,2026-07-09,0.98,13efb186
dist_cash_high_atr = (cash_high-close)/atr_14m,2026-07-10,0.9844,13efb186
dist_cash_high_atr = (cash_high-close)/atr_14m,2026-07-13,0.9978,13efb186
dist_cash_high_atr = (cash_high-close)/atr_14m,2026-07-14,0.9933,13efb186
dist_cash_high_atr = (cash_high-close)/atr_14m,2026-07-15,1.0,13efb186
dist_cash_high_atr = (cash_high-close)/atr_14m,2026-07-16,1.0,13efb186
dist_cash_high_atr = (cash_high-close)/atr_14m,2026-07-17,0.9778,f6003b62
dist_cash_high_atr = (cash_high-close)/atr_14m,2026-07-20,0.9889,f6003b62
dist_cash_high_atr = (cash_high-close)/atr_14m,2026-07-21,0.9822,f6003b62
dist_cash_high_atr = (cash_high-close)/atr_14m,2026-07-22,0.9667,ed53e566
dist_cash_high_atr = (cash_high-close)/atr_14m,2026-07-23,0.9889,ed53e566
dist_cash_high_atr = (cash_high-close)/atr_14m,2026-07-24,0.9933,ed53e566
dist_cash_high_atr = (cash_high-close)/atr_14m,2026-07-27,1.0,4981d53a
dist_cash_high_atr = (cash_high-close)/atr_14m,2026-07-28,0.9889,4981d53a
dist_cash_high_atr = (cash_high-close)/atr_14m,2026-07-29,0.9956,4981d53a
dist_cash_high_atr = (cash_high-close)/atr_14m,2026-07-30,0.9756,4981d53a
dist_cash_high_atr = (cash_high-close)/atr_14m,2026-07-31,0.9978,4981d53a
dist_cash_high_atr = (cash_high-close)/atr_14m,2026-08-04,0.9067,1d20af93
dist_cash_high_atr = (cash_high-close)/atr_14m,2026-08-06,0.9778,feec66f6
dist_cash_high_atr = (cash_high-close)/atr_14m,2026-08-07,0.9889,287627ed
dist_cash_high_atr = (cash_high-close)/atr_14m,2026-08-11,1.0,78177655
dist_cash_high_atr = (cash_high-close)/atr_14m,2026-08-12,1.0,78177655
dist_cash_high_atr = (cash_high-close)/atr_14m,2026-08-13,0.9644,78177655
dist_cash_high_atr = (cash_high-close)/atr_14m,2026-08-14,1.0,78177655
dist_cash_high_atr = (cash_high-close)/atr_14m,2026-08-17,0.9978,605df903
dist_cash_high_atr = (cash_high-close)/atr_14m,2026-08-18,0.9978,605df903
dist_cash_high_atr = (cash_high-close)/atr_14m,2026-08-19,0.9978,605df903
dist_cash_high_atr = (cash_high-close)/atr_14m,2026-08-20,1.0,605df903
dist_cash_high_atr = (cash_high-close)/atr_14m,2026-08-21,1.0,605df903
dist_cash_high_atr = (cash_high-close)/atr_14m,2026-08-24,1.0,605df903
dist_cash_high_atr = (cash_high-close)/atr_14m,2026-08-25,0.9933,605df903
dist_cash_high_atr = (cash_high-close)/atr_14m,2026-08-26,0.9867,605df903
dist_cash_high_atr = (cash_high-close)/atr_14m,2026-08-27,0.9889,605df903
dist_cash_high_atr = (cash_high-close)/atr_14m,2026-08-28,0.9822,605df903
dist_cash_high_atr = (cash_high-close)/atr_14m,2026-08-31,0.9978,605df903
dist_cash_high_atr = (cash_high-close)/atr_14m,2026-09-01,0.9822,605df903
dist_cash_high_atr = (cash_high-close)/atr_14m,2026-09-02,0.98,605df903
dist_cash_high_atr = (cash_high-close)/atr_14m,2026-09-03,0.98,605df903
dist_asia_high_pct = (asia_high-close)/close*100,2026-06-11,1.0,c43dc080
dist_asia_high_pct = (asia_high-close)/close*100,2026-06-15,0.9506,114b1ca4
dist_asia_high_pct = (asia_high-close)/close*100,2026-06-16,0.9978,e7199bc7
dist_asia_high_pct = (asia_high-close)/close*100,2026-06-17,0.9543,e7199bc7
dist_asia_high_pct = (asia_high-close)/close*100,2026-06-18,0.9902,e7199bc7
dist_asia_high_pct = (asia_high-close)/close*100,2026-06-21,0.9916,9238adc1
dist_asia_high_pct = (asia_high-close)/close*100,2026-06-22,0.984,9238adc1
dist_asia_high_pct = (asia_high-close)/close*100,2026-06-23,0.9993,9238adc1
dist_asia_high_pct = (asia_high-close)/close*100,2026-06-26,1.0,9238adc1
dist_asia_high_pct = (asia_high-close)/close*100,2026-06-28,0.9664,944f7204
dist_asia_high_pct = (asia_high-close)/close*100,2026-06-29,0.9949,944f7204
dist_asia_high_pct = (asia_high-close)/close*100,2026-07-01,0.9993,944f7204
dist_asia_high_pct = (asia_high-close)/close*100,2026-07-02,0.992,944f7204
dist_asia_high_pct = (asia_high-close)/close*100,2026-07-05,0.9916,13efb186
dist_asia_high_pct = (asia_high-close)/close*100,2026-07-06,0.9935,13efb186
dist_asia_high_pct = (asia_high-close)/close*100,2026-07-07,0.9978,13efb186
dist_asia_high_pct = (asia_high-close)/close*100,2026-07-08,0.9993,13efb186
dist_asia_high_pct = (asia_high-close)/close*100,2026-07-09,0.9862,13efb186
dist_asia_high_pct = (asia_high-close)/close*100,2026-07-10,0.9992,13efb186
dist_asia_high_pct = (asia_high-close)/close*100,2026-07-12,1.0,13efb186
dist_asia_high_pct = (asia_high-close)/close*100,2026-07-13,0.9993,13efb186
dist_asia_high_pct = (asia_high-close)/close*100,2026-07-14,0.9956,13efb186
dist_asia_high_pct = (asia_high-close)/close*100,2026-07-15,0.9891,13efb186
dist_asia_high_pct = (asia_high-close)/close*100,2026-07-16,0.9985,13efb186
dist_asia_high_pct = (asia_high-close)/close*100,2026-07-17,1.0,f6003b62
dist_asia_high_pct = (asia_high-close)/close*100,2026-07-19,0.9748,f6003b62
dist_asia_high_pct = (asia_high-close)/close*100,2026-07-20,0.9906,f6003b62
dist_asia_high_pct = (asia_high-close)/close*100,2026-07-21,0.9761,f6003b62
dist_asia_high_pct = (asia_high-close)/close*100,2026-07-22,0.9993,ed53e566
dist_asia_high_pct = (asia_high-close)/close*100,2026-07-23,0.9964,ed53e566
dist_asia_high_pct = (asia_high-close)/close*100,2026-07-24,1.0,ed53e566
dist_asia_high_pct = (asia_high-close)/close*100,2026-07-26,0.9832,4981d53a
dist_asia_high_pct = (asia_high-close)/close*100,2026-07-27,0.9949,4981d53a
dist_asia_high_pct = (asia_high-close)/close*100,2026-07-28,0.9985,4981d53a
dist_asia_high_pct = (asia_high-close)/close*100,2026-07-29,0.9993,4981d53a
dist_asia_high_pct = (asia_high-close)/close*100,2026-07-30,0.9985,4981d53a
dist_asia_high_pct = (asia_high-close)/close*100,2026-07-31,0.9889,4981d53a
dist_asia_high_pct = (asia_high-close)/close*100,2026-08-04,0.9913,1d20af93
dist_asia_high_pct = (asia_high-close)/close*100,2026-08-06,0.9971,feec66f6
dist_asia_high_pct = (asia_high-close)/close*100,2026-08-07,0.9849,287627ed
dist_asia_high_pct = (asia_high-close)/close*100,2026-08-09,1.0,43f2daf5
dist_asia_high_pct = (asia_high-close)/close*100,2026-08-11,0.992,78177655
dist_asia_high_pct = (asia_high-close)/close*100,2026-08-12,0.9819,78177655
dist_asia_high_pct = (asia_high-close)/close*100,2026-08-13,0.9877,78177655
dist_asia_high_pct = (asia_high-close)/close*100,2026-08-14,0.9865,78177655
dist_asia_high_pct = (asia_high-close)/close*100,2026-08-16,0.9664,605df903
dist_asia_high_pct = (asia_high-close)/close*100,2026-08-17,0.9731,605df903
dist_asia_high_pct = (asia_high-close)/close*100,2026-08-18,0.9964,605df903
dist_asia_high_pct = (asia_high-close)/close*100,2026-08-19,0.9877,605df903
dist_asia_high_pct = (asia_high-close)/close*100,2026-08-20,1.0,605df903
dist_asia_high_pct = (asia_high-close)/close*100,2026-08-21,0.9802,605df903
dist_asia_high_pct = (asia_high-close)/close*100,2026-08-23,0.9412,605df903
dist_asia_high_pct = (asia_high-close)/close*100,2026-08-24,1.0,605df903
dist_asia_high_pct = (asia_high-close)/close*100,2026-08-25,0.9768,605df903
dist_asia_high_pct = (asia_high-close)/close*100,2026-08-26,0.9956,605df903
dist_asia_high_pct = (asia_high-close)/close*100,2026-08-27,0.9935,605df903
dist_asia_high_pct = (asia_high-close)/close*100,2026-08-28,0.9968,605df903
dist_asia_high_pct = (asia_high-close)/close*100,2026-08-30,1.0,605df903
dist_asia_high_pct = (asia_high-close)/close*100,2026-08-31,0.9985,605df903
dist_asia_high_pct = (asia_high-close)/close*100,2026-09-01,0.9978,605df903
dist_asia_high_pct = (asia_high-close)/close*100,2026-09-02,0.9833,605df903
dist_asia_high_pct = (asia_high-close)/close*100,2026-09-03,0.9935,605df903
dist_vwap_d_atr = dist_vwap_d/atr,2026-06-11,0.0,c43dc080
dist_vwap_d_atr = dist_vwap_d/atr,2026-06-15,0.0,114b1ca4
dist_vwap_d_atr = dist_vwap_d/atr,2026-06-16,0.0,e7199bc7
dist_vwap_d_atr = dist_vwap_d/atr,2026-06-17,0.0,e7199bc7
dist_vwap_d_atr = dist_vwap_d/atr,2026-06-18,0.0,e7199bc7
dist_vwap_d_atr = dist_vwap_d/atr,2026-06-21,0.0,9238adc1
dist_vwap_d_atr = dist_vwap_d/atr,2026-06-22,0.0,9238adc1
dist_vwap_d_atr = dist_vwap_d/atr,2026-06-23,0.0,9238adc1
dist_vwap_d_atr = dist_vwap_d/atr,2026-06-26,0.0,9238adc1
dist_vwap_d_atr = dist_vwap_d/atr,2026-06-28,0.0,944f7204
dist_vwap_d_atr = dist_vwap_d/atr,2026-06-29,0.0,944f7204
dist_vwap_d_atr = dist_vwap_d/atr,2026-07-01,0.0,944f7204
dist_vwap_d_atr = dist_vwap_d/atr,2026-07-02,0.0,944f7204
dist_vwap_d_atr = dist_vwap_d/atr,2026-07-05,0.0,13efb186
dist_vwap_d_atr = dist_vwap_d/atr,2026-07-06,0.0,13efb186
dist_vwap_d_atr = dist_vwap_d/atr,2026-07-07,0.0,13efb186
dist_vwap_d_atr = dist_vwap_d/atr,2026-07-08,0.0,13efb186
dist_vwap_d_atr = dist_vwap_d/atr,2026-07-09,0.0,13efb186
dist_vwap_d_atr = dist_vwap_d/atr,2026-07-10,0.0,13efb186
dist_vwap_d_atr = dist_vwap_d/atr,2026-07-12,0.0,13efb186
dist_vwap_d_atr = dist_vwap_d/atr,2026-07-13,0.0,13efb186
dist_vwap_d_atr = dist_vwap_d/atr,2026-07-14,0.0,13efb186
dist_vwap_d_atr = dist_vwap_d/atr,2026-07-15,0.0,13efb186
dist_vwap_d_atr = dist_vwap_d/atr,2026-07-16,0.0,13efb186
dist_vwap_d_atr = dist_vwap_d/atr,2026-07-17,0.0,f6003b62
dist_vwap_d_atr = dist_vwap_d/atr,2026-07-19,0.0,f6003b62
dist_vwap_d_atr = dist_vwap_d/atr,2026-07-20,0.0,f6003b62
dist_vwap_d_atr = dist_vwap_d/atr,2026-07-21,0.0,f6003b62
dist_vwap_d_atr = dist_vwap_d/atr,2026-07-22,0.0,ed53e566
dist_vwap_d_atr = dist_vwap_d/atr,2026-07-23,0.0,ed53e566
dist_vwap_d_atr = dist_vwap_d/atr,2026-07-24,0.0,ed53e566
dist_vwap_d_atr = dist_vwap_d/atr,2026-07-26,0.0,4981d53a
dist_vwap_d_atr = dist_vwap_d/atr,2026-07-27,0.0,4981d53a
dist_vwap_d_atr = dist_vwap_d/atr,2026-07-28,0.0,4981d53a
dist_vwap_d_atr = dist_vwap_d/atr,2026-07-29,0.0,4981d53a
dist_vwap_d_atr = dist_vwap_d/atr,2026-07-30,0.0,4981d53a
dist_vwap_d_atr = dist_vwap_d/atr,2026-07-31,0.0,4981d53a
dist_vwap_d_atr = dist_vwap_d/atr,2026-08-04,0.0,1d20af93
dist_vwap_d_atr = dist_vwap_d/atr,2026-08-06,0.0,feec66f6
dist_vwap_d_atr = dist_vwap_d/atr,2026-08-07,0.0,287627ed
dist_vwap_d_atr = dist_vwap_d/atr,2026-08-09,0.0,43f2daf5
dist_vwap_d_atr = dist_vwap_d/atr,2026-08-11,0.0,78177655
dist_vwap_d_atr = dist_vwap_d/atr,2026-08-12,0.0,78177655
dist_vwap_d_atr = dist_vwap_d/atr,2026-08-13,0.0,78177655
dist_vwap_d_atr = dist_vwap_d/atr,2026-08-14,0.0,78177655
dist_vwap_d_atr = dist_vwap_d/atr,2026-08-16,0.0,605df903
dist_vwap_d_atr = dist_vwap_d/atr,2026-08-17,0.0,605df903
dist_vwap_d_atr = dist_vwap_d/atr,2026-08-18,0.0,605df903
dist_vwap_d_atr = dist_vwap_d/atr,2026-08-19,0.0,605df903
dist_vwap_d_atr = dist_vwap_d/atr,2026-08-20,0.0,605df903
dist_vwap_d_atr = dist_vwap_d/atr,2026-08-21,0.0,605df903
dist_vwap_d_atr = dist_vwap_d/atr,2026-08-23,0.0,605df903
dist_vwap_d_atr = dist_vwap_d/atr,2026-08-24,0.0,605df903
dist_vwap_d_atr = dist_vwap_d/atr,2026-08-25,0.0,605df903
dist_vwap_d_atr = dist_vwap_d/atr,2026-08-26,0.0,605df903
dist_vwap_d_atr = dist_vwap_d/atr,2026-08-27,0.0,605df903
dist_vwap_d_atr = dist_vwap_d/atr,2026-08-28,0.0,605df903
dist_vwap_d_atr = dist_vwap_d/atr,2026-08-30,0.0,605df903
dist_vwap_d_atr = dist_vwap_d/atr,2026-08-31,0.0,605df903
dist_vwap_d_atr = dist_vwap_d/atr,2026-09-01,0.0,605df903
dist_vwap_d_atr = dist_vwap_d/atr,2026-09-02,0.0,605df903
dist_vwap_d_atr = dist_vwap_d/atr,2026-09-03,0.0,605df903
dist_vwap_d_pct = dist_vwap_d*tick/close*100,2026-06-11,0.0,c43dc080
dist_vwap_d_pct = dist_vwap_d*tick/close*100,2026-06-15,0.0,114b1ca4
dist_vwap_d_pct = dist_vwap_d*tick/close*100,2026-06-16,0.0,e7199bc7
dist_vwap_d_pct = dist_vwap_d*tick/close*100,2026-06-17,0.0,e7199bc7
dist_vwap_d_pct = dist_vwap_d*tick/close*100,2026-06-18,0.0,e7199bc7
dist_vwap_d_pct = dist_vwap_d*tick/close*100,2026-06-21,0.0,9238adc1
dist_vwap_d_pct = dist_vwap_d*tick/close*100,2026-06-22,0.0,9238adc1
dist_vwap_d_pct = dist_vwap_d*tick/close*100,2026-06-23,0.0,9238adc1
dist_vwap_d_pct = dist_vwap_d*tick/close*100,2026-06-26,0.0,9238adc1
dist_vwap_d_pct = dist_vwap_d*tick/close*100,2026-06-28,0.0,944f7204
dist_vwap_d_pct = dist_vwap_d*tick/close*100,2026-06-29,0.0,944f7204
dist_vwap_d_pct = dist_vwap_d*tick/close*100,2026-07-01,0.0,944f7204
dist_vwap_d_pct = dist_vwap_d*tick/close*100,2026-07-02,0.0,944f7204
dist_vwap_d_pct = dist_vwap_d*tick/close*100,2026-07-05,0.0,13efb186
dist_vwap_d_pct = dist_vwap_d*tick/close*100,2026-07-06,0.0,13efb186
dist_vwap_d_pct = dist_vwap_d*tick/close*100,2026-07-07,0.0,13efb186
dist_vwap_d_pct = dist_vwap_d*tick/close*100,2026-07-08,0.0,13efb186
dist_vwap_d_pct = dist_vwap_d*tick/close*100,2026-07-09,0.0,13efb186
dist_vwap_d_pct = dist_vwap_d*tick/close*100,2026-07-10,0.0,13efb186
dist_vwap_d_pct = dist_vwap_d*tick/close*100,2026-07-12,0.0,13efb186
dist_vwap_d_pct = dist_vwap_d*tick/close*100,2026-07-13,0.0,13efb186
dist_vwap_d_pct = dist_vwap_d*tick/close*100,2026-07-14,0.0,13efb186
dist_vwap_d_pct = dist_vwap_d*tick/close*100,2026-07-15,0.0,13efb186
dist_vwap_d_pct = dist_vwap_d*tick/close*100,2026-07-16,0.0,13efb186
dist_vwap_d_pct = dist_vwap_d*tick/close*100,2026-07-17,0.0,f6003b62
dist_vwap_d_pct = dist_vwap_d*tick/close*100,2026-07-19,0.0,f6003b62
dist_vwap_d_pct = dist_vwap_d*tick/close*100,2026-07-20,0.0,f6003b62
dist_vwap_d_pct = dist_vwap_d*tick/close*100,2026-07-21,0.0,f6003b62
dist_vwap_d_pct = dist_vwap_d*tick/close*100,2026-07-22,0.0,ed53e566
dist_vwap_d_pct = dist_vwap_d*tick/close*100,2026-07-23,0.0,ed53e566
dist_vwap_d_pct = dist_vwap_d*tick/close*100,2026-07-24,0.0,ed53e566
dist_vwap_d_pct = dist_vwap_d*tick/close*100,2026-07-26,0.0,4981d53a
dist_vwap_d_pct = dist_vwap_d*tick/close*100,2026-07-27,0.0,4981d53a
dist_vwap_d_pct = dist_vwap_d*tick/close*100,2026-07-28,0.0,4981d53a
dist_vwap_d_pct = dist_vwap_d*tick/close*100,2026-07-29,0.0,4981d53a
dist_vwap_d_pct = dist_vwap_d*tick/close*100,2026-07-30,0.0,4981d53a
dist_vwap_d_pct = dist_vwap_d*tick/close*100,2026-07-31,0.0,4981d53a
dist_vwap_d_pct = dist_vwap_d*tick/close*100,2026-08-04,0.0,1d20af93
dist_vwap_d_pct = dist_vwap_d*tick/close*100,2026-08-06,0.0,feec66f6
dist_vwap_d_pct = dist_vwap_d*tick/close*100,2026-08-07,0.0,287627ed
dist_vwap_d_pct = dist_vwap_d*tick/close*100,2026-08-09,0.0,43f2daf5
dist_vwap_d_pct = dist_vwap_d*tick/close*100,2026-08-11,0.0,78177655
dist_vwap_d_pct = dist_vwap_d*tick/close*100,2026-08-12,0.0,78177655
dist_vwap_d_pct = dist_vwap_d*tick/close*100,2026-08-13,0.0,78177655
dist_vwap_d_pct = dist_vwap_d*tick/close*100,2026-08-14,0.0,78177655
dist_vwap_d_pct = dist_vwap_d*tick/close*100,2026-08-16,0.0,605df903
dist_vwap_d_pct = dist_vwap_d*tick/close*100,2026-08-17,0.0,605df903
dist_vwap_d_pct = dist_vwap_d*tick/close*100,2026-08-18,0.0,605df903
dist_vwap_d_pct = dist_vwap_d*tick/close*100,2026-08-19,0.0,605df903
dist_vwap_d_pct = dist_vwap_d*tick/close*100,2026-08-20,0.0,605df903
dist_vwap_d_pct = dist_vwap_d*tick/close*100,2026-08-21,0.0,605df903
dist_vwap_d_pct = dist_vwap_d*tick/close*100,2026-08-23,0.0,605df903
dist_vwap_d_pct = dist_vwap_d*tick/close*100,2026-08-24,0.0,605df903
dist_vwap_d_pct = dist_vwap_d*tick/close*100,2026-08-25,0.0,605df903
dist_vwap_d_pct = dist_vwap_d*tick/close*100,2026-08-26,0.0,605df903
dist_vwap_d_pct = dist_vwap_d*tick/close*100,2026-08-27,0.0,605df903
dist_vwap_d_pct = dist_vwap_d*tick/close*100,2026-08-28,0.0,605df903
dist_vwap_d_pct = dist_vwap_d*tick/close*100,2026-08-30,0.0,605df903
dist_vwap_d_pct = dist_vwap_d*tick/close*100,2026-08-31,0.0,605df903
dist_vwap_d_pct = dist_vwap_d*tick/close*100,2026-09-01,0.0,605df903
dist_vwap_d_pct = dist_vwap_d*tick/close*100,2026-09-02,0.0,605df903
dist_vwap_d_pct = dist_vwap_d*tick/close*100,2026-09-03,0.0,605df903
dist_vwap_w_atr = dist_vwap_w/atr,2026-06-11,0.0,c43dc080
dist_vwap_w_atr = dist_vwap_w/atr,2026-06-15,0.0,114b1ca4
dist_vwap_w_atr = dist_vwap_w/atr,2026-06-16,0.0,e7199bc7
dist_vwap_w_atr = dist_vwap_w/atr,2026-06-17,0.0,e7199bc7
dist_vwap_w_atr = dist_vwap_w/atr,2026-06-18,0.0,e7199bc7
dist_vwap_w_atr = dist_vwap_w/atr,2026-06-21,0.0,9238adc1
dist_vwap_w_atr = dist_vwap_w/atr,2026-06-22,0.0,9238adc1
dist_vwap_w_atr = dist_vwap_w/atr,2026-06-23,0.0,9238adc1
dist_vwap_w_atr = dist_vwap_w/atr,2026-06-26,0.0,9238adc1
dist_vwap_w_atr = dist_vwap_w/atr,2026-06-28,0.0,944f7204
dist_vwap_w_atr = dist_vwap_w/atr,2026-06-29,0.0,944f7204
dist_vwap_w_atr = dist_vwap_w/atr,2026-07-01,0.0,944f7204
dist_vwap_w_atr = dist_vwap_w/atr,2026-07-02,0.0,944f7204
dist_vwap_w_atr = dist_vwap_w/atr,2026-07-05,0.0,13efb186
dist_vwap_w_atr = dist_vwap_w/atr,2026-07-06,0.0,13efb186
dist_vwap_w_atr = dist_vwap_w/atr,2026-07-07,0.0,13efb186
dist_vwap_w_atr = dist_vwap_w/atr,2026-07-08,0.0,13efb186
dist_vwap_w_atr = dist_vwap_w/atr,2026-07-09,0.0,13efb186
dist_vwap_w_atr = dist_vwap_w/atr,2026-07-10,0.0,13efb186
dist_vwap_w_atr = dist_vwap_w/atr,2026-07-12,0.0,13efb186
dist_vwap_w_atr = dist_vwap_w/atr,2026-07-13,0.0,13efb186
dist_vwap_w_atr = dist_vwap_w/atr,2026-07-14,0.0,13efb186
dist_vwap_w_atr = dist_vwap_w/atr,2026-07-15,0.0,13efb186
dist_vwap_w_atr = dist_vwap_w/atr,2026-07-16,0.0,13efb186
dist_vwap_w_atr = dist_vwap_w/atr,2026-07-17,0.0,f6003b62
dist_vwap_w_atr = dist_vwap_w/atr,2026-07-19,0.0,f6003b62
dist_vwap_w_atr = dist_vwap_w/atr,2026-07-20,0.0,f6003b62
dist_vwap_w_atr = dist_vwap_w/atr,2026-07-21,0.0,f6003b62
dist_vwap_w_atr = dist_vwap_w/atr,2026-07-22,0.0,ed53e566
dist_vwap_w_atr = dist_vwap_w/atr,2026-07-23,0.0,ed53e566
dist_vwap_w_atr = dist_vwap_w/atr,2026-07-24,0.0,ed53e566
dist_vwap_w_atr = dist_vwap_w/atr,2026-07-26,0.0,4981d53a
dist_vwap_w_atr = dist_vwap_w/atr,2026-07-27,0.0,4981d53a
dist_vwap_w_atr = dist_vwap_w/atr,2026-07-28,0.0,4981d53a
dist_vwap_w_atr = dist_vwap_w/atr,2026-07-29,0.0,4981d53a
dist_vwap_w_atr = dist_vwap_w/atr,2026-07-30,0.0,4981d53a
dist_vwap_w_atr = dist_vwap_w/atr,2026-07-31,0.0,4981d53a
dist_vwap_w_atr = dist_vwap_w/atr,2026-08-04,0.0,1d20af93
dist_vwap_w_atr = dist_vwap_w/atr,2026-08-06,0.0,feec66f6
dist_vwap_w_atr = dist_vwap_w/atr,2026-08-07,0.0,287627ed
dist_vwap_w_atr = dist_vwap_w/atr,2026-08-09,0.0,43f2daf5
dist_vwap_w_atr = dist_vwap_w/atr,2026-08-11,0.0,78177655
dist_vwap_w_atr = dist_vwap_w/atr,2026-08-12,0.0,78177655
dist_vwap_w_atr = dist_vwap_w/atr,2026-08-13,0.0,78177655
dist_vwap_w_atr = dist_vwap_w/atr,2026-08-14,0.0,78177655
dist_vwap_w_atr = dist_vwap_w/atr,2026-08-16,0.0,605df903
dist_vwap_w_atr = dist_vwap_w/atr,2026-08-17,0.0,605df903
dist_vwap_w_atr = dist_vwap_w/atr,2026-08-18,0.0,605df903
dist_vwap_w_atr = dist_vwap_w/atr,2026-08-19,0.0,605df903
dist_vwap_w_atr = dist_vwap_w/atr,2026-08-20,0.0,605df903
dist_vwap_w_atr = dist_vwap_w/atr,2026-08-21,0.0,605df903
dist_vwap_w_atr = dist_vwap_w/atr,2026-08-23,0.0,605df903
dist_vwap_w_atr = dist_vwap_w/atr,2026-08-24,0.0,605df903
dist_vwap_w_atr = dist_vwap_w/atr,2026-08-25,0.0,605df903
dist_vwap_w_atr = dist_vwap_w/atr,2026-08-26,0.0,605df903
dist_vwap_w_atr = dist_vwap_w/atr,2026-08-27,0.0,605df903
dist_vwap_w_atr = dist_vwap_w/atr,2026-08-28,0.0,605df903
dist_vwap_w_atr = dist_vwap_w/atr,2026-08-30,0.0,605df903
dist_vwap_w_atr = dist_vwap_w/atr,2026-08-31,0.0,605df903
dist_vwap_w_atr = dist_vwap_w/atr,2026-09-01,0.0,605df903
dist_vwap_w_atr = dist_vwap_w/atr,2026-09-02,0.0,605df903
dist_vwap_w_atr = dist_vwap_w/atr,2026-09-03,0.0,605df903
dist_vwap_w_pct = dist_vwap_w*tick/close*100,2026-06-11,0.0,c43dc080
dist_vwap_w_pct = dist_vwap_w*tick/close*100,2026-06-15,0.0,114b1ca4
dist_vwap_w_pct = dist_vwap_w*tick/close*100,2026-06-16,0.0,e7199bc7
dist_vwap_w_pct = dist_vwap_w*tick/close*100,2026-06-17,0.0,e7199bc7
dist_vwap_w_pct = dist_vwap_w*tick/close*100,2026-06-18,0.0,e7199bc7
dist_vwap_w_pct = dist_vwap_w*tick/close*100,2026-06-21,0.0,9238adc1
dist_vwap_w_pct = dist_vwap_w*tick/close*100,2026-06-22,0.0,9238adc1
dist_vwap_w_pct = dist_vwap_w*tick/close*100,2026-06-23,0.0,9238adc1
dist_vwap_w_pct = dist_vwap_w*tick/close*100,2026-06-26,0.0,9238adc1
dist_vwap_w_pct = dist_vwap_w*tick/close*100,2026-06-28,0.0,944f7204
dist_vwap_w_pct = dist_vwap_w*tick/close*100,2026-06-29,0.0,944f7204
dist_vwap_w_pct = dist_vwap_w*tick/close*100,2026-07-01,0.0,944f7204
dist_vwap_w_pct = dist_vwap_w*tick/close*100,2026-07-02,0.0,944f7204
dist_vwap_w_pct = dist_vwap_w*tick/close*100,2026-07-05,0.0,13efb186
dist_vwap_w_pct = dist_vwap_w*tick/close*100,2026-07-06,0.0,13efb186
dist_vwap_w_pct = dist_vwap_w*tick/close*100,2026-07-07,0.0,13efb186
dist_vwap_w_pct = dist_vwap_w*tick/close*100,2026-07-08,0.0,13efb186
dist_vwap_w_pct = dist_vwap_w*tick/close*100,2026-07-09,0.0,13efb186
dist_vwap_w_pct = dist_vwap_w*tick/close*100,2026-07-10,0.0,13efb186
dist_vwap_w_pct = dist_vwap_w*tick/close*100,2026-07-12,0.0,13efb186
dist_vwap_w_pct = dist_vwap_w*tick/close*100,2026-07-13,0.0,13efb186
dist_vwap_w_pct = dist_vwap_w*tick/close*100,2026-07-14,0.0,13efb186
dist_vwap_w_pct = dist_vwap_w*tick/close*100,2026-07-15,0.0,13efb186
dist_vwap_w_pct = dist_vwap_w*tick/close*100,2026-07-16,0.0,13efb186
dist_vwap_w_pct = dist_vwap_w*tick/close*100,2026-07-17,0.0,f6003b62
dist_vwap_w_pct = dist_vwap_w*tick/close*100,2026-07-19,0.0,f6003b62
dist_vwap_w_pct = dist_vwap_w*tick/close*100,2026-07-20,0.0,f6003b62
dist_vwap_w_pct = dist_vwap_w*tick/close*100,2026-07-21,0.0,f6003b62
dist_vwap_w_pct = dist_vwap_w*tick/close*100,2026-07-22,0.0,ed53e566
dist_vwap_w_pct = dist_vwap_w*tick/close*100,2026-07-23,0.0,ed53e566
dist_vwap_w_pct = dist_vwap_w*tick/close*100,2026-07-24,0.0,ed53e566
dist_vwap_w_pct = dist_vwap_w*tick/close*100,2026-07-26,0.0,4981d53a
dist_vwap_w_pct = dist_vwap_w*tick/close*100,2026-07-27,0.0,4981d53a
dist_vwap_w_pct = dist_vwap_w*tick/close*100,2026-07-28,0.0,4981d53a
dist_vwap_w_pct = dist_vwap_w*tick/close*100,2026-07-29,0.0,4981d53a
dist_vwap_w_pct = dist_vwap_w*tick/close*100,2026-07-30,0.0,4981d53a
dist_vwap_w_pct = dist_vwap_w*tick/close*100,2026-07-31,0.0,4981d53a
dist_vwap_w_pct = dist_vwap_w*tick/close*100,2026-08-04,0.0,1d20af93
dist_vwap_w_pct = dist_vwap_w*tick/close*100,2026-08-06,0.0,feec66f6
dist_vwap_w_pct = dist_vwap_w*tick/close*100,2026-08-07,0.0,287627ed
dist_vwap_w_pct = dist_vwap_w*tick/close*100,2026-08-09,0.0,43f2daf5
dist_vwap_w_pct = dist_vwap_w*tick/close*100,2026-08-11,0.0,78177655
dist_vwap_w_pct = dist_vwap_w*tick/close*100,2026-08-12,0.0,78177655
dist_vwap_w_pct = dist_vwap_w*tick/close*100,2026-08-13,0.0,78177655
dist_vwap_w_pct = dist_vwap_w*tick/close*100,2026-08-14,0.0,78177655
dist_vwap_w_pct = dist_vwap_w*tick/close*100,2026-08-16,0.0,605df903
dist_vwap_w_pct = dist_vwap_w*tick/close*100,2026-08-17,0.0,605df903
dist_vwap_w_pct = dist_vwap_w*tick/close*100,2026-08-18,0.0,605df903
dist_vwap_w_pct = dist_vwap_w*tick/close*100,2026-08-19,0.0,605df903
dist_vwap_w_pct = dist_vwap_w*tick/close*100,2026-08-20,0.0,605df903
dist_vwap_w_pct = dist_vwap_w*tick/close*100,2026-08-21,0.0,605df903
dist_vwap_w_pct = dist_vwap_w*tick/close*100,2026-08-23,0.0,605df903
dist_vwap_w_pct = dist_vwap_w*tick/close*100,2026-08-24,0.0,605df903
dist_vwap_w_pct = dist_vwap_w*tick/close*100,2026-08-25,0.0,605df903
dist_vwap_w_pct = dist_vwap_w*tick/close*100,2026-08-26,0.0,605df903
dist_vwap_w_pct = dist_vwap_w*tick/close*100,2026-08-27,0.0,605df903
dist_vwap_w_pct = dist_vwap_w*tick/close*100,2026-08-28,0.0,605df903
dist_vwap_w_pct = dist_vwap_w*tick/close*100,2026-08-30,0.0,605df903
dist_vwap_w_pct = dist_vwap_w*tick/close*100,2026-08-31,0.0,605df903
dist_vwap_w_pct = dist_vwap_w*tick/close*100,2026-09-01,0.0,605df903
dist_vwap_w_pct = dist_vwap_w*tick/close*100,2026-09-02,0.0,605df903
dist_vwap_w_pct = dist_vwap_w*tick/close*100,2026-09-03,0.0,605df903
dist_vwap_m_atr = dist_vwap_m/atr,2026-06-11,0.0,c43dc080
dist_vwap_m_atr = dist_vwap_m/atr,2026-06-15,0.0,114b1ca4
dist_vwap_m_atr = dist_vwap_m/atr,2026-06-16,0.0,e7199bc7
dist_vwap_m_atr = dist_vwap_m/atr,2026-06-17,0.0,e7199bc7
dist_vwap_m_atr = dist_vwap_m/atr,2026-06-18,0.0,e7199bc7
dist_vwap_m_atr = dist_vwap_m/atr,2026-06-21,0.0,9238adc1
dist_vwap_m_atr = dist_vwap_m/atr,2026-06-22,0.0,9238adc1
dist_vwap_m_atr = dist_vwap_m/atr,2026-06-23,0.0,9238adc1
dist_vwap_m_atr = dist_vwap_m/atr,2026-06-26,0.0,9238adc1
dist_vwap_m_atr = dist_vwap_m/atr,2026-06-28,0.0,944f7204
dist_vwap_m_atr = dist_vwap_m/atr,2026-06-29,0.0,944f7204
dist_vwap_m_atr = dist_vwap_m/atr,2026-07-01,0.0,944f7204
dist_vwap_m_atr = dist_vwap_m/atr,2026-07-02,0.0,944f7204
dist_vwap_m_atr = dist_vwap_m/atr,2026-07-05,0.0,13efb186
dist_vwap_m_atr = dist_vwap_m/atr,2026-07-06,0.0,13efb186
dist_vwap_m_atr = dist_vwap_m/atr,2026-07-07,0.0,13efb186
dist_vwap_m_atr = dist_vwap_m/atr,2026-07-08,0.0,13efb186
dist_vwap_m_atr = dist_vwap_m/atr,2026-07-09,0.0,13efb186
dist_vwap_m_atr = dist_vwap_m/atr,2026-07-10,0.0,13efb186
dist_vwap_m_atr = dist_vwap_m/atr,2026-07-12,0.0,13efb186
dist_vwap_m_atr = dist_vwap_m/atr,2026-07-13,0.0,13efb186
dist_vwap_m_atr = dist_vwap_m/atr,2026-07-14,0.0,13efb186
dist_vwap_m_atr = dist_vwap_m/atr,2026-07-15,0.0,13efb186
dist_vwap_m_atr = dist_vwap_m/atr,2026-07-16,0.0,13efb186
dist_vwap_m_atr = dist_vwap_m/atr,2026-07-17,0.0,f6003b62
dist_vwap_m_atr = dist_vwap_m/atr,2026-07-19,0.0,f6003b62
dist_vwap_m_atr = dist_vwap_m/atr,2026-07-20,0.0,f6003b62
dist_vwap_m_atr = dist_vwap_m/atr,2026-07-21,0.0,f6003b62
dist_vwap_m_atr = dist_vwap_m/atr,2026-07-22,0.0,ed53e566
dist_vwap_m_atr = dist_vwap_m/atr,2026-07-23,0.0,ed53e566
dist_vwap_m_atr = dist_vwap_m/atr,2026-07-24,0.0,ed53e566
dist_vwap_m_atr = dist_vwap_m/atr,2026-07-26,0.0,4981d53a
dist_vwap_m_atr = dist_vwap_m/atr,2026-07-27,0.0,4981d53a
dist_vwap_m_atr = dist_vwap_m/atr,2026-07-28,0.0,4981d53a
dist_vwap_m_atr = dist_vwap_m/atr,2026-07-29,0.0,4981d53a
dist_vwap_m_atr = dist_vwap_m/atr,2026-07-30,0.0,4981d53a
dist_vwap_m_atr = dist_vwap_m/atr,2026-07-31,0.0,4981d53a
dist_vwap_m_atr = dist_vwap_m/atr,2026-08-04,0.0,1d20af93
dist_vwap_m_atr = dist_vwap_m/atr,2026-08-06,0.0,feec66f6
dist_vwap_m_atr = dist_vwap_m/atr,2026-08-07,0.0,287627ed
dist_vwap_m_atr = dist_vwap_m/atr,2026-08-09,0.0,43f2daf5
dist_vwap_m_atr = dist_vwap_m/atr,2026-08-11,0.0,78177655
dist_vwap_m_atr = dist_vwap_m/atr,2026-08-12,0.0,78177655
dist_vwap_m_atr = dist_vwap_m/atr,2026-08-13,0.0,78177655
dist_vwap_m_atr = dist_vwap_m/atr,2026-08-14,0.0,78177655
dist_vwap_m_atr = dist_vwap_m/atr,2026-08-16,0.0,605df903
dist_vwap_m_atr = dist_vwap_m/atr,2026-08-17,0.0,605df903
dist_vwap_m_atr = dist_vwap_m/atr,2026-08-18,0.0,605df903
dist_vwap_m_atr = dist_vwap_m/atr,2026-08-19,0.0,605df903
dist_vwap_m_atr = dist_vwap_m/atr,2026-08-20,0.0,605df903
dist_vwap_m_atr = dist_vwap_m/atr,2026-08-21,0.0,605df903
dist_vwap_m_atr = dist_vwap_m/atr,2026-08-23,0.0,605df903
dist_vwap_m_atr = dist_vwap_m/atr,2026-08-24,0.0,605df903
dist_vwap_m_atr = dist_vwap_m/atr,2026-08-25,0.0,605df903
dist_vwap_m_atr = dist_vwap_m/atr,2026-08-26,0.0,605df903
dist_vwap_m_atr = dist_vwap_m/atr,2026-08-27,0.0,605df903
dist_vwap_m_atr = dist_vwap_m/atr,2026-08-28,0.0,605df903
dist_vwap_m_atr = dist_vwap_m/atr,2026-08-30,0.0,605df903
dist_vwap_m_atr = dist_vwap_m/atr,2026-08-31,0.0,605df903
dist_vwap_m_atr = dist_vwap_m/atr,2026-09-01,0.0,605df903
dist_vwap_m_atr = dist_vwap_m/atr,2026-09-02,0.0,605df903
dist_vwap_m_atr = dist_vwap_m/atr,2026-09-03,0.0,605df903
dist_vwap_m_pct = dist_vwap_m*tick/close*100,2026-06-11,0.0,c43dc080
dist_vwap_m_pct = dist_vwap_m*tick/close*100,2026-06-15,0.0,114b1ca4
dist_vwap_m_pct = dist_vwap_m*tick/close*100,2026-06-16,0.0,e7199bc7
dist_vwap_m_pct = dist_vwap_m*tick/close*100,2026-06-17,0.0,e7199bc7
dist_vwap_m_pct = dist_vwap_m*tick/close*100,2026-06-18,0.0,e7199bc7
dist_vwap_m_pct = dist_vwap_m*tick/close*100,2026-06-21,0.0,9238adc1
dist_vwap_m_pct = dist_vwap_m*tick/close*100,2026-06-22,0.0,9238adc1
dist_vwap_m_pct = dist_vwap_m*tick/close*100,2026-06-23,0.0,9238adc1
dist_vwap_m_pct = dist_vwap_m*tick/close*100,2026-06-26,0.0,9238adc1
dist_vwap_m_pct = dist_vwap_m*tick/close*100,2026-06-28,0.0,944f7204
dist_vwap_m_pct = dist_vwap_m*tick/close*100,2026-06-29,0.0,944f7204
dist_vwap_m_pct = dist_vwap_m*tick/close*100,2026-07-01,0.0,944f7204
dist_vwap_m_pct = dist_vwap_m*tick/close*100,2026-07-02,0.0,944f7204
dist_vwap_m_pct = dist_vwap_m*tick/close*100,2026-07-05,0.0,13efb186
dist_vwap_m_pct = dist_vwap_m*tick/close*100,2026-07-06,0.0,13efb186
dist_vwap_m_pct = dist_vwap_m*tick/close*100,2026-07-07,0.0,13efb186
dist_vwap_m_pct = dist_vwap_m*tick/close*100,2026-07-08,0.0,13efb186
dist_vwap_m_pct = dist_vwap_m*tick/close*100,2026-07-09,0.0,13efb186
dist_vwap_m_pct = dist_vwap_m*tick/close*100,2026-07-10,0.0,13efb186
dist_vwap_m_pct = dist_vwap_m*tick/close*100,2026-07-12,0.0,13efb186
dist_vwap_m_pct = dist_vwap_m*tick/close*100,2026-07-13,0.0,13efb186
dist_vwap_m_pct = dist_vwap_m*tick/close*100,2026-07-14,0.0,13efb186
dist_vwap_m_pct = dist_vwap_m*tick/close*100,2026-07-15,0.0,13efb186
dist_vwap_m_pct = dist_vwap_m*tick/close*100,2026-07-16,0.0,13efb186
dist_vwap_m_pct = dist_vwap_m*tick/close*100,2026-07-17,0.0,f6003b62
dist_vwap_m_pct = dist_vwap_m*tick/close*100,2026-07-19,0.0,f6003b62
dist_vwap_m_pct = dist_vwap_m*tick/close*100,2026-07-20,0.0,f6003b62
dist_vwap_m_pct = dist_vwap_m*tick/close*100,2026-07-21,0.0,f6003b62
dist_vwap_m_pct = dist_vwap_m*tick/close*100,2026-07-22,0.0,ed53e566
dist_vwap_m_pct = dist_vwap_m*tick/close*100,2026-07-23,0.0,ed53e566
dist_vwap_m_pct = dist_vwap_m*tick/close*100,2026-07-24,0.0,ed53e566
dist_vwap_m_pct = dist_vwap_m*tick/close*100,2026-07-26,0.0,4981d53a
dist_vwap_m_pct = dist_vwap_m*tick/close*100,2026-07-27,0.0,4981d53a
dist_vwap_m_pct = dist_vwap_m*tick/close*100,2026-07-28,0.0,4981d53a
dist_vwap_m_pct = dist_vwap_m*tick/close*100,2026-07-29,0.0,4981d53a
dist_vwap_m_pct = dist_vwap_m*tick/close*100,2026-07-30,0.0,4981d53a
dist_vwap_m_pct = dist_vwap_m*tick/close*100,2026-07-31,0.0,4981d53a
dist_vwap_m_pct = dist_vwap_m*tick/close*100,2026-08-04,0.0,1d20af93
dist_vwap_m_pct = dist_vwap_m*tick/close*100,2026-08-06,0.0,feec66f6
dist_vwap_m_pct = dist_vwap_m*tick/close*100,2026-08-07,0.0,287627ed
dist_vwap_m_pct = dist_vwap_m*tick/close*100,2026-08-09,0.0,43f2daf5
dist_vwap_m_pct = dist_vwap_m*tick/close*100,2026-08-11,0.0,78177655
dist_vwap_m_pct = dist_vwap_m*tick/close*100,2026-08-12,0.0,78177655
dist_vwap_m_pct = dist_vwap_m*tick/close*100,2026-08-13,0.0,78177655
dist_vwap_m_pct = dist_vwap_m*tick/close*100,2026-08-14,0.0,78177655
dist_vwap_m_pct = dist_vwap_m*tick/close*100,2026-08-16,0.0,605df903
dist_vwap_m_pct = dist_vwap_m*tick/close*100,2026-08-17,0.0,605df903
dist_vwap_m_pct = dist_vwap_m*tick/close*100,2026-08-18,0.0,605df903
dist_vwap_m_pct = dist_vwap_m*tick/close*100,2026-08-19,0.0,605df903
dist_vwap_m_pct = dist_vwap_m*tick/close*100,2026-08-20,0.0,605df903
dist_vwap_m_pct = dist_vwap_m*tick/close*100,2026-08-21,0.0,605df903
dist_vwap_m_pct = dist_vwap_m*tick/close*100,2026-08-23,0.0,605df903
dist_vwap_m_pct = dist_vwap_m*tick/close*100,2026-08-24,0.0,605df903
dist_vwap_m_pct = dist_vwap_m*tick/close*100,2026-08-25,0.0,605df903
dist_vwap_m_pct = dist_vwap_m*tick/close*100,2026-08-26,0.0,605df903
dist_vwap_m_pct = dist_vwap_m*tick/close*100,2026-08-27,0.0,605df903
dist_vwap_m_pct = dist_vwap_m*tick/close*100,2026-08-28,0.0,605df903
dist_vwap_m_pct = dist_vwap_m*tick/close*100,2026-08-30,0.0,605df903
dist_vwap_m_pct = dist_vwap_m*tick/close*100,2026-08-31,0.0,605df903
dist_vwap_m_pct = dist_vwap_m*tick/close*100,2026-09-01,0.0,605df903
dist_vwap_m_pct = dist_vwap_m*tick/close*100,2026-09-02,0.0,605df903
dist_vwap_m_pct = dist_vwap_m*tick/close*100,2026-09-03,0.0,605df903
dist_prev_vpoc_atr = dist_prev_vpoc/atr,2026-06-11,0.0,c43dc080
dist_prev_vpoc_atr = dist_prev_vpoc/atr,2026-06-15,0.0,114b1ca4
dist_prev_vpoc_atr = dist_prev_vpoc/atr,2026-06-16,0.0,e7199bc7
dist_prev_vpoc_atr = dist_prev_vpoc/atr,2026-06-17,0.0,e7199bc7
dist_prev_vpoc_atr = dist_prev_vpoc/atr,2026-06-18,0.0,e7199bc7
dist_prev_vpoc_atr = dist_prev_vpoc/atr,2026-06-21,0.0,9238adc1
dist_prev_vpoc_atr = dist_prev_vpoc/atr,2026-06-22,0.0,9238adc1
dist_prev_vpoc_atr = dist_prev_vpoc/atr,2026-06-23,0.0,9238adc1
dist_prev_vpoc_atr = dist_prev_vpoc/atr,2026-06-26,0.0,9238adc1
dist_prev_vpoc_atr = dist_prev_vpoc/atr,2026-06-28,0.0,944f7204
dist_prev_vpoc_atr = dist_prev_vpoc/atr,2026-06-29,0.0,944f7204
dist_prev_vpoc_atr = dist_prev_vpoc/atr,2026-07-01,0.0,944f7204
dist_prev_vpoc_atr = dist_prev_vpoc/atr,2026-07-02,0.0,944f7204
dist_prev_vpoc_atr = dist_prev_vpoc/atr,2026-07-05,0.0,13efb186
dist_prev_vpoc_atr = dist_prev_vpoc/atr,2026-07-06,0.0,13efb186
dist_prev_vpoc_atr = dist_prev_vpoc/atr,2026-07-07,0.0,13efb186
dist_prev_vpoc_atr = dist_prev_vpoc/atr,2026-07-08,0.0,13efb186
dist_prev_vpoc_atr = dist_prev_vpoc/atr,2026-07-09,0.0,13efb186
dist_prev_vpoc_atr = dist_prev_vpoc/atr,2026-07-10,0.0,13efb186
dist_prev_vpoc_atr = dist_prev_vpoc/atr,2026-07-12,0.0,13efb186
dist_prev_vpoc_atr = dist_prev_vpoc/atr,2026-07-13,0.0,13efb186
dist_prev_vpoc_atr = dist_prev_vpoc/atr,2026-07-14,0.0,13efb186
dist_prev_vpoc_atr = dist_prev_vpoc/atr,2026-07-15,0.0,13efb186
dist_prev_vpoc_atr = dist_prev_vpoc/atr,2026-07-16,0.0,13efb186
dist_prev_vpoc_atr = dist_prev_vpoc/atr,2026-07-17,0.0,f6003b62
dist_prev_vpoc_atr = dist_prev_vpoc/atr,2026-07-19,0.0,f6003b62
dist_prev_vpoc_atr = dist_prev_vpoc/atr,2026-07-20,0.0,f6003b62
dist_prev_vpoc_atr = dist_prev_vpoc/atr,2026-07-21,0.0,f6003b62
dist_prev_vpoc_atr = dist_prev_vpoc/atr,2026-07-22,0.0,ed53e566
dist_prev_vpoc_atr = dist_prev_vpoc/atr,2026-07-23,0.0,ed53e566
dist_prev_vpoc_atr = dist_prev_vpoc/atr,2026-07-24,0.0,ed53e566
dist_prev_vpoc_atr = dist_prev_vpoc/atr,2026-07-26,0.0,4981d53a
dist_prev_vpoc_atr = dist_prev_vpoc/atr,2026-07-27,0.0,4981d53a
dist_prev_vpoc_atr = dist_prev_vpoc/atr,2026-07-28,0.0,4981d53a
dist_prev_vpoc_atr = dist_prev_vpoc/atr,2026-07-29,0.0,4981d53a
dist_prev_vpoc_atr = dist_prev_vpoc/atr,2026-07-30,0.0,4981d53a
dist_prev_vpoc_atr = dist_prev_vpoc/atr,2026-07-31,0.0,4981d53a
dist_prev_vpoc_atr = dist_prev_vpoc/atr,2026-08-04,0.0,1d20af93
dist_prev_vpoc_atr = dist_prev_vpoc/atr,2026-08-06,0.0,feec66f6
dist_prev_vpoc_atr = dist_prev_vpoc/atr,2026-08-07,0.0,287627ed
dist_prev_vpoc_atr = dist_prev_vpoc/atr,2026-08-09,0.0,43f2daf5
dist_prev_vpoc_atr = dist_prev_vpoc/atr,2026-08-11,0.0,78177655
dist_prev_vpoc_atr = dist_prev_vpoc/atr,2026-08-12,0.0,78177655
dist_prev_vpoc_atr = dist_prev_vpoc/atr,2026-08-13,0.0,78177655
dist_prev_vpoc_atr = dist_prev_vpoc/atr,2026-08-14,0.0,78177655
dist_prev_vpoc_atr = dist_prev_vpoc/atr,2026-08-16,0.0,605df903
dist_prev_vpoc_atr = dist_prev_vpoc/atr,2026-08-17,0.0,605df903
dist_prev_vpoc_atr = dist_prev_vpoc/atr,2026-08-18,0.0,605df903
dist_prev_vpoc_atr = dist_prev_vpoc/atr,2026-08-19,0.0,605df903
dist_prev_vpoc_atr = dist_prev_vpoc/atr,2026-08-20,0.0,605df903
dist_prev_vpoc_atr = dist_prev_vpoc/atr,2026-08-21,0.0,605df903
dist_prev_vpoc_atr = dist_prev_vpoc/atr,2026-08-23,0.0,605df903
dist_prev_vpoc_atr = dist_prev_vpoc/atr,2026-08-24,0.0,605df903
dist_prev_vpoc_atr = dist_prev_vpoc/atr,2026-08-25,0.0,605df903
dist_prev_vpoc_atr = dist_prev_vpoc/atr,2026-08-26,0.0,605df903
dist_prev_vpoc_atr = dist_prev_vpoc/atr,2026-08-27,0.0,605df903
dist_prev_vpoc_atr = dist_prev_vpoc/atr,2026-08-28,0.0,605df903
dist_prev_vpoc_atr = dist_prev_vpoc/atr,2026-08-30,0.0,605df903
dist_prev_vpoc_atr = dist_prev_vpoc/atr,2026-08-31,0.0,605df903
dist_prev_vpoc_atr = dist_prev_vpoc/atr,2026-09-01,0.0,605df903
dist_prev_vpoc_atr = dist_prev_vpoc/atr,2026-09-02,0.0,605df903
dist_prev_vpoc_atr = dist_prev_vpoc/atr,2026-09-03,0.0,605df903
dist_prev_vpoc_pct = dist_prev_vpoc*tick/close*100,2026-06-11,0.0,c43dc080
dist_prev_vpoc_pct = dist_prev_vpoc*tick/close*100,2026-06-15,0.0,114b1ca4
dist_prev_vpoc_pct = dist_prev_vpoc*tick/close*100,2026-06-16,0.0,e7199bc7
dist_prev_vpoc_pct = dist_prev_vpoc*tick/close*100,2026-06-17,0.0,e7199bc7
dist_prev_vpoc_pct = dist_prev_vpoc*tick/close*100,2026-06-18,0.0756,e7199bc7
dist_prev_vpoc_pct = dist_prev_vpoc*tick/close*100,2026-06-21,1.0,9238adc1
dist_prev_vpoc_pct = dist_prev_vpoc*tick/close*100,2026-06-22,1.0,9238adc1
dist_prev_vpoc_pct = dist_prev_vpoc*tick/close*100,2026-06-23,1.0,9238adc1
dist_prev_vpoc_pct = dist_prev_vpoc*tick/close*100,2026-06-26,0.9992,9238adc1
dist_prev_vpoc_pct = dist_prev_vpoc*tick/close*100,2026-06-28,1.0,944f7204
dist_prev_vpoc_pct = dist_prev_vpoc*tick/close*100,2026-06-29,1.0,944f7204
dist_prev_vpoc_pct = dist_prev_vpoc*tick/close*100,2026-07-01,1.0,944f7204
dist_prev_vpoc_pct = dist_prev_vpoc*tick/close*100,2026-07-02,0.8258,944f7204
dist_prev_vpoc_pct = dist_prev_vpoc*tick/close*100,2026-07-05,1.0,13efb186
dist_prev_vpoc_pct = dist_prev_vpoc*tick/close*100,2026-07-06,1.0,13efb186
dist_prev_vpoc_pct = dist_prev_vpoc*tick/close*100,2026-07-07,1.0,13efb186
dist_prev_vpoc_pct = dist_prev_vpoc*tick/close*100,2026-07-08,1.0,13efb186
dist_prev_vpoc_pct = dist_prev_vpoc*tick/close*100,2026-07-09,1.0,13efb186
dist_prev_vpoc_pct = dist_prev_vpoc*tick/close*100,2026-07-10,0.8087,13efb186
dist_prev_vpoc_pct = dist_prev_vpoc*tick/close*100,2026-07-12,1.0,13efb186
dist_prev_vpoc_pct = dist_prev_vpoc*tick/close*100,2026-07-13,1.0,13efb186
dist_prev_vpoc_pct = dist_prev_vpoc*tick/close*100,2026-07-14,1.0,13efb186
dist_prev_vpoc_pct = dist_prev_vpoc*tick/close*100,2026-07-15,1.0,13efb186
dist_prev_vpoc_pct = dist_prev_vpoc*tick/close*100,2026-07-16,0.8258,13efb186
dist_prev_vpoc_pct = dist_prev_vpoc*tick/close*100,2026-07-17,1.0,f6003b62
dist_prev_vpoc_pct = dist_prev_vpoc*tick/close*100,2026-07-19,1.0,f6003b62
dist_prev_vpoc_pct = dist_prev_vpoc*tick/close*100,2026-07-20,1.0,f6003b62
dist_prev_vpoc_pct = dist_prev_vpoc*tick/close*100,2026-07-21,1.0,f6003b62
dist_prev_vpoc_pct = dist_prev_vpoc*tick/close*100,2026-07-22,1.0,ed53e566
dist_prev_vpoc_pct = dist_prev_vpoc*tick/close*100,2026-07-23,1.0,ed53e566
dist_prev_vpoc_pct = dist_prev_vpoc*tick/close*100,2026-07-24,1.0,ed53e566
dist_prev_vpoc_pct = dist_prev_vpoc*tick/close*100,2026-07-26,1.0,4981d53a
dist_prev_vpoc_pct = dist_prev_vpoc*tick/close*100,2026-07-27,1.0,4981d53a
dist_prev_vpoc_pct = dist_prev_vpoc*tick/close*100,2026-07-28,1.0,4981d53a
dist_prev_vpoc_pct = dist_prev_vpoc*tick/close*100,2026-07-29,0.826,4981d53a
dist_prev_vpoc_pct = dist_prev_vpoc*tick/close*100,2026-07-30,1.0,4981d53a
dist_prev_vpoc_pct = dist_prev_vpoc*tick/close*100,2026-07-31,1.0,4981d53a
dist_prev_vpoc_pct = dist_prev_vpoc*tick/close*100,2026-08-04,0.826,1d20af93
dist_prev_vpoc_pct = dist_prev_vpoc*tick/close*100,2026-08-06,0.9993,feec66f6
dist_prev_vpoc_pct = dist_prev_vpoc*tick/close*100,2026-08-07,0.9992,287627ed
dist_prev_vpoc_pct = dist_prev_vpoc*tick/close*100,2026-08-09,1.0,43f2daf5
dist_prev_vpoc_pct = dist_prev_vpoc*tick/close*100,2026-08-11,0.8252,78177655
dist_prev_vpoc_pct = dist_prev_vpoc*tick/close*100,2026-08-12,1.0,78177655
dist_prev_vpoc_pct = dist_prev_vpoc*tick/close*100,2026-08-13,1.0,78177655
dist_prev_vpoc_pct = dist_prev_vpoc*tick/close*100,2026-08-14,1.0,78177655
dist_prev_vpoc_pct = dist_prev_vpoc*tick/close*100,2026-08-16,1.0,605df903
dist_prev_vpoc_pct = dist_prev_vpoc*tick/close*100,2026-08-17,1.0,605df903
dist_prev_vpoc_pct = dist_prev_vpoc*tick/close*100,2026-08-18,0.826,605df903
dist_prev_vpoc_pct = dist_prev_vpoc*tick/close*100,2026-08-19,1.0,605df903
dist_prev_vpoc_pct = dist_prev_vpoc*tick/close*100,2026-08-20,1.0,605df903
dist_prev_vpoc_pct = dist_prev_vpoc*tick/close*100,2026-08-21,0.8095,605df903
dist_prev_vpoc_pct = dist_prev_vpoc*tick/close*100,2026-08-23,1.0,605df903
dist_prev_vpoc_pct = dist_prev_vpoc*tick/close*100,2026-08-24,1.0,605df903
dist_prev_vpoc_pct = dist_prev_vpoc*tick/close*100,2026-08-25,0.826,605df903
dist_prev_vpoc_pct = dist_prev_vpoc*tick/close*100,2026-08-26,0.826,605df903
dist_prev_vpoc_pct = dist_prev_vpoc*tick/close*100,2026-08-27,1.0,605df903
dist_prev_vpoc_pct = dist_prev_vpoc*tick/close*100,2026-08-28,0.8095,605df903
dist_prev_vpoc_pct = dist_prev_vpoc*tick/close*100,2026-08-30,1.0,605df903
dist_prev_vpoc_pct = dist_prev_vpoc*tick/close*100,2026-08-31,1.0,605df903
dist_prev_vpoc_pct = dist_prev_vpoc*tick/close*100,2026-09-01,0.8251,605df903
dist_prev_vpoc_pct = dist_prev_vpoc*tick/close*100,2026-09-02,0.8257,605df903
dist_prev_vpoc_pct = dist_prev_vpoc*tick/close*100,2026-09-03,1.0,605df903
dist_pdh_atr = -dist_pdh*tick/atr,2026-06-26,1.0,9238adc1
dist_pdh_atr = -dist_pdh*tick/atr,2026-06-28,0.0,944f7204
dist_pdh_atr = -dist_pdh*tick/atr,2026-06-29,0.0,944f7204
dist_pdh_atr = -dist_pdh*tick/atr,2026-07-01,0.0,944f7204
dist_pdh_atr = -dist_pdh*tick/atr,2026-07-02,0.0,944f7204
dist_pdh_atr = -dist_pdh*tick/atr,2026-07-05,0.0,13efb186
dist_pdh_atr = -dist_pdh*tick/atr,2026-07-06,0.0,13efb186
dist_pdh_atr = -dist_pdh*tick/atr,2026-07-07,0.0,13efb186
dist_pdh_atr = -dist_pdh*tick/atr,2026-07-08,0.0,13efb186
dist_pdh_atr = -dist_pdh*tick/atr,2026-07-09,0.0,13efb186
dist_pdh_atr = -dist_pdh*tick/atr,2026-07-10,0.0,13efb186
dist_pdh_atr = -dist_pdh*tick/atr,2026-07-12,0.0,13efb186
dist_pdh_atr = -dist_pdh*tick/atr,2026-07-13,0.0,13efb186
dist_pdh_atr = -dist_pdh*tick/atr,2026-07-14,0.0,13efb186
dist_pdh_atr = -dist_pdh*tick/atr,2026-07-15,0.0,13efb186
dist_pdh_atr = -dist_pdh*tick/atr,2026-07-16,0.0,13efb186
dist_pdh_atr = -dist_pdh*tick/atr,2026-07-17,0.0,f6003b62
dist_pdh_atr = -dist_pdh*tick/atr,2026-07-19,0.0,f6003b62
dist_pdh_atr = -dist_pdh*tick/atr,2026-07-20,0.0,f6003b62
dist_pdh_atr = -dist_pdh*tick/atr,2026-07-21,0.0,f6003b62
dist_pdh_atr = -dist_pdh*tick/atr,2026-07-22,0.0,ed53e566
dist_pdh_atr = -dist_pdh*tick/atr,2026-07-23,0.0,ed53e566
dist_pdh_atr = -dist_pdh*tick/atr,2026-07-24,0.0,ed53e566
dist_pdh_atr = -dist_pdh*tick/atr,2026-07-26,0.0,4981d53a
dist_pdh_atr = -dist_pdh*tick/atr,2026-07-27,0.0,4981d53a
dist_pdh_atr = -dist_pdh*tick/atr,2026-07-28,0.0,4981d53a
dist_pdh_atr = -dist_pdh*tick/atr,2026-07-29,0.0,4981d53a
dist_pdh_atr = -dist_pdh*tick/atr,2026-07-30,0.0,4981d53a
dist_pdh_atr = -dist_pdh*tick/atr,2026-07-31,0.0,4981d53a
dist_pdh_atr = -dist_pdh*tick/atr,2026-08-04,0.0007,1d20af93
dist_pdh_atr = -dist_pdh*tick/atr,2026-08-06,0.0007,feec66f6
dist_pdh_atr = -dist_pdh*tick/atr,2026-08-07,0.0008,287627ed
dist_pdh_atr = -dist_pdh*tick/atr,2026-08-09,0.0,43f2daf5
dist_pdh_atr = -dist_pdh*tick/atr,2026-08-11,0.0,78177655
dist_pdh_atr = -dist_pdh*tick/atr,2026-08-12,0.0,78177655
dist_pdh_atr = -dist_pdh*tick/atr,2026-08-13,0.0,78177655
dist_pdh_atr = -dist_pdh*tick/atr,2026-08-14,0.0,78177655
dist_pdh_atr = -dist_pdh*tick/atr,2026-08-16,0.0,605df903
dist_pdh_atr = -dist_pdh*tick/atr,2026-08-17,0.0,605df903
dist_pdh_atr = -dist_pdh*tick/atr,2026-08-18,0.0,605df903
dist_pdh_atr = -dist_pdh*tick/atr,2026-08-19,0.0,605df903
dist_pdh_atr = -dist_pdh*tick/atr,2026-08-20,0.0,605df903
dist_pdh_atr = -dist_pdh*tick/atr,2026-08-21,0.0,605df903
dist_pdh_atr = -dist_pdh*tick/atr,2026-08-23,0.0,605df903
dist_pdh_atr = -dist_pdh*tick/atr,2026-08-24,0.0,605df903
dist_pdh_atr = -dist_pdh*tick/atr,2026-08-25,0.0,605df903
dist_pdh_atr = -dist_pdh*tick/atr,2026-08-26,0.0,605df903
dist_pdh_atr = -dist_pdh*tick/atr,2026-08-27,0.0,605df903
dist_pdh_atr = -dist_pdh*tick/atr,2026-08-28,0.0,605df903
dist_pdh_atr = -dist_pdh*tick/atr,2026-08-30,0.0,605df903
dist_pdh_atr = -dist_pdh*tick/atr,2026-08-31,0.0,605df903
dist_pdh_atr = -dist_pdh*tick/atr,2026-09-01,0.0,605df903
dist_pdh_atr = -dist_pdh*tick/atr,2026-09-02,0.0,605df903
dist_pdh_atr = -dist_pdh*tick/atr,2026-09-03,0.0,605df903
dist_pdh_pct = dist_pdh*tick/close*100,2026-06-26,0.0,9238adc1
dist_pdh_pct = dist_pdh*tick/close*100,2026-06-28,0.0,944f7204
dist_pdh_pct = dist_pdh*tick/close*100,2026-06-29,0.0,944f7204
dist_pdh_pct = dist_pdh*tick/close*100,2026-07-01,0.0,944f7204
dist_pdh_pct = dist_pdh*tick/close*100,2026-07-02,0.0,944f7204
dist_pdh_pct = dist_pdh*tick/close*100,2026-07-05,0.0,13efb186
dist_pdh_pct = dist_pdh*tick/close*100,2026-07-06,0.0,13efb186
dist_pdh_pct = dist_pdh*tick/close*100,2026-07-07,0.0,13efb186
dist_pdh_pct = dist_pdh*tick/close*100,2026-07-08,0.0,13efb186
dist_pdh_pct = dist_pdh*tick/close*100,2026-07-09,0.0,13efb186
dist_pdh_pct = dist_pdh*tick/close*100,2026-07-10,0.0,13efb186
dist_pdh_pct = dist_pdh*tick/close*100,2026-07-12,0.0,13efb186
dist_pdh_pct = dist_pdh*tick/close*100,2026-07-13,0.0,13efb186
dist_pdh_pct = dist_pdh*tick/close*100,2026-07-14,0.0,13efb186
dist_pdh_pct = dist_pdh*tick/close*100,2026-07-15,0.0,13efb186
dist_pdh_pct = dist_pdh*tick/close*100,2026-07-16,0.0,13efb186
dist_pdh_pct = dist_pdh*tick/close*100,2026-07-17,0.0,f6003b62
dist_pdh_pct = dist_pdh*tick/close*100,2026-07-19,0.0,f6003b62
dist_pdh_pct = dist_pdh*tick/close*100,2026-07-20,0.0,f6003b62
dist_pdh_pct = dist_pdh*tick/close*100,2026-07-21,0.0,f6003b62
dist_pdh_pct = dist_pdh*tick/close*100,2026-07-22,0.0,ed53e566
dist_pdh_pct = dist_pdh*tick/close*100,2026-07-23,0.0,ed53e566
dist_pdh_pct = dist_pdh*tick/close*100,2026-07-24,0.0,ed53e566
dist_pdh_pct = dist_pdh*tick/close*100,2026-07-26,0.0,4981d53a
dist_pdh_pct = dist_pdh*tick/close*100,2026-07-27,0.0,4981d53a
dist_pdh_pct = dist_pdh*tick/close*100,2026-07-28,0.0,4981d53a
dist_pdh_pct = dist_pdh*tick/close*100,2026-07-29,0.0,4981d53a
dist_pdh_pct = dist_pdh*tick/close*100,2026-07-30,0.0,4981d53a
dist_pdh_pct = dist_pdh*tick/close*100,2026-07-31,0.0,4981d53a
dist_pdh_pct = dist_pdh*tick/close*100,2026-08-04,0.0,1d20af93
dist_pdh_pct = dist_pdh*tick/close*100,2026-08-06,0.0,feec66f6
dist_pdh_pct = dist_pdh*tick/close*100,2026-08-07,0.0,287627ed
dist_pdh_pct = dist_pdh*tick/close*100,2026-08-09,0.0,43f2daf5
dist_pdh_pct = dist_pdh*tick/close*100,2026-08-11,0.0,78177655
dist_pdh_pct = dist_pdh*tick/close*100,2026-08-12,0.0,78177655
dist_pdh_pct = dist_pdh*tick/close*100,2026-08-13,0.0,78177655
dist_pdh_pct = dist_pdh*tick/close*100,2026-08-14,0.0,78177655
dist_pdh_pct = dist_pdh*tick/close*100,2026-08-16,0.0,605df903
dist_pdh_pct = dist_pdh*tick/close*100,2026-08-17,0.0,605df903
dist_pdh_pct = dist_pdh*tick/close*100,2026-08-18,0.0,605df903
dist_pdh_pct = dist_pdh*tick/close*100,2026-08-19,0.0,605df903
dist_pdh_pct = dist_pdh*tick/close*100,2026-08-20,0.0,605df903
dist_pdh_pct = dist_pdh*tick/close*100,2026-08-21,0.0,605df903
dist_pdh_pct = dist_pdh*tick/close*100,2026-08-23,0.0,605df903
dist_pdh_pct = dist_pdh*tick/close*100,2026-08-24,0.0,605df903
dist_pdh_pct = dist_pdh*tick/close*100,2026-08-25,0.0,605df903
dist_pdh_pct = dist_pdh*tick/close*100,2026-08-26,0.0,605df903
dist_pdh_pct = dist_pdh*tick/close*100,2026-08-27,0.0,605df903
dist_pdh_pct = dist_pdh*tick/close*100,2026-08-28,0.0,605df903
dist_pdh_pct = dist_pdh*tick/close*100,2026-08-30,0.0,605df903
dist_pdh_pct = dist_pdh*tick/close*100,2026-08-31,0.0,605df903
dist_pdh_pct = dist_pdh*tick/close*100,2026-09-01,0.0,605df903
dist_pdh_pct = dist_pdh*tick/close*100,2026-09-02,0.0,605df903
dist_pdh_pct = dist_pdh*tick/close*100,2026-09-03,0.0,605df903
dist_pdl_atr = -dist_pdl*tick/atr,2026-06-26,1.0,9238adc1
dist_pdl_atr = -dist_pdl*tick/atr,2026-06-28,0.0,944f7204
dist_pdl_atr = -dist_pdl*tick/atr,2026-06-29,0.0,944f7204
dist_pdl_atr = -dist_pdl*tick/atr,2026-07-01,0.0,944f7204
dist_pdl_atr = -dist_pdl*tick/atr,2026-07-02,0.0,944f7204
dist_pdl_atr = -dist_pdl*tick/atr,2026-07-05,0.0,13efb186
dist_pdl_atr = -dist_pdl*tick/atr,2026-07-06,0.0,13efb186
dist_pdl_atr = -dist_pdl*tick/atr,2026-07-07,0.0,13efb186
dist_pdl_atr = -dist_pdl*tick/atr,2026-07-08,0.0,13efb186
dist_pdl_atr = -dist_pdl*tick/atr,2026-07-09,0.0,13efb186
dist_pdl_atr = -dist_pdl*tick/atr,2026-07-10,0.0,13efb186
dist_pdl_atr = -dist_pdl*tick/atr,2026-07-12,0.0,13efb186
dist_pdl_atr = -dist_pdl*tick/atr,2026-07-13,0.0,13efb186
dist_pdl_atr = -dist_pdl*tick/atr,2026-07-14,0.0,13efb186
dist_pdl_atr = -dist_pdl*tick/atr,2026-07-15,0.0,13efb186
dist_pdl_atr = -dist_pdl*tick/atr,2026-07-16,0.0,13efb186
dist_pdl_atr = -dist_pdl*tick/atr,2026-07-17,0.0,f6003b62
dist_pdl_atr = -dist_pdl*tick/atr,2026-07-19,0.0,f6003b62
dist_pdl_atr = -dist_pdl*tick/atr,2026-07-20,0.0,f6003b62
dist_pdl_atr = -dist_pdl*tick/atr,2026-07-21,0.0,f6003b62
dist_pdl_atr = -dist_pdl*tick/atr,2026-07-22,0.0,ed53e566
dist_pdl_atr = -dist_pdl*tick/atr,2026-07-23,0.0,ed53e566
dist_pdl_atr = -dist_pdl*tick/atr,2026-07-24,0.0,ed53e566
dist_pdl_atr = -dist_pdl*tick/atr,2026-07-26,0.0,4981d53a
dist_pdl_atr = -dist_pdl*tick/atr,2026-07-27,0.0,4981d53a
dist_pdl_atr = -dist_pdl*tick/atr,2026-07-28,0.0,4981d53a
dist_pdl_atr = -dist_pdl*tick/atr,2026-07-29,0.0,4981d53a
dist_pdl_atr = -dist_pdl*tick/atr,2026-07-30,0.0,4981d53a
dist_pdl_atr = -dist_pdl*tick/atr,2026-07-31,0.0,4981d53a
dist_pdl_atr = -dist_pdl*tick/atr,2026-08-04,0.0007,1d20af93
dist_pdl_atr = -dist_pdl*tick/atr,2026-08-06,0.0007,feec66f6
dist_pdl_atr = -dist_pdl*tick/atr,2026-08-07,0.0008,287627ed
dist_pdl_atr = -dist_pdl*tick/atr,2026-08-09,0.0,43f2daf5
dist_pdl_atr = -dist_pdl*tick/atr,2026-08-11,0.0,78177655
dist_pdl_atr = -dist_pdl*tick/atr,2026-08-12,0.0,78177655
dist_pdl_atr = -dist_pdl*tick/atr,2026-08-13,0.0,78177655
dist_pdl_atr = -dist_pdl*tick/atr,2026-08-14,0.0,78177655
dist_pdl_atr = -dist_pdl*tick/atr,2026-08-16,0.0,605df903
dist_pdl_atr = -dist_pdl*tick/atr,2026-08-17,0.0,605df903
dist_pdl_atr = -dist_pdl*tick/atr,2026-08-18,0.0,605df903
dist_pdl_atr = -dist_pdl*tick/atr,2026-08-19,0.0,605df903
dist_pdl_atr = -dist_pdl*tick/atr,2026-08-20,0.0,605df903
dist_pdl_atr = -dist_pdl*tick/atr,2026-08-21,0.0,605df903
dist_pdl_atr = -dist_pdl*tick/atr,2026-08-23,0.0,605df903
dist_pdl_atr = -dist_pdl*tick/atr,2026-08-24,0.0,605df903
dist_pdl_atr = -dist_pdl*tick/atr,2026-08-25,0.0,605df903
dist_pdl_atr = -dist_pdl*tick/atr,2026-08-26,0.0,605df903
dist_pdl_atr = -dist_pdl*tick/atr,2026-08-27,0.0,605df903
dist_pdl_atr = -dist_pdl*tick/atr,2026-08-28,0.0,605df903
dist_pdl_atr = -dist_pdl*tick/atr,2026-08-30,0.0,605df903
dist_pdl_atr = -dist_pdl*tick/atr,2026-08-31,0.0,605df903
dist_pdl_atr = -dist_pdl*tick/atr,2026-09-01,0.0,605df903
dist_pdl_atr = -dist_pdl*tick/atr,2026-09-02,0.0,605df903
dist_pdl_atr = -dist_pdl*tick/atr,2026-09-03,0.0,605df903
dist_pdl_pct = dist_pdl*tick/close*100,2026-06-26,0.0,9238adc1
dist_pdl_pct = dist_pdl*tick/close*100,2026-06-28,0.0,944f7204
dist_pdl_pct = dist_pdl*tick/close*100,2026-06-29,0.0,944f7204
dist_pdl_pct = dist_pdl*tick/close*100,2026-07-01,0.0,944f7204
dist_pdl_pct = dist_pdl*tick/close*100,2026-07-02,0.0,944f7204
dist_pdl_pct = dist_pdl*tick/close*100,2026-07-05,0.0,13efb186
dist_pdl_pct = dist_pdl*tick/close*100,2026-07-06,0.0,13efb186
dist_pdl_pct = dist_pdl*tick/close*100,2026-07-07,0.0,13efb186
dist_pdl_pct = dist_pdl*tick/close*100,2026-07-08,0.0,13efb186
dist_pdl_pct = dist_pdl*tick/close*100,2026-07-09,0.0,13efb186
dist_pdl_pct = dist_pdl*tick/close*100,2026-07-10,0.0,13efb186
dist_pdl_pct = dist_pdl*tick/close*100,2026-07-12,0.0,13efb186
dist_pdl_pct = dist_pdl*tick/close*100,2026-07-13,0.0,13efb186
dist_pdl_pct = dist_pdl*tick/close*100,2026-07-14,0.0,13efb186
dist_pdl_pct = dist_pdl*tick/close*100,2026-07-15,0.0,13efb186
dist_pdl_pct = dist_pdl*tick/close*100,2026-07-16,0.0,13efb186
dist_pdl_pct = dist_pdl*tick/close*100,2026-07-17,0.0,f6003b62
dist_pdl_pct = dist_pdl*tick/close*100,2026-07-19,0.0,f6003b62
dist_pdl_pct = dist_pdl*tick/close*100,2026-07-20,0.0,f6003b62
dist_pdl_pct = dist_pdl*tick/close*100,2026-07-21,0.0,f6003b62
dist_pdl_pct = dist_pdl*tick/close*100,2026-07-22,0.0,ed53e566
dist_pdl_pct = dist_pdl*tick/close*100,2026-07-23,0.0,ed53e566
dist_pdl_pct = dist_pdl*tick/close*100,2026-07-24,0.0,ed53e566
dist_pdl_pct = dist_pdl*tick/close*100,2026-07-26,0.0,4981d53a
dist_pdl_pct = dist_pdl*tick/close*100,2026-07-27,0.0,4981d53a
dist_pdl_pct = dist_pdl*tick/close*100,2026-07-28,0.0,4981d53a
dist_pdl_pct = dist_pdl*tick/close*100,2026-07-29,0.0,4981d53a
dist_pdl_pct = dist_pdl*tick/close*100,2026-07-30,0.0,4981d53a
dist_pdl_pct = dist_pdl*tick/close*100,2026-07-31,0.0,4981d53a
dist_pdl_pct = dist_pdl*tick/close*100,2026-08-04,0.0,1d20af93
dist_pdl_pct = dist_pdl*tick/close*100,2026-08-06,0.0,feec66f6
dist_pdl_pct = dist_pdl*tick/close*100,2026-08-07,0.0,287627ed
dist_pdl_pct = dist_pdl*tick/close*100,2026-08-09,0.0,43f2daf5
dist_pdl_pct = dist_pdl*tick/close*100,2026-08-11,0.0,78177655
dist_pdl_pct = dist_pdl*tick/close*100,2026-08-12,0.0,78177655
dist_pdl_pct = dist_pdl*tick/close*100,2026-08-13,0.0,78177655
dist_pdl_pct = dist_pdl*tick/close*100,2026-08-14,0.0,78177655
dist_pdl_pct = dist_pdl*tick/close*100,2026-08-16,0.0,605df903
dist_pdl_pct = dist_pdl*tick/close*100,2026-08-17,0.0,605df903
dist_pdl_pct = dist_pdl*tick/close*100,2026-08-18,0.0,605df903
dist_pdl_pct = dist_pdl*tick/close*100,2026-08-19,0.0,605df903
dist_pdl_pct = dist_pdl*tick/close*100,2026-08-20,0.0,605df903
dist_pdl_pct = dist_pdl*tick/close*100,2026-08-21,0.0,605df903
dist_pdl_pct = dist_pdl*tick/close*100,2026-08-23,0.0,605df903
dist_pdl_pct = dist_pdl*tick/close*100,2026-08-24,0.0,605df903
dist_pdl_pct = dist_pdl*tick/close*100,2026-08-25,0.0,605df903
dist_pdl_pct = dist_pdl*tick/close*100,2026-08-26,0.0,605df903
dist_pdl_pct = dist_pdl*tick/close*100,2026-08-27,0.0,605df903
dist_pdl_pct = dist_pdl*tick/close*100,2026-08-28,0.0,605df903
dist_pdl_pct = dist_pdl*tick/close*100,2026-08-30,0.0,605df903
dist_pdl_pct = dist_pdl*tick/close*100,2026-08-31,0.0,605df903
dist_pdl_pct = dist_pdl*tick/close*100,2026-09-01,0.0,605df903
dist_pdl_pct = dist_pdl*tick/close*100,2026-09-02,0.0,605df903
dist_pdl_pct = dist_pdl*tick/close*100,2026-09-03,0.0,605df903
dist_cur_vwap_vp = dist_vwap_d,2026-06-11,0.0,c43dc080
dist_cur_vwap_vp = dist_vwap_d,2026-06-15,0.0,114b1ca4
dist_cur_vwap_vp = dist_vwap_d,2026-06-16,0.0,e7199bc7
dist_cur_vwap_vp = dist_vwap_d,2026-06-17,0.0,e7199bc7
dist_cur_vwap_vp = dist_vwap_d,2026-06-18,0.0,e7199bc7
dist_cur_vwap_vp = dist_vwap_d,2026-06-21,0.0,9238adc1
dist_cur_vwap_vp = dist_vwap_d,2026-06-22,0.0,9238adc1
dist_cur_vwap_vp = dist_vwap_d,2026-06-23,0.0,9238adc1
dist_cur_vwap_vp = dist_vwap_d,2026-06-26,0.0,9238adc1
dist_cur_vwap_vp = dist_vwap_d,2026-06-28,0.0,944f7204
dist_cur_vwap_vp = dist_vwap_d,2026-06-29,0.0,944f7204
dist_cur_vwap_vp = dist_vwap_d,2026-07-01,0.0,944f7204
dist_cur_vwap_vp = dist_vwap_d,2026-07-02,0.0,944f7204
dist_cur_vwap_vp = dist_vwap_d,2026-07-05,0.0,13efb186
dist_cur_vwap_vp = dist_vwap_d,2026-07-06,0.0,13efb186
dist_cur_vwap_vp = dist_vwap_d,2026-07-07,0.0,13efb186
dist_cur_vwap_vp = dist_vwap_d,2026-07-08,0.0,13efb186
dist_cur_vwap_vp = dist_vwap_d,2026-07-09,0.0,13efb186
dist_cur_vwap_vp = dist_vwap_d,2026-07-10,0.0,13efb186
dist_cur_vwap_vp = dist_vwap_d,2026-07-12,0.0,13efb186
dist_cur_vwap_vp = dist_vwap_d,2026-07-13,0.0,13efb186
dist_cur_vwap_vp = dist_vwap_d,2026-07-14,0.0,13efb186
dist_cur_vwap_vp = dist_vwap_d,2026-07-15,0.0,13efb186
dist_cur_vwap_vp = dist_vwap_d,2026-07-16,0.0,13efb186
dist_cur_vwap_vp = dist_vwap_d,2026-07-17,0.0,f6003b62
dist_cur_vwap_vp = dist_vwap_d,2026-07-19,0.0,f6003b62
dist_cur_vwap_vp = dist_vwap_d,2026-07-20,0.0,f6003b62
dist_cur_vwap_vp = dist_vwap_d,2026-07-21,0.0,f6003b62
dist_cur_vwap_vp = dist_vwap_d,2026-07-22,0.0,ed53e566
dist_cur_vwap_vp = dist_vwap_d,2026-07-23,0.0,ed53e566
dist_cur_vwap_vp = dist_vwap_d,2026-07-24,0.0,ed53e566
dist_cur_vwap_vp = dist_vwap_d,2026-07-26,0.0,4981d53a
dist_cur_vwap_vp = dist_vwap_d,2026-07-27,0.0,4981d53a
dist_cur_vwap_vp = dist_vwap_d,2026-07-28,0.0,4981d53a
dist_cur_vwap_vp = dist_vwap_d,2026-07-29,0.0,4981d53a
dist_cur_vwap_vp = dist_vwap_d,2026-07-30,0.0,4981d53a
dist_cur_vwap_vp = dist_vwap_d,2026-07-31,0.0,4981d53a
dist_cur_vwap_vp = dist_vwap_d,2026-08-04,0.0,1d20af93
dist_cur_vwap_vp = dist_vwap_d,2026-08-06,0.0,feec66f6
dist_cur_vwap_vp = dist_vwap_d,2026-08-07,0.0,287627ed
dist_cur_vwap_vp = dist_vwap_d,2026-08-09,0.0,43f2daf5
dist_cur_vwap_vp = dist_vwap_d,2026-08-11,0.0,78177655
dist_cur_vwap_vp = dist_vwap_d,2026-08-12,0.0,78177655
dist_cur_vwap_vp = dist_vwap_d,2026-08-13,0.0,78177655
dist_cur_vwap_vp = dist_vwap_d,2026-08-14,0.0,78177655
dist_cur_vwap_vp = dist_vwap_d,2026-08-16,0.0,605df903
dist_cur_vwap_vp = dist_vwap_d,2026-08-17,0.0,605df903
dist_cur_vwap_vp = dist_vwap_d,2026-08-18,0.0,605df903
dist_cur_vwap_vp = dist_vwap_d,2026-08-19,0.0,605df903
dist_cur_vwap_vp = dist_vwap_d,2026-08-20,0.0,605df903
dist_cur_vwap_vp = dist_vwap_d,2026-08-21,0.0,605df903
dist_cur_vwap_vp = dist_vwap_d,2026-08-23,0.0,605df903
dist_cur_vwap_vp = dist_vwap_d,2026-08-24,0.0,605df903
dist_cur_vwap_vp = dist_vwap_d,2026-08-25,0.0,605df903
dist_cur_vwap_vp = dist_vwap_d,2026-08-26,0.0,605df903
dist_cur_vwap_vp = dist_vwap_d,2026-08-27,0.0,605df903
dist_cur_vwap_vp = dist_vwap_d,2026-08-28,0.0,605df903
dist_cur_vwap_vp = dist_vwap_d,2026-08-30,0.0,605df903
dist_cur_vwap_vp = dist_vwap_d,2026-08-31,0.0,605df903
dist_cur_vwap_vp = dist_vwap_d,2026-09-01,0.0,605df903
dist_cur_vwap_vp = dist_vwap_d,2026-09-02,0.0,605df903
dist_cur_vwap_vp = dist_vwap_d,2026-09-03,0.0,605df903
prev_vah_lvl >= prev_vpoc_lvl,2026-06-11,0.0,c43dc080
prev_vah_lvl >= prev_vpoc_lvl,2026-06-15,0.0,114b1ca4
prev_vah_lvl >= prev_vpoc_lvl,2026-06-16,0.0,e7199bc7
prev_vah_lvl >= prev_vpoc_lvl,2026-06-17,0.0,e7199bc7
prev_vah_lvl >= prev_vpoc_lvl,2026-06-18,0.0,e7199bc7
prev_vah_lvl >= prev_vpoc_lvl,2026-06-21,0.0,9238adc1
prev_vah_lvl >= prev_vpoc_lvl,2026-06-22,0.0,9238adc1
prev_vah_lvl >= prev_vpoc_lvl,2026-06-23,0.0,9238adc1
prev_vah_lvl >= prev_vpoc_lvl,2026-06-26,0.0,9238adc1
prev_vah_lvl >= prev_vpoc_lvl,2026-06-28,0.0,944f7204
prev_vah_lvl >= prev_vpoc_lvl,2026-06-29,0.0,944f7204
prev_vah_lvl >= prev_vpoc_lvl,2026-07-01,0.0,944f7204
prev_vah_lvl >= prev_vpoc_lvl,2026-07-02,0.0,944f7204
prev_vah_lvl >= prev_vpoc_lvl,2026-07-05,0.0,13efb186
prev_vah_lvl >= prev_vpoc_lvl,2026-07-06,0.0,13efb186
prev_vah_lvl >= prev_vpoc_lvl,2026-07-07,0.0,13efb186
prev_vah_lvl >= prev_vpoc_lvl,2026-07-08,0.0,13efb186
prev_vah_lvl >= prev_vpoc_lvl,2026-07-09,0.0,13efb186
prev_vah_lvl >= prev_vpoc_lvl,2026-07-10,0.0,13efb186
prev_vah_lvl >= prev_vpoc_lvl,2026-07-12,0.0,13efb186
prev_vah_lvl >= prev_vpoc_lvl,2026-07-13,0.0,13efb186
prev_vah_lvl >= prev_vpoc_lvl,2026-07-14,0.0,13efb186
prev_vah_lvl >= prev_vpoc_lvl,2026-07-15,0.0,13efb186
prev_vah_lvl >= prev_vpoc_lvl,2026-07-16,0.0,13efb186
prev_vah_lvl >= prev_vpoc_lvl,2026-07-17,0.0,f6003b62
prev_vah_lvl >= prev_vpoc_lvl,2026-07-19,0.0,f6003b62
prev_vah_lvl >= prev_vpoc_lvl,2026-07-20,0.0,f6003b62
prev_vah_lvl >= prev_vpoc_lvl,2026-07-21,0.0,f6003b62
prev_vah_lvl >= prev_vpoc_lvl,2026-07-22,0.0,ed53e566
prev_vah_lvl >= prev_vpoc_lvl,2026-07-23,0.0,ed53e566
prev_vah_lvl >= prev_vpoc_lvl,2026-07-24,0.0,ed53e566
prev_vah_lvl >= prev_vpoc_lvl,2026-07-26,0.0,4981d53a
prev_vah_lvl >= prev_vpoc_lvl,2026-07-27,0.0,4981d53a
prev_vah_lvl >= prev_vpoc_lvl,2026-07-28,0.0,4981d53a
prev_vah_lvl >= prev_vpoc_lvl,2026-07-29,0.0,4981d53a
prev_vah_lvl >= prev_vpoc_lvl,2026-07-30,0.0,4981d53a
prev_vah_lvl >= prev_vpoc_lvl,2026-07-31,0.0,4981d53a
prev_vah_lvl >= prev_vpoc_lvl,2026-08-04,0.0,1d20af93
prev_vah_lvl >= prev_vpoc_lvl,2026-08-06,0.0,feec66f6
prev_vah_lvl >= prev_vpoc_lvl,2026-08-07,0.0,287627ed
prev_vah_lvl >= prev_vpoc_lvl,2026-08-09,0.0,43f2daf5
prev_vah_lvl >= prev_vpoc_lvl,2026-08-11,0.0,78177655
prev_vah_lvl >= prev_vpoc_lvl,2026-08-12,0.0,78177655
prev_vah_lvl >= prev_vpoc_lvl,2026-08-13,0.0,78177655
prev_vah_lvl >= prev_vpoc_lvl,2026-08-14,0.0,78177655
prev_vah_lvl >= prev_vpoc_lvl,2026-08-16,0.0,605df903
prev_vah_lvl >= prev_vpoc_lvl,2026-08-17,0.0,605df903
prev_vah_lvl >= prev_vpoc_lvl,2026-08-18,0.0,605df903
prev_vah_lvl >= prev_vpoc_lvl,2026-08-19,0.0,605df903
prev_vah_lvl >= prev_vpoc_lvl,2026-08-20,0.0,605df903
prev_vah_lvl >= prev_vpoc_lvl,2026-08-21,0.0,605df903
prev_vah_lvl >= prev_vpoc_lvl,2026-08-23,0.0,605df903
prev_vah_lvl >= prev_vpoc_lvl,2026-08-24,0.0,605df903
prev_vah_lvl >= prev_vpoc_lvl,2026-08-25,0.0,605df903
prev_vah_lvl >= prev_vpoc_lvl,2026-08-26,0.0,605df903
prev_vah_lvl >= prev_vpoc_lvl,2026-08-27,0.0,605df903
prev_vah_lvl >= prev_vpoc_lvl,2026-08-28,0.0,605df903
prev_vah_lvl >= prev_vpoc_lvl,2026-08-30,0.0,605df903
prev_vah_lvl >= prev_vpoc_lvl,2026-08-31,0.0,605df903
prev_vah_lvl >= prev_vpoc_lvl,2026-09-01,0.0,605df903
prev_vah_lvl >= prev_vpoc_lvl,2026-09-02,0.0,605df903
prev_vah_lvl >= prev_vpoc_lvl,2026-09-03,0.0,605df903
prev_vpoc_lvl >= prev_val_lvl,2026-06-11,0.0,c43dc080
prev_vpoc_lvl >= prev_val_lvl,2026-06-15,0.0,114b1ca4
prev_vpoc_lvl >= prev_val_lvl,2026-06-16,0.0,e7199bc7
prev_vpoc_lvl >= prev_val_lvl,2026-06-17,0.0,e7199bc7
prev_vpoc_lvl >= prev_val_lvl,2026-06-18,0.0,e7199bc7
prev_vpoc_lvl >= prev_val_lvl,2026-06-21,0.0,9238adc1
prev_vpoc_lvl >= prev_val_lvl,2026-06-22,0.0,9238adc1
prev_vpoc_lvl >= prev_val_lvl,2026-06-23,0.0,9238adc1
prev_vpoc_lvl >= prev_val_lvl,2026-06-26,0.0,9238adc1
prev_vpoc_lvl >= prev_val_lvl,2026-06-28,0.0,944f7204
prev_vpoc_lvl >= prev_val_lvl,2026-06-29,0.0,944f7204
prev_vpoc_lvl >= prev_val_lvl,2026-07-01,0.0,944f7204
prev_vpoc_lvl >= prev_val_lvl,2026-07-02,0.0,944f7204
prev_vpoc_lvl >= prev_val_lvl,2026-07-05,0.0,13efb186
prev_vpoc_lvl >= prev_val_lvl,2026-07-06,0.0,13efb186
prev_vpoc_lvl >= prev_val_lvl,2026-07-07,0.0,13efb186
prev_vpoc_lvl >= prev_val_lvl,2026-07-08,0.0,13efb186
prev_vpoc_lvl >= prev_val_lvl,2026-07-09,0.0,13efb186
prev_vpoc_lvl >= prev_val_lvl,2026-07-10,0.0,13efb186
prev_vpoc_lvl >= prev_val_lvl,2026-07-12,0.0,13efb186
prev_vpoc_lvl >= prev_val_lvl,2026-07-13,0.0,13efb186
prev_vpoc_lvl >= prev_val_lvl,2026-07-14,0.0,13efb186
prev_vpoc_lvl >= prev_val_lvl,2026-07-15,0.0,13efb186
prev_vpoc_lvl >= prev_val_lvl,2026-07-16,0.0,13efb186
prev_vpoc_lvl >= prev_val_lvl,2026-07-17,0.0,f6003b62
prev_vpoc_lvl >= prev_val_lvl,2026-07-19,0.0,f6003b62
prev_vpoc_lvl >= prev_val_lvl,2026-07-20,0.0,f6003b62
prev_vpoc_lvl >= prev_val_lvl,2026-07-21,0.0,f6003b62
prev_vpoc_lvl >= prev_val_lvl,2026-07-22,0.0,ed53e566
prev_vpoc_lvl >= prev_val_lvl,2026-07-23,0.0,ed53e566
prev_vpoc_lvl >= prev_val_lvl,2026-07-24,0.0,ed53e566
prev_vpoc_lvl >= prev_val_lvl,2026-07-26,0.0,4981d53a
prev_vpoc_lvl >= prev_val_lvl,2026-07-27,0.0,4981d53a
prev_vpoc_lvl >= prev_val_lvl,2026-07-28,0.0,4981d53a
prev_vpoc_lvl >= prev_val_lvl,2026-07-29,0.0,4981d53a
prev_vpoc_lvl >= prev_val_lvl,2026-07-30,0.0,4981d53a
prev_vpoc_lvl >= prev_val_lvl,2026-07-31,0.0,4981d53a
prev_vpoc_lvl >= prev_val_lvl,2026-08-04,0.0,1d20af93
prev_vpoc_lvl >= prev_val_lvl,2026-08-06,0.0,feec66f6
prev_vpoc_lvl >= prev_val_lvl,2026-08-07,0.0,287627ed
prev_vpoc_lvl >= prev_val_lvl,2026-08-09,0.0,43f2daf5
prev_vpoc_lvl >= prev_val_lvl,2026-08-11,0.0,78177655
prev_vpoc_lvl >= prev_val_lvl,2026-08-12,0.0,78177655
prev_vpoc_lvl >= prev_val_lvl,2026-08-13,0.0,78177655
prev_vpoc_lvl >= prev_val_lvl,2026-08-14,0.0,78177655
prev_vpoc_lvl >= prev_val_lvl,2026-08-16,0.0,605df903
prev_vpoc_lvl >= prev_val_lvl,2026-08-17,0.0,605df903
prev_vpoc_lvl >= prev_val_lvl,2026-08-18,0.0,605df903
prev_vpoc_lvl >= prev_val_lvl,2026-08-19,0.0,605df903
prev_vpoc_lvl >= prev_val_lvl,2026-08-20,0.0,605df903
prev_vpoc_lvl >= prev_val_lvl,2026-08-21,0.0,605df903
prev_vpoc_lvl >= prev_val_lvl,2026-08-23,0.0,605df903
prev_vpoc_lvl >= prev_val_lvl,2026-08-24,0.0,605df903
prev_vpoc_lvl >= prev_val_lvl,2026-08-25,0.0,605df903
prev_vpoc_lvl >= prev_val_lvl,2026-08-26,0.0,605df903
prev_vpoc_lvl >= prev_val_lvl,2026-08-27,0.0,605df903
prev_vpoc_lvl >= prev_val_lvl,2026-08-28,0.0,605df903
prev_vpoc_lvl >= prev_val_lvl,2026-08-30,0.0,605df903
prev_vpoc_lvl >= prev_val_lvl,2026-08-31,0.0,605df903
prev_vpoc_lvl >= prev_val_lvl,2026-09-01,0.0,605df903
prev_vpoc_lvl >= prev_val_lvl,2026-09-02,0.0,605df903
prev_vpoc_lvl >= prev_val_lvl,2026-09-03,0.0,605df903
cur_vah >= cur_vpoc >= cur_val,2026-06-11,0.0,c43dc080
cur_vah >= cur_vpoc >= cur_val,2026-06-15,0.0,114b1ca4
cur_vah >= cur_vpoc >= cur_val,2026-06-16,0.0,e7199bc7
cur_vah >= cur_vpoc >= cur_val,2026-06-17,0.0,e7199bc7
cur_vah >= cur_vpoc >= cur_val,2026-06-18,0.0,e7199bc7
cur_vah >= cur_vpoc >= cur_val,2026-06-21,0.0,9238adc1
cur_vah >= cur_vpoc >= cur_val,2026-06-22,0.0,9238adc1
cur_vah >= cur_vpoc >= cur_val,2026-06-23,0.0,9238adc1
cur_vah >= cur_vpoc >= cur_val,2026-06-26,0.0,9238adc1
cur_vah >= cur_vpoc >= cur_val,2026-06-28,0.0,944f7204
cur_vah >= cur_vpoc >= cur_val,2026-06-29,0.0,944f7204
cur_vah >= cur_vpoc >= cur_val,2026-07-01,0.0,944f7204
cur_vah >= cur_vpoc >= cur_val,2026-07-02,0.0,944f7204
cur_vah >= cur_vpoc >= cur_val,2026-07-05,0.0,13efb186
cur_vah >= cur_vpoc >= cur_val,2026-07-06,0.0,13efb186
cur_vah >= cur_vpoc >= cur_val,2026-07-07,0.0,13efb186
cur_vah >= cur_vpoc >= cur_val,2026-07-08,0.0,13efb186
cur_vah >= cur_vpoc >= cur_val,2026-07-09,0.0,13efb186
cur_vah >= cur_vpoc >= cur_val,2026-07-10,0.0,13efb186
cur_vah >= cur_vpoc >= cur_val,2026-07-12,0.0,13efb186
cur_vah >= cur_vpoc >= cur_val,2026-07-13,0.0,13efb186
cur_vah >= cur_vpoc >= cur_val,2026-07-14,0.0,13efb186
cur_vah >= cur_vpoc >= cur_val,2026-07-15,0.0,13efb186
cur_vah >= cur_vpoc >= cur_val,2026-07-16,0.0,13efb186
cur_vah >= cur_vpoc >= cur_val,2026-07-17,0.0,f6003b62
cur_vah >= cur_vpoc >= cur_val,2026-07-19,0.0,f6003b62
cur_vah >= cur_vpoc >= cur_val,2026-07-20,0.0,f6003b62
cur_vah >= cur_vpoc >= cur_val,2026-07-21,0.0,f6003b62
cur_vah >= cur_vpoc >= cur_val,2026-07-22,0.0,ed53e566
cur_vah >= cur_vpoc >= cur_val,2026-07-23,0.0,ed53e566
cur_vah >= cur_vpoc >= cur_val,2026-07-24,0.0,ed53e566
cur_vah >= cur_vpoc >= cur_val,2026-07-26,0.0,4981d53a
cur_vah >= cur_vpoc >= cur_val,2026-07-27,0.0,4981d53a
cur_vah >= cur_vpoc >= cur_val,2026-07-28,0.0,4981d53a
cur_vah >= cur_vpoc >= cur_val,2026-07-29,0.0,4981d53a
cur_vah >= cur_vpoc >= cur_val,2026-07-30,0.0,4981d53a
cur_vah >= cur_vpoc >= cur_val,2026-07-31,0.0,4981d53a
cur_vah >= cur_vpoc >= cur_val,2026-08-04,0.0,1d20af93
cur_vah >= cur_vpoc >= cur_val,2026-08-06,0.0,feec66f6
cur_vah >= cur_vpoc >= cur_val,2026-08-07,0.0,287627ed
cur_vah >= cur_vpoc >= cur_val,2026-08-09,0.0,43f2daf5
cur_vah >= cur_vpoc >= cur_val,2026-08-11,0.0,78177655
cur_vah >= cur_vpoc >= cur_val,2026-08-12,0.0,78177655
cur_vah >= cur_vpoc >= cur_val,2026-08-13,0.0,78177655
cur_vah >= cur_vpoc >= cur_val,2026-08-14,0.0,78177655
cur_vah >= cur_vpoc >= cur_val,2026-08-16,0.0,605df903
cur_vah >= cur_vpoc >= cur_val,2026-08-17,0.0,605df903
cur_vah >= cur_vpoc >= cur_val,2026-08-18,0.0,605df903
cur_vah >= cur_vpoc >= cur_val,2026-08-19,0.0,605df903
cur_vah >= cur_vpoc >= cur_val,2026-08-20,0.0,605df903
cur_vah >= cur_vpoc >= cur_val,2026-08-21,0.0,605df903
cur_vah >= cur_vpoc >= cur_val,2026-08-23,0.0,605df903
cur_vah >= cur_vpoc >= cur_val,2026-08-24,0.0,605df903
cur_vah >= cur_vpoc >= cur_val,2026-08-25,0.0,605df903
cur_vah >= cur_vpoc >= cur_val,2026-08-26,0.0,605df903
cur_vah >= cur_vpoc >= cur_val,2026-08-27,0.0,605df903
cur_vah >= cur_vpoc >= cur_val,2026-08-28,0.0,605df903
cur_vah >= cur_vpoc >= cur_val,2026-08-30,0.0,605df903
cur_vah >= cur_vpoc >= cur_val,2026-08-31,0.0,605df903
cur_vah >= cur_vpoc >= cur_val,2026-09-01,0.0,605df903
cur_vah >= cur_vpoc >= cur_val,2026-09-02,0.0,605df903
cur_vah >= cur_vpoc >= cur_val,2026-09-03,0.0,605df903
vwap_d_sd1u-vwap_d = vwap_d-vwap_d_sd1d (bandes symetriques),2026-06-11,0.0,c43dc080
vwap_d_sd1u-vwap_d = vwap_d-vwap_d_sd1d (bandes symetriques),2026-06-15,0.0,114b1ca4
vwap_d_sd1u-vwap_d = vwap_d-vwap_d_sd1d (bandes symetriques),2026-06-16,0.0,e7199bc7
vwap_d_sd1u-vwap_d = vwap_d-vwap_d_sd1d (bandes symetriques),2026-06-17,0.0,e7199bc7
vwap_d_sd1u-vwap_d = vwap_d-vwap_d_sd1d (bandes symetriques),2026-06-18,0.0,e7199bc7
vwap_d_sd1u-vwap_d = vwap_d-vwap_d_sd1d (bandes symetriques),2026-06-21,0.0,9238adc1
vwap_d_sd1u-vwap_d = vwap_d-vwap_d_sd1d (bandes symetriques),2026-06-22,0.0,9238adc1
vwap_d_sd1u-vwap_d = vwap_d-vwap_d_sd1d (bandes symetriques),2026-06-23,0.0,9238adc1
vwap_d_sd1u-vwap_d = vwap_d-vwap_d_sd1d (bandes symetriques),2026-06-26,0.0,9238adc1
vwap_d_sd1u-vwap_d = vwap_d-vwap_d_sd1d (bandes symetriques),2026-06-28,0.0,944f7204
vwap_d_sd1u-vwap_d = vwap_d-vwap_d_sd1d (bandes symetriques),2026-06-29,0.0,944f7204
vwap_d_sd1u-vwap_d = vwap_d-vwap_d_sd1d (bandes symetriques),2026-07-01,0.0,944f7204
vwap_d_sd1u-vwap_d = vwap_d-vwap_d_sd1d (bandes symetriques),2026-07-02,0.0,944f7204
vwap_d_sd1u-vwap_d = vwap_d-vwap_d_sd1d (bandes symetriques),2026-07-05,0.0,13efb186
vwap_d_sd1u-vwap_d = vwap_d-vwap_d_sd1d (bandes symetriques),2026-07-06,0.0,13efb186
vwap_d_sd1u-vwap_d = vwap_d-vwap_d_sd1d (bandes symetriques),2026-07-07,0.0,13efb186
vwap_d_sd1u-vwap_d = vwap_d-vwap_d_sd1d (bandes symetriques),2026-07-08,0.0,13efb186
vwap_d_sd1u-vwap_d = vwap_d-vwap_d_sd1d (bandes symetriques),2026-07-09,0.0,13efb186
vwap_d_sd1u-vwap_d = vwap_d-vwap_d_sd1d (bandes symetriques),2026-07-10,0.0,13efb186
vwap_d_sd1u-vwap_d = vwap_d-vwap_d_sd1d (bandes symetriques),2026-07-12,0.0,13efb186
vwap_d_sd1u-vwap_d = vwap_d-vwap_d_sd1d (bandes symetriques),2026-07-13,0.0,13efb186
vwap_d_sd1u-vwap_d = vwap_d-vwap_d_sd1d (bandes symetriques),2026-07-14,0.0,13efb186
vwap_d_sd1u-vwap_d = vwap_d-vwap_d_sd1d (bandes symetriques),2026-07-15,0.0,13efb186
vwap_d_sd1u-vwap_d = vwap_d-vwap_d_sd1d (bandes symetriques),2026-07-16,0.0,13efb186
vwap_d_sd1u-vwap_d = vwap_d-vwap_d_sd1d (bandes symetriques),2026-07-17,0.0,f6003b62
vwap_d_sd1u-vwap_d = vwap_d-vwap_d_sd1d (bandes symetriques),2026-07-19,0.0,f6003b62
vwap_d_sd1u-vwap_d = vwap_d-vwap_d_sd1d (bandes symetriques),2026-07-20,0.0,f6003b62
vwap_d_sd1u-vwap_d = vwap_d-vwap_d_sd1d (bandes symetriques),2026-07-21,0.0,f6003b62
vwap_d_sd1u-vwap_d = vwap_d-vwap_d_sd1d (bandes symetriques),2026-07-22,0.0,ed53e566
vwap_d_sd1u-vwap_d = vwap_d-vwap_d_sd1d (bandes symetriques),2026-07-23,0.0,ed53e566
vwap_d_sd1u-vwap_d = vwap_d-vwap_d_sd1d (bandes symetriques),2026-07-24,0.0,ed53e566
vwap_d_sd1u-vwap_d = vwap_d-vwap_d_sd1d (bandes symetriques),2026-07-26,0.0,4981d53a
vwap_d_sd1u-vwap_d = vwap_d-vwap_d_sd1d (bandes symetriques),2026-07-27,0.0,4981d53a
vwap_d_sd1u-vwap_d = vwap_d-vwap_d_sd1d (bandes symetriques),2026-07-28,0.0,4981d53a
vwap_d_sd1u-vwap_d = vwap_d-vwap_d_sd1d (bandes symetriques),2026-07-29,0.0,4981d53a
vwap_d_sd1u-vwap_d = vwap_d-vwap_d_sd1d (bandes symetriques),2026-07-30,0.0,4981d53a
vwap_d_sd1u-vwap_d = vwap_d-vwap_d_sd1d (bandes symetriques),2026-07-31,0.0,4981d53a
vwap_d_sd1u-vwap_d = vwap_d-vwap_d_sd1d (bandes symetriques),2026-08-04,0.0,1d20af93
vwap_d_sd1u-vwap_d = vwap_d-vwap_d_sd1d (bandes symetriques),2026-08-06,0.0,feec66f6
vwap_d_sd1u-vwap_d = vwap_d-vwap_d_sd1d (bandes symetriques),2026-08-07,0.0,287627ed
vwap_d_sd1u-vwap_d = vwap_d-vwap_d_sd1d (bandes symetriques),2026-08-09,0.0,43f2daf5
vwap_d_sd1u-vwap_d = vwap_d-vwap_d_sd1d (bandes symetriques),2026-08-11,0.0,78177655
vwap_d_sd1u-vwap_d = vwap_d-vwap_d_sd1d (bandes symetriques),2026-08-12,0.0,78177655
vwap_d_sd1u-vwap_d = vwap_d-vwap_d_sd1d (bandes symetriques),2026-08-13,0.0,78177655
vwap_d_sd1u-vwap_d = vwap_d-vwap_d_sd1d (bandes symetriques),2026-08-14,0.0,78177655
vwap_d_sd1u-vwap_d = vwap_d-vwap_d_sd1d (bandes symetriques),2026-08-16,0.0,605df903
vwap_d_sd1u-vwap_d = vwap_d-vwap_d_sd1d (bandes symetriques),2026-08-17,0.0,605df903
vwap_d_sd1u-vwap_d = vwap_d-vwap_d_sd1d (bandes symetriques),2026-08-18,0.0,605df903
vwap_d_sd1u-vwap_d = vwap_d-vwap_d_sd1d (bandes symetriques),2026-08-19,0.0,605df903
vwap_d_sd1u-vwap_d = vwap_d-vwap_d_sd1d (bandes symetriques),2026-08-20,0.0,605df903
vwap_d_sd1u-vwap_d = vwap_d-vwap_d_sd1d (bandes symetriques),2026-08-21,0.0,605df903
vwap_d_sd1u-vwap_d = vwap_d-vwap_d_sd1d (bandes symetriques),2026-08-23,0.0,605df903
vwap_d_sd1u-vwap_d = vwap_d-vwap_d_sd1d (bandes symetriques),2026-08-24,0.0,605df903
vwap_d_sd1u-vwap_d = vwap_d-vwap_d_sd1d (bandes symetriques),2026-08-25,0.0,605df903
vwap_d_sd1u-vwap_d = vwap_d-vwap_d_sd1d (bandes symetriques),2026-08-26,0.0,605df903
vwap_d_sd1u-vwap_d = vwap_d-vwap_d_sd1d (bandes symetriques),2026-08-27,0.0,605df903
vwap_d_sd1u-vwap_d = vwap_d-vwap_d_sd1d (bandes symetriques),2026-08-28,0.0,605df903
vwap_d_sd1u-vwap_d = vwap_d-vwap_d_sd1d (bandes symetriques),2026-08-30,0.0,605df903
vwap_d_sd1u-vwap_d = vwap_d-vwap_d_sd1d (bandes symetriques),2026-08-31,0.0,605df903
vwap_d_sd1u-vwap_d = vwap_d-vwap_d_sd1d (bandes symetriques),2026-09-01,0.0,605df903
vwap_d_sd1u-vwap_d = vwap_d-vwap_d_sd1d (bandes symetriques),2026-09-02,0.0,605df903
vwap_d_sd1u-vwap_d = vwap_d-vwap_d_sd1d (bandes symetriques),2026-09-03,0.0,605df903
vwap_d_sd2u-vwap_d = 2*(sd1u-vwap_d),2026-06-11,0.0,c43dc080
vwap_d_sd2u-vwap_d = 2*(sd1u-vwap_d),2026-06-15,0.0,114b1ca4
vwap_d_sd2u-vwap_d = 2*(sd1u-vwap_d),2026-06-16,0.0,e7199bc7
vwap_d_sd2u-vwap_d = 2*(sd1u-vwap_d),2026-06-17,0.0,e7199bc7
vwap_d_sd2u-vwap_d = 2*(sd1u-vwap_d),2026-06-18,0.0,e7199bc7
vwap_d_sd2u-vwap_d = 2*(sd1u-vwap_d),2026-06-21,0.0,9238adc1
vwap_d_sd2u-vwap_d = 2*(sd1u-vwap_d),2026-06-22,0.0,9238adc1
vwap_d_sd2u-vwap_d = 2*(sd1u-vwap_d),2026-06-23,0.0,9238adc1
vwap_d_sd2u-vwap_d = 2*(sd1u-vwap_d),2026-06-26,0.0,9238adc1
vwap_d_sd2u-vwap_d = 2*(sd1u-vwap_d),2026-06-28,0.0,944f7204
vwap_d_sd2u-vwap_d = 2*(sd1u-vwap_d),2026-06-29,0.0,944f7204
vwap_d_sd2u-vwap_d = 2*(sd1u-vwap_d),2026-07-01,0.0,944f7204
vwap_d_sd2u-vwap_d = 2*(sd1u-vwap_d),2026-07-02,0.0,944f7204
vwap_d_sd2u-vwap_d = 2*(sd1u-vwap_d),2026-07-05,0.0,13efb186
vwap_d_sd2u-vwap_d = 2*(sd1u-vwap_d),2026-07-06,0.0,13efb186
vwap_d_sd2u-vwap_d = 2*(sd1u-vwap_d),2026-07-07,0.0,13efb186
vwap_d_sd2u-vwap_d = 2*(sd1u-vwap_d),2026-07-08,0.0,13efb186
vwap_d_sd2u-vwap_d = 2*(sd1u-vwap_d),2026-07-09,0.0,13efb186
vwap_d_sd2u-vwap_d = 2*(sd1u-vwap_d),2026-07-10,0.0,13efb186
vwap_d_sd2u-vwap_d = 2*(sd1u-vwap_d),2026-07-12,0.0,13efb186
vwap_d_sd2u-vwap_d = 2*(sd1u-vwap_d),2026-07-13,0.0,13efb186
vwap_d_sd2u-vwap_d = 2*(sd1u-vwap_d),2026-07-14,0.0,13efb186
vwap_d_sd2u-vwap_d = 2*(sd1u-vwap_d),2026-07-15,0.0,13efb186
vwap_d_sd2u-vwap_d = 2*(sd1u-vwap_d),2026-07-16,0.0,13efb186
vwap_d_sd2u-vwap_d = 2*(sd1u-vwap_d),2026-07-17,0.0,f6003b62
vwap_d_sd2u-vwap_d = 2*(sd1u-vwap_d),2026-07-19,0.0,f6003b62
vwap_d_sd2u-vwap_d = 2*(sd1u-vwap_d),2026-07-20,0.0,f6003b62
vwap_d_sd2u-vwap_d = 2*(sd1u-vwap_d),2026-07-21,0.0,f6003b62
vwap_d_sd2u-vwap_d = 2*(sd1u-vwap_d),2026-07-22,0.0,ed53e566
vwap_d_sd2u-vwap_d = 2*(sd1u-vwap_d),2026-07-23,0.0,ed53e566
vwap_d_sd2u-vwap_d = 2*(sd1u-vwap_d),2026-07-24,0.0,ed53e566
vwap_d_sd2u-vwap_d = 2*(sd1u-vwap_d),2026-07-26,0.0,4981d53a
vwap_d_sd2u-vwap_d = 2*(sd1u-vwap_d),2026-07-27,0.0,4981d53a
vwap_d_sd2u-vwap_d = 2*(sd1u-vwap_d),2026-07-28,0.0,4981d53a
vwap_d_sd2u-vwap_d = 2*(sd1u-vwap_d),2026-07-29,0.0,4981d53a
vwap_d_sd2u-vwap_d = 2*(sd1u-vwap_d),2026-07-30,0.0,4981d53a
vwap_d_sd2u-vwap_d = 2*(sd1u-vwap_d),2026-07-31,0.0,4981d53a
vwap_d_sd2u-vwap_d = 2*(sd1u-vwap_d),2026-08-04,0.0,1d20af93
vwap_d_sd2u-vwap_d = 2*(sd1u-vwap_d),2026-08-06,0.0,feec66f6
vwap_d_sd2u-vwap_d = 2*(sd1u-vwap_d),2026-08-07,0.0,287627ed
vwap_d_sd2u-vwap_d = 2*(sd1u-vwap_d),2026-08-09,0.0,43f2daf5
vwap_d_sd2u-vwap_d = 2*(sd1u-vwap_d),2026-08-11,0.0,78177655
vwap_d_sd2u-vwap_d = 2*(sd1u-vwap_d),2026-08-12,0.0,78177655
vwap_d_sd2u-vwap_d = 2*(sd1u-vwap_d),2026-08-13,0.0,78177655
vwap_d_sd2u-vwap_d = 2*(sd1u-vwap_d),2026-08-14,0.0,78177655
vwap_d_sd2u-vwap_d = 2*(sd1u-vwap_d),2026-08-16,0.0,605df903
vwap_d_sd2u-vwap_d = 2*(sd1u-vwap_d),2026-08-17,0.0,605df903
vwap_d_sd2u-vwap_d = 2*(sd1u-vwap_d),2026-08-18,0.0,605df903
vwap_d_sd2u-vwap_d = 2*(sd1u-vwap_d),2026-08-19,0.0,605df903
vwap_d_sd2u-vwap_d = 2*(sd1u-vwap_d),2026-08-20,0.0,605df903
vwap_d_sd2u-vwap_d = 2*(sd1u-vwap_d),2026-08-21,0.0,605df903
vwap_d_sd2u-vwap_d = 2*(sd1u-vwap_d),2026-08-23,0.0,605df903
vwap_d_sd2u-vwap_d = 2*(sd1u-vwap_d),2026-08-24,0.0,605df903
vwap_d_sd2u-vwap_d = 2*(sd1u-vwap_d),2026-08-25,0.0,605df903
vwap_d_sd2u-vwap_d = 2*(sd1u-vwap_d),2026-08-26,0.0,605df903
vwap_d_sd2u-vwap_d = 2*(sd1u-vwap_d),2026-08-27,0.0,605df903
vwap_d_sd2u-vwap_d = 2*(sd1u-vwap_d),2026-08-28,0.0,605df903
vwap_d_sd2u-vwap_d = 2*(sd1u-vwap_d),2026-08-30,0.0,605df903
vwap_d_sd2u-vwap_d = 2*(sd1u-vwap_d),2026-08-31,0.0,605df903
vwap_d_sd2u-vwap_d = 2*(sd1u-vwap_d),2026-09-01,0.0,605df903
vwap_d_sd2u-vwap_d = 2*(sd1u-vwap_d),2026-09-02,0.0,605df903
vwap_d_sd2u-vwap_d = 2*(sd1u-vwap_d),2026-09-03,0.0,605df903
sess_high >= high (monotone),2026-06-11,0.0,c43dc080
sess_high >= high (monotone),2026-06-15,0.0,114b1ca4
sess_high >= high (monotone),2026-06-16,0.0,e7199bc7
sess_high >= high (monotone),2026-06-17,0.0,e7199bc7
sess_high >= high (monotone),2026-06-18,0.0,e7199bc7
sess_high >= high (monotone),2026-06-21,0.0,9238adc1
sess_high >= high (monotone),2026-06-22,0.0,9238adc1
sess_high >= high (monotone),2026-06-23,0.0,9238adc1
sess_high >= high (monotone),2026-06-26,0.0,9238adc1
sess_high >= high (monotone),2026-06-28,0.0,944f7204
sess_high >= high (monotone),2026-06-29,0.0,944f7204
sess_high >= high (monotone),2026-07-01,0.0,944f7204
sess_high >= high (monotone),2026-07-02,0.0,944f7204
sess_high >= high (monotone),2026-07-05,0.0,13efb186
sess_high >= high (monotone),2026-07-06,0.0,13efb186
sess_high >= high (monotone),2026-07-07,0.0,13efb186
sess_high >= high (monotone),2026-07-08,0.0,13efb186
sess_high >= high (monotone),2026-07-09,0.0,13efb186
sess_high >= high (monotone),2026-07-10,0.0,13efb186
sess_high >= high (monotone),2026-07-12,0.0,13efb186
sess_high >= high (monotone),2026-07-13,0.0,13efb186
sess_high >= high (monotone),2026-07-14,0.0,13efb186
sess_high >= high (monotone),2026-07-15,0.0,13efb186
sess_high >= high (monotone),2026-07-16,0.0,13efb186
sess_high >= high (monotone),2026-07-17,0.0,f6003b62
sess_high >= high (monotone),2026-07-19,0.0,f6003b62
sess_high >= high (monotone),2026-07-20,0.0,f6003b62
sess_high >= high (monotone),2026-07-21,0.0,f6003b62
sess_high >= high (monotone),2026-07-22,0.0,ed53e566
sess_high >= high (monotone),2026-07-23,0.0,ed53e566
sess_high >= high (monotone),2026-07-24,0.0,ed53e566
sess_high >= high (monotone),2026-07-26,0.0,4981d53a
sess_high >= high (monotone),2026-07-27,0.0,4981d53a
sess_high >= high (monotone),2026-07-28,0.0,4981d53a
sess_high >= high (monotone),2026-07-29,0.0,4981d53a
sess_high >= high (monotone),2026-07-30,0.0,4981d53a
sess_high >= high (monotone),2026-07-31,0.0,4981d53a
sess_high >= high (monotone),2026-08-04,0.0,1d20af93
sess_high >= high (monotone),2026-08-06,0.0,feec66f6
sess_high >= high (monotone),2026-08-07,0.0,287627ed
sess_high >= high (monotone),2026-08-09,0.0,43f2daf5
sess_high >= high (monotone),2026-08-11,0.0,78177655
sess_high >= high (monotone),2026-08-12,0.0,78177655
sess_high >= high (monotone),2026-08-13,0.0,78177655
sess_high >= high (monotone),2026-08-14,0.0,78177655
sess_high >= high (monotone),2026-08-16,0.0,605df903
sess_high >= high (monotone),2026-08-17,0.0,605df903
sess_high >= high (monotone),2026-08-18,0.0,605df903
sess_high >= high (monotone),2026-08-19,0.0,605df903
sess_high >= high (monotone),2026-08-20,0.0,605df903
sess_high >= high (monotone),2026-08-21,0.0,605df903
sess_high >= high (monotone),2026-08-23,0.0,605df903
sess_high >= high (monotone),2026-08-24,0.0,605df903
sess_high >= high (monotone),2026-08-25,0.0,605df903
sess_high >= high (monotone),2026-08-26,0.0,605df903
sess_high >= high (monotone),2026-08-27,0.0,605df903
sess_high >= high (monotone),2026-08-28,0.0,605df903
sess_high >= high (monotone),2026-08-30,0.0,605df903
sess_high >= high (monotone),2026-08-31,0.0,605df903
sess_high >= high (monotone),2026-09-01,0.0,605df903
sess_high >= high (monotone),2026-09-02,0.0,605df903
sess_high >= high (monotone),2026-09-03,0.0,605df903
sess_low <= low,2026-06-11,0.0,c43dc080
sess_low <= low,2026-06-15,0.0,114b1ca4
sess_low <= low,2026-06-16,0.0,e7199bc7
sess_low <= low,2026-06-17,0.0,e7199bc7
sess_low <= low,2026-06-18,0.0,e7199bc7
sess_low <= low,2026-06-21,0.0,9238adc1
sess_low <= low,2026-06-22,0.0,9238adc1
sess_low <= low,2026-06-23,0.0,9238adc1
sess_low <= low,2026-06-26,0.0,9238adc1
sess_low <= low,2026-06-28,0.0,944f7204
sess_low <= low,2026-06-29,0.0,944f7204
sess_low <= low,2026-07-01,0.0,944f7204
sess_low <= low,2026-07-02,0.0,944f7204
sess_low <= low,2026-07-05,0.0,13efb186
sess_low <= low,2026-07-06,0.0,13efb186
sess_low <= low,2026-07-07,0.0,13efb186
sess_low <= low,2026-07-08,0.0,13efb186
sess_low <= low,2026-07-09,0.0,13efb186
sess_low <= low,2026-07-10,0.0,13efb186
sess_low <= low,2026-07-12,0.0,13efb186
sess_low <= low,2026-07-13,0.0,13efb186
sess_low <= low,2026-07-14,0.0,13efb186
sess_low <= low,2026-07-15,0.0,13efb186
sess_low <= low,2026-07-16,0.0,13efb186
sess_low <= low,2026-07-17,0.0,f6003b62
sess_low <= low,2026-07-19,0.0,f6003b62
sess_low <= low,2026-07-20,0.0,f6003b62
sess_low <= low,2026-07-21,0.0,f6003b62
sess_low <= low,2026-07-22,0.0,ed53e566
sess_low <= low,2026-07-23,0.0,ed53e566
sess_low <= low,2026-07-24,0.0,ed53e566
sess_low <= low,2026-07-26,0.0,4981d53a
sess_low <= low,2026-07-27,0.0,4981d53a
sess_low <= low,2026-07-28,0.0,4981d53a
sess_low <= low,2026-07-29,0.0,4981d53a
sess_low <= low,2026-07-30,0.0,4981d53a
sess_low <= low,2026-07-31,0.0,4981d53a
sess_low <= low,2026-08-04,0.0,1d20af93
sess_low <= low,2026-08-06,0.0,feec66f6
sess_low <= low,2026-08-07,0.0,287627ed
sess_low <= low,2026-08-09,0.0,43f2daf5
sess_low <= low,2026-08-11,0.0,78177655
sess_low <= low,2026-08-12,0.0,78177655
sess_low <= low,2026-08-13,0.0,78177655
sess_low <= low,2026-08-14,0.0,78177655
sess_low <= low,2026-08-16,0.0,605df903
sess_low <= low,2026-08-17,0.0,605df903
sess_low <= low,2026-08-18,0.0,605df903
sess_low <= low,2026-08-19,0.0,605df903
sess_low <= low,2026-08-20,0.0,605df903
sess_low <= low,2026-08-21,0.0,605df903
sess_low <= low,2026-08-23,0.0,605df903
sess_low <= low,2026-08-24,0.0,605df903
sess_low <= low,2026-08-25,0.0,605df903
sess_low <= low,2026-08-26,0.0,605df903
sess_low <= low,2026-08-27,0.0,605df903
sess_low <= low,2026-08-28,0.0,605df903
sess_low <= low,2026-08-30,0.0,605df903
sess_low <= low,2026-08-31,0.0,605df903
sess_low <= low,2026-09-01,0.0,605df903
sess_low <= low,2026-09-02,0.0,605df903
sess_low <= low,2026-09-03,0.0,605df903
ib_range_ticks = (ib_high-ib_low)/tick,2026-06-11,0.0,c43dc080
ib_range_ticks = (ib_high-ib_low)/tick,2026-06-15,0.0,114b1ca4
ib_range_ticks = (ib_high-ib_low)/tick,2026-06-16,0.0,e7199bc7
ib_range_ticks = (ib_high-ib_low)/tick,2026-06-17,0.0,e7199bc7
ib_range_ticks = (ib_high-ib_low)/tick,2026-06-18,0.0,e7199bc7
ib_range_ticks = (ib_high-ib_low)/tick,2026-06-22,0.0,9238adc1
ib_range_ticks = (ib_high-ib_low)/tick,2026-06-23,0.0,9238adc1
ib_range_ticks = (ib_high-ib_low)/tick,2026-06-26,0.0,9238adc1
ib_range_ticks = (ib_high-ib_low)/tick,2026-06-29,0.0,944f7204
ib_range_ticks = (ib_high-ib_low)/tick,2026-07-01,0.0,944f7204
ib_range_ticks = (ib_high-ib_low)/tick,2026-07-02,0.0,944f7204
ib_range_ticks = (ib_high-ib_low)/tick,2026-07-06,0.0,13efb186
ib_range_ticks = (ib_high-ib_low)/tick,2026-07-07,0.0,13efb186
ib_range_ticks = (ib_high-ib_low)/tick,2026-07-08,0.0,13efb186
ib_range_ticks = (ib_high-ib_low)/tick,2026-07-09,0.0,13efb186
ib_range_ticks = (ib_high-ib_low)/tick,2026-07-10,0.0,13efb186
ib_range_ticks = (ib_high-ib_low)/tick,2026-07-13,0.0,13efb186
ib_range_ticks = (ib_high-ib_low)/tick,2026-07-14,0.0,13efb186
ib_range_ticks = (ib_high-ib_low)/tick,2026-07-15,0.0,13efb186
ib_range_ticks = (ib_high-ib_low)/tick,2026-07-16,0.0,13efb186
ib_range_ticks = (ib_high-ib_low)/tick,2026-07-17,0.0,f6003b62
ib_range_ticks = (ib_high-ib_low)/tick,2026-07-20,0.0,f6003b62
ib_range_ticks = (ib_high-ib_low)/tick,2026-07-21,0.0,f6003b62
ib_range_ticks = (ib_high-ib_low)/tick,2026-07-22,0.0,ed53e566
ib_range_ticks = (ib_high-ib_low)/tick,2026-07-23,0.0,ed53e566
ib_range_ticks = (ib_high-ib_low)/tick,2026-07-24,0.0,ed53e566
ib_range_ticks = (ib_high-ib_low)/tick,2026-07-27,0.0,4981d53a
ib_range_ticks = (ib_high-ib_low)/tick,2026-07-28,0.0,4981d53a
ib_range_ticks = (ib_high-ib_low)/tick,2026-07-29,0.0,4981d53a
ib_range_ticks = (ib_high-ib_low)/tick,2026-07-30,0.0,4981d53a
ib_range_ticks = (ib_high-ib_low)/tick,2026-07-31,0.0,4981d53a
ib_range_ticks = (ib_high-ib_low)/tick,2026-08-04,0.0,1d20af93
ib_range_ticks = (ib_high-ib_low)/tick,2026-08-06,0.0,feec66f6
ib_range_ticks = (ib_high-ib_low)/tick,2026-08-07,0.0,287627ed
ib_range_ticks = (ib_high-ib_low)/tick,2026-08-11,0.0,78177655
ib_range_ticks = (ib_high-ib_low)/tick,2026-08-12,0.0,78177655
ib_range_ticks = (ib_high-ib_low)/tick,2026-08-13,0.0,78177655
ib_range_ticks = (ib_high-ib_low)/tick,2026-08-14,0.0,78177655
ib_range_ticks = (ib_high-ib_low)/tick,2026-08-17,0.0,605df903
ib_range_ticks = (ib_high-ib_low)/tick,2026-08-18,0.0,605df903
ib_range_ticks = (ib_high-ib_low)/tick,2026-08-19,0.0,605df903
ib_range_ticks = (ib_high-ib_low)/tick,2026-08-20,0.0,605df903
ib_range_ticks = (ib_high-ib_low)/tick,2026-08-21,0.0,605df903
ib_range_ticks = (ib_high-ib_low)/tick,2026-08-24,0.0,605df903
ib_range_ticks = (ib_high-ib_low)/tick,2026-08-25,0.0,605df903
ib_range_ticks = (ib_high-ib_low)/tick,2026-08-26,0.0,605df903
ib_range_ticks = (ib_high-ib_low)/tick,2026-08-27,0.0,605df903
ib_range_ticks = (ib_high-ib_low)/tick,2026-08-28,0.0,605df903
ib_range_ticks = (ib_high-ib_low)/tick,2026-08-31,0.0,605df903
ib_range_ticks = (ib_high-ib_low)/tick,2026-09-01,0.0,605df903
ib_range_ticks = (ib_high-ib_low)/tick,2026-09-02,0.0,605df903
ib_range_ticks = (ib_high-ib_low)/tick,2026-09-03,0.0,605df903
ib_range constante apres IB (par jour),2026-06-11,0.0,c43dc080
ib_range constante apres IB (par jour),2026-06-15,0.0,114b1ca4
ib_range constante apres IB (par jour),2026-06-16,0.0,e7199bc7
ib_range constante apres IB (par jour),2026-06-17,0.0,e7199bc7
ib_range constante apres IB (par jour),2026-06-18,0.0,e7199bc7
ib_range constante apres IB (par jour),2026-06-22,0.0,9238adc1
ib_range constante apres IB (par jour),2026-06-23,0.0,9238adc1
ib_range constante apres IB (par jour),2026-06-26,0.0,9238adc1
ib_range constante apres IB (par jour),2026-06-29,0.0,944f7204
ib_range constante apres IB (par jour),2026-07-01,0.0,944f7204
ib_range constante apres IB (par jour),2026-07-02,0.0,944f7204
ib_range constante apres IB (par jour),2026-07-06,0.0,13efb186
ib_range constante apres IB (par jour),2026-07-07,0.0,13efb186
ib_range constante apres IB (par jour),2026-07-08,0.0,13efb186
ib_range constante apres IB (par jour),2026-07-09,0.0,13efb186
ib_range constante apres IB (par jour),2026-07-10,0.0,13efb186
ib_range constante apres IB (par jour),2026-07-13,0.0,13efb186
ib_range constante apres IB (par jour),2026-07-14,0.0,13efb186
ib_range constante apres IB (par jour),2026-07-15,0.0,13efb186
ib_range constante apres IB (par jour),2026-07-16,0.0,13efb186
ib_range constante apres IB (par jour),2026-07-17,0.0,f6003b62
ib_range constante apres IB (par jour),2026-07-20,0.0,f6003b62
ib_range constante apres IB (par jour),2026-07-21,0.0,f6003b62
ib_range constante apres IB (par jour),2026-07-22,0.0,ed53e566
ib_range constante apres IB (par jour),2026-07-23,0.0,ed53e566
ib_range constante apres IB (par jour),2026-07-24,0.0,ed53e566
ib_range constante apres IB (par jour),2026-07-27,0.0,4981d53a
ib_range constante apres IB (par jour),2026-07-28,0.0,4981d53a
ib_range constante apres IB (par jour),2026-07-29,0.0,4981d53a
ib_range constante apres IB (par jour),2026-07-30,0.0,4981d53a
ib_range constante apres IB (par jour),2026-07-31,0.0,4981d53a
ib_range constante apres IB (par jour),2026-08-04,0.0,1d20af93
ib_range constante apres IB (par jour),2026-08-06,0.0,feec66f6
ib_range constante apres IB (par jour),2026-08-07,0.0,287627ed
ib_range constante apres IB (par jour),2026-08-11,0.0,78177655
ib_range constante apres IB (par jour),2026-08-12,0.0,78177655
ib_range constante apres IB (par jour),2026-08-13,0.0,78177655
ib_range constante apres IB (par jour),2026-08-14,0.0,78177655
ib_range constante apres IB (par jour),2026-08-17,0.0,605df903
ib_range constante apres IB (par jour),2026-08-18,0.0,605df903
ib_range constante apres IB (par jour),2026-08-19,0.0,605df903
ib_range constante apres IB (par jour),2026-08-20,0.0,605df903
ib_range constante apres IB (par jour),2026-08-21,0.0,605df903
ib_range constante apres IB (par jour),2026-08-24,0.0,605df903
ib_range constante apres IB (par jour),2026-08-25,0.0,605df903
ib_range constante apres IB (par jour),2026-08-26,0.0,605df903
ib_range constante apres IB (par jour),2026-08-27,0.0,605df903
ib_range constante apres IB (par jour),2026-08-28,0.0,605df903
ib_range constante apres IB (par jour),2026-08-31,0.0,605df903
ib_range constante apres IB (par jour),2026-09-01,0.0,605df903
ib_range constante apres IB (par jour),2026-09-02,0.0,605df903
ib_range constante apres IB (par jour),2026-09-03,0.0,605df903
ib_range_atr = ib_range_ticks*tick/atr_14m,2026-06-11,0.9344,c43dc080
ib_range_atr = ib_range_ticks*tick/atr_14m,2026-06-15,1.0,114b1ca4
ib_range_atr = ib_range_ticks*tick/atr_14m,2026-06-16,1.0,e7199bc7
ib_range_atr = ib_range_ticks*tick/atr_14m,2026-06-17,0.8055,e7199bc7
ib_range_atr = ib_range_ticks*tick/atr_14m,2026-06-18,1.0,e7199bc7
ib_range_atr = ib_range_ticks*tick/atr_14m,2026-06-22,1.0,9238adc1
ib_range_atr = ib_range_ticks*tick/atr_14m,2026-06-23,1.0,9238adc1
ib_range_atr = ib_range_ticks*tick/atr_14m,2026-06-26,1.0,9238adc1
ib_range_atr = ib_range_ticks*tick/atr_14m,2026-06-29,1.0,944f7204
ib_range_atr = ib_range_ticks*tick/atr_14m,2026-07-01,1.0,944f7204
ib_range_atr = ib_range_ticks*tick/atr_14m,2026-07-02,0.9696,944f7204
ib_range_atr = ib_range_ticks*tick/atr_14m,2026-07-06,1.0,13efb186
ib_range_atr = ib_range_ticks*tick/atr_14m,2026-07-07,1.0,13efb186
ib_range_atr = ib_range_ticks*tick/atr_14m,2026-07-08,1.0,13efb186
ib_range_atr = ib_range_ticks*tick/atr_14m,2026-07-09,1.0,13efb186
ib_range_atr = ib_range_ticks*tick/atr_14m,2026-07-10,0.9909,13efb186
ib_range_atr = ib_range_ticks*tick/atr_14m,2026-07-13,1.0,13efb186
ib_range_atr = ib_range_ticks*tick/atr_14m,2026-07-14,0.9878,13efb186
ib_range_atr = ib_range_ticks*tick/atr_14m,2026-07-15,1.0,13efb186
ib_range_atr = ib_range_ticks*tick/atr_14m,2026-07-16,1.0,13efb186
ib_range_atr = ib_range_ticks*tick/atr_14m,2026-07-17,1.0,f6003b62
ib_range_atr = ib_range_ticks*tick/atr_14m,2026-07-20,1.0,f6003b62
ib_range_atr = ib_range_ticks*tick/atr_14m,2026-07-21,1.0,f6003b62
ib_range_atr = ib_range_ticks*tick/atr_14m,2026-07-22,1.0,ed53e566
ib_range_atr = ib_range_ticks*tick/atr_14m,2026-07-23,0.9605,ed53e566
ib_range_atr = ib_range_ticks*tick/atr_14m,2026-07-24,0.9939,ed53e566
ib_range_atr = ib_range_ticks*tick/atr_14m,2026-07-27,0.9818,4981d53a
ib_range_atr = ib_range_ticks*tick/atr_14m,2026-07-28,0.9818,4981d53a
ib_range_atr = ib_range_ticks*tick/atr_14m,2026-07-29,0.9271,4981d53a
ib_range_atr = ib_range_ticks*tick/atr_14m,2026-07-30,1.0,4981d53a
ib_range_atr = ib_range_ticks*tick/atr_14m,2026-07-31,0.9939,4981d53a
ib_range_atr = ib_range_ticks*tick/atr_14m,2026-08-04,1.0,1d20af93
ib_range_atr = ib_range_ticks*tick/atr_14m,2026-08-06,1.0,feec66f6
ib_range_atr = ib_range_ticks*tick/atr_14m,2026-08-07,1.0,287627ed
ib_range_atr = ib_range_ticks*tick/atr_14m,2026-08-11,1.0,78177655
ib_range_atr = ib_range_ticks*tick/atr_14m,2026-08-12,1.0,78177655
ib_range_atr = ib_range_ticks*tick/atr_14m,2026-08-13,1.0,78177655
ib_range_atr = ib_range_ticks*tick/atr_14m,2026-08-14,1.0,78177655
ib_range_atr = ib_range_ticks*tick/atr_14m,2026-08-17,1.0,605df903
ib_range_atr = ib_range_ticks*tick/atr_14m,2026-08-18,1.0,605df903
ib_range_atr = ib_range_ticks*tick/atr_14m,2026-08-19,0.9939,605df903
ib_range_atr = ib_range_ticks*tick/atr_14m,2026-08-20,0.9726,605df903
ib_range_atr = ib_range_ticks*tick/atr_14m,2026-08-21,1.0,605df903
ib_range_atr = ib_range_ticks*tick/atr_14m,2026-08-24,1.0,605df903
ib_range_atr = ib_range_ticks*tick/atr_14m,2026-08-25,0.9787,605df903
ib_range_atr = ib_range_ticks*tick/atr_14m,2026-08-26,1.0,605df903
ib_range_atr = ib_range_ticks*tick/atr_14m,2026-08-27,0.9818,605df903
ib_range_atr = ib_range_ticks*tick/atr_14m,2026-08-28,0.9362,605df903
ib_range_atr = ib_range_ticks*tick/atr_14m,2026-08-31,1.0,605df903
ib_range_atr = ib_range_ticks*tick/atr_14m,2026-09-01,1.0,605df903
ib_range_atr = ib_range_ticks*tick/atr_14m,2026-09-02,1.0,605df903
ib_range_atr = ib_range_ticks*tick/atr_14m,2026-09-03,0.9635,605df903
pdh = max(high) session Sierra precedente,2026-06-11,0.0,c43dc080
pdh = max(high) session Sierra precedente,2026-06-15,0.953,114b1ca4
pdh = max(high) session Sierra precedente,2026-06-16,0.0007,e7199bc7
pdh = max(high) session Sierra precedente,2026-06-17,0.0,e7199bc7
pdh = max(high) session Sierra precedente,2026-06-18,0.1112,e7199bc7
pdh = max(high) session Sierra precedente,2026-06-21,1.0,9238adc1
pdh = max(high) session Sierra precedente,2026-06-22,0.9137,9238adc1
pdh = max(high) session Sierra precedente,2026-06-23,0.0,9238adc1
pdh = max(high) session Sierra precedente,2026-06-26,1.0,9238adc1
pdh = max(high) session Sierra precedente,2026-06-28,1.0,944f7204
pdh = max(high) session Sierra precedente,2026-06-29,0.9137,944f7204
pdh = max(high) session Sierra precedente,2026-07-01,0.9137,944f7204
pdh = max(high) session Sierra precedente,2026-07-02,0.0864,944f7204
pdh = max(high) session Sierra precedente,2026-07-05,1.0,13efb186
pdh = max(high) session Sierra precedente,2026-07-06,0.9137,13efb186
pdh = max(high) session Sierra precedente,2026-07-07,0.0,13efb186
pdh = max(high) session Sierra precedente,2026-07-08,0.0,13efb186
pdh = max(high) session Sierra precedente,2026-07-09,0.0,13efb186
pdh = max(high) session Sierra precedente,2026-07-10,0.0,13efb186
pdh = max(high) session Sierra precedente,2026-07-12,1.0,13efb186
pdh = max(high) session Sierra precedente,2026-07-13,0.9137,13efb186
pdh = max(high) session Sierra precedente,2026-07-14,0.0,13efb186
pdh = max(high) session Sierra precedente,2026-07-15,0.0,13efb186
pdh = max(high) session Sierra precedente,2026-07-16,0.0864,13efb186
pdh = max(high) session Sierra precedente,2026-07-17,1.0,f6003b62
pdh = max(high) session Sierra precedente,2026-07-19,1.0,f6003b62
pdh = max(high) session Sierra precedente,2026-07-20,0.9137,f6003b62
pdh = max(high) session Sierra precedente,2026-07-21,0.0,f6003b62
pdh = max(high) session Sierra precedente,2026-07-22,0.0,ed53e566
pdh = max(high) session Sierra precedente,2026-07-23,0.0,ed53e566
pdh = max(high) session Sierra precedente,2026-07-24,0.0,ed53e566
pdh = max(high) session Sierra precedente,2026-07-26,1.0,4981d53a
pdh = max(high) session Sierra precedente,2026-07-27,0.9137,4981d53a
pdh = max(high) session Sierra precedente,2026-07-28,0.0,4981d53a
pdh = max(high) session Sierra precedente,2026-07-29,0.0,4981d53a
pdh = max(high) session Sierra precedente,2026-07-30,0.0,4981d53a
pdh = max(high) session Sierra precedente,2026-07-31,0.0,4981d53a
pdh = max(high) session Sierra precedente,2026-08-04,0.9137,1d20af93
pdh = max(high) session Sierra precedente,2026-08-06,0.9137,feec66f6
pdh = max(high) session Sierra precedente,2026-08-07,0.0,287627ed
pdh = max(high) session Sierra precedente,2026-08-09,1.0,43f2daf5
pdh = max(high) session Sierra precedente,2026-08-11,0.9144,78177655
pdh = max(high) session Sierra precedente,2026-08-12,0.0,78177655
pdh = max(high) session Sierra precedente,2026-08-13,0.0,78177655
pdh = max(high) session Sierra precedente,2026-08-14,0.0,78177655
pdh = max(high) session Sierra precedente,2026-08-16,1.0,605df903
pdh = max(high) session Sierra precedente,2026-08-17,0.9144,605df903
pdh = max(high) session Sierra precedente,2026-08-18,0.0,605df903
pdh = max(high) session Sierra precedente,2026-08-19,0.0,605df903
pdh = max(high) session Sierra precedente,2026-08-20,0.0,605df903
pdh = max(high) session Sierra precedente,2026-08-21,0.0,605df903
pdh = max(high) session Sierra precedente,2026-08-23,1.0,605df903
pdh = max(high) session Sierra precedente,2026-08-24,0.9137,605df903
pdh = max(high) session Sierra precedente,2026-08-25,0.0,605df903
pdh = max(high) session Sierra precedente,2026-08-26,0.0863,605df903
pdh = max(high) session Sierra precedente,2026-08-27,0.9137,605df903
pdh = max(high) session Sierra precedente,2026-08-28,0.0,605df903
pdh = max(high) session Sierra precedente,2026-08-30,1.0,605df903
pdh = max(high) session Sierra precedente,2026-08-31,0.9137,605df903
pdh = max(high) session Sierra precedente,2026-09-01,0.0,605df903
pdh = max(high) session Sierra precedente,2026-09-02,0.0,605df903
pdh = max(high) session Sierra precedente,2026-09-03,0.0,605df903
pdl = min(low) session Sierra precedente,2026-06-11,1.0,c43dc080
pdl = min(low) session Sierra precedente,2026-06-15,1.0,114b1ca4
pdl = min(low) session Sierra precedente,2026-06-16,0.9138,e7199bc7
pdl = min(low) session Sierra precedente,2026-06-17,0.0,e7199bc7
pdl = min(low) session Sierra precedente,2026-06-18,0.0858,e7199bc7
pdl = min(low) session Sierra precedente,2026-06-21,1.0,9238adc1
pdl = min(low) session Sierra precedente,2026-06-22,0.9137,9238adc1
pdl = min(low) session Sierra precedente,2026-06-23,0.0,9238adc1
pdl = min(low) session Sierra precedente,2026-06-26,1.0,9238adc1
pdl = min(low) session Sierra precedente,2026-06-28,1.0,944f7204
pdl = min(low) session Sierra precedente,2026-06-29,0.9137,944f7204
pdl = min(low) session Sierra precedente,2026-07-01,0.9137,944f7204
pdl = min(low) session Sierra precedente,2026-07-02,0.0,944f7204
pdl = min(low) session Sierra precedente,2026-07-05,1.0,13efb186
pdl = min(low) session Sierra precedente,2026-07-06,0.9137,13efb186
pdl = min(low) session Sierra precedente,2026-07-07,0.0,13efb186
pdl = min(low) session Sierra precedente,2026-07-08,0.0,13efb186
pdl = min(low) session Sierra precedente,2026-07-09,0.0,13efb186
pdl = min(low) session Sierra precedente,2026-07-10,0.0,13efb186
pdl = min(low) session Sierra precedente,2026-07-12,1.0,13efb186
pdl = min(low) session Sierra precedente,2026-07-13,0.9137,13efb186
pdl = min(low) session Sierra precedente,2026-07-14,0.0,13efb186
pdl = min(low) session Sierra precedente,2026-07-15,0.0,13efb186
pdl = min(low) session Sierra precedente,2026-07-16,0.0,13efb186
pdl = min(low) session Sierra precedente,2026-07-17,0.0,f6003b62
pdl = min(low) session Sierra precedente,2026-07-19,1.0,f6003b62
pdl = min(low) session Sierra precedente,2026-07-20,0.9137,f6003b62
pdl = min(low) session Sierra precedente,2026-07-21,0.0864,f6003b62
pdl = min(low) session Sierra precedente,2026-07-22,0.9137,ed53e566
pdl = min(low) session Sierra precedente,2026-07-23,0.0,ed53e566
pdl = min(low) session Sierra precedente,2026-07-24,0.0,ed53e566
pdl = min(low) session Sierra precedente,2026-07-26,1.0,4981d53a
pdl = min(low) session Sierra precedente,2026-07-27,0.9137,4981d53a
pdl = min(low) session Sierra precedente,2026-07-28,0.0,4981d53a
pdl = min(low) session Sierra precedente,2026-07-29,0.0,4981d53a
pdl = min(low) session Sierra precedente,2026-07-30,0.0,4981d53a
pdl = min(low) session Sierra precedente,2026-07-31,0.0,4981d53a
pdl = min(low) session Sierra precedente,2026-08-04,1.0,1d20af93
pdl = min(low) session Sierra precedente,2026-08-06,0.9137,feec66f6
pdl = min(low) session Sierra precedente,2026-08-07,0.0,287627ed
pdl = min(low) session Sierra precedente,2026-08-09,1.0,43f2daf5
pdl = min(low) session Sierra precedente,2026-08-11,0.9144,78177655
pdl = min(low) session Sierra precedente,2026-08-12,0.0,78177655
pdl = min(low) session Sierra precedente,2026-08-13,0.0,78177655
pdl = min(low) session Sierra precedente,2026-08-14,0.0,78177655
pdl = min(low) session Sierra precedente,2026-08-16,1.0,605df903
pdl = min(low) session Sierra precedente,2026-08-17,0.9144,605df903
pdl = min(low) session Sierra precedente,2026-08-18,0.0,605df903
pdl = min(low) session Sierra precedente,2026-08-19,0.0,605df903
pdl = min(low) session Sierra precedente,2026-08-20,0.0,605df903
pdl = min(low) session Sierra precedente,2026-08-21,0.0,605df903
pdl = min(low) session Sierra precedente,2026-08-23,1.0,605df903
pdl = min(low) session Sierra precedente,2026-08-24,0.9137,605df903
pdl = min(low) session Sierra precedente,2026-08-25,0.0,605df903
pdl = min(low) session Sierra precedente,2026-08-26,0.0,605df903
pdl = min(low) session Sierra precedente,2026-08-27,0.0,605df903
pdl = min(low) session Sierra precedente,2026-08-28,0.0,605df903
pdl = min(low) session Sierra precedente,2026-08-30,1.0,605df903
pdl = min(low) session Sierra precedente,2026-08-31,0.9137,605df903
pdl = min(low) session Sierra precedente,2026-09-01,0.0,605df903
pdl = min(low) session Sierra precedente,2026-09-02,0.0,605df903
pdl = min(low) session Sierra precedente,2026-09-03,0.0,605df903
open_cash = open 1ere barre cash,2026-06-11,1.0,c43dc080
open_cash = open 1ere barre cash,2026-06-15,0.0,114b1ca4
open_cash = open 1ere barre cash,2026-06-16,0.0,e7199bc7
open_cash = open 1ere barre cash,2026-06-17,0.0,e7199bc7
open_cash = open 1ere barre cash,2026-06-18,0.0,e7199bc7
open_cash = open 1ere barre cash,2026-06-22,0.0,9238adc1
open_cash = open 1ere barre cash,2026-06-23,0.0,9238adc1
open_cash = open 1ere barre cash,2026-06-26,0.0,9238adc1
open_cash = open 1ere barre cash,2026-06-29,0.0,944f7204
open_cash = open 1ere barre cash,2026-07-01,0.0,944f7204
open_cash = open 1ere barre cash,2026-07-02,0.0,944f7204
open_cash = open 1ere barre cash,2026-07-06,0.0,13efb186
open_cash = open 1ere barre cash,2026-07-07,0.0,13efb186
open_cash = open 1ere barre cash,2026-07-08,0.0,13efb186
open_cash = open 1ere barre cash,2026-07-09,0.0,13efb186
open_cash = open 1ere barre cash,2026-07-10,0.0,13efb186
open_cash = open 1ere barre cash,2026-07-13,0.0,13efb186
open_cash = open 1ere barre cash,2026-07-14,0.0,13efb186
open_cash = open 1ere barre cash,2026-07-15,0.0,13efb186
open_cash = open 1ere barre cash,2026-07-16,0.0,13efb186
open_cash = open 1ere barre cash,2026-07-17,0.0,f6003b62
open_cash = open 1ere barre cash,2026-07-20,0.0,f6003b62
open_cash = open 1ere barre cash,2026-07-21,0.0,f6003b62
open_cash = open 1ere barre cash,2026-07-22,0.0,ed53e566
open_cash = open 1ere barre cash,2026-07-23,0.0,ed53e566
open_cash = open 1ere barre cash,2026-07-24,0.0,ed53e566
open_cash = open 1ere barre cash,2026-07-27,0.0,4981d53a
open_cash = open 1ere barre cash,2026-07-28,0.0,4981d53a
open_cash = open 1ere barre cash,2026-07-29,0.0,4981d53a
open_cash = open 1ere barre cash,2026-07-30,0.0,4981d53a
open_cash = open 1ere barre cash,2026-07-31,0.0,4981d53a
open_cash = open 1ere barre cash,2026-08-04,0.0,1d20af93
open_cash = open 1ere barre cash,2026-08-06,0.0,feec66f6
open_cash = open 1ere barre cash,2026-08-07,0.0,287627ed
open_cash = open 1ere barre cash,2026-08-11,0.0,78177655
open_cash = open 1ere barre cash,2026-08-12,0.0,78177655
open_cash = open 1ere barre cash,2026-08-13,0.0,78177655
open_cash = open 1ere barre cash,2026-08-14,0.0,78177655
open_cash = open 1ere barre cash,2026-08-17,0.0,605df903
open_cash = open 1ere barre cash,2026-08-18,0.0,605df903
open_cash = open 1ere barre cash,2026-08-19,0.0,605df903
open_cash = open 1ere barre cash,2026-08-20,0.0,605df903
open_cash = open 1ere barre cash,2026-08-21,0.0,605df903
open_cash = open 1ere barre cash,2026-08-24,0.0,605df903
open_cash = open 1ere barre cash,2026-08-25,0.0,605df903
open_cash = open 1ere barre cash,2026-08-26,0.0,605df903
open_cash = open 1ere barre cash,2026-08-27,0.0,605df903
open_cash = open 1ere barre cash,2026-08-28,0.0,605df903
open_cash = open 1ere barre cash,2026-08-31,0.0,605df903
open_cash = open 1ere barre cash,2026-09-01,0.0,605df903
open_cash = open 1ere barre cash,2026-09-02,0.0,605df903
open_cash = open 1ere barre cash,2026-09-03,0.0,605df903
dist_open_cash utilise open_cash (pas 1ere cloture),2026-06-11,1.0,c43dc080
dist_open_cash utilise open_cash (pas 1ere cloture),2026-06-15,1.0,114b1ca4
dist_open_cash utilise open_cash (pas 1ere cloture),2026-06-16,1.0,e7199bc7
dist_open_cash utilise open_cash (pas 1ere cloture),2026-06-17,1.0,e7199bc7
dist_open_cash utilise open_cash (pas 1ere cloture),2026-06-18,1.0,e7199bc7
dist_open_cash utilise open_cash (pas 1ere cloture),2026-06-22,1.0,9238adc1
dist_open_cash utilise open_cash (pas 1ere cloture),2026-06-23,1.0,9238adc1
dist_open_cash utilise open_cash (pas 1ere cloture),2026-06-26,1.0,9238adc1
dist_open_cash utilise open_cash (pas 1ere cloture),2026-06-29,1.0,944f7204
dist_open_cash utilise open_cash (pas 1ere cloture),2026-07-01,1.0,944f7204
dist_open_cash utilise open_cash (pas 1ere cloture),2026-07-02,1.0,944f7204
dist_open_cash utilise open_cash (pas 1ere cloture),2026-07-06,1.0,13efb186
dist_open_cash utilise open_cash (pas 1ere cloture),2026-07-07,1.0,13efb186
dist_open_cash utilise open_cash (pas 1ere cloture),2026-07-08,1.0,13efb186
dist_open_cash utilise open_cash (pas 1ere cloture),2026-07-09,1.0,13efb186
dist_open_cash utilise open_cash (pas 1ere cloture),2026-07-10,1.0,13efb186
dist_open_cash utilise open_cash (pas 1ere cloture),2026-07-13,1.0,13efb186
dist_open_cash utilise open_cash (pas 1ere cloture),2026-07-14,1.0,13efb186
dist_open_cash utilise open_cash (pas 1ere cloture),2026-07-15,1.0,13efb186
dist_open_cash utilise open_cash (pas 1ere cloture),2026-07-16,1.0,13efb186
dist_open_cash utilise open_cash (pas 1ere cloture),2026-07-17,1.0,f6003b62
dist_open_cash utilise open_cash (pas 1ere cloture),2026-07-20,1.0,f6003b62
dist_open_cash utilise open_cash (pas 1ere cloture),2026-07-21,1.0,f6003b62
dist_open_cash utilise open_cash (pas 1ere cloture),2026-07-22,1.0,ed53e566
dist_open_cash utilise open_cash (pas 1ere cloture),2026-07-23,1.0,ed53e566
dist_open_cash utilise open_cash (pas 1ere cloture),2026-07-24,1.0,ed53e566
dist_open_cash utilise open_cash (pas 1ere cloture),2026-07-27,1.0,4981d53a
dist_open_cash utilise open_cash (pas 1ere cloture),2026-07-28,1.0,4981d53a
dist_open_cash utilise open_cash (pas 1ere cloture),2026-07-29,1.0,4981d53a
dist_open_cash utilise open_cash (pas 1ere cloture),2026-07-30,1.0,4981d53a
dist_open_cash utilise open_cash (pas 1ere cloture),2026-07-31,1.0,4981d53a
dist_open_cash utilise open_cash (pas 1ere cloture),2026-08-04,1.0,1d20af93
dist_open_cash utilise open_cash (pas 1ere cloture),2026-08-06,1.0,feec66f6
dist_open_cash utilise open_cash (pas 1ere cloture),2026-08-07,1.0,287627ed
dist_open_cash utilise open_cash (pas 1ere cloture),2026-08-11,1.0,78177655
dist_open_cash utilise open_cash (pas 1ere cloture),2026-08-12,1.0,78177655
dist_open_cash utilise open_cash (pas 1ere cloture),2026-08-13,1.0,78177655
dist_open_cash utilise open_cash (pas 1ere cloture),2026-08-14,1.0,78177655
dist_open_cash utilise open_cash (pas 1ere cloture),2026-08-17,1.0,605df903
dist_open_cash utilise open_cash (pas 1ere cloture),2026-08-18,1.0,605df903
dist_open_cash utilise open_cash (pas 1ere cloture),2026-08-19,1.0,605df903
dist_open_cash utilise open_cash (pas 1ere cloture),2026-08-20,1.0,605df903
dist_open_cash utilise open_cash (pas 1ere cloture),2026-08-21,1.0,605df903
dist_open_cash utilise open_cash (pas 1ere cloture),2026-08-24,1.0,605df903
dist_open_cash utilise open_cash (pas 1ere cloture),2026-08-25,1.0,605df903
dist_open_cash utilise open_cash (pas 1ere cloture),2026-08-26,1.0,605df903
dist_open_cash utilise open_cash (pas 1ere cloture),2026-08-27,1.0,605df903
dist_open_cash utilise open_cash (pas 1ere cloture),2026-08-28,1.0,605df903
dist_open_cash utilise open_cash (pas 1ere cloture),2026-08-31,1.0,605df903
dist_open_cash utilise open_cash (pas 1ere cloture),2026-09-01,1.0,605df903
dist_open_cash utilise open_cash (pas 1ere cloture),2026-09-02,1.0,605df903
dist_open_cash utilise open_cash (pas 1ere cloture),2026-09-03,1.0,605df903
dist_open_cash = (close_1ere_barre - close)/tick,2026-06-11,1.0,c43dc080
dist_open_cash = (close_1ere_barre - close)/tick,2026-06-15,0.0,114b1ca4
dist_open_cash = (close_1ere_barre - close)/tick,2026-06-16,0.0,e7199bc7
dist_open_cash = (close_1ere_barre - close)/tick,2026-06-17,0.0,e7199bc7
dist_open_cash = (close_1ere_barre - close)/tick,2026-06-18,0.0,e7199bc7
dist_open_cash = (close_1ere_barre - close)/tick,2026-06-22,0.0,9238adc1
dist_open_cash = (close_1ere_barre - close)/tick,2026-06-23,0.0,9238adc1
dist_open_cash = (close_1ere_barre - close)/tick,2026-06-26,0.0,9238adc1
dist_open_cash = (close_1ere_barre - close)/tick,2026-06-29,0.0,944f7204
dist_open_cash = (close_1ere_barre - close)/tick,2026-07-01,0.0,944f7204
dist_open_cash = (close_1ere_barre - close)/tick,2026-07-02,0.0,944f7204
dist_open_cash = (close_1ere_barre - close)/tick,2026-07-06,0.0,13efb186
dist_open_cash = (close_1ere_barre - close)/tick,2026-07-07,0.0,13efb186
dist_open_cash = (close_1ere_barre - close)/tick,2026-07-08,0.0,13efb186
dist_open_cash = (close_1ere_barre - close)/tick,2026-07-09,0.0,13efb186
dist_open_cash = (close_1ere_barre - close)/tick,2026-07-10,0.0,13efb186
dist_open_cash = (close_1ere_barre - close)/tick,2026-07-13,0.0,13efb186
dist_open_cash = (close_1ere_barre - close)/tick,2026-07-14,0.0,13efb186
dist_open_cash = (close_1ere_barre - close)/tick,2026-07-15,0.0,13efb186
dist_open_cash = (close_1ere_barre - close)/tick,2026-07-16,0.0,13efb186
dist_open_cash = (close_1ere_barre - close)/tick,2026-07-17,0.0,f6003b62
dist_open_cash = (close_1ere_barre - close)/tick,2026-07-20,0.0,f6003b62
dist_open_cash = (close_1ere_barre - close)/tick,2026-07-21,0.0,f6003b62
dist_open_cash = (close_1ere_barre - close)/tick,2026-07-22,0.0,ed53e566
dist_open_cash = (close_1ere_barre - close)/tick,2026-07-23,0.0,ed53e566
dist_open_cash = (close_1ere_barre - close)/tick,2026-07-24,0.0,ed53e566
dist_open_cash = (close_1ere_barre - close)/tick,2026-07-27,0.0,4981d53a
dist_open_cash = (close_1ere_barre - close)/tick,2026-07-28,0.0,4981d53a
dist_open_cash = (close_1ere_barre - close)/tick,2026-07-29,0.0,4981d53a
dist_open_cash = (close_1ere_barre - close)/tick,2026-07-30,0.0,4981d53a
dist_open_cash = (close_1ere_barre - close)/tick,2026-07-31,0.0,4981d53a
dist_open_cash = (close_1ere_barre - close)/tick,2026-08-04,0.0,1d20af93
dist_open_cash = (close_1ere_barre - close)/tick,2026-08-06,0.0,feec66f6
dist_open_cash = (close_1ere_barre - close)/tick,2026-08-07,0.0,287627ed
dist_open_cash = (close_1ere_barre - close)/tick,2026-08-11,0.0,78177655
dist_open_cash = (close_1ere_barre - close)/tick,2026-08-12,0.0,78177655
dist_open_cash = (close_1ere_barre - close)/tick,2026-08-13,0.0,78177655
dist_open_cash = (close_1ere_barre - close)/tick,2026-08-14,0.0,78177655
dist_open_cash = (close_1ere_barre - close)/tick,2026-08-17,0.0,605df903
dist_open_cash = (close_1ere_barre - close)/tick,2026-08-18,0.0,605df903
dist_open_cash = (close_1ere_barre - close)/tick,2026-08-19,0.0,605df903
dist_open_cash = (close_1ere_barre - close)/tick,2026-08-20,0.0,605df903
dist_open_cash = (close_1ere_barre - close)/tick,2026-08-21,0.0,605df903
dist_open_cash = (close_1ere_barre - close)/tick,2026-08-24,0.0,605df903
dist_open_cash = (close_1ere_barre - close)/tick,2026-08-25,0.0,605df903
dist_open_cash = (close_1ere_barre - close)/tick,2026-08-26,0.0,605df903
dist_open_cash = (close_1ere_barre - close)/tick,2026-08-27,0.0,605df903
dist_open_cash = (close_1ere_barre - close)/tick,2026-08-28,0.0,605df903
dist_open_cash = (close_1ere_barre - close)/tick,2026-08-31,0.0,605df903
dist_open_cash = (close_1ere_barre - close)/tick,2026-09-01,0.0,605df903
dist_open_cash = (close_1ere_barre - close)/tick,2026-09-02,0.0,605df903
dist_open_cash = (close_1ere_barre - close)/tick,2026-09-03,0.0,605df903
momentum_3b = close - close[-3] (pts),2026-06-11,0.9967,c43dc080
momentum_3b = close - close[-3] (pts),2026-06-15,0.9924,114b1ca4
momentum_3b = close - close[-3] (pts),2026-06-16,0.9884,e7199bc7
momentum_3b = close - close[-3] (pts),2026-06-17,0.9884,e7199bc7
momentum_3b = close - close[-3] (pts),2026-06-18,0.9876,e7199bc7
momentum_3b = close - close[-3] (pts),2026-06-21,1.0,9238adc1
momentum_3b = close - close[-3] (pts),2026-06-22,0.9826,9238adc1
momentum_3b = close - close[-3] (pts),2026-06-23,0.9956,9238adc1
momentum_3b = close - close[-3] (pts),2026-06-26,0.9937,9238adc1
momentum_3b = close - close[-3] (pts),2026-06-28,1.0,944f7204
momentum_3b = close - close[-3] (pts),2026-06-29,0.9884,944f7204
momentum_3b = close - close[-3] (pts),2026-07-01,0.9913,944f7204
momentum_3b = close - close[-3] (pts),2026-07-02,0.992,944f7204
momentum_3b = close - close[-3] (pts),2026-07-05,0.9916,13efb186
momentum_3b = close - close[-3] (pts),2026-07-06,0.9898,13efb186
momentum_3b = close - close[-3] (pts),2026-07-07,0.9855,13efb186
momentum_3b = close - close[-3] (pts),2026-07-08,0.9985,13efb186
momentum_3b = close - close[-3] (pts),2026-07-09,0.9898,13efb186
momentum_3b = close - close[-3] (pts),2026-07-10,0.9889,13efb186
momentum_3b = close - close[-3] (pts),2026-07-12,0.9916,13efb186
momentum_3b = close - close[-3] (pts),2026-07-13,0.9898,13efb186
momentum_3b = close - close[-3] (pts),2026-07-14,0.992,13efb186
momentum_3b = close - close[-3] (pts),2026-07-15,0.9913,13efb186
momentum_3b = close - close[-3] (pts),2026-07-16,0.9913,13efb186
momentum_3b = close - close[-3] (pts),2026-07-17,0.9921,f6003b62
momentum_3b = close - close[-3] (pts),2026-07-19,0.9832,f6003b62
momentum_3b = close - close[-3] (pts),2026-07-20,0.9898,f6003b62
momentum_3b = close - close[-3] (pts),2026-07-21,0.9869,f6003b62
momentum_3b = close - close[-3] (pts),2026-07-22,0.9891,ed53e566
momentum_3b = close - close[-3] (pts),2026-07-23,0.9913,ed53e566
momentum_3b = close - close[-3] (pts),2026-07-24,0.9921,ed53e566
momentum_3b = close - close[-3] (pts),2026-07-26,0.9916,4981d53a
momentum_3b = close - close[-3] (pts),2026-07-27,0.9913,4981d53a
momentum_3b = close - close[-3] (pts),2026-07-28,0.9956,4981d53a
momentum_3b = close - close[-3] (pts),2026-07-29,0.9927,4981d53a
momentum_3b = close - close[-3] (pts),2026-07-30,0.9891,4981d53a
momentum_3b = close - close[-3] (pts),2026-07-31,0.9905,4981d53a
momentum_3b = close - close[-3] (pts),2026-08-04,0.9913,1d20af93
momentum_3b = close - close[-3] (pts),2026-08-06,0.9877,feec66f6
momentum_3b = close - close[-3] (pts),2026-08-07,0.9889,287627ed
momentum_3b = close - close[-3] (pts),2026-08-09,0.9748,43f2daf5
momentum_3b = close - close[-3] (pts),2026-08-11,0.984,78177655
momentum_3b = close - close[-3] (pts),2026-08-12,0.9862,78177655
momentum_3b = close - close[-3] (pts),2026-08-13,0.9797,78177655
momentum_3b = close - close[-3] (pts),2026-08-14,0.9825,78177655
momentum_3b = close - close[-3] (pts),2026-08-16,0.958,605df903
momentum_3b = close - close[-3] (pts),2026-08-17,0.979,605df903
momentum_3b = close - close[-3] (pts),2026-08-18,0.9833,605df903
momentum_3b = close - close[-3] (pts),2026-08-19,0.9906,605df903
momentum_3b = close - close[-3] (pts),2026-08-20,0.9913,605df903
momentum_3b = close - close[-3] (pts),2026-08-21,0.9873,605df903
momentum_3b = close - close[-3] (pts),2026-08-23,0.9748,605df903
momentum_3b = close - close[-3] (pts),2026-08-24,0.9877,605df903
momentum_3b = close - close[-3] (pts),2026-08-25,0.9906,605df903
momentum_3b = close - close[-3] (pts),2026-08-26,0.9906,605df903
momentum_3b = close - close[-3] (pts),2026-08-27,0.9891,605df903
momentum_3b = close - close[-3] (pts),2026-08-28,0.9849,605df903
momentum_3b = close - close[-3] (pts),2026-08-30,0.9832,605df903
momentum_3b = close - close[-3] (pts),2026-08-31,0.9782,605df903
momentum_3b = close - close[-3] (pts),2026-09-01,0.9818,605df903
momentum_3b = close - close[-3] (pts),2026-09-02,0.9847,605df903
momentum_3b = close - close[-3] (pts),2026-09-03,0.9848,605df903
momentum_5b = close - close[-5] (pts),2026-06-11,1.0,c43dc080
momentum_5b = close - close[-5] (pts),2026-06-15,0.9917,114b1ca4
momentum_5b = close - close[-5] (pts),2026-06-16,0.9913,e7199bc7
momentum_5b = close - close[-5] (pts),2026-06-17,0.9884,e7199bc7
momentum_5b = close - close[-5] (pts),2026-06-18,0.9862,e7199bc7
momentum_5b = close - close[-5] (pts),2026-06-21,0.9916,9238adc1
momentum_5b = close - close[-5] (pts),2026-06-22,0.9927,9238adc1
momentum_5b = close - close[-5] (pts),2026-06-23,0.992,9238adc1
momentum_5b = close - close[-5] (pts),2026-06-26,0.9968,9238adc1
momentum_5b = close - close[-5] (pts),2026-06-28,1.0,944f7204
momentum_5b = close - close[-5] (pts),2026-06-29,0.9935,944f7204
momentum_5b = close - close[-5] (pts),2026-07-01,0.9884,944f7204
momentum_5b = close - close[-5] (pts),2026-07-02,0.9971,944f7204
momentum_5b = close - close[-5] (pts),2026-07-05,1.0,13efb186
momentum_5b = close - close[-5] (pts),2026-07-06,0.9935,13efb186
momentum_5b = close - close[-5] (pts),2026-07-07,0.9927,13efb186
momentum_5b = close - close[-5] (pts),2026-07-08,0.9906,13efb186
momentum_5b = close - close[-5] (pts),2026-07-09,0.9985,13efb186
momentum_5b = close - close[-5] (pts),2026-07-10,0.9921,13efb186
momentum_5b = close - close[-5] (pts),2026-07-12,0.9832,13efb186
momentum_5b = close - close[-5] (pts),2026-07-13,0.9942,13efb186
momentum_5b = close - close[-5] (pts),2026-07-14,0.9927,13efb186
momentum_5b = close - close[-5] (pts),2026-07-15,0.9891,13efb186
momentum_5b = close - close[-5] (pts),2026-07-16,0.9906,13efb186
momentum_5b = close - close[-5] (pts),2026-07-17,0.9921,f6003b62
momentum_5b = close - close[-5] (pts),2026-07-19,1.0,f6003b62
momentum_5b = close - close[-5] (pts),2026-07-20,0.9942,f6003b62
momentum_5b = close - close[-5] (pts),2026-07-21,0.9949,f6003b62
momentum_5b = close - close[-5] (pts),2026-07-22,0.9913,ed53e566
momentum_5b = close - close[-5] (pts),2026-07-23,0.9927,ed53e566
momentum_5b = close - close[-5] (pts),2026-07-24,0.9944,ed53e566
momentum_5b = close - close[-5] (pts),2026-07-26,1.0,4981d53a
momentum_5b = close - close[-5] (pts),2026-07-27,0.9862,4981d53a
momentum_5b = close - close[-5] (pts),2026-07-28,0.9949,4981d53a
momentum_5b = close - close[-5] (pts),2026-07-29,0.9935,4981d53a
momentum_5b = close - close[-5] (pts),2026-07-30,0.9935,4981d53a
momentum_5b = close - close[-5] (pts),2026-07-31,0.9921,4981d53a
momentum_5b = close - close[-5] (pts),2026-08-04,0.992,1d20af93
momentum_5b = close - close[-5] (pts),2026-08-06,0.9906,feec66f6
momentum_5b = close - close[-5] (pts),2026-08-07,0.9921,287627ed
momentum_5b = close - close[-5] (pts),2026-08-09,0.9916,43f2daf5
momentum_5b = close - close[-5] (pts),2026-08-11,0.9927,78177655
momentum_5b = close - close[-5] (pts),2026-08-12,0.9855,78177655
momentum_5b = close - close[-5] (pts),2026-08-13,0.9811,78177655
momentum_5b = close - close[-5] (pts),2026-08-14,0.9849,78177655
momentum_5b = close - close[-5] (pts),2026-08-16,0.9916,605df903
momentum_5b = close - close[-5] (pts),2026-08-17,0.9811,605df903
momentum_5b = close - close[-5] (pts),2026-08-18,0.9906,605df903
momentum_5b = close - close[-5] (pts),2026-08-19,0.9862,605df903
momentum_5b = close - close[-5] (pts),2026-08-20,0.9949,605df903
momentum_5b = close - close[-5] (pts),2026-08-21,0.9897,605df903
momentum_5b = close - close[-5] (pts),2026-08-23,0.9916,605df903
momentum_5b = close - close[-5] (pts),2026-08-24,0.9927,605df903
momentum_5b = close - close[-5] (pts),2026-08-25,0.9891,605df903
momentum_5b = close - close[-5] (pts),2026-08-26,0.984,605df903
momentum_5b = close - close[-5] (pts),2026-08-27,0.9891,605df903
momentum_5b = close - close[-5] (pts),2026-08-28,0.981,605df903
momentum_5b = close - close[-5] (pts),2026-08-30,0.9832,605df903
momentum_5b = close - close[-5] (pts),2026-08-31,0.9869,605df903
momentum_5b = close - close[-5] (pts),2026-09-01,0.9862,605df903
momentum_5b = close - close[-5] (pts),2026-09-02,0.9869,605df903
momentum_5b = close - close[-5] (pts),2026-09-03,0.9848,605df903
momentum_3b en ticks ?,2026-06-11,0.9801,c43dc080
momentum_3b en ticks ?,2026-06-15,0.9682,114b1ca4
momentum_3b en ticks ?,2026-06-16,0.9732,e7199bc7
momentum_3b en ticks ?,2026-06-17,0.9782,e7199bc7
momentum_3b en ticks ?,2026-06-18,0.9789,e7199bc7
momentum_3b en ticks ?,2026-06-21,0.9832,9238adc1
momentum_3b en ticks ?,2026-06-22,0.9724,9238adc1
momentum_3b en ticks ?,2026-06-23,0.9877,9238adc1
momentum_3b en ticks ?,2026-06-26,0.9881,9238adc1
momentum_3b en ticks ?,2026-06-28,0.9832,944f7204
momentum_3b en ticks ?,2026-06-29,0.9869,944f7204
momentum_3b en ticks ?,2026-07-01,0.9782,944f7204
momentum_3b en ticks ?,2026-07-02,0.9898,944f7204
momentum_3b en ticks ?,2026-07-05,0.9832,13efb186
momentum_3b en ticks ?,2026-07-06,0.9877,13efb186
momentum_3b en ticks ?,2026-07-07,0.9782,13efb186
momentum_3b en ticks ?,2026-07-08,0.9884,13efb186
momentum_3b en ticks ?,2026-07-09,0.984,13efb186
momentum_3b en ticks ?,2026-07-10,0.9754,13efb186
momentum_3b en ticks ?,2026-07-12,0.9916,13efb186
momentum_3b en ticks ?,2026-07-13,0.984,13efb186
momentum_3b en ticks ?,2026-07-14,0.9782,13efb186
momentum_3b en ticks ?,2026-07-15,0.9826,13efb186
momentum_3b en ticks ?,2026-07-16,0.9811,13efb186
momentum_3b en ticks ?,2026-07-17,0.9865,f6003b62
momentum_3b en ticks ?,2026-07-19,0.9916,f6003b62
momentum_3b en ticks ?,2026-07-20,0.9877,f6003b62
momentum_3b en ticks ?,2026-07-21,0.9768,f6003b62
momentum_3b en ticks ?,2026-07-22,0.9782,ed53e566
momentum_3b en ticks ?,2026-07-23,0.9898,ed53e566
momentum_3b en ticks ?,2026-07-24,0.9873,ed53e566
momentum_3b en ticks ?,2026-07-26,0.9916,4981d53a
momentum_3b en ticks ?,2026-07-27,0.979,4981d53a
momentum_3b en ticks ?,2026-07-28,0.9862,4981d53a
momentum_3b en ticks ?,2026-07-29,0.9869,4981d53a
momentum_3b en ticks ?,2026-07-30,0.9848,4981d53a
momentum_3b en ticks ?,2026-07-31,0.9841,4981d53a
momentum_3b en ticks ?,2026-08-04,0.9819,1d20af93
momentum_3b en ticks ?,2026-08-06,0.9826,feec66f6
momentum_3b en ticks ?,2026-08-07,0.9746,287627ed
momentum_3b en ticks ?,2026-08-09,0.958,43f2daf5
momentum_3b en ticks ?,2026-08-11,0.9717,78177655
momentum_3b en ticks ?,2026-08-12,0.9608,78177655
momentum_3b en ticks ?,2026-08-13,0.9543,78177655
momentum_3b en ticks ?,2026-08-14,0.9571,78177655
momentum_3b en ticks ?,2026-08-16,0.916,605df903
momentum_3b en ticks ?,2026-08-17,0.9514,605df903
momentum_3b en ticks ?,2026-08-18,0.9746,605df903
momentum_3b en ticks ?,2026-08-19,0.9782,605df903
momentum_3b en ticks ?,2026-08-20,0.9804,605df903
momentum_3b en ticks ?,2026-08-21,0.9722,605df903
momentum_3b en ticks ?,2026-08-23,0.9664,605df903
momentum_3b en ticks ?,2026-08-24,0.9732,605df903
momentum_3b en ticks ?,2026-08-25,0.9782,605df903
momentum_3b en ticks ?,2026-08-26,0.9746,605df903
momentum_3b en ticks ?,2026-08-27,0.971,605df903
momentum_3b en ticks ?,2026-08-28,0.9667,605df903
momentum_3b en ticks ?,2026-08-30,0.9748,605df903
momentum_3b en ticks ?,2026-08-31,0.9659,605df903
momentum_3b en ticks ?,2026-09-01,0.9701,605df903
momentum_3b en ticks ?,2026-09-02,0.9768,605df903
momentum_3b en ticks ?,2026-09-03,0.9623,605df903
ctx_delta_sum_3 = somme delta 3 barres,2026-06-11,0.0,c43dc080
ctx_delta_sum_3 = somme delta 3 barres,2026-06-15,0.0053,114b1ca4
ctx_delta_sum_3 = somme delta 3 barres,2026-06-16,0.0,e7199bc7
ctx_delta_sum_3 = somme delta 3 barres,2026-06-17,0.0,e7199bc7
ctx_delta_sum_3 = somme delta 3 barres,2026-06-18,0.0044,e7199bc7
ctx_delta_sum_3 = somme delta 3 barres,2026-06-21,0.0,9238adc1
ctx_delta_sum_3 = somme delta 3 barres,2026-06-22,0.0,9238adc1
ctx_delta_sum_3 = somme delta 3 barres,2026-06-23,0.0,9238adc1
ctx_delta_sum_3 = somme delta 3 barres,2026-06-26,0.0016,9238adc1
ctx_delta_sum_3 = somme delta 3 barres,2026-06-28,0.0,944f7204
ctx_delta_sum_3 = somme delta 3 barres,2026-06-29,0.0,944f7204
ctx_delta_sum_3 = somme delta 3 barres,2026-07-01,0.0015,944f7204
ctx_delta_sum_3 = somme delta 3 barres,2026-07-02,0.0,944f7204
ctx_delta_sum_3 = somme delta 3 barres,2026-07-05,0.0,13efb186
ctx_delta_sum_3 = somme delta 3 barres,2026-07-06,0.0,13efb186
ctx_delta_sum_3 = somme delta 3 barres,2026-07-07,0.0,13efb186
ctx_delta_sum_3 = somme delta 3 barres,2026-07-08,0.0,13efb186
ctx_delta_sum_3 = somme delta 3 barres,2026-07-09,0.0,13efb186
ctx_delta_sum_3 = somme delta 3 barres,2026-07-10,0.0,13efb186
ctx_delta_sum_3 = somme delta 3 barres,2026-07-12,0.0,13efb186
ctx_delta_sum_3 = somme delta 3 barres,2026-07-13,0.0,13efb186
ctx_delta_sum_3 = somme delta 3 barres,2026-07-14,0.0,13efb186
ctx_delta_sum_3 = somme delta 3 barres,2026-07-15,0.0,13efb186
ctx_delta_sum_3 = somme delta 3 barres,2026-07-16,0.0,13efb186
ctx_delta_sum_3 = somme delta 3 barres,2026-07-17,0.0,f6003b62
ctx_delta_sum_3 = somme delta 3 barres,2026-07-19,0.0,f6003b62
ctx_delta_sum_3 = somme delta 3 barres,2026-07-20,0.0,f6003b62
ctx_delta_sum_3 = somme delta 3 barres,2026-07-21,0.0,f6003b62
ctx_delta_sum_3 = somme delta 3 barres,2026-07-22,0.0,ed53e566
ctx_delta_sum_3 = somme delta 3 barres,2026-07-23,0.0,ed53e566
ctx_delta_sum_3 = somme delta 3 barres,2026-07-24,0.0,ed53e566
ctx_delta_sum_3 = somme delta 3 barres,2026-07-26,0.0,4981d53a
ctx_delta_sum_3 = somme delta 3 barres,2026-07-27,0.0,4981d53a
ctx_delta_sum_3 = somme delta 3 barres,2026-07-28,0.0015,4981d53a
ctx_delta_sum_3 = somme delta 3 barres,2026-07-29,0.0,4981d53a
ctx_delta_sum_3 = somme delta 3 barres,2026-07-30,0.0,4981d53a
ctx_delta_sum_3 = somme delta 3 barres,2026-07-31,0.0,4981d53a
ctx_delta_sum_3 = somme delta 3 barres,2026-08-04,0.0015,1d20af93
ctx_delta_sum_3 = somme delta 3 barres,2026-08-06,0.0015,feec66f6
ctx_delta_sum_3 = somme delta 3 barres,2026-08-07,0.0,287627ed
ctx_delta_sum_3 = somme delta 3 barres,2026-08-09,0.0,43f2daf5
ctx_delta_sum_3 = somme delta 3 barres,2026-08-11,0.0029,78177655
ctx_delta_sum_3 = somme delta 3 barres,2026-08-12,0.0,78177655
ctx_delta_sum_3 = somme delta 3 barres,2026-08-13,0.0,78177655
ctx_delta_sum_3 = somme delta 3 barres,2026-08-14,0.0,78177655
ctx_delta_sum_3 = somme delta 3 barres,2026-08-16,0.0,605df903
ctx_delta_sum_3 = somme delta 3 barres,2026-08-17,0.0015,605df903
ctx_delta_sum_3 = somme delta 3 barres,2026-08-18,0.0,605df903
ctx_delta_sum_3 = somme delta 3 barres,2026-08-19,0.0,605df903
ctx_delta_sum_3 = somme delta 3 barres,2026-08-20,0.0,605df903
ctx_delta_sum_3 = somme delta 3 barres,2026-08-21,0.0,605df903
ctx_delta_sum_3 = somme delta 3 barres,2026-08-23,0.0,605df903
ctx_delta_sum_3 = somme delta 3 barres,2026-08-24,0.0,605df903
ctx_delta_sum_3 = somme delta 3 barres,2026-08-25,0.0,605df903
ctx_delta_sum_3 = somme delta 3 barres,2026-08-26,0.0,605df903
ctx_delta_sum_3 = somme delta 3 barres,2026-08-27,0.0,605df903
ctx_delta_sum_3 = somme delta 3 barres,2026-08-28,0.0,605df903
ctx_delta_sum_3 = somme delta 3 barres,2026-08-30,0.0,605df903
ctx_delta_sum_3 = somme delta 3 barres,2026-08-31,0.0,605df903
ctx_delta_sum_3 = somme delta 3 barres,2026-09-01,0.0029,605df903
ctx_delta_sum_3 = somme delta 3 barres,2026-09-02,0.0015,605df903
ctx_delta_sum_3 = somme delta 3 barres,2026-09-03,0.0,605df903
ctx_delta_sum_10 = somme delta 10 barres,2026-06-11,0.0034,c43dc080
ctx_delta_sum_10 = somme delta 10 barres,2026-06-15,0.0288,114b1ca4
ctx_delta_sum_10 = somme delta 10 barres,2026-06-16,0.0065,e7199bc7
ctx_delta_sum_10 = somme delta 10 barres,2026-06-17,0.0065,e7199bc7
ctx_delta_sum_10 = somme delta 10 barres,2026-06-18,0.0218,e7199bc7
ctx_delta_sum_10 = somme delta 10 barres,2026-06-21,0.0672,9238adc1
ctx_delta_sum_10 = somme delta 10 barres,2026-06-22,0.0065,9238adc1
ctx_delta_sum_10 = somme delta 10 barres,2026-06-23,0.0065,9238adc1
ctx_delta_sum_10 = somme delta 10 barres,2026-06-26,0.0071,9238adc1
ctx_delta_sum_10 = somme delta 10 barres,2026-06-28,0.0756,944f7204
ctx_delta_sum_10 = somme delta 10 barres,2026-06-29,0.0065,944f7204
ctx_delta_sum_10 = somme delta 10 barres,2026-07-01,0.0131,944f7204
ctx_delta_sum_10 = somme delta 10 barres,2026-07-02,0.0065,944f7204
ctx_delta_sum_10 = somme delta 10 barres,2026-07-05,0.0672,13efb186
ctx_delta_sum_10 = somme delta 10 barres,2026-07-06,0.0058,13efb186
ctx_delta_sum_10 = somme delta 10 barres,2026-07-07,0.0065,13efb186
ctx_delta_sum_10 = somme delta 10 barres,2026-07-08,0.0065,13efb186
ctx_delta_sum_10 = somme delta 10 barres,2026-07-09,0.0065,13efb186
ctx_delta_sum_10 = somme delta 10 barres,2026-07-10,0.0,13efb186
ctx_delta_sum_10 = somme delta 10 barres,2026-07-12,0.0756,13efb186
ctx_delta_sum_10 = somme delta 10 barres,2026-07-13,0.0065,13efb186
ctx_delta_sum_10 = somme delta 10 barres,2026-07-14,0.0065,13efb186
ctx_delta_sum_10 = somme delta 10 barres,2026-07-15,0.0058,13efb186
ctx_delta_sum_10 = somme delta 10 barres,2026-07-16,0.0065,13efb186
ctx_delta_sum_10 = somme delta 10 barres,2026-07-17,0.0,f6003b62
ctx_delta_sum_10 = somme delta 10 barres,2026-07-19,0.0672,f6003b62
ctx_delta_sum_10 = somme delta 10 barres,2026-07-20,0.0065,f6003b62
ctx_delta_sum_10 = somme delta 10 barres,2026-07-21,0.0065,f6003b62
ctx_delta_sum_10 = somme delta 10 barres,2026-07-22,0.0065,ed53e566
ctx_delta_sum_10 = somme delta 10 barres,2026-07-23,0.0065,ed53e566
ctx_delta_sum_10 = somme delta 10 barres,2026-07-24,0.0,ed53e566
ctx_delta_sum_10 = somme delta 10 barres,2026-07-26,0.0756,4981d53a
ctx_delta_sum_10 = somme delta 10 barres,2026-07-27,0.0065,4981d53a
ctx_delta_sum_10 = somme delta 10 barres,2026-07-28,0.0131,4981d53a
ctx_delta_sum_10 = somme delta 10 barres,2026-07-29,0.0065,4981d53a
ctx_delta_sum_10 = somme delta 10 barres,2026-07-30,0.0065,4981d53a
ctx_delta_sum_10 = somme delta 10 barres,2026-07-31,0.0,4981d53a
ctx_delta_sum_10 = somme delta 10 barres,2026-08-04,0.0131,1d20af93
ctx_delta_sum_10 = somme delta 10 barres,2026-08-06,0.0131,feec66f6
ctx_delta_sum_10 = somme delta 10 barres,2026-08-07,0.0,287627ed
ctx_delta_sum_10 = somme delta 10 barres,2026-08-09,0.0756,43f2daf5
ctx_delta_sum_10 = somme delta 10 barres,2026-08-11,0.0189,78177655
ctx_delta_sum_10 = somme delta 10 barres,2026-08-12,0.0065,78177655
ctx_delta_sum_10 = somme delta 10 barres,2026-08-13,0.0065,78177655
ctx_delta_sum_10 = somme delta 10 barres,2026-08-14,0.0,78177655
ctx_delta_sum_10 = somme delta 10 barres,2026-08-16,0.0756,605df903
ctx_delta_sum_10 = somme delta 10 barres,2026-08-17,0.0123,605df903
ctx_delta_sum_10 = somme delta 10 barres,2026-08-18,0.0065,605df903
ctx_delta_sum_10 = somme delta 10 barres,2026-08-19,0.0065,605df903
ctx_delta_sum_10 = somme delta 10 barres,2026-08-20,0.0065,605df903
ctx_delta_sum_10 = somme delta 10 barres,2026-08-21,0.0,605df903
ctx_delta_sum_10 = somme delta 10 barres,2026-08-23,0.0756,605df903
ctx_delta_sum_10 = somme delta 10 barres,2026-08-24,0.0065,605df903
ctx_delta_sum_10 = somme delta 10 barres,2026-08-25,0.0065,605df903
ctx_delta_sum_10 = somme delta 10 barres,2026-08-26,0.0065,605df903
ctx_delta_sum_10 = somme delta 10 barres,2026-08-27,0.0065,605df903
ctx_delta_sum_10 = somme delta 10 barres,2026-08-28,0.0,605df903
ctx_delta_sum_10 = somme delta 10 barres,2026-08-30,0.0756,605df903
ctx_delta_sum_10 = somme delta 10 barres,2026-08-31,0.0065,605df903
ctx_delta_sum_10 = somme delta 10 barres,2026-09-01,0.0146,605df903
ctx_delta_sum_10 = somme delta 10 barres,2026-09-02,0.0131,605df903
ctx_delta_sum_10 = somme delta 10 barres,2026-09-03,0.0058,605df903
ctx_price_slope_5 = close - close[-5],2026-06-11,0.9933,c43dc080
ctx_price_slope_5 = close - close[-5],2026-06-15,0.9514,114b1ca4
ctx_price_slope_5 = close - close[-5],2026-06-16,0.968,e7199bc7
ctx_price_slope_5 = close - close[-5],2026-06-17,0.9695,e7199bc7
ctx_price_slope_5 = close - close[-5],2026-06-18,0.9628,e7199bc7
ctx_price_slope_5 = close - close[-5],2026-06-21,0.9826,9238adc1
ctx_price_slope_5 = close - close[-5],2026-06-22,0.9549,9238adc1
ctx_price_slope_5 = close - close[-5],2026-06-23,0.9789,9238adc1
ctx_price_slope_5 = close - close[-5],2026-06-26,0.9794,9238adc1
ctx_price_slope_5 = close - close[-5],2026-06-28,0.9913,944f7204
ctx_price_slope_5 = close - close[-5],2026-06-29,0.9724,944f7204
ctx_price_slope_5 = close - close[-5],2026-07-01,0.9716,944f7204
ctx_price_slope_5 = close - close[-5],2026-07-02,0.9796,944f7204
ctx_price_slope_5 = close - close[-5],2026-07-05,0.9652,13efb186
ctx_price_slope_5 = close - close[-5],2026-07-06,0.9695,13efb186
ctx_price_slope_5 = close - close[-5],2026-07-07,0.9665,13efb186
ctx_price_slope_5 = close - close[-5],2026-07-08,0.9767,13efb186
ctx_price_slope_5 = close - close[-5],2026-07-09,0.9709,13efb186
ctx_price_slope_5 = close - close[-5],2026-07-10,0.9579,13efb186
ctx_price_slope_5 = close - close[-5],2026-07-12,0.9565,13efb186
ctx_price_slope_5 = close - close[-5],2026-07-13,0.9709,13efb186
ctx_price_slope_5 = close - close[-5],2026-07-14,0.9709,13efb186
ctx_price_slope_5 = close - close[-5],2026-07-15,0.9622,13efb186
ctx_price_slope_5 = close - close[-5],2026-07-16,0.968,13efb186
ctx_price_slope_5 = close - close[-5],2026-07-17,0.9794,f6003b62
ctx_price_slope_5 = close - close[-5],2026-07-19,0.9826,f6003b62
ctx_price_slope_5 = close - close[-5],2026-07-20,0.9796,f6003b62
ctx_price_slope_5 = close - close[-5],2026-07-21,0.9629,f6003b62
ctx_price_slope_5 = close - close[-5],2026-07-22,0.9782,ed53e566
ctx_price_slope_5 = close - close[-5],2026-07-23,0.968,ed53e566
ctx_price_slope_5 = close - close[-5],2026-07-24,0.9802,ed53e566
ctx_price_slope_5 = close - close[-5],2026-07-26,0.9826,4981d53a
ctx_price_slope_5 = close - close[-5],2026-07-27,0.9607,4981d53a
ctx_price_slope_5 = close - close[-5],2026-07-28,0.9782,4981d53a
ctx_price_slope_5 = close - close[-5],2026-07-29,0.9804,4981d53a
ctx_price_slope_5 = close - close[-5],2026-07-30,0.9775,4981d53a
ctx_price_slope_5 = close - close[-5],2026-07-31,0.9746,4981d53a
ctx_price_slope_5 = close - close[-5],2026-08-04,0.9695,1d20af93
ctx_price_slope_5 = close - close[-5],2026-08-06,0.9775,feec66f6
ctx_price_slope_5 = close - close[-5],2026-08-07,0.9627,287627ed
ctx_price_slope_5 = close - close[-5],2026-08-09,0.9304,43f2daf5
ctx_price_slope_5 = close - close[-5],2026-08-11,0.9455,78177655
ctx_price_slope_5 = close - close[-5],2026-08-12,0.9418,78177655
ctx_price_slope_5 = close - close[-5],2026-08-13,0.9396,78177655
ctx_price_slope_5 = close - close[-5],2026-08-14,0.9373,78177655
ctx_price_slope_5 = close - close[-5],2026-08-16,0.8957,605df903
ctx_price_slope_5 = close - close[-5],2026-08-17,0.9265,605df903
ctx_price_slope_5 = close - close[-5],2026-08-18,0.9702,605df903
ctx_price_slope_5 = close - close[-5],2026-08-19,0.9651,605df903
ctx_price_slope_5 = close - close[-5],2026-08-20,0.9593,605df903
ctx_price_slope_5 = close - close[-5],2026-08-21,0.9627,605df903
ctx_price_slope_5 = close - close[-5],2026-08-23,0.9478,605df903
ctx_price_slope_5 = close - close[-5],2026-08-24,0.9607,605df903
ctx_price_slope_5 = close - close[-5],2026-08-25,0.9578,605df903
ctx_price_slope_5 = close - close[-5],2026-08-26,0.9636,605df903
ctx_price_slope_5 = close - close[-5],2026-08-27,0.9462,605df903
ctx_price_slope_5 = close - close[-5],2026-08-28,0.9516,605df903
ctx_price_slope_5 = close - close[-5],2026-08-30,0.9826,605df903
ctx_price_slope_5 = close - close[-5],2026-08-31,0.9345,605df903
ctx_price_slope_5 = close - close[-5],2026-09-01,0.9591,605df903
ctx_price_slope_5 = close - close[-5],2026-09-02,0.9534,605df903
ctx_price_slope_5 = close - close[-5],2026-09-03,0.9491,605df903
atr_14m_pct = atr_14m*tick/close*100,2026-06-11,0.0,c43dc080
atr_14m_pct = atr_14m*tick/close*100,2026-06-15,0.0,114b1ca4
atr_14m_pct = atr_14m*tick/close*100,2026-06-16,0.0,e7199bc7
atr_14m_pct = atr_14m*tick/close*100,2026-06-17,0.0,e7199bc7
atr_14m_pct = atr_14m*tick/close*100,2026-06-18,0.0,e7199bc7
atr_14m_pct = atr_14m*tick/close*100,2026-06-21,0.0,9238adc1
atr_14m_pct = atr_14m*tick/close*100,2026-06-22,0.0,9238adc1
atr_14m_pct = atr_14m*tick/close*100,2026-06-23,0.0,9238adc1
atr_14m_pct = atr_14m*tick/close*100,2026-06-26,0.0,9238adc1
atr_14m_pct = atr_14m*tick/close*100,2026-06-28,0.0,944f7204
atr_14m_pct = atr_14m*tick/close*100,2026-06-29,0.0,944f7204
atr_14m_pct = atr_14m*tick/close*100,2026-07-01,0.0,944f7204
atr_14m_pct = atr_14m*tick/close*100,2026-07-02,0.0,944f7204
atr_14m_pct = atr_14m*tick/close*100,2026-07-05,0.0,13efb186
atr_14m_pct = atr_14m*tick/close*100,2026-07-06,0.0,13efb186
atr_14m_pct = atr_14m*tick/close*100,2026-07-07,0.0,13efb186
atr_14m_pct = atr_14m*tick/close*100,2026-07-08,0.0,13efb186
atr_14m_pct = atr_14m*tick/close*100,2026-07-09,0.0,13efb186
atr_14m_pct = atr_14m*tick/close*100,2026-07-10,0.0,13efb186
atr_14m_pct = atr_14m*tick/close*100,2026-07-12,0.0,13efb186
atr_14m_pct = atr_14m*tick/close*100,2026-07-13,0.0,13efb186
atr_14m_pct = atr_14m*tick/close*100,2026-07-14,0.0,13efb186
atr_14m_pct = atr_14m*tick/close*100,2026-07-15,0.0,13efb186
atr_14m_pct = atr_14m*tick/close*100,2026-07-16,0.0,13efb186
atr_14m_pct = atr_14m*tick/close*100,2026-07-17,0.0,f6003b62
atr_14m_pct = atr_14m*tick/close*100,2026-07-19,0.0,f6003b62
atr_14m_pct = atr_14m*tick/close*100,2026-07-20,0.0,f6003b62
atr_14m_pct = atr_14m*tick/close*100,2026-07-21,0.0,f6003b62
atr_14m_pct = atr_14m*tick/close*100,2026-07-22,0.0,ed53e566
atr_14m_pct = atr_14m*tick/close*100,2026-07-23,0.0,ed53e566
atr_14m_pct = atr_14m*tick/close*100,2026-07-24,0.0,ed53e566
atr_14m_pct = atr_14m*tick/close*100,2026-07-26,0.0,4981d53a
atr_14m_pct = atr_14m*tick/close*100,2026-07-27,0.0,4981d53a
atr_14m_pct = atr_14m*tick/close*100,2026-07-28,0.0,4981d53a
atr_14m_pct = atr_14m*tick/close*100,2026-07-29,0.0,4981d53a
atr_14m_pct = atr_14m*tick/close*100,2026-07-30,0.0,4981d53a
atr_14m_pct = atr_14m*tick/close*100,2026-07-31,0.0,4981d53a
atr_14m_pct = atr_14m*tick/close*100,2026-08-04,0.0,1d20af93
atr_14m_pct = atr_14m*tick/close*100,2026-08-06,0.0,feec66f6
atr_14m_pct = atr_14m*tick/close*100,2026-08-07,0.0,287627ed
atr_14m_pct = atr_14m*tick/close*100,2026-08-09,0.0,43f2daf5
atr_14m_pct = atr_14m*tick/close*100,2026-08-11,0.0,78177655
atr_14m_pct = atr_14m*tick/close*100,2026-08-12,0.0,78177655
atr_14m_pct = atr_14m*tick/close*100,2026-08-13,0.0,78177655
atr_14m_pct = atr_14m*tick/close*100,2026-08-14,0.0,78177655
atr_14m_pct = atr_14m*tick/close*100,2026-08-16,0.0,605df903
atr_14m_pct = atr_14m*tick/close*100,2026-08-17,0.0,605df903
atr_14m_pct = atr_14m*tick/close*100,2026-08-18,0.0,605df903
atr_14m_pct = atr_14m*tick/close*100,2026-08-19,0.0,605df903
atr_14m_pct = atr_14m*tick/close*100,2026-08-20,0.0,605df903
atr_14m_pct = atr_14m*tick/close*100,2026-08-21,0.0,605df903
atr_14m_pct = atr_14m*tick/close*100,2026-08-23,0.0,605df903
atr_14m_pct = atr_14m*tick/close*100,2026-08-24,0.0,605df903
atr_14m_pct = atr_14m*tick/close*100,2026-08-25,0.0,605df903
atr_14m_pct = atr_14m*tick/close*100,2026-08-26,0.0,605df903
atr_14m_pct = atr_14m*tick/close*100,2026-08-27,0.0,605df903
atr_14m_pct = atr_14m*tick/close*100,2026-08-28,0.0,605df903
atr_14m_pct = atr_14m*tick/close*100,2026-08-30,0.0,605df903
atr_14m_pct = atr_14m*tick/close*100,2026-08-31,0.0,605df903
atr_14m_pct = atr_14m*tick/close*100,2026-09-01,0.0,605df903
atr_14m_pct = atr_14m*tick/close*100,2026-09-02,0.0,605df903
atr_14m_pct = atr_14m*tick/close*100,2026-09-03,0.0,605df903
vol_per_sec = total_vol/bar_duration,2026-06-11,0.0,c43dc080
vol_per_sec = total_vol/bar_duration,2026-06-15,0.0,114b1ca4
vol_per_sec = total_vol/bar_duration,2026-06-16,0.0,e7199bc7
vol_per_sec = total_vol/bar_duration,2026-06-17,0.0,e7199bc7
vol_per_sec = total_vol/bar_duration,2026-06-18,0.0,e7199bc7
vol_per_sec = total_vol/bar_duration,2026-06-21,0.0,9238adc1
vol_per_sec = total_vol/bar_duration,2026-06-22,0.0,9238adc1
vol_per_sec = total_vol/bar_duration,2026-06-23,0.0,9238adc1
vol_per_sec = total_vol/bar_duration,2026-06-26,0.0,9238adc1
vol_per_sec = total_vol/bar_duration,2026-06-28,0.0,944f7204
vol_per_sec = total_vol/bar_duration,2026-06-29,0.0,944f7204
vol_per_sec = total_vol/bar_duration,2026-07-01,0.0,944f7204
vol_per_sec = total_vol/bar_duration,2026-07-02,0.0,944f7204
vol_per_sec = total_vol/bar_duration,2026-07-05,0.0,13efb186
vol_per_sec = total_vol/bar_duration,2026-07-06,0.0,13efb186
vol_per_sec = total_vol/bar_duration,2026-07-07,0.0,13efb186
vol_per_sec = total_vol/bar_duration,2026-07-08,0.0,13efb186
vol_per_sec = total_vol/bar_duration,2026-07-09,0.0,13efb186
vol_per_sec = total_vol/bar_duration,2026-07-10,0.0,13efb186
vol_per_sec = total_vol/bar_duration,2026-07-12,0.0,13efb186
vol_per_sec = total_vol/bar_duration,2026-07-13,0.0,13efb186
vol_per_sec = total_vol/bar_duration,2026-07-14,0.0,13efb186
vol_per_sec = total_vol/bar_duration,2026-07-15,0.0,13efb186
vol_per_sec = total_vol/bar_duration,2026-07-16,0.0,13efb186
vol_per_sec = total_vol/bar_duration,2026-07-17,0.0,f6003b62
vol_per_sec = total_vol/bar_duration,2026-07-19,0.0,f6003b62
vol_per_sec = total_vol/bar_duration,2026-07-20,0.0,f6003b62
vol_per_sec = total_vol/bar_duration,2026-07-21,0.0,f6003b62
vol_per_sec = total_vol/bar_duration,2026-07-22,0.0,ed53e566
vol_per_sec = total_vol/bar_duration,2026-07-23,0.0,ed53e566
vol_per_sec = total_vol/bar_duration,2026-07-24,0.0,ed53e566
vol_per_sec = total_vol/bar_duration,2026-07-26,0.0,4981d53a
vol_per_sec = total_vol/bar_duration,2026-07-27,0.0,4981d53a
vol_per_sec = total_vol/bar_duration,2026-07-28,0.0,4981d53a
vol_per_sec = total_vol/bar_duration,2026-07-29,0.0,4981d53a
vol_per_sec = total_vol/bar_duration,2026-07-30,0.0,4981d53a
vol_per_sec = total_vol/bar_duration,2026-07-31,0.0,4981d53a
vol_per_sec = total_vol/bar_duration,2026-08-04,0.0,1d20af93
vol_per_sec = total_vol/bar_duration,2026-08-06,0.0,feec66f6
vol_per_sec = total_vol/bar_duration,2026-08-07,0.0,287627ed
vol_per_sec = total_vol/bar_duration,2026-08-09,0.0,43f2daf5
vol_per_sec = total_vol/bar_duration,2026-08-11,0.0,78177655
vol_per_sec = total_vol/bar_duration,2026-08-12,0.0,78177655
vol_per_sec = total_vol/bar_duration,2026-08-13,0.0,78177655
vol_per_sec = total_vol/bar_duration,2026-08-14,0.0,78177655
vol_per_sec = total_vol/bar_duration,2026-08-16,0.0,605df903
vol_per_sec = total_vol/bar_duration,2026-08-17,0.0,605df903
vol_per_sec = total_vol/bar_duration,2026-08-18,0.0,605df903
vol_per_sec = total_vol/bar_duration,2026-08-19,0.0,605df903
vol_per_sec = total_vol/bar_duration,2026-08-20,0.0,605df903
vol_per_sec = total_vol/bar_duration,2026-08-21,0.0,605df903
vol_per_sec = total_vol/bar_duration,2026-08-23,0.0,605df903
vol_per_sec = total_vol/bar_duration,2026-08-24,0.0,605df903
vol_per_sec = total_vol/bar_duration,2026-08-25,0.0,605df903
vol_per_sec = total_vol/bar_duration,2026-08-26,0.0,605df903
vol_per_sec = total_vol/bar_duration,2026-08-27,0.0,605df903
vol_per_sec = total_vol/bar_duration,2026-08-28,0.0,605df903
vol_per_sec = total_vol/bar_duration,2026-08-30,0.0,605df903
vol_per_sec = total_vol/bar_duration,2026-08-31,0.0,605df903
vol_per_sec = total_vol/bar_duration,2026-09-01,0.0,605df903
vol_per_sec = total_vol/bar_duration,2026-09-02,0.0,605df903
vol_per_sec = total_vol/bar_duration,2026-09-03,0.0,605df903
"finish_delta_pct dans [0,1]",2026-06-11,0.0,c43dc080
"finish_delta_pct dans [0,1]",2026-06-15,0.0,114b1ca4
"finish_delta_pct dans [0,1]",2026-06-16,0.0,e7199bc7
"finish_delta_pct dans [0,1]",2026-06-17,0.0,e7199bc7
"finish_delta_pct dans [0,1]",2026-06-18,0.0,e7199bc7
"finish_delta_pct dans [0,1]",2026-06-21,0.0,9238adc1
"finish_delta_pct dans [0,1]",2026-06-22,0.0,9238adc1
"finish_delta_pct dans [0,1]",2026-06-23,0.0,9238adc1
"finish_delta_pct dans [0,1]",2026-06-26,0.0,9238adc1
"finish_delta_pct dans [0,1]",2026-06-28,0.0,944f7204
"finish_delta_pct dans [0,1]",2026-06-29,0.0,944f7204
"finish_delta_pct dans [0,1]",2026-07-01,0.0,944f7204
"finish_delta_pct dans [0,1]",2026-07-02,0.0,944f7204
"finish_delta_pct dans [0,1]",2026-07-05,0.0,13efb186
"finish_delta_pct dans [0,1]",2026-07-06,0.0,13efb186
"finish_delta_pct dans [0,1]",2026-07-07,0.0,13efb186
"finish_delta_pct dans [0,1]",2026-07-08,0.0,13efb186
"finish_delta_pct dans [0,1]",2026-07-09,0.0,13efb186
"finish_delta_pct dans [0,1]",2026-07-10,0.0,13efb186
"finish_delta_pct dans [0,1]",2026-07-12,0.0,13efb186
"finish_delta_pct dans [0,1]",2026-07-13,0.0,13efb186
"finish_delta_pct dans [0,1]",2026-07-14,0.0,13efb186
"finish_delta_pct dans [0,1]",2026-07-15,0.0,13efb186
"finish_delta_pct dans [0,1]",2026-07-16,0.0,13efb186
"finish_delta_pct dans [0,1]",2026-07-17,0.0,f6003b62
"finish_delta_pct dans [0,1]",2026-07-19,0.0,f6003b62
"finish_delta_pct dans [0,1]",2026-07-20,0.0,f6003b62
"finish_delta_pct dans [0,1]",2026-07-21,0.0,f6003b62
"finish_delta_pct dans [0,1]",2026-07-22,0.0,ed53e566
"finish_delta_pct dans [0,1]",2026-07-23,0.0,ed53e566
"finish_delta_pct dans [0,1]",2026-07-24,0.0,ed53e566
"finish_delta_pct dans [0,1]",2026-07-26,0.0,4981d53a
"finish_delta_pct dans [0,1]",2026-07-27,0.0,4981d53a
"finish_delta_pct dans [0,1]",2026-07-28,0.0,4981d53a
"finish_delta_pct dans [0,1]",2026-07-29,0.0,4981d53a
"finish_delta_pct dans [0,1]",2026-07-30,0.0,4981d53a
"finish_delta_pct dans [0,1]",2026-07-31,0.0,4981d53a
"finish_delta_pct dans [0,1]",2026-08-04,0.0,1d20af93
"finish_delta_pct dans [0,1]",2026-08-06,0.0,feec66f6
"finish_delta_pct dans [0,1]",2026-08-07,0.0,287627ed
"finish_delta_pct dans [0,1]",2026-08-09,0.0,43f2daf5
"finish_delta_pct dans [0,1]",2026-08-11,0.0,78177655
"finish_delta_pct dans [0,1]",2026-08-12,0.0,78177655
"finish_delta_pct dans [0,1]",2026-08-13,0.0,78177655
"finish_delta_pct dans [0,1]",2026-08-14,0.0,78177655
"finish_delta_pct dans [0,1]",2026-08-16,0.0,605df903
"finish_delta_pct dans [0,1]",2026-08-17,0.0,605df903
"finish_delta_pct dans [0,1]",2026-08-18,0.0,605df903
"finish_delta_pct dans [0,1]",2026-08-19,0.0,605df903
"finish_delta_pct dans [0,1]",2026-08-20,0.0,605df903
"finish_delta_pct dans [0,1]",2026-08-21,0.0,605df903
"finish_delta_pct dans [0,1]",2026-08-23,0.0,605df903
"finish_delta_pct dans [0,1]",2026-08-24,0.0,605df903
"finish_delta_pct dans [0,1]",2026-08-25,0.0,605df903
"finish_delta_pct dans [0,1]",2026-08-26,0.0,605df903
"finish_delta_pct dans [0,1]",2026-08-27,0.0,605df903
"finish_delta_pct dans [0,1]",2026-08-28,0.0,605df903
"finish_delta_pct dans [0,1]",2026-08-30,0.0,605df903
"finish_delta_pct dans [0,1]",2026-08-31,0.0,605df903
"finish_delta_pct dans [0,1]",2026-09-01,0.0,605df903
"finish_delta_pct dans [0,1]",2026-09-02,0.0,605df903
"finish_delta_pct dans [0,1]",2026-09-03,0.0,605df903
dist_1d_max_ticks = (pdh - close)/tick ?,2026-06-11,1.0,c43dc080
dist_1d_max_ticks = (pdh - close)/tick ?,2026-06-15,1.0,114b1ca4
dist_1d_max_ticks = (pdh - close)/tick ?,2026-06-16,1.0,e7199bc7
dist_1d_max_ticks = (pdh - close)/tick ?,2026-06-17,1.0,e7199bc7
dist_1d_max_ticks = (pdh - close)/tick ?,2026-06-18,1.0,e7199bc7
dist_1d_max_ticks = (pdh - close)/tick ?,2026-06-21,1.0,9238adc1
dist_1d_max_ticks = (pdh - close)/tick ?,2026-06-22,1.0,9238adc1
dist_1d_max_ticks = (pdh - close)/tick ?,2026-06-23,1.0,9238adc1
dist_1d_max_ticks = (pdh - close)/tick ?,2026-06-26,1.0,9238adc1
dist_1d_max_ticks = (pdh - close)/tick ?,2026-06-28,1.0,944f7204
dist_1d_max_ticks = (pdh - close)/tick ?,2026-06-29,1.0,944f7204
dist_1d_max_ticks = (pdh - close)/tick ?,2026-07-01,1.0,944f7204
dist_1d_max_ticks = (pdh - close)/tick ?,2026-07-02,1.0,944f7204
dist_1d_max_ticks = (pdh - close)/tick ?,2026-07-05,1.0,13efb186
dist_1d_max_ticks = (pdh - close)/tick ?,2026-07-06,1.0,13efb186
dist_1d_max_ticks = (pdh - close)/tick ?,2026-07-07,1.0,13efb186
dist_1d_max_ticks = (pdh - close)/tick ?,2026-07-08,1.0,13efb186
dist_1d_max_ticks = (pdh - close)/tick ?,2026-07-09,1.0,13efb186
dist_1d_max_ticks = (pdh - close)/tick ?,2026-07-10,1.0,13efb186
dist_1d_max_ticks = (pdh - close)/tick ?,2026-07-12,1.0,13efb186
dist_1d_max_ticks = (pdh - close)/tick ?,2026-07-13,1.0,13efb186
dist_1d_max_ticks = (pdh - close)/tick ?,2026-07-14,1.0,13efb186
dist_1d_max_ticks = (pdh - close)/tick ?,2026-07-15,1.0,13efb186
dist_1d_max_ticks = (pdh - close)/tick ?,2026-07-16,1.0,13efb186
dist_1d_max_ticks = (pdh - close)/tick ?,2026-07-17,1.0,f6003b62
dist_1d_max_ticks = (pdh - close)/tick ?,2026-07-19,1.0,f6003b62
dist_1d_max_ticks = (pdh - close)/tick ?,2026-07-20,1.0,f6003b62
dist_1d_max_ticks = (pdh - close)/tick ?,2026-07-21,1.0,f6003b62
dist_1d_max_ticks = (pdh - close)/tick ?,2026-07-22,1.0,ed53e566
dist_1d_max_ticks = (pdh - close)/tick ?,2026-07-23,1.0,ed53e566
dist_1d_max_ticks = (pdh - close)/tick ?,2026-07-24,1.0,ed53e566
dist_1d_max_ticks = (pdh - close)/tick ?,2026-07-26,1.0,4981d53a
dist_1d_max_ticks = (pdh - close)/tick ?,2026-07-27,1.0,4981d53a
dist_1d_max_ticks = (pdh - close)/tick ?,2026-07-28,1.0,4981d53a
dist_1d_max_ticks = (pdh - close)/tick ?,2026-07-29,1.0,4981d53a
dist_1d_max_ticks = (pdh - close)/tick ?,2026-07-30,1.0,4981d53a
dist_1d_max_ticks = (pdh - close)/tick ?,2026-07-31,1.0,4981d53a
dist_1d_max_ticks = (pdh - close)/tick ?,2026-08-04,1.0,1d20af93
dist_1d_max_ticks = (pdh - close)/tick ?,2026-08-06,1.0,feec66f6
dist_1d_max_ticks = (pdh - close)/tick ?,2026-08-07,1.0,287627ed
dist_1d_max_ticks = (pdh - close)/tick ?,2026-08-09,1.0,43f2daf5
dist_1d_max_ticks = (pdh - close)/tick ?,2026-08-11,1.0,78177655
dist_1d_max_ticks = (pdh - close)/tick ?,2026-08-12,1.0,78177655
dist_1d_max_ticks = (pdh - close)/tick ?,2026-08-13,1.0,78177655
dist_1d_max_ticks = (pdh - close)/tick ?,2026-08-14,1.0,78177655
dist_1d_max_ticks = (pdh - close)/tick ?,2026-08-16,1.0,605df903
dist_1d_max_ticks = (pdh - close)/tick ?,2026-08-17,1.0,605df903
dist_1d_max_ticks = (pdh - close)/tick ?,2026-08-18,1.0,605df903
dist_1d_max_ticks = (pdh - close)/tick ?,2026-08-19,1.0,605df903
dist_1d_max_ticks = (pdh - close)/tick ?,2026-08-20,1.0,605df903
dist_1d_max_ticks = (pdh - close)/tick ?,2026-08-21,1.0,605df903
dist_1d_max_ticks = (pdh - close)/tick ?,2026-08-23,1.0,605df903
dist_1d_max_ticks = (pdh - close)/tick ?,2026-08-24,1.0,605df903
dist_1d_max_ticks = (pdh - close)/tick ?,2026-08-25,1.0,605df903
dist_1d_max_ticks = (pdh - close)/tick ?,2026-08-26,1.0,605df903
dist_1d_max_ticks = (pdh - close)/tick ?,2026-08-27,1.0,605df903
dist_1d_max_ticks = (pdh - close)/tick ?,2026-08-28,1.0,605df903
dist_1d_max_ticks = (pdh - close)/tick ?,2026-08-30,1.0,605df903
dist_1d_max_ticks = (pdh - close)/tick ?,2026-08-31,1.0,605df903
dist_1d_max_ticks = (pdh - close)/tick ?,2026-09-01,1.0,605df903
dist_1d_max_ticks = (pdh - close)/tick ?,2026-09-02,1.0,605df903
dist_1d_max_ticks = (pdh - close)/tick ?,2026-09-03,1.0,605df903
dist_1d_max_ticks = (pdh-close)/atr_14m ?,2026-06-11,1.0,c43dc080
dist_1d_max_ticks = (pdh-close)/atr_14m ?,2026-06-15,1.0,114b1ca4
dist_1d_max_ticks = (pdh-close)/atr_14m ?,2026-06-16,1.0,e7199bc7
dist_1d_max_ticks = (pdh-close)/atr_14m ?,2026-06-17,1.0,e7199bc7
dist_1d_max_ticks = (pdh-close)/atr_14m ?,2026-06-18,1.0,e7199bc7
dist_1d_max_ticks = (pdh-close)/atr_14m ?,2026-06-21,1.0,9238adc1
dist_1d_max_ticks = (pdh-close)/atr_14m ?,2026-06-22,1.0,9238adc1
dist_1d_max_ticks = (pdh-close)/atr_14m ?,2026-06-23,1.0,9238adc1
dist_1d_max_ticks = (pdh-close)/atr_14m ?,2026-06-26,1.0,9238adc1
dist_1d_max_ticks = (pdh-close)/atr_14m ?,2026-06-28,1.0,944f7204
dist_1d_max_ticks = (pdh-close)/atr_14m ?,2026-06-29,1.0,944f7204
dist_1d_max_ticks = (pdh-close)/atr_14m ?,2026-07-01,1.0,944f7204
dist_1d_max_ticks = (pdh-close)/atr_14m ?,2026-07-02,1.0,944f7204
dist_1d_max_ticks = (pdh-close)/atr_14m ?,2026-07-05,1.0,13efb186
dist_1d_max_ticks = (pdh-close)/atr_14m ?,2026-07-06,1.0,13efb186
dist_1d_max_ticks = (pdh-close)/atr_14m ?,2026-07-07,1.0,13efb186
dist_1d_max_ticks = (pdh-close)/atr_14m ?,2026-07-08,1.0,13efb186
dist_1d_max_ticks = (pdh-close)/atr_14m ?,2026-07-09,1.0,13efb186
dist_1d_max_ticks = (pdh-close)/atr_14m ?,2026-07-10,1.0,13efb186
dist_1d_max_ticks = (pdh-close)/atr_14m ?,2026-07-12,1.0,13efb186
dist_1d_max_ticks = (pdh-close)/atr_14m ?,2026-07-13,1.0,13efb186
dist_1d_max_ticks = (pdh-close)/atr_14m ?,2026-07-14,1.0,13efb186
dist_1d_max_ticks = (pdh-close)/atr_14m ?,2026-07-15,1.0,13efb186
dist_1d_max_ticks = (pdh-close)/atr_14m ?,2026-07-16,1.0,13efb186
dist_1d_max_ticks = (pdh-close)/atr_14m ?,2026-07-17,1.0,f6003b62
dist_1d_max_ticks = (pdh-close)/atr_14m ?,2026-07-19,1.0,f6003b62
dist_1d_max_ticks = (pdh-close)/atr_14m ?,2026-07-20,1.0,f6003b62
dist_1d_max_ticks = (pdh-close)/atr_14m ?,2026-07-21,1.0,f6003b62
dist_1d_max_ticks = (pdh-close)/atr_14m ?,2026-07-22,1.0,ed53e566
dist_1d_max_ticks = (pdh-close)/atr_14m ?,2026-07-23,1.0,ed53e566
dist_1d_max_ticks = (pdh-close)/atr_14m ?,2026-07-24,1.0,ed53e566
dist_1d_max_ticks = (pdh-close)/atr_14m ?,2026-07-26,1.0,4981d53a
dist_1d_max_ticks = (pdh-close)/atr_14m ?,2026-07-27,1.0,4981d53a
dist_1d_max_ticks = (pdh-close)/atr_14m ?,2026-07-28,1.0,4981d53a
dist_1d_max_ticks = (pdh-close)/atr_14m ?,2026-07-29,1.0,4981d53a
dist_1d_max_ticks = (pdh-close)/atr_14m ?,2026-07-30,1.0,4981d53a
dist_1d_max_ticks = (pdh-close)/atr_14m ?,2026-07-31,1.0,4981d53a
dist_1d_max_ticks = (pdh-close)/atr_14m ?,2026-08-04,1.0,1d20af93
dist_1d_max_ticks = (pdh-close)/atr_14m ?,2026-08-06,1.0,feec66f6
dist_1d_max_ticks = (pdh-close)/atr_14m ?,2026-08-07,1.0,287627ed
dist_1d_max_ticks = (pdh-close)/atr_14m ?,2026-08-09,1.0,43f2daf5
dist_1d_max_ticks = (pdh-close)/atr_14m ?,2026-08-11,1.0,78177655
dist_1d_max_ticks = (pdh-close)/atr_14m ?,2026-08-12,1.0,78177655
dist_1d_max_ticks = (pdh-close)/atr_14m ?,2026-08-13,1.0,78177655
dist_1d_max_ticks = (pdh-close)/atr_14m ?,2026-08-14,1.0,78177655
dist_1d_max_ticks = (pdh-close)/atr_14m ?,2026-08-16,1.0,605df903
dist_1d_max_ticks = (pdh-close)/atr_14m ?,2026-08-17,1.0,605df903
dist_1d_max_ticks = (pdh-close)/atr_14m ?,2026-08-18,1.0,605df903
dist_1d_max_ticks = (pdh-close)/atr_14m ?,2026-08-19,1.0,605df903
dist_1d_max_ticks = (pdh-close)/atr_14m ?,2026-08-20,1.0,605df903
dist_1d_max_ticks = (pdh-close)/atr_14m ?,2026-08-21,1.0,605df903
dist_1d_max_ticks = (pdh-close)/atr_14m ?,2026-08-23,1.0,605df903
dist_1d_max_ticks = (pdh-close)/atr_14m ?,2026-08-24,1.0,605df903
dist_1d_max_ticks = (pdh-close)/atr_14m ?,2026-08-25,1.0,605df903
dist_1d_max_ticks = (pdh-close)/atr_14m ?,2026-08-26,1.0,605df903
dist_1d_max_ticks = (pdh-close)/atr_14m ?,2026-08-27,1.0,605df903
dist_1d_max_ticks = (pdh-close)/atr_14m ?,2026-08-28,1.0,605df903
dist_1d_max_ticks = (pdh-close)/atr_14m ?,2026-08-30,1.0,605df903
dist_1d_max_ticks = (pdh-close)/atr_14m ?,2026-08-31,1.0,605df903
dist_1d_max_ticks = (pdh-close)/atr_14m ?,2026-09-01,1.0,605df903
dist_1d_max_ticks = (pdh-close)/atr_14m ?,2026-09-02,1.0,605df903
dist_1d_max_ticks = (pdh-close)/atr_14m ?,2026-09-03,1.0,605df903
dist_1d_max_ticks = (pdh-close)/atr ?,2026-06-11,0.9967,c43dc080
dist_1d_max_ticks = (pdh-close)/atr ?,2026-06-15,1.0,114b1ca4
dist_1d_max_ticks = (pdh-close)/atr ?,2026-06-16,1.0,e7199bc7
dist_1d_max_ticks = (pdh-close)/atr ?,2026-06-17,1.0,e7199bc7
dist_1d_max_ticks = (pdh-close)/atr ?,2026-06-18,1.0,e7199bc7
dist_1d_max_ticks = (pdh-close)/atr ?,2026-06-21,1.0,9238adc1
dist_1d_max_ticks = (pdh-close)/atr ?,2026-06-22,1.0,9238adc1
dist_1d_max_ticks = (pdh-close)/atr ?,2026-06-23,1.0,9238adc1
dist_1d_max_ticks = (pdh-close)/atr ?,2026-06-26,1.0,9238adc1
dist_1d_max_ticks = (pdh-close)/atr ?,2026-06-28,1.0,944f7204
dist_1d_max_ticks = (pdh-close)/atr ?,2026-06-29,1.0,944f7204
dist_1d_max_ticks = (pdh-close)/atr ?,2026-07-01,1.0,944f7204
dist_1d_max_ticks = (pdh-close)/atr ?,2026-07-02,1.0,944f7204
dist_1d_max_ticks = (pdh-close)/atr ?,2026-07-05,1.0,13efb186
dist_1d_max_ticks = (pdh-close)/atr ?,2026-07-06,1.0,13efb186
dist_1d_max_ticks = (pdh-close)/atr ?,2026-07-07,1.0,13efb186
dist_1d_max_ticks = (pdh-close)/atr ?,2026-07-08,1.0,13efb186
dist_1d_max_ticks = (pdh-close)/atr ?,2026-07-09,1.0,13efb186
dist_1d_max_ticks = (pdh-close)/atr ?,2026-07-10,1.0,13efb186
dist_1d_max_ticks = (pdh-close)/atr ?,2026-07-12,1.0,13efb186
dist_1d_max_ticks = (pdh-close)/atr ?,2026-07-13,1.0,13efb186
dist_1d_max_ticks = (pdh-close)/atr ?,2026-07-14,1.0,13efb186
dist_1d_max_ticks = (pdh-close)/atr ?,2026-07-15,1.0,13efb186
dist_1d_max_ticks = (pdh-close)/atr ?,2026-07-16,1.0,13efb186
dist_1d_max_ticks = (pdh-close)/atr ?,2026-07-17,1.0,f6003b62
dist_1d_max_ticks = (pdh-close)/atr ?,2026-07-19,1.0,f6003b62
dist_1d_max_ticks = (pdh-close)/atr ?,2026-07-20,1.0,f6003b62
dist_1d_max_ticks = (pdh-close)/atr ?,2026-07-21,1.0,f6003b62
dist_1d_max_ticks = (pdh-close)/atr ?,2026-07-22,1.0,ed53e566
dist_1d_max_ticks = (pdh-close)/atr ?,2026-07-23,1.0,ed53e566
dist_1d_max_ticks = (pdh-close)/atr ?,2026-07-24,1.0,ed53e566
dist_1d_max_ticks = (pdh-close)/atr ?,2026-07-26,1.0,4981d53a
dist_1d_max_ticks = (pdh-close)/atr ?,2026-07-27,1.0,4981d53a
dist_1d_max_ticks = (pdh-close)/atr ?,2026-07-28,1.0,4981d53a
dist_1d_max_ticks = (pdh-close)/atr ?,2026-07-29,1.0,4981d53a
dist_1d_max_ticks = (pdh-close)/atr ?,2026-07-30,1.0,4981d53a
dist_1d_max_ticks = (pdh-close)/atr ?,2026-07-31,1.0,4981d53a
dist_1d_max_ticks = (pdh-close)/atr ?,2026-08-04,1.0,1d20af93
dist_1d_max_ticks = (pdh-close)/atr ?,2026-08-06,1.0,feec66f6
dist_1d_max_ticks = (pdh-close)/atr ?,2026-08-07,1.0,287627ed
dist_1d_max_ticks = (pdh-close)/atr ?,2026-08-09,1.0,43f2daf5
dist_1d_max_ticks = (pdh-close)/atr ?,2026-08-11,1.0,78177655
dist_1d_max_ticks = (pdh-close)/atr ?,2026-08-12,1.0,78177655
dist_1d_max_ticks = (pdh-close)/atr ?,2026-08-13,1.0,78177655
dist_1d_max_ticks = (pdh-close)/atr ?,2026-08-14,1.0,78177655
dist_1d_max_ticks = (pdh-close)/atr ?,2026-08-16,1.0,605df903
dist_1d_max_ticks = (pdh-close)/atr ?,2026-08-17,1.0,605df903
dist_1d_max_ticks = (pdh-close)/atr ?,2026-08-18,1.0,605df903
dist_1d_max_ticks = (pdh-close)/atr ?,2026-08-19,1.0,605df903
dist_1d_max_ticks = (pdh-close)/atr ?,2026-08-20,1.0,605df903
dist_1d_max_ticks = (pdh-close)/atr ?,2026-08-21,1.0,605df903
dist_1d_max_ticks = (pdh-close)/atr ?,2026-08-23,1.0,605df903
dist_1d_max_ticks = (pdh-close)/atr ?,2026-08-24,1.0,605df903
dist_1d_max_ticks = (pdh-close)/atr ?,2026-08-25,1.0,605df903
dist_1d_max_ticks = (pdh-close)/atr ?,2026-08-26,1.0,605df903
dist_1d_max_ticks = (pdh-close)/atr ?,2026-08-27,1.0,605df903
dist_1d_max_ticks = (pdh-close)/atr ?,2026-08-28,1.0,605df903
dist_1d_max_ticks = (pdh-close)/atr ?,2026-08-30,1.0,605df903
dist_1d_max_ticks = (pdh-close)/atr ?,2026-08-31,1.0,605df903
dist_1d_max_ticks = (pdh-close)/atr ?,2026-09-01,1.0,605df903
dist_1d_max_ticks = (pdh-close)/atr ?,2026-09-02,1.0,605df903
dist_1d_max_ticks = (pdh-close)/atr ?,2026-09-03,1.0,605df903
bool_above_vwap_d = (close > vwap_d),2026-06-11,0.0,c43dc080
bool_above_vwap_d = (close > vwap_d),2026-06-15,0.0,114b1ca4
bool_above_vwap_d = (close > vwap_d),2026-06-16,0.0,e7199bc7
bool_above_vwap_d = (close > vwap_d),2026-06-17,0.0,e7199bc7
bool_above_vwap_d = (close > vwap_d),2026-06-18,0.0,e7199bc7
bool_above_vwap_d = (close > vwap_d),2026-06-21,0.0,9238adc1
bool_above_vwap_d = (close > vwap_d),2026-06-22,0.0,9238adc1
bool_above_vwap_d = (close > vwap_d),2026-06-23,0.0,9238adc1
bool_above_vwap_d = (close > vwap_d),2026-06-26,0.0,9238adc1
bool_above_vwap_d = (close > vwap_d),2026-06-28,0.0,944f7204
bool_above_vwap_d = (close > vwap_d),2026-06-29,0.0,944f7204
bool_above_vwap_d = (close > vwap_d),2026-07-01,0.0,944f7204
bool_above_vwap_d = (close > vwap_d),2026-07-02,0.0,944f7204
bool_above_vwap_d = (close > vwap_d),2026-07-05,0.0,13efb186
bool_above_vwap_d = (close > vwap_d),2026-07-06,0.0,13efb186
bool_above_vwap_d = (close > vwap_d),2026-07-07,0.0,13efb186
bool_above_vwap_d = (close > vwap_d),2026-07-08,0.0,13efb186
bool_above_vwap_d = (close > vwap_d),2026-07-09,0.0,13efb186
bool_above_vwap_d = (close > vwap_d),2026-07-10,0.0008,13efb186
bool_above_vwap_d = (close > vwap_d),2026-07-12,0.0,13efb186
bool_above_vwap_d = (close > vwap_d),2026-07-13,0.0,13efb186
bool_above_vwap_d = (close > vwap_d),2026-07-14,0.0,13efb186
bool_above_vwap_d = (close > vwap_d),2026-07-15,0.0,13efb186
bool_above_vwap_d = (close > vwap_d),2026-07-16,0.0,13efb186
bool_above_vwap_d = (close > vwap_d),2026-07-17,0.0,f6003b62
bool_above_vwap_d = (close > vwap_d),2026-07-19,0.0,f6003b62
bool_above_vwap_d = (close > vwap_d),2026-07-20,0.0,f6003b62
bool_above_vwap_d = (close > vwap_d),2026-07-21,0.0,f6003b62
bool_above_vwap_d = (close > vwap_d),2026-07-22,0.0,ed53e566
bool_above_vwap_d = (close > vwap_d),2026-07-23,0.0,ed53e566
bool_above_vwap_d = (close > vwap_d),2026-07-24,0.0,ed53e566
bool_above_vwap_d = (close > vwap_d),2026-07-26,0.0,4981d53a
bool_above_vwap_d = (close > vwap_d),2026-07-27,0.0,4981d53a
bool_above_vwap_d = (close > vwap_d),2026-07-28,0.0,4981d53a
bool_above_vwap_d = (close > vwap_d),2026-07-29,0.0,4981d53a
bool_above_vwap_d = (close > vwap_d),2026-07-30,0.0,4981d53a
bool_above_vwap_d = (close > vwap_d),2026-07-31,0.0,4981d53a
bool_above_vwap_d = (close > vwap_d),2026-08-04,0.0,1d20af93
bool_above_vwap_d = (close > vwap_d),2026-08-06,0.0,feec66f6
bool_above_vwap_d = (close > vwap_d),2026-08-07,0.0,287627ed
bool_above_vwap_d = (close > vwap_d),2026-08-09,0.0,43f2daf5
bool_above_vwap_d = (close > vwap_d),2026-08-11,0.0,78177655
bool_above_vwap_d = (close > vwap_d),2026-08-12,0.0,78177655
bool_above_vwap_d = (close > vwap_d),2026-08-13,0.0,78177655
bool_above_vwap_d = (close > vwap_d),2026-08-14,0.0,78177655
bool_above_vwap_d = (close > vwap_d),2026-08-16,0.0,605df903
bool_above_vwap_d = (close > vwap_d),2026-08-17,0.0,605df903
bool_above_vwap_d = (close > vwap_d),2026-08-18,0.0,605df903
bool_above_vwap_d = (close > vwap_d),2026-08-19,0.0,605df903
bool_above_vwap_d = (close > vwap_d),2026-08-20,0.0,605df903
bool_above_vwap_d = (close > vwap_d),2026-08-21,0.0,605df903
bool_above_vwap_d = (close > vwap_d),2026-08-23,0.0,605df903
bool_above_vwap_d = (close > vwap_d),2026-08-24,0.0,605df903
bool_above_vwap_d = (close > vwap_d),2026-08-25,0.0,605df903
bool_above_vwap_d = (close > vwap_d),2026-08-26,0.0,605df903
bool_above_vwap_d = (close > vwap_d),2026-08-27,0.0,605df903
bool_above_vwap_d = (close > vwap_d),2026-08-28,0.0008,605df903
bool_above_vwap_d = (close > vwap_d),2026-08-30,0.0,605df903
bool_above_vwap_d = (close > vwap_d),2026-08-31,0.0,605df903
bool_above_vwap_d = (close > vwap_d),2026-09-01,0.0,605df903
bool_above_vwap_d = (close > vwap_d),2026-09-02,0.0,605df903
bool_above_vwap_d = (close > vwap_d),2026-09-03,0.0,605df903
vwap_d_side = sign(close - vwap_d),2026-06-11,0.0,c43dc080
vwap_d_side = sign(close - vwap_d),2026-06-15,0.0,114b1ca4
vwap_d_side = sign(close - vwap_d),2026-06-16,0.0,e7199bc7
vwap_d_side = sign(close - vwap_d),2026-06-17,0.0,e7199bc7
vwap_d_side = sign(close - vwap_d),2026-06-18,0.0,e7199bc7
vwap_d_side = sign(close - vwap_d),2026-06-21,0.0,9238adc1
vwap_d_side = sign(close - vwap_d),2026-06-22,0.0,9238adc1
vwap_d_side = sign(close - vwap_d),2026-06-23,0.0,9238adc1
vwap_d_side = sign(close - vwap_d),2026-06-26,0.0,9238adc1
vwap_d_side = sign(close - vwap_d),2026-06-28,0.0,944f7204
vwap_d_side = sign(close - vwap_d),2026-06-29,0.0,944f7204
vwap_d_side = sign(close - vwap_d),2026-07-01,0.0,944f7204
vwap_d_side = sign(close - vwap_d),2026-07-02,0.0,944f7204
vwap_d_side = sign(close - vwap_d),2026-07-05,0.0,13efb186
vwap_d_side = sign(close - vwap_d),2026-07-06,0.0,13efb186
vwap_d_side = sign(close - vwap_d),2026-07-07,0.0,13efb186
vwap_d_side = sign(close - vwap_d),2026-07-08,0.0,13efb186
vwap_d_side = sign(close - vwap_d),2026-07-09,0.0,13efb186
vwap_d_side = sign(close - vwap_d),2026-07-10,0.0008,13efb186
vwap_d_side = sign(close - vwap_d),2026-07-12,0.0,13efb186
vwap_d_side = sign(close - vwap_d),2026-07-13,0.0,13efb186
vwap_d_side = sign(close - vwap_d),2026-07-14,0.0,13efb186
vwap_d_side = sign(close - vwap_d),2026-07-15,0.0,13efb186
vwap_d_side = sign(close - vwap_d),2026-07-16,0.0,13efb186
vwap_d_side = sign(close - vwap_d),2026-07-17,0.0,f6003b62
vwap_d_side = sign(close - vwap_d),2026-07-19,0.0,f6003b62
vwap_d_side = sign(close - vwap_d),2026-07-20,0.0,f6003b62
vwap_d_side = sign(close - vwap_d),2026-07-21,0.0,f6003b62
vwap_d_side = sign(close - vwap_d),2026-07-22,0.0,ed53e566
vwap_d_side = sign(close - vwap_d),2026-07-23,0.0,ed53e566
vwap_d_side = sign(close - vwap_d),2026-07-24,0.0,ed53e566
vwap_d_side = sign(close - vwap_d),2026-07-26,0.0,4981d53a
vwap_d_side = sign(close - vwap_d),2026-07-27,0.0,4981d53a
vwap_d_side = sign(close - vwap_d),2026-07-28,0.0,4981d53a
vwap_d_side = sign(close - vwap_d),2026-07-29,0.0,4981d53a
vwap_d_side = sign(close - vwap_d),2026-07-30,0.0,4981d53a
vwap_d_side = sign(close - vwap_d),2026-07-31,0.0,4981d53a
vwap_d_side = sign(close - vwap_d),2026-08-04,0.0,1d20af93
vwap_d_side = sign(close - vwap_d),2026-08-06,0.0,feec66f6
vwap_d_side = sign(close - vwap_d),2026-08-07,0.0,287627ed
vwap_d_side = sign(close - vwap_d),2026-08-09,0.0,43f2daf5
vwap_d_side = sign(close - vwap_d),2026-08-11,0.0,78177655
vwap_d_side = sign(close - vwap_d),2026-08-12,0.0,78177655
vwap_d_side = sign(close - vwap_d),2026-08-13,0.0,78177655
vwap_d_side = sign(close - vwap_d),2026-08-14,0.0,78177655
vwap_d_side = sign(close - vwap_d),2026-08-16,0.0,605df903
vwap_d_side = sign(close - vwap_d),2026-08-17,0.0,605df903
vwap_d_side = sign(close - vwap_d),2026-08-18,0.0,605df903
vwap_d_side = sign(close - vwap_d),2026-08-19,0.0,605df903
vwap_d_side = sign(close - vwap_d),2026-08-20,0.0,605df903
vwap_d_side = sign(close - vwap_d),2026-08-21,0.0,605df903
vwap_d_side = sign(close - vwap_d),2026-08-23,0.0,605df903
vwap_d_side = sign(close - vwap_d),2026-08-24,0.0,605df903
vwap_d_side = sign(close - vwap_d),2026-08-25,0.0,605df903
vwap_d_side = sign(close - vwap_d),2026-08-26,0.0,605df903
vwap_d_side = sign(close - vwap_d),2026-08-27,0.0,605df903
vwap_d_side = sign(close - vwap_d),2026-08-28,0.0008,605df903
vwap_d_side = sign(close - vwap_d),2026-08-30,0.0,605df903
vwap_d_side = sign(close - vwap_d),2026-08-31,0.0,605df903
vwap_d_side = sign(close - vwap_d),2026-09-01,0.0,605df903
vwap_d_side = sign(close - vwap_d),2026-09-02,0.0,605df903
vwap_d_side = sign(close - vwap_d),2026-09-03,0.0,605df903
inside_cur_va = val<=close<=vah,2026-06-11,0.0,c43dc080
inside_cur_va = val<=close<=vah,2026-06-15,0.0,114b1ca4
inside_cur_va = val<=close<=vah,2026-06-16,0.0,e7199bc7
inside_cur_va = val<=close<=vah,2026-06-17,0.0,e7199bc7
inside_cur_va = val<=close<=vah,2026-06-18,0.0,e7199bc7
inside_cur_va = val<=close<=vah,2026-06-21,0.0,9238adc1
inside_cur_va = val<=close<=vah,2026-06-22,0.0,9238adc1
inside_cur_va = val<=close<=vah,2026-06-23,0.0,9238adc1
inside_cur_va = val<=close<=vah,2026-06-26,0.0,9238adc1
inside_cur_va = val<=close<=vah,2026-06-28,0.0,944f7204
inside_cur_va = val<=close<=vah,2026-06-29,0.0,944f7204
inside_cur_va = val<=close<=vah,2026-07-01,0.0,944f7204
inside_cur_va = val<=close<=vah,2026-07-02,0.0,944f7204
inside_cur_va = val<=close<=vah,2026-07-05,0.0,13efb186
inside_cur_va = val<=close<=vah,2026-07-06,0.0,13efb186
inside_cur_va = val<=close<=vah,2026-07-07,0.0,13efb186
inside_cur_va = val<=close<=vah,2026-07-08,0.0,13efb186
inside_cur_va = val<=close<=vah,2026-07-09,0.0,13efb186
inside_cur_va = val<=close<=vah,2026-07-10,0.0,13efb186
inside_cur_va = val<=close<=vah,2026-07-12,0.0,13efb186
inside_cur_va = val<=close<=vah,2026-07-13,0.0,13efb186
inside_cur_va = val<=close<=vah,2026-07-14,0.0,13efb186
inside_cur_va = val<=close<=vah,2026-07-15,0.0,13efb186
inside_cur_va = val<=close<=vah,2026-07-16,0.0,13efb186
inside_cur_va = val<=close<=vah,2026-07-17,0.0,f6003b62
inside_cur_va = val<=close<=vah,2026-07-19,0.0,f6003b62
inside_cur_va = val<=close<=vah,2026-07-20,0.0,f6003b62
inside_cur_va = val<=close<=vah,2026-07-21,0.0,f6003b62
inside_cur_va = val<=close<=vah,2026-07-22,0.0,ed53e566
inside_cur_va = val<=close<=vah,2026-07-23,0.0,ed53e566
inside_cur_va = val<=close<=vah,2026-07-24,0.0,ed53e566
inside_cur_va = val<=close<=vah,2026-07-26,0.0,4981d53a
inside_cur_va = val<=close<=vah,2026-07-27,0.0,4981d53a
inside_cur_va = val<=close<=vah,2026-07-28,0.0,4981d53a
inside_cur_va = val<=close<=vah,2026-07-29,0.0,4981d53a
inside_cur_va = val<=close<=vah,2026-07-30,0.0,4981d53a
inside_cur_va = val<=close<=vah,2026-07-31,0.0,4981d53a
inside_cur_va = val<=close<=vah,2026-08-04,0.0,1d20af93
inside_cur_va = val<=close<=vah,2026-08-06,0.0,feec66f6
inside_cur_va = val<=close<=vah,2026-08-07,0.0,287627ed
inside_cur_va = val<=close<=vah,2026-08-09,0.0,43f2daf5
inside_cur_va = val<=close<=vah,2026-08-11,0.0,78177655
inside_cur_va = val<=close<=vah,2026-08-12,0.0,78177655
inside_cur_va = val<=close<=vah,2026-08-13,0.0,78177655
inside_cur_va = val<=close<=vah,2026-08-14,0.0,78177655
inside_cur_va = val<=close<=vah,2026-08-16,0.0,605df903
inside_cur_va = val<=close<=vah,2026-08-17,0.0007,605df903
inside_cur_va = val<=close<=vah,2026-08-18,0.0,605df903
inside_cur_va = val<=close<=vah,2026-08-19,0.0,605df903
inside_cur_va = val<=close<=vah,2026-08-20,0.0,605df903
inside_cur_va = val<=close<=vah,2026-08-21,0.0,605df903
inside_cur_va = val<=close<=vah,2026-08-23,0.0,605df903
inside_cur_va = val<=close<=vah,2026-08-24,0.0,605df903
inside_cur_va = val<=close<=vah,2026-08-25,0.0,605df903
inside_cur_va = val<=close<=vah,2026-08-26,0.0,605df903
inside_cur_va = val<=close<=vah,2026-08-27,0.0,605df903
inside_cur_va = val<=close<=vah,2026-08-28,0.0,605df903
inside_cur_va = val<=close<=vah,2026-08-30,0.0,605df903
inside_cur_va = val<=close<=vah,2026-08-31,0.0,605df903
inside_cur_va = val<=close<=vah,2026-09-01,0.0,605df903
inside_cur_va = val<=close<=vah,2026-09-02,0.0,605df903
inside_cur_va = val<=close<=vah,2026-09-03,0.0,605df903
bool_above_pdh <-> dist_pdh<0,2026-06-11,0.4426,c43dc080
bool_above_pdh <-> dist_pdh<0,2026-06-15,0.953,114b1ca4
bool_above_pdh <-> dist_pdh<0,2026-06-16,0.0884,e7199bc7
bool_above_pdh <-> dist_pdh<0,2026-06-17,0.0,e7199bc7
bool_above_pdh <-> dist_pdh<0,2026-06-18,0.2696,e7199bc7
bool_above_pdh <-> dist_pdh<0,2026-06-21,0.0084,9238adc1
bool_above_pdh <-> dist_pdh<0,2026-06-22,0.5903,9238adc1
bool_above_pdh <-> dist_pdh<0,2026-06-23,0.0,9238adc1
bool_above_pdh <-> dist_pdh<0,2026-06-26,0.0,9238adc1
bool_above_pdh <-> dist_pdh<0,2026-06-28,0.0,944f7204
bool_above_pdh <-> dist_pdh<0,2026-06-29,0.0,944f7204
bool_above_pdh <-> dist_pdh<0,2026-07-01,0.0,944f7204
bool_above_pdh <-> dist_pdh<0,2026-07-02,0.0,944f7204
bool_above_pdh <-> dist_pdh<0,2026-07-05,0.0,13efb186
bool_above_pdh <-> dist_pdh<0,2026-07-06,0.0,13efb186
bool_above_pdh <-> dist_pdh<0,2026-07-07,0.0,13efb186
bool_above_pdh <-> dist_pdh<0,2026-07-08,0.0,13efb186
bool_above_pdh <-> dist_pdh<0,2026-07-09,0.0,13efb186
bool_above_pdh <-> dist_pdh<0,2026-07-10,0.0,13efb186
bool_above_pdh <-> dist_pdh<0,2026-07-12,0.0,13efb186
bool_above_pdh <-> dist_pdh<0,2026-07-13,0.0,13efb186
bool_above_pdh <-> dist_pdh<0,2026-07-14,0.0,13efb186
bool_above_pdh <-> dist_pdh<0,2026-07-15,0.0,13efb186
bool_above_pdh <-> dist_pdh<0,2026-07-16,0.0,13efb186
bool_above_pdh <-> dist_pdh<0,2026-07-17,0.0,f6003b62
bool_above_pdh <-> dist_pdh<0,2026-07-19,0.0,f6003b62
bool_above_pdh <-> dist_pdh<0,2026-07-20,0.0,f6003b62
bool_above_pdh <-> dist_pdh<0,2026-07-21,0.0,f6003b62
bool_above_pdh <-> dist_pdh<0,2026-07-22,0.0,ed53e566
bool_above_pdh <-> dist_pdh<0,2026-07-23,0.0,ed53e566
bool_above_pdh <-> dist_pdh<0,2026-07-24,0.0,ed53e566
bool_above_pdh <-> dist_pdh<0,2026-07-26,0.0,4981d53a
bool_above_pdh <-> dist_pdh<0,2026-07-27,0.0,4981d53a
bool_above_pdh <-> dist_pdh<0,2026-07-28,0.0,4981d53a
bool_above_pdh <-> dist_pdh<0,2026-07-29,0.0,4981d53a
bool_above_pdh <-> dist_pdh<0,2026-07-30,0.0,4981d53a
bool_above_pdh <-> dist_pdh<0,2026-07-31,0.0,4981d53a
bool_above_pdh <-> dist_pdh<0,2026-08-04,0.0,1d20af93
bool_above_pdh <-> dist_pdh<0,2026-08-06,0.0,feec66f6
bool_above_pdh <-> dist_pdh<0,2026-08-07,0.0,287627ed
bool_above_pdh <-> dist_pdh<0,2026-08-09,0.0,43f2daf5
bool_above_pdh <-> dist_pdh<0,2026-08-11,0.0,78177655
bool_above_pdh <-> dist_pdh<0,2026-08-12,0.0,78177655
bool_above_pdh <-> dist_pdh<0,2026-08-13,0.0,78177655
bool_above_pdh <-> dist_pdh<0,2026-08-14,0.0,78177655
bool_above_pdh <-> dist_pdh<0,2026-08-16,0.0,605df903
bool_above_pdh <-> dist_pdh<0,2026-08-17,0.0,605df903
bool_above_pdh <-> dist_pdh<0,2026-08-18,0.0,605df903
bool_above_pdh <-> dist_pdh<0,2026-08-19,0.0,605df903
bool_above_pdh <-> dist_pdh<0,2026-08-20,0.0,605df903
bool_above_pdh <-> dist_pdh<0,2026-08-21,0.0,605df903
bool_above_pdh <-> dist_pdh<0,2026-08-23,0.0,605df903
bool_above_pdh <-> dist_pdh<0,2026-08-24,0.0,605df903
bool_above_pdh <-> dist_pdh<0,2026-08-25,0.0,605df903
bool_above_pdh <-> dist_pdh<0,2026-08-26,0.0,605df903
bool_above_pdh <-> dist_pdh<0,2026-08-27,0.0,605df903
bool_above_pdh <-> dist_pdh<0,2026-08-28,0.0,605df903
bool_above_pdh <-> dist_pdh<0,2026-08-30,0.0,605df903
bool_above_pdh <-> dist_pdh<0,2026-08-31,0.0,605df903
bool_above_pdh <-> dist_pdh<0,2026-09-01,0.0,605df903
bool_above_pdh <-> dist_pdh<0,2026-09-02,0.0,605df903
bool_above_pdh <-> dist_pdh<0,2026-09-03,0.0,605df903
