check,jour,taux_echec,boot_id
"high >= max(open,close)",2026-06-11,0.0,c43dc080
"high >= max(open,close)",2026-06-12,0.0,3d61b74d
"high >= max(open,close)",2026-06-14,0.0,73ba58b9
"high >= max(open,close)",2026-06-15,0.0,73ba58b9
"high >= max(open,close)",2026-06-16,0.0,e7199bc7
"high >= max(open,close)",2026-06-17,0.0,e7199bc7
"high >= max(open,close)",2026-06-18,0.0,e7199bc7
"high >= max(open,close)",2026-06-19,0.0,9238adc1
"high >= max(open,close)",2026-06-21,0.0,9238adc1
"high >= max(open,close)",2026-06-22,0.0,9238adc1
"high >= max(open,close)",2026-06-23,0.0,9238adc1
"high >= max(open,close)",2026-06-24,0.0,9238adc1
"high >= max(open,close)",2026-06-25,0.0,9238adc1
"high >= max(open,close)",2026-06-26,0.0,9238adc1
"high >= max(open,close)",2026-06-28,0.0,944f7204
"high >= max(open,close)",2026-06-29,0.0,944f7204
"high >= max(open,close)",2026-06-30,0.0,944f7204
"high >= max(open,close)",2026-07-01,0.0,944f7204
"high >= max(open,close)",2026-07-02,0.0,944f7204
"high >= max(open,close)",2026-07-03,0.0,0658f3c8
"high >= max(open,close)",2026-07-05,0.0,13efb186
"high >= max(open,close)",2026-07-06,0.0,13efb186
"high >= max(open,close)",2026-07-07,0.0,13efb186
"high >= max(open,close)",2026-07-08,0.0,13efb186
"high >= max(open,close)",2026-07-09,0.0,13efb186
"high >= max(open,close)",2026-07-10,0.0,13efb186
"high >= max(open,close)",2026-07-12,0.0,13efb186
"high >= max(open,close)",2026-07-13,0.0,13efb186
"high >= max(open,close)",2026-07-14,0.0,13efb186
"high >= max(open,close)",2026-07-15,0.0,13efb186
"high >= max(open,close)",2026-07-16,0.0,13efb186
"high >= max(open,close)",2026-07-17,0.0,f6003b62
"high >= max(open,close)",2026-07-19,0.0,f6003b62
"high >= max(open,close)",2026-07-20,0.0,f6003b62
"high >= max(open,close)",2026-07-21,0.0,f6003b62
"high >= max(open,close)",2026-07-22,0.0,ed53e566
"high >= max(open,close)",2026-07-23,0.0,ed53e566
"high >= max(open,close)",2026-07-24,0.0,ed53e566
"high >= max(open,close)",2026-07-26,0.0,4981d53a
"high >= max(open,close)",2026-07-27,0.0,4981d53a
"high >= max(open,close)",2026-07-28,0.0,4981d53a
"high >= max(open,close)",2026-07-29,0.0,4981d53a
"high >= max(open,close)",2026-07-30,0.0,4981d53a
"high >= max(open,close)",2026-07-31,0.0,4981d53a
"high >= max(open,close)",2026-08-02,0.0,e9f2b72b
"high >= max(open,close)",2026-08-03,0.0,e9f2b72b
"high >= max(open,close)",2026-08-04,0.0,1d20af93
"high >= max(open,close)",2026-08-05,0.0,0e82f56e
"high >= max(open,close)",2026-08-06,0.0,feec66f6
"high >= max(open,close)",2026-08-07,0.0,287627ed
"high >= max(open,close)",2026-08-09,0.0,43f2daf5
"high >= max(open,close)",2026-08-10,0.0,78177655
"high >= max(open,close)",2026-08-11,0.0,78177655
"high >= max(open,close)",2026-08-12,0.0,78177655
"high >= max(open,close)",2026-08-13,0.0,78177655
"high >= max(open,close)",2026-08-14,0.0,78177655
"high >= max(open,close)",2026-08-16,0.0,605df903
"high >= max(open,close)",2026-08-17,0.0,605df903
"high >= max(open,close)",2026-08-18,0.0,605df903
"high >= max(open,close)",2026-08-19,0.0,605df903
"high >= max(open,close)",2026-08-20,0.0,605df903
"high >= max(open,close)",2026-08-21,0.0,605df903
"high >= max(open,close)",2026-08-23,0.0,605df903
"high >= max(open,close)",2026-08-24,0.0,605df903
"high >= max(open,close)",2026-08-25,0.0,605df903
"high >= max(open,close)",2026-08-26,0.0,605df903
"high >= max(open,close)",2026-08-27,0.0,605df903
"high >= max(open,close)",2026-08-28,0.0,605df903
"high >= max(open,close)",2026-08-30,0.0,605df903
"high >= max(open,close)",2026-08-31,0.0,605df903
"high >= max(open,close)",2026-09-01,0.0,605df903
"high >= max(open,close)",2026-09-02,0.0,605df903
"high >= max(open,close)",2026-09-03,0.0,605df903
"high >= max(open,close)",2026-09-04,0.0,605df903
"low  <= min(open,close)",2026-06-11,0.0,c43dc080
"low  <= min(open,close)",2026-06-12,0.0,3d61b74d
"low  <= min(open,close)",2026-06-14,0.0,73ba58b9
"low  <= min(open,close)",2026-06-15,0.0,73ba58b9
"low  <= min(open,close)",2026-06-16,0.0,e7199bc7
"low  <= min(open,close)",2026-06-17,0.0,e7199bc7
"low  <= min(open,close)",2026-06-18,0.0,e7199bc7
"low  <= min(open,close)",2026-06-19,0.0,9238adc1
"low  <= min(open,close)",2026-06-21,0.0,9238adc1
"low  <= min(open,close)",2026-06-22,0.0,9238adc1
"low  <= min(open,close)",2026-06-23,0.0,9238adc1
"low  <= min(open,close)",2026-06-24,0.0,9238adc1
"low  <= min(open,close)",2026-06-25,0.0,9238adc1
"low  <= min(open,close)",2026-06-26,0.0,9238adc1
"low  <= min(open,close)",2026-06-28,0.0,944f7204
"low  <= min(open,close)",2026-06-29,0.0,944f7204
"low  <= min(open,close)",2026-06-30,0.0,944f7204
"low  <= min(open,close)",2026-07-01,0.0,944f7204
"low  <= min(open,close)",2026-07-02,0.0,944f7204
"low  <= min(open,close)",2026-07-03,0.0,0658f3c8
"low  <= min(open,close)",2026-07-05,0.0,13efb186
"low  <= min(open,close)",2026-07-06,0.0,13efb186
"low  <= min(open,close)",2026-07-07,0.0,13efb186
"low  <= min(open,close)",2026-07-08,0.0,13efb186
"low  <= min(open,close)",2026-07-09,0.0,13efb186
"low  <= min(open,close)",2026-07-10,0.0,13efb186
"low  <= min(open,close)",2026-07-12,0.0,13efb186
"low  <= min(open,close)",2026-07-13,0.0,13efb186
"low  <= min(open,close)",2026-07-14,0.0,13efb186
"low  <= min(open,close)",2026-07-15,0.0,13efb186
"low  <= min(open,close)",2026-07-16,0.0,13efb186
"low  <= min(open,close)",2026-07-17,0.0,f6003b62
"low  <= min(open,close)",2026-07-19,0.0,f6003b62
"low  <= min(open,close)",2026-07-20,0.0,f6003b62
"low  <= min(open,close)",2026-07-21,0.0,f6003b62
"low  <= min(open,close)",2026-07-22,0.0,ed53e566
"low  <= min(open,close)",2026-07-23,0.0,ed53e566
"low  <= min(open,close)",2026-07-24,0.0,ed53e566
"low  <= min(open,close)",2026-07-26,0.0,4981d53a
"low  <= min(open,close)",2026-07-27,0.0,4981d53a
"low  <= min(open,close)",2026-07-28,0.0,4981d53a
"low  <= min(open,close)",2026-07-29,0.0,4981d53a
"low  <= min(open,close)",2026-07-30,0.0,4981d53a
"low  <= min(open,close)",2026-07-31,0.0,4981d53a
"low  <= min(open,close)",2026-08-02,0.0,e9f2b72b
"low  <= min(open,close)",2026-08-03,0.0,e9f2b72b
"low  <= min(open,close)",2026-08-04,0.0,1d20af93
"low  <= min(open,close)",2026-08-05,0.0,0e82f56e
"low  <= min(open,close)",2026-08-06,0.0,feec66f6
"low  <= min(open,close)",2026-08-07,0.0,287627ed
"low  <= min(open,close)",2026-08-09,0.0,43f2daf5
"low  <= min(open,close)",2026-08-10,0.0,78177655
"low  <= min(open,close)",2026-08-11,0.0,78177655
"low  <= min(open,close)",2026-08-12,0.0,78177655
"low  <= min(open,close)",2026-08-13,0.0,78177655
"low  <= min(open,close)",2026-08-14,0.0,78177655
"low  <= min(open,close)",2026-08-16,0.0,605df903
"low  <= min(open,close)",2026-08-17,0.0,605df903
"low  <= min(open,close)",2026-08-18,0.0,605df903
"low  <= min(open,close)",2026-08-19,0.0,605df903
"low  <= min(open,close)",2026-08-20,0.0,605df903
"low  <= min(open,close)",2026-08-21,0.0,605df903
"low  <= min(open,close)",2026-08-23,0.0,605df903
"low  <= min(open,close)",2026-08-24,0.0,605df903
"low  <= min(open,close)",2026-08-25,0.0,605df903
"low  <= min(open,close)",2026-08-26,0.0,605df903
"low  <= min(open,close)",2026-08-27,0.0,605df903
"low  <= min(open,close)",2026-08-28,0.0,605df903
"low  <= min(open,close)",2026-08-30,0.0,605df903
"low  <= min(open,close)",2026-08-31,0.0,605df903
"low  <= min(open,close)",2026-09-01,0.0,605df903
"low  <= min(open,close)",2026-09-02,0.0,605df903
"low  <= min(open,close)",2026-09-03,0.0,605df903
"low  <= min(open,close)",2026-09-04,0.0,605df903
range_size = high-low (pts),2026-06-11,0.0,c43dc080
range_size = high-low (pts),2026-06-12,0.0,3d61b74d
range_size = high-low (pts),2026-06-14,0.0,73ba58b9
range_size = high-low (pts),2026-06-15,0.0,73ba58b9
range_size = high-low (pts),2026-06-16,0.0,e7199bc7
range_size = high-low (pts),2026-06-17,0.0,e7199bc7
range_size = high-low (pts),2026-06-18,0.0,e7199bc7
range_size = high-low (pts),2026-06-19,0.0,9238adc1
range_size = high-low (pts),2026-06-21,0.0,9238adc1
range_size = high-low (pts),2026-06-22,0.0,9238adc1
range_size = high-low (pts),2026-06-23,0.0,9238adc1
range_size = high-low (pts),2026-06-24,0.0,9238adc1
range_size = high-low (pts),2026-06-25,0.0,9238adc1
range_size = high-low (pts),2026-06-26,0.0,9238adc1
range_size = high-low (pts),2026-06-28,0.0,944f7204
range_size = high-low (pts),2026-06-29,0.0,944f7204
range_size = high-low (pts),2026-06-30,0.0,944f7204
range_size = high-low (pts),2026-07-01,0.0,944f7204
range_size = high-low (pts),2026-07-02,0.0,944f7204
range_size = high-low (pts),2026-07-03,0.0,0658f3c8
range_size = high-low (pts),2026-07-05,0.0,13efb186
range_size = high-low (pts),2026-07-06,0.0,13efb186
range_size = high-low (pts),2026-07-07,0.0,13efb186
range_size = high-low (pts),2026-07-08,0.0,13efb186
range_size = high-low (pts),2026-07-09,0.0,13efb186
range_size = high-low (pts),2026-07-10,0.0,13efb186
range_size = high-low (pts),2026-07-12,0.0,13efb186
range_size = high-low (pts),2026-07-13,0.0,13efb186
range_size = high-low (pts),2026-07-14,0.0,13efb186
range_size = high-low (pts),2026-07-15,0.0,13efb186
range_size = high-low (pts),2026-07-16,0.0,13efb186
range_size = high-low (pts),2026-07-17,0.0,f6003b62
range_size = high-low (pts),2026-07-19,0.0,f6003b62
range_size = high-low (pts),2026-07-20,0.0,f6003b62
range_size = high-low (pts),2026-07-21,0.0,f6003b62
range_size = high-low (pts),2026-07-22,0.0,ed53e566
range_size = high-low (pts),2026-07-23,0.0,ed53e566
range_size = high-low (pts),2026-07-24,0.0,ed53e566
range_size = high-low (pts),2026-07-26,0.0,4981d53a
range_size = high-low (pts),2026-07-27,0.0,4981d53a
range_size = high-low (pts),2026-07-28,0.0,4981d53a
range_size = high-low (pts),2026-07-29,0.0,4981d53a
range_size = high-low (pts),2026-07-30,0.0,4981d53a
range_size = high-low (pts),2026-07-31,0.0,4981d53a
range_size = high-low (pts),2026-08-02,0.0,e9f2b72b
range_size = high-low (pts),2026-08-03,0.0,e9f2b72b
range_size = high-low (pts),2026-08-04,0.0,1d20af93
range_size = high-low (pts),2026-08-05,0.0,0e82f56e
range_size = high-low (pts),2026-08-06,0.0,feec66f6
range_size = high-low (pts),2026-08-07,0.0,287627ed
range_size = high-low (pts),2026-08-09,0.0,43f2daf5
range_size = high-low (pts),2026-08-10,0.0,78177655
range_size = high-low (pts),2026-08-11,0.0,78177655
range_size = high-low (pts),2026-08-12,0.0,78177655
range_size = high-low (pts),2026-08-13,0.0,78177655
range_size = high-low (pts),2026-08-14,0.0,78177655
range_size = high-low (pts),2026-08-16,0.0,605df903
range_size = high-low (pts),2026-08-17,0.0,605df903
range_size = high-low (pts),2026-08-18,0.0,605df903
range_size = high-low (pts),2026-08-19,0.0,605df903
range_size = high-low (pts),2026-08-20,0.0,605df903
range_size = high-low (pts),2026-08-21,0.0,605df903
range_size = high-low (pts),2026-08-23,0.0,605df903
range_size = high-low (pts),2026-08-24,0.0,605df903
range_size = high-low (pts),2026-08-25,0.0,605df903
range_size = high-low (pts),2026-08-26,0.0,605df903
range_size = high-low (pts),2026-08-27,0.0,605df903
range_size = high-low (pts),2026-08-28,0.0,605df903
range_size = high-low (pts),2026-08-30,0.0,605df903
range_size = high-low (pts),2026-08-31,0.0,605df903
range_size = high-low (pts),2026-09-01,0.0,605df903
range_size = high-low (pts),2026-09-02,0.0,605df903
range_size = high-low (pts),2026-09-03,0.0,605df903
range_size = high-low (pts),2026-09-04,0.0,605df903
bar_body_ticks = |close-open|/tick,2026-06-10,0.5,None
bar_body_ticks = |close-open|/tick,2026-06-11,0.4529,c43dc080
bar_body_ticks = |close-open|/tick,2026-06-12,0.4681,3d61b74d
bar_body_ticks = |close-open|/tick,2026-06-14,0.4667,73ba58b9
bar_body_ticks = |close-open|/tick,2026-06-15,0.4391,73ba58b9
bar_body_ticks = |close-open|/tick,2026-06-16,0.4449,e7199bc7
bar_body_ticks = |close-open|/tick,2026-06-17,0.4355,e7199bc7
bar_body_ticks = |close-open|/tick,2026-06-18,0.4768,e7199bc7
bar_body_ticks = |close-open|/tick,2026-06-19,0.4652,9238adc1
bar_body_ticks = |close-open|/tick,2026-06-21,0.5083,9238adc1
bar_body_ticks = |close-open|/tick,2026-06-22,0.4428,9238adc1
bar_body_ticks = |close-open|/tick,2026-06-23,0.4935,9238adc1
bar_body_ticks = |close-open|/tick,2026-06-24,0.4583,9238adc1
bar_body_ticks = |close-open|/tick,2026-06-25,0.4463,9238adc1
bar_body_ticks = |close-open|/tick,2026-06-26,0.4659,9238adc1
bar_body_ticks = |close-open|/tick,2026-06-28,0.4583,944f7204
bar_body_ticks = |close-open|/tick,2026-06-29,0.4391,944f7204
bar_body_ticks = |close-open|/tick,2026-06-30,0.4579,944f7204
bar_body_ticks = |close-open|/tick,2026-07-01,0.4319,944f7204
bar_body_ticks = |close-open|/tick,2026-07-02,0.4529,944f7204
bar_body_ticks = |close-open|/tick,2026-07-03,0.4078,0658f3c8
bar_body_ticks = |close-open|/tick,2026-07-05,0.4333,13efb186
bar_body_ticks = |close-open|/tick,2026-07-06,0.4601,13efb186
bar_body_ticks = |close-open|/tick,2026-07-07,0.4457,13efb186
bar_body_ticks = |close-open|/tick,2026-07-08,0.4732,13efb186
bar_body_ticks = |close-open|/tick,2026-07-09,0.4196,13efb186
bar_body_ticks = |close-open|/tick,2026-07-10,0.4071,13efb186
bar_body_ticks = |close-open|/tick,2026-07-12,0.4167,13efb186
bar_body_ticks = |close-open|/tick,2026-07-13,0.4645,13efb186
bar_body_ticks = |close-open|/tick,2026-07-14,0.4457,13efb186
bar_body_ticks = |close-open|/tick,2026-07-15,0.4283,13efb186
bar_body_ticks = |close-open|/tick,2026-07-16,0.4703,13efb186
bar_body_ticks = |close-open|/tick,2026-07-17,0.4794,f6003b62
bar_body_ticks = |close-open|/tick,2026-07-19,0.425,f6003b62
bar_body_ticks = |close-open|/tick,2026-07-20,0.4645,f6003b62
bar_body_ticks = |close-open|/tick,2026-07-21,0.4138,f6003b62
bar_body_ticks = |close-open|/tick,2026-07-22,0.4543,ed53e566
bar_body_ticks = |close-open|/tick,2026-07-23,0.4565,ed53e566
bar_body_ticks = |close-open|/tick,2026-07-24,0.4683,ed53e566
bar_body_ticks = |close-open|/tick,2026-07-26,0.4667,4981d53a
bar_body_ticks = |close-open|/tick,2026-07-27,0.4478,4981d53a
bar_body_ticks = |close-open|/tick,2026-07-28,0.4601,4981d53a
bar_body_ticks = |close-open|/tick,2026-07-29,0.4703,4981d53a
bar_body_ticks = |close-open|/tick,2026-07-30,0.4435,4981d53a
bar_body_ticks = |close-open|/tick,2026-07-31,0.4413,4981d53a
bar_body_ticks = |close-open|/tick,2026-08-02,0.5,e9f2b72b
bar_body_ticks = |close-open|/tick,2026-08-03,0.4094,e9f2b72b
bar_body_ticks = |close-open|/tick,2026-08-04,0.4,1d20af93
bar_body_ticks = |close-open|/tick,2026-08-05,0.4174,0e82f56e
bar_body_ticks = |close-open|/tick,2026-08-06,0.4507,feec66f6
bar_body_ticks = |close-open|/tick,2026-08-07,0.4262,287627ed
bar_body_ticks = |close-open|/tick,2026-08-09,0.3917,43f2daf5
bar_body_ticks = |close-open|/tick,2026-08-10,0.4283,78177655
bar_body_ticks = |close-open|/tick,2026-08-11,0.4112,78177655
bar_body_ticks = |close-open|/tick,2026-08-12,0.387,78177655
bar_body_ticks = |close-open|/tick,2026-08-13,0.3804,78177655
bar_body_ticks = |close-open|/tick,2026-08-14,0.3905,78177655
bar_body_ticks = |close-open|/tick,2026-08-16,0.2917,605df903
bar_body_ticks = |close-open|/tick,2026-08-17,0.3872,605df903
bar_body_ticks = |close-open|/tick,2026-08-18,0.4507,605df903
bar_body_ticks = |close-open|/tick,2026-08-19,0.421,605df903
bar_body_ticks = |close-open|/tick,2026-08-20,0.4594,605df903
bar_body_ticks = |close-open|/tick,2026-08-21,0.4381,605df903
bar_body_ticks = |close-open|/tick,2026-08-23,0.35,605df903
bar_body_ticks = |close-open|/tick,2026-08-24,0.4283,605df903
bar_body_ticks = |close-open|/tick,2026-08-25,0.4341,605df903
bar_body_ticks = |close-open|/tick,2026-08-26,0.4116,605df903
bar_body_ticks = |close-open|/tick,2026-08-27,0.4225,605df903
bar_body_ticks = |close-open|/tick,2026-08-28,0.4175,605df903
bar_body_ticks = |close-open|/tick,2026-08-30,0.425,605df903
bar_body_ticks = |close-open|/tick,2026-08-31,0.4007,605df903
bar_body_ticks = |close-open|/tick,2026-09-01,0.4326,605df903
bar_body_ticks = |close-open|/tick,2026-09-02,0.4376,605df903
bar_body_ticks = |close-open|/tick,2026-09-03,0.4112,605df903
bar_body_ticks = |close-open|/tick,2026-09-04,0.3818,605df903
bar_body_pct = body/range*100,2026-06-11,0.452,c43dc080
bar_body_pct = body/range*100,2026-06-12,0.4681,3d61b74d
bar_body_pct = body/range*100,2026-06-14,0.4667,73ba58b9
bar_body_pct = body/range*100,2026-06-15,0.4391,73ba58b9
bar_body_pct = body/range*100,2026-06-16,0.4449,e7199bc7
bar_body_pct = body/range*100,2026-06-17,0.4358,e7199bc7
bar_body_pct = body/range*100,2026-06-18,0.4768,e7199bc7
bar_body_pct = body/range*100,2026-06-19,0.4652,9238adc1
bar_body_pct = body/range*100,2026-06-21,0.5083,9238adc1
bar_body_pct = body/range*100,2026-06-22,0.4428,9238adc1
bar_body_pct = body/range*100,2026-06-23,0.4935,9238adc1
bar_body_pct = body/range*100,2026-06-24,0.4583,9238adc1
bar_body_pct = body/range*100,2026-06-25,0.4463,9238adc1
bar_body_pct = body/range*100,2026-06-26,0.4659,9238adc1
bar_body_pct = body/range*100,2026-06-28,0.4583,944f7204
bar_body_pct = body/range*100,2026-06-29,0.4398,944f7204
bar_body_pct = body/range*100,2026-06-30,0.4579,944f7204
bar_body_pct = body/range*100,2026-07-01,0.4319,944f7204
bar_body_pct = body/range*100,2026-07-02,0.4529,944f7204
bar_body_pct = body/range*100,2026-07-03,0.4086,0658f3c8
bar_body_pct = body/range*100,2026-07-05,0.4333,13efb186
bar_body_pct = body/range*100,2026-07-06,0.4601,13efb186
bar_body_pct = body/range*100,2026-07-07,0.446,13efb186
bar_body_pct = body/range*100,2026-07-08,0.4732,13efb186
bar_body_pct = body/range*100,2026-07-09,0.4196,13efb186
bar_body_pct = body/range*100,2026-07-10,0.4075,13efb186
bar_body_pct = body/range*100,2026-07-12,0.4202,13efb186
bar_body_pct = body/range*100,2026-07-13,0.4645,13efb186
bar_body_pct = body/range*100,2026-07-14,0.4457,13efb186
bar_body_pct = body/range*100,2026-07-15,0.4286,13efb186
bar_body_pct = body/range*100,2026-07-16,0.4703,13efb186
bar_body_pct = body/range*100,2026-07-17,0.4794,f6003b62
bar_body_pct = body/range*100,2026-07-19,0.425,f6003b62
bar_body_pct = body/range*100,2026-07-20,0.4645,f6003b62
bar_body_pct = body/range*100,2026-07-21,0.4144,f6003b62
bar_body_pct = body/range*100,2026-07-22,0.455,ed53e566
bar_body_pct = body/range*100,2026-07-23,0.4565,ed53e566
bar_body_pct = body/range*100,2026-07-24,0.4683,ed53e566
bar_body_pct = body/range*100,2026-07-26,0.4667,4981d53a
bar_body_pct = body/range*100,2026-07-27,0.4482,4981d53a
bar_body_pct = body/range*100,2026-07-28,0.4601,4981d53a
bar_body_pct = body/range*100,2026-07-29,0.4703,4981d53a
bar_body_pct = body/range*100,2026-07-30,0.4435,4981d53a
bar_body_pct = body/range*100,2026-07-31,0.4413,4981d53a
bar_body_pct = body/range*100,2026-08-02,0.5,e9f2b72b
bar_body_pct = body/range*100,2026-08-03,0.4099,e9f2b72b
bar_body_pct = body/range*100,2026-08-04,0.4015,1d20af93
bar_body_pct = body/range*100,2026-08-05,0.418,0e82f56e
bar_body_pct = body/range*100,2026-08-06,0.4517,feec66f6
bar_body_pct = body/range*100,2026-08-07,0.4269,287627ed
bar_body_pct = body/range*100,2026-08-09,0.3917,43f2daf5
bar_body_pct = body/range*100,2026-08-10,0.4314,78177655
bar_body_pct = body/range*100,2026-08-11,0.4163,78177655
bar_body_pct = body/range*100,2026-08-12,0.3935,78177655
bar_body_pct = body/range*100,2026-08-13,0.3875,78177655
bar_body_pct = body/range*100,2026-08-14,0.3965,78177655
bar_body_pct = body/range*100,2026-08-16,0.3211,605df903
bar_body_pct = body/range*100,2026-08-17,0.3976,605df903
bar_body_pct = body/range*100,2026-08-18,0.4514,605df903
bar_body_pct = body/range*100,2026-08-19,0.4216,605df903
bar_body_pct = body/range*100,2026-08-20,0.4608,605df903
bar_body_pct = body/range*100,2026-08-21,0.4388,605df903
bar_body_pct = body/range*100,2026-08-23,0.3529,605df903
bar_body_pct = body/range*100,2026-08-24,0.4323,605df903
bar_body_pct = body/range*100,2026-08-25,0.4382,605df903
bar_body_pct = body/range*100,2026-08-26,0.414,605df903
bar_body_pct = body/range*100,2026-08-27,0.4249,605df903
bar_body_pct = body/range*100,2026-08-28,0.4195,605df903
bar_body_pct = body/range*100,2026-08-30,0.425,605df903
bar_body_pct = body/range*100,2026-08-31,0.4028,605df903
bar_body_pct = body/range*100,2026-09-01,0.4358,605df903
bar_body_pct = body/range*100,2026-09-02,0.4389,605df903
bar_body_pct = body/range*100,2026-09-03,0.416,605df903
bar_body_pct = body/range*100,2026-09-04,0.3886,605df903
range_size_ticks = (high-low)/tick,2026-06-11,0.9993,c43dc080
range_size_ticks = (high-low)/tick,2026-06-12,1.0,3d61b74d
range_size_ticks = (high-low)/tick,2026-06-14,1.0,73ba58b9
range_size_ticks = (high-low)/tick,2026-06-15,1.0,73ba58b9
range_size_ticks = (high-low)/tick,2026-06-16,0.992,e7199bc7
range_size_ticks = (high-low)/tick,2026-06-17,0.9971,e7199bc7
range_size_ticks = (high-low)/tick,2026-06-18,0.9993,e7199bc7
range_size_ticks = (high-low)/tick,2026-06-19,1.0,9238adc1
range_size_ticks = (high-low)/tick,2026-06-21,0.9917,9238adc1
range_size_ticks = (high-low)/tick,2026-06-22,0.9971,9238adc1
range_size_ticks = (high-low)/tick,2026-06-23,0.9971,9238adc1
range_size_ticks = (high-low)/tick,2026-06-24,1.0,9238adc1
range_size_ticks = (high-low)/tick,2026-06-25,0.9973,9238adc1
range_size_ticks = (high-low)/tick,2026-06-26,0.9968,9238adc1
range_size_ticks = (high-low)/tick,2026-06-28,1.0,944f7204
range_size_ticks = (high-low)/tick,2026-06-29,0.9964,944f7204
range_size_ticks = (high-low)/tick,2026-06-30,0.9918,944f7204
range_size_ticks = (high-low)/tick,2026-07-01,1.0,944f7204
range_size_ticks = (high-low)/tick,2026-07-02,0.9986,944f7204
range_size_ticks = (high-low)/tick,2026-07-03,0.999,0658f3c8
range_size_ticks = (high-low)/tick,2026-07-05,1.0,13efb186
range_size_ticks = (high-low)/tick,2026-07-06,0.9993,13efb186
range_size_ticks = (high-low)/tick,2026-07-07,0.9891,13efb186
range_size_ticks = (high-low)/tick,2026-07-08,0.9906,13efb186
range_size_ticks = (high-low)/tick,2026-07-09,0.9956,13efb186
range_size_ticks = (high-low)/tick,2026-07-10,0.9929,13efb186
range_size_ticks = (high-low)/tick,2026-07-12,0.9667,13efb186
range_size_ticks = (high-low)/tick,2026-07-13,0.9978,13efb186
range_size_ticks = (high-low)/tick,2026-07-14,0.9942,13efb186
range_size_ticks = (high-low)/tick,2026-07-15,0.9949,13efb186
range_size_ticks = (high-low)/tick,2026-07-16,0.9928,13efb186
range_size_ticks = (high-low)/tick,2026-07-17,0.9984,f6003b62
range_size_ticks = (high-low)/tick,2026-07-19,1.0,f6003b62
range_size_ticks = (high-low)/tick,2026-07-20,0.9993,f6003b62
range_size_ticks = (high-low)/tick,2026-07-21,0.9855,f6003b62
range_size_ticks = (high-low)/tick,2026-07-22,0.9971,ed53e566
range_size_ticks = (high-low)/tick,2026-07-23,0.9971,ed53e566
range_size_ticks = (high-low)/tick,2026-07-24,0.996,ed53e566
range_size_ticks = (high-low)/tick,2026-07-26,1.0,4981d53a
range_size_ticks = (high-low)/tick,2026-07-27,0.9964,4981d53a
range_size_ticks = (high-low)/tick,2026-07-28,0.9971,4981d53a
range_size_ticks = (high-low)/tick,2026-07-29,0.9993,4981d53a
range_size_ticks = (high-low)/tick,2026-07-30,0.9935,4981d53a
range_size_ticks = (high-low)/tick,2026-07-31,0.9987,4981d53a
range_size_ticks = (high-low)/tick,2026-08-02,1.0,e9f2b72b
range_size_ticks = (high-low)/tick,2026-08-03,1.0,e9f2b72b
range_size_ticks = (high-low)/tick,2026-08-04,0.9964,1d20af93
range_size_ticks = (high-low)/tick,2026-08-05,0.9987,0e82f56e
range_size_ticks = (high-low)/tick,2026-08-06,0.9978,feec66f6
range_size_ticks = (high-low)/tick,2026-08-07,0.9857,287627ed
range_size_ticks = (high-low)/tick,2026-08-09,0.8,43f2daf5
range_size_ticks = (high-low)/tick,2026-08-10,0.9945,78177655
range_size_ticks = (high-low)/tick,2026-08-11,0.9935,78177655
range_size_ticks = (high-low)/tick,2026-08-12,0.9898,78177655
range_size_ticks = (high-low)/tick,2026-08-13,0.9949,78177655
range_size_ticks = (high-low)/tick,2026-08-14,0.9897,78177655
range_size_ticks = (high-low)/tick,2026-08-16,0.9833,605df903
range_size_ticks = (high-low)/tick,2026-08-17,0.9906,605df903
range_size_ticks = (high-low)/tick,2026-08-18,0.9898,605df903
range_size_ticks = (high-low)/tick,2026-08-19,0.9949,605df903
range_size_ticks = (high-low)/tick,2026-08-20,0.9986,605df903
range_size_ticks = (high-low)/tick,2026-08-21,0.9905,605df903
range_size_ticks = (high-low)/tick,2026-08-23,1.0,605df903
range_size_ticks = (high-low)/tick,2026-08-24,0.9956,605df903
range_size_ticks = (high-low)/tick,2026-08-25,0.9978,605df903
range_size_ticks = (high-low)/tick,2026-08-26,0.9935,605df903
range_size_ticks = (high-low)/tick,2026-08-27,0.9928,605df903
range_size_ticks = (high-low)/tick,2026-08-28,0.9944,605df903
range_size_ticks = (high-low)/tick,2026-08-30,1.0,605df903
range_size_ticks = (high-low)/tick,2026-08-31,0.9891,605df903
range_size_ticks = (high-low)/tick,2026-09-01,0.9978,605df903
range_size_ticks = (high-low)/tick,2026-09-02,0.9971,605df903
range_size_ticks = (high-low)/tick,2026-09-03,0.9956,605df903
range_size_ticks = (high-low)/tick,2026-09-04,1.0,605df903
volume = total_vol,2026-06-11,0.0,c43dc080
volume = total_vol,2026-06-12,0.0,3d61b74d
volume = total_vol,2026-06-14,0.0,73ba58b9
volume = total_vol,2026-06-15,0.0,73ba58b9
volume = total_vol,2026-06-16,0.0,e7199bc7
volume = total_vol,2026-06-17,0.0,e7199bc7
volume = total_vol,2026-06-18,0.0,e7199bc7
volume = total_vol,2026-06-19,0.0,9238adc1
volume = total_vol,2026-06-21,0.0,9238adc1
volume = total_vol,2026-06-22,0.0,9238adc1
volume = total_vol,2026-06-23,0.0,9238adc1
volume = total_vol,2026-06-24,0.0,9238adc1
volume = total_vol,2026-06-25,0.0,9238adc1
volume = total_vol,2026-06-26,0.0,9238adc1
volume = total_vol,2026-06-28,0.0,944f7204
volume = total_vol,2026-06-29,0.0,944f7204
volume = total_vol,2026-06-30,0.0,944f7204
volume = total_vol,2026-07-01,0.0,944f7204
volume = total_vol,2026-07-02,0.0,944f7204
volume = total_vol,2026-07-03,0.0,0658f3c8
volume = total_vol,2026-07-05,0.0,13efb186
volume = total_vol,2026-07-06,0.0,13efb186
volume = total_vol,2026-07-07,0.0,13efb186
volume = total_vol,2026-07-08,0.0,13efb186
volume = total_vol,2026-07-09,0.0,13efb186
volume = total_vol,2026-07-10,0.0,13efb186
volume = total_vol,2026-07-12,0.0,13efb186
volume = total_vol,2026-07-13,0.0,13efb186
volume = total_vol,2026-07-14,0.0,13efb186
volume = total_vol,2026-07-15,0.0,13efb186
volume = total_vol,2026-07-16,0.0,13efb186
volume = total_vol,2026-07-17,0.0,f6003b62
volume = total_vol,2026-07-19,0.0,f6003b62
volume = total_vol,2026-07-20,0.0,f6003b62
volume = total_vol,2026-07-21,0.0,f6003b62
volume = total_vol,2026-07-22,0.0,ed53e566
volume = total_vol,2026-07-23,0.0,ed53e566
volume = total_vol,2026-07-24,0.0,ed53e566
volume = total_vol,2026-07-26,0.0,4981d53a
volume = total_vol,2026-07-27,0.0,4981d53a
volume = total_vol,2026-07-28,0.0,4981d53a
volume = total_vol,2026-07-29,0.0,4981d53a
volume = total_vol,2026-07-30,0.0,4981d53a
volume = total_vol,2026-07-31,0.0,4981d53a
volume = total_vol,2026-08-02,0.0,e9f2b72b
volume = total_vol,2026-08-03,0.0,e9f2b72b
volume = total_vol,2026-08-04,0.0,1d20af93
volume = total_vol,2026-08-05,0.0,0e82f56e
volume = total_vol,2026-08-06,0.0,feec66f6
volume = total_vol,2026-08-07,0.0,287627ed
volume = total_vol,2026-08-09,0.0,43f2daf5
volume = total_vol,2026-08-10,0.0,78177655
volume = total_vol,2026-08-11,0.0,78177655
volume = total_vol,2026-08-12,0.0,78177655
volume = total_vol,2026-08-13,0.0,78177655
volume = total_vol,2026-08-14,0.0,78177655
volume = total_vol,2026-08-16,0.0,605df903
volume = total_vol,2026-08-17,0.0,605df903
volume = total_vol,2026-08-18,0.0,605df903
volume = total_vol,2026-08-19,0.0,605df903
volume = total_vol,2026-08-20,0.0,605df903
volume = total_vol,2026-08-21,0.0,605df903
volume = total_vol,2026-08-23,0.0,605df903
volume = total_vol,2026-08-24,0.0,605df903
volume = total_vol,2026-08-25,0.0,605df903
volume = total_vol,2026-08-26,0.0,605df903
volume = total_vol,2026-08-27,0.0,605df903
volume = total_vol,2026-08-28,0.0,605df903
volume = total_vol,2026-08-30,0.0,605df903
volume = total_vol,2026-08-31,0.0,605df903
volume = total_vol,2026-09-01,0.0,605df903
volume = total_vol,2026-09-02,0.0,605df903
volume = total_vol,2026-09-03,0.0,605df903
volume = total_vol,2026-09-04,0.0,605df903
total_vol = buy+sell,2026-06-10,0.0,None
total_vol = buy+sell,2026-06-11,0.0,c43dc080
total_vol = buy+sell,2026-06-12,0.0,3d61b74d
total_vol = buy+sell,2026-06-14,0.0,73ba58b9
total_vol = buy+sell,2026-06-15,0.0,73ba58b9
total_vol = buy+sell,2026-06-16,0.0,e7199bc7
total_vol = buy+sell,2026-06-17,0.0,e7199bc7
total_vol = buy+sell,2026-06-18,0.0,e7199bc7
total_vol = buy+sell,2026-06-19,0.0,9238adc1
total_vol = buy+sell,2026-06-21,0.0,9238adc1
total_vol = buy+sell,2026-06-22,0.0,9238adc1
total_vol = buy+sell,2026-06-23,0.0,9238adc1
total_vol = buy+sell,2026-06-24,0.0,9238adc1
total_vol = buy+sell,2026-06-25,0.0,9238adc1
total_vol = buy+sell,2026-06-26,0.0,9238adc1
total_vol = buy+sell,2026-06-28,0.0,944f7204
total_vol = buy+sell,2026-06-29,0.0,944f7204
total_vol = buy+sell,2026-06-30,0.0,944f7204
total_vol = buy+sell,2026-07-01,0.0,944f7204
total_vol = buy+sell,2026-07-02,0.0,944f7204
total_vol = buy+sell,2026-07-03,0.0,0658f3c8
total_vol = buy+sell,2026-07-05,0.0,13efb186
total_vol = buy+sell,2026-07-06,0.0,13efb186
total_vol = buy+sell,2026-07-07,0.0,13efb186
total_vol = buy+sell,2026-07-08,0.0,13efb186
total_vol = buy+sell,2026-07-09,0.0,13efb186
total_vol = buy+sell,2026-07-10,0.0,13efb186
total_vol = buy+sell,2026-07-12,0.0,13efb186
total_vol = buy+sell,2026-07-13,0.0,13efb186
total_vol = buy+sell,2026-07-14,0.0,13efb186
total_vol = buy+sell,2026-07-15,0.0,13efb186
total_vol = buy+sell,2026-07-16,0.0,13efb186
total_vol = buy+sell,2026-07-17,0.0,f6003b62
total_vol = buy+sell,2026-07-19,0.0,f6003b62
total_vol = buy+sell,2026-07-20,0.0,f6003b62
total_vol = buy+sell,2026-07-21,0.0,f6003b62
total_vol = buy+sell,2026-07-22,0.0,ed53e566
total_vol = buy+sell,2026-07-23,0.0,ed53e566
total_vol = buy+sell,2026-07-24,0.0,ed53e566
total_vol = buy+sell,2026-07-26,0.0,4981d53a
total_vol = buy+sell,2026-07-27,0.0,4981d53a
total_vol = buy+sell,2026-07-28,0.0,4981d53a
total_vol = buy+sell,2026-07-29,0.0,4981d53a
total_vol = buy+sell,2026-07-30,0.0,4981d53a
total_vol = buy+sell,2026-07-31,0.0,4981d53a
total_vol = buy+sell,2026-08-02,0.0,e9f2b72b
total_vol = buy+sell,2026-08-03,0.0,e9f2b72b
total_vol = buy+sell,2026-08-04,0.0,1d20af93
total_vol = buy+sell,2026-08-05,0.0,0e82f56e
total_vol = buy+sell,2026-08-06,0.0,feec66f6
total_vol = buy+sell,2026-08-07,0.0,287627ed
total_vol = buy+sell,2026-08-09,0.0,43f2daf5
total_vol = buy+sell,2026-08-10,0.0,78177655
total_vol = buy+sell,2026-08-11,0.0,78177655
total_vol = buy+sell,2026-08-12,0.0,78177655
total_vol = buy+sell,2026-08-13,0.0,78177655
total_vol = buy+sell,2026-08-14,0.0,78177655
total_vol = buy+sell,2026-08-16,0.0,605df903
total_vol = buy+sell,2026-08-17,0.0,605df903
total_vol = buy+sell,2026-08-18,0.0,605df903
total_vol = buy+sell,2026-08-19,0.0,605df903
total_vol = buy+sell,2026-08-20,0.0,605df903
total_vol = buy+sell,2026-08-21,0.0,605df903
total_vol = buy+sell,2026-08-23,0.0,605df903
total_vol = buy+sell,2026-08-24,0.0,605df903
total_vol = buy+sell,2026-08-25,0.0,605df903
total_vol = buy+sell,2026-08-26,0.0,605df903
total_vol = buy+sell,2026-08-27,0.0,605df903
total_vol = buy+sell,2026-08-28,0.0,605df903
total_vol = buy+sell,2026-08-30,0.0,605df903
total_vol = buy+sell,2026-08-31,0.0,605df903
total_vol = buy+sell,2026-09-01,0.0,605df903
total_vol = buy+sell,2026-09-02,0.0,605df903
total_vol = buy+sell,2026-09-03,0.0,605df903
total_vol = buy+sell,2026-09-04,0.0,605df903
delta_bar = buy-sell,2026-06-10,0.0,None
delta_bar = buy-sell,2026-06-11,0.0,c43dc080
delta_bar = buy-sell,2026-06-12,0.0,3d61b74d
delta_bar = buy-sell,2026-06-14,0.0,73ba58b9
delta_bar = buy-sell,2026-06-15,0.0,73ba58b9
delta_bar = buy-sell,2026-06-16,0.0,e7199bc7
delta_bar = buy-sell,2026-06-17,0.0,e7199bc7
delta_bar = buy-sell,2026-06-18,0.0,e7199bc7
delta_bar = buy-sell,2026-06-19,0.0,9238adc1
delta_bar = buy-sell,2026-06-21,0.0,9238adc1
delta_bar = buy-sell,2026-06-22,0.0,9238adc1
delta_bar = buy-sell,2026-06-23,0.0,9238adc1
delta_bar = buy-sell,2026-06-24,0.0,9238adc1
delta_bar = buy-sell,2026-06-25,0.0,9238adc1
delta_bar = buy-sell,2026-06-26,0.0,9238adc1
delta_bar = buy-sell,2026-06-28,0.0,944f7204
delta_bar = buy-sell,2026-06-29,0.0,944f7204
delta_bar = buy-sell,2026-06-30,0.0,944f7204
delta_bar = buy-sell,2026-07-01,0.0,944f7204
delta_bar = buy-sell,2026-07-02,0.0,944f7204
delta_bar = buy-sell,2026-07-03,0.0,0658f3c8
delta_bar = buy-sell,2026-07-05,0.0,13efb186
delta_bar = buy-sell,2026-07-06,0.0,13efb186
delta_bar = buy-sell,2026-07-07,0.0,13efb186
delta_bar = buy-sell,2026-07-08,0.0,13efb186
delta_bar = buy-sell,2026-07-09,0.0,13efb186
delta_bar = buy-sell,2026-07-10,0.0,13efb186
delta_bar = buy-sell,2026-07-12,0.0,13efb186
delta_bar = buy-sell,2026-07-13,0.0,13efb186
delta_bar = buy-sell,2026-07-14,0.0,13efb186
delta_bar = buy-sell,2026-07-15,0.0,13efb186
delta_bar = buy-sell,2026-07-16,0.0,13efb186
delta_bar = buy-sell,2026-07-17,0.0,f6003b62
delta_bar = buy-sell,2026-07-19,0.0,f6003b62
delta_bar = buy-sell,2026-07-20,0.0,f6003b62
delta_bar = buy-sell,2026-07-21,0.0,f6003b62
delta_bar = buy-sell,2026-07-22,0.0,ed53e566
delta_bar = buy-sell,2026-07-23,0.0,ed53e566
delta_bar = buy-sell,2026-07-24,0.0,ed53e566
delta_bar = buy-sell,2026-07-26,0.0,4981d53a
delta_bar = buy-sell,2026-07-27,0.0,4981d53a
delta_bar = buy-sell,2026-07-28,0.0,4981d53a
delta_bar = buy-sell,2026-07-29,0.0,4981d53a
delta_bar = buy-sell,2026-07-30,0.0,4981d53a
delta_bar = buy-sell,2026-07-31,0.0,4981d53a
delta_bar = buy-sell,2026-08-02,0.0,e9f2b72b
delta_bar = buy-sell,2026-08-03,0.0,e9f2b72b
delta_bar = buy-sell,2026-08-04,0.0,1d20af93
delta_bar = buy-sell,2026-08-05,0.0,0e82f56e
delta_bar = buy-sell,2026-08-06,0.0,feec66f6
delta_bar = buy-sell,2026-08-07,0.0,287627ed
delta_bar = buy-sell,2026-08-09,0.0,43f2daf5
delta_bar = buy-sell,2026-08-10,0.0,78177655
delta_bar = buy-sell,2026-08-11,0.0,78177655
delta_bar = buy-sell,2026-08-12,0.0,78177655
delta_bar = buy-sell,2026-08-13,0.0,78177655
delta_bar = buy-sell,2026-08-14,0.0,78177655
delta_bar = buy-sell,2026-08-16,0.0,605df903
delta_bar = buy-sell,2026-08-17,0.0,605df903
delta_bar = buy-sell,2026-08-18,0.0,605df903
delta_bar = buy-sell,2026-08-19,0.0,605df903
delta_bar = buy-sell,2026-08-20,0.0,605df903
delta_bar = buy-sell,2026-08-21,0.0,605df903
delta_bar = buy-sell,2026-08-23,0.0,605df903
delta_bar = buy-sell,2026-08-24,0.0,605df903
delta_bar = buy-sell,2026-08-25,0.0,605df903
delta_bar = buy-sell,2026-08-26,0.0,605df903
delta_bar = buy-sell,2026-08-27,0.0,605df903
delta_bar = buy-sell,2026-08-28,0.0,605df903
delta_bar = buy-sell,2026-08-30,0.0,605df903
delta_bar = buy-sell,2026-08-31,0.0,605df903
delta_bar = buy-sell,2026-09-01,0.0,605df903
delta_bar = buy-sell,2026-09-02,0.0,605df903
delta_bar = buy-sell,2026-09-03,0.0,605df903
delta_bar = buy-sell,2026-09-04,0.0,605df903
ask_pct + bid_pct = 1,2026-06-10,0.0,None
ask_pct + bid_pct = 1,2026-06-11,0.0,c43dc080
ask_pct + bid_pct = 1,2026-06-12,0.0,3d61b74d
ask_pct + bid_pct = 1,2026-06-14,0.0,73ba58b9
ask_pct + bid_pct = 1,2026-06-15,0.0,73ba58b9
ask_pct + bid_pct = 1,2026-06-16,0.0,e7199bc7
ask_pct + bid_pct = 1,2026-06-17,0.0,e7199bc7
ask_pct + bid_pct = 1,2026-06-18,0.0,e7199bc7
ask_pct + bid_pct = 1,2026-06-19,0.0,9238adc1
ask_pct + bid_pct = 1,2026-06-21,0.0,9238adc1
ask_pct + bid_pct = 1,2026-06-22,0.0,9238adc1
ask_pct + bid_pct = 1,2026-06-23,0.0,9238adc1
ask_pct + bid_pct = 1,2026-06-24,0.0,9238adc1
ask_pct + bid_pct = 1,2026-06-25,0.0,9238adc1
ask_pct + bid_pct = 1,2026-06-26,0.0,9238adc1
ask_pct + bid_pct = 1,2026-06-28,0.0,944f7204
ask_pct + bid_pct = 1,2026-06-29,0.0,944f7204
ask_pct + bid_pct = 1,2026-06-30,0.0,944f7204
ask_pct + bid_pct = 1,2026-07-01,0.0,944f7204
ask_pct + bid_pct = 1,2026-07-02,0.0,944f7204
ask_pct + bid_pct = 1,2026-07-03,0.0,0658f3c8
ask_pct + bid_pct = 1,2026-07-05,0.0,13efb186
ask_pct + bid_pct = 1,2026-07-06,0.0,13efb186
ask_pct + bid_pct = 1,2026-07-07,0.0,13efb186
ask_pct + bid_pct = 1,2026-07-08,0.0,13efb186
ask_pct + bid_pct = 1,2026-07-09,0.0,13efb186
ask_pct + bid_pct = 1,2026-07-10,0.0,13efb186
ask_pct + bid_pct = 1,2026-07-12,0.0,13efb186
ask_pct + bid_pct = 1,2026-07-13,0.0,13efb186
ask_pct + bid_pct = 1,2026-07-14,0.0,13efb186
ask_pct + bid_pct = 1,2026-07-15,0.0,13efb186
ask_pct + bid_pct = 1,2026-07-16,0.0,13efb186
ask_pct + bid_pct = 1,2026-07-17,0.0,f6003b62
ask_pct + bid_pct = 1,2026-07-19,0.0,f6003b62
ask_pct + bid_pct = 1,2026-07-20,0.0,f6003b62
ask_pct + bid_pct = 1,2026-07-21,0.0,f6003b62
ask_pct + bid_pct = 1,2026-07-22,0.0,ed53e566
ask_pct + bid_pct = 1,2026-07-23,0.0,ed53e566
ask_pct + bid_pct = 1,2026-07-24,0.0,ed53e566
ask_pct + bid_pct = 1,2026-07-26,0.0,4981d53a
ask_pct + bid_pct = 1,2026-07-27,0.0,4981d53a
ask_pct + bid_pct = 1,2026-07-28,0.0,4981d53a
ask_pct + bid_pct = 1,2026-07-29,0.0,4981d53a
ask_pct + bid_pct = 1,2026-07-30,0.0,4981d53a
ask_pct + bid_pct = 1,2026-07-31,0.0,4981d53a
ask_pct + bid_pct = 1,2026-08-02,0.0,e9f2b72b
ask_pct + bid_pct = 1,2026-08-03,0.0,e9f2b72b
ask_pct + bid_pct = 1,2026-08-04,0.0,1d20af93
ask_pct + bid_pct = 1,2026-08-05,0.0,0e82f56e
ask_pct + bid_pct = 1,2026-08-06,0.0,feec66f6
ask_pct + bid_pct = 1,2026-08-07,0.0,287627ed
ask_pct + bid_pct = 1,2026-08-09,0.0,43f2daf5
ask_pct + bid_pct = 1,2026-08-10,0.0,78177655
ask_pct + bid_pct = 1,2026-08-11,0.0,78177655
ask_pct + bid_pct = 1,2026-08-12,0.0,78177655
ask_pct + bid_pct = 1,2026-08-13,0.0,78177655
ask_pct + bid_pct = 1,2026-08-14,0.0,78177655
ask_pct + bid_pct = 1,2026-08-16,0.0,605df903
ask_pct + bid_pct = 1,2026-08-17,0.0,605df903
ask_pct + bid_pct = 1,2026-08-18,0.0,605df903
ask_pct + bid_pct = 1,2026-08-19,0.0,605df903
ask_pct + bid_pct = 1,2026-08-20,0.0,605df903
ask_pct + bid_pct = 1,2026-08-21,0.0,605df903
ask_pct + bid_pct = 1,2026-08-23,0.0,605df903
ask_pct + bid_pct = 1,2026-08-24,0.0,605df903
ask_pct + bid_pct = 1,2026-08-25,0.0,605df903
ask_pct + bid_pct = 1,2026-08-26,0.0,605df903
ask_pct + bid_pct = 1,2026-08-27,0.0,605df903
ask_pct + bid_pct = 1,2026-08-28,0.0,605df903
ask_pct + bid_pct = 1,2026-08-30,0.0,605df903
ask_pct + bid_pct = 1,2026-08-31,0.0,605df903
ask_pct + bid_pct = 1,2026-09-01,0.0,605df903
ask_pct + bid_pct = 1,2026-09-02,0.0,605df903
ask_pct + bid_pct = 1,2026-09-03,0.0,605df903
ask_pct + bid_pct = 1,2026-09-04,0.0,605df903
ask_pct = buy/total,2026-06-10,0.0,None
ask_pct = buy/total,2026-06-11,0.0,c43dc080
ask_pct = buy/total,2026-06-12,0.0,3d61b74d
ask_pct = buy/total,2026-06-14,0.0,73ba58b9
ask_pct = buy/total,2026-06-15,0.0,73ba58b9
ask_pct = buy/total,2026-06-16,0.0,e7199bc7
ask_pct = buy/total,2026-06-17,0.0,e7199bc7
ask_pct = buy/total,2026-06-18,0.0,e7199bc7
ask_pct = buy/total,2026-06-19,0.0,9238adc1
ask_pct = buy/total,2026-06-21,0.0,9238adc1
ask_pct = buy/total,2026-06-22,0.0,9238adc1
ask_pct = buy/total,2026-06-23,0.0,9238adc1
ask_pct = buy/total,2026-06-24,0.0,9238adc1
ask_pct = buy/total,2026-06-25,0.0,9238adc1
ask_pct = buy/total,2026-06-26,0.0,9238adc1
ask_pct = buy/total,2026-06-28,0.0,944f7204
ask_pct = buy/total,2026-06-29,0.0,944f7204
ask_pct = buy/total,2026-06-30,0.0,944f7204
ask_pct = buy/total,2026-07-01,0.0,944f7204
ask_pct = buy/total,2026-07-02,0.0,944f7204
ask_pct = buy/total,2026-07-03,0.0,0658f3c8
ask_pct = buy/total,2026-07-05,0.0,13efb186
ask_pct = buy/total,2026-07-06,0.0,13efb186
ask_pct = buy/total,2026-07-07,0.0,13efb186
ask_pct = buy/total,2026-07-08,0.0,13efb186
ask_pct = buy/total,2026-07-09,0.0,13efb186
ask_pct = buy/total,2026-07-10,0.0,13efb186
ask_pct = buy/total,2026-07-12,0.0,13efb186
ask_pct = buy/total,2026-07-13,0.0,13efb186
ask_pct = buy/total,2026-07-14,0.0,13efb186
ask_pct = buy/total,2026-07-15,0.0,13efb186
ask_pct = buy/total,2026-07-16,0.0,13efb186
ask_pct = buy/total,2026-07-17,0.0,f6003b62
ask_pct = buy/total,2026-07-19,0.0,f6003b62
ask_pct = buy/total,2026-07-20,0.0,f6003b62
ask_pct = buy/total,2026-07-21,0.0,f6003b62
ask_pct = buy/total,2026-07-22,0.0,ed53e566
ask_pct = buy/total,2026-07-23,0.0,ed53e566
ask_pct = buy/total,2026-07-24,0.0,ed53e566
ask_pct = buy/total,2026-07-26,0.0,4981d53a
ask_pct = buy/total,2026-07-27,0.0,4981d53a
ask_pct = buy/total,2026-07-28,0.0,4981d53a
ask_pct = buy/total,2026-07-29,0.0,4981d53a
ask_pct = buy/total,2026-07-30,0.0,4981d53a
ask_pct = buy/total,2026-07-31,0.0,4981d53a
ask_pct = buy/total,2026-08-02,0.0,e9f2b72b
ask_pct = buy/total,2026-08-03,0.0,e9f2b72b
ask_pct = buy/total,2026-08-04,0.0,1d20af93
ask_pct = buy/total,2026-08-05,0.0,0e82f56e
ask_pct = buy/total,2026-08-06,0.0,feec66f6
ask_pct = buy/total,2026-08-07,0.0,287627ed
ask_pct = buy/total,2026-08-09,0.0,43f2daf5
ask_pct = buy/total,2026-08-10,0.0,78177655
ask_pct = buy/total,2026-08-11,0.0,78177655
ask_pct = buy/total,2026-08-12,0.0,78177655
ask_pct = buy/total,2026-08-13,0.0,78177655
ask_pct = buy/total,2026-08-14,0.0,78177655
ask_pct = buy/total,2026-08-16,0.0,605df903
ask_pct = buy/total,2026-08-17,0.0,605df903
ask_pct = buy/total,2026-08-18,0.0,605df903
ask_pct = buy/total,2026-08-19,0.0,605df903
ask_pct = buy/total,2026-08-20,0.0,605df903
ask_pct = buy/total,2026-08-21,0.0,605df903
ask_pct = buy/total,2026-08-23,0.0,605df903
ask_pct = buy/total,2026-08-24,0.0,605df903
ask_pct = buy/total,2026-08-25,0.0,605df903
ask_pct = buy/total,2026-08-26,0.0,605df903
ask_pct = buy/total,2026-08-27,0.0,605df903
ask_pct = buy/total,2026-08-28,0.0,605df903
ask_pct = buy/total,2026-08-30,0.0,605df903
ask_pct = buy/total,2026-08-31,0.0,605df903
ask_pct = buy/total,2026-09-01,0.0,605df903
ask_pct = buy/total,2026-09-02,0.0,605df903
ask_pct = buy/total,2026-09-03,0.0,605df903
ask_pct = buy/total,2026-09-04,0.0,605df903
delta_pct = delta/total,2026-06-10,0.0,None
delta_pct = delta/total,2026-06-11,0.0,c43dc080
delta_pct = delta/total,2026-06-12,0.0,3d61b74d
delta_pct = delta/total,2026-06-14,0.0,73ba58b9
delta_pct = delta/total,2026-06-15,0.0,73ba58b9
delta_pct = delta/total,2026-06-16,0.0,e7199bc7
delta_pct = delta/total,2026-06-17,0.0,e7199bc7
delta_pct = delta/total,2026-06-18,0.0,e7199bc7
delta_pct = delta/total,2026-06-19,0.0,9238adc1
delta_pct = delta/total,2026-06-21,0.0,9238adc1
delta_pct = delta/total,2026-06-22,0.0,9238adc1
delta_pct = delta/total,2026-06-23,0.0,9238adc1
delta_pct = delta/total,2026-06-24,0.0,9238adc1
delta_pct = delta/total,2026-06-25,0.0,9238adc1
delta_pct = delta/total,2026-06-26,0.0,9238adc1
delta_pct = delta/total,2026-06-28,0.0,944f7204
delta_pct = delta/total,2026-06-29,0.0,944f7204
delta_pct = delta/total,2026-06-30,0.0,944f7204
delta_pct = delta/total,2026-07-01,0.0,944f7204
delta_pct = delta/total,2026-07-02,0.0,944f7204
delta_pct = delta/total,2026-07-03,0.0,0658f3c8
delta_pct = delta/total,2026-07-05,0.0,13efb186
delta_pct = delta/total,2026-07-06,0.0,13efb186
delta_pct = delta/total,2026-07-07,0.0,13efb186
delta_pct = delta/total,2026-07-08,0.0,13efb186
delta_pct = delta/total,2026-07-09,0.0,13efb186
delta_pct = delta/total,2026-07-10,0.0,13efb186
delta_pct = delta/total,2026-07-12,0.0,13efb186
delta_pct = delta/total,2026-07-13,0.0,13efb186
delta_pct = delta/total,2026-07-14,0.0,13efb186
delta_pct = delta/total,2026-07-15,0.0,13efb186
delta_pct = delta/total,2026-07-16,0.0,13efb186
delta_pct = delta/total,2026-07-17,0.0,f6003b62
delta_pct = delta/total,2026-07-19,0.0,f6003b62
delta_pct = delta/total,2026-07-20,0.0,f6003b62
delta_pct = delta/total,2026-07-21,0.0,f6003b62
delta_pct = delta/total,2026-07-22,0.0,ed53e566
delta_pct = delta/total,2026-07-23,0.0,ed53e566
delta_pct = delta/total,2026-07-24,0.0,ed53e566
delta_pct = delta/total,2026-07-26,0.0,4981d53a
delta_pct = delta/total,2026-07-27,0.0,4981d53a
delta_pct = delta/total,2026-07-28,0.0,4981d53a
delta_pct = delta/total,2026-07-29,0.0,4981d53a
delta_pct = delta/total,2026-07-30,0.0,4981d53a
delta_pct = delta/total,2026-07-31,0.0,4981d53a
delta_pct = delta/total,2026-08-02,0.0,e9f2b72b
delta_pct = delta/total,2026-08-03,0.0,e9f2b72b
delta_pct = delta/total,2026-08-04,0.0,1d20af93
delta_pct = delta/total,2026-08-05,0.0,0e82f56e
delta_pct = delta/total,2026-08-06,0.0,feec66f6
delta_pct = delta/total,2026-08-07,0.0,287627ed
delta_pct = delta/total,2026-08-09,0.0,43f2daf5
delta_pct = delta/total,2026-08-10,0.0,78177655
delta_pct = delta/total,2026-08-11,0.0,78177655
delta_pct = delta/total,2026-08-12,0.0,78177655
delta_pct = delta/total,2026-08-13,0.0,78177655
delta_pct = delta/total,2026-08-14,0.0,78177655
delta_pct = delta/total,2026-08-16,0.0,605df903
delta_pct = delta/total,2026-08-17,0.0,605df903
delta_pct = delta/total,2026-08-18,0.0,605df903
delta_pct = delta/total,2026-08-19,0.0,605df903
delta_pct = delta/total,2026-08-20,0.0,605df903
delta_pct = delta/total,2026-08-21,0.0,605df903
delta_pct = delta/total,2026-08-23,0.0,605df903
delta_pct = delta/total,2026-08-24,0.0,605df903
delta_pct = delta/total,2026-08-25,0.0,605df903
delta_pct = delta/total,2026-08-26,0.0,605df903
delta_pct = delta/total,2026-08-27,0.0,605df903
delta_pct = delta/total,2026-08-28,0.0,605df903
delta_pct = delta/total,2026-08-30,0.0,605df903
delta_pct = delta/total,2026-08-31,0.0,605df903
delta_pct = delta/total,2026-09-01,0.0,605df903
delta_pct = delta/total,2026-09-02,0.0,605df903
delta_pct = delta/total,2026-09-03,0.0,605df903
delta_pct = delta/total,2026-09-04,0.0,605df903
delta_bar_vol_norm = delta_pct,2026-06-10,0.0,None
delta_bar_vol_norm = delta_pct,2026-06-11,0.0,c43dc080
delta_bar_vol_norm = delta_pct,2026-06-12,0.0,3d61b74d
delta_bar_vol_norm = delta_pct,2026-06-14,0.0,73ba58b9
delta_bar_vol_norm = delta_pct,2026-06-15,0.0,73ba58b9
delta_bar_vol_norm = delta_pct,2026-06-16,0.0,e7199bc7
delta_bar_vol_norm = delta_pct,2026-06-17,0.0,e7199bc7
delta_bar_vol_norm = delta_pct,2026-06-18,0.0,e7199bc7
delta_bar_vol_norm = delta_pct,2026-06-19,0.0,9238adc1
delta_bar_vol_norm = delta_pct,2026-06-21,0.0,9238adc1
delta_bar_vol_norm = delta_pct,2026-06-22,0.0,9238adc1
delta_bar_vol_norm = delta_pct,2026-06-23,0.0,9238adc1
delta_bar_vol_norm = delta_pct,2026-06-24,0.0,9238adc1
delta_bar_vol_norm = delta_pct,2026-06-25,0.0,9238adc1
delta_bar_vol_norm = delta_pct,2026-06-26,0.0,9238adc1
delta_bar_vol_norm = delta_pct,2026-06-28,0.0,944f7204
delta_bar_vol_norm = delta_pct,2026-06-29,0.0,944f7204
delta_bar_vol_norm = delta_pct,2026-06-30,0.0,944f7204
delta_bar_vol_norm = delta_pct,2026-07-01,0.0,944f7204
delta_bar_vol_norm = delta_pct,2026-07-02,0.0,944f7204
delta_bar_vol_norm = delta_pct,2026-07-03,0.0,0658f3c8
delta_bar_vol_norm = delta_pct,2026-07-05,0.0,13efb186
delta_bar_vol_norm = delta_pct,2026-07-06,0.0,13efb186
delta_bar_vol_norm = delta_pct,2026-07-07,0.0,13efb186
delta_bar_vol_norm = delta_pct,2026-07-08,0.0,13efb186
delta_bar_vol_norm = delta_pct,2026-07-09,0.0,13efb186
delta_bar_vol_norm = delta_pct,2026-07-10,0.0,13efb186
delta_bar_vol_norm = delta_pct,2026-07-12,0.0,13efb186
delta_bar_vol_norm = delta_pct,2026-07-13,0.0,13efb186
delta_bar_vol_norm = delta_pct,2026-07-14,0.0,13efb186
delta_bar_vol_norm = delta_pct,2026-07-15,0.0,13efb186
delta_bar_vol_norm = delta_pct,2026-07-16,0.0,13efb186
delta_bar_vol_norm = delta_pct,2026-07-17,0.0,f6003b62
delta_bar_vol_norm = delta_pct,2026-07-19,0.0,f6003b62
delta_bar_vol_norm = delta_pct,2026-07-20,0.0,f6003b62
delta_bar_vol_norm = delta_pct,2026-07-21,0.0,f6003b62
delta_bar_vol_norm = delta_pct,2026-07-22,0.0,ed53e566
delta_bar_vol_norm = delta_pct,2026-07-23,0.0,ed53e566
delta_bar_vol_norm = delta_pct,2026-07-24,0.0,ed53e566
delta_bar_vol_norm = delta_pct,2026-07-26,0.0,4981d53a
delta_bar_vol_norm = delta_pct,2026-07-27,0.0,4981d53a
delta_bar_vol_norm = delta_pct,2026-07-28,0.0,4981d53a
delta_bar_vol_norm = delta_pct,2026-07-29,0.0,4981d53a
delta_bar_vol_norm = delta_pct,2026-07-30,0.0,4981d53a
delta_bar_vol_norm = delta_pct,2026-07-31,0.0,4981d53a
delta_bar_vol_norm = delta_pct,2026-08-02,0.0,e9f2b72b
delta_bar_vol_norm = delta_pct,2026-08-03,0.0,e9f2b72b
delta_bar_vol_norm = delta_pct,2026-08-04,0.0,1d20af93
delta_bar_vol_norm = delta_pct,2026-08-05,0.0,0e82f56e
delta_bar_vol_norm = delta_pct,2026-08-06,0.0,feec66f6
delta_bar_vol_norm = delta_pct,2026-08-07,0.0,287627ed
delta_bar_vol_norm = delta_pct,2026-08-09,0.0,43f2daf5
delta_bar_vol_norm = delta_pct,2026-08-10,0.0,78177655
delta_bar_vol_norm = delta_pct,2026-08-11,0.0,78177655
delta_bar_vol_norm = delta_pct,2026-08-12,0.0,78177655
delta_bar_vol_norm = delta_pct,2026-08-13,0.0,78177655
delta_bar_vol_norm = delta_pct,2026-08-14,0.0,78177655
delta_bar_vol_norm = delta_pct,2026-08-16,0.0,605df903
delta_bar_vol_norm = delta_pct,2026-08-17,0.0,605df903
delta_bar_vol_norm = delta_pct,2026-08-18,0.0,605df903
delta_bar_vol_norm = delta_pct,2026-08-19,0.0,605df903
delta_bar_vol_norm = delta_pct,2026-08-20,0.0,605df903
delta_bar_vol_norm = delta_pct,2026-08-21,0.0,605df903
delta_bar_vol_norm = delta_pct,2026-08-23,0.0,605df903
delta_bar_vol_norm = delta_pct,2026-08-24,0.0,605df903
delta_bar_vol_norm = delta_pct,2026-08-25,0.0,605df903
delta_bar_vol_norm = delta_pct,2026-08-26,0.0,605df903
delta_bar_vol_norm = delta_pct,2026-08-27,0.0,605df903
delta_bar_vol_norm = delta_pct,2026-08-28,0.0,605df903
delta_bar_vol_norm = delta_pct,2026-08-30,0.0,605df903
delta_bar_vol_norm = delta_pct,2026-08-31,0.0,605df903
delta_bar_vol_norm = delta_pct,2026-09-01,0.0,605df903
delta_bar_vol_norm = delta_pct,2026-09-02,0.0,605df903
delta_bar_vol_norm = delta_pct,2026-09-03,0.0,605df903
delta_bar_vol_norm = delta_pct,2026-09-04,0.0,605df903
ask_bid_imbalance = ask_pct-bid_pct,2026-06-10,0.0,None
ask_bid_imbalance = ask_pct-bid_pct,2026-06-11,0.0,c43dc080
ask_bid_imbalance = ask_pct-bid_pct,2026-06-12,0.0,3d61b74d
ask_bid_imbalance = ask_pct-bid_pct,2026-06-14,0.0,73ba58b9
ask_bid_imbalance = ask_pct-bid_pct,2026-06-15,0.0,73ba58b9
ask_bid_imbalance = ask_pct-bid_pct,2026-06-16,0.0,e7199bc7
ask_bid_imbalance = ask_pct-bid_pct,2026-06-17,0.0,e7199bc7
ask_bid_imbalance = ask_pct-bid_pct,2026-06-18,0.0,e7199bc7
ask_bid_imbalance = ask_pct-bid_pct,2026-06-19,0.0,9238adc1
ask_bid_imbalance = ask_pct-bid_pct,2026-06-21,0.0,9238adc1
ask_bid_imbalance = ask_pct-bid_pct,2026-06-22,0.0,9238adc1
ask_bid_imbalance = ask_pct-bid_pct,2026-06-23,0.0,9238adc1
ask_bid_imbalance = ask_pct-bid_pct,2026-06-24,0.0,9238adc1
ask_bid_imbalance = ask_pct-bid_pct,2026-06-25,0.0,9238adc1
ask_bid_imbalance = ask_pct-bid_pct,2026-06-26,0.0,9238adc1
ask_bid_imbalance = ask_pct-bid_pct,2026-06-28,0.0,944f7204
ask_bid_imbalance = ask_pct-bid_pct,2026-06-29,0.0,944f7204
ask_bid_imbalance = ask_pct-bid_pct,2026-06-30,0.0,944f7204
ask_bid_imbalance = ask_pct-bid_pct,2026-07-01,0.0,944f7204
ask_bid_imbalance = ask_pct-bid_pct,2026-07-02,0.0,944f7204
ask_bid_imbalance = ask_pct-bid_pct,2026-07-03,0.0,0658f3c8
ask_bid_imbalance = ask_pct-bid_pct,2026-07-05,0.0,13efb186
ask_bid_imbalance = ask_pct-bid_pct,2026-07-06,0.0,13efb186
ask_bid_imbalance = ask_pct-bid_pct,2026-07-07,0.0,13efb186
ask_bid_imbalance = ask_pct-bid_pct,2026-07-08,0.0,13efb186
ask_bid_imbalance = ask_pct-bid_pct,2026-07-09,0.0,13efb186
ask_bid_imbalance = ask_pct-bid_pct,2026-07-10,0.0,13efb186
ask_bid_imbalance = ask_pct-bid_pct,2026-07-12,0.0,13efb186
ask_bid_imbalance = ask_pct-bid_pct,2026-07-13,0.0,13efb186
ask_bid_imbalance = ask_pct-bid_pct,2026-07-14,0.0,13efb186
ask_bid_imbalance = ask_pct-bid_pct,2026-07-15,0.0,13efb186
ask_bid_imbalance = ask_pct-bid_pct,2026-07-16,0.0,13efb186
ask_bid_imbalance = ask_pct-bid_pct,2026-07-17,0.0,f6003b62
ask_bid_imbalance = ask_pct-bid_pct,2026-07-19,0.0,f6003b62
ask_bid_imbalance = ask_pct-bid_pct,2026-07-20,0.0,f6003b62
ask_bid_imbalance = ask_pct-bid_pct,2026-07-21,0.0,f6003b62
ask_bid_imbalance = ask_pct-bid_pct,2026-07-22,0.0,ed53e566
ask_bid_imbalance = ask_pct-bid_pct,2026-07-23,0.0,ed53e566
ask_bid_imbalance = ask_pct-bid_pct,2026-07-24,0.0,ed53e566
ask_bid_imbalance = ask_pct-bid_pct,2026-07-26,0.0,4981d53a
ask_bid_imbalance = ask_pct-bid_pct,2026-07-27,0.0,4981d53a
ask_bid_imbalance = ask_pct-bid_pct,2026-07-28,0.0,4981d53a
ask_bid_imbalance = ask_pct-bid_pct,2026-07-29,0.0,4981d53a
ask_bid_imbalance = ask_pct-bid_pct,2026-07-30,0.0,4981d53a
ask_bid_imbalance = ask_pct-bid_pct,2026-07-31,0.0,4981d53a
ask_bid_imbalance = ask_pct-bid_pct,2026-08-02,0.0,e9f2b72b
ask_bid_imbalance = ask_pct-bid_pct,2026-08-03,0.0,e9f2b72b
ask_bid_imbalance = ask_pct-bid_pct,2026-08-04,0.0,1d20af93
ask_bid_imbalance = ask_pct-bid_pct,2026-08-05,0.0,0e82f56e
ask_bid_imbalance = ask_pct-bid_pct,2026-08-06,0.0,feec66f6
ask_bid_imbalance = ask_pct-bid_pct,2026-08-07,0.0,287627ed
ask_bid_imbalance = ask_pct-bid_pct,2026-08-09,0.0,43f2daf5
ask_bid_imbalance = ask_pct-bid_pct,2026-08-10,0.0,78177655
ask_bid_imbalance = ask_pct-bid_pct,2026-08-11,0.0,78177655
ask_bid_imbalance = ask_pct-bid_pct,2026-08-12,0.0,78177655
ask_bid_imbalance = ask_pct-bid_pct,2026-08-13,0.0,78177655
ask_bid_imbalance = ask_pct-bid_pct,2026-08-14,0.0,78177655
ask_bid_imbalance = ask_pct-bid_pct,2026-08-16,0.0,605df903
ask_bid_imbalance = ask_pct-bid_pct,2026-08-17,0.0,605df903
ask_bid_imbalance = ask_pct-bid_pct,2026-08-18,0.0,605df903
ask_bid_imbalance = ask_pct-bid_pct,2026-08-19,0.0,605df903
ask_bid_imbalance = ask_pct-bid_pct,2026-08-20,0.0,605df903
ask_bid_imbalance = ask_pct-bid_pct,2026-08-21,0.0,605df903
ask_bid_imbalance = ask_pct-bid_pct,2026-08-23,0.0,605df903
ask_bid_imbalance = ask_pct-bid_pct,2026-08-24,0.0,605df903
ask_bid_imbalance = ask_pct-bid_pct,2026-08-25,0.0,605df903
ask_bid_imbalance = ask_pct-bid_pct,2026-08-26,0.0,605df903
ask_bid_imbalance = ask_pct-bid_pct,2026-08-27,0.0,605df903
ask_bid_imbalance = ask_pct-bid_pct,2026-08-28,0.0,605df903
ask_bid_imbalance = ask_pct-bid_pct,2026-08-30,0.0,605df903
ask_bid_imbalance = ask_pct-bid_pct,2026-08-31,0.0,605df903
ask_bid_imbalance = ask_pct-bid_pct,2026-09-01,0.0,605df903
ask_bid_imbalance = ask_pct-bid_pct,2026-09-02,0.0,605df903
ask_bid_imbalance = ask_pct-bid_pct,2026-09-03,0.0,605df903
ask_bid_imbalance = ask_pct-bid_pct,2026-09-04,0.0,605df903
cvd_bar_delta = delta_bar,2026-06-10,0.0,None
cvd_bar_delta = delta_bar,2026-06-11,0.0,c43dc080
cvd_bar_delta = delta_bar,2026-06-12,0.0,3d61b74d
cvd_bar_delta = delta_bar,2026-06-14,0.0,73ba58b9
cvd_bar_delta = delta_bar,2026-06-15,0.0,73ba58b9
cvd_bar_delta = delta_bar,2026-06-16,0.0,e7199bc7
cvd_bar_delta = delta_bar,2026-06-17,0.0,e7199bc7
cvd_bar_delta = delta_bar,2026-06-18,0.0,e7199bc7
cvd_bar_delta = delta_bar,2026-06-19,0.0,9238adc1
cvd_bar_delta = delta_bar,2026-06-21,0.0,9238adc1
cvd_bar_delta = delta_bar,2026-06-22,0.0,9238adc1
cvd_bar_delta = delta_bar,2026-06-23,0.0,9238adc1
cvd_bar_delta = delta_bar,2026-06-24,0.0,9238adc1
cvd_bar_delta = delta_bar,2026-06-25,0.0,9238adc1
cvd_bar_delta = delta_bar,2026-06-26,0.0,9238adc1
cvd_bar_delta = delta_bar,2026-06-28,0.0,944f7204
cvd_bar_delta = delta_bar,2026-06-29,0.0,944f7204
cvd_bar_delta = delta_bar,2026-06-30,0.0,944f7204
cvd_bar_delta = delta_bar,2026-07-01,0.0,944f7204
cvd_bar_delta = delta_bar,2026-07-02,0.0,944f7204
cvd_bar_delta = delta_bar,2026-07-03,0.0,0658f3c8
cvd_bar_delta = delta_bar,2026-07-05,0.0,13efb186
cvd_bar_delta = delta_bar,2026-07-06,0.0,13efb186
cvd_bar_delta = delta_bar,2026-07-07,0.0,13efb186
cvd_bar_delta = delta_bar,2026-07-08,0.0,13efb186
cvd_bar_delta = delta_bar,2026-07-09,0.0,13efb186
cvd_bar_delta = delta_bar,2026-07-10,0.0,13efb186
cvd_bar_delta = delta_bar,2026-07-12,0.0,13efb186
cvd_bar_delta = delta_bar,2026-07-13,0.0,13efb186
cvd_bar_delta = delta_bar,2026-07-14,0.0,13efb186
cvd_bar_delta = delta_bar,2026-07-15,0.0,13efb186
cvd_bar_delta = delta_bar,2026-07-16,0.0,13efb186
cvd_bar_delta = delta_bar,2026-07-17,0.0,f6003b62
cvd_bar_delta = delta_bar,2026-07-19,0.0,f6003b62
cvd_bar_delta = delta_bar,2026-07-20,0.0,f6003b62
cvd_bar_delta = delta_bar,2026-07-21,0.0,f6003b62
cvd_bar_delta = delta_bar,2026-07-22,0.0,ed53e566
cvd_bar_delta = delta_bar,2026-07-23,0.0,ed53e566
cvd_bar_delta = delta_bar,2026-07-24,0.0,ed53e566
cvd_bar_delta = delta_bar,2026-07-26,0.0,4981d53a
cvd_bar_delta = delta_bar,2026-07-27,0.0,4981d53a
cvd_bar_delta = delta_bar,2026-07-28,0.0,4981d53a
cvd_bar_delta = delta_bar,2026-07-29,0.0,4981d53a
cvd_bar_delta = delta_bar,2026-07-30,0.0,4981d53a
cvd_bar_delta = delta_bar,2026-07-31,0.0,4981d53a
cvd_bar_delta = delta_bar,2026-08-02,0.0,e9f2b72b
cvd_bar_delta = delta_bar,2026-08-03,0.0,e9f2b72b
cvd_bar_delta = delta_bar,2026-08-04,0.0,1d20af93
cvd_bar_delta = delta_bar,2026-08-05,0.0,0e82f56e
cvd_bar_delta = delta_bar,2026-08-06,0.0,feec66f6
cvd_bar_delta = delta_bar,2026-08-07,0.0,287627ed
cvd_bar_delta = delta_bar,2026-08-09,0.0,43f2daf5
cvd_bar_delta = delta_bar,2026-08-10,0.0,78177655
cvd_bar_delta = delta_bar,2026-08-11,0.0,78177655
cvd_bar_delta = delta_bar,2026-08-12,0.0,78177655
cvd_bar_delta = delta_bar,2026-08-13,0.0,78177655
cvd_bar_delta = delta_bar,2026-08-14,0.0,78177655
cvd_bar_delta = delta_bar,2026-08-16,0.0,605df903
cvd_bar_delta = delta_bar,2026-08-17,0.0,605df903
cvd_bar_delta = delta_bar,2026-08-18,0.0,605df903
cvd_bar_delta = delta_bar,2026-08-19,0.0,605df903
cvd_bar_delta = delta_bar,2026-08-20,0.0,605df903
cvd_bar_delta = delta_bar,2026-08-21,0.0,605df903
cvd_bar_delta = delta_bar,2026-08-23,0.0,605df903
cvd_bar_delta = delta_bar,2026-08-24,0.0,605df903
cvd_bar_delta = delta_bar,2026-08-25,0.0,605df903
cvd_bar_delta = delta_bar,2026-08-26,0.0,605df903
cvd_bar_delta = delta_bar,2026-08-27,0.0,605df903
cvd_bar_delta = delta_bar,2026-08-28,0.0,605df903
cvd_bar_delta = delta_bar,2026-08-30,0.0,605df903
cvd_bar_delta = delta_bar,2026-08-31,0.0,605df903
cvd_bar_delta = delta_bar,2026-09-01,0.0,605df903
cvd_bar_delta = delta_bar,2026-09-02,0.0007,605df903
cvd_bar_delta = delta_bar,2026-09-03,0.0,605df903
cvd_bar_delta = delta_bar,2026-09-04,0.0,605df903
delta_day = cumsum(delta_bar) par session Sierra,2026-06-10,1.0,None
delta_day = cumsum(delta_bar) par session Sierra,2026-06-11,1.0,c43dc080
delta_day = cumsum(delta_bar) par session Sierra,2026-06-12,1.0,3d61b74d
delta_day = cumsum(delta_bar) par session Sierra,2026-06-14,0.0,73ba58b9
delta_day = cumsum(delta_bar) par session Sierra,2026-06-15,0.9993,73ba58b9
delta_day = cumsum(delta_bar) par session Sierra,2026-06-16,1.0,e7199bc7
delta_day = cumsum(delta_bar) par session Sierra,2026-06-17,1.0,e7199bc7
delta_day = cumsum(delta_bar) par session Sierra,2026-06-18,1.0,e7199bc7
delta_day = cumsum(delta_bar) par session Sierra,2026-06-19,1.0,9238adc1
delta_day = cumsum(delta_bar) par session Sierra,2026-06-21,0.9917,9238adc1
delta_day = cumsum(delta_bar) par session Sierra,2026-06-22,1.0,9238adc1
delta_day = cumsum(delta_bar) par session Sierra,2026-06-23,1.0,9238adc1
delta_day = cumsum(delta_bar) par session Sierra,2026-06-24,1.0,9238adc1
delta_day = cumsum(delta_bar) par session Sierra,2026-06-25,1.0,9238adc1
delta_day = cumsum(delta_bar) par session Sierra,2026-06-26,1.0,9238adc1
delta_day = cumsum(delta_bar) par session Sierra,2026-06-28,0.9917,944f7204
delta_day = cumsum(delta_bar) par session Sierra,2026-06-29,1.0,944f7204
delta_day = cumsum(delta_bar) par session Sierra,2026-06-30,1.0,944f7204
delta_day = cumsum(delta_bar) par session Sierra,2026-07-01,1.0,944f7204
delta_day = cumsum(delta_bar) par session Sierra,2026-07-02,1.0,944f7204
delta_day = cumsum(delta_bar) par session Sierra,2026-07-03,1.0,0658f3c8
delta_day = cumsum(delta_bar) par session Sierra,2026-07-05,0.9917,13efb186
delta_day = cumsum(delta_bar) par session Sierra,2026-07-06,1.0,13efb186
delta_day = cumsum(delta_bar) par session Sierra,2026-07-07,1.0,13efb186
delta_day = cumsum(delta_bar) par session Sierra,2026-07-08,1.0,13efb186
delta_day = cumsum(delta_bar) par session Sierra,2026-07-09,1.0,13efb186
delta_day = cumsum(delta_bar) par session Sierra,2026-07-10,1.0,13efb186
delta_day = cumsum(delta_bar) par session Sierra,2026-07-12,0.9917,13efb186
delta_day = cumsum(delta_bar) par session Sierra,2026-07-13,1.0,13efb186
delta_day = cumsum(delta_bar) par session Sierra,2026-07-14,1.0,13efb186
delta_day = cumsum(delta_bar) par session Sierra,2026-07-15,0.9138,13efb186
delta_day = cumsum(delta_bar) par session Sierra,2026-07-16,0.4348,13efb186
delta_day = cumsum(delta_bar) par session Sierra,2026-07-17,1.0,f6003b62
delta_day = cumsum(delta_bar) par session Sierra,2026-07-19,0.9917,f6003b62
delta_day = cumsum(delta_bar) par session Sierra,2026-07-20,1.0,f6003b62
delta_day = cumsum(delta_bar) par session Sierra,2026-07-21,1.0,f6003b62
delta_day = cumsum(delta_bar) par session Sierra,2026-07-22,1.0,ed53e566
delta_day = cumsum(delta_bar) par session Sierra,2026-07-23,1.0,ed53e566
delta_day = cumsum(delta_bar) par session Sierra,2026-07-24,1.0,ed53e566
delta_day = cumsum(delta_bar) par session Sierra,2026-07-26,0.9917,4981d53a
delta_day = cumsum(delta_bar) par session Sierra,2026-07-27,1.0,4981d53a
delta_day = cumsum(delta_bar) par session Sierra,2026-07-28,1.0,4981d53a
delta_day = cumsum(delta_bar) par session Sierra,2026-07-29,1.0,4981d53a
delta_day = cumsum(delta_bar) par session Sierra,2026-07-30,1.0,4981d53a
delta_day = cumsum(delta_bar) par session Sierra,2026-07-31,1.0,4981d53a
delta_day = cumsum(delta_bar) par session Sierra,2026-08-02,0.9917,e9f2b72b
delta_day = cumsum(delta_bar) par session Sierra,2026-08-03,1.0,e9f2b72b
delta_day = cumsum(delta_bar) par session Sierra,2026-08-04,1.0,1d20af93
delta_day = cumsum(delta_bar) par session Sierra,2026-08-05,1.0,0e82f56e
delta_day = cumsum(delta_bar) par session Sierra,2026-08-06,1.0,feec66f6
delta_day = cumsum(delta_bar) par session Sierra,2026-08-07,1.0,287627ed
delta_day = cumsum(delta_bar) par session Sierra,2026-08-09,0.9917,43f2daf5
delta_day = cumsum(delta_bar) par session Sierra,2026-08-10,1.0,78177655
delta_day = cumsum(delta_bar) par session Sierra,2026-08-11,1.0,78177655
delta_day = cumsum(delta_bar) par session Sierra,2026-08-12,1.0,78177655
delta_day = cumsum(delta_bar) par session Sierra,2026-08-13,1.0,78177655
delta_day = cumsum(delta_bar) par session Sierra,2026-08-14,1.0,78177655
delta_day = cumsum(delta_bar) par session Sierra,2026-08-16,0.9917,605df903
delta_day = cumsum(delta_bar) par session Sierra,2026-08-17,1.0,605df903
delta_day = cumsum(delta_bar) par session Sierra,2026-08-18,1.0,605df903
delta_day = cumsum(delta_bar) par session Sierra,2026-08-19,1.0,605df903
delta_day = cumsum(delta_bar) par session Sierra,2026-08-20,1.0,605df903
delta_day = cumsum(delta_bar) par session Sierra,2026-08-21,1.0,605df903
delta_day = cumsum(delta_bar) par session Sierra,2026-08-23,0.9917,605df903
delta_day = cumsum(delta_bar) par session Sierra,2026-08-24,1.0,605df903
delta_day = cumsum(delta_bar) par session Sierra,2026-08-25,1.0,605df903
delta_day = cumsum(delta_bar) par session Sierra,2026-08-26,1.0,605df903
delta_day = cumsum(delta_bar) par session Sierra,2026-08-27,1.0,605df903
delta_day = cumsum(delta_bar) par session Sierra,2026-08-28,1.0,605df903
delta_day = cumsum(delta_bar) par session Sierra,2026-08-30,0.9917,605df903
delta_day = cumsum(delta_bar) par session Sierra,2026-08-31,1.0,605df903
delta_day = cumsum(delta_bar) par session Sierra,2026-09-01,1.0,605df903
delta_day = cumsum(delta_bar) par session Sierra,2026-09-02,1.0,605df903
delta_day = cumsum(delta_bar) par session Sierra,2026-09-03,1.0,605df903
delta_day = cumsum(delta_bar) par session Sierra,2026-09-04,1.0,605df903
delta_day = cumsum par session_date (temoin),2026-06-10,1.0,None
delta_day = cumsum par session_date (temoin),2026-06-11,1.0,c43dc080
delta_day = cumsum par session_date (temoin),2026-06-12,1.0,3d61b74d
delta_day = cumsum par session_date (temoin),2026-06-14,0.0,73ba58b9
delta_day = cumsum par session_date (temoin),2026-06-15,0.9993,73ba58b9
delta_day = cumsum par session_date (temoin),2026-06-16,1.0,e7199bc7
delta_day = cumsum par session_date (temoin),2026-06-17,1.0,e7199bc7
delta_day = cumsum par session_date (temoin),2026-06-18,1.0,e7199bc7
delta_day = cumsum par session_date (temoin),2026-06-19,1.0,9238adc1
delta_day = cumsum par session_date (temoin),2026-06-21,0.9917,9238adc1
delta_day = cumsum par session_date (temoin),2026-06-22,1.0,9238adc1
delta_day = cumsum par session_date (temoin),2026-06-23,1.0,9238adc1
delta_day = cumsum par session_date (temoin),2026-06-24,1.0,9238adc1
delta_day = cumsum par session_date (temoin),2026-06-25,1.0,9238adc1
delta_day = cumsum par session_date (temoin),2026-06-26,1.0,9238adc1
delta_day = cumsum par session_date (temoin),2026-06-28,0.9917,944f7204
delta_day = cumsum par session_date (temoin),2026-06-29,1.0,944f7204
delta_day = cumsum par session_date (temoin),2026-06-30,1.0,944f7204
delta_day = cumsum par session_date (temoin),2026-07-01,1.0,944f7204
delta_day = cumsum par session_date (temoin),2026-07-02,1.0,944f7204
delta_day = cumsum par session_date (temoin),2026-07-03,1.0,0658f3c8
delta_day = cumsum par session_date (temoin),2026-07-05,0.9917,13efb186
delta_day = cumsum par session_date (temoin),2026-07-06,1.0,13efb186
delta_day = cumsum par session_date (temoin),2026-07-07,1.0,13efb186
delta_day = cumsum par session_date (temoin),2026-07-08,1.0,13efb186
delta_day = cumsum par session_date (temoin),2026-07-09,1.0,13efb186
delta_day = cumsum par session_date (temoin),2026-07-10,1.0,13efb186
delta_day = cumsum par session_date (temoin),2026-07-12,0.9917,13efb186
delta_day = cumsum par session_date (temoin),2026-07-13,1.0,13efb186
delta_day = cumsum par session_date (temoin),2026-07-14,1.0,13efb186
delta_day = cumsum par session_date (temoin),2026-07-15,1.0,13efb186
delta_day = cumsum par session_date (temoin),2026-07-16,1.0,13efb186
delta_day = cumsum par session_date (temoin),2026-07-17,1.0,f6003b62
delta_day = cumsum par session_date (temoin),2026-07-19,0.9917,f6003b62
delta_day = cumsum par session_date (temoin),2026-07-20,1.0,f6003b62
delta_day = cumsum par session_date (temoin),2026-07-21,1.0,f6003b62
delta_day = cumsum par session_date (temoin),2026-07-22,1.0,ed53e566
delta_day = cumsum par session_date (temoin),2026-07-23,1.0,ed53e566
delta_day = cumsum par session_date (temoin),2026-07-24,1.0,ed53e566
delta_day = cumsum par session_date (temoin),2026-07-26,0.9917,4981d53a
delta_day = cumsum par session_date (temoin),2026-07-27,1.0,4981d53a
delta_day = cumsum par session_date (temoin),2026-07-28,1.0,4981d53a
delta_day = cumsum par session_date (temoin),2026-07-29,1.0,4981d53a
delta_day = cumsum par session_date (temoin),2026-07-30,1.0,4981d53a
delta_day = cumsum par session_date (temoin),2026-07-31,1.0,4981d53a
delta_day = cumsum par session_date (temoin),2026-08-02,0.9917,e9f2b72b
delta_day = cumsum par session_date (temoin),2026-08-03,1.0,e9f2b72b
delta_day = cumsum par session_date (temoin),2026-08-04,1.0,1d20af93
delta_day = cumsum par session_date (temoin),2026-08-05,1.0,0e82f56e
delta_day = cumsum par session_date (temoin),2026-08-06,1.0,feec66f6
delta_day = cumsum par session_date (temoin),2026-08-07,1.0,287627ed
delta_day = cumsum par session_date (temoin),2026-08-09,0.9917,43f2daf5
delta_day = cumsum par session_date (temoin),2026-08-10,1.0,78177655
delta_day = cumsum par session_date (temoin),2026-08-11,1.0,78177655
delta_day = cumsum par session_date (temoin),2026-08-12,1.0,78177655
delta_day = cumsum par session_date (temoin),2026-08-13,1.0,78177655
delta_day = cumsum par session_date (temoin),2026-08-14,1.0,78177655
delta_day = cumsum par session_date (temoin),2026-08-16,0.9917,605df903
delta_day = cumsum par session_date (temoin),2026-08-17,1.0,605df903
delta_day = cumsum par session_date (temoin),2026-08-18,1.0,605df903
delta_day = cumsum par session_date (temoin),2026-08-19,1.0,605df903
delta_day = cumsum par session_date (temoin),2026-08-20,1.0,605df903
delta_day = cumsum par session_date (temoin),2026-08-21,1.0,605df903
delta_day = cumsum par session_date (temoin),2026-08-23,0.9917,605df903
delta_day = cumsum par session_date (temoin),2026-08-24,1.0,605df903
delta_day = cumsum par session_date (temoin),2026-08-25,1.0,605df903
delta_day = cumsum par session_date (temoin),2026-08-26,1.0,605df903
delta_day = cumsum par session_date (temoin),2026-08-27,1.0,605df903
delta_day = cumsum par session_date (temoin),2026-08-28,1.0,605df903
delta_day = cumsum par session_date (temoin),2026-08-30,0.9917,605df903
delta_day = cumsum par session_date (temoin),2026-08-31,1.0,605df903
delta_day = cumsum par session_date (temoin),2026-09-01,1.0,605df903
delta_day = cumsum par session_date (temoin),2026-09-02,1.0,605df903
delta_day = cumsum par session_date (temoin),2026-09-03,1.0,605df903
delta_day = cumsum par session_date (temoin),2026-09-04,1.0,605df903
cvd_day = delta_day,2026-06-10,0.8491,None
cvd_day = delta_day,2026-06-11,1.0,c43dc080
cvd_day = delta_day,2026-06-12,1.0,3d61b74d
cvd_day = delta_day,2026-06-14,1.0,73ba58b9
cvd_day = delta_day,2026-06-15,1.0,73ba58b9
cvd_day = delta_day,2026-06-16,1.0,e7199bc7
cvd_day = delta_day,2026-06-17,1.0,e7199bc7
cvd_day = delta_day,2026-06-18,0.3638,e7199bc7
cvd_day = delta_day,2026-06-19,0.0,9238adc1
cvd_day = delta_day,2026-06-21,0.0,9238adc1
cvd_day = delta_day,2026-06-22,0.0,9238adc1
cvd_day = delta_day,2026-06-23,0.0,9238adc1
cvd_day = delta_day,2026-06-24,0.0,9238adc1
cvd_day = delta_day,2026-06-25,0.0,9238adc1
cvd_day = delta_day,2026-06-26,0.0,9238adc1
cvd_day = delta_day,2026-06-28,0.0,944f7204
cvd_day = delta_day,2026-06-29,0.0,944f7204
cvd_day = delta_day,2026-06-30,0.0,944f7204
cvd_day = delta_day,2026-07-01,0.0,944f7204
cvd_day = delta_day,2026-07-02,0.0,944f7204
cvd_day = delta_day,2026-07-03,0.0,0658f3c8
cvd_day = delta_day,2026-07-05,0.0,13efb186
cvd_day = delta_day,2026-07-06,0.0,13efb186
cvd_day = delta_day,2026-07-07,0.0,13efb186
cvd_day = delta_day,2026-07-08,0.0,13efb186
cvd_day = delta_day,2026-07-09,0.0,13efb186
cvd_day = delta_day,2026-07-10,0.0,13efb186
cvd_day = delta_day,2026-07-12,0.0,13efb186
cvd_day = delta_day,2026-07-13,0.0,13efb186
cvd_day = delta_day,2026-07-14,0.0,13efb186
cvd_day = delta_day,2026-07-15,0.0,13efb186
cvd_day = delta_day,2026-07-16,0.0,13efb186
cvd_day = delta_day,2026-07-17,0.0,f6003b62
cvd_day = delta_day,2026-07-19,0.0,f6003b62
cvd_day = delta_day,2026-07-20,0.0,f6003b62
cvd_day = delta_day,2026-07-21,0.0,f6003b62
cvd_day = delta_day,2026-07-22,0.0,ed53e566
cvd_day = delta_day,2026-07-23,0.0,ed53e566
cvd_day = delta_day,2026-07-24,0.0,ed53e566
cvd_day = delta_day,2026-07-26,0.0,4981d53a
cvd_day = delta_day,2026-07-27,0.0,4981d53a
cvd_day = delta_day,2026-07-28,0.0,4981d53a
cvd_day = delta_day,2026-07-29,0.0,4981d53a
cvd_day = delta_day,2026-07-30,0.0,4981d53a
cvd_day = delta_day,2026-07-31,0.0,4981d53a
cvd_day = delta_day,2026-08-02,0.0,e9f2b72b
cvd_day = delta_day,2026-08-03,0.0,e9f2b72b
cvd_day = delta_day,2026-08-04,0.0,1d20af93
cvd_day = delta_day,2026-08-05,0.0,0e82f56e
cvd_day = delta_day,2026-08-06,0.0,feec66f6
cvd_day = delta_day,2026-08-07,0.0,287627ed
cvd_day = delta_day,2026-08-09,0.0,43f2daf5
cvd_day = delta_day,2026-08-10,0.0,78177655
cvd_day = delta_day,2026-08-11,0.0,78177655
cvd_day = delta_day,2026-08-12,0.0,78177655
cvd_day = delta_day,2026-08-13,0.0,78177655
cvd_day = delta_day,2026-08-14,0.0,78177655
cvd_day = delta_day,2026-08-16,0.0,605df903
cvd_day = delta_day,2026-08-17,0.0,605df903
cvd_day = delta_day,2026-08-18,0.0,605df903
cvd_day = delta_day,2026-08-19,0.0,605df903
cvd_day = delta_day,2026-08-20,0.0,605df903
cvd_day = delta_day,2026-08-21,0.0,605df903
cvd_day = delta_day,2026-08-23,0.0,605df903
cvd_day = delta_day,2026-08-24,0.0,605df903
cvd_day = delta_day,2026-08-25,0.0,605df903
cvd_day = delta_day,2026-08-26,0.0,605df903
cvd_day = delta_day,2026-08-27,0.0,605df903
cvd_day = delta_day,2026-08-28,0.0,605df903
cvd_day = delta_day,2026-08-30,0.0,605df903
cvd_day = delta_day,2026-08-31,0.0,605df903
cvd_day = delta_day,2026-09-01,0.0,605df903
cvd_day = delta_day,2026-09-02,0.0,605df903
cvd_day = delta_day,2026-09-03,0.0,605df903
cvd_day = delta_day,2026-09-04,0.0,605df903
cvd_session = cumsum(delta) depuis 9h30 ET,2026-06-11,1.0,c43dc080
cvd_session = cumsum(delta) depuis 9h30 ET,2026-06-12,1.0,3d61b74d
cvd_session = cumsum(delta) depuis 9h30 ET,2026-06-15,1.0,73ba58b9
cvd_session = cumsum(delta) depuis 9h30 ET,2026-06-16,1.0,e7199bc7
cvd_session = cumsum(delta) depuis 9h30 ET,2026-06-17,1.0,e7199bc7
cvd_session = cumsum(delta) depuis 9h30 ET,2026-06-18,1.0,e7199bc7
cvd_session = cumsum(delta) depuis 9h30 ET,2026-06-19,1.0,9238adc1
cvd_session = cumsum(delta) depuis 9h30 ET,2026-06-22,1.0,9238adc1
cvd_session = cumsum(delta) depuis 9h30 ET,2026-06-23,1.0,9238adc1
cvd_session = cumsum(delta) depuis 9h30 ET,2026-06-25,1.0,9238adc1
cvd_session = cumsum(delta) depuis 9h30 ET,2026-06-26,1.0,9238adc1
cvd_session = cumsum(delta) depuis 9h30 ET,2026-06-29,1.0,944f7204
cvd_session = cumsum(delta) depuis 9h30 ET,2026-06-30,1.0,944f7204
cvd_session = cumsum(delta) depuis 9h30 ET,2026-07-01,1.0,944f7204
cvd_session = cumsum(delta) depuis 9h30 ET,2026-07-02,1.0,944f7204
cvd_session = cumsum(delta) depuis 9h30 ET,2026-07-03,1.0,0658f3c8
cvd_session = cumsum(delta) depuis 9h30 ET,2026-07-06,1.0,13efb186
cvd_session = cumsum(delta) depuis 9h30 ET,2026-07-07,1.0,13efb186
cvd_session = cumsum(delta) depuis 9h30 ET,2026-07-08,1.0,13efb186
cvd_session = cumsum(delta) depuis 9h30 ET,2026-07-09,1.0,13efb186
cvd_session = cumsum(delta) depuis 9h30 ET,2026-07-10,1.0,13efb186
cvd_session = cumsum(delta) depuis 9h30 ET,2026-07-13,1.0,13efb186
cvd_session = cumsum(delta) depuis 9h30 ET,2026-07-14,1.0,13efb186
cvd_session = cumsum(delta) depuis 9h30 ET,2026-07-15,1.0,13efb186
cvd_session = cumsum(delta) depuis 9h30 ET,2026-07-16,1.0,13efb186
cvd_session = cumsum(delta) depuis 9h30 ET,2026-07-17,1.0,f6003b62
cvd_session = cumsum(delta) depuis 9h30 ET,2026-07-20,1.0,f6003b62
cvd_session = cumsum(delta) depuis 9h30 ET,2026-07-21,1.0,f6003b62
cvd_session = cumsum(delta) depuis 9h30 ET,2026-07-22,1.0,ed53e566
cvd_session = cumsum(delta) depuis 9h30 ET,2026-07-23,1.0,ed53e566
cvd_session = cumsum(delta) depuis 9h30 ET,2026-07-24,1.0,ed53e566
cvd_session = cumsum(delta) depuis 9h30 ET,2026-07-27,1.0,4981d53a
cvd_session = cumsum(delta) depuis 9h30 ET,2026-07-28,1.0,4981d53a
cvd_session = cumsum(delta) depuis 9h30 ET,2026-07-29,1.0,4981d53a
cvd_session = cumsum(delta) depuis 9h30 ET,2026-07-30,1.0,4981d53a
cvd_session = cumsum(delta) depuis 9h30 ET,2026-07-31,1.0,4981d53a
cvd_session = cumsum(delta) depuis 9h30 ET,2026-08-03,1.0,e9f2b72b
cvd_session = cumsum(delta) depuis 9h30 ET,2026-08-04,1.0,1d20af93
cvd_session = cumsum(delta) depuis 9h30 ET,2026-08-05,1.0,0e82f56e
cvd_session = cumsum(delta) depuis 9h30 ET,2026-08-06,1.0,feec66f6
cvd_session = cumsum(delta) depuis 9h30 ET,2026-08-07,1.0,287627ed
cvd_session = cumsum(delta) depuis 9h30 ET,2026-08-10,1.0,78177655
cvd_session = cumsum(delta) depuis 9h30 ET,2026-08-11,1.0,78177655
cvd_session = cumsum(delta) depuis 9h30 ET,2026-08-12,1.0,78177655
cvd_session = cumsum(delta) depuis 9h30 ET,2026-08-13,1.0,78177655
cvd_session = cumsum(delta) depuis 9h30 ET,2026-08-14,1.0,78177655
cvd_session = cumsum(delta) depuis 9h30 ET,2026-08-17,1.0,605df903
cvd_session = cumsum(delta) depuis 9h30 ET,2026-08-18,1.0,605df903
cvd_session = cumsum(delta) depuis 9h30 ET,2026-08-19,1.0,605df903
cvd_session = cumsum(delta) depuis 9h30 ET,2026-08-20,1.0,605df903
cvd_session = cumsum(delta) depuis 9h30 ET,2026-08-21,1.0,605df903
cvd_session = cumsum(delta) depuis 9h30 ET,2026-08-24,1.0,605df903
cvd_session = cumsum(delta) depuis 9h30 ET,2026-08-25,1.0,605df903
cvd_session = cumsum(delta) depuis 9h30 ET,2026-08-26,1.0,605df903
cvd_session = cumsum(delta) depuis 9h30 ET,2026-08-27,1.0,605df903
cvd_session = cumsum(delta) depuis 9h30 ET,2026-08-28,1.0,605df903
cvd_session = cumsum(delta) depuis 9h30 ET,2026-08-31,1.0,605df903
cvd_session = cumsum(delta) depuis 9h30 ET,2026-09-01,1.0,605df903
cvd_session = cumsum(delta) depuis 9h30 ET,2026-09-02,1.0,605df903
cvd_session = cumsum(delta) depuis 9h30 ET,2026-09-03,1.0,605df903
cvd_session = cumsum(delta) depuis 9h30 ET,2026-09-04,1.0,605df903
dist_vwap_d = (vwap_d-close)/tick,2026-06-10,0.0,None
dist_vwap_d = (vwap_d-close)/tick,2026-06-11,0.0,c43dc080
dist_vwap_d = (vwap_d-close)/tick,2026-06-12,0.0,3d61b74d
dist_vwap_d = (vwap_d-close)/tick,2026-06-14,0.0,73ba58b9
dist_vwap_d = (vwap_d-close)/tick,2026-06-15,0.0,73ba58b9
dist_vwap_d = (vwap_d-close)/tick,2026-06-16,0.0,e7199bc7
dist_vwap_d = (vwap_d-close)/tick,2026-06-17,0.0,e7199bc7
dist_vwap_d = (vwap_d-close)/tick,2026-06-18,0.0,e7199bc7
dist_vwap_d = (vwap_d-close)/tick,2026-06-19,0.0,9238adc1
dist_vwap_d = (vwap_d-close)/tick,2026-06-21,0.0,9238adc1
dist_vwap_d = (vwap_d-close)/tick,2026-06-22,0.0,9238adc1
dist_vwap_d = (vwap_d-close)/tick,2026-06-23,0.0,9238adc1
dist_vwap_d = (vwap_d-close)/tick,2026-06-24,0.0,9238adc1
dist_vwap_d = (vwap_d-close)/tick,2026-06-25,0.0,9238adc1
dist_vwap_d = (vwap_d-close)/tick,2026-06-26,0.0,9238adc1
dist_vwap_d = (vwap_d-close)/tick,2026-06-28,0.0,944f7204
dist_vwap_d = (vwap_d-close)/tick,2026-06-29,0.0,944f7204
dist_vwap_d = (vwap_d-close)/tick,2026-06-30,0.0,944f7204
dist_vwap_d = (vwap_d-close)/tick,2026-07-01,0.0,944f7204
dist_vwap_d = (vwap_d-close)/tick,2026-07-02,0.0,944f7204
dist_vwap_d = (vwap_d-close)/tick,2026-07-03,0.0,0658f3c8
dist_vwap_d = (vwap_d-close)/tick,2026-07-05,0.0,13efb186
dist_vwap_d = (vwap_d-close)/tick,2026-07-06,0.0,13efb186
dist_vwap_d = (vwap_d-close)/tick,2026-07-07,0.0,13efb186
dist_vwap_d = (vwap_d-close)/tick,2026-07-08,0.0,13efb186
dist_vwap_d = (vwap_d-close)/tick,2026-07-09,0.0,13efb186
dist_vwap_d = (vwap_d-close)/tick,2026-07-10,0.0,13efb186
dist_vwap_d = (vwap_d-close)/tick,2026-07-12,0.0,13efb186
dist_vwap_d = (vwap_d-close)/tick,2026-07-13,0.0,13efb186
dist_vwap_d = (vwap_d-close)/tick,2026-07-14,0.0,13efb186
dist_vwap_d = (vwap_d-close)/tick,2026-07-15,0.0,13efb186
dist_vwap_d = (vwap_d-close)/tick,2026-07-16,0.0,13efb186
dist_vwap_d = (vwap_d-close)/tick,2026-07-17,0.0,f6003b62
dist_vwap_d = (vwap_d-close)/tick,2026-07-19,0.0,f6003b62
dist_vwap_d = (vwap_d-close)/tick,2026-07-20,0.0,f6003b62
dist_vwap_d = (vwap_d-close)/tick,2026-07-21,0.0,f6003b62
dist_vwap_d = (vwap_d-close)/tick,2026-07-22,0.0,ed53e566
dist_vwap_d = (vwap_d-close)/tick,2026-07-23,0.0,ed53e566
dist_vwap_d = (vwap_d-close)/tick,2026-07-24,0.0,ed53e566
dist_vwap_d = (vwap_d-close)/tick,2026-07-26,0.0,4981d53a
dist_vwap_d = (vwap_d-close)/tick,2026-07-27,0.0,4981d53a
dist_vwap_d = (vwap_d-close)/tick,2026-07-28,0.0,4981d53a
dist_vwap_d = (vwap_d-close)/tick,2026-07-29,0.0,4981d53a
dist_vwap_d = (vwap_d-close)/tick,2026-07-30,0.0,4981d53a
dist_vwap_d = (vwap_d-close)/tick,2026-07-31,0.0,4981d53a
dist_vwap_d = (vwap_d-close)/tick,2026-08-02,0.0,e9f2b72b
dist_vwap_d = (vwap_d-close)/tick,2026-08-03,0.0,e9f2b72b
dist_vwap_d = (vwap_d-close)/tick,2026-08-04,0.0,1d20af93
dist_vwap_d = (vwap_d-close)/tick,2026-08-05,0.0,0e82f56e
dist_vwap_d = (vwap_d-close)/tick,2026-08-06,0.0,feec66f6
dist_vwap_d = (vwap_d-close)/tick,2026-08-07,0.0,287627ed
dist_vwap_d = (vwap_d-close)/tick,2026-08-09,0.0,43f2daf5
dist_vwap_d = (vwap_d-close)/tick,2026-08-10,0.0,78177655
dist_vwap_d = (vwap_d-close)/tick,2026-08-11,0.0,78177655
dist_vwap_d = (vwap_d-close)/tick,2026-08-12,0.0,78177655
dist_vwap_d = (vwap_d-close)/tick,2026-08-13,0.0,78177655
dist_vwap_d = (vwap_d-close)/tick,2026-08-14,0.0,78177655
dist_vwap_d = (vwap_d-close)/tick,2026-08-16,0.0,605df903
dist_vwap_d = (vwap_d-close)/tick,2026-08-17,0.0,605df903
dist_vwap_d = (vwap_d-close)/tick,2026-08-18,0.0,605df903
dist_vwap_d = (vwap_d-close)/tick,2026-08-19,0.0,605df903
dist_vwap_d = (vwap_d-close)/tick,2026-08-20,0.0,605df903
dist_vwap_d = (vwap_d-close)/tick,2026-08-21,0.0,605df903
dist_vwap_d = (vwap_d-close)/tick,2026-08-23,0.0,605df903
dist_vwap_d = (vwap_d-close)/tick,2026-08-24,0.0,605df903
dist_vwap_d = (vwap_d-close)/tick,2026-08-25,0.0,605df903
dist_vwap_d = (vwap_d-close)/tick,2026-08-26,0.0,605df903
dist_vwap_d = (vwap_d-close)/tick,2026-08-27,0.0,605df903
dist_vwap_d = (vwap_d-close)/tick,2026-08-28,0.0,605df903
dist_vwap_d = (vwap_d-close)/tick,2026-08-30,0.0,605df903
dist_vwap_d = (vwap_d-close)/tick,2026-08-31,0.0,605df903
dist_vwap_d = (vwap_d-close)/tick,2026-09-01,0.0,605df903
dist_vwap_d = (vwap_d-close)/tick,2026-09-02,0.0,605df903
dist_vwap_d = (vwap_d-close)/tick,2026-09-03,0.0,605df903
dist_vwap_d = (vwap_d-close)/tick,2026-09-04,0.0,605df903
dist_vwap_w = (vwap_w-close)/tick,2026-06-10,0.0,None
dist_vwap_w = (vwap_w-close)/tick,2026-06-11,0.0,c43dc080
dist_vwap_w = (vwap_w-close)/tick,2026-06-12,0.0,3d61b74d
dist_vwap_w = (vwap_w-close)/tick,2026-06-15,0.0,73ba58b9
dist_vwap_w = (vwap_w-close)/tick,2026-06-16,0.0,e7199bc7
dist_vwap_w = (vwap_w-close)/tick,2026-06-17,0.0,e7199bc7
dist_vwap_w = (vwap_w-close)/tick,2026-06-18,0.0,e7199bc7
dist_vwap_w = (vwap_w-close)/tick,2026-06-19,0.0,9238adc1
dist_vwap_w = (vwap_w-close)/tick,2026-06-21,0.0,9238adc1
dist_vwap_w = (vwap_w-close)/tick,2026-06-22,0.0,9238adc1
dist_vwap_w = (vwap_w-close)/tick,2026-06-23,0.0,9238adc1
dist_vwap_w = (vwap_w-close)/tick,2026-06-24,0.0,9238adc1
dist_vwap_w = (vwap_w-close)/tick,2026-06-25,0.0,9238adc1
dist_vwap_w = (vwap_w-close)/tick,2026-06-26,0.0,9238adc1
dist_vwap_w = (vwap_w-close)/tick,2026-06-28,0.0,944f7204
dist_vwap_w = (vwap_w-close)/tick,2026-06-29,0.0,944f7204
dist_vwap_w = (vwap_w-close)/tick,2026-06-30,0.0,944f7204
dist_vwap_w = (vwap_w-close)/tick,2026-07-01,0.0,944f7204
dist_vwap_w = (vwap_w-close)/tick,2026-07-02,0.0,944f7204
dist_vwap_w = (vwap_w-close)/tick,2026-07-03,0.0,0658f3c8
dist_vwap_w = (vwap_w-close)/tick,2026-07-05,0.0,13efb186
dist_vwap_w = (vwap_w-close)/tick,2026-07-06,0.0,13efb186
dist_vwap_w = (vwap_w-close)/tick,2026-07-07,0.0,13efb186
dist_vwap_w = (vwap_w-close)/tick,2026-07-08,0.0,13efb186
dist_vwap_w = (vwap_w-close)/tick,2026-07-09,0.0,13efb186
dist_vwap_w = (vwap_w-close)/tick,2026-07-10,0.0,13efb186
dist_vwap_w = (vwap_w-close)/tick,2026-07-12,0.0,13efb186
dist_vwap_w = (vwap_w-close)/tick,2026-07-13,0.0,13efb186
dist_vwap_w = (vwap_w-close)/tick,2026-07-14,0.0,13efb186
dist_vwap_w = (vwap_w-close)/tick,2026-07-15,0.0,13efb186
dist_vwap_w = (vwap_w-close)/tick,2026-07-16,0.0,13efb186
dist_vwap_w = (vwap_w-close)/tick,2026-07-17,0.0,f6003b62
dist_vwap_w = (vwap_w-close)/tick,2026-07-19,0.0,f6003b62
dist_vwap_w = (vwap_w-close)/tick,2026-07-20,0.0,f6003b62
dist_vwap_w = (vwap_w-close)/tick,2026-07-21,0.0,f6003b62
dist_vwap_w = (vwap_w-close)/tick,2026-07-22,0.0,ed53e566
dist_vwap_w = (vwap_w-close)/tick,2026-07-23,0.0,ed53e566
dist_vwap_w = (vwap_w-close)/tick,2026-07-24,0.0,ed53e566
dist_vwap_w = (vwap_w-close)/tick,2026-07-26,0.0,4981d53a
dist_vwap_w = (vwap_w-close)/tick,2026-07-27,0.0,4981d53a
dist_vwap_w = (vwap_w-close)/tick,2026-07-28,0.0,4981d53a
dist_vwap_w = (vwap_w-close)/tick,2026-07-29,0.0,4981d53a
dist_vwap_w = (vwap_w-close)/tick,2026-07-30,0.0,4981d53a
dist_vwap_w = (vwap_w-close)/tick,2026-07-31,0.0,4981d53a
dist_vwap_w = (vwap_w-close)/tick,2026-08-02,0.0,e9f2b72b
dist_vwap_w = (vwap_w-close)/tick,2026-08-03,0.0,e9f2b72b
dist_vwap_w = (vwap_w-close)/tick,2026-08-04,0.0,1d20af93
dist_vwap_w = (vwap_w-close)/tick,2026-08-05,0.0,0e82f56e
dist_vwap_w = (vwap_w-close)/tick,2026-08-06,0.0,feec66f6
dist_vwap_w = (vwap_w-close)/tick,2026-08-07,0.0,287627ed
dist_vwap_w = (vwap_w-close)/tick,2026-08-09,0.0,43f2daf5
dist_vwap_w = (vwap_w-close)/tick,2026-08-10,0.0,78177655
dist_vwap_w = (vwap_w-close)/tick,2026-08-11,0.0,78177655
dist_vwap_w = (vwap_w-close)/tick,2026-08-12,0.0,78177655
dist_vwap_w = (vwap_w-close)/tick,2026-08-13,0.0,78177655
dist_vwap_w = (vwap_w-close)/tick,2026-08-14,0.0,78177655
dist_vwap_w = (vwap_w-close)/tick,2026-08-16,0.0,605df903
dist_vwap_w = (vwap_w-close)/tick,2026-08-17,0.0,605df903
dist_vwap_w = (vwap_w-close)/tick,2026-08-18,0.0,605df903
dist_vwap_w = (vwap_w-close)/tick,2026-08-19,0.0,605df903
dist_vwap_w = (vwap_w-close)/tick,2026-08-20,0.0,605df903
dist_vwap_w = (vwap_w-close)/tick,2026-08-21,0.0,605df903
dist_vwap_w = (vwap_w-close)/tick,2026-08-23,0.0,605df903
dist_vwap_w = (vwap_w-close)/tick,2026-08-24,0.0,605df903
dist_vwap_w = (vwap_w-close)/tick,2026-08-25,0.0,605df903
dist_vwap_w = (vwap_w-close)/tick,2026-08-26,0.0,605df903
dist_vwap_w = (vwap_w-close)/tick,2026-08-27,0.0,605df903
dist_vwap_w = (vwap_w-close)/tick,2026-08-28,0.0,605df903
dist_vwap_w = (vwap_w-close)/tick,2026-08-30,0.0,605df903
dist_vwap_w = (vwap_w-close)/tick,2026-08-31,0.0,605df903
dist_vwap_w = (vwap_w-close)/tick,2026-09-01,0.0,605df903
dist_vwap_w = (vwap_w-close)/tick,2026-09-02,0.0,605df903
dist_vwap_w = (vwap_w-close)/tick,2026-09-03,0.0,605df903
dist_vwap_w = (vwap_w-close)/tick,2026-09-04,0.0,605df903
dist_vwap_m = (vwap_m-close)/tick,2026-06-10,0.0,None
dist_vwap_m = (vwap_m-close)/tick,2026-06-11,0.0,c43dc080
dist_vwap_m = (vwap_m-close)/tick,2026-06-12,0.0,3d61b74d
dist_vwap_m = (vwap_m-close)/tick,2026-06-15,0.0,73ba58b9
dist_vwap_m = (vwap_m-close)/tick,2026-06-16,0.0,e7199bc7
dist_vwap_m = (vwap_m-close)/tick,2026-06-17,0.0,e7199bc7
dist_vwap_m = (vwap_m-close)/tick,2026-06-18,0.0,e7199bc7
dist_vwap_m = (vwap_m-close)/tick,2026-06-19,0.0,9238adc1
dist_vwap_m = (vwap_m-close)/tick,2026-06-21,0.0,9238adc1
dist_vwap_m = (vwap_m-close)/tick,2026-06-22,0.0,9238adc1
dist_vwap_m = (vwap_m-close)/tick,2026-06-23,0.0,9238adc1
dist_vwap_m = (vwap_m-close)/tick,2026-06-24,0.0,9238adc1
dist_vwap_m = (vwap_m-close)/tick,2026-06-25,0.0,9238adc1
dist_vwap_m = (vwap_m-close)/tick,2026-06-26,0.0,9238adc1
dist_vwap_m = (vwap_m-close)/tick,2026-06-28,0.0,944f7204
dist_vwap_m = (vwap_m-close)/tick,2026-06-29,0.0,944f7204
dist_vwap_m = (vwap_m-close)/tick,2026-06-30,0.0,944f7204
dist_vwap_m = (vwap_m-close)/tick,2026-07-01,0.0,944f7204
dist_vwap_m = (vwap_m-close)/tick,2026-07-02,0.0,944f7204
dist_vwap_m = (vwap_m-close)/tick,2026-07-03,0.0,0658f3c8
dist_vwap_m = (vwap_m-close)/tick,2026-07-05,0.0,13efb186
dist_vwap_m = (vwap_m-close)/tick,2026-07-06,0.0,13efb186
dist_vwap_m = (vwap_m-close)/tick,2026-07-07,0.0,13efb186
dist_vwap_m = (vwap_m-close)/tick,2026-07-08,0.0,13efb186
dist_vwap_m = (vwap_m-close)/tick,2026-07-09,0.0,13efb186
dist_vwap_m = (vwap_m-close)/tick,2026-07-10,0.0,13efb186
dist_vwap_m = (vwap_m-close)/tick,2026-07-12,0.0,13efb186
dist_vwap_m = (vwap_m-close)/tick,2026-07-13,0.0,13efb186
dist_vwap_m = (vwap_m-close)/tick,2026-07-14,0.0,13efb186
dist_vwap_m = (vwap_m-close)/tick,2026-07-15,0.0,13efb186
dist_vwap_m = (vwap_m-close)/tick,2026-07-16,0.0,13efb186
dist_vwap_m = (vwap_m-close)/tick,2026-07-17,0.0,f6003b62
dist_vwap_m = (vwap_m-close)/tick,2026-07-19,0.0,f6003b62
dist_vwap_m = (vwap_m-close)/tick,2026-07-20,0.0,f6003b62
dist_vwap_m = (vwap_m-close)/tick,2026-07-21,0.0,f6003b62
dist_vwap_m = (vwap_m-close)/tick,2026-07-22,0.0,ed53e566
dist_vwap_m = (vwap_m-close)/tick,2026-07-23,0.0,ed53e566
dist_vwap_m = (vwap_m-close)/tick,2026-07-24,0.0,ed53e566
dist_vwap_m = (vwap_m-close)/tick,2026-07-26,0.0,4981d53a
dist_vwap_m = (vwap_m-close)/tick,2026-07-27,0.0,4981d53a
dist_vwap_m = (vwap_m-close)/tick,2026-07-28,0.0,4981d53a
dist_vwap_m = (vwap_m-close)/tick,2026-07-29,0.0,4981d53a
dist_vwap_m = (vwap_m-close)/tick,2026-07-30,0.0,4981d53a
dist_vwap_m = (vwap_m-close)/tick,2026-07-31,0.0,4981d53a
dist_vwap_m = (vwap_m-close)/tick,2026-08-02,0.0,e9f2b72b
dist_vwap_m = (vwap_m-close)/tick,2026-08-03,0.0,e9f2b72b
dist_vwap_m = (vwap_m-close)/tick,2026-08-04,0.0,1d20af93
dist_vwap_m = (vwap_m-close)/tick,2026-08-05,0.0,0e82f56e
dist_vwap_m = (vwap_m-close)/tick,2026-08-06,0.0,feec66f6
dist_vwap_m = (vwap_m-close)/tick,2026-08-07,0.0,287627ed
dist_vwap_m = (vwap_m-close)/tick,2026-08-09,0.0,43f2daf5
dist_vwap_m = (vwap_m-close)/tick,2026-08-10,0.0,78177655
dist_vwap_m = (vwap_m-close)/tick,2026-08-11,0.0,78177655
dist_vwap_m = (vwap_m-close)/tick,2026-08-12,0.0,78177655
dist_vwap_m = (vwap_m-close)/tick,2026-08-13,0.0,78177655
dist_vwap_m = (vwap_m-close)/tick,2026-08-14,0.0,78177655
dist_vwap_m = (vwap_m-close)/tick,2026-08-16,0.0,605df903
dist_vwap_m = (vwap_m-close)/tick,2026-08-17,0.0,605df903
dist_vwap_m = (vwap_m-close)/tick,2026-08-18,0.0,605df903
dist_vwap_m = (vwap_m-close)/tick,2026-08-19,0.0,605df903
dist_vwap_m = (vwap_m-close)/tick,2026-08-20,0.0,605df903
dist_vwap_m = (vwap_m-close)/tick,2026-08-21,0.0,605df903
dist_vwap_m = (vwap_m-close)/tick,2026-08-23,0.0,605df903
dist_vwap_m = (vwap_m-close)/tick,2026-08-24,0.0,605df903
dist_vwap_m = (vwap_m-close)/tick,2026-08-25,0.0,605df903
dist_vwap_m = (vwap_m-close)/tick,2026-08-26,0.0,605df903
dist_vwap_m = (vwap_m-close)/tick,2026-08-27,0.0,605df903
dist_vwap_m = (vwap_m-close)/tick,2026-08-28,0.0,605df903
dist_vwap_m = (vwap_m-close)/tick,2026-08-30,0.0,605df903
dist_vwap_m = (vwap_m-close)/tick,2026-08-31,0.0,605df903
dist_vwap_m = (vwap_m-close)/tick,2026-09-01,0.0,605df903
dist_vwap_m = (vwap_m-close)/tick,2026-09-02,0.0,605df903
dist_vwap_m = (vwap_m-close)/tick,2026-09-03,0.0,605df903
dist_vwap_m = (vwap_m-close)/tick,2026-09-04,0.0,605df903
dist_cur_vpoc = (cur_vpoc_lvl-close)/tick,2026-06-10,0.0,None
dist_cur_vpoc = (cur_vpoc_lvl-close)/tick,2026-06-11,0.0,c43dc080
dist_cur_vpoc = (cur_vpoc_lvl-close)/tick,2026-06-12,0.0,3d61b74d
dist_cur_vpoc = (cur_vpoc_lvl-close)/tick,2026-06-14,0.0,73ba58b9
dist_cur_vpoc = (cur_vpoc_lvl-close)/tick,2026-06-15,0.0,73ba58b9
dist_cur_vpoc = (cur_vpoc_lvl-close)/tick,2026-06-16,0.0,e7199bc7
dist_cur_vpoc = (cur_vpoc_lvl-close)/tick,2026-06-17,0.0,e7199bc7
dist_cur_vpoc = (cur_vpoc_lvl-close)/tick,2026-06-18,0.0,e7199bc7
dist_cur_vpoc = (cur_vpoc_lvl-close)/tick,2026-06-19,0.0,9238adc1
dist_cur_vpoc = (cur_vpoc_lvl-close)/tick,2026-06-21,0.0,9238adc1
dist_cur_vpoc = (cur_vpoc_lvl-close)/tick,2026-06-22,0.0,9238adc1
dist_cur_vpoc = (cur_vpoc_lvl-close)/tick,2026-06-23,0.0,9238adc1
dist_cur_vpoc = (cur_vpoc_lvl-close)/tick,2026-06-24,0.0,9238adc1
dist_cur_vpoc = (cur_vpoc_lvl-close)/tick,2026-06-25,0.0,9238adc1
dist_cur_vpoc = (cur_vpoc_lvl-close)/tick,2026-06-26,0.0,9238adc1
dist_cur_vpoc = (cur_vpoc_lvl-close)/tick,2026-06-28,0.0,944f7204
dist_cur_vpoc = (cur_vpoc_lvl-close)/tick,2026-06-29,0.0,944f7204
dist_cur_vpoc = (cur_vpoc_lvl-close)/tick,2026-06-30,0.0,944f7204
dist_cur_vpoc = (cur_vpoc_lvl-close)/tick,2026-07-01,0.0,944f7204
dist_cur_vpoc = (cur_vpoc_lvl-close)/tick,2026-07-02,0.0,944f7204
dist_cur_vpoc = (cur_vpoc_lvl-close)/tick,2026-07-03,0.0,0658f3c8
dist_cur_vpoc = (cur_vpoc_lvl-close)/tick,2026-07-05,0.0,13efb186
dist_cur_vpoc = (cur_vpoc_lvl-close)/tick,2026-07-06,0.0,13efb186
dist_cur_vpoc = (cur_vpoc_lvl-close)/tick,2026-07-07,0.0,13efb186
dist_cur_vpoc = (cur_vpoc_lvl-close)/tick,2026-07-08,0.0,13efb186
dist_cur_vpoc = (cur_vpoc_lvl-close)/tick,2026-07-09,0.0,13efb186
dist_cur_vpoc = (cur_vpoc_lvl-close)/tick,2026-07-10,0.0,13efb186
dist_cur_vpoc = (cur_vpoc_lvl-close)/tick,2026-07-12,0.0,13efb186
dist_cur_vpoc = (cur_vpoc_lvl-close)/tick,2026-07-13,0.0,13efb186
dist_cur_vpoc = (cur_vpoc_lvl-close)/tick,2026-07-14,0.0,13efb186
dist_cur_vpoc = (cur_vpoc_lvl-close)/tick,2026-07-15,0.0,13efb186
dist_cur_vpoc = (cur_vpoc_lvl-close)/tick,2026-07-16,0.0,13efb186
dist_cur_vpoc = (cur_vpoc_lvl-close)/tick,2026-07-17,0.0,f6003b62
dist_cur_vpoc = (cur_vpoc_lvl-close)/tick,2026-07-19,0.0,f6003b62
dist_cur_vpoc = (cur_vpoc_lvl-close)/tick,2026-07-20,0.0,f6003b62
dist_cur_vpoc = (cur_vpoc_lvl-close)/tick,2026-07-21,0.0,f6003b62
dist_cur_vpoc = (cur_vpoc_lvl-close)/tick,2026-07-22,0.0,ed53e566
dist_cur_vpoc = (cur_vpoc_lvl-close)/tick,2026-07-23,0.0,ed53e566
dist_cur_vpoc = (cur_vpoc_lvl-close)/tick,2026-07-24,0.0,ed53e566
dist_cur_vpoc = (cur_vpoc_lvl-close)/tick,2026-07-26,0.0,4981d53a
dist_cur_vpoc = (cur_vpoc_lvl-close)/tick,2026-07-27,0.0,4981d53a
dist_cur_vpoc = (cur_vpoc_lvl-close)/tick,2026-07-28,0.0,4981d53a
dist_cur_vpoc = (cur_vpoc_lvl-close)/tick,2026-07-29,0.0,4981d53a
dist_cur_vpoc = (cur_vpoc_lvl-close)/tick,2026-07-30,0.0,4981d53a
dist_cur_vpoc = (cur_vpoc_lvl-close)/tick,2026-07-31,0.0,4981d53a
dist_cur_vpoc = (cur_vpoc_lvl-close)/tick,2026-08-02,0.0,e9f2b72b
dist_cur_vpoc = (cur_vpoc_lvl-close)/tick,2026-08-03,0.0,e9f2b72b
dist_cur_vpoc = (cur_vpoc_lvl-close)/tick,2026-08-04,0.0,1d20af93
dist_cur_vpoc = (cur_vpoc_lvl-close)/tick,2026-08-05,0.0,0e82f56e
dist_cur_vpoc = (cur_vpoc_lvl-close)/tick,2026-08-06,0.0,feec66f6
dist_cur_vpoc = (cur_vpoc_lvl-close)/tick,2026-08-07,0.0,287627ed
dist_cur_vpoc = (cur_vpoc_lvl-close)/tick,2026-08-09,0.0,43f2daf5
dist_cur_vpoc = (cur_vpoc_lvl-close)/tick,2026-08-10,0.0,78177655
dist_cur_vpoc = (cur_vpoc_lvl-close)/tick,2026-08-11,0.0,78177655
dist_cur_vpoc = (cur_vpoc_lvl-close)/tick,2026-08-12,0.0,78177655
dist_cur_vpoc = (cur_vpoc_lvl-close)/tick,2026-08-13,0.0,78177655
dist_cur_vpoc = (cur_vpoc_lvl-close)/tick,2026-08-14,0.0,78177655
dist_cur_vpoc = (cur_vpoc_lvl-close)/tick,2026-08-16,0.0,605df903
dist_cur_vpoc = (cur_vpoc_lvl-close)/tick,2026-08-17,0.0,605df903
dist_cur_vpoc = (cur_vpoc_lvl-close)/tick,2026-08-18,0.0,605df903
dist_cur_vpoc = (cur_vpoc_lvl-close)/tick,2026-08-19,0.0,605df903
dist_cur_vpoc = (cur_vpoc_lvl-close)/tick,2026-08-20,0.0,605df903
dist_cur_vpoc = (cur_vpoc_lvl-close)/tick,2026-08-21,0.0,605df903
dist_cur_vpoc = (cur_vpoc_lvl-close)/tick,2026-08-23,0.0,605df903
dist_cur_vpoc = (cur_vpoc_lvl-close)/tick,2026-08-24,0.0,605df903
dist_cur_vpoc = (cur_vpoc_lvl-close)/tick,2026-08-25,0.0,605df903
dist_cur_vpoc = (cur_vpoc_lvl-close)/tick,2026-08-26,0.0,605df903
dist_cur_vpoc = (cur_vpoc_lvl-close)/tick,2026-08-27,0.0,605df903
dist_cur_vpoc = (cur_vpoc_lvl-close)/tick,2026-08-28,0.0,605df903
dist_cur_vpoc = (cur_vpoc_lvl-close)/tick,2026-08-30,0.0,605df903
dist_cur_vpoc = (cur_vpoc_lvl-close)/tick,2026-08-31,0.0,605df903
dist_cur_vpoc = (cur_vpoc_lvl-close)/tick,2026-09-01,0.0,605df903
dist_cur_vpoc = (cur_vpoc_lvl-close)/tick,2026-09-02,0.0,605df903
dist_cur_vpoc = (cur_vpoc_lvl-close)/tick,2026-09-03,0.0,605df903
dist_cur_vpoc = (cur_vpoc_lvl-close)/tick,2026-09-04,0.0,605df903
dist_cur_vah = (cur_vah_lvl-close)/tick,2026-06-10,0.0,None
dist_cur_vah = (cur_vah_lvl-close)/tick,2026-06-11,0.0,c43dc080
dist_cur_vah = (cur_vah_lvl-close)/tick,2026-06-12,0.0,3d61b74d
dist_cur_vah = (cur_vah_lvl-close)/tick,2026-06-14,0.0,73ba58b9
dist_cur_vah = (cur_vah_lvl-close)/tick,2026-06-15,0.0,73ba58b9
dist_cur_vah = (cur_vah_lvl-close)/tick,2026-06-16,0.0,e7199bc7
dist_cur_vah = (cur_vah_lvl-close)/tick,2026-06-17,0.0,e7199bc7
dist_cur_vah = (cur_vah_lvl-close)/tick,2026-06-18,0.0,e7199bc7
dist_cur_vah = (cur_vah_lvl-close)/tick,2026-06-19,0.0,9238adc1
dist_cur_vah = (cur_vah_lvl-close)/tick,2026-06-21,0.0,9238adc1
dist_cur_vah = (cur_vah_lvl-close)/tick,2026-06-22,0.0,9238adc1
dist_cur_vah = (cur_vah_lvl-close)/tick,2026-06-23,0.0,9238adc1
dist_cur_vah = (cur_vah_lvl-close)/tick,2026-06-24,0.0,9238adc1
dist_cur_vah = (cur_vah_lvl-close)/tick,2026-06-25,0.0,9238adc1
dist_cur_vah = (cur_vah_lvl-close)/tick,2026-06-26,0.0,9238adc1
dist_cur_vah = (cur_vah_lvl-close)/tick,2026-06-28,0.0,944f7204
dist_cur_vah = (cur_vah_lvl-close)/tick,2026-06-29,0.0,944f7204
dist_cur_vah = (cur_vah_lvl-close)/tick,2026-06-30,0.0,944f7204
dist_cur_vah = (cur_vah_lvl-close)/tick,2026-07-01,0.0,944f7204
dist_cur_vah = (cur_vah_lvl-close)/tick,2026-07-02,0.0,944f7204
dist_cur_vah = (cur_vah_lvl-close)/tick,2026-07-03,0.0,0658f3c8
dist_cur_vah = (cur_vah_lvl-close)/tick,2026-07-05,0.0,13efb186
dist_cur_vah = (cur_vah_lvl-close)/tick,2026-07-06,0.0,13efb186
dist_cur_vah = (cur_vah_lvl-close)/tick,2026-07-07,0.0,13efb186
dist_cur_vah = (cur_vah_lvl-close)/tick,2026-07-08,0.0,13efb186
dist_cur_vah = (cur_vah_lvl-close)/tick,2026-07-09,0.0,13efb186
dist_cur_vah = (cur_vah_lvl-close)/tick,2026-07-10,0.0,13efb186
dist_cur_vah = (cur_vah_lvl-close)/tick,2026-07-12,0.0,13efb186
dist_cur_vah = (cur_vah_lvl-close)/tick,2026-07-13,0.0,13efb186
dist_cur_vah = (cur_vah_lvl-close)/tick,2026-07-14,0.0,13efb186
dist_cur_vah = (cur_vah_lvl-close)/tick,2026-07-15,0.0,13efb186
dist_cur_vah = (cur_vah_lvl-close)/tick,2026-07-16,0.0,13efb186
dist_cur_vah = (cur_vah_lvl-close)/tick,2026-07-17,0.0,f6003b62
dist_cur_vah = (cur_vah_lvl-close)/tick,2026-07-19,0.0,f6003b62
dist_cur_vah = (cur_vah_lvl-close)/tick,2026-07-20,0.0,f6003b62
dist_cur_vah = (cur_vah_lvl-close)/tick,2026-07-21,0.0,f6003b62
dist_cur_vah = (cur_vah_lvl-close)/tick,2026-07-22,0.0,ed53e566
dist_cur_vah = (cur_vah_lvl-close)/tick,2026-07-23,0.0,ed53e566
dist_cur_vah = (cur_vah_lvl-close)/tick,2026-07-24,0.0,ed53e566
dist_cur_vah = (cur_vah_lvl-close)/tick,2026-07-26,0.0,4981d53a
dist_cur_vah = (cur_vah_lvl-close)/tick,2026-07-27,0.0,4981d53a
dist_cur_vah = (cur_vah_lvl-close)/tick,2026-07-28,0.0,4981d53a
dist_cur_vah = (cur_vah_lvl-close)/tick,2026-07-29,0.0,4981d53a
dist_cur_vah = (cur_vah_lvl-close)/tick,2026-07-30,0.0,4981d53a
dist_cur_vah = (cur_vah_lvl-close)/tick,2026-07-31,0.0,4981d53a
dist_cur_vah = (cur_vah_lvl-close)/tick,2026-08-02,0.0,e9f2b72b
dist_cur_vah = (cur_vah_lvl-close)/tick,2026-08-03,0.0,e9f2b72b
dist_cur_vah = (cur_vah_lvl-close)/tick,2026-08-04,0.0,1d20af93
dist_cur_vah = (cur_vah_lvl-close)/tick,2026-08-05,0.0,0e82f56e
dist_cur_vah = (cur_vah_lvl-close)/tick,2026-08-06,0.0,feec66f6
dist_cur_vah = (cur_vah_lvl-close)/tick,2026-08-07,0.0,287627ed
dist_cur_vah = (cur_vah_lvl-close)/tick,2026-08-09,0.0,43f2daf5
dist_cur_vah = (cur_vah_lvl-close)/tick,2026-08-10,0.0,78177655
dist_cur_vah = (cur_vah_lvl-close)/tick,2026-08-11,0.0,78177655
dist_cur_vah = (cur_vah_lvl-close)/tick,2026-08-12,0.0,78177655
dist_cur_vah = (cur_vah_lvl-close)/tick,2026-08-13,0.0,78177655
dist_cur_vah = (cur_vah_lvl-close)/tick,2026-08-14,0.0,78177655
dist_cur_vah = (cur_vah_lvl-close)/tick,2026-08-16,0.0,605df903
dist_cur_vah = (cur_vah_lvl-close)/tick,2026-08-17,0.0,605df903
dist_cur_vah = (cur_vah_lvl-close)/tick,2026-08-18,0.0,605df903
dist_cur_vah = (cur_vah_lvl-close)/tick,2026-08-19,0.0,605df903
dist_cur_vah = (cur_vah_lvl-close)/tick,2026-08-20,0.0,605df903
dist_cur_vah = (cur_vah_lvl-close)/tick,2026-08-21,0.0,605df903
dist_cur_vah = (cur_vah_lvl-close)/tick,2026-08-23,0.0,605df903
dist_cur_vah = (cur_vah_lvl-close)/tick,2026-08-24,0.0,605df903
dist_cur_vah = (cur_vah_lvl-close)/tick,2026-08-25,0.0,605df903
dist_cur_vah = (cur_vah_lvl-close)/tick,2026-08-26,0.0,605df903
dist_cur_vah = (cur_vah_lvl-close)/tick,2026-08-27,0.0,605df903
dist_cur_vah = (cur_vah_lvl-close)/tick,2026-08-28,0.0,605df903
dist_cur_vah = (cur_vah_lvl-close)/tick,2026-08-30,0.0,605df903
dist_cur_vah = (cur_vah_lvl-close)/tick,2026-08-31,0.0,605df903
dist_cur_vah = (cur_vah_lvl-close)/tick,2026-09-01,0.0,605df903
dist_cur_vah = (cur_vah_lvl-close)/tick,2026-09-02,0.0,605df903
dist_cur_vah = (cur_vah_lvl-close)/tick,2026-09-03,0.0,605df903
dist_cur_vah = (cur_vah_lvl-close)/tick,2026-09-04,0.0,605df903
dist_cur_val = (cur_val_lvl-close)/tick,2026-06-10,0.0,None
dist_cur_val = (cur_val_lvl-close)/tick,2026-06-11,0.0,c43dc080
dist_cur_val = (cur_val_lvl-close)/tick,2026-06-12,0.0,3d61b74d
dist_cur_val = (cur_val_lvl-close)/tick,2026-06-14,0.0,73ba58b9
dist_cur_val = (cur_val_lvl-close)/tick,2026-06-15,0.0,73ba58b9
dist_cur_val = (cur_val_lvl-close)/tick,2026-06-16,0.0,e7199bc7
dist_cur_val = (cur_val_lvl-close)/tick,2026-06-17,0.0,e7199bc7
dist_cur_val = (cur_val_lvl-close)/tick,2026-06-18,0.0,e7199bc7
dist_cur_val = (cur_val_lvl-close)/tick,2026-06-19,0.0,9238adc1
dist_cur_val = (cur_val_lvl-close)/tick,2026-06-21,0.0,9238adc1
dist_cur_val = (cur_val_lvl-close)/tick,2026-06-22,0.0,9238adc1
dist_cur_val = (cur_val_lvl-close)/tick,2026-06-23,0.0,9238adc1
dist_cur_val = (cur_val_lvl-close)/tick,2026-06-24,0.0,9238adc1
dist_cur_val = (cur_val_lvl-close)/tick,2026-06-25,0.0,9238adc1
dist_cur_val = (cur_val_lvl-close)/tick,2026-06-26,0.0,9238adc1
dist_cur_val = (cur_val_lvl-close)/tick,2026-06-28,0.0,944f7204
dist_cur_val = (cur_val_lvl-close)/tick,2026-06-29,0.0,944f7204
dist_cur_val = (cur_val_lvl-close)/tick,2026-06-30,0.0,944f7204
dist_cur_val = (cur_val_lvl-close)/tick,2026-07-01,0.0,944f7204
dist_cur_val = (cur_val_lvl-close)/tick,2026-07-02,0.0,944f7204
dist_cur_val = (cur_val_lvl-close)/tick,2026-07-03,0.0,0658f3c8
dist_cur_val = (cur_val_lvl-close)/tick,2026-07-05,0.0,13efb186
dist_cur_val = (cur_val_lvl-close)/tick,2026-07-06,0.0,13efb186
dist_cur_val = (cur_val_lvl-close)/tick,2026-07-07,0.0,13efb186
dist_cur_val = (cur_val_lvl-close)/tick,2026-07-08,0.0,13efb186
dist_cur_val = (cur_val_lvl-close)/tick,2026-07-09,0.0,13efb186
dist_cur_val = (cur_val_lvl-close)/tick,2026-07-10,0.0,13efb186
dist_cur_val = (cur_val_lvl-close)/tick,2026-07-12,0.0,13efb186
dist_cur_val = (cur_val_lvl-close)/tick,2026-07-13,0.0,13efb186
dist_cur_val = (cur_val_lvl-close)/tick,2026-07-14,0.0,13efb186
dist_cur_val = (cur_val_lvl-close)/tick,2026-07-15,0.0,13efb186
dist_cur_val = (cur_val_lvl-close)/tick,2026-07-16,0.0,13efb186
dist_cur_val = (cur_val_lvl-close)/tick,2026-07-17,0.0,f6003b62
dist_cur_val = (cur_val_lvl-close)/tick,2026-07-19,0.0,f6003b62
dist_cur_val = (cur_val_lvl-close)/tick,2026-07-20,0.0,f6003b62
dist_cur_val = (cur_val_lvl-close)/tick,2026-07-21,0.0,f6003b62
dist_cur_val = (cur_val_lvl-close)/tick,2026-07-22,0.0,ed53e566
dist_cur_val = (cur_val_lvl-close)/tick,2026-07-23,0.0,ed53e566
dist_cur_val = (cur_val_lvl-close)/tick,2026-07-24,0.0,ed53e566
dist_cur_val = (cur_val_lvl-close)/tick,2026-07-26,0.0,4981d53a
dist_cur_val = (cur_val_lvl-close)/tick,2026-07-27,0.0,4981d53a
dist_cur_val = (cur_val_lvl-close)/tick,2026-07-28,0.0,4981d53a
dist_cur_val = (cur_val_lvl-close)/tick,2026-07-29,0.0,4981d53a
dist_cur_val = (cur_val_lvl-close)/tick,2026-07-30,0.0,4981d53a
dist_cur_val = (cur_val_lvl-close)/tick,2026-07-31,0.0,4981d53a
dist_cur_val = (cur_val_lvl-close)/tick,2026-08-02,0.0,e9f2b72b
dist_cur_val = (cur_val_lvl-close)/tick,2026-08-03,0.0,e9f2b72b
dist_cur_val = (cur_val_lvl-close)/tick,2026-08-04,0.0,1d20af93
dist_cur_val = (cur_val_lvl-close)/tick,2026-08-05,0.0,0e82f56e
dist_cur_val = (cur_val_lvl-close)/tick,2026-08-06,0.0,feec66f6
dist_cur_val = (cur_val_lvl-close)/tick,2026-08-07,0.0,287627ed
dist_cur_val = (cur_val_lvl-close)/tick,2026-08-09,0.0,43f2daf5
dist_cur_val = (cur_val_lvl-close)/tick,2026-08-10,0.0,78177655
dist_cur_val = (cur_val_lvl-close)/tick,2026-08-11,0.0,78177655
dist_cur_val = (cur_val_lvl-close)/tick,2026-08-12,0.0,78177655
dist_cur_val = (cur_val_lvl-close)/tick,2026-08-13,0.0,78177655
dist_cur_val = (cur_val_lvl-close)/tick,2026-08-14,0.0,78177655
dist_cur_val = (cur_val_lvl-close)/tick,2026-08-16,0.0,605df903
dist_cur_val = (cur_val_lvl-close)/tick,2026-08-17,0.0,605df903
dist_cur_val = (cur_val_lvl-close)/tick,2026-08-18,0.0,605df903
dist_cur_val = (cur_val_lvl-close)/tick,2026-08-19,0.0,605df903
dist_cur_val = (cur_val_lvl-close)/tick,2026-08-20,0.0,605df903
dist_cur_val = (cur_val_lvl-close)/tick,2026-08-21,0.0,605df903
dist_cur_val = (cur_val_lvl-close)/tick,2026-08-23,0.0,605df903
dist_cur_val = (cur_val_lvl-close)/tick,2026-08-24,0.0,605df903
dist_cur_val = (cur_val_lvl-close)/tick,2026-08-25,0.0,605df903
dist_cur_val = (cur_val_lvl-close)/tick,2026-08-26,0.0,605df903
dist_cur_val = (cur_val_lvl-close)/tick,2026-08-27,0.0,605df903
dist_cur_val = (cur_val_lvl-close)/tick,2026-08-28,0.0,605df903
dist_cur_val = (cur_val_lvl-close)/tick,2026-08-30,0.0,605df903
dist_cur_val = (cur_val_lvl-close)/tick,2026-08-31,0.0,605df903
dist_cur_val = (cur_val_lvl-close)/tick,2026-09-01,0.0,605df903
dist_cur_val = (cur_val_lvl-close)/tick,2026-09-02,0.0,605df903
dist_cur_val = (cur_val_lvl-close)/tick,2026-09-03,0.0,605df903
dist_cur_val = (cur_val_lvl-close)/tick,2026-09-04,0.0,605df903
dist_prev_vpoc = (prev_vpoc_lvl-close)/tick,2026-06-10,0.0,None
dist_prev_vpoc = (prev_vpoc_lvl-close)/tick,2026-06-11,0.0,c43dc080
dist_prev_vpoc = (prev_vpoc_lvl-close)/tick,2026-06-12,0.0,3d61b74d
dist_prev_vpoc = (prev_vpoc_lvl-close)/tick,2026-06-14,0.0,73ba58b9
dist_prev_vpoc = (prev_vpoc_lvl-close)/tick,2026-06-15,0.0,73ba58b9
dist_prev_vpoc = (prev_vpoc_lvl-close)/tick,2026-06-16,0.0,e7199bc7
dist_prev_vpoc = (prev_vpoc_lvl-close)/tick,2026-06-17,0.0,e7199bc7
dist_prev_vpoc = (prev_vpoc_lvl-close)/tick,2026-06-18,0.0,e7199bc7
dist_prev_vpoc = (prev_vpoc_lvl-close)/tick,2026-06-19,0.0,9238adc1
dist_prev_vpoc = (prev_vpoc_lvl-close)/tick,2026-06-21,0.0,9238adc1
dist_prev_vpoc = (prev_vpoc_lvl-close)/tick,2026-06-22,0.0,9238adc1
dist_prev_vpoc = (prev_vpoc_lvl-close)/tick,2026-06-23,0.0,9238adc1
dist_prev_vpoc = (prev_vpoc_lvl-close)/tick,2026-06-24,0.0,9238adc1
dist_prev_vpoc = (prev_vpoc_lvl-close)/tick,2026-06-25,0.0,9238adc1
dist_prev_vpoc = (prev_vpoc_lvl-close)/tick,2026-06-26,0.0,9238adc1
dist_prev_vpoc = (prev_vpoc_lvl-close)/tick,2026-06-28,0.0,944f7204
dist_prev_vpoc = (prev_vpoc_lvl-close)/tick,2026-06-29,0.0,944f7204
dist_prev_vpoc = (prev_vpoc_lvl-close)/tick,2026-06-30,0.0,944f7204
dist_prev_vpoc = (prev_vpoc_lvl-close)/tick,2026-07-01,0.0,944f7204
dist_prev_vpoc = (prev_vpoc_lvl-close)/tick,2026-07-02,0.0,944f7204
dist_prev_vpoc = (prev_vpoc_lvl-close)/tick,2026-07-03,0.0,0658f3c8
dist_prev_vpoc = (prev_vpoc_lvl-close)/tick,2026-07-05,0.0,13efb186
dist_prev_vpoc = (prev_vpoc_lvl-close)/tick,2026-07-06,0.0,13efb186
dist_prev_vpoc = (prev_vpoc_lvl-close)/tick,2026-07-07,0.0,13efb186
dist_prev_vpoc = (prev_vpoc_lvl-close)/tick,2026-07-08,0.0,13efb186
dist_prev_vpoc = (prev_vpoc_lvl-close)/tick,2026-07-09,0.0,13efb186
dist_prev_vpoc = (prev_vpoc_lvl-close)/tick,2026-07-10,0.0,13efb186
dist_prev_vpoc = (prev_vpoc_lvl-close)/tick,2026-07-12,0.0,13efb186
dist_prev_vpoc = (prev_vpoc_lvl-close)/tick,2026-07-13,0.0,13efb186
dist_prev_vpoc = (prev_vpoc_lvl-close)/tick,2026-07-14,0.0,13efb186
dist_prev_vpoc = (prev_vpoc_lvl-close)/tick,2026-07-15,0.0,13efb186
dist_prev_vpoc = (prev_vpoc_lvl-close)/tick,2026-07-16,0.0,13efb186
dist_prev_vpoc = (prev_vpoc_lvl-close)/tick,2026-07-17,0.0,f6003b62
dist_prev_vpoc = (prev_vpoc_lvl-close)/tick,2026-07-19,0.0,f6003b62
dist_prev_vpoc = (prev_vpoc_lvl-close)/tick,2026-07-20,0.0,f6003b62
dist_prev_vpoc = (prev_vpoc_lvl-close)/tick,2026-07-21,0.0,f6003b62
dist_prev_vpoc = (prev_vpoc_lvl-close)/tick,2026-07-22,0.0,ed53e566
dist_prev_vpoc = (prev_vpoc_lvl-close)/tick,2026-07-23,0.0,ed53e566
dist_prev_vpoc = (prev_vpoc_lvl-close)/tick,2026-07-24,0.0,ed53e566
dist_prev_vpoc = (prev_vpoc_lvl-close)/tick,2026-07-26,0.0,4981d53a
dist_prev_vpoc = (prev_vpoc_lvl-close)/tick,2026-07-27,0.0,4981d53a
dist_prev_vpoc = (prev_vpoc_lvl-close)/tick,2026-07-28,0.0,4981d53a
dist_prev_vpoc = (prev_vpoc_lvl-close)/tick,2026-07-29,0.0,4981d53a
dist_prev_vpoc = (prev_vpoc_lvl-close)/tick,2026-07-30,0.0,4981d53a
dist_prev_vpoc = (prev_vpoc_lvl-close)/tick,2026-07-31,0.0,4981d53a
dist_prev_vpoc = (prev_vpoc_lvl-close)/tick,2026-08-02,0.0,e9f2b72b
dist_prev_vpoc = (prev_vpoc_lvl-close)/tick,2026-08-03,0.0,e9f2b72b
dist_prev_vpoc = (prev_vpoc_lvl-close)/tick,2026-08-04,0.0,1d20af93
dist_prev_vpoc = (prev_vpoc_lvl-close)/tick,2026-08-05,0.0,0e82f56e
dist_prev_vpoc = (prev_vpoc_lvl-close)/tick,2026-08-06,0.0,feec66f6
dist_prev_vpoc = (prev_vpoc_lvl-close)/tick,2026-08-07,0.0,287627ed
dist_prev_vpoc = (prev_vpoc_lvl-close)/tick,2026-08-09,0.0,43f2daf5
dist_prev_vpoc = (prev_vpoc_lvl-close)/tick,2026-08-10,0.0,78177655
dist_prev_vpoc = (prev_vpoc_lvl-close)/tick,2026-08-11,0.0,78177655
dist_prev_vpoc = (prev_vpoc_lvl-close)/tick,2026-08-12,0.0,78177655
dist_prev_vpoc = (prev_vpoc_lvl-close)/tick,2026-08-13,0.0,78177655
dist_prev_vpoc = (prev_vpoc_lvl-close)/tick,2026-08-14,0.0,78177655
dist_prev_vpoc = (prev_vpoc_lvl-close)/tick,2026-08-16,0.0,605df903
dist_prev_vpoc = (prev_vpoc_lvl-close)/tick,2026-08-17,0.0,605df903
dist_prev_vpoc = (prev_vpoc_lvl-close)/tick,2026-08-18,0.0,605df903
dist_prev_vpoc = (prev_vpoc_lvl-close)/tick,2026-08-19,0.0,605df903
dist_prev_vpoc = (prev_vpoc_lvl-close)/tick,2026-08-20,0.0,605df903
dist_prev_vpoc = (prev_vpoc_lvl-close)/tick,2026-08-21,0.0,605df903
dist_prev_vpoc = (prev_vpoc_lvl-close)/tick,2026-08-23,0.0,605df903
dist_prev_vpoc = (prev_vpoc_lvl-close)/tick,2026-08-24,0.0,605df903
dist_prev_vpoc = (prev_vpoc_lvl-close)/tick,2026-08-25,0.0,605df903
dist_prev_vpoc = (prev_vpoc_lvl-close)/tick,2026-08-26,0.0,605df903
dist_prev_vpoc = (prev_vpoc_lvl-close)/tick,2026-08-27,0.0,605df903
dist_prev_vpoc = (prev_vpoc_lvl-close)/tick,2026-08-28,0.0,605df903
dist_prev_vpoc = (prev_vpoc_lvl-close)/tick,2026-08-30,0.0,605df903
dist_prev_vpoc = (prev_vpoc_lvl-close)/tick,2026-08-31,0.0,605df903
dist_prev_vpoc = (prev_vpoc_lvl-close)/tick,2026-09-01,0.0,605df903
dist_prev_vpoc = (prev_vpoc_lvl-close)/tick,2026-09-02,0.0,605df903
dist_prev_vpoc = (prev_vpoc_lvl-close)/tick,2026-09-03,0.0,605df903
dist_prev_vpoc = (prev_vpoc_lvl-close)/tick,2026-09-04,0.0,605df903
dist_prev_vah = (prev_vah_lvl-close)/tick,2026-06-10,0.0,None
dist_prev_vah = (prev_vah_lvl-close)/tick,2026-06-11,0.0,c43dc080
dist_prev_vah = (prev_vah_lvl-close)/tick,2026-06-12,0.0,3d61b74d
dist_prev_vah = (prev_vah_lvl-close)/tick,2026-06-14,0.0,73ba58b9
dist_prev_vah = (prev_vah_lvl-close)/tick,2026-06-15,0.0,73ba58b9
dist_prev_vah = (prev_vah_lvl-close)/tick,2026-06-16,0.0,e7199bc7
dist_prev_vah = (prev_vah_lvl-close)/tick,2026-06-17,0.0,e7199bc7
dist_prev_vah = (prev_vah_lvl-close)/tick,2026-06-18,0.0,e7199bc7
dist_prev_vah = (prev_vah_lvl-close)/tick,2026-06-19,0.0,9238adc1
dist_prev_vah = (prev_vah_lvl-close)/tick,2026-06-21,0.0,9238adc1
dist_prev_vah = (prev_vah_lvl-close)/tick,2026-06-22,0.0,9238adc1
dist_prev_vah = (prev_vah_lvl-close)/tick,2026-06-23,0.0,9238adc1
dist_prev_vah = (prev_vah_lvl-close)/tick,2026-06-24,0.0,9238adc1
dist_prev_vah = (prev_vah_lvl-close)/tick,2026-06-25,0.0,9238adc1
dist_prev_vah = (prev_vah_lvl-close)/tick,2026-06-26,0.0,9238adc1
dist_prev_vah = (prev_vah_lvl-close)/tick,2026-06-28,0.0,944f7204
dist_prev_vah = (prev_vah_lvl-close)/tick,2026-06-29,0.0,944f7204
dist_prev_vah = (prev_vah_lvl-close)/tick,2026-06-30,0.0,944f7204
dist_prev_vah = (prev_vah_lvl-close)/tick,2026-07-01,0.0,944f7204
dist_prev_vah = (prev_vah_lvl-close)/tick,2026-07-02,0.0,944f7204
dist_prev_vah = (prev_vah_lvl-close)/tick,2026-07-03,0.0,0658f3c8
dist_prev_vah = (prev_vah_lvl-close)/tick,2026-07-05,0.0,13efb186
dist_prev_vah = (prev_vah_lvl-close)/tick,2026-07-06,0.0,13efb186
dist_prev_vah = (prev_vah_lvl-close)/tick,2026-07-07,0.0,13efb186
dist_prev_vah = (prev_vah_lvl-close)/tick,2026-07-08,0.0,13efb186
dist_prev_vah = (prev_vah_lvl-close)/tick,2026-07-09,0.0,13efb186
dist_prev_vah = (prev_vah_lvl-close)/tick,2026-07-10,0.0,13efb186
dist_prev_vah = (prev_vah_lvl-close)/tick,2026-07-12,0.0,13efb186
dist_prev_vah = (prev_vah_lvl-close)/tick,2026-07-13,0.0,13efb186
dist_prev_vah = (prev_vah_lvl-close)/tick,2026-07-14,0.0,13efb186
dist_prev_vah = (prev_vah_lvl-close)/tick,2026-07-15,0.0,13efb186
dist_prev_vah = (prev_vah_lvl-close)/tick,2026-07-16,0.0,13efb186
dist_prev_vah = (prev_vah_lvl-close)/tick,2026-07-17,0.0,f6003b62
dist_prev_vah = (prev_vah_lvl-close)/tick,2026-07-19,0.0,f6003b62
dist_prev_vah = (prev_vah_lvl-close)/tick,2026-07-20,0.0,f6003b62
dist_prev_vah = (prev_vah_lvl-close)/tick,2026-07-21,0.0,f6003b62
dist_prev_vah = (prev_vah_lvl-close)/tick,2026-07-22,0.0,ed53e566
dist_prev_vah = (prev_vah_lvl-close)/tick,2026-07-23,0.0,ed53e566
dist_prev_vah = (prev_vah_lvl-close)/tick,2026-07-24,0.0,ed53e566
dist_prev_vah = (prev_vah_lvl-close)/tick,2026-07-26,0.0,4981d53a
dist_prev_vah = (prev_vah_lvl-close)/tick,2026-07-27,0.0,4981d53a
dist_prev_vah = (prev_vah_lvl-close)/tick,2026-07-28,0.0,4981d53a
dist_prev_vah = (prev_vah_lvl-close)/tick,2026-07-29,0.0,4981d53a
dist_prev_vah = (prev_vah_lvl-close)/tick,2026-07-30,0.0,4981d53a
dist_prev_vah = (prev_vah_lvl-close)/tick,2026-07-31,0.0,4981d53a
dist_prev_vah = (prev_vah_lvl-close)/tick,2026-08-02,0.0,e9f2b72b
dist_prev_vah = (prev_vah_lvl-close)/tick,2026-08-03,0.0,e9f2b72b
dist_prev_vah = (prev_vah_lvl-close)/tick,2026-08-04,0.0,1d20af93
dist_prev_vah = (prev_vah_lvl-close)/tick,2026-08-05,0.0,0e82f56e
dist_prev_vah = (prev_vah_lvl-close)/tick,2026-08-06,0.0,feec66f6
dist_prev_vah = (prev_vah_lvl-close)/tick,2026-08-07,0.0,287627ed
dist_prev_vah = (prev_vah_lvl-close)/tick,2026-08-09,0.0,43f2daf5
dist_prev_vah = (prev_vah_lvl-close)/tick,2026-08-10,0.0,78177655
dist_prev_vah = (prev_vah_lvl-close)/tick,2026-08-11,0.0,78177655
dist_prev_vah = (prev_vah_lvl-close)/tick,2026-08-12,0.0,78177655
dist_prev_vah = (prev_vah_lvl-close)/tick,2026-08-13,0.0,78177655
dist_prev_vah = (prev_vah_lvl-close)/tick,2026-08-14,0.0,78177655
dist_prev_vah = (prev_vah_lvl-close)/tick,2026-08-16,0.0,605df903
dist_prev_vah = (prev_vah_lvl-close)/tick,2026-08-17,0.0,605df903
dist_prev_vah = (prev_vah_lvl-close)/tick,2026-08-18,0.0,605df903
dist_prev_vah = (prev_vah_lvl-close)/tick,2026-08-19,0.0,605df903
dist_prev_vah = (prev_vah_lvl-close)/tick,2026-08-20,0.0,605df903
dist_prev_vah = (prev_vah_lvl-close)/tick,2026-08-21,0.0,605df903
dist_prev_vah = (prev_vah_lvl-close)/tick,2026-08-23,0.0,605df903
dist_prev_vah = (prev_vah_lvl-close)/tick,2026-08-24,0.0,605df903
dist_prev_vah = (prev_vah_lvl-close)/tick,2026-08-25,0.0,605df903
dist_prev_vah = (prev_vah_lvl-close)/tick,2026-08-26,0.0,605df903
dist_prev_vah = (prev_vah_lvl-close)/tick,2026-08-27,0.0,605df903
dist_prev_vah = (prev_vah_lvl-close)/tick,2026-08-28,0.0,605df903
dist_prev_vah = (prev_vah_lvl-close)/tick,2026-08-30,0.0,605df903
dist_prev_vah = (prev_vah_lvl-close)/tick,2026-08-31,0.0,605df903
dist_prev_vah = (prev_vah_lvl-close)/tick,2026-09-01,0.0,605df903
dist_prev_vah = (prev_vah_lvl-close)/tick,2026-09-02,0.0,605df903
dist_prev_vah = (prev_vah_lvl-close)/tick,2026-09-03,0.0,605df903
dist_prev_vah = (prev_vah_lvl-close)/tick,2026-09-04,0.0,605df903
dist_prev_val = (prev_val_lvl-close)/tick,2026-06-10,0.0,None
dist_prev_val = (prev_val_lvl-close)/tick,2026-06-11,0.0,c43dc080
dist_prev_val = (prev_val_lvl-close)/tick,2026-06-12,0.0,3d61b74d
dist_prev_val = (prev_val_lvl-close)/tick,2026-06-14,0.0,73ba58b9
dist_prev_val = (prev_val_lvl-close)/tick,2026-06-15,0.0,73ba58b9
dist_prev_val = (prev_val_lvl-close)/tick,2026-06-16,0.0,e7199bc7
dist_prev_val = (prev_val_lvl-close)/tick,2026-06-17,0.0,e7199bc7
dist_prev_val = (prev_val_lvl-close)/tick,2026-06-18,0.0,e7199bc7
dist_prev_val = (prev_val_lvl-close)/tick,2026-06-19,0.0,9238adc1
dist_prev_val = (prev_val_lvl-close)/tick,2026-06-21,0.0,9238adc1
dist_prev_val = (prev_val_lvl-close)/tick,2026-06-22,0.0,9238adc1
dist_prev_val = (prev_val_lvl-close)/tick,2026-06-23,0.0,9238adc1
dist_prev_val = (prev_val_lvl-close)/tick,2026-06-24,0.0,9238adc1
dist_prev_val = (prev_val_lvl-close)/tick,2026-06-25,0.0,9238adc1
dist_prev_val = (prev_val_lvl-close)/tick,2026-06-26,0.0,9238adc1
dist_prev_val = (prev_val_lvl-close)/tick,2026-06-28,0.0,944f7204
dist_prev_val = (prev_val_lvl-close)/tick,2026-06-29,0.0,944f7204
dist_prev_val = (prev_val_lvl-close)/tick,2026-06-30,0.0,944f7204
dist_prev_val = (prev_val_lvl-close)/tick,2026-07-01,0.0,944f7204
dist_prev_val = (prev_val_lvl-close)/tick,2026-07-02,0.0,944f7204
dist_prev_val = (prev_val_lvl-close)/tick,2026-07-03,0.0,0658f3c8
dist_prev_val = (prev_val_lvl-close)/tick,2026-07-05,0.0,13efb186
dist_prev_val = (prev_val_lvl-close)/tick,2026-07-06,0.0,13efb186
dist_prev_val = (prev_val_lvl-close)/tick,2026-07-07,0.0,13efb186
dist_prev_val = (prev_val_lvl-close)/tick,2026-07-08,0.0,13efb186
dist_prev_val = (prev_val_lvl-close)/tick,2026-07-09,0.0,13efb186
dist_prev_val = (prev_val_lvl-close)/tick,2026-07-10,0.0,13efb186
dist_prev_val = (prev_val_lvl-close)/tick,2026-07-12,0.0,13efb186
dist_prev_val = (prev_val_lvl-close)/tick,2026-07-13,0.0,13efb186
dist_prev_val = (prev_val_lvl-close)/tick,2026-07-14,0.0,13efb186
dist_prev_val = (prev_val_lvl-close)/tick,2026-07-15,0.0,13efb186
dist_prev_val = (prev_val_lvl-close)/tick,2026-07-16,0.0,13efb186
dist_prev_val = (prev_val_lvl-close)/tick,2026-07-17,0.0,f6003b62
dist_prev_val = (prev_val_lvl-close)/tick,2026-07-19,0.0,f6003b62
dist_prev_val = (prev_val_lvl-close)/tick,2026-07-20,0.0,f6003b62
dist_prev_val = (prev_val_lvl-close)/tick,2026-07-21,0.0,f6003b62
dist_prev_val = (prev_val_lvl-close)/tick,2026-07-22,0.0,ed53e566
dist_prev_val = (prev_val_lvl-close)/tick,2026-07-23,0.0,ed53e566
dist_prev_val = (prev_val_lvl-close)/tick,2026-07-24,0.0,ed53e566
dist_prev_val = (prev_val_lvl-close)/tick,2026-07-26,0.0,4981d53a
dist_prev_val = (prev_val_lvl-close)/tick,2026-07-27,0.0,4981d53a
dist_prev_val = (prev_val_lvl-close)/tick,2026-07-28,0.0,4981d53a
dist_prev_val = (prev_val_lvl-close)/tick,2026-07-29,0.0,4981d53a
dist_prev_val = (prev_val_lvl-close)/tick,2026-07-30,0.0,4981d53a
dist_prev_val = (prev_val_lvl-close)/tick,2026-07-31,0.0,4981d53a
dist_prev_val = (prev_val_lvl-close)/tick,2026-08-02,0.0,e9f2b72b
dist_prev_val = (prev_val_lvl-close)/tick,2026-08-03,0.0,e9f2b72b
dist_prev_val = (prev_val_lvl-close)/tick,2026-08-04,0.0,1d20af93
dist_prev_val = (prev_val_lvl-close)/tick,2026-08-05,0.0,0e82f56e
dist_prev_val = (prev_val_lvl-close)/tick,2026-08-06,0.0,feec66f6
dist_prev_val = (prev_val_lvl-close)/tick,2026-08-07,0.0,287627ed
dist_prev_val = (prev_val_lvl-close)/tick,2026-08-09,0.0,43f2daf5
dist_prev_val = (prev_val_lvl-close)/tick,2026-08-10,0.0,78177655
dist_prev_val = (prev_val_lvl-close)/tick,2026-08-11,0.0,78177655
dist_prev_val = (prev_val_lvl-close)/tick,2026-08-12,0.0,78177655
dist_prev_val = (prev_val_lvl-close)/tick,2026-08-13,0.0,78177655
dist_prev_val = (prev_val_lvl-close)/tick,2026-08-14,0.0,78177655
dist_prev_val = (prev_val_lvl-close)/tick,2026-08-16,0.0,605df903
dist_prev_val = (prev_val_lvl-close)/tick,2026-08-17,0.0,605df903
dist_prev_val = (prev_val_lvl-close)/tick,2026-08-18,0.0,605df903
dist_prev_val = (prev_val_lvl-close)/tick,2026-08-19,0.0,605df903
dist_prev_val = (prev_val_lvl-close)/tick,2026-08-20,0.0,605df903
dist_prev_val = (prev_val_lvl-close)/tick,2026-08-21,0.0,605df903
dist_prev_val = (prev_val_lvl-close)/tick,2026-08-23,0.0,605df903
dist_prev_val = (prev_val_lvl-close)/tick,2026-08-24,0.0,605df903
dist_prev_val = (prev_val_lvl-close)/tick,2026-08-25,0.0,605df903
dist_prev_val = (prev_val_lvl-close)/tick,2026-08-26,0.0,605df903
dist_prev_val = (prev_val_lvl-close)/tick,2026-08-27,0.0,605df903
dist_prev_val = (prev_val_lvl-close)/tick,2026-08-28,0.0,605df903
dist_prev_val = (prev_val_lvl-close)/tick,2026-08-30,0.0,605df903
dist_prev_val = (prev_val_lvl-close)/tick,2026-08-31,0.0,605df903
dist_prev_val = (prev_val_lvl-close)/tick,2026-09-01,0.0,605df903
dist_prev_val = (prev_val_lvl-close)/tick,2026-09-02,0.0,605df903
dist_prev_val = (prev_val_lvl-close)/tick,2026-09-03,0.0,605df903
dist_prev_val = (prev_val_lvl-close)/tick,2026-09-04,0.0,605df903
dist_prev_vwap = (pvwap-close)/tick,2026-06-10,0.0,None
dist_prev_vwap = (pvwap-close)/tick,2026-06-11,0.0,c43dc080
dist_prev_vwap = (pvwap-close)/tick,2026-06-12,0.0,3d61b74d
dist_prev_vwap = (pvwap-close)/tick,2026-06-14,0.0,73ba58b9
dist_prev_vwap = (pvwap-close)/tick,2026-06-15,0.0,73ba58b9
dist_prev_vwap = (pvwap-close)/tick,2026-06-16,0.0,e7199bc7
dist_prev_vwap = (pvwap-close)/tick,2026-06-17,0.0,e7199bc7
dist_prev_vwap = (pvwap-close)/tick,2026-06-18,0.1957,e7199bc7
dist_prev_vwap = (pvwap-close)/tick,2026-06-19,1.0,9238adc1
dist_prev_vwap = (pvwap-close)/tick,2026-06-21,1.0,9238adc1
dist_prev_vwap = (pvwap-close)/tick,2026-06-22,1.0,9238adc1
dist_prev_vwap = (pvwap-close)/tick,2026-06-23,1.0,9238adc1
dist_prev_vwap = (pvwap-close)/tick,2026-06-24,1.0,9238adc1
dist_prev_vwap = (pvwap-close)/tick,2026-06-25,1.0,9238adc1
dist_prev_vwap = (pvwap-close)/tick,2026-06-26,1.0,9238adc1
dist_prev_vwap = (pvwap-close)/tick,2026-06-28,1.0,944f7204
dist_prev_vwap = (pvwap-close)/tick,2026-06-29,1.0,944f7204
dist_prev_vwap = (pvwap-close)/tick,2026-06-30,1.0,944f7204
dist_prev_vwap = (pvwap-close)/tick,2026-07-01,1.0,944f7204
dist_prev_vwap = (pvwap-close)/tick,2026-07-02,1.0,944f7204
dist_prev_vwap = (pvwap-close)/tick,2026-07-03,1.0,0658f3c8
dist_prev_vwap = (pvwap-close)/tick,2026-07-05,1.0,13efb186
dist_prev_vwap = (pvwap-close)/tick,2026-07-06,1.0,13efb186
dist_prev_vwap = (pvwap-close)/tick,2026-07-07,1.0,13efb186
dist_prev_vwap = (pvwap-close)/tick,2026-07-08,1.0,13efb186
dist_prev_vwap = (pvwap-close)/tick,2026-07-09,1.0,13efb186
dist_prev_vwap = (pvwap-close)/tick,2026-07-10,1.0,13efb186
dist_prev_vwap = (pvwap-close)/tick,2026-07-12,1.0,13efb186
dist_prev_vwap = (pvwap-close)/tick,2026-07-13,1.0,13efb186
dist_prev_vwap = (pvwap-close)/tick,2026-07-14,1.0,13efb186
dist_prev_vwap = (pvwap-close)/tick,2026-07-15,1.0,13efb186
dist_prev_vwap = (pvwap-close)/tick,2026-07-16,1.0,13efb186
dist_prev_vwap = (pvwap-close)/tick,2026-07-17,1.0,f6003b62
dist_prev_vwap = (pvwap-close)/tick,2026-07-19,1.0,f6003b62
dist_prev_vwap = (pvwap-close)/tick,2026-07-20,1.0,f6003b62
dist_prev_vwap = (pvwap-close)/tick,2026-07-21,1.0,f6003b62
dist_prev_vwap = (pvwap-close)/tick,2026-07-22,1.0,ed53e566
dist_prev_vwap = (pvwap-close)/tick,2026-07-23,1.0,ed53e566
dist_prev_vwap = (pvwap-close)/tick,2026-07-24,1.0,ed53e566
dist_prev_vwap = (pvwap-close)/tick,2026-07-26,1.0,4981d53a
dist_prev_vwap = (pvwap-close)/tick,2026-07-27,1.0,4981d53a
dist_prev_vwap = (pvwap-close)/tick,2026-07-28,1.0,4981d53a
dist_prev_vwap = (pvwap-close)/tick,2026-07-29,1.0,4981d53a
dist_prev_vwap = (pvwap-close)/tick,2026-07-30,1.0,4981d53a
dist_prev_vwap = (pvwap-close)/tick,2026-07-31,1.0,4981d53a
dist_prev_vwap = (pvwap-close)/tick,2026-08-02,1.0,e9f2b72b
dist_prev_vwap = (pvwap-close)/tick,2026-08-03,1.0,e9f2b72b
dist_prev_vwap = (pvwap-close)/tick,2026-08-04,1.0,1d20af93
dist_prev_vwap = (pvwap-close)/tick,2026-08-05,1.0,0e82f56e
dist_prev_vwap = (pvwap-close)/tick,2026-08-06,1.0,feec66f6
dist_prev_vwap = (pvwap-close)/tick,2026-08-07,1.0,287627ed
dist_prev_vwap = (pvwap-close)/tick,2026-08-09,1.0,43f2daf5
dist_prev_vwap = (pvwap-close)/tick,2026-08-10,1.0,78177655
dist_prev_vwap = (pvwap-close)/tick,2026-08-11,1.0,78177655
dist_prev_vwap = (pvwap-close)/tick,2026-08-12,1.0,78177655
dist_prev_vwap = (pvwap-close)/tick,2026-08-13,1.0,78177655
dist_prev_vwap = (pvwap-close)/tick,2026-08-14,1.0,78177655
dist_prev_vwap = (pvwap-close)/tick,2026-08-16,1.0,605df903
dist_prev_vwap = (pvwap-close)/tick,2026-08-17,1.0,605df903
dist_prev_vwap = (pvwap-close)/tick,2026-08-18,1.0,605df903
dist_prev_vwap = (pvwap-close)/tick,2026-08-19,1.0,605df903
dist_prev_vwap = (pvwap-close)/tick,2026-08-20,1.0,605df903
dist_prev_vwap = (pvwap-close)/tick,2026-08-21,1.0,605df903
dist_prev_vwap = (pvwap-close)/tick,2026-08-23,1.0,605df903
dist_prev_vwap = (pvwap-close)/tick,2026-08-24,0.9138,605df903
dist_prev_vwap = (pvwap-close)/tick,2026-08-25,0.2609,605df903
dist_prev_vwap = (pvwap-close)/tick,2026-08-26,1.0,605df903
dist_prev_vwap = (pvwap-close)/tick,2026-08-27,1.0,605df903
dist_prev_vwap = (pvwap-close)/tick,2026-08-28,1.0,605df903
dist_prev_vwap = (pvwap-close)/tick,2026-08-30,1.0,605df903
dist_prev_vwap = (pvwap-close)/tick,2026-08-31,1.0,605df903
dist_prev_vwap = (pvwap-close)/tick,2026-09-01,1.0,605df903
dist_prev_vwap = (pvwap-close)/tick,2026-09-02,1.0,605df903
dist_prev_vwap = (pvwap-close)/tick,2026-09-03,1.0,605df903
dist_prev_vwap = (pvwap-close)/tick,2026-09-04,1.0,605df903
dist_prev_vwap_sd1u = (pvwap_sd1u-close)/tick,2026-06-10,0.0,None
dist_prev_vwap_sd1u = (pvwap_sd1u-close)/tick,2026-06-11,0.0,c43dc080
dist_prev_vwap_sd1u = (pvwap_sd1u-close)/tick,2026-06-12,0.0,3d61b74d
dist_prev_vwap_sd1u = (pvwap_sd1u-close)/tick,2026-06-14,0.0,73ba58b9
dist_prev_vwap_sd1u = (pvwap_sd1u-close)/tick,2026-06-15,0.0,73ba58b9
dist_prev_vwap_sd1u = (pvwap_sd1u-close)/tick,2026-06-16,0.0,e7199bc7
dist_prev_vwap_sd1u = (pvwap_sd1u-close)/tick,2026-06-17,0.0,e7199bc7
dist_prev_vwap_sd1u = (pvwap_sd1u-close)/tick,2026-06-18,0.1957,e7199bc7
dist_prev_vwap_sd1u = (pvwap_sd1u-close)/tick,2026-06-19,1.0,9238adc1
dist_prev_vwap_sd1u = (pvwap_sd1u-close)/tick,2026-06-21,1.0,9238adc1
dist_prev_vwap_sd1u = (pvwap_sd1u-close)/tick,2026-06-22,1.0,9238adc1
dist_prev_vwap_sd1u = (pvwap_sd1u-close)/tick,2026-06-23,1.0,9238adc1
dist_prev_vwap_sd1u = (pvwap_sd1u-close)/tick,2026-06-24,1.0,9238adc1
dist_prev_vwap_sd1u = (pvwap_sd1u-close)/tick,2026-06-25,1.0,9238adc1
dist_prev_vwap_sd1u = (pvwap_sd1u-close)/tick,2026-06-26,1.0,9238adc1
dist_prev_vwap_sd1u = (pvwap_sd1u-close)/tick,2026-06-28,1.0,944f7204
dist_prev_vwap_sd1u = (pvwap_sd1u-close)/tick,2026-06-29,1.0,944f7204
dist_prev_vwap_sd1u = (pvwap_sd1u-close)/tick,2026-06-30,1.0,944f7204
dist_prev_vwap_sd1u = (pvwap_sd1u-close)/tick,2026-07-01,1.0,944f7204
dist_prev_vwap_sd1u = (pvwap_sd1u-close)/tick,2026-07-02,1.0,944f7204
dist_prev_vwap_sd1u = (pvwap_sd1u-close)/tick,2026-07-03,1.0,0658f3c8
dist_prev_vwap_sd1u = (pvwap_sd1u-close)/tick,2026-07-05,1.0,13efb186
dist_prev_vwap_sd1u = (pvwap_sd1u-close)/tick,2026-07-06,1.0,13efb186
dist_prev_vwap_sd1u = (pvwap_sd1u-close)/tick,2026-07-07,1.0,13efb186
dist_prev_vwap_sd1u = (pvwap_sd1u-close)/tick,2026-07-08,1.0,13efb186
dist_prev_vwap_sd1u = (pvwap_sd1u-close)/tick,2026-07-09,1.0,13efb186
dist_prev_vwap_sd1u = (pvwap_sd1u-close)/tick,2026-07-10,1.0,13efb186
dist_prev_vwap_sd1u = (pvwap_sd1u-close)/tick,2026-07-12,1.0,13efb186
dist_prev_vwap_sd1u = (pvwap_sd1u-close)/tick,2026-07-13,1.0,13efb186
dist_prev_vwap_sd1u = (pvwap_sd1u-close)/tick,2026-07-14,1.0,13efb186
dist_prev_vwap_sd1u = (pvwap_sd1u-close)/tick,2026-07-15,1.0,13efb186
dist_prev_vwap_sd1u = (pvwap_sd1u-close)/tick,2026-07-16,1.0,13efb186
dist_prev_vwap_sd1u = (pvwap_sd1u-close)/tick,2026-07-17,1.0,f6003b62
dist_prev_vwap_sd1u = (pvwap_sd1u-close)/tick,2026-07-19,1.0,f6003b62
dist_prev_vwap_sd1u = (pvwap_sd1u-close)/tick,2026-07-20,1.0,f6003b62
dist_prev_vwap_sd1u = (pvwap_sd1u-close)/tick,2026-07-21,1.0,f6003b62
dist_prev_vwap_sd1u = (pvwap_sd1u-close)/tick,2026-07-22,1.0,ed53e566
dist_prev_vwap_sd1u = (pvwap_sd1u-close)/tick,2026-07-23,1.0,ed53e566
dist_prev_vwap_sd1u = (pvwap_sd1u-close)/tick,2026-07-24,1.0,ed53e566
dist_prev_vwap_sd1u = (pvwap_sd1u-close)/tick,2026-07-26,1.0,4981d53a
dist_prev_vwap_sd1u = (pvwap_sd1u-close)/tick,2026-07-27,1.0,4981d53a
dist_prev_vwap_sd1u = (pvwap_sd1u-close)/tick,2026-07-28,1.0,4981d53a
dist_prev_vwap_sd1u = (pvwap_sd1u-close)/tick,2026-07-29,1.0,4981d53a
dist_prev_vwap_sd1u = (pvwap_sd1u-close)/tick,2026-07-30,1.0,4981d53a
dist_prev_vwap_sd1u = (pvwap_sd1u-close)/tick,2026-07-31,1.0,4981d53a
dist_prev_vwap_sd1u = (pvwap_sd1u-close)/tick,2026-08-02,1.0,e9f2b72b
dist_prev_vwap_sd1u = (pvwap_sd1u-close)/tick,2026-08-03,1.0,e9f2b72b
dist_prev_vwap_sd1u = (pvwap_sd1u-close)/tick,2026-08-04,1.0,1d20af93
dist_prev_vwap_sd1u = (pvwap_sd1u-close)/tick,2026-08-05,1.0,0e82f56e
dist_prev_vwap_sd1u = (pvwap_sd1u-close)/tick,2026-08-06,1.0,feec66f6
dist_prev_vwap_sd1u = (pvwap_sd1u-close)/tick,2026-08-07,1.0,287627ed
dist_prev_vwap_sd1u = (pvwap_sd1u-close)/tick,2026-08-09,1.0,43f2daf5
dist_prev_vwap_sd1u = (pvwap_sd1u-close)/tick,2026-08-10,1.0,78177655
dist_prev_vwap_sd1u = (pvwap_sd1u-close)/tick,2026-08-11,1.0,78177655
dist_prev_vwap_sd1u = (pvwap_sd1u-close)/tick,2026-08-12,1.0,78177655
dist_prev_vwap_sd1u = (pvwap_sd1u-close)/tick,2026-08-13,1.0,78177655
dist_prev_vwap_sd1u = (pvwap_sd1u-close)/tick,2026-08-14,1.0,78177655
dist_prev_vwap_sd1u = (pvwap_sd1u-close)/tick,2026-08-16,1.0,605df903
dist_prev_vwap_sd1u = (pvwap_sd1u-close)/tick,2026-08-17,1.0,605df903
dist_prev_vwap_sd1u = (pvwap_sd1u-close)/tick,2026-08-18,1.0,605df903
dist_prev_vwap_sd1u = (pvwap_sd1u-close)/tick,2026-08-19,1.0,605df903
dist_prev_vwap_sd1u = (pvwap_sd1u-close)/tick,2026-08-20,1.0,605df903
dist_prev_vwap_sd1u = (pvwap_sd1u-close)/tick,2026-08-21,1.0,605df903
dist_prev_vwap_sd1u = (pvwap_sd1u-close)/tick,2026-08-23,1.0,605df903
dist_prev_vwap_sd1u = (pvwap_sd1u-close)/tick,2026-08-24,1.0,605df903
dist_prev_vwap_sd1u = (pvwap_sd1u-close)/tick,2026-08-25,1.0,605df903
dist_prev_vwap_sd1u = (pvwap_sd1u-close)/tick,2026-08-26,1.0,605df903
dist_prev_vwap_sd1u = (pvwap_sd1u-close)/tick,2026-08-27,1.0,605df903
dist_prev_vwap_sd1u = (pvwap_sd1u-close)/tick,2026-08-28,1.0,605df903
dist_prev_vwap_sd1u = (pvwap_sd1u-close)/tick,2026-08-30,1.0,605df903
dist_prev_vwap_sd1u = (pvwap_sd1u-close)/tick,2026-08-31,0.9138,605df903
dist_prev_vwap_sd1u = (pvwap_sd1u-close)/tick,2026-09-01,0.2616,605df903
dist_prev_vwap_sd1u = (pvwap_sd1u-close)/tick,2026-09-02,1.0,605df903
dist_prev_vwap_sd1u = (pvwap_sd1u-close)/tick,2026-09-03,1.0,605df903
dist_prev_vwap_sd1u = (pvwap_sd1u-close)/tick,2026-09-04,1.0,605df903
dist_prev_vwap_sd1d = (pvwap_sd1d-close)/tick,2026-06-10,0.0,None
dist_prev_vwap_sd1d = (pvwap_sd1d-close)/tick,2026-06-11,0.0,c43dc080
dist_prev_vwap_sd1d = (pvwap_sd1d-close)/tick,2026-06-12,0.0,3d61b74d
dist_prev_vwap_sd1d = (pvwap_sd1d-close)/tick,2026-06-14,0.0,73ba58b9
dist_prev_vwap_sd1d = (pvwap_sd1d-close)/tick,2026-06-15,0.0,73ba58b9
dist_prev_vwap_sd1d = (pvwap_sd1d-close)/tick,2026-06-16,0.0,e7199bc7
dist_prev_vwap_sd1d = (pvwap_sd1d-close)/tick,2026-06-17,0.0,e7199bc7
dist_prev_vwap_sd1d = (pvwap_sd1d-close)/tick,2026-06-18,0.1957,e7199bc7
dist_prev_vwap_sd1d = (pvwap_sd1d-close)/tick,2026-06-19,1.0,9238adc1
dist_prev_vwap_sd1d = (pvwap_sd1d-close)/tick,2026-06-21,1.0,9238adc1
dist_prev_vwap_sd1d = (pvwap_sd1d-close)/tick,2026-06-22,1.0,9238adc1
dist_prev_vwap_sd1d = (pvwap_sd1d-close)/tick,2026-06-23,1.0,9238adc1
dist_prev_vwap_sd1d = (pvwap_sd1d-close)/tick,2026-06-24,1.0,9238adc1
dist_prev_vwap_sd1d = (pvwap_sd1d-close)/tick,2026-06-25,1.0,9238adc1
dist_prev_vwap_sd1d = (pvwap_sd1d-close)/tick,2026-06-26,1.0,9238adc1
dist_prev_vwap_sd1d = (pvwap_sd1d-close)/tick,2026-06-28,1.0,944f7204
dist_prev_vwap_sd1d = (pvwap_sd1d-close)/tick,2026-06-29,1.0,944f7204
dist_prev_vwap_sd1d = (pvwap_sd1d-close)/tick,2026-06-30,1.0,944f7204
dist_prev_vwap_sd1d = (pvwap_sd1d-close)/tick,2026-07-01,1.0,944f7204
dist_prev_vwap_sd1d = (pvwap_sd1d-close)/tick,2026-07-02,1.0,944f7204
dist_prev_vwap_sd1d = (pvwap_sd1d-close)/tick,2026-07-03,1.0,0658f3c8
dist_prev_vwap_sd1d = (pvwap_sd1d-close)/tick,2026-07-05,1.0,13efb186
dist_prev_vwap_sd1d = (pvwap_sd1d-close)/tick,2026-07-06,1.0,13efb186
dist_prev_vwap_sd1d = (pvwap_sd1d-close)/tick,2026-07-07,1.0,13efb186
dist_prev_vwap_sd1d = (pvwap_sd1d-close)/tick,2026-07-08,1.0,13efb186
dist_prev_vwap_sd1d = (pvwap_sd1d-close)/tick,2026-07-09,1.0,13efb186
dist_prev_vwap_sd1d = (pvwap_sd1d-close)/tick,2026-07-10,1.0,13efb186
dist_prev_vwap_sd1d = (pvwap_sd1d-close)/tick,2026-07-12,1.0,13efb186
dist_prev_vwap_sd1d = (pvwap_sd1d-close)/tick,2026-07-13,1.0,13efb186
dist_prev_vwap_sd1d = (pvwap_sd1d-close)/tick,2026-07-14,1.0,13efb186
dist_prev_vwap_sd1d = (pvwap_sd1d-close)/tick,2026-07-15,1.0,13efb186
dist_prev_vwap_sd1d = (pvwap_sd1d-close)/tick,2026-07-16,1.0,13efb186
dist_prev_vwap_sd1d = (pvwap_sd1d-close)/tick,2026-07-17,1.0,f6003b62
dist_prev_vwap_sd1d = (pvwap_sd1d-close)/tick,2026-07-19,1.0,f6003b62
dist_prev_vwap_sd1d = (pvwap_sd1d-close)/tick,2026-07-20,1.0,f6003b62
dist_prev_vwap_sd1d = (pvwap_sd1d-close)/tick,2026-07-21,1.0,f6003b62
dist_prev_vwap_sd1d = (pvwap_sd1d-close)/tick,2026-07-22,1.0,ed53e566
dist_prev_vwap_sd1d = (pvwap_sd1d-close)/tick,2026-07-23,1.0,ed53e566
dist_prev_vwap_sd1d = (pvwap_sd1d-close)/tick,2026-07-24,1.0,ed53e566
dist_prev_vwap_sd1d = (pvwap_sd1d-close)/tick,2026-07-26,1.0,4981d53a
dist_prev_vwap_sd1d = (pvwap_sd1d-close)/tick,2026-07-27,1.0,4981d53a
dist_prev_vwap_sd1d = (pvwap_sd1d-close)/tick,2026-07-28,0.8254,4981d53a
dist_prev_vwap_sd1d = (pvwap_sd1d-close)/tick,2026-07-29,1.0,4981d53a
dist_prev_vwap_sd1d = (pvwap_sd1d-close)/tick,2026-07-30,1.0,4981d53a
dist_prev_vwap_sd1d = (pvwap_sd1d-close)/tick,2026-07-31,1.0,4981d53a
dist_prev_vwap_sd1d = (pvwap_sd1d-close)/tick,2026-08-02,1.0,e9f2b72b
dist_prev_vwap_sd1d = (pvwap_sd1d-close)/tick,2026-08-03,1.0,e9f2b72b
dist_prev_vwap_sd1d = (pvwap_sd1d-close)/tick,2026-08-04,1.0,1d20af93
dist_prev_vwap_sd1d = (pvwap_sd1d-close)/tick,2026-08-05,1.0,0e82f56e
dist_prev_vwap_sd1d = (pvwap_sd1d-close)/tick,2026-08-06,1.0,feec66f6
dist_prev_vwap_sd1d = (pvwap_sd1d-close)/tick,2026-08-07,1.0,287627ed
dist_prev_vwap_sd1d = (pvwap_sd1d-close)/tick,2026-08-09,1.0,43f2daf5
dist_prev_vwap_sd1d = (pvwap_sd1d-close)/tick,2026-08-10,1.0,78177655
dist_prev_vwap_sd1d = (pvwap_sd1d-close)/tick,2026-08-11,1.0,78177655
dist_prev_vwap_sd1d = (pvwap_sd1d-close)/tick,2026-08-12,1.0,78177655
dist_prev_vwap_sd1d = (pvwap_sd1d-close)/tick,2026-08-13,1.0,78177655
dist_prev_vwap_sd1d = (pvwap_sd1d-close)/tick,2026-08-14,1.0,78177655
dist_prev_vwap_sd1d = (pvwap_sd1d-close)/tick,2026-08-16,1.0,605df903
dist_prev_vwap_sd1d = (pvwap_sd1d-close)/tick,2026-08-17,1.0,605df903
dist_prev_vwap_sd1d = (pvwap_sd1d-close)/tick,2026-08-18,1.0,605df903
dist_prev_vwap_sd1d = (pvwap_sd1d-close)/tick,2026-08-19,1.0,605df903
dist_prev_vwap_sd1d = (pvwap_sd1d-close)/tick,2026-08-20,1.0,605df903
dist_prev_vwap_sd1d = (pvwap_sd1d-close)/tick,2026-08-21,1.0,605df903
dist_prev_vwap_sd1d = (pvwap_sd1d-close)/tick,2026-08-23,1.0,605df903
dist_prev_vwap_sd1d = (pvwap_sd1d-close)/tick,2026-08-24,1.0,605df903
dist_prev_vwap_sd1d = (pvwap_sd1d-close)/tick,2026-08-25,1.0,605df903
dist_prev_vwap_sd1d = (pvwap_sd1d-close)/tick,2026-08-26,1.0,605df903
dist_prev_vwap_sd1d = (pvwap_sd1d-close)/tick,2026-08-27,1.0,605df903
dist_prev_vwap_sd1d = (pvwap_sd1d-close)/tick,2026-08-28,0.8087,605df903
dist_prev_vwap_sd1d = (pvwap_sd1d-close)/tick,2026-08-30,1.0,605df903
dist_prev_vwap_sd1d = (pvwap_sd1d-close)/tick,2026-08-31,1.0,605df903
dist_prev_vwap_sd1d = (pvwap_sd1d-close)/tick,2026-09-01,1.0,605df903
dist_prev_vwap_sd1d = (pvwap_sd1d-close)/tick,2026-09-02,1.0,605df903
dist_prev_vwap_sd1d = (pvwap_sd1d-close)/tick,2026-09-03,1.0,605df903
dist_prev_vwap_sd1d = (pvwap_sd1d-close)/tick,2026-09-04,1.0,605df903
dist_vwap_d_sd1u = (vwap_d_sd1u-close)/tick,2026-06-10,0.0,None
dist_vwap_d_sd1u = (vwap_d_sd1u-close)/tick,2026-06-11,0.0,c43dc080
dist_vwap_d_sd1u = (vwap_d_sd1u-close)/tick,2026-06-12,0.0,3d61b74d
dist_vwap_d_sd1u = (vwap_d_sd1u-close)/tick,2026-06-14,0.0,73ba58b9
dist_vwap_d_sd1u = (vwap_d_sd1u-close)/tick,2026-06-15,0.0,73ba58b9
dist_vwap_d_sd1u = (vwap_d_sd1u-close)/tick,2026-06-16,0.0,e7199bc7
dist_vwap_d_sd1u = (vwap_d_sd1u-close)/tick,2026-06-17,0.0,e7199bc7
dist_vwap_d_sd1u = (vwap_d_sd1u-close)/tick,2026-06-18,0.0,e7199bc7
dist_vwap_d_sd1u = (vwap_d_sd1u-close)/tick,2026-06-19,0.0,9238adc1
dist_vwap_d_sd1u = (vwap_d_sd1u-close)/tick,2026-06-21,0.0,9238adc1
dist_vwap_d_sd1u = (vwap_d_sd1u-close)/tick,2026-06-22,0.0,9238adc1
dist_vwap_d_sd1u = (vwap_d_sd1u-close)/tick,2026-06-23,0.0,9238adc1
dist_vwap_d_sd1u = (vwap_d_sd1u-close)/tick,2026-06-24,0.0,9238adc1
dist_vwap_d_sd1u = (vwap_d_sd1u-close)/tick,2026-06-25,0.0,9238adc1
dist_vwap_d_sd1u = (vwap_d_sd1u-close)/tick,2026-06-26,0.0,9238adc1
dist_vwap_d_sd1u = (vwap_d_sd1u-close)/tick,2026-06-28,0.0,944f7204
dist_vwap_d_sd1u = (vwap_d_sd1u-close)/tick,2026-06-29,0.0,944f7204
dist_vwap_d_sd1u = (vwap_d_sd1u-close)/tick,2026-06-30,0.0,944f7204
dist_vwap_d_sd1u = (vwap_d_sd1u-close)/tick,2026-07-01,0.0,944f7204
dist_vwap_d_sd1u = (vwap_d_sd1u-close)/tick,2026-07-02,0.0,944f7204
dist_vwap_d_sd1u = (vwap_d_sd1u-close)/tick,2026-07-03,0.0,0658f3c8
dist_vwap_d_sd1u = (vwap_d_sd1u-close)/tick,2026-07-05,0.0,13efb186
dist_vwap_d_sd1u = (vwap_d_sd1u-close)/tick,2026-07-06,0.0,13efb186
dist_vwap_d_sd1u = (vwap_d_sd1u-close)/tick,2026-07-07,0.0,13efb186
dist_vwap_d_sd1u = (vwap_d_sd1u-close)/tick,2026-07-08,0.0,13efb186
dist_vwap_d_sd1u = (vwap_d_sd1u-close)/tick,2026-07-09,0.0,13efb186
dist_vwap_d_sd1u = (vwap_d_sd1u-close)/tick,2026-07-10,0.0,13efb186
dist_vwap_d_sd1u = (vwap_d_sd1u-close)/tick,2026-07-12,0.0,13efb186
dist_vwap_d_sd1u = (vwap_d_sd1u-close)/tick,2026-07-13,0.0,13efb186
dist_vwap_d_sd1u = (vwap_d_sd1u-close)/tick,2026-07-14,0.0,13efb186
dist_vwap_d_sd1u = (vwap_d_sd1u-close)/tick,2026-07-15,0.0,13efb186
dist_vwap_d_sd1u = (vwap_d_sd1u-close)/tick,2026-07-16,0.0,13efb186
dist_vwap_d_sd1u = (vwap_d_sd1u-close)/tick,2026-07-17,0.0,f6003b62
dist_vwap_d_sd1u = (vwap_d_sd1u-close)/tick,2026-07-19,0.0,f6003b62
dist_vwap_d_sd1u = (vwap_d_sd1u-close)/tick,2026-07-20,0.0,f6003b62
dist_vwap_d_sd1u = (vwap_d_sd1u-close)/tick,2026-07-21,0.0,f6003b62
dist_vwap_d_sd1u = (vwap_d_sd1u-close)/tick,2026-07-22,0.0,ed53e566
dist_vwap_d_sd1u = (vwap_d_sd1u-close)/tick,2026-07-23,0.0,ed53e566
dist_vwap_d_sd1u = (vwap_d_sd1u-close)/tick,2026-07-24,0.0,ed53e566
dist_vwap_d_sd1u = (vwap_d_sd1u-close)/tick,2026-07-26,0.0,4981d53a
dist_vwap_d_sd1u = (vwap_d_sd1u-close)/tick,2026-07-27,0.0,4981d53a
dist_vwap_d_sd1u = (vwap_d_sd1u-close)/tick,2026-07-28,0.0,4981d53a
dist_vwap_d_sd1u = (vwap_d_sd1u-close)/tick,2026-07-29,0.0,4981d53a
dist_vwap_d_sd1u = (vwap_d_sd1u-close)/tick,2026-07-30,0.0,4981d53a
dist_vwap_d_sd1u = (vwap_d_sd1u-close)/tick,2026-07-31,0.0,4981d53a
dist_vwap_d_sd1u = (vwap_d_sd1u-close)/tick,2026-08-02,0.0,e9f2b72b
dist_vwap_d_sd1u = (vwap_d_sd1u-close)/tick,2026-08-03,0.0,e9f2b72b
dist_vwap_d_sd1u = (vwap_d_sd1u-close)/tick,2026-08-04,0.0,1d20af93
dist_vwap_d_sd1u = (vwap_d_sd1u-close)/tick,2026-08-05,0.0,0e82f56e
dist_vwap_d_sd1u = (vwap_d_sd1u-close)/tick,2026-08-06,0.0,feec66f6
dist_vwap_d_sd1u = (vwap_d_sd1u-close)/tick,2026-08-07,0.0,287627ed
dist_vwap_d_sd1u = (vwap_d_sd1u-close)/tick,2026-08-09,0.0,43f2daf5
dist_vwap_d_sd1u = (vwap_d_sd1u-close)/tick,2026-08-10,0.0,78177655
dist_vwap_d_sd1u = (vwap_d_sd1u-close)/tick,2026-08-11,0.0,78177655
dist_vwap_d_sd1u = (vwap_d_sd1u-close)/tick,2026-08-12,0.0,78177655
dist_vwap_d_sd1u = (vwap_d_sd1u-close)/tick,2026-08-13,0.0,78177655
dist_vwap_d_sd1u = (vwap_d_sd1u-close)/tick,2026-08-14,0.0,78177655
dist_vwap_d_sd1u = (vwap_d_sd1u-close)/tick,2026-08-16,0.0,605df903
dist_vwap_d_sd1u = (vwap_d_sd1u-close)/tick,2026-08-17,0.0,605df903
dist_vwap_d_sd1u = (vwap_d_sd1u-close)/tick,2026-08-18,0.0,605df903
dist_vwap_d_sd1u = (vwap_d_sd1u-close)/tick,2026-08-19,0.0,605df903
dist_vwap_d_sd1u = (vwap_d_sd1u-close)/tick,2026-08-20,0.0,605df903
dist_vwap_d_sd1u = (vwap_d_sd1u-close)/tick,2026-08-21,0.0,605df903
dist_vwap_d_sd1u = (vwap_d_sd1u-close)/tick,2026-08-23,0.0,605df903
dist_vwap_d_sd1u = (vwap_d_sd1u-close)/tick,2026-08-24,0.0,605df903
dist_vwap_d_sd1u = (vwap_d_sd1u-close)/tick,2026-08-25,0.0,605df903
dist_vwap_d_sd1u = (vwap_d_sd1u-close)/tick,2026-08-26,0.0,605df903
dist_vwap_d_sd1u = (vwap_d_sd1u-close)/tick,2026-08-27,0.0,605df903
dist_vwap_d_sd1u = (vwap_d_sd1u-close)/tick,2026-08-28,0.0,605df903
dist_vwap_d_sd1u = (vwap_d_sd1u-close)/tick,2026-08-30,0.0,605df903
dist_vwap_d_sd1u = (vwap_d_sd1u-close)/tick,2026-08-31,0.0,605df903
dist_vwap_d_sd1u = (vwap_d_sd1u-close)/tick,2026-09-01,0.0,605df903
dist_vwap_d_sd1u = (vwap_d_sd1u-close)/tick,2026-09-02,0.0,605df903
dist_vwap_d_sd1u = (vwap_d_sd1u-close)/tick,2026-09-03,0.0,605df903
dist_vwap_d_sd1u = (vwap_d_sd1u-close)/tick,2026-09-04,0.0,605df903
dist_vwap_d_sd2u = (vwap_d_sd2u-close)/tick,2026-06-10,0.0,None
dist_vwap_d_sd2u = (vwap_d_sd2u-close)/tick,2026-06-11,0.0,c43dc080
dist_vwap_d_sd2u = (vwap_d_sd2u-close)/tick,2026-06-12,0.0,3d61b74d
dist_vwap_d_sd2u = (vwap_d_sd2u-close)/tick,2026-06-14,0.0,73ba58b9
dist_vwap_d_sd2u = (vwap_d_sd2u-close)/tick,2026-06-15,0.0,73ba58b9
dist_vwap_d_sd2u = (vwap_d_sd2u-close)/tick,2026-06-16,0.0,e7199bc7
dist_vwap_d_sd2u = (vwap_d_sd2u-close)/tick,2026-06-17,0.0,e7199bc7
dist_vwap_d_sd2u = (vwap_d_sd2u-close)/tick,2026-06-18,0.0,e7199bc7
dist_vwap_d_sd2u = (vwap_d_sd2u-close)/tick,2026-06-19,0.0,9238adc1
dist_vwap_d_sd2u = (vwap_d_sd2u-close)/tick,2026-06-21,0.0,9238adc1
dist_vwap_d_sd2u = (vwap_d_sd2u-close)/tick,2026-06-22,0.0,9238adc1
dist_vwap_d_sd2u = (vwap_d_sd2u-close)/tick,2026-06-23,0.0,9238adc1
dist_vwap_d_sd2u = (vwap_d_sd2u-close)/tick,2026-06-24,0.0,9238adc1
dist_vwap_d_sd2u = (vwap_d_sd2u-close)/tick,2026-06-25,0.0,9238adc1
dist_vwap_d_sd2u = (vwap_d_sd2u-close)/tick,2026-06-26,0.0,9238adc1
dist_vwap_d_sd2u = (vwap_d_sd2u-close)/tick,2026-06-28,0.0,944f7204
dist_vwap_d_sd2u = (vwap_d_sd2u-close)/tick,2026-06-29,0.0,944f7204
dist_vwap_d_sd2u = (vwap_d_sd2u-close)/tick,2026-06-30,0.0,944f7204
dist_vwap_d_sd2u = (vwap_d_sd2u-close)/tick,2026-07-01,0.0,944f7204
dist_vwap_d_sd2u = (vwap_d_sd2u-close)/tick,2026-07-02,0.0,944f7204
dist_vwap_d_sd2u = (vwap_d_sd2u-close)/tick,2026-07-03,0.0,0658f3c8
dist_vwap_d_sd2u = (vwap_d_sd2u-close)/tick,2026-07-05,0.0,13efb186
dist_vwap_d_sd2u = (vwap_d_sd2u-close)/tick,2026-07-06,0.0,13efb186
dist_vwap_d_sd2u = (vwap_d_sd2u-close)/tick,2026-07-07,0.0,13efb186
dist_vwap_d_sd2u = (vwap_d_sd2u-close)/tick,2026-07-08,0.0,13efb186
dist_vwap_d_sd2u = (vwap_d_sd2u-close)/tick,2026-07-09,0.0,13efb186
dist_vwap_d_sd2u = (vwap_d_sd2u-close)/tick,2026-07-10,0.0,13efb186
dist_vwap_d_sd2u = (vwap_d_sd2u-close)/tick,2026-07-12,0.0,13efb186
dist_vwap_d_sd2u = (vwap_d_sd2u-close)/tick,2026-07-13,0.0,13efb186
dist_vwap_d_sd2u = (vwap_d_sd2u-close)/tick,2026-07-14,0.0,13efb186
dist_vwap_d_sd2u = (vwap_d_sd2u-close)/tick,2026-07-15,0.0,13efb186
dist_vwap_d_sd2u = (vwap_d_sd2u-close)/tick,2026-07-16,0.0,13efb186
dist_vwap_d_sd2u = (vwap_d_sd2u-close)/tick,2026-07-17,0.0,f6003b62
dist_vwap_d_sd2u = (vwap_d_sd2u-close)/tick,2026-07-19,0.0,f6003b62
dist_vwap_d_sd2u = (vwap_d_sd2u-close)/tick,2026-07-20,0.0,f6003b62
dist_vwap_d_sd2u = (vwap_d_sd2u-close)/tick,2026-07-21,0.0,f6003b62
dist_vwap_d_sd2u = (vwap_d_sd2u-close)/tick,2026-07-22,0.0,ed53e566
dist_vwap_d_sd2u = (vwap_d_sd2u-close)/tick,2026-07-23,0.0,ed53e566
dist_vwap_d_sd2u = (vwap_d_sd2u-close)/tick,2026-07-24,0.0,ed53e566
dist_vwap_d_sd2u = (vwap_d_sd2u-close)/tick,2026-07-26,0.0,4981d53a
dist_vwap_d_sd2u = (vwap_d_sd2u-close)/tick,2026-07-27,0.0,4981d53a
dist_vwap_d_sd2u = (vwap_d_sd2u-close)/tick,2026-07-28,0.0,4981d53a
dist_vwap_d_sd2u = (vwap_d_sd2u-close)/tick,2026-07-29,0.0,4981d53a
dist_vwap_d_sd2u = (vwap_d_sd2u-close)/tick,2026-07-30,0.0,4981d53a
dist_vwap_d_sd2u = (vwap_d_sd2u-close)/tick,2026-07-31,0.0,4981d53a
dist_vwap_d_sd2u = (vwap_d_sd2u-close)/tick,2026-08-02,0.0,e9f2b72b
dist_vwap_d_sd2u = (vwap_d_sd2u-close)/tick,2026-08-03,0.0,e9f2b72b
dist_vwap_d_sd2u = (vwap_d_sd2u-close)/tick,2026-08-04,0.0,1d20af93
dist_vwap_d_sd2u = (vwap_d_sd2u-close)/tick,2026-08-05,0.0,0e82f56e
dist_vwap_d_sd2u = (vwap_d_sd2u-close)/tick,2026-08-06,0.0,feec66f6
dist_vwap_d_sd2u = (vwap_d_sd2u-close)/tick,2026-08-07,0.0,287627ed
dist_vwap_d_sd2u = (vwap_d_sd2u-close)/tick,2026-08-09,0.0,43f2daf5
dist_vwap_d_sd2u = (vwap_d_sd2u-close)/tick,2026-08-10,0.0,78177655
dist_vwap_d_sd2u = (vwap_d_sd2u-close)/tick,2026-08-11,0.0,78177655
dist_vwap_d_sd2u = (vwap_d_sd2u-close)/tick,2026-08-12,0.0,78177655
dist_vwap_d_sd2u = (vwap_d_sd2u-close)/tick,2026-08-13,0.0,78177655
dist_vwap_d_sd2u = (vwap_d_sd2u-close)/tick,2026-08-14,0.0,78177655
dist_vwap_d_sd2u = (vwap_d_sd2u-close)/tick,2026-08-16,0.0,605df903
dist_vwap_d_sd2u = (vwap_d_sd2u-close)/tick,2026-08-17,0.0,605df903
dist_vwap_d_sd2u = (vwap_d_sd2u-close)/tick,2026-08-18,0.0,605df903
dist_vwap_d_sd2u = (vwap_d_sd2u-close)/tick,2026-08-19,0.0,605df903
dist_vwap_d_sd2u = (vwap_d_sd2u-close)/tick,2026-08-20,0.0,605df903
dist_vwap_d_sd2u = (vwap_d_sd2u-close)/tick,2026-08-21,0.0,605df903
dist_vwap_d_sd2u = (vwap_d_sd2u-close)/tick,2026-08-23,0.0,605df903
dist_vwap_d_sd2u = (vwap_d_sd2u-close)/tick,2026-08-24,0.0,605df903
dist_vwap_d_sd2u = (vwap_d_sd2u-close)/tick,2026-08-25,0.0,605df903
dist_vwap_d_sd2u = (vwap_d_sd2u-close)/tick,2026-08-26,0.0,605df903
dist_vwap_d_sd2u = (vwap_d_sd2u-close)/tick,2026-08-27,0.0,605df903
dist_vwap_d_sd2u = (vwap_d_sd2u-close)/tick,2026-08-28,0.0,605df903
dist_vwap_d_sd2u = (vwap_d_sd2u-close)/tick,2026-08-30,0.0,605df903
dist_vwap_d_sd2u = (vwap_d_sd2u-close)/tick,2026-08-31,0.0,605df903
dist_vwap_d_sd2u = (vwap_d_sd2u-close)/tick,2026-09-01,0.0,605df903
dist_vwap_d_sd2u = (vwap_d_sd2u-close)/tick,2026-09-02,0.0,605df903
dist_vwap_d_sd2u = (vwap_d_sd2u-close)/tick,2026-09-03,0.0,605df903
dist_vwap_d_sd2u = (vwap_d_sd2u-close)/tick,2026-09-04,0.0,605df903
dist_vwap_d_sd1d = (vwap_d_sd1d-close)/tick,2026-06-10,0.0,None
dist_vwap_d_sd1d = (vwap_d_sd1d-close)/tick,2026-06-11,0.0,c43dc080
dist_vwap_d_sd1d = (vwap_d_sd1d-close)/tick,2026-06-12,0.0,3d61b74d
dist_vwap_d_sd1d = (vwap_d_sd1d-close)/tick,2026-06-14,0.0,73ba58b9
dist_vwap_d_sd1d = (vwap_d_sd1d-close)/tick,2026-06-15,0.0,73ba58b9
dist_vwap_d_sd1d = (vwap_d_sd1d-close)/tick,2026-06-16,0.0,e7199bc7
dist_vwap_d_sd1d = (vwap_d_sd1d-close)/tick,2026-06-17,0.0,e7199bc7
dist_vwap_d_sd1d = (vwap_d_sd1d-close)/tick,2026-06-18,0.0,e7199bc7
dist_vwap_d_sd1d = (vwap_d_sd1d-close)/tick,2026-06-19,0.0,9238adc1
dist_vwap_d_sd1d = (vwap_d_sd1d-close)/tick,2026-06-21,0.0,9238adc1
dist_vwap_d_sd1d = (vwap_d_sd1d-close)/tick,2026-06-22,0.0,9238adc1
dist_vwap_d_sd1d = (vwap_d_sd1d-close)/tick,2026-06-23,0.0,9238adc1
dist_vwap_d_sd1d = (vwap_d_sd1d-close)/tick,2026-06-24,0.0,9238adc1
dist_vwap_d_sd1d = (vwap_d_sd1d-close)/tick,2026-06-25,0.0,9238adc1
dist_vwap_d_sd1d = (vwap_d_sd1d-close)/tick,2026-06-26,0.0,9238adc1
dist_vwap_d_sd1d = (vwap_d_sd1d-close)/tick,2026-06-28,0.0,944f7204
dist_vwap_d_sd1d = (vwap_d_sd1d-close)/tick,2026-06-29,0.0,944f7204
dist_vwap_d_sd1d = (vwap_d_sd1d-close)/tick,2026-06-30,0.0,944f7204
dist_vwap_d_sd1d = (vwap_d_sd1d-close)/tick,2026-07-01,0.0,944f7204
dist_vwap_d_sd1d = (vwap_d_sd1d-close)/tick,2026-07-02,0.0,944f7204
dist_vwap_d_sd1d = (vwap_d_sd1d-close)/tick,2026-07-03,0.0,0658f3c8
dist_vwap_d_sd1d = (vwap_d_sd1d-close)/tick,2026-07-05,0.0,13efb186
dist_vwap_d_sd1d = (vwap_d_sd1d-close)/tick,2026-07-06,0.0,13efb186
dist_vwap_d_sd1d = (vwap_d_sd1d-close)/tick,2026-07-07,0.0,13efb186
dist_vwap_d_sd1d = (vwap_d_sd1d-close)/tick,2026-07-08,0.0,13efb186
dist_vwap_d_sd1d = (vwap_d_sd1d-close)/tick,2026-07-09,0.0,13efb186
dist_vwap_d_sd1d = (vwap_d_sd1d-close)/tick,2026-07-10,0.0,13efb186
dist_vwap_d_sd1d = (vwap_d_sd1d-close)/tick,2026-07-12,0.0,13efb186
dist_vwap_d_sd1d = (vwap_d_sd1d-close)/tick,2026-07-13,0.0,13efb186
dist_vwap_d_sd1d = (vwap_d_sd1d-close)/tick,2026-07-14,0.0,13efb186
dist_vwap_d_sd1d = (vwap_d_sd1d-close)/tick,2026-07-15,0.0,13efb186
dist_vwap_d_sd1d = (vwap_d_sd1d-close)/tick,2026-07-16,0.0,13efb186
dist_vwap_d_sd1d = (vwap_d_sd1d-close)/tick,2026-07-17,0.0,f6003b62
dist_vwap_d_sd1d = (vwap_d_sd1d-close)/tick,2026-07-19,0.0,f6003b62
dist_vwap_d_sd1d = (vwap_d_sd1d-close)/tick,2026-07-20,0.0,f6003b62
dist_vwap_d_sd1d = (vwap_d_sd1d-close)/tick,2026-07-21,0.0,f6003b62
dist_vwap_d_sd1d = (vwap_d_sd1d-close)/tick,2026-07-22,0.0,ed53e566
dist_vwap_d_sd1d = (vwap_d_sd1d-close)/tick,2026-07-23,0.0,ed53e566
dist_vwap_d_sd1d = (vwap_d_sd1d-close)/tick,2026-07-24,0.0,ed53e566
dist_vwap_d_sd1d = (vwap_d_sd1d-close)/tick,2026-07-26,0.0,4981d53a
dist_vwap_d_sd1d = (vwap_d_sd1d-close)/tick,2026-07-27,0.0,4981d53a
dist_vwap_d_sd1d = (vwap_d_sd1d-close)/tick,2026-07-28,0.0,4981d53a
dist_vwap_d_sd1d = (vwap_d_sd1d-close)/tick,2026-07-29,0.0,4981d53a
dist_vwap_d_sd1d = (vwap_d_sd1d-close)/tick,2026-07-30,0.0,4981d53a
dist_vwap_d_sd1d = (vwap_d_sd1d-close)/tick,2026-07-31,0.0,4981d53a
dist_vwap_d_sd1d = (vwap_d_sd1d-close)/tick,2026-08-02,0.0,e9f2b72b
dist_vwap_d_sd1d = (vwap_d_sd1d-close)/tick,2026-08-03,0.0,e9f2b72b
dist_vwap_d_sd1d = (vwap_d_sd1d-close)/tick,2026-08-04,0.0,1d20af93
dist_vwap_d_sd1d = (vwap_d_sd1d-close)/tick,2026-08-05,0.0,0e82f56e
dist_vwap_d_sd1d = (vwap_d_sd1d-close)/tick,2026-08-06,0.0,feec66f6
dist_vwap_d_sd1d = (vwap_d_sd1d-close)/tick,2026-08-07,0.0,287627ed
dist_vwap_d_sd1d = (vwap_d_sd1d-close)/tick,2026-08-09,0.0,43f2daf5
dist_vwap_d_sd1d = (vwap_d_sd1d-close)/tick,2026-08-10,0.0,78177655
dist_vwap_d_sd1d = (vwap_d_sd1d-close)/tick,2026-08-11,0.0,78177655
dist_vwap_d_sd1d = (vwap_d_sd1d-close)/tick,2026-08-12,0.0,78177655
dist_vwap_d_sd1d = (vwap_d_sd1d-close)/tick,2026-08-13,0.0,78177655
dist_vwap_d_sd1d = (vwap_d_sd1d-close)/tick,2026-08-14,0.0,78177655
dist_vwap_d_sd1d = (vwap_d_sd1d-close)/tick,2026-08-16,0.0,605df903
dist_vwap_d_sd1d = (vwap_d_sd1d-close)/tick,2026-08-17,0.0,605df903
dist_vwap_d_sd1d = (vwap_d_sd1d-close)/tick,2026-08-18,0.0,605df903
dist_vwap_d_sd1d = (vwap_d_sd1d-close)/tick,2026-08-19,0.0,605df903
dist_vwap_d_sd1d = (vwap_d_sd1d-close)/tick,2026-08-20,0.0,605df903
dist_vwap_d_sd1d = (vwap_d_sd1d-close)/tick,2026-08-21,0.0,605df903
dist_vwap_d_sd1d = (vwap_d_sd1d-close)/tick,2026-08-23,0.0,605df903
dist_vwap_d_sd1d = (vwap_d_sd1d-close)/tick,2026-08-24,0.0,605df903
dist_vwap_d_sd1d = (vwap_d_sd1d-close)/tick,2026-08-25,0.0,605df903
dist_vwap_d_sd1d = (vwap_d_sd1d-close)/tick,2026-08-26,0.0,605df903
dist_vwap_d_sd1d = (vwap_d_sd1d-close)/tick,2026-08-27,0.0,605df903
dist_vwap_d_sd1d = (vwap_d_sd1d-close)/tick,2026-08-28,0.0,605df903
dist_vwap_d_sd1d = (vwap_d_sd1d-close)/tick,2026-08-30,0.0,605df903
dist_vwap_d_sd1d = (vwap_d_sd1d-close)/tick,2026-08-31,0.0,605df903
dist_vwap_d_sd1d = (vwap_d_sd1d-close)/tick,2026-09-01,0.0,605df903
dist_vwap_d_sd1d = (vwap_d_sd1d-close)/tick,2026-09-02,0.0,605df903
dist_vwap_d_sd1d = (vwap_d_sd1d-close)/tick,2026-09-03,0.0,605df903
dist_vwap_d_sd1d = (vwap_d_sd1d-close)/tick,2026-09-04,0.0,605df903
dist_pdh = (pdh-close)/tick,2026-06-26,0.0,9238adc1
dist_pdh = (pdh-close)/tick,2026-06-28,0.0,944f7204
dist_pdh = (pdh-close)/tick,2026-06-29,0.0,944f7204
dist_pdh = (pdh-close)/tick,2026-06-30,0.0,944f7204
dist_pdh = (pdh-close)/tick,2026-07-01,0.0,944f7204
dist_pdh = (pdh-close)/tick,2026-07-02,0.0,944f7204
dist_pdh = (pdh-close)/tick,2026-07-03,0.0,0658f3c8
dist_pdh = (pdh-close)/tick,2026-07-05,0.0,13efb186
dist_pdh = (pdh-close)/tick,2026-07-06,0.0,13efb186
dist_pdh = (pdh-close)/tick,2026-07-07,0.0,13efb186
dist_pdh = (pdh-close)/tick,2026-07-08,0.0,13efb186
dist_pdh = (pdh-close)/tick,2026-07-09,0.0,13efb186
dist_pdh = (pdh-close)/tick,2026-07-10,0.0,13efb186
dist_pdh = (pdh-close)/tick,2026-07-12,0.0,13efb186
dist_pdh = (pdh-close)/tick,2026-07-13,0.0,13efb186
dist_pdh = (pdh-close)/tick,2026-07-14,0.0,13efb186
dist_pdh = (pdh-close)/tick,2026-07-15,0.0,13efb186
dist_pdh = (pdh-close)/tick,2026-07-16,0.0,13efb186
dist_pdh = (pdh-close)/tick,2026-07-17,0.0,f6003b62
dist_pdh = (pdh-close)/tick,2026-07-19,0.0,f6003b62
dist_pdh = (pdh-close)/tick,2026-07-20,0.0,f6003b62
dist_pdh = (pdh-close)/tick,2026-07-21,0.0,f6003b62
dist_pdh = (pdh-close)/tick,2026-07-22,0.0,ed53e566
dist_pdh = (pdh-close)/tick,2026-07-23,0.0,ed53e566
dist_pdh = (pdh-close)/tick,2026-07-24,0.0,ed53e566
dist_pdh = (pdh-close)/tick,2026-07-26,0.0,4981d53a
dist_pdh = (pdh-close)/tick,2026-07-27,0.0,4981d53a
dist_pdh = (pdh-close)/tick,2026-07-28,0.0,4981d53a
dist_pdh = (pdh-close)/tick,2026-07-29,0.0,4981d53a
dist_pdh = (pdh-close)/tick,2026-07-30,0.0,4981d53a
dist_pdh = (pdh-close)/tick,2026-07-31,0.0,4981d53a
dist_pdh = (pdh-close)/tick,2026-08-02,0.0,e9f2b72b
dist_pdh = (pdh-close)/tick,2026-08-03,0.0,e9f2b72b
dist_pdh = (pdh-close)/tick,2026-08-04,0.0,1d20af93
dist_pdh = (pdh-close)/tick,2026-08-05,0.0,0e82f56e
dist_pdh = (pdh-close)/tick,2026-08-06,0.0,feec66f6
dist_pdh = (pdh-close)/tick,2026-08-07,0.0,287627ed
dist_pdh = (pdh-close)/tick,2026-08-09,0.0,43f2daf5
dist_pdh = (pdh-close)/tick,2026-08-10,0.0,78177655
dist_pdh = (pdh-close)/tick,2026-08-11,0.0,78177655
dist_pdh = (pdh-close)/tick,2026-08-12,0.0,78177655
dist_pdh = (pdh-close)/tick,2026-08-13,0.0,78177655
dist_pdh = (pdh-close)/tick,2026-08-14,0.0,78177655
dist_pdh = (pdh-close)/tick,2026-08-16,0.0,605df903
dist_pdh = (pdh-close)/tick,2026-08-17,0.0,605df903
dist_pdh = (pdh-close)/tick,2026-08-18,0.0,605df903
dist_pdh = (pdh-close)/tick,2026-08-19,0.0,605df903
dist_pdh = (pdh-close)/tick,2026-08-20,0.0,605df903
dist_pdh = (pdh-close)/tick,2026-08-21,0.0,605df903
dist_pdh = (pdh-close)/tick,2026-08-23,0.0,605df903
dist_pdh = (pdh-close)/tick,2026-08-24,0.0,605df903
dist_pdh = (pdh-close)/tick,2026-08-25,0.0,605df903
dist_pdh = (pdh-close)/tick,2026-08-26,0.0,605df903
dist_pdh = (pdh-close)/tick,2026-08-27,0.0,605df903
dist_pdh = (pdh-close)/tick,2026-08-28,0.0,605df903
dist_pdh = (pdh-close)/tick,2026-08-30,0.0,605df903
dist_pdh = (pdh-close)/tick,2026-08-31,0.0,605df903
dist_pdh = (pdh-close)/tick,2026-09-01,0.0,605df903
dist_pdh = (pdh-close)/tick,2026-09-02,0.0,605df903
dist_pdh = (pdh-close)/tick,2026-09-03,0.0,605df903
dist_pdh = (pdh-close)/tick,2026-09-04,0.0,605df903
dist_pdl = (pdl-close)/tick,2026-06-26,0.0,9238adc1
dist_pdl = (pdl-close)/tick,2026-06-28,0.0,944f7204
dist_pdl = (pdl-close)/tick,2026-06-29,0.0,944f7204
dist_pdl = (pdl-close)/tick,2026-06-30,0.0,944f7204
dist_pdl = (pdl-close)/tick,2026-07-01,0.0,944f7204
dist_pdl = (pdl-close)/tick,2026-07-02,0.0,944f7204
dist_pdl = (pdl-close)/tick,2026-07-03,0.0,0658f3c8
dist_pdl = (pdl-close)/tick,2026-07-05,0.0,13efb186
dist_pdl = (pdl-close)/tick,2026-07-06,0.0,13efb186
dist_pdl = (pdl-close)/tick,2026-07-07,0.0,13efb186
dist_pdl = (pdl-close)/tick,2026-07-08,0.0,13efb186
dist_pdl = (pdl-close)/tick,2026-07-09,0.0,13efb186
dist_pdl = (pdl-close)/tick,2026-07-10,0.0,13efb186
dist_pdl = (pdl-close)/tick,2026-07-12,0.0,13efb186
dist_pdl = (pdl-close)/tick,2026-07-13,0.0,13efb186
dist_pdl = (pdl-close)/tick,2026-07-14,0.0,13efb186
dist_pdl = (pdl-close)/tick,2026-07-15,0.0,13efb186
dist_pdl = (pdl-close)/tick,2026-07-16,0.0,13efb186
dist_pdl = (pdl-close)/tick,2026-07-17,0.0,f6003b62
dist_pdl = (pdl-close)/tick,2026-07-19,0.0,f6003b62
dist_pdl = (pdl-close)/tick,2026-07-20,0.0,f6003b62
dist_pdl = (pdl-close)/tick,2026-07-21,0.0,f6003b62
dist_pdl = (pdl-close)/tick,2026-07-22,0.0,ed53e566
dist_pdl = (pdl-close)/tick,2026-07-23,0.0,ed53e566
dist_pdl = (pdl-close)/tick,2026-07-24,0.0,ed53e566
dist_pdl = (pdl-close)/tick,2026-07-26,0.0,4981d53a
dist_pdl = (pdl-close)/tick,2026-07-27,0.0,4981d53a
dist_pdl = (pdl-close)/tick,2026-07-28,0.0,4981d53a
dist_pdl = (pdl-close)/tick,2026-07-29,0.0,4981d53a
dist_pdl = (pdl-close)/tick,2026-07-30,0.0,4981d53a
dist_pdl = (pdl-close)/tick,2026-07-31,0.0,4981d53a
dist_pdl = (pdl-close)/tick,2026-08-02,0.0,e9f2b72b
dist_pdl = (pdl-close)/tick,2026-08-03,0.0,e9f2b72b
dist_pdl = (pdl-close)/tick,2026-08-04,0.0,1d20af93
dist_pdl = (pdl-close)/tick,2026-08-05,0.0,0e82f56e
dist_pdl = (pdl-close)/tick,2026-08-06,0.0,feec66f6
dist_pdl = (pdl-close)/tick,2026-08-07,0.0,287627ed
dist_pdl = (pdl-close)/tick,2026-08-09,0.0,43f2daf5
dist_pdl = (pdl-close)/tick,2026-08-10,0.0,78177655
dist_pdl = (pdl-close)/tick,2026-08-11,0.0,78177655
dist_pdl = (pdl-close)/tick,2026-08-12,0.0,78177655
dist_pdl = (pdl-close)/tick,2026-08-13,0.0,78177655
dist_pdl = (pdl-close)/tick,2026-08-14,0.0,78177655
dist_pdl = (pdl-close)/tick,2026-08-16,0.0,605df903
dist_pdl = (pdl-close)/tick,2026-08-17,0.0,605df903
dist_pdl = (pdl-close)/tick,2026-08-18,0.0,605df903
dist_pdl = (pdl-close)/tick,2026-08-19,0.0,605df903
dist_pdl = (pdl-close)/tick,2026-08-20,0.0,605df903
dist_pdl = (pdl-close)/tick,2026-08-21,0.0,605df903
dist_pdl = (pdl-close)/tick,2026-08-23,0.0,605df903
dist_pdl = (pdl-close)/tick,2026-08-24,0.0,605df903
dist_pdl = (pdl-close)/tick,2026-08-25,0.0,605df903
dist_pdl = (pdl-close)/tick,2026-08-26,0.0,605df903
dist_pdl = (pdl-close)/tick,2026-08-27,0.0,605df903
dist_pdl = (pdl-close)/tick,2026-08-28,0.0,605df903
dist_pdl = (pdl-close)/tick,2026-08-30,0.0,605df903
dist_pdl = (pdl-close)/tick,2026-08-31,0.0,605df903
dist_pdl = (pdl-close)/tick,2026-09-01,0.0,605df903
dist_pdl = (pdl-close)/tick,2026-09-02,0.0,605df903
dist_pdl = (pdl-close)/tick,2026-09-03,0.0,605df903
dist_pdl = (pdl-close)/tick,2026-09-04,0.0,605df903
dist_sess_high = (sess_high-close)/tick,2026-06-11,0.3538,c43dc080
dist_sess_high = (sess_high-close)/tick,2026-06-12,0.4548,3d61b74d
dist_sess_high = (sess_high-close)/tick,2026-06-15,0.4344,73ba58b9
dist_sess_high = (sess_high-close)/tick,2026-06-16,1.0,e7199bc7
dist_sess_high = (sess_high-close)/tick,2026-06-17,0.5732,e7199bc7
dist_sess_high = (sess_high-close)/tick,2026-06-18,0.9703,e7199bc7
dist_sess_high = (sess_high-close)/tick,2026-06-19,1.0,9238adc1
dist_sess_high = (sess_high-close)/tick,2026-06-21,0.0083,9238adc1
dist_sess_high = (sess_high-close)/tick,2026-06-22,0.2638,9238adc1
dist_sess_high = (sess_high-close)/tick,2026-06-23,1.0,9238adc1
dist_sess_high = (sess_high-close)/tick,2026-06-24,1.0,9238adc1
dist_sess_high = (sess_high-close)/tick,2026-06-25,0.0812,9238adc1
dist_sess_high = (sess_high-close)/tick,2026-06-26,0.7484,9238adc1
dist_sess_high = (sess_high-close)/tick,2026-06-28,0.0,944f7204
dist_sess_high = (sess_high-close)/tick,2026-06-29,0.0971,944f7204
dist_sess_high = (sess_high-close)/tick,2026-06-30,0.2152,944f7204
dist_sess_high = (sess_high-close)/tick,2026-07-01,0.9261,944f7204
dist_sess_high = (sess_high-close)/tick,2026-07-02,0.7464,944f7204
dist_sess_high = (sess_high-close)/tick,2026-07-03,0.4725,0658f3c8
dist_sess_high = (sess_high-close)/tick,2026-07-05,0.6,13efb186
dist_sess_high = (sess_high-close)/tick,2026-07-06,0.0913,13efb186
dist_sess_high = (sess_high-close)/tick,2026-07-07,1.0,13efb186
dist_sess_high = (sess_high-close)/tick,2026-07-08,1.0,13efb186
dist_sess_high = (sess_high-close)/tick,2026-07-09,0.1145,13efb186
dist_sess_high = (sess_high-close)/tick,2026-07-10,0.7492,13efb186
dist_sess_high = (sess_high-close)/tick,2026-07-12,0.9917,13efb186
dist_sess_high = (sess_high-close)/tick,2026-07-13,0.2688,13efb186
dist_sess_high = (sess_high-close)/tick,2026-07-14,0.7804,13efb186
dist_sess_high = (sess_high-close)/tick,2026-07-15,0.1761,13efb186
dist_sess_high = (sess_high-close)/tick,2026-07-16,0.4348,13efb186
dist_sess_high = (sess_high-close)/tick,2026-07-17,1.0,f6003b62
dist_sess_high = (sess_high-close)/tick,2026-07-19,0.0,f6003b62
dist_sess_high = (sess_high-close)/tick,2026-07-20,0.2616,f6003b62
dist_sess_high = (sess_high-close)/tick,2026-07-21,0.5007,f6003b62
dist_sess_high = (sess_high-close)/tick,2026-07-22,0.8746,ed53e566
dist_sess_high = (sess_high-close)/tick,2026-07-23,1.0,ed53e566
dist_sess_high = (sess_high-close)/tick,2026-07-24,0.0754,ed53e566
dist_sess_high = (sess_high-close)/tick,2026-07-26,0.9167,4981d53a
dist_sess_high = (sess_high-close)/tick,2026-07-27,0.2609,4981d53a
dist_sess_high = (sess_high-close)/tick,2026-07-28,0.6181,4981d53a
dist_sess_high = (sess_high-close)/tick,2026-07-29,0.2609,4981d53a
dist_sess_high = (sess_high-close)/tick,2026-07-30,0.8254,4981d53a
dist_sess_high = (sess_high-close)/tick,2026-07-31,0.6346,4981d53a
dist_sess_high = (sess_high-close)/tick,2026-08-02,1.0,e9f2b72b
dist_sess_high = (sess_high-close)/tick,2026-08-03,0.8039,e9f2b72b
dist_sess_high = (sess_high-close)/tick,2026-08-04,0.1536,1d20af93
dist_sess_high = (sess_high-close)/tick,2026-08-05,0.5059,0e82f56e
dist_sess_high = (sess_high-close)/tick,2026-08-06,1.0,feec66f6
dist_sess_high = (sess_high-close)/tick,2026-08-07,0.5095,287627ed
dist_sess_high = (sess_high-close)/tick,2026-08-09,0.9,43f2daf5
dist_sess_high = (sess_high-close)/tick,2026-08-10,0.299,78177655
dist_sess_high = (sess_high-close)/tick,2026-08-11,0.2603,78177655
dist_sess_high = (sess_high-close)/tick,2026-08-12,0.5493,78177655
dist_sess_high = (sess_high-close)/tick,2026-08-13,0.6261,78177655
dist_sess_high = (sess_high-close)/tick,2026-08-14,0.0024,78177655
dist_sess_high = (sess_high-close)/tick,2026-08-16,0.0333,605df903
dist_sess_high = (sess_high-close)/tick,2026-08-17,0.2603,605df903
dist_sess_high = (sess_high-close)/tick,2026-08-18,1.0,605df903
dist_sess_high = (sess_high-close)/tick,2026-08-19,0.7659,605df903
dist_sess_high = (sess_high-close)/tick,2026-08-20,0.2609,605df903
dist_sess_high = (sess_high-close)/tick,2026-08-21,0.596,605df903
dist_sess_high = (sess_high-close)/tick,2026-08-23,0.7083,605df903
dist_sess_high = (sess_high-close)/tick,2026-08-24,0.2609,605df903
dist_sess_high = (sess_high-close)/tick,2026-08-25,0.5384,605df903
dist_sess_high = (sess_high-close)/tick,2026-08-26,0.6312,605df903
dist_sess_high = (sess_high-close)/tick,2026-08-27,0.0862,605df903
dist_sess_high = (sess_high-close)/tick,2026-08-28,0.6516,605df903
dist_sess_high = (sess_high-close)/tick,2026-08-30,0.9917,605df903
dist_sess_high = (sess_high-close)/tick,2026-08-31,1.0,605df903
dist_sess_high = (sess_high-close)/tick,2026-09-01,0.2754,605df903
dist_sess_high = (sess_high-close)/tick,2026-09-02,0.2772,605df903
dist_sess_high = (sess_high-close)/tick,2026-09-03,0.4743,605df903
dist_sess_high = (sess_high-close)/tick,2026-09-04,1.0,605df903
dist_sess_low = (sess_low-close)/tick,2026-06-11,1.0,c43dc080
dist_sess_low = (sess_low-close)/tick,2026-06-12,1.0,3d61b74d
dist_sess_low = (sess_low-close)/tick,2026-06-15,0.8803,73ba58b9
dist_sess_low = (sess_low-close)/tick,2026-06-16,0.1145,e7199bc7
dist_sess_low = (sess_low-close)/tick,2026-06-17,0.7688,e7199bc7
dist_sess_low = (sess_low-close)/tick,2026-06-18,1.0,e7199bc7
dist_sess_low = (sess_low-close)/tick,2026-06-19,0.1337,9238adc1
dist_sess_low = (sess_low-close)/tick,2026-06-21,0.0667,9238adc1
dist_sess_low = (sess_low-close)/tick,2026-06-22,0.2275,9238adc1
dist_sess_low = (sess_low-close)/tick,2026-06-23,0.2225,9238adc1
dist_sess_low = (sess_low-close)/tick,2026-06-24,0.0,9238adc1
dist_sess_low = (sess_low-close)/tick,2026-06-25,0.8332,9238adc1
dist_sess_low = (sess_low-close)/tick,2026-06-26,0.4595,9238adc1
dist_sess_low = (sess_low-close)/tick,2026-06-28,0.9917,944f7204
dist_sess_low = (sess_low-close)/tick,2026-06-29,1.0,944f7204
dist_sess_low = (sess_low-close)/tick,2026-06-30,1.0,944f7204
dist_sess_low = (sess_low-close)/tick,2026-07-01,0.3116,944f7204
dist_sess_low = (sess_low-close)/tick,2026-07-02,0.0891,944f7204
dist_sess_low = (sess_low-close)/tick,2026-07-03,1.0,0658f3c8
dist_sess_low = (sess_low-close)/tick,2026-07-05,0.0,13efb186
dist_sess_low = (sess_low-close)/tick,2026-07-06,0.2623,13efb186
dist_sess_low = (sess_low-close)/tick,2026-07-07,0.4138,13efb186
dist_sess_low = (sess_low-close)/tick,2026-07-08,0.2645,13efb186
dist_sess_low = (sess_low-close)/tick,2026-07-09,1.0,13efb186
dist_sess_low = (sess_low-close)/tick,2026-07-10,0.019,13efb186
dist_sess_low = (sess_low-close)/tick,2026-07-12,0.025,13efb186
dist_sess_low = (sess_low-close)/tick,2026-07-13,0.1507,13efb186
dist_sess_low = (sess_low-close)/tick,2026-07-14,0.1819,13efb186
dist_sess_low = (sess_low-close)/tick,2026-07-15,0.2616,13efb186
dist_sess_low = (sess_low-close)/tick,2026-07-16,0.6826,13efb186
dist_sess_low = (sess_low-close)/tick,2026-07-17,0.0262,f6003b62
dist_sess_low = (sess_low-close)/tick,2026-07-19,0.0417,f6003b62
dist_sess_low = (sess_low-close)/tick,2026-07-20,0.1007,f6003b62
dist_sess_low = (sess_low-close)/tick,2026-07-21,0.1935,f6003b62
dist_sess_low = (sess_low-close)/tick,2026-07-22,0.1761,ed53e566
dist_sess_low = (sess_low-close)/tick,2026-07-23,0.2638,ed53e566
dist_sess_low = (sess_low-close)/tick,2026-07-24,1.0,ed53e566
dist_sess_low = (sess_low-close)/tick,2026-07-26,0.9917,4981d53a
dist_sess_low = (sess_low-close)/tick,2026-07-27,0.6935,4981d53a
dist_sess_low = (sess_low-close)/tick,2026-07-28,0.9319,4981d53a
dist_sess_low = (sess_low-close)/tick,2026-07-29,0.2036,4981d53a
dist_sess_low = (sess_low-close)/tick,2026-07-30,1.0,4981d53a
dist_sess_low = (sess_low-close)/tick,2026-07-31,0.4705,4981d53a
dist_sess_low = (sess_low-close)/tick,2026-08-02,1.0,e9f2b72b
dist_sess_low = (sess_low-close)/tick,2026-08-03,1.0,e9f2b72b
dist_sess_low = (sess_low-close)/tick,2026-08-04,1.0,1d20af93
dist_sess_low = (sess_low-close)/tick,2026-08-05,0.8607,0e82f56e
dist_sess_low = (sess_low-close)/tick,2026-08-06,0.85,feec66f6
dist_sess_low = (sess_low-close)/tick,2026-08-07,0.5079,287627ed
dist_sess_low = (sess_low-close)/tick,2026-08-09,0.1,43f2daf5
dist_sess_low = (sess_low-close)/tick,2026-08-10,0.8893,78177655
dist_sess_low = (sess_low-close)/tick,2026-08-11,0.0856,78177655
dist_sess_low = (sess_low-close)/tick,2026-08-12,1.0,78177655
dist_sess_low = (sess_low-close)/tick,2026-08-13,0.3246,78177655
dist_sess_low = (sess_low-close)/tick,2026-08-14,0.8532,78177655
dist_sess_low = (sess_low-close)/tick,2026-08-16,0.0,605df903
dist_sess_low = (sess_low-close)/tick,2026-08-17,0.0116,605df903
dist_sess_low = (sess_low-close)/tick,2026-08-18,0.1536,605df903
dist_sess_low = (sess_low-close)/tick,2026-08-19,0.2609,605df903
dist_sess_low = (sess_low-close)/tick,2026-08-20,0.4848,605df903
dist_sess_low = (sess_low-close)/tick,2026-08-21,1.0,605df903
dist_sess_low = (sess_low-close)/tick,2026-08-23,0.0,605df903
dist_sess_low = (sess_low-close)/tick,2026-08-24,0.2616,605df903
dist_sess_low = (sess_low-close)/tick,2026-08-25,0.2688,605df903
dist_sess_low = (sess_low-close)/tick,2026-08-26,0.2616,605df903
dist_sess_low = (sess_low-close)/tick,2026-08-27,1.0,605df903
dist_sess_low = (sess_low-close)/tick,2026-08-28,0.9714,605df903
dist_sess_low = (sess_low-close)/tick,2026-08-30,0.0,605df903
dist_sess_low = (sess_low-close)/tick,2026-08-31,0.2609,605df903
dist_sess_low = (sess_low-close)/tick,2026-09-01,0.458,605df903
dist_sess_low = (sess_low-close)/tick,2026-09-02,0.6778,605df903
dist_sess_low = (sess_low-close)/tick,2026-09-03,0.4917,605df903
dist_sess_low = (sess_low-close)/tick,2026-09-04,0.8731,605df903
dist_ovn_high = (ovn_high-close)/tick,2026-06-11,0.0,c43dc080
dist_ovn_high = (ovn_high-close)/tick,2026-06-12,0.0,3d61b74d
dist_ovn_high = (ovn_high-close)/tick,2026-06-14,0.0,73ba58b9
dist_ovn_high = (ovn_high-close)/tick,2026-06-15,0.0,73ba58b9
dist_ovn_high = (ovn_high-close)/tick,2026-06-16,0.0,e7199bc7
dist_ovn_high = (ovn_high-close)/tick,2026-06-17,0.0,e7199bc7
dist_ovn_high = (ovn_high-close)/tick,2026-06-18,0.0,e7199bc7
dist_ovn_high = (ovn_high-close)/tick,2026-06-19,0.0,9238adc1
dist_ovn_high = (ovn_high-close)/tick,2026-06-21,0.0,9238adc1
dist_ovn_high = (ovn_high-close)/tick,2026-06-22,0.0,9238adc1
dist_ovn_high = (ovn_high-close)/tick,2026-06-23,0.0,9238adc1
dist_ovn_high = (ovn_high-close)/tick,2026-06-24,0.0,9238adc1
dist_ovn_high = (ovn_high-close)/tick,2026-06-25,0.0,9238adc1
dist_ovn_high = (ovn_high-close)/tick,2026-06-26,0.0,9238adc1
dist_ovn_high = (ovn_high-close)/tick,2026-06-28,0.0,944f7204
dist_ovn_high = (ovn_high-close)/tick,2026-06-29,0.0,944f7204
dist_ovn_high = (ovn_high-close)/tick,2026-06-30,0.0,944f7204
dist_ovn_high = (ovn_high-close)/tick,2026-07-01,0.0,944f7204
dist_ovn_high = (ovn_high-close)/tick,2026-07-02,0.0,944f7204
dist_ovn_high = (ovn_high-close)/tick,2026-07-03,0.0,0658f3c8
dist_ovn_high = (ovn_high-close)/tick,2026-07-05,0.0,13efb186
dist_ovn_high = (ovn_high-close)/tick,2026-07-06,0.0,13efb186
dist_ovn_high = (ovn_high-close)/tick,2026-07-07,0.0,13efb186
dist_ovn_high = (ovn_high-close)/tick,2026-07-08,0.0,13efb186
dist_ovn_high = (ovn_high-close)/tick,2026-07-09,0.0,13efb186
dist_ovn_high = (ovn_high-close)/tick,2026-07-10,0.0,13efb186
dist_ovn_high = (ovn_high-close)/tick,2026-07-12,0.0,13efb186
dist_ovn_high = (ovn_high-close)/tick,2026-07-13,0.0,13efb186
dist_ovn_high = (ovn_high-close)/tick,2026-07-14,0.0,13efb186
dist_ovn_high = (ovn_high-close)/tick,2026-07-15,0.0,13efb186
dist_ovn_high = (ovn_high-close)/tick,2026-07-16,0.0,13efb186
dist_ovn_high = (ovn_high-close)/tick,2026-07-17,0.0,f6003b62
dist_ovn_high = (ovn_high-close)/tick,2026-07-19,0.0,f6003b62
dist_ovn_high = (ovn_high-close)/tick,2026-07-20,0.0,f6003b62
dist_ovn_high = (ovn_high-close)/tick,2026-07-21,0.0,f6003b62
dist_ovn_high = (ovn_high-close)/tick,2026-07-22,0.0,ed53e566
dist_ovn_high = (ovn_high-close)/tick,2026-07-23,0.0,ed53e566
dist_ovn_high = (ovn_high-close)/tick,2026-07-24,0.0,ed53e566
dist_ovn_high = (ovn_high-close)/tick,2026-07-26,0.0,4981d53a
dist_ovn_high = (ovn_high-close)/tick,2026-07-27,0.0,4981d53a
dist_ovn_high = (ovn_high-close)/tick,2026-07-28,0.0,4981d53a
dist_ovn_high = (ovn_high-close)/tick,2026-07-29,0.0,4981d53a
dist_ovn_high = (ovn_high-close)/tick,2026-07-30,0.0,4981d53a
dist_ovn_high = (ovn_high-close)/tick,2026-07-31,0.0,4981d53a
dist_ovn_high = (ovn_high-close)/tick,2026-08-02,0.0,e9f2b72b
dist_ovn_high = (ovn_high-close)/tick,2026-08-03,0.0,e9f2b72b
dist_ovn_high = (ovn_high-close)/tick,2026-08-04,0.0,1d20af93
dist_ovn_high = (ovn_high-close)/tick,2026-08-05,0.0,0e82f56e
dist_ovn_high = (ovn_high-close)/tick,2026-08-06,0.0,feec66f6
dist_ovn_high = (ovn_high-close)/tick,2026-08-07,0.0,287627ed
dist_ovn_high = (ovn_high-close)/tick,2026-08-09,0.0,43f2daf5
dist_ovn_high = (ovn_high-close)/tick,2026-08-10,0.0,78177655
dist_ovn_high = (ovn_high-close)/tick,2026-08-11,0.0,78177655
dist_ovn_high = (ovn_high-close)/tick,2026-08-12,0.0,78177655
dist_ovn_high = (ovn_high-close)/tick,2026-08-13,0.0,78177655
dist_ovn_high = (ovn_high-close)/tick,2026-08-14,0.0,78177655
dist_ovn_high = (ovn_high-close)/tick,2026-08-16,0.0,605df903
dist_ovn_high = (ovn_high-close)/tick,2026-08-17,0.0,605df903
dist_ovn_high = (ovn_high-close)/tick,2026-08-18,0.0,605df903
dist_ovn_high = (ovn_high-close)/tick,2026-08-19,0.0,605df903
dist_ovn_high = (ovn_high-close)/tick,2026-08-20,0.0,605df903
dist_ovn_high = (ovn_high-close)/tick,2026-08-21,0.0,605df903
dist_ovn_high = (ovn_high-close)/tick,2026-08-23,0.0,605df903
dist_ovn_high = (ovn_high-close)/tick,2026-08-24,0.0,605df903
dist_ovn_high = (ovn_high-close)/tick,2026-08-25,0.0,605df903
dist_ovn_high = (ovn_high-close)/tick,2026-08-26,0.0,605df903
dist_ovn_high = (ovn_high-close)/tick,2026-08-27,0.0,605df903
dist_ovn_high = (ovn_high-close)/tick,2026-08-28,0.0,605df903
dist_ovn_high = (ovn_high-close)/tick,2026-08-30,0.0,605df903
dist_ovn_high = (ovn_high-close)/tick,2026-08-31,0.0,605df903
dist_ovn_high = (ovn_high-close)/tick,2026-09-01,0.0,605df903
dist_ovn_high = (ovn_high-close)/tick,2026-09-02,0.0,605df903
dist_ovn_high = (ovn_high-close)/tick,2026-09-03,0.0,605df903
dist_ovn_high = (ovn_high-close)/tick,2026-09-04,0.0,605df903
dist_ovn_low = (ovn_low-close)/tick,2026-06-11,0.0,c43dc080
dist_ovn_low = (ovn_low-close)/tick,2026-06-12,0.0,3d61b74d
dist_ovn_low = (ovn_low-close)/tick,2026-06-14,0.0,73ba58b9
dist_ovn_low = (ovn_low-close)/tick,2026-06-15,0.0,73ba58b9
dist_ovn_low = (ovn_low-close)/tick,2026-06-16,0.0,e7199bc7
dist_ovn_low = (ovn_low-close)/tick,2026-06-17,0.0,e7199bc7
dist_ovn_low = (ovn_low-close)/tick,2026-06-18,0.0,e7199bc7
dist_ovn_low = (ovn_low-close)/tick,2026-06-19,0.0,9238adc1
dist_ovn_low = (ovn_low-close)/tick,2026-06-21,0.0,9238adc1
dist_ovn_low = (ovn_low-close)/tick,2026-06-22,0.0,9238adc1
dist_ovn_low = (ovn_low-close)/tick,2026-06-23,0.0,9238adc1
dist_ovn_low = (ovn_low-close)/tick,2026-06-24,0.0,9238adc1
dist_ovn_low = (ovn_low-close)/tick,2026-06-25,0.0,9238adc1
dist_ovn_low = (ovn_low-close)/tick,2026-06-26,0.0,9238adc1
dist_ovn_low = (ovn_low-close)/tick,2026-06-28,0.0,944f7204
dist_ovn_low = (ovn_low-close)/tick,2026-06-29,0.0,944f7204
dist_ovn_low = (ovn_low-close)/tick,2026-06-30,0.0,944f7204
dist_ovn_low = (ovn_low-close)/tick,2026-07-01,0.0,944f7204
dist_ovn_low = (ovn_low-close)/tick,2026-07-02,0.0,944f7204
dist_ovn_low = (ovn_low-close)/tick,2026-07-03,0.0,0658f3c8
dist_ovn_low = (ovn_low-close)/tick,2026-07-05,0.0,13efb186
dist_ovn_low = (ovn_low-close)/tick,2026-07-06,0.0,13efb186
dist_ovn_low = (ovn_low-close)/tick,2026-07-07,0.0,13efb186
dist_ovn_low = (ovn_low-close)/tick,2026-07-08,0.0,13efb186
dist_ovn_low = (ovn_low-close)/tick,2026-07-09,0.0,13efb186
dist_ovn_low = (ovn_low-close)/tick,2026-07-10,0.0,13efb186
dist_ovn_low = (ovn_low-close)/tick,2026-07-12,0.0,13efb186
dist_ovn_low = (ovn_low-close)/tick,2026-07-13,0.0,13efb186
dist_ovn_low = (ovn_low-close)/tick,2026-07-14,0.0,13efb186
dist_ovn_low = (ovn_low-close)/tick,2026-07-15,0.0,13efb186
dist_ovn_low = (ovn_low-close)/tick,2026-07-16,0.0,13efb186
dist_ovn_low = (ovn_low-close)/tick,2026-07-17,0.0,f6003b62
dist_ovn_low = (ovn_low-close)/tick,2026-07-19,0.0,f6003b62
dist_ovn_low = (ovn_low-close)/tick,2026-07-20,0.0,f6003b62
dist_ovn_low = (ovn_low-close)/tick,2026-07-21,0.0,f6003b62
dist_ovn_low = (ovn_low-close)/tick,2026-07-22,0.0,ed53e566
dist_ovn_low = (ovn_low-close)/tick,2026-07-23,0.0,ed53e566
dist_ovn_low = (ovn_low-close)/tick,2026-07-24,0.0,ed53e566
dist_ovn_low = (ovn_low-close)/tick,2026-07-26,0.0,4981d53a
dist_ovn_low = (ovn_low-close)/tick,2026-07-27,0.0,4981d53a
dist_ovn_low = (ovn_low-close)/tick,2026-07-28,0.0,4981d53a
dist_ovn_low = (ovn_low-close)/tick,2026-07-29,0.0,4981d53a
dist_ovn_low = (ovn_low-close)/tick,2026-07-30,0.0,4981d53a
dist_ovn_low = (ovn_low-close)/tick,2026-07-31,0.0,4981d53a
dist_ovn_low = (ovn_low-close)/tick,2026-08-02,0.0,e9f2b72b
dist_ovn_low = (ovn_low-close)/tick,2026-08-03,0.0,e9f2b72b
dist_ovn_low = (ovn_low-close)/tick,2026-08-04,0.0,1d20af93
dist_ovn_low = (ovn_low-close)/tick,2026-08-05,0.0,0e82f56e
dist_ovn_low = (ovn_low-close)/tick,2026-08-06,0.0,feec66f6
dist_ovn_low = (ovn_low-close)/tick,2026-08-07,0.0,287627ed
dist_ovn_low = (ovn_low-close)/tick,2026-08-09,0.0,43f2daf5
dist_ovn_low = (ovn_low-close)/tick,2026-08-10,0.0,78177655
dist_ovn_low = (ovn_low-close)/tick,2026-08-11,0.0,78177655
dist_ovn_low = (ovn_low-close)/tick,2026-08-12,0.0,78177655
dist_ovn_low = (ovn_low-close)/tick,2026-08-13,0.0,78177655
dist_ovn_low = (ovn_low-close)/tick,2026-08-14,0.0,78177655
dist_ovn_low = (ovn_low-close)/tick,2026-08-16,0.0,605df903
dist_ovn_low = (ovn_low-close)/tick,2026-08-17,0.0,605df903
dist_ovn_low = (ovn_low-close)/tick,2026-08-18,0.0,605df903
dist_ovn_low = (ovn_low-close)/tick,2026-08-19,0.0,605df903
dist_ovn_low = (ovn_low-close)/tick,2026-08-20,0.0,605df903
dist_ovn_low = (ovn_low-close)/tick,2026-08-21,0.0,605df903
dist_ovn_low = (ovn_low-close)/tick,2026-08-23,0.0,605df903
dist_ovn_low = (ovn_low-close)/tick,2026-08-24,0.0,605df903
dist_ovn_low = (ovn_low-close)/tick,2026-08-25,0.0,605df903
dist_ovn_low = (ovn_low-close)/tick,2026-08-26,0.0,605df903
dist_ovn_low = (ovn_low-close)/tick,2026-08-27,0.0,605df903
dist_ovn_low = (ovn_low-close)/tick,2026-08-28,0.0,605df903
dist_ovn_low = (ovn_low-close)/tick,2026-08-30,0.0,605df903
dist_ovn_low = (ovn_low-close)/tick,2026-08-31,0.0,605df903
dist_ovn_low = (ovn_low-close)/tick,2026-09-01,0.0,605df903
dist_ovn_low = (ovn_low-close)/tick,2026-09-02,0.0,605df903
dist_ovn_low = (ovn_low-close)/tick,2026-09-03,0.0,605df903
dist_ovn_low = (ovn_low-close)/tick,2026-09-04,0.0,605df903
dist_ib_high = (ib_high-close)/tick,2026-06-11,0.0,c43dc080
dist_ib_high = (ib_high-close)/tick,2026-06-12,0.0,3d61b74d
dist_ib_high = (ib_high-close)/tick,2026-06-15,0.0,73ba58b9
dist_ib_high = (ib_high-close)/tick,2026-06-16,0.0,e7199bc7
dist_ib_high = (ib_high-close)/tick,2026-06-17,0.0,e7199bc7
dist_ib_high = (ib_high-close)/tick,2026-06-18,0.0,e7199bc7
dist_ib_high = (ib_high-close)/tick,2026-06-19,0.0,9238adc1
dist_ib_high = (ib_high-close)/tick,2026-06-22,0.0,9238adc1
dist_ib_high = (ib_high-close)/tick,2026-06-23,0.0,9238adc1
dist_ib_high = (ib_high-close)/tick,2026-06-25,0.0,9238adc1
dist_ib_high = (ib_high-close)/tick,2026-06-26,0.0,9238adc1
dist_ib_high = (ib_high-close)/tick,2026-06-29,0.0,944f7204
dist_ib_high = (ib_high-close)/tick,2026-06-30,0.0,944f7204
dist_ib_high = (ib_high-close)/tick,2026-07-01,0.0,944f7204
dist_ib_high = (ib_high-close)/tick,2026-07-02,0.0,944f7204
dist_ib_high = (ib_high-close)/tick,2026-07-03,0.0,0658f3c8
dist_ib_high = (ib_high-close)/tick,2026-07-06,0.0,13efb186
dist_ib_high = (ib_high-close)/tick,2026-07-07,0.0,13efb186
dist_ib_high = (ib_high-close)/tick,2026-07-08,0.0,13efb186
dist_ib_high = (ib_high-close)/tick,2026-07-09,0.0,13efb186
dist_ib_high = (ib_high-close)/tick,2026-07-10,0.0,13efb186
dist_ib_high = (ib_high-close)/tick,2026-07-13,0.0,13efb186
dist_ib_high = (ib_high-close)/tick,2026-07-14,0.0,13efb186
dist_ib_high = (ib_high-close)/tick,2026-07-15,0.0,13efb186
dist_ib_high = (ib_high-close)/tick,2026-07-16,0.0,13efb186
dist_ib_high = (ib_high-close)/tick,2026-07-17,0.0,f6003b62
dist_ib_high = (ib_high-close)/tick,2026-07-20,0.0,f6003b62
dist_ib_high = (ib_high-close)/tick,2026-07-21,0.0,f6003b62
dist_ib_high = (ib_high-close)/tick,2026-07-22,0.0,ed53e566
dist_ib_high = (ib_high-close)/tick,2026-07-23,0.0,ed53e566
dist_ib_high = (ib_high-close)/tick,2026-07-24,0.0,ed53e566
dist_ib_high = (ib_high-close)/tick,2026-07-27,0.0,4981d53a
dist_ib_high = (ib_high-close)/tick,2026-07-28,0.0,4981d53a
dist_ib_high = (ib_high-close)/tick,2026-07-29,0.0,4981d53a
dist_ib_high = (ib_high-close)/tick,2026-07-30,0.0,4981d53a
dist_ib_high = (ib_high-close)/tick,2026-07-31,0.0,4981d53a
dist_ib_high = (ib_high-close)/tick,2026-08-03,0.0,e9f2b72b
dist_ib_high = (ib_high-close)/tick,2026-08-04,0.0,1d20af93
dist_ib_high = (ib_high-close)/tick,2026-08-05,0.0,0e82f56e
dist_ib_high = (ib_high-close)/tick,2026-08-06,0.0,feec66f6
dist_ib_high = (ib_high-close)/tick,2026-08-07,0.0,287627ed
dist_ib_high = (ib_high-close)/tick,2026-08-10,0.0,78177655
dist_ib_high = (ib_high-close)/tick,2026-08-11,0.0,78177655
dist_ib_high = (ib_high-close)/tick,2026-08-12,0.0,78177655
dist_ib_high = (ib_high-close)/tick,2026-08-13,0.0,78177655
dist_ib_high = (ib_high-close)/tick,2026-08-14,0.0,78177655
dist_ib_high = (ib_high-close)/tick,2026-08-17,0.0,605df903
dist_ib_high = (ib_high-close)/tick,2026-08-18,0.0,605df903
dist_ib_high = (ib_high-close)/tick,2026-08-19,0.0,605df903
dist_ib_high = (ib_high-close)/tick,2026-08-20,0.0,605df903
dist_ib_high = (ib_high-close)/tick,2026-08-21,0.0,605df903
dist_ib_high = (ib_high-close)/tick,2026-08-24,0.0,605df903
dist_ib_high = (ib_high-close)/tick,2026-08-25,0.0,605df903
dist_ib_high = (ib_high-close)/tick,2026-08-26,0.0,605df903
dist_ib_high = (ib_high-close)/tick,2026-08-27,0.0,605df903
dist_ib_high = (ib_high-close)/tick,2026-08-28,0.0,605df903
dist_ib_high = (ib_high-close)/tick,2026-08-31,0.0,605df903
dist_ib_high = (ib_high-close)/tick,2026-09-01,0.0,605df903
dist_ib_high = (ib_high-close)/tick,2026-09-02,0.0,605df903
dist_ib_high = (ib_high-close)/tick,2026-09-03,0.0,605df903
dist_ib_low = (ib_low-close)/tick,2026-06-11,0.0,c43dc080
dist_ib_low = (ib_low-close)/tick,2026-06-12,0.0,3d61b74d
dist_ib_low = (ib_low-close)/tick,2026-06-15,0.0,73ba58b9
dist_ib_low = (ib_low-close)/tick,2026-06-16,0.0,e7199bc7
dist_ib_low = (ib_low-close)/tick,2026-06-17,0.0,e7199bc7
dist_ib_low = (ib_low-close)/tick,2026-06-18,0.0,e7199bc7
dist_ib_low = (ib_low-close)/tick,2026-06-19,0.0,9238adc1
dist_ib_low = (ib_low-close)/tick,2026-06-22,0.0,9238adc1
dist_ib_low = (ib_low-close)/tick,2026-06-23,0.0,9238adc1
dist_ib_low = (ib_low-close)/tick,2026-06-25,0.0,9238adc1
dist_ib_low = (ib_low-close)/tick,2026-06-26,0.0,9238adc1
dist_ib_low = (ib_low-close)/tick,2026-06-29,0.0,944f7204
dist_ib_low = (ib_low-close)/tick,2026-06-30,0.0,944f7204
dist_ib_low = (ib_low-close)/tick,2026-07-01,0.0,944f7204
dist_ib_low = (ib_low-close)/tick,2026-07-02,0.0,944f7204
dist_ib_low = (ib_low-close)/tick,2026-07-03,0.0,0658f3c8
dist_ib_low = (ib_low-close)/tick,2026-07-06,0.0,13efb186
dist_ib_low = (ib_low-close)/tick,2026-07-07,0.0,13efb186
dist_ib_low = (ib_low-close)/tick,2026-07-08,0.0,13efb186
dist_ib_low = (ib_low-close)/tick,2026-07-09,0.0,13efb186
dist_ib_low = (ib_low-close)/tick,2026-07-10,0.0,13efb186
dist_ib_low = (ib_low-close)/tick,2026-07-13,0.0,13efb186
dist_ib_low = (ib_low-close)/tick,2026-07-14,0.0,13efb186
dist_ib_low = (ib_low-close)/tick,2026-07-15,0.0,13efb186
dist_ib_low = (ib_low-close)/tick,2026-07-16,0.0,13efb186
dist_ib_low = (ib_low-close)/tick,2026-07-17,0.0,f6003b62
dist_ib_low = (ib_low-close)/tick,2026-07-20,0.0,f6003b62
dist_ib_low = (ib_low-close)/tick,2026-07-21,0.0,f6003b62
dist_ib_low = (ib_low-close)/tick,2026-07-22,0.0,ed53e566
dist_ib_low = (ib_low-close)/tick,2026-07-23,0.0,ed53e566
dist_ib_low = (ib_low-close)/tick,2026-07-24,0.0,ed53e566
dist_ib_low = (ib_low-close)/tick,2026-07-27,0.0,4981d53a
dist_ib_low = (ib_low-close)/tick,2026-07-28,0.0,4981d53a
dist_ib_low = (ib_low-close)/tick,2026-07-29,0.0,4981d53a
dist_ib_low = (ib_low-close)/tick,2026-07-30,0.0,4981d53a
dist_ib_low = (ib_low-close)/tick,2026-07-31,0.0,4981d53a
dist_ib_low = (ib_low-close)/tick,2026-08-03,0.0,e9f2b72b
dist_ib_low = (ib_low-close)/tick,2026-08-04,0.0,1d20af93
dist_ib_low = (ib_low-close)/tick,2026-08-05,0.0,0e82f56e
dist_ib_low = (ib_low-close)/tick,2026-08-06,0.0,feec66f6
dist_ib_low = (ib_low-close)/tick,2026-08-07,0.0,287627ed
dist_ib_low = (ib_low-close)/tick,2026-08-10,0.0,78177655
dist_ib_low = (ib_low-close)/tick,2026-08-11,0.0,78177655
dist_ib_low = (ib_low-close)/tick,2026-08-12,0.0,78177655
dist_ib_low = (ib_low-close)/tick,2026-08-13,0.0,78177655
dist_ib_low = (ib_low-close)/tick,2026-08-14,0.0,78177655
dist_ib_low = (ib_low-close)/tick,2026-08-17,0.0,605df903
dist_ib_low = (ib_low-close)/tick,2026-08-18,0.0,605df903
dist_ib_low = (ib_low-close)/tick,2026-08-19,0.0,605df903
dist_ib_low = (ib_low-close)/tick,2026-08-20,0.0,605df903
dist_ib_low = (ib_low-close)/tick,2026-08-21,0.0,605df903
dist_ib_low = (ib_low-close)/tick,2026-08-24,0.0,605df903
dist_ib_low = (ib_low-close)/tick,2026-08-25,0.0,605df903
dist_ib_low = (ib_low-close)/tick,2026-08-26,0.0,605df903
dist_ib_low = (ib_low-close)/tick,2026-08-27,0.0,605df903
dist_ib_low = (ib_low-close)/tick,2026-08-28,0.0,605df903
dist_ib_low = (ib_low-close)/tick,2026-08-31,0.0,605df903
dist_ib_low = (ib_low-close)/tick,2026-09-01,0.0,605df903
dist_ib_low = (ib_low-close)/tick,2026-09-02,0.0,605df903
dist_ib_low = (ib_low-close)/tick,2026-09-03,0.0,605df903
dist_open_cash = (open_cash_lvl-close)/tick,2026-06-10,0.0,None
dist_open_cash = (open_cash_lvl-close)/tick,2026-06-11,0.0,c43dc080
dist_open_cash = (open_cash_lvl-close)/tick,2026-06-12,0.0,3d61b74d
dist_open_cash = (open_cash_lvl-close)/tick,2026-06-14,0.0,73ba58b9
dist_open_cash = (open_cash_lvl-close)/tick,2026-06-15,0.0,73ba58b9
dist_open_cash = (open_cash_lvl-close)/tick,2026-06-16,0.0,e7199bc7
dist_open_cash = (open_cash_lvl-close)/tick,2026-06-17,0.0,e7199bc7
dist_open_cash = (open_cash_lvl-close)/tick,2026-06-18,0.0,e7199bc7
dist_open_cash = (open_cash_lvl-close)/tick,2026-06-19,0.0,9238adc1
dist_open_cash = (open_cash_lvl-close)/tick,2026-06-21,0.0,9238adc1
dist_open_cash = (open_cash_lvl-close)/tick,2026-06-22,0.0,9238adc1
dist_open_cash = (open_cash_lvl-close)/tick,2026-06-23,0.0,9238adc1
dist_open_cash = (open_cash_lvl-close)/tick,2026-06-24,0.0,9238adc1
dist_open_cash = (open_cash_lvl-close)/tick,2026-06-25,0.0,9238adc1
dist_open_cash = (open_cash_lvl-close)/tick,2026-06-26,0.0,9238adc1
dist_open_cash = (open_cash_lvl-close)/tick,2026-06-28,0.0,944f7204
dist_open_cash = (open_cash_lvl-close)/tick,2026-06-29,0.0,944f7204
dist_open_cash = (open_cash_lvl-close)/tick,2026-06-30,0.0,944f7204
dist_open_cash = (open_cash_lvl-close)/tick,2026-07-01,0.0,944f7204
dist_open_cash = (open_cash_lvl-close)/tick,2026-07-02,0.0,944f7204
dist_open_cash = (open_cash_lvl-close)/tick,2026-07-03,0.0,0658f3c8
dist_open_cash = (open_cash_lvl-close)/tick,2026-07-05,0.0,13efb186
dist_open_cash = (open_cash_lvl-close)/tick,2026-07-06,0.0,13efb186
dist_open_cash = (open_cash_lvl-close)/tick,2026-07-07,0.0,13efb186
dist_open_cash = (open_cash_lvl-close)/tick,2026-07-08,0.0,13efb186
dist_open_cash = (open_cash_lvl-close)/tick,2026-07-09,0.0,13efb186
dist_open_cash = (open_cash_lvl-close)/tick,2026-07-10,0.0,13efb186
dist_open_cash = (open_cash_lvl-close)/tick,2026-07-12,0.0,13efb186
dist_open_cash = (open_cash_lvl-close)/tick,2026-07-13,0.0,13efb186
dist_open_cash = (open_cash_lvl-close)/tick,2026-07-14,0.0,13efb186
dist_open_cash = (open_cash_lvl-close)/tick,2026-07-15,0.0,13efb186
dist_open_cash = (open_cash_lvl-close)/tick,2026-07-16,0.0,13efb186
dist_open_cash = (open_cash_lvl-close)/tick,2026-07-17,0.0,f6003b62
dist_open_cash = (open_cash_lvl-close)/tick,2026-07-19,0.0,f6003b62
dist_open_cash = (open_cash_lvl-close)/tick,2026-07-20,0.0,f6003b62
dist_open_cash = (open_cash_lvl-close)/tick,2026-07-21,0.0,f6003b62
dist_open_cash = (open_cash_lvl-close)/tick,2026-07-22,0.0,ed53e566
dist_open_cash = (open_cash_lvl-close)/tick,2026-07-23,0.0,ed53e566
dist_open_cash = (open_cash_lvl-close)/tick,2026-07-24,0.0,ed53e566
dist_open_cash = (open_cash_lvl-close)/tick,2026-07-26,0.0,4981d53a
dist_open_cash = (open_cash_lvl-close)/tick,2026-07-27,0.0,4981d53a
dist_open_cash = (open_cash_lvl-close)/tick,2026-07-28,0.0,4981d53a
dist_open_cash = (open_cash_lvl-close)/tick,2026-07-29,0.0,4981d53a
dist_open_cash = (open_cash_lvl-close)/tick,2026-07-30,0.0,4981d53a
dist_open_cash = (open_cash_lvl-close)/tick,2026-07-31,0.0,4981d53a
dist_open_cash = (open_cash_lvl-close)/tick,2026-08-02,0.0,e9f2b72b
dist_open_cash = (open_cash_lvl-close)/tick,2026-08-03,0.0,e9f2b72b
dist_open_cash = (open_cash_lvl-close)/tick,2026-08-04,0.0,1d20af93
dist_open_cash = (open_cash_lvl-close)/tick,2026-08-05,0.0,0e82f56e
dist_open_cash = (open_cash_lvl-close)/tick,2026-08-06,0.0,feec66f6
dist_open_cash = (open_cash_lvl-close)/tick,2026-08-07,0.0,287627ed
dist_open_cash = (open_cash_lvl-close)/tick,2026-08-09,0.0,43f2daf5
dist_open_cash = (open_cash_lvl-close)/tick,2026-08-10,0.0,78177655
dist_open_cash = (open_cash_lvl-close)/tick,2026-08-11,0.0,78177655
dist_open_cash = (open_cash_lvl-close)/tick,2026-08-12,0.0,78177655
dist_open_cash = (open_cash_lvl-close)/tick,2026-08-13,0.0,78177655
dist_open_cash = (open_cash_lvl-close)/tick,2026-08-14,0.0,78177655
dist_open_cash = (open_cash_lvl-close)/tick,2026-08-16,0.0,605df903
dist_open_cash = (open_cash_lvl-close)/tick,2026-08-17,0.0,605df903
dist_open_cash = (open_cash_lvl-close)/tick,2026-08-18,0.0,605df903
dist_open_cash = (open_cash_lvl-close)/tick,2026-08-19,0.0,605df903
dist_open_cash = (open_cash_lvl-close)/tick,2026-08-20,0.0,605df903
dist_open_cash = (open_cash_lvl-close)/tick,2026-08-21,0.0,605df903
dist_open_cash = (open_cash_lvl-close)/tick,2026-08-23,0.0,605df903
dist_open_cash = (open_cash_lvl-close)/tick,2026-08-24,0.0,605df903
dist_open_cash = (open_cash_lvl-close)/tick,2026-08-25,0.0,605df903
dist_open_cash = (open_cash_lvl-close)/tick,2026-08-26,0.0,605df903
dist_open_cash = (open_cash_lvl-close)/tick,2026-08-27,0.0,605df903
dist_open_cash = (open_cash_lvl-close)/tick,2026-08-28,0.0,605df903
dist_open_cash = (open_cash_lvl-close)/tick,2026-08-30,0.0,605df903
dist_open_cash = (open_cash_lvl-close)/tick,2026-08-31,0.0,605df903
dist_open_cash = (open_cash_lvl-close)/tick,2026-09-01,0.0,605df903
dist_open_cash = (open_cash_lvl-close)/tick,2026-09-02,0.0,605df903
dist_open_cash = (open_cash_lvl-close)/tick,2026-09-03,0.0,605df903
dist_open_cash = (open_cash_lvl-close)/tick,2026-09-04,0.0,605df903
dist_open_830 = (open_830_lvl-close)/tick,2026-06-10,0.0,None
dist_open_830 = (open_830_lvl-close)/tick,2026-06-11,0.0,c43dc080
dist_open_830 = (open_830_lvl-close)/tick,2026-06-12,0.0,3d61b74d
dist_open_830 = (open_830_lvl-close)/tick,2026-06-15,0.0,73ba58b9
dist_open_830 = (open_830_lvl-close)/tick,2026-06-16,0.0,e7199bc7
dist_open_830 = (open_830_lvl-close)/tick,2026-06-17,0.0,e7199bc7
dist_open_830 = (open_830_lvl-close)/tick,2026-06-18,0.0,e7199bc7
dist_open_830 = (open_830_lvl-close)/tick,2026-06-19,0.0,9238adc1
dist_open_830 = (open_830_lvl-close)/tick,2026-06-21,0.0,9238adc1
dist_open_830 = (open_830_lvl-close)/tick,2026-06-22,0.0,9238adc1
dist_open_830 = (open_830_lvl-close)/tick,2026-06-23,0.0,9238adc1
dist_open_830 = (open_830_lvl-close)/tick,2026-06-24,0.0,9238adc1
dist_open_830 = (open_830_lvl-close)/tick,2026-06-25,0.0,9238adc1
dist_open_830 = (open_830_lvl-close)/tick,2026-06-26,0.0,9238adc1
dist_open_830 = (open_830_lvl-close)/tick,2026-06-28,0.0,944f7204
dist_open_830 = (open_830_lvl-close)/tick,2026-06-29,0.0,944f7204
dist_open_830 = (open_830_lvl-close)/tick,2026-06-30,0.0,944f7204
dist_open_830 = (open_830_lvl-close)/tick,2026-07-01,0.0,944f7204
dist_open_830 = (open_830_lvl-close)/tick,2026-07-02,0.0,944f7204
dist_open_830 = (open_830_lvl-close)/tick,2026-07-03,0.0,0658f3c8
dist_open_830 = (open_830_lvl-close)/tick,2026-07-05,0.0,13efb186
dist_open_830 = (open_830_lvl-close)/tick,2026-07-06,0.0,13efb186
dist_open_830 = (open_830_lvl-close)/tick,2026-07-07,0.0,13efb186
dist_open_830 = (open_830_lvl-close)/tick,2026-07-08,0.0,13efb186
dist_open_830 = (open_830_lvl-close)/tick,2026-07-09,0.0,13efb186
dist_open_830 = (open_830_lvl-close)/tick,2026-07-10,0.0,13efb186
dist_open_830 = (open_830_lvl-close)/tick,2026-07-12,0.0,13efb186
dist_open_830 = (open_830_lvl-close)/tick,2026-07-13,0.0,13efb186
dist_open_830 = (open_830_lvl-close)/tick,2026-07-14,0.0,13efb186
dist_open_830 = (open_830_lvl-close)/tick,2026-07-15,0.0,13efb186
dist_open_830 = (open_830_lvl-close)/tick,2026-07-16,0.0,13efb186
dist_open_830 = (open_830_lvl-close)/tick,2026-07-17,0.0,f6003b62
dist_open_830 = (open_830_lvl-close)/tick,2026-07-19,0.0,f6003b62
dist_open_830 = (open_830_lvl-close)/tick,2026-07-20,0.0,f6003b62
dist_open_830 = (open_830_lvl-close)/tick,2026-07-21,0.0,f6003b62
dist_open_830 = (open_830_lvl-close)/tick,2026-07-22,0.0,ed53e566
dist_open_830 = (open_830_lvl-close)/tick,2026-07-23,0.0,ed53e566
dist_open_830 = (open_830_lvl-close)/tick,2026-07-24,0.0,ed53e566
dist_open_830 = (open_830_lvl-close)/tick,2026-07-26,0.0,4981d53a
dist_open_830 = (open_830_lvl-close)/tick,2026-07-27,0.0,4981d53a
dist_open_830 = (open_830_lvl-close)/tick,2026-07-28,0.0,4981d53a
dist_open_830 = (open_830_lvl-close)/tick,2026-07-29,0.0,4981d53a
dist_open_830 = (open_830_lvl-close)/tick,2026-07-30,0.0,4981d53a
dist_open_830 = (open_830_lvl-close)/tick,2026-07-31,0.0,4981d53a
dist_open_830 = (open_830_lvl-close)/tick,2026-08-02,0.0,e9f2b72b
dist_open_830 = (open_830_lvl-close)/tick,2026-08-03,0.0,e9f2b72b
dist_open_830 = (open_830_lvl-close)/tick,2026-08-04,0.0,1d20af93
dist_open_830 = (open_830_lvl-close)/tick,2026-08-05,0.0,0e82f56e
dist_open_830 = (open_830_lvl-close)/tick,2026-08-06,0.0,feec66f6
dist_open_830 = (open_830_lvl-close)/tick,2026-08-07,0.0,287627ed
dist_open_830 = (open_830_lvl-close)/tick,2026-08-09,0.0,43f2daf5
dist_open_830 = (open_830_lvl-close)/tick,2026-08-10,0.0,78177655
dist_open_830 = (open_830_lvl-close)/tick,2026-08-11,0.0,78177655
dist_open_830 = (open_830_lvl-close)/tick,2026-08-12,0.0,78177655
dist_open_830 = (open_830_lvl-close)/tick,2026-08-13,0.0,78177655
dist_open_830 = (open_830_lvl-close)/tick,2026-08-14,0.0,78177655
dist_open_830 = (open_830_lvl-close)/tick,2026-08-16,0.0,605df903
dist_open_830 = (open_830_lvl-close)/tick,2026-08-17,0.0,605df903
dist_open_830 = (open_830_lvl-close)/tick,2026-08-18,0.0,605df903
dist_open_830 = (open_830_lvl-close)/tick,2026-08-19,0.0,605df903
dist_open_830 = (open_830_lvl-close)/tick,2026-08-20,0.0,605df903
dist_open_830 = (open_830_lvl-close)/tick,2026-08-21,0.0,605df903
dist_open_830 = (open_830_lvl-close)/tick,2026-08-23,0.0,605df903
dist_open_830 = (open_830_lvl-close)/tick,2026-08-24,0.0,605df903
dist_open_830 = (open_830_lvl-close)/tick,2026-08-25,0.0,605df903
dist_open_830 = (open_830_lvl-close)/tick,2026-08-26,0.0,605df903
dist_open_830 = (open_830_lvl-close)/tick,2026-08-27,0.0,605df903
dist_open_830 = (open_830_lvl-close)/tick,2026-08-28,0.0,605df903
dist_open_830 = (open_830_lvl-close)/tick,2026-08-30,0.0,605df903
dist_open_830 = (open_830_lvl-close)/tick,2026-08-31,0.0,605df903
dist_open_830 = (open_830_lvl-close)/tick,2026-09-01,0.0,605df903
dist_open_830 = (open_830_lvl-close)/tick,2026-09-02,0.0,605df903
dist_open_830 = (open_830_lvl-close)/tick,2026-09-03,0.0,605df903
dist_open_830 = (open_830_lvl-close)/tick,2026-09-04,0.0,605df903
dist_cash_high_atr = (cash_high-close)/atr_14m,2026-06-10,0.9902,None
dist_cash_high_atr = (cash_high-close)/atr_14m,2026-06-11,0.9756,c43dc080
dist_cash_high_atr = (cash_high-close)/atr_14m,2026-06-12,1.0,3d61b74d
dist_cash_high_atr = (cash_high-close)/atr_14m,2026-06-15,0.969,73ba58b9
dist_cash_high_atr = (cash_high-close)/atr_14m,2026-06-16,0.9978,e7199bc7
dist_cash_high_atr = (cash_high-close)/atr_14m,2026-06-17,0.9933,e7199bc7
dist_cash_high_atr = (cash_high-close)/atr_14m,2026-06-18,1.0,e7199bc7
dist_cash_high_atr = (cash_high-close)/atr_14m,2026-06-19,0.9904,9238adc1
dist_cash_high_atr = (cash_high-close)/atr_14m,2026-06-22,0.9933,9238adc1
dist_cash_high_atr = (cash_high-close)/atr_14m,2026-06-23,0.9823,9238adc1
dist_cash_high_atr = (cash_high-close)/atr_14m,2026-06-25,1.0,9238adc1
dist_cash_high_atr = (cash_high-close)/atr_14m,2026-06-26,0.9933,9238adc1
dist_cash_high_atr = (cash_high-close)/atr_14m,2026-06-29,0.9933,944f7204
dist_cash_high_atr = (cash_high-close)/atr_14m,2026-06-30,0.9468,944f7204
dist_cash_high_atr = (cash_high-close)/atr_14m,2026-07-01,0.9778,944f7204
dist_cash_high_atr = (cash_high-close)/atr_14m,2026-07-02,0.9867,944f7204
dist_cash_high_atr = (cash_high-close)/atr_14m,2026-07-03,1.0,0658f3c8
dist_cash_high_atr = (cash_high-close)/atr_14m,2026-07-06,0.9778,13efb186
dist_cash_high_atr = (cash_high-close)/atr_14m,2026-07-07,1.0,13efb186
dist_cash_high_atr = (cash_high-close)/atr_14m,2026-07-08,0.9956,13efb186
dist_cash_high_atr = (cash_high-close)/atr_14m,2026-07-09,0.9667,13efb186
dist_cash_high_atr = (cash_high-close)/atr_14m,2026-07-10,0.9867,13efb186
dist_cash_high_atr = (cash_high-close)/atr_14m,2026-07-13,1.0,13efb186
dist_cash_high_atr = (cash_high-close)/atr_14m,2026-07-14,1.0,13efb186
dist_cash_high_atr = (cash_high-close)/atr_14m,2026-07-15,1.0,13efb186
dist_cash_high_atr = (cash_high-close)/atr_14m,2026-07-16,0.9956,13efb186
dist_cash_high_atr = (cash_high-close)/atr_14m,2026-07-17,0.9867,f6003b62
dist_cash_high_atr = (cash_high-close)/atr_14m,2026-07-20,0.9956,f6003b62
dist_cash_high_atr = (cash_high-close)/atr_14m,2026-07-21,0.9845,f6003b62
dist_cash_high_atr = (cash_high-close)/atr_14m,2026-07-22,0.98,ed53e566
dist_cash_high_atr = (cash_high-close)/atr_14m,2026-07-23,0.9867,ed53e566
dist_cash_high_atr = (cash_high-close)/atr_14m,2026-07-24,0.9844,ed53e566
dist_cash_high_atr = (cash_high-close)/atr_14m,2026-07-27,0.9978,4981d53a
dist_cash_high_atr = (cash_high-close)/atr_14m,2026-07-28,0.9756,4981d53a
dist_cash_high_atr = (cash_high-close)/atr_14m,2026-07-29,0.9956,4981d53a
dist_cash_high_atr = (cash_high-close)/atr_14m,2026-07-30,0.9667,4981d53a
dist_cash_high_atr = (cash_high-close)/atr_14m,2026-07-31,0.98,4981d53a
dist_cash_high_atr = (cash_high-close)/atr_14m,2026-08-03,0.8825,e9f2b72b
dist_cash_high_atr = (cash_high-close)/atr_14m,2026-08-04,0.9047,1d20af93
dist_cash_high_atr = (cash_high-close)/atr_14m,2026-08-05,1.0,0e82f56e
dist_cash_high_atr = (cash_high-close)/atr_14m,2026-08-06,0.9933,feec66f6
dist_cash_high_atr = (cash_high-close)/atr_14m,2026-08-07,0.9844,287627ed
dist_cash_high_atr = (cash_high-close)/atr_14m,2026-08-10,1.0,78177655
dist_cash_high_atr = (cash_high-close)/atr_14m,2026-08-11,1.0,78177655
dist_cash_high_atr = (cash_high-close)/atr_14m,2026-08-12,1.0,78177655
dist_cash_high_atr = (cash_high-close)/atr_14m,2026-08-13,0.9623,78177655
dist_cash_high_atr = (cash_high-close)/atr_14m,2026-08-14,1.0,78177655
dist_cash_high_atr = (cash_high-close)/atr_14m,2026-08-17,1.0,605df903
dist_cash_high_atr = (cash_high-close)/atr_14m,2026-08-18,1.0,605df903
dist_cash_high_atr = (cash_high-close)/atr_14m,2026-08-19,0.9911,605df903
dist_cash_high_atr = (cash_high-close)/atr_14m,2026-08-20,0.9933,605df903
dist_cash_high_atr = (cash_high-close)/atr_14m,2026-08-21,0.9889,605df903
dist_cash_high_atr = (cash_high-close)/atr_14m,2026-08-24,1.0,605df903
dist_cash_high_atr = (cash_high-close)/atr_14m,2026-08-25,0.9978,605df903
dist_cash_high_atr = (cash_high-close)/atr_14m,2026-08-26,0.9911,605df903
dist_cash_high_atr = (cash_high-close)/atr_14m,2026-08-27,0.9645,605df903
dist_cash_high_atr = (cash_high-close)/atr_14m,2026-08-28,0.98,605df903
dist_cash_high_atr = (cash_high-close)/atr_14m,2026-08-31,1.0,605df903
dist_cash_high_atr = (cash_high-close)/atr_14m,2026-09-01,0.9867,605df903
dist_cash_high_atr = (cash_high-close)/atr_14m,2026-09-02,0.9712,605df903
dist_cash_high_atr = (cash_high-close)/atr_14m,2026-09-03,0.9645,605df903
dist_cash_high_atr = (cash_high-close)/atr_14m,2026-09-04,0.9592,605df903
dist_asia_high_pct = (asia_high-close)/close*100,2026-06-10,0.9916,None
dist_asia_high_pct = (asia_high-close)/close*100,2026-06-11,0.9786,c43dc080
dist_asia_high_pct = (asia_high-close)/close*100,2026-06-12,0.9943,3d61b74d
dist_asia_high_pct = (asia_high-close)/close*100,2026-06-14,0.9916,73ba58b9
dist_asia_high_pct = (asia_high-close)/close*100,2026-06-15,0.9431,73ba58b9
dist_asia_high_pct = (asia_high-close)/close*100,2026-06-16,0.9826,e7199bc7
dist_asia_high_pct = (asia_high-close)/close*100,2026-06-17,0.9493,e7199bc7
dist_asia_high_pct = (asia_high-close)/close*100,2026-06-18,0.9893,e7199bc7
dist_asia_high_pct = (asia_high-close)/close*100,2026-06-19,1.0,9238adc1
dist_asia_high_pct = (asia_high-close)/close*100,2026-06-21,1.0,9238adc1
dist_asia_high_pct = (asia_high-close)/close*100,2026-06-22,0.9746,9238adc1
dist_asia_high_pct = (asia_high-close)/close*100,2026-06-23,0.9986,9238adc1
dist_asia_high_pct = (asia_high-close)/close*100,2026-06-24,0.9941,9238adc1
dist_asia_high_pct = (asia_high-close)/close*100,2026-06-25,0.9865,9238adc1
dist_asia_high_pct = (asia_high-close)/close*100,2026-06-26,1.0,9238adc1
dist_asia_high_pct = (asia_high-close)/close*100,2026-06-28,0.958,944f7204
dist_asia_high_pct = (asia_high-close)/close*100,2026-06-29,0.9855,944f7204
dist_asia_high_pct = (asia_high-close)/close*100,2026-06-30,0.9725,944f7204
dist_asia_high_pct = (asia_high-close)/close*100,2026-07-01,0.9884,944f7204
dist_asia_high_pct = (asia_high-close)/close*100,2026-07-02,0.9739,944f7204
dist_asia_high_pct = (asia_high-close)/close*100,2026-07-03,0.9536,0658f3c8
dist_asia_high_pct = (asia_high-close)/close*100,2026-07-05,0.9244,13efb186
dist_asia_high_pct = (asia_high-close)/close*100,2026-07-06,0.9964,13efb186
dist_asia_high_pct = (asia_high-close)/close*100,2026-07-07,0.9986,13efb186
dist_asia_high_pct = (asia_high-close)/close*100,2026-07-08,0.9913,13efb186
dist_asia_high_pct = (asia_high-close)/close*100,2026-07-09,0.9797,13efb186
dist_asia_high_pct = (asia_high-close)/close*100,2026-07-10,0.9921,13efb186
dist_asia_high_pct = (asia_high-close)/close*100,2026-07-12,1.0,13efb186
dist_asia_high_pct = (asia_high-close)/close*100,2026-07-13,1.0,13efb186
dist_asia_high_pct = (asia_high-close)/close*100,2026-07-14,0.9848,13efb186
dist_asia_high_pct = (asia_high-close)/close*100,2026-07-15,0.9746,13efb186
dist_asia_high_pct = (asia_high-close)/close*100,2026-07-16,0.9989,13efb186
dist_asia_high_pct = (asia_high-close)/close*100,2026-07-17,1.0,f6003b62
dist_asia_high_pct = (asia_high-close)/close*100,2026-07-19,0.9748,f6003b62
dist_asia_high_pct = (asia_high-close)/close*100,2026-07-20,0.9703,f6003b62
dist_asia_high_pct = (asia_high-close)/close*100,2026-07-21,0.9702,f6003b62
dist_asia_high_pct = (asia_high-close)/close*100,2026-07-22,0.9841,ed53e566
dist_asia_high_pct = (asia_high-close)/close*100,2026-07-23,0.9899,ed53e566
dist_asia_high_pct = (asia_high-close)/close*100,2026-07-24,0.9746,ed53e566
dist_asia_high_pct = (asia_high-close)/close*100,2026-07-26,0.9748,4981d53a
dist_asia_high_pct = (asia_high-close)/close*100,2026-07-27,0.9862,4981d53a
dist_asia_high_pct = (asia_high-close)/close*100,2026-07-28,0.9949,4981d53a
dist_asia_high_pct = (asia_high-close)/close*100,2026-07-29,0.9978,4981d53a
dist_asia_high_pct = (asia_high-close)/close*100,2026-07-30,0.9877,4981d53a
dist_asia_high_pct = (asia_high-close)/close*100,2026-07-31,0.959,4981d53a
dist_asia_high_pct = (asia_high-close)/close*100,2026-08-02,1.0,e9f2b72b
dist_asia_high_pct = (asia_high-close)/close*100,2026-08-03,0.956,e9f2b72b
dist_asia_high_pct = (asia_high-close)/close*100,2026-08-04,0.9898,1d20af93
dist_asia_high_pct = (asia_high-close)/close*100,2026-08-05,0.9389,0e82f56e
dist_asia_high_pct = (asia_high-close)/close*100,2026-08-06,0.9927,feec66f6
dist_asia_high_pct = (asia_high-close)/close*100,2026-08-07,0.9897,287627ed
dist_asia_high_pct = (asia_high-close)/close*100,2026-08-09,1.0,43f2daf5
dist_asia_high_pct = (asia_high-close)/close*100,2026-08-10,0.9703,78177655
dist_asia_high_pct = (asia_high-close)/close*100,2026-08-11,0.9717,78177655
dist_asia_high_pct = (asia_high-close)/close*100,2026-08-12,0.9565,78177655
dist_asia_high_pct = (asia_high-close)/close*100,2026-08-13,0.9536,78177655
dist_asia_high_pct = (asia_high-close)/close*100,2026-08-14,0.9674,78177655
dist_asia_high_pct = (asia_high-close)/close*100,2026-08-16,0.9412,605df903
dist_asia_high_pct = (asia_high-close)/close*100,2026-08-17,0.9775,605df903
dist_asia_high_pct = (asia_high-close)/close*100,2026-08-18,0.9949,605df903
dist_asia_high_pct = (asia_high-close)/close*100,2026-08-19,0.9688,605df903
dist_asia_high_pct = (asia_high-close)/close*100,2026-08-20,0.9957,605df903
dist_asia_high_pct = (asia_high-close)/close*100,2026-08-21,0.9921,605df903
dist_asia_high_pct = (asia_high-close)/close*100,2026-08-23,0.8739,605df903
dist_asia_high_pct = (asia_high-close)/close*100,2026-08-24,1.0,605df903
dist_asia_high_pct = (asia_high-close)/close*100,2026-08-25,0.9746,605df903
dist_asia_high_pct = (asia_high-close)/close*100,2026-08-26,0.9862,605df903
dist_asia_high_pct = (asia_high-close)/close*100,2026-08-27,0.9862,605df903
dist_asia_high_pct = (asia_high-close)/close*100,2026-08-28,0.969,605df903
dist_asia_high_pct = (asia_high-close)/close*100,2026-08-30,1.0,605df903
dist_asia_high_pct = (asia_high-close)/close*100,2026-08-31,0.9935,605df903
dist_asia_high_pct = (asia_high-close)/close*100,2026-09-01,0.9978,605df903
dist_asia_high_pct = (asia_high-close)/close*100,2026-09-02,0.9884,605df903
dist_asia_high_pct = (asia_high-close)/close*100,2026-09-03,0.9659,605df903
dist_asia_high_pct = (asia_high-close)/close*100,2026-09-04,0.9418,605df903
dist_vwap_d_atr = dist_vwap_d/atr,2026-06-10,0.0,None
dist_vwap_d_atr = dist_vwap_d/atr,2026-06-11,0.0,c43dc080
dist_vwap_d_atr = dist_vwap_d/atr,2026-06-12,0.0,3d61b74d
dist_vwap_d_atr = dist_vwap_d/atr,2026-06-14,0.0,73ba58b9
dist_vwap_d_atr = dist_vwap_d/atr,2026-06-15,0.0,73ba58b9
dist_vwap_d_atr = dist_vwap_d/atr,2026-06-16,0.0,e7199bc7
dist_vwap_d_atr = dist_vwap_d/atr,2026-06-17,0.0,e7199bc7
dist_vwap_d_atr = dist_vwap_d/atr,2026-06-18,0.0,e7199bc7
dist_vwap_d_atr = dist_vwap_d/atr,2026-06-19,0.0,9238adc1
dist_vwap_d_atr = dist_vwap_d/atr,2026-06-21,0.0,9238adc1
dist_vwap_d_atr = dist_vwap_d/atr,2026-06-22,0.0,9238adc1
dist_vwap_d_atr = dist_vwap_d/atr,2026-06-23,0.0,9238adc1
dist_vwap_d_atr = dist_vwap_d/atr,2026-06-24,0.0,9238adc1
dist_vwap_d_atr = dist_vwap_d/atr,2026-06-25,0.0,9238adc1
dist_vwap_d_atr = dist_vwap_d/atr,2026-06-26,0.0,9238adc1
dist_vwap_d_atr = dist_vwap_d/atr,2026-06-28,0.0,944f7204
dist_vwap_d_atr = dist_vwap_d/atr,2026-06-29,0.0,944f7204
dist_vwap_d_atr = dist_vwap_d/atr,2026-06-30,0.0,944f7204
dist_vwap_d_atr = dist_vwap_d/atr,2026-07-01,0.0,944f7204
dist_vwap_d_atr = dist_vwap_d/atr,2026-07-02,0.0,944f7204
dist_vwap_d_atr = dist_vwap_d/atr,2026-07-03,0.0,0658f3c8
dist_vwap_d_atr = dist_vwap_d/atr,2026-07-05,0.0,13efb186
dist_vwap_d_atr = dist_vwap_d/atr,2026-07-06,0.0,13efb186
dist_vwap_d_atr = dist_vwap_d/atr,2026-07-07,0.0,13efb186
dist_vwap_d_atr = dist_vwap_d/atr,2026-07-08,0.0,13efb186
dist_vwap_d_atr = dist_vwap_d/atr,2026-07-09,0.0,13efb186
dist_vwap_d_atr = dist_vwap_d/atr,2026-07-10,0.0,13efb186
dist_vwap_d_atr = dist_vwap_d/atr,2026-07-12,0.0,13efb186
dist_vwap_d_atr = dist_vwap_d/atr,2026-07-13,0.0,13efb186
dist_vwap_d_atr = dist_vwap_d/atr,2026-07-14,0.0,13efb186
dist_vwap_d_atr = dist_vwap_d/atr,2026-07-15,0.0,13efb186
dist_vwap_d_atr = dist_vwap_d/atr,2026-07-16,0.0,13efb186
dist_vwap_d_atr = dist_vwap_d/atr,2026-07-17,0.0,f6003b62
dist_vwap_d_atr = dist_vwap_d/atr,2026-07-19,0.0,f6003b62
dist_vwap_d_atr = dist_vwap_d/atr,2026-07-20,0.0,f6003b62
dist_vwap_d_atr = dist_vwap_d/atr,2026-07-21,0.0,f6003b62
dist_vwap_d_atr = dist_vwap_d/atr,2026-07-22,0.0,ed53e566
dist_vwap_d_atr = dist_vwap_d/atr,2026-07-23,0.0,ed53e566
dist_vwap_d_atr = dist_vwap_d/atr,2026-07-24,0.0,ed53e566
dist_vwap_d_atr = dist_vwap_d/atr,2026-07-26,0.0,4981d53a
dist_vwap_d_atr = dist_vwap_d/atr,2026-07-27,0.0,4981d53a
dist_vwap_d_atr = dist_vwap_d/atr,2026-07-28,0.0,4981d53a
dist_vwap_d_atr = dist_vwap_d/atr,2026-07-29,0.0,4981d53a
dist_vwap_d_atr = dist_vwap_d/atr,2026-07-30,0.0,4981d53a
dist_vwap_d_atr = dist_vwap_d/atr,2026-07-31,0.0,4981d53a
dist_vwap_d_atr = dist_vwap_d/atr,2026-08-02,0.0,e9f2b72b
dist_vwap_d_atr = dist_vwap_d/atr,2026-08-03,0.0,e9f2b72b
dist_vwap_d_atr = dist_vwap_d/atr,2026-08-04,0.0,1d20af93
dist_vwap_d_atr = dist_vwap_d/atr,2026-08-05,0.0,0e82f56e
dist_vwap_d_atr = dist_vwap_d/atr,2026-08-06,0.0,feec66f6
dist_vwap_d_atr = dist_vwap_d/atr,2026-08-07,0.0,287627ed
dist_vwap_d_atr = dist_vwap_d/atr,2026-08-09,0.0,43f2daf5
dist_vwap_d_atr = dist_vwap_d/atr,2026-08-10,0.0,78177655
dist_vwap_d_atr = dist_vwap_d/atr,2026-08-11,0.0,78177655
dist_vwap_d_atr = dist_vwap_d/atr,2026-08-12,0.0,78177655
dist_vwap_d_atr = dist_vwap_d/atr,2026-08-13,0.0,78177655
dist_vwap_d_atr = dist_vwap_d/atr,2026-08-14,0.0,78177655
dist_vwap_d_atr = dist_vwap_d/atr,2026-08-16,0.0,605df903
dist_vwap_d_atr = dist_vwap_d/atr,2026-08-17,0.0,605df903
dist_vwap_d_atr = dist_vwap_d/atr,2026-08-18,0.0,605df903
dist_vwap_d_atr = dist_vwap_d/atr,2026-08-19,0.0,605df903
dist_vwap_d_atr = dist_vwap_d/atr,2026-08-20,0.0,605df903
dist_vwap_d_atr = dist_vwap_d/atr,2026-08-21,0.0,605df903
dist_vwap_d_atr = dist_vwap_d/atr,2026-08-23,0.0,605df903
dist_vwap_d_atr = dist_vwap_d/atr,2026-08-24,0.0,605df903
dist_vwap_d_atr = dist_vwap_d/atr,2026-08-25,0.0,605df903
dist_vwap_d_atr = dist_vwap_d/atr,2026-08-26,0.0,605df903
dist_vwap_d_atr = dist_vwap_d/atr,2026-08-27,0.0,605df903
dist_vwap_d_atr = dist_vwap_d/atr,2026-08-28,0.0,605df903
dist_vwap_d_atr = dist_vwap_d/atr,2026-08-30,0.0,605df903
dist_vwap_d_atr = dist_vwap_d/atr,2026-08-31,0.0,605df903
dist_vwap_d_atr = dist_vwap_d/atr,2026-09-01,0.0,605df903
dist_vwap_d_atr = dist_vwap_d/atr,2026-09-02,0.0,605df903
dist_vwap_d_atr = dist_vwap_d/atr,2026-09-03,0.0,605df903
dist_vwap_d_atr = dist_vwap_d/atr,2026-09-04,0.0,605df903
dist_vwap_d_pct = dist_vwap_d*tick/close*100,2026-06-10,0.0,None
dist_vwap_d_pct = dist_vwap_d*tick/close*100,2026-06-11,0.0,c43dc080
dist_vwap_d_pct = dist_vwap_d*tick/close*100,2026-06-12,0.0,3d61b74d
dist_vwap_d_pct = dist_vwap_d*tick/close*100,2026-06-14,0.0,73ba58b9
dist_vwap_d_pct = dist_vwap_d*tick/close*100,2026-06-15,0.0,73ba58b9
dist_vwap_d_pct = dist_vwap_d*tick/close*100,2026-06-16,0.0,e7199bc7
dist_vwap_d_pct = dist_vwap_d*tick/close*100,2026-06-17,0.0,e7199bc7
dist_vwap_d_pct = dist_vwap_d*tick/close*100,2026-06-18,0.0,e7199bc7
dist_vwap_d_pct = dist_vwap_d*tick/close*100,2026-06-19,0.0,9238adc1
dist_vwap_d_pct = dist_vwap_d*tick/close*100,2026-06-21,0.0,9238adc1
dist_vwap_d_pct = dist_vwap_d*tick/close*100,2026-06-22,0.0,9238adc1
dist_vwap_d_pct = dist_vwap_d*tick/close*100,2026-06-23,0.0,9238adc1
dist_vwap_d_pct = dist_vwap_d*tick/close*100,2026-06-24,0.0,9238adc1
dist_vwap_d_pct = dist_vwap_d*tick/close*100,2026-06-25,0.0,9238adc1
dist_vwap_d_pct = dist_vwap_d*tick/close*100,2026-06-26,0.0,9238adc1
dist_vwap_d_pct = dist_vwap_d*tick/close*100,2026-06-28,0.0,944f7204
dist_vwap_d_pct = dist_vwap_d*tick/close*100,2026-06-29,0.0,944f7204
dist_vwap_d_pct = dist_vwap_d*tick/close*100,2026-06-30,0.0,944f7204
dist_vwap_d_pct = dist_vwap_d*tick/close*100,2026-07-01,0.0,944f7204
dist_vwap_d_pct = dist_vwap_d*tick/close*100,2026-07-02,0.0,944f7204
dist_vwap_d_pct = dist_vwap_d*tick/close*100,2026-07-03,0.0,0658f3c8
dist_vwap_d_pct = dist_vwap_d*tick/close*100,2026-07-05,0.0,13efb186
dist_vwap_d_pct = dist_vwap_d*tick/close*100,2026-07-06,0.0,13efb186
dist_vwap_d_pct = dist_vwap_d*tick/close*100,2026-07-07,0.0,13efb186
dist_vwap_d_pct = dist_vwap_d*tick/close*100,2026-07-08,0.0,13efb186
dist_vwap_d_pct = dist_vwap_d*tick/close*100,2026-07-09,0.0,13efb186
dist_vwap_d_pct = dist_vwap_d*tick/close*100,2026-07-10,0.0,13efb186
dist_vwap_d_pct = dist_vwap_d*tick/close*100,2026-07-12,0.0,13efb186
dist_vwap_d_pct = dist_vwap_d*tick/close*100,2026-07-13,0.0,13efb186
dist_vwap_d_pct = dist_vwap_d*tick/close*100,2026-07-14,0.0,13efb186
dist_vwap_d_pct = dist_vwap_d*tick/close*100,2026-07-15,0.0,13efb186
dist_vwap_d_pct = dist_vwap_d*tick/close*100,2026-07-16,0.0,13efb186
dist_vwap_d_pct = dist_vwap_d*tick/close*100,2026-07-17,0.0,f6003b62
dist_vwap_d_pct = dist_vwap_d*tick/close*100,2026-07-19,0.0,f6003b62
dist_vwap_d_pct = dist_vwap_d*tick/close*100,2026-07-20,0.0,f6003b62
dist_vwap_d_pct = dist_vwap_d*tick/close*100,2026-07-21,0.0,f6003b62
dist_vwap_d_pct = dist_vwap_d*tick/close*100,2026-07-22,0.0,ed53e566
dist_vwap_d_pct = dist_vwap_d*tick/close*100,2026-07-23,0.0,ed53e566
dist_vwap_d_pct = dist_vwap_d*tick/close*100,2026-07-24,0.0,ed53e566
dist_vwap_d_pct = dist_vwap_d*tick/close*100,2026-07-26,0.0,4981d53a
dist_vwap_d_pct = dist_vwap_d*tick/close*100,2026-07-27,0.0,4981d53a
dist_vwap_d_pct = dist_vwap_d*tick/close*100,2026-07-28,0.0,4981d53a
dist_vwap_d_pct = dist_vwap_d*tick/close*100,2026-07-29,0.0,4981d53a
dist_vwap_d_pct = dist_vwap_d*tick/close*100,2026-07-30,0.0,4981d53a
dist_vwap_d_pct = dist_vwap_d*tick/close*100,2026-07-31,0.0,4981d53a
dist_vwap_d_pct = dist_vwap_d*tick/close*100,2026-08-02,0.0,e9f2b72b
dist_vwap_d_pct = dist_vwap_d*tick/close*100,2026-08-03,0.0,e9f2b72b
dist_vwap_d_pct = dist_vwap_d*tick/close*100,2026-08-04,0.0,1d20af93
dist_vwap_d_pct = dist_vwap_d*tick/close*100,2026-08-05,0.0,0e82f56e
dist_vwap_d_pct = dist_vwap_d*tick/close*100,2026-08-06,0.0,feec66f6
dist_vwap_d_pct = dist_vwap_d*tick/close*100,2026-08-07,0.0,287627ed
dist_vwap_d_pct = dist_vwap_d*tick/close*100,2026-08-09,0.0,43f2daf5
dist_vwap_d_pct = dist_vwap_d*tick/close*100,2026-08-10,0.0,78177655
dist_vwap_d_pct = dist_vwap_d*tick/close*100,2026-08-11,0.0,78177655
dist_vwap_d_pct = dist_vwap_d*tick/close*100,2026-08-12,0.0,78177655
dist_vwap_d_pct = dist_vwap_d*tick/close*100,2026-08-13,0.0,78177655
dist_vwap_d_pct = dist_vwap_d*tick/close*100,2026-08-14,0.0,78177655
dist_vwap_d_pct = dist_vwap_d*tick/close*100,2026-08-16,0.0,605df903
dist_vwap_d_pct = dist_vwap_d*tick/close*100,2026-08-17,0.0,605df903
dist_vwap_d_pct = dist_vwap_d*tick/close*100,2026-08-18,0.0,605df903
dist_vwap_d_pct = dist_vwap_d*tick/close*100,2026-08-19,0.0,605df903
dist_vwap_d_pct = dist_vwap_d*tick/close*100,2026-08-20,0.0,605df903
dist_vwap_d_pct = dist_vwap_d*tick/close*100,2026-08-21,0.0,605df903
dist_vwap_d_pct = dist_vwap_d*tick/close*100,2026-08-23,0.0,605df903
dist_vwap_d_pct = dist_vwap_d*tick/close*100,2026-08-24,0.0,605df903
dist_vwap_d_pct = dist_vwap_d*tick/close*100,2026-08-25,0.0,605df903
dist_vwap_d_pct = dist_vwap_d*tick/close*100,2026-08-26,0.0,605df903
dist_vwap_d_pct = dist_vwap_d*tick/close*100,2026-08-27,0.0,605df903
dist_vwap_d_pct = dist_vwap_d*tick/close*100,2026-08-28,0.0,605df903
dist_vwap_d_pct = dist_vwap_d*tick/close*100,2026-08-30,0.0,605df903
dist_vwap_d_pct = dist_vwap_d*tick/close*100,2026-08-31,0.0,605df903
dist_vwap_d_pct = dist_vwap_d*tick/close*100,2026-09-01,0.0,605df903
dist_vwap_d_pct = dist_vwap_d*tick/close*100,2026-09-02,0.0,605df903
dist_vwap_d_pct = dist_vwap_d*tick/close*100,2026-09-03,0.0,605df903
dist_vwap_d_pct = dist_vwap_d*tick/close*100,2026-09-04,0.0,605df903
dist_vwap_w_atr = dist_vwap_w/atr,2026-06-10,0.0,None
dist_vwap_w_atr = dist_vwap_w/atr,2026-06-11,0.0,c43dc080
dist_vwap_w_atr = dist_vwap_w/atr,2026-06-12,0.0,3d61b74d
dist_vwap_w_atr = dist_vwap_w/atr,2026-06-15,0.0,73ba58b9
dist_vwap_w_atr = dist_vwap_w/atr,2026-06-16,0.0,e7199bc7
dist_vwap_w_atr = dist_vwap_w/atr,2026-06-17,0.0,e7199bc7
dist_vwap_w_atr = dist_vwap_w/atr,2026-06-18,0.0,e7199bc7
dist_vwap_w_atr = dist_vwap_w/atr,2026-06-19,0.0,9238adc1
dist_vwap_w_atr = dist_vwap_w/atr,2026-06-21,0.0,9238adc1
dist_vwap_w_atr = dist_vwap_w/atr,2026-06-22,0.0,9238adc1
dist_vwap_w_atr = dist_vwap_w/atr,2026-06-23,0.0,9238adc1
dist_vwap_w_atr = dist_vwap_w/atr,2026-06-24,0.0,9238adc1
dist_vwap_w_atr = dist_vwap_w/atr,2026-06-25,0.0,9238adc1
dist_vwap_w_atr = dist_vwap_w/atr,2026-06-26,0.0,9238adc1
dist_vwap_w_atr = dist_vwap_w/atr,2026-06-28,0.0,944f7204
dist_vwap_w_atr = dist_vwap_w/atr,2026-06-29,0.0,944f7204
dist_vwap_w_atr = dist_vwap_w/atr,2026-06-30,0.0,944f7204
dist_vwap_w_atr = dist_vwap_w/atr,2026-07-01,0.0,944f7204
dist_vwap_w_atr = dist_vwap_w/atr,2026-07-02,0.0,944f7204
dist_vwap_w_atr = dist_vwap_w/atr,2026-07-03,0.0,0658f3c8
dist_vwap_w_atr = dist_vwap_w/atr,2026-07-05,0.0,13efb186
dist_vwap_w_atr = dist_vwap_w/atr,2026-07-06,0.0,13efb186
dist_vwap_w_atr = dist_vwap_w/atr,2026-07-07,0.0,13efb186
dist_vwap_w_atr = dist_vwap_w/atr,2026-07-08,0.0,13efb186
dist_vwap_w_atr = dist_vwap_w/atr,2026-07-09,0.0,13efb186
dist_vwap_w_atr = dist_vwap_w/atr,2026-07-10,0.0,13efb186
dist_vwap_w_atr = dist_vwap_w/atr,2026-07-12,0.0,13efb186
dist_vwap_w_atr = dist_vwap_w/atr,2026-07-13,0.0,13efb186
dist_vwap_w_atr = dist_vwap_w/atr,2026-07-14,0.0,13efb186
dist_vwap_w_atr = dist_vwap_w/atr,2026-07-15,0.0,13efb186
dist_vwap_w_atr = dist_vwap_w/atr,2026-07-16,0.0,13efb186
dist_vwap_w_atr = dist_vwap_w/atr,2026-07-17,0.0,f6003b62
dist_vwap_w_atr = dist_vwap_w/atr,2026-07-19,0.0,f6003b62
dist_vwap_w_atr = dist_vwap_w/atr,2026-07-20,0.0,f6003b62
dist_vwap_w_atr = dist_vwap_w/atr,2026-07-21,0.0,f6003b62
dist_vwap_w_atr = dist_vwap_w/atr,2026-07-22,0.0,ed53e566
dist_vwap_w_atr = dist_vwap_w/atr,2026-07-23,0.0,ed53e566
dist_vwap_w_atr = dist_vwap_w/atr,2026-07-24,0.0,ed53e566
dist_vwap_w_atr = dist_vwap_w/atr,2026-07-26,0.0,4981d53a
dist_vwap_w_atr = dist_vwap_w/atr,2026-07-27,0.0,4981d53a
dist_vwap_w_atr = dist_vwap_w/atr,2026-07-28,0.0,4981d53a
dist_vwap_w_atr = dist_vwap_w/atr,2026-07-29,0.0,4981d53a
dist_vwap_w_atr = dist_vwap_w/atr,2026-07-30,0.0,4981d53a
dist_vwap_w_atr = dist_vwap_w/atr,2026-07-31,0.0,4981d53a
dist_vwap_w_atr = dist_vwap_w/atr,2026-08-02,0.0,e9f2b72b
dist_vwap_w_atr = dist_vwap_w/atr,2026-08-03,0.0,e9f2b72b
dist_vwap_w_atr = dist_vwap_w/atr,2026-08-04,0.0,1d20af93
dist_vwap_w_atr = dist_vwap_w/atr,2026-08-05,0.0,0e82f56e
dist_vwap_w_atr = dist_vwap_w/atr,2026-08-06,0.0,feec66f6
dist_vwap_w_atr = dist_vwap_w/atr,2026-08-07,0.0,287627ed
dist_vwap_w_atr = dist_vwap_w/atr,2026-08-09,0.0,43f2daf5
dist_vwap_w_atr = dist_vwap_w/atr,2026-08-10,0.0,78177655
dist_vwap_w_atr = dist_vwap_w/atr,2026-08-11,0.0,78177655
dist_vwap_w_atr = dist_vwap_w/atr,2026-08-12,0.0,78177655
dist_vwap_w_atr = dist_vwap_w/atr,2026-08-13,0.0,78177655
dist_vwap_w_atr = dist_vwap_w/atr,2026-08-14,0.0,78177655
dist_vwap_w_atr = dist_vwap_w/atr,2026-08-16,0.0,605df903
dist_vwap_w_atr = dist_vwap_w/atr,2026-08-17,0.0,605df903
dist_vwap_w_atr = dist_vwap_w/atr,2026-08-18,0.0,605df903
dist_vwap_w_atr = dist_vwap_w/atr,2026-08-19,0.0,605df903
dist_vwap_w_atr = dist_vwap_w/atr,2026-08-20,0.0,605df903
dist_vwap_w_atr = dist_vwap_w/atr,2026-08-21,0.0,605df903
dist_vwap_w_atr = dist_vwap_w/atr,2026-08-23,0.0,605df903
dist_vwap_w_atr = dist_vwap_w/atr,2026-08-24,0.0,605df903
dist_vwap_w_atr = dist_vwap_w/atr,2026-08-25,0.0,605df903
dist_vwap_w_atr = dist_vwap_w/atr,2026-08-26,0.0,605df903
dist_vwap_w_atr = dist_vwap_w/atr,2026-08-27,0.0,605df903
dist_vwap_w_atr = dist_vwap_w/atr,2026-08-28,0.0,605df903
dist_vwap_w_atr = dist_vwap_w/atr,2026-08-30,0.0,605df903
dist_vwap_w_atr = dist_vwap_w/atr,2026-08-31,0.0,605df903
dist_vwap_w_atr = dist_vwap_w/atr,2026-09-01,0.0,605df903
dist_vwap_w_atr = dist_vwap_w/atr,2026-09-02,0.0,605df903
dist_vwap_w_atr = dist_vwap_w/atr,2026-09-03,0.0,605df903
dist_vwap_w_atr = dist_vwap_w/atr,2026-09-04,0.0,605df903
dist_vwap_w_pct = dist_vwap_w*tick/close*100,2026-06-10,0.0,None
dist_vwap_w_pct = dist_vwap_w*tick/close*100,2026-06-11,0.0,c43dc080
dist_vwap_w_pct = dist_vwap_w*tick/close*100,2026-06-12,0.0,3d61b74d
dist_vwap_w_pct = dist_vwap_w*tick/close*100,2026-06-15,0.0,73ba58b9
dist_vwap_w_pct = dist_vwap_w*tick/close*100,2026-06-16,0.0,e7199bc7
dist_vwap_w_pct = dist_vwap_w*tick/close*100,2026-06-17,0.0,e7199bc7
dist_vwap_w_pct = dist_vwap_w*tick/close*100,2026-06-18,0.0,e7199bc7
dist_vwap_w_pct = dist_vwap_w*tick/close*100,2026-06-19,0.0,9238adc1
dist_vwap_w_pct = dist_vwap_w*tick/close*100,2026-06-21,0.0,9238adc1
dist_vwap_w_pct = dist_vwap_w*tick/close*100,2026-06-22,0.0,9238adc1
dist_vwap_w_pct = dist_vwap_w*tick/close*100,2026-06-23,0.0,9238adc1
dist_vwap_w_pct = dist_vwap_w*tick/close*100,2026-06-24,0.0,9238adc1
dist_vwap_w_pct = dist_vwap_w*tick/close*100,2026-06-25,0.0,9238adc1
dist_vwap_w_pct = dist_vwap_w*tick/close*100,2026-06-26,0.0,9238adc1
dist_vwap_w_pct = dist_vwap_w*tick/close*100,2026-06-28,0.0,944f7204
dist_vwap_w_pct = dist_vwap_w*tick/close*100,2026-06-29,0.0,944f7204
dist_vwap_w_pct = dist_vwap_w*tick/close*100,2026-06-30,0.0,944f7204
dist_vwap_w_pct = dist_vwap_w*tick/close*100,2026-07-01,0.0,944f7204
dist_vwap_w_pct = dist_vwap_w*tick/close*100,2026-07-02,0.0,944f7204
dist_vwap_w_pct = dist_vwap_w*tick/close*100,2026-07-03,0.0,0658f3c8
dist_vwap_w_pct = dist_vwap_w*tick/close*100,2026-07-05,0.0,13efb186
dist_vwap_w_pct = dist_vwap_w*tick/close*100,2026-07-06,0.0,13efb186
dist_vwap_w_pct = dist_vwap_w*tick/close*100,2026-07-07,0.0,13efb186
dist_vwap_w_pct = dist_vwap_w*tick/close*100,2026-07-08,0.0,13efb186
dist_vwap_w_pct = dist_vwap_w*tick/close*100,2026-07-09,0.0,13efb186
dist_vwap_w_pct = dist_vwap_w*tick/close*100,2026-07-10,0.0,13efb186
dist_vwap_w_pct = dist_vwap_w*tick/close*100,2026-07-12,0.0,13efb186
dist_vwap_w_pct = dist_vwap_w*tick/close*100,2026-07-13,0.0,13efb186
dist_vwap_w_pct = dist_vwap_w*tick/close*100,2026-07-14,0.0,13efb186
dist_vwap_w_pct = dist_vwap_w*tick/close*100,2026-07-15,0.0,13efb186
dist_vwap_w_pct = dist_vwap_w*tick/close*100,2026-07-16,0.0,13efb186
dist_vwap_w_pct = dist_vwap_w*tick/close*100,2026-07-17,0.0,f6003b62
dist_vwap_w_pct = dist_vwap_w*tick/close*100,2026-07-19,0.0,f6003b62
dist_vwap_w_pct = dist_vwap_w*tick/close*100,2026-07-20,0.0,f6003b62
dist_vwap_w_pct = dist_vwap_w*tick/close*100,2026-07-21,0.0,f6003b62
dist_vwap_w_pct = dist_vwap_w*tick/close*100,2026-07-22,0.0,ed53e566
dist_vwap_w_pct = dist_vwap_w*tick/close*100,2026-07-23,0.0,ed53e566
dist_vwap_w_pct = dist_vwap_w*tick/close*100,2026-07-24,0.0,ed53e566
dist_vwap_w_pct = dist_vwap_w*tick/close*100,2026-07-26,0.0,4981d53a
dist_vwap_w_pct = dist_vwap_w*tick/close*100,2026-07-27,0.0,4981d53a
dist_vwap_w_pct = dist_vwap_w*tick/close*100,2026-07-28,0.0,4981d53a
dist_vwap_w_pct = dist_vwap_w*tick/close*100,2026-07-29,0.0,4981d53a
dist_vwap_w_pct = dist_vwap_w*tick/close*100,2026-07-30,0.0,4981d53a
dist_vwap_w_pct = dist_vwap_w*tick/close*100,2026-07-31,0.0,4981d53a
dist_vwap_w_pct = dist_vwap_w*tick/close*100,2026-08-02,0.0,e9f2b72b
dist_vwap_w_pct = dist_vwap_w*tick/close*100,2026-08-03,0.0,e9f2b72b
dist_vwap_w_pct = dist_vwap_w*tick/close*100,2026-08-04,0.0,1d20af93
dist_vwap_w_pct = dist_vwap_w*tick/close*100,2026-08-05,0.0,0e82f56e
dist_vwap_w_pct = dist_vwap_w*tick/close*100,2026-08-06,0.0,feec66f6
dist_vwap_w_pct = dist_vwap_w*tick/close*100,2026-08-07,0.0,287627ed
dist_vwap_w_pct = dist_vwap_w*tick/close*100,2026-08-09,0.0,43f2daf5
dist_vwap_w_pct = dist_vwap_w*tick/close*100,2026-08-10,0.0,78177655
dist_vwap_w_pct = dist_vwap_w*tick/close*100,2026-08-11,0.0,78177655
dist_vwap_w_pct = dist_vwap_w*tick/close*100,2026-08-12,0.0,78177655
dist_vwap_w_pct = dist_vwap_w*tick/close*100,2026-08-13,0.0,78177655
dist_vwap_w_pct = dist_vwap_w*tick/close*100,2026-08-14,0.0,78177655
dist_vwap_w_pct = dist_vwap_w*tick/close*100,2026-08-16,0.0,605df903
dist_vwap_w_pct = dist_vwap_w*tick/close*100,2026-08-17,0.0,605df903
dist_vwap_w_pct = dist_vwap_w*tick/close*100,2026-08-18,0.0,605df903
dist_vwap_w_pct = dist_vwap_w*tick/close*100,2026-08-19,0.0,605df903
dist_vwap_w_pct = dist_vwap_w*tick/close*100,2026-08-20,0.0,605df903
dist_vwap_w_pct = dist_vwap_w*tick/close*100,2026-08-21,0.0,605df903
dist_vwap_w_pct = dist_vwap_w*tick/close*100,2026-08-23,0.0,605df903
dist_vwap_w_pct = dist_vwap_w*tick/close*100,2026-08-24,0.0,605df903
dist_vwap_w_pct = dist_vwap_w*tick/close*100,2026-08-25,0.0,605df903
dist_vwap_w_pct = dist_vwap_w*tick/close*100,2026-08-26,0.0,605df903
dist_vwap_w_pct = dist_vwap_w*tick/close*100,2026-08-27,0.0,605df903
dist_vwap_w_pct = dist_vwap_w*tick/close*100,2026-08-28,0.0,605df903
dist_vwap_w_pct = dist_vwap_w*tick/close*100,2026-08-30,0.0,605df903
dist_vwap_w_pct = dist_vwap_w*tick/close*100,2026-08-31,0.0,605df903
dist_vwap_w_pct = dist_vwap_w*tick/close*100,2026-09-01,0.0,605df903
dist_vwap_w_pct = dist_vwap_w*tick/close*100,2026-09-02,0.0,605df903
dist_vwap_w_pct = dist_vwap_w*tick/close*100,2026-09-03,0.0,605df903
dist_vwap_w_pct = dist_vwap_w*tick/close*100,2026-09-04,0.0,605df903
dist_vwap_m_atr = dist_vwap_m/atr,2026-06-10,0.0,None
dist_vwap_m_atr = dist_vwap_m/atr,2026-06-11,0.0,c43dc080
dist_vwap_m_atr = dist_vwap_m/atr,2026-06-12,0.0,3d61b74d
dist_vwap_m_atr = dist_vwap_m/atr,2026-06-15,0.0,73ba58b9
dist_vwap_m_atr = dist_vwap_m/atr,2026-06-16,0.0,e7199bc7
dist_vwap_m_atr = dist_vwap_m/atr,2026-06-17,0.0,e7199bc7
dist_vwap_m_atr = dist_vwap_m/atr,2026-06-18,0.0,e7199bc7
dist_vwap_m_atr = dist_vwap_m/atr,2026-06-19,0.0,9238adc1
dist_vwap_m_atr = dist_vwap_m/atr,2026-06-21,0.0,9238adc1
dist_vwap_m_atr = dist_vwap_m/atr,2026-06-22,0.0,9238adc1
dist_vwap_m_atr = dist_vwap_m/atr,2026-06-23,0.0,9238adc1
dist_vwap_m_atr = dist_vwap_m/atr,2026-06-24,0.0,9238adc1
dist_vwap_m_atr = dist_vwap_m/atr,2026-06-25,0.0,9238adc1
dist_vwap_m_atr = dist_vwap_m/atr,2026-06-26,0.0,9238adc1
dist_vwap_m_atr = dist_vwap_m/atr,2026-06-28,0.0,944f7204
dist_vwap_m_atr = dist_vwap_m/atr,2026-06-29,0.0,944f7204
dist_vwap_m_atr = dist_vwap_m/atr,2026-06-30,0.0,944f7204
dist_vwap_m_atr = dist_vwap_m/atr,2026-07-01,0.0,944f7204
dist_vwap_m_atr = dist_vwap_m/atr,2026-07-02,0.0,944f7204
dist_vwap_m_atr = dist_vwap_m/atr,2026-07-03,0.0,0658f3c8
dist_vwap_m_atr = dist_vwap_m/atr,2026-07-05,0.0,13efb186
dist_vwap_m_atr = dist_vwap_m/atr,2026-07-06,0.0,13efb186
dist_vwap_m_atr = dist_vwap_m/atr,2026-07-07,0.0,13efb186
dist_vwap_m_atr = dist_vwap_m/atr,2026-07-08,0.0,13efb186
dist_vwap_m_atr = dist_vwap_m/atr,2026-07-09,0.0,13efb186
dist_vwap_m_atr = dist_vwap_m/atr,2026-07-10,0.0,13efb186
dist_vwap_m_atr = dist_vwap_m/atr,2026-07-12,0.0,13efb186
dist_vwap_m_atr = dist_vwap_m/atr,2026-07-13,0.0,13efb186
dist_vwap_m_atr = dist_vwap_m/atr,2026-07-14,0.0,13efb186
dist_vwap_m_atr = dist_vwap_m/atr,2026-07-15,0.0,13efb186
dist_vwap_m_atr = dist_vwap_m/atr,2026-07-16,0.0,13efb186
dist_vwap_m_atr = dist_vwap_m/atr,2026-07-17,0.0,f6003b62
dist_vwap_m_atr = dist_vwap_m/atr,2026-07-19,0.0,f6003b62
dist_vwap_m_atr = dist_vwap_m/atr,2026-07-20,0.0,f6003b62
dist_vwap_m_atr = dist_vwap_m/atr,2026-07-21,0.0,f6003b62
dist_vwap_m_atr = dist_vwap_m/atr,2026-07-22,0.0,ed53e566
dist_vwap_m_atr = dist_vwap_m/atr,2026-07-23,0.0,ed53e566
dist_vwap_m_atr = dist_vwap_m/atr,2026-07-24,0.0,ed53e566
dist_vwap_m_atr = dist_vwap_m/atr,2026-07-26,0.0,4981d53a
dist_vwap_m_atr = dist_vwap_m/atr,2026-07-27,0.0,4981d53a
dist_vwap_m_atr = dist_vwap_m/atr,2026-07-28,0.0,4981d53a
dist_vwap_m_atr = dist_vwap_m/atr,2026-07-29,0.0,4981d53a
dist_vwap_m_atr = dist_vwap_m/atr,2026-07-30,0.0,4981d53a
dist_vwap_m_atr = dist_vwap_m/atr,2026-07-31,0.0,4981d53a
dist_vwap_m_atr = dist_vwap_m/atr,2026-08-02,0.0,e9f2b72b
dist_vwap_m_atr = dist_vwap_m/atr,2026-08-03,0.0,e9f2b72b
dist_vwap_m_atr = dist_vwap_m/atr,2026-08-04,0.0,1d20af93
dist_vwap_m_atr = dist_vwap_m/atr,2026-08-05,0.0,0e82f56e
dist_vwap_m_atr = dist_vwap_m/atr,2026-08-06,0.0,feec66f6
dist_vwap_m_atr = dist_vwap_m/atr,2026-08-07,0.0,287627ed
dist_vwap_m_atr = dist_vwap_m/atr,2026-08-09,0.0,43f2daf5
dist_vwap_m_atr = dist_vwap_m/atr,2026-08-10,0.0,78177655
dist_vwap_m_atr = dist_vwap_m/atr,2026-08-11,0.0,78177655
dist_vwap_m_atr = dist_vwap_m/atr,2026-08-12,0.0,78177655
dist_vwap_m_atr = dist_vwap_m/atr,2026-08-13,0.0,78177655
dist_vwap_m_atr = dist_vwap_m/atr,2026-08-14,0.0,78177655
dist_vwap_m_atr = dist_vwap_m/atr,2026-08-16,0.0,605df903
dist_vwap_m_atr = dist_vwap_m/atr,2026-08-17,0.0,605df903
dist_vwap_m_atr = dist_vwap_m/atr,2026-08-18,0.0,605df903
dist_vwap_m_atr = dist_vwap_m/atr,2026-08-19,0.0,605df903
dist_vwap_m_atr = dist_vwap_m/atr,2026-08-20,0.0,605df903
dist_vwap_m_atr = dist_vwap_m/atr,2026-08-21,0.0,605df903
dist_vwap_m_atr = dist_vwap_m/atr,2026-08-23,0.0,605df903
dist_vwap_m_atr = dist_vwap_m/atr,2026-08-24,0.0,605df903
dist_vwap_m_atr = dist_vwap_m/atr,2026-08-25,0.0,605df903
dist_vwap_m_atr = dist_vwap_m/atr,2026-08-26,0.0,605df903
dist_vwap_m_atr = dist_vwap_m/atr,2026-08-27,0.0,605df903
dist_vwap_m_atr = dist_vwap_m/atr,2026-08-28,0.0,605df903
dist_vwap_m_atr = dist_vwap_m/atr,2026-08-30,0.0,605df903
dist_vwap_m_atr = dist_vwap_m/atr,2026-08-31,0.0,605df903
dist_vwap_m_atr = dist_vwap_m/atr,2026-09-01,0.0,605df903
dist_vwap_m_atr = dist_vwap_m/atr,2026-09-02,0.0,605df903
dist_vwap_m_atr = dist_vwap_m/atr,2026-09-03,0.0,605df903
dist_vwap_m_atr = dist_vwap_m/atr,2026-09-04,0.0,605df903
dist_vwap_m_pct = dist_vwap_m*tick/close*100,2026-06-10,0.0,None
dist_vwap_m_pct = dist_vwap_m*tick/close*100,2026-06-11,0.0,c43dc080
dist_vwap_m_pct = dist_vwap_m*tick/close*100,2026-06-12,0.0,3d61b74d
dist_vwap_m_pct = dist_vwap_m*tick/close*100,2026-06-15,0.0,73ba58b9
dist_vwap_m_pct = dist_vwap_m*tick/close*100,2026-06-16,0.0,e7199bc7
dist_vwap_m_pct = dist_vwap_m*tick/close*100,2026-06-17,0.0,e7199bc7
dist_vwap_m_pct = dist_vwap_m*tick/close*100,2026-06-18,0.0,e7199bc7
dist_vwap_m_pct = dist_vwap_m*tick/close*100,2026-06-19,0.0,9238adc1
dist_vwap_m_pct = dist_vwap_m*tick/close*100,2026-06-21,0.0,9238adc1
dist_vwap_m_pct = dist_vwap_m*tick/close*100,2026-06-22,0.0,9238adc1
dist_vwap_m_pct = dist_vwap_m*tick/close*100,2026-06-23,0.0,9238adc1
dist_vwap_m_pct = dist_vwap_m*tick/close*100,2026-06-24,0.0,9238adc1
dist_vwap_m_pct = dist_vwap_m*tick/close*100,2026-06-25,0.0,9238adc1
dist_vwap_m_pct = dist_vwap_m*tick/close*100,2026-06-26,0.0,9238adc1
dist_vwap_m_pct = dist_vwap_m*tick/close*100,2026-06-28,0.0,944f7204
dist_vwap_m_pct = dist_vwap_m*tick/close*100,2026-06-29,0.0,944f7204
dist_vwap_m_pct = dist_vwap_m*tick/close*100,2026-06-30,0.0,944f7204
dist_vwap_m_pct = dist_vwap_m*tick/close*100,2026-07-01,0.0,944f7204
dist_vwap_m_pct = dist_vwap_m*tick/close*100,2026-07-02,0.0,944f7204
dist_vwap_m_pct = dist_vwap_m*tick/close*100,2026-07-03,0.0,0658f3c8
dist_vwap_m_pct = dist_vwap_m*tick/close*100,2026-07-05,0.0,13efb186
dist_vwap_m_pct = dist_vwap_m*tick/close*100,2026-07-06,0.0,13efb186
dist_vwap_m_pct = dist_vwap_m*tick/close*100,2026-07-07,0.0,13efb186
dist_vwap_m_pct = dist_vwap_m*tick/close*100,2026-07-08,0.0,13efb186
dist_vwap_m_pct = dist_vwap_m*tick/close*100,2026-07-09,0.0,13efb186
dist_vwap_m_pct = dist_vwap_m*tick/close*100,2026-07-10,0.0,13efb186
dist_vwap_m_pct = dist_vwap_m*tick/close*100,2026-07-12,0.0,13efb186
dist_vwap_m_pct = dist_vwap_m*tick/close*100,2026-07-13,0.0,13efb186
dist_vwap_m_pct = dist_vwap_m*tick/close*100,2026-07-14,0.0,13efb186
dist_vwap_m_pct = dist_vwap_m*tick/close*100,2026-07-15,0.0,13efb186
dist_vwap_m_pct = dist_vwap_m*tick/close*100,2026-07-16,0.0,13efb186
dist_vwap_m_pct = dist_vwap_m*tick/close*100,2026-07-17,0.0,f6003b62
dist_vwap_m_pct = dist_vwap_m*tick/close*100,2026-07-19,0.0,f6003b62
dist_vwap_m_pct = dist_vwap_m*tick/close*100,2026-07-20,0.0,f6003b62
dist_vwap_m_pct = dist_vwap_m*tick/close*100,2026-07-21,0.0,f6003b62
dist_vwap_m_pct = dist_vwap_m*tick/close*100,2026-07-22,0.0,ed53e566
dist_vwap_m_pct = dist_vwap_m*tick/close*100,2026-07-23,0.0,ed53e566
dist_vwap_m_pct = dist_vwap_m*tick/close*100,2026-07-24,0.0,ed53e566
dist_vwap_m_pct = dist_vwap_m*tick/close*100,2026-07-26,0.0,4981d53a
dist_vwap_m_pct = dist_vwap_m*tick/close*100,2026-07-27,0.0,4981d53a
dist_vwap_m_pct = dist_vwap_m*tick/close*100,2026-07-28,0.0,4981d53a
dist_vwap_m_pct = dist_vwap_m*tick/close*100,2026-07-29,0.0,4981d53a
dist_vwap_m_pct = dist_vwap_m*tick/close*100,2026-07-30,0.0,4981d53a
dist_vwap_m_pct = dist_vwap_m*tick/close*100,2026-07-31,0.0,4981d53a
dist_vwap_m_pct = dist_vwap_m*tick/close*100,2026-08-02,0.0,e9f2b72b
dist_vwap_m_pct = dist_vwap_m*tick/close*100,2026-08-03,0.0,e9f2b72b
dist_vwap_m_pct = dist_vwap_m*tick/close*100,2026-08-04,0.0,1d20af93
dist_vwap_m_pct = dist_vwap_m*tick/close*100,2026-08-05,0.0,0e82f56e
dist_vwap_m_pct = dist_vwap_m*tick/close*100,2026-08-06,0.0,feec66f6
dist_vwap_m_pct = dist_vwap_m*tick/close*100,2026-08-07,0.0,287627ed
dist_vwap_m_pct = dist_vwap_m*tick/close*100,2026-08-09,0.0,43f2daf5
dist_vwap_m_pct = dist_vwap_m*tick/close*100,2026-08-10,0.0,78177655
dist_vwap_m_pct = dist_vwap_m*tick/close*100,2026-08-11,0.0,78177655
dist_vwap_m_pct = dist_vwap_m*tick/close*100,2026-08-12,0.0,78177655
dist_vwap_m_pct = dist_vwap_m*tick/close*100,2026-08-13,0.0,78177655
dist_vwap_m_pct = dist_vwap_m*tick/close*100,2026-08-14,0.0,78177655
dist_vwap_m_pct = dist_vwap_m*tick/close*100,2026-08-16,0.0,605df903
dist_vwap_m_pct = dist_vwap_m*tick/close*100,2026-08-17,0.0,605df903
dist_vwap_m_pct = dist_vwap_m*tick/close*100,2026-08-18,0.0,605df903
dist_vwap_m_pct = dist_vwap_m*tick/close*100,2026-08-19,0.0,605df903
dist_vwap_m_pct = dist_vwap_m*tick/close*100,2026-08-20,0.0,605df903
dist_vwap_m_pct = dist_vwap_m*tick/close*100,2026-08-21,0.0,605df903
dist_vwap_m_pct = dist_vwap_m*tick/close*100,2026-08-23,0.0,605df903
dist_vwap_m_pct = dist_vwap_m*tick/close*100,2026-08-24,0.0,605df903
dist_vwap_m_pct = dist_vwap_m*tick/close*100,2026-08-25,0.0,605df903
dist_vwap_m_pct = dist_vwap_m*tick/close*100,2026-08-26,0.0,605df903
dist_vwap_m_pct = dist_vwap_m*tick/close*100,2026-08-27,0.0,605df903
dist_vwap_m_pct = dist_vwap_m*tick/close*100,2026-08-28,0.0,605df903
dist_vwap_m_pct = dist_vwap_m*tick/close*100,2026-08-30,0.0,605df903
dist_vwap_m_pct = dist_vwap_m*tick/close*100,2026-08-31,0.0,605df903
dist_vwap_m_pct = dist_vwap_m*tick/close*100,2026-09-01,0.0,605df903
dist_vwap_m_pct = dist_vwap_m*tick/close*100,2026-09-02,0.0,605df903
dist_vwap_m_pct = dist_vwap_m*tick/close*100,2026-09-03,0.0,605df903
dist_vwap_m_pct = dist_vwap_m*tick/close*100,2026-09-04,0.0,605df903
dist_prev_vpoc_atr = dist_prev_vpoc/atr,2026-06-10,0.0,None
dist_prev_vpoc_atr = dist_prev_vpoc/atr,2026-06-11,0.0,c43dc080
dist_prev_vpoc_atr = dist_prev_vpoc/atr,2026-06-12,0.0,3d61b74d
dist_prev_vpoc_atr = dist_prev_vpoc/atr,2026-06-14,0.0,73ba58b9
dist_prev_vpoc_atr = dist_prev_vpoc/atr,2026-06-15,0.0,73ba58b9
dist_prev_vpoc_atr = dist_prev_vpoc/atr,2026-06-16,0.0,e7199bc7
dist_prev_vpoc_atr = dist_prev_vpoc/atr,2026-06-17,0.0,e7199bc7
dist_prev_vpoc_atr = dist_prev_vpoc/atr,2026-06-18,0.0,e7199bc7
dist_prev_vpoc_atr = dist_prev_vpoc/atr,2026-06-19,0.0,9238adc1
dist_prev_vpoc_atr = dist_prev_vpoc/atr,2026-06-21,0.0,9238adc1
dist_prev_vpoc_atr = dist_prev_vpoc/atr,2026-06-22,0.0,9238adc1
dist_prev_vpoc_atr = dist_prev_vpoc/atr,2026-06-23,0.0,9238adc1
dist_prev_vpoc_atr = dist_prev_vpoc/atr,2026-06-24,0.0,9238adc1
dist_prev_vpoc_atr = dist_prev_vpoc/atr,2026-06-25,0.0,9238adc1
dist_prev_vpoc_atr = dist_prev_vpoc/atr,2026-06-26,0.0,9238adc1
dist_prev_vpoc_atr = dist_prev_vpoc/atr,2026-06-28,0.0,944f7204
dist_prev_vpoc_atr = dist_prev_vpoc/atr,2026-06-29,0.0,944f7204
dist_prev_vpoc_atr = dist_prev_vpoc/atr,2026-06-30,0.0,944f7204
dist_prev_vpoc_atr = dist_prev_vpoc/atr,2026-07-01,0.0,944f7204
dist_prev_vpoc_atr = dist_prev_vpoc/atr,2026-07-02,0.0,944f7204
dist_prev_vpoc_atr = dist_prev_vpoc/atr,2026-07-03,0.0,0658f3c8
dist_prev_vpoc_atr = dist_prev_vpoc/atr,2026-07-05,0.0,13efb186
dist_prev_vpoc_atr = dist_prev_vpoc/atr,2026-07-06,0.0,13efb186
dist_prev_vpoc_atr = dist_prev_vpoc/atr,2026-07-07,0.0,13efb186
dist_prev_vpoc_atr = dist_prev_vpoc/atr,2026-07-08,0.0,13efb186
dist_prev_vpoc_atr = dist_prev_vpoc/atr,2026-07-09,0.0,13efb186
dist_prev_vpoc_atr = dist_prev_vpoc/atr,2026-07-10,0.0,13efb186
dist_prev_vpoc_atr = dist_prev_vpoc/atr,2026-07-12,0.0,13efb186
dist_prev_vpoc_atr = dist_prev_vpoc/atr,2026-07-13,0.0,13efb186
dist_prev_vpoc_atr = dist_prev_vpoc/atr,2026-07-14,0.0,13efb186
dist_prev_vpoc_atr = dist_prev_vpoc/atr,2026-07-15,0.0,13efb186
dist_prev_vpoc_atr = dist_prev_vpoc/atr,2026-07-16,0.0,13efb186
dist_prev_vpoc_atr = dist_prev_vpoc/atr,2026-07-17,0.0,f6003b62
dist_prev_vpoc_atr = dist_prev_vpoc/atr,2026-07-19,0.0,f6003b62
dist_prev_vpoc_atr = dist_prev_vpoc/atr,2026-07-20,0.0,f6003b62
dist_prev_vpoc_atr = dist_prev_vpoc/atr,2026-07-21,0.0,f6003b62
dist_prev_vpoc_atr = dist_prev_vpoc/atr,2026-07-22,0.0,ed53e566
dist_prev_vpoc_atr = dist_prev_vpoc/atr,2026-07-23,0.0,ed53e566
dist_prev_vpoc_atr = dist_prev_vpoc/atr,2026-07-24,0.0,ed53e566
dist_prev_vpoc_atr = dist_prev_vpoc/atr,2026-07-26,0.0,4981d53a
dist_prev_vpoc_atr = dist_prev_vpoc/atr,2026-07-27,0.0,4981d53a
dist_prev_vpoc_atr = dist_prev_vpoc/atr,2026-07-28,0.0,4981d53a
dist_prev_vpoc_atr = dist_prev_vpoc/atr,2026-07-29,0.0,4981d53a
dist_prev_vpoc_atr = dist_prev_vpoc/atr,2026-07-30,0.0,4981d53a
dist_prev_vpoc_atr = dist_prev_vpoc/atr,2026-07-31,0.0,4981d53a
dist_prev_vpoc_atr = dist_prev_vpoc/atr,2026-08-02,0.0,e9f2b72b
dist_prev_vpoc_atr = dist_prev_vpoc/atr,2026-08-03,0.0,e9f2b72b
dist_prev_vpoc_atr = dist_prev_vpoc/atr,2026-08-04,0.0,1d20af93
dist_prev_vpoc_atr = dist_prev_vpoc/atr,2026-08-05,0.0,0e82f56e
dist_prev_vpoc_atr = dist_prev_vpoc/atr,2026-08-06,0.0,feec66f6
dist_prev_vpoc_atr = dist_prev_vpoc/atr,2026-08-07,0.0,287627ed
dist_prev_vpoc_atr = dist_prev_vpoc/atr,2026-08-09,0.0,43f2daf5
dist_prev_vpoc_atr = dist_prev_vpoc/atr,2026-08-10,0.0,78177655
dist_prev_vpoc_atr = dist_prev_vpoc/atr,2026-08-11,0.0,78177655
dist_prev_vpoc_atr = dist_prev_vpoc/atr,2026-08-12,0.0,78177655
dist_prev_vpoc_atr = dist_prev_vpoc/atr,2026-08-13,0.0,78177655
dist_prev_vpoc_atr = dist_prev_vpoc/atr,2026-08-14,0.0,78177655
dist_prev_vpoc_atr = dist_prev_vpoc/atr,2026-08-16,0.0,605df903
dist_prev_vpoc_atr = dist_prev_vpoc/atr,2026-08-17,0.0,605df903
dist_prev_vpoc_atr = dist_prev_vpoc/atr,2026-08-18,0.0,605df903
dist_prev_vpoc_atr = dist_prev_vpoc/atr,2026-08-19,0.0,605df903
dist_prev_vpoc_atr = dist_prev_vpoc/atr,2026-08-20,0.0,605df903
dist_prev_vpoc_atr = dist_prev_vpoc/atr,2026-08-21,0.0,605df903
dist_prev_vpoc_atr = dist_prev_vpoc/atr,2026-08-23,0.0,605df903
dist_prev_vpoc_atr = dist_prev_vpoc/atr,2026-08-24,0.0,605df903
dist_prev_vpoc_atr = dist_prev_vpoc/atr,2026-08-25,0.0,605df903
dist_prev_vpoc_atr = dist_prev_vpoc/atr,2026-08-26,0.0,605df903
dist_prev_vpoc_atr = dist_prev_vpoc/atr,2026-08-27,0.0,605df903
dist_prev_vpoc_atr = dist_prev_vpoc/atr,2026-08-28,0.0,605df903
dist_prev_vpoc_atr = dist_prev_vpoc/atr,2026-08-30,0.0,605df903
dist_prev_vpoc_atr = dist_prev_vpoc/atr,2026-08-31,0.0,605df903
dist_prev_vpoc_atr = dist_prev_vpoc/atr,2026-09-01,0.0,605df903
dist_prev_vpoc_atr = dist_prev_vpoc/atr,2026-09-02,0.0,605df903
dist_prev_vpoc_atr = dist_prev_vpoc/atr,2026-09-03,0.0,605df903
dist_prev_vpoc_atr = dist_prev_vpoc/atr,2026-09-04,0.0,605df903
dist_prev_vpoc_pct = dist_prev_vpoc*tick/close*100,2026-06-10,0.0,None
dist_prev_vpoc_pct = dist_prev_vpoc*tick/close*100,2026-06-11,0.0,c43dc080
dist_prev_vpoc_pct = dist_prev_vpoc*tick/close*100,2026-06-12,0.0,3d61b74d
dist_prev_vpoc_pct = dist_prev_vpoc*tick/close*100,2026-06-14,0.0,73ba58b9
dist_prev_vpoc_pct = dist_prev_vpoc*tick/close*100,2026-06-15,0.0,73ba58b9
dist_prev_vpoc_pct = dist_prev_vpoc*tick/close*100,2026-06-16,0.0,e7199bc7
dist_prev_vpoc_pct = dist_prev_vpoc*tick/close*100,2026-06-17,0.0,e7199bc7
dist_prev_vpoc_pct = dist_prev_vpoc*tick/close*100,2026-06-18,0.0761,e7199bc7
dist_prev_vpoc_pct = dist_prev_vpoc*tick/close*100,2026-06-19,1.0,9238adc1
dist_prev_vpoc_pct = dist_prev_vpoc*tick/close*100,2026-06-21,1.0,9238adc1
dist_prev_vpoc_pct = dist_prev_vpoc*tick/close*100,2026-06-22,0.7384,9238adc1
dist_prev_vpoc_pct = dist_prev_vpoc*tick/close*100,2026-06-23,0.0862,9238adc1
dist_prev_vpoc_pct = dist_prev_vpoc*tick/close*100,2026-06-24,1.0,9238adc1
dist_prev_vpoc_pct = dist_prev_vpoc*tick/close*100,2026-06-25,1.0,9238adc1
dist_prev_vpoc_pct = dist_prev_vpoc*tick/close*100,2026-06-26,0.6183,9238adc1
dist_prev_vpoc_pct = dist_prev_vpoc*tick/close*100,2026-06-28,1.0,944f7204
dist_prev_vpoc_pct = dist_prev_vpoc*tick/close*100,2026-06-29,1.0,944f7204
dist_prev_vpoc_pct = dist_prev_vpoc*tick/close*100,2026-06-30,0.9332,944f7204
dist_prev_vpoc_pct = dist_prev_vpoc*tick/close*100,2026-07-01,1.0,944f7204
dist_prev_vpoc_pct = dist_prev_vpoc*tick/close*100,2026-07-02,0.8246,944f7204
dist_prev_vpoc_pct = dist_prev_vpoc*tick/close*100,2026-07-03,0.5284,0658f3c8
dist_prev_vpoc_pct = dist_prev_vpoc*tick/close*100,2026-07-05,1.0,13efb186
dist_prev_vpoc_pct = dist_prev_vpoc*tick/close*100,2026-07-06,1.0,13efb186
dist_prev_vpoc_pct = dist_prev_vpoc*tick/close*100,2026-07-07,1.0,13efb186
dist_prev_vpoc_pct = dist_prev_vpoc*tick/close*100,2026-07-08,1.0,13efb186
dist_prev_vpoc_pct = dist_prev_vpoc*tick/close*100,2026-07-09,1.0,13efb186
dist_prev_vpoc_pct = dist_prev_vpoc*tick/close*100,2026-07-10,1.0,13efb186
dist_prev_vpoc_pct = dist_prev_vpoc*tick/close*100,2026-07-12,1.0,13efb186
dist_prev_vpoc_pct = dist_prev_vpoc*tick/close*100,2026-07-13,1.0,13efb186
dist_prev_vpoc_pct = dist_prev_vpoc*tick/close*100,2026-07-14,0.8254,13efb186
dist_prev_vpoc_pct = dist_prev_vpoc*tick/close*100,2026-07-15,0.8246,13efb186
dist_prev_vpoc_pct = dist_prev_vpoc*tick/close*100,2026-07-16,0.6514,13efb186
dist_prev_vpoc_pct = dist_prev_vpoc*tick/close*100,2026-07-17,1.0,f6003b62
dist_prev_vpoc_pct = dist_prev_vpoc*tick/close*100,2026-07-19,1.0,f6003b62
dist_prev_vpoc_pct = dist_prev_vpoc*tick/close*100,2026-07-20,1.0,f6003b62
dist_prev_vpoc_pct = dist_prev_vpoc*tick/close*100,2026-07-21,0.8246,f6003b62
dist_prev_vpoc_pct = dist_prev_vpoc*tick/close*100,2026-07-22,0.7391,ed53e566
dist_prev_vpoc_pct = dist_prev_vpoc*tick/close*100,2026-07-23,0.0862,ed53e566
dist_prev_vpoc_pct = dist_prev_vpoc*tick/close*100,2026-07-24,0.9992,ed53e566
dist_prev_vpoc_pct = dist_prev_vpoc*tick/close*100,2026-07-26,1.0,4981d53a
dist_prev_vpoc_pct = dist_prev_vpoc*tick/close*100,2026-07-27,1.0,4981d53a
dist_prev_vpoc_pct = dist_prev_vpoc*tick/close*100,2026-07-28,0.8254,4981d53a
dist_prev_vpoc_pct = dist_prev_vpoc*tick/close*100,2026-07-29,0.8254,4981d53a
dist_prev_vpoc_pct = dist_prev_vpoc*tick/close*100,2026-07-30,1.0,4981d53a
dist_prev_vpoc_pct = dist_prev_vpoc*tick/close*100,2026-07-31,0.3833,4981d53a
dist_prev_vpoc_pct = dist_prev_vpoc*tick/close*100,2026-08-02,1.0,e9f2b72b
dist_prev_vpoc_pct = dist_prev_vpoc*tick/close*100,2026-08-03,0.9979,e9f2b72b
dist_prev_vpoc_pct = dist_prev_vpoc*tick/close*100,2026-08-04,0.8254,1d20af93
dist_prev_vpoc_pct = dist_prev_vpoc*tick/close*100,2026-08-05,0.4954,0e82f56e
dist_prev_vpoc_pct = dist_prev_vpoc*tick/close*100,2026-08-06,0.8254,feec66f6
dist_prev_vpoc_pct = dist_prev_vpoc*tick/close*100,2026-08-07,0.6183,287627ed
dist_prev_vpoc_pct = dist_prev_vpoc*tick/close*100,2026-08-09,1.0,43f2daf5
dist_prev_vpoc_pct = dist_prev_vpoc*tick/close*100,2026-08-10,0.1318,78177655
dist_prev_vpoc_pct = dist_prev_vpoc*tick/close*100,2026-08-11,0.8252,78177655
dist_prev_vpoc_pct = dist_prev_vpoc*tick/close*100,2026-08-12,1.0,78177655
dist_prev_vpoc_pct = dist_prev_vpoc*tick/close*100,2026-08-13,0.8254,78177655
dist_prev_vpoc_pct = dist_prev_vpoc*tick/close*100,2026-08-14,0.8087,78177655
dist_prev_vpoc_pct = dist_prev_vpoc*tick/close*100,2026-08-16,1.0,605df903
dist_prev_vpoc_pct = dist_prev_vpoc*tick/close*100,2026-08-17,1.0,605df903
dist_prev_vpoc_pct = dist_prev_vpoc*tick/close*100,2026-08-18,1.0,605df903
dist_prev_vpoc_pct = dist_prev_vpoc*tick/close*100,2026-08-19,0.8254,605df903
dist_prev_vpoc_pct = dist_prev_vpoc*tick/close*100,2026-08-20,1.0,605df903
dist_prev_vpoc_pct = dist_prev_vpoc*tick/close*100,2026-08-21,1.0,605df903
dist_prev_vpoc_pct = dist_prev_vpoc*tick/close*100,2026-08-23,1.0,605df903
dist_prev_vpoc_pct = dist_prev_vpoc*tick/close*100,2026-08-24,1.0,605df903
dist_prev_vpoc_pct = dist_prev_vpoc*tick/close*100,2026-08-25,0.8254,605df903
dist_prev_vpoc_pct = dist_prev_vpoc*tick/close*100,2026-08-26,1.0,605df903
dist_prev_vpoc_pct = dist_prev_vpoc*tick/close*100,2026-08-27,1.0,605df903
dist_prev_vpoc_pct = dist_prev_vpoc*tick/close*100,2026-08-28,0.8087,605df903
dist_prev_vpoc_pct = dist_prev_vpoc*tick/close*100,2026-08-30,1.0,605df903
dist_prev_vpoc_pct = dist_prev_vpoc*tick/close*100,2026-08-31,1.0,605df903
dist_prev_vpoc_pct = dist_prev_vpoc*tick/close*100,2026-09-01,0.8246,605df903
dist_prev_vpoc_pct = dist_prev_vpoc*tick/close*100,2026-09-02,0.8251,605df903
dist_prev_vpoc_pct = dist_prev_vpoc*tick/close*100,2026-09-03,1.0,605df903
dist_prev_vpoc_pct = dist_prev_vpoc*tick/close*100,2026-09-04,1.0,605df903
dist_pdh_atr = -dist_pdh*tick/atr,2026-06-26,1.0,9238adc1
dist_pdh_atr = -dist_pdh*tick/atr,2026-06-28,0.0,944f7204
dist_pdh_atr = -dist_pdh*tick/atr,2026-06-29,0.0,944f7204
dist_pdh_atr = -dist_pdh*tick/atr,2026-06-30,0.0,944f7204
dist_pdh_atr = -dist_pdh*tick/atr,2026-07-01,0.0,944f7204
dist_pdh_atr = -dist_pdh*tick/atr,2026-07-02,0.0014,944f7204
dist_pdh_atr = -dist_pdh*tick/atr,2026-07-03,0.4716,0658f3c8
dist_pdh_atr = -dist_pdh*tick/atr,2026-07-05,0.0,13efb186
dist_pdh_atr = -dist_pdh*tick/atr,2026-07-06,0.0,13efb186
dist_pdh_atr = -dist_pdh*tick/atr,2026-07-07,0.0,13efb186
dist_pdh_atr = -dist_pdh*tick/atr,2026-07-08,0.0,13efb186
dist_pdh_atr = -dist_pdh*tick/atr,2026-07-09,0.0,13efb186
dist_pdh_atr = -dist_pdh*tick/atr,2026-07-10,0.0,13efb186
dist_pdh_atr = -dist_pdh*tick/atr,2026-07-12,0.0,13efb186
dist_pdh_atr = -dist_pdh*tick/atr,2026-07-13,0.0,13efb186
dist_pdh_atr = -dist_pdh*tick/atr,2026-07-14,0.0,13efb186
dist_pdh_atr = -dist_pdh*tick/atr,2026-07-15,0.0,13efb186
dist_pdh_atr = -dist_pdh*tick/atr,2026-07-16,0.3486,13efb186
dist_pdh_atr = -dist_pdh*tick/atr,2026-07-17,0.0,f6003b62
dist_pdh_atr = -dist_pdh*tick/atr,2026-07-19,0.0,f6003b62
dist_pdh_atr = -dist_pdh*tick/atr,2026-07-20,0.0,f6003b62
dist_pdh_atr = -dist_pdh*tick/atr,2026-07-21,0.0014,f6003b62
dist_pdh_atr = -dist_pdh*tick/atr,2026-07-22,0.0,ed53e566
dist_pdh_atr = -dist_pdh*tick/atr,2026-07-23,0.0,ed53e566
dist_pdh_atr = -dist_pdh*tick/atr,2026-07-24,0.0008,ed53e566
dist_pdh_atr = -dist_pdh*tick/atr,2026-07-26,0.0,4981d53a
dist_pdh_atr = -dist_pdh*tick/atr,2026-07-27,0.0,4981d53a
dist_pdh_atr = -dist_pdh*tick/atr,2026-07-28,0.0,4981d53a
dist_pdh_atr = -dist_pdh*tick/atr,2026-07-29,0.0,4981d53a
dist_pdh_atr = -dist_pdh*tick/atr,2026-07-30,0.0,4981d53a
dist_pdh_atr = -dist_pdh*tick/atr,2026-07-31,0.7413,4981d53a
dist_pdh_atr = -dist_pdh*tick/atr,2026-08-02,0.0,e9f2b72b
dist_pdh_atr = -dist_pdh*tick/atr,2026-08-03,0.0021,e9f2b72b
dist_pdh_atr = -dist_pdh*tick/atr,2026-08-04,0.0014,1d20af93
dist_pdh_atr = -dist_pdh*tick/atr,2026-08-05,0.7116,0e82f56e
dist_pdh_atr = -dist_pdh*tick/atr,2026-08-06,0.0014,feec66f6
dist_pdh_atr = -dist_pdh*tick/atr,2026-08-07,0.3508,287627ed
dist_pdh_atr = -dist_pdh*tick/atr,2026-08-09,0.0,43f2daf5
dist_pdh_atr = -dist_pdh*tick/atr,2026-08-10,0.7846,78177655
dist_pdh_atr = -dist_pdh*tick/atr,2026-08-11,0.0,78177655
dist_pdh_atr = -dist_pdh*tick/atr,2026-08-12,0.0,78177655
dist_pdh_atr = -dist_pdh*tick/atr,2026-08-13,0.0,78177655
dist_pdh_atr = -dist_pdh*tick/atr,2026-08-14,0.0008,78177655
dist_pdh_atr = -dist_pdh*tick/atr,2026-08-16,0.0,605df903
dist_pdh_atr = -dist_pdh*tick/atr,2026-08-17,0.0,605df903
dist_pdh_atr = -dist_pdh*tick/atr,2026-08-18,0.0,605df903
dist_pdh_atr = -dist_pdh*tick/atr,2026-08-19,0.0,605df903
dist_pdh_atr = -dist_pdh*tick/atr,2026-08-20,0.0,605df903
dist_pdh_atr = -dist_pdh*tick/atr,2026-08-21,0.0,605df903
dist_pdh_atr = -dist_pdh*tick/atr,2026-08-23,0.0,605df903
dist_pdh_atr = -dist_pdh*tick/atr,2026-08-24,0.0,605df903
dist_pdh_atr = -dist_pdh*tick/atr,2026-08-25,0.0,605df903
dist_pdh_atr = -dist_pdh*tick/atr,2026-08-26,0.0,605df903
dist_pdh_atr = -dist_pdh*tick/atr,2026-08-27,0.0,605df903
dist_pdh_atr = -dist_pdh*tick/atr,2026-08-28,0.0,605df903
dist_pdh_atr = -dist_pdh*tick/atr,2026-08-30,0.0,605df903
dist_pdh_atr = -dist_pdh*tick/atr,2026-08-31,0.0,605df903
dist_pdh_atr = -dist_pdh*tick/atr,2026-09-01,0.0,605df903
dist_pdh_atr = -dist_pdh*tick/atr,2026-09-02,0.0,605df903
dist_pdh_atr = -dist_pdh*tick/atr,2026-09-03,0.0,605df903
dist_pdh_atr = -dist_pdh*tick/atr,2026-09-04,0.0,605df903
dist_pdh_pct = dist_pdh*tick/close*100,2026-06-26,0.0,9238adc1
dist_pdh_pct = dist_pdh*tick/close*100,2026-06-28,0.0,944f7204
dist_pdh_pct = dist_pdh*tick/close*100,2026-06-29,0.0,944f7204
dist_pdh_pct = dist_pdh*tick/close*100,2026-06-30,0.0,944f7204
dist_pdh_pct = dist_pdh*tick/close*100,2026-07-01,0.0,944f7204
dist_pdh_pct = dist_pdh*tick/close*100,2026-07-02,0.0,944f7204
dist_pdh_pct = dist_pdh*tick/close*100,2026-07-03,0.0,0658f3c8
dist_pdh_pct = dist_pdh*tick/close*100,2026-07-05,0.0,13efb186
dist_pdh_pct = dist_pdh*tick/close*100,2026-07-06,0.0,13efb186
dist_pdh_pct = dist_pdh*tick/close*100,2026-07-07,0.0,13efb186
dist_pdh_pct = dist_pdh*tick/close*100,2026-07-08,0.0,13efb186
dist_pdh_pct = dist_pdh*tick/close*100,2026-07-09,0.0,13efb186
dist_pdh_pct = dist_pdh*tick/close*100,2026-07-10,0.0,13efb186
dist_pdh_pct = dist_pdh*tick/close*100,2026-07-12,0.0,13efb186
dist_pdh_pct = dist_pdh*tick/close*100,2026-07-13,0.0,13efb186
dist_pdh_pct = dist_pdh*tick/close*100,2026-07-14,0.0,13efb186
dist_pdh_pct = dist_pdh*tick/close*100,2026-07-15,0.0,13efb186
dist_pdh_pct = dist_pdh*tick/close*100,2026-07-16,0.0,13efb186
dist_pdh_pct = dist_pdh*tick/close*100,2026-07-17,0.0,f6003b62
dist_pdh_pct = dist_pdh*tick/close*100,2026-07-19,0.0,f6003b62
dist_pdh_pct = dist_pdh*tick/close*100,2026-07-20,0.0,f6003b62
dist_pdh_pct = dist_pdh*tick/close*100,2026-07-21,0.0,f6003b62
dist_pdh_pct = dist_pdh*tick/close*100,2026-07-22,0.0,ed53e566
dist_pdh_pct = dist_pdh*tick/close*100,2026-07-23,0.0,ed53e566
dist_pdh_pct = dist_pdh*tick/close*100,2026-07-24,0.0,ed53e566
dist_pdh_pct = dist_pdh*tick/close*100,2026-07-26,0.0,4981d53a
dist_pdh_pct = dist_pdh*tick/close*100,2026-07-27,0.0,4981d53a
dist_pdh_pct = dist_pdh*tick/close*100,2026-07-28,0.0,4981d53a
dist_pdh_pct = dist_pdh*tick/close*100,2026-07-29,0.0,4981d53a
dist_pdh_pct = dist_pdh*tick/close*100,2026-07-30,0.0,4981d53a
dist_pdh_pct = dist_pdh*tick/close*100,2026-07-31,0.0,4981d53a
dist_pdh_pct = dist_pdh*tick/close*100,2026-08-02,0.0,e9f2b72b
dist_pdh_pct = dist_pdh*tick/close*100,2026-08-03,0.0,e9f2b72b
dist_pdh_pct = dist_pdh*tick/close*100,2026-08-04,0.0,1d20af93
dist_pdh_pct = dist_pdh*tick/close*100,2026-08-05,0.0,0e82f56e
dist_pdh_pct = dist_pdh*tick/close*100,2026-08-06,0.0,feec66f6
dist_pdh_pct = dist_pdh*tick/close*100,2026-08-07,0.0,287627ed
dist_pdh_pct = dist_pdh*tick/close*100,2026-08-09,0.0,43f2daf5
dist_pdh_pct = dist_pdh*tick/close*100,2026-08-10,0.0,78177655
dist_pdh_pct = dist_pdh*tick/close*100,2026-08-11,0.0,78177655
dist_pdh_pct = dist_pdh*tick/close*100,2026-08-12,0.0,78177655
dist_pdh_pct = dist_pdh*tick/close*100,2026-08-13,0.0,78177655
dist_pdh_pct = dist_pdh*tick/close*100,2026-08-14,0.0,78177655
dist_pdh_pct = dist_pdh*tick/close*100,2026-08-16,0.0,605df903
dist_pdh_pct = dist_pdh*tick/close*100,2026-08-17,0.0,605df903
dist_pdh_pct = dist_pdh*tick/close*100,2026-08-18,0.0,605df903
dist_pdh_pct = dist_pdh*tick/close*100,2026-08-19,0.0,605df903
dist_pdh_pct = dist_pdh*tick/close*100,2026-08-20,0.0,605df903
dist_pdh_pct = dist_pdh*tick/close*100,2026-08-21,0.0,605df903
dist_pdh_pct = dist_pdh*tick/close*100,2026-08-23,0.0,605df903
dist_pdh_pct = dist_pdh*tick/close*100,2026-08-24,0.0,605df903
dist_pdh_pct = dist_pdh*tick/close*100,2026-08-25,0.0,605df903
dist_pdh_pct = dist_pdh*tick/close*100,2026-08-26,0.0,605df903
dist_pdh_pct = dist_pdh*tick/close*100,2026-08-27,0.0,605df903
dist_pdh_pct = dist_pdh*tick/close*100,2026-08-28,0.0,605df903
dist_pdh_pct = dist_pdh*tick/close*100,2026-08-30,0.0,605df903
dist_pdh_pct = dist_pdh*tick/close*100,2026-08-31,0.0,605df903
dist_pdh_pct = dist_pdh*tick/close*100,2026-09-01,0.0,605df903
dist_pdh_pct = dist_pdh*tick/close*100,2026-09-02,0.0,605df903
dist_pdh_pct = dist_pdh*tick/close*100,2026-09-03,0.0,605df903
dist_pdh_pct = dist_pdh*tick/close*100,2026-09-04,0.0,605df903
dist_pdl_atr = -dist_pdl*tick/atr,2026-06-26,1.0,9238adc1
dist_pdl_atr = -dist_pdl*tick/atr,2026-06-28,0.0,944f7204
dist_pdl_atr = -dist_pdl*tick/atr,2026-06-29,0.0,944f7204
dist_pdl_atr = -dist_pdl*tick/atr,2026-06-30,0.0,944f7204
dist_pdl_atr = -dist_pdl*tick/atr,2026-07-01,0.0,944f7204
dist_pdl_atr = -dist_pdl*tick/atr,2026-07-02,0.0014,944f7204
dist_pdl_atr = -dist_pdl*tick/atr,2026-07-03,0.4716,0658f3c8
dist_pdl_atr = -dist_pdl*tick/atr,2026-07-05,0.0,13efb186
dist_pdl_atr = -dist_pdl*tick/atr,2026-07-06,0.0,13efb186
dist_pdl_atr = -dist_pdl*tick/atr,2026-07-07,0.0,13efb186
dist_pdl_atr = -dist_pdl*tick/atr,2026-07-08,0.0,13efb186
dist_pdl_atr = -dist_pdl*tick/atr,2026-07-09,0.0,13efb186
dist_pdl_atr = -dist_pdl*tick/atr,2026-07-10,0.0,13efb186
dist_pdl_atr = -dist_pdl*tick/atr,2026-07-12,0.0,13efb186
dist_pdl_atr = -dist_pdl*tick/atr,2026-07-13,0.0,13efb186
dist_pdl_atr = -dist_pdl*tick/atr,2026-07-14,0.0,13efb186
dist_pdl_atr = -dist_pdl*tick/atr,2026-07-15,0.0,13efb186
dist_pdl_atr = -dist_pdl*tick/atr,2026-07-16,0.3348,13efb186
dist_pdl_atr = -dist_pdl*tick/atr,2026-07-17,0.0,f6003b62
dist_pdl_atr = -dist_pdl*tick/atr,2026-07-19,0.0,f6003b62
dist_pdl_atr = -dist_pdl*tick/atr,2026-07-20,0.0,f6003b62
dist_pdl_atr = -dist_pdl*tick/atr,2026-07-21,0.0014,f6003b62
dist_pdl_atr = -dist_pdl*tick/atr,2026-07-22,0.0,ed53e566
dist_pdl_atr = -dist_pdl*tick/atr,2026-07-23,0.0,ed53e566
dist_pdl_atr = -dist_pdl*tick/atr,2026-07-24,0.0008,ed53e566
dist_pdl_atr = -dist_pdl*tick/atr,2026-07-26,0.0,4981d53a
dist_pdl_atr = -dist_pdl*tick/atr,2026-07-27,0.0,4981d53a
dist_pdl_atr = -dist_pdl*tick/atr,2026-07-28,0.0,4981d53a
dist_pdl_atr = -dist_pdl*tick/atr,2026-07-29,0.0,4981d53a
dist_pdl_atr = -dist_pdl*tick/atr,2026-07-30,0.0,4981d53a
dist_pdl_atr = -dist_pdl*tick/atr,2026-07-31,0.7627,4981d53a
dist_pdl_atr = -dist_pdl*tick/atr,2026-08-02,0.0,e9f2b72b
dist_pdl_atr = -dist_pdl*tick/atr,2026-08-03,0.0021,e9f2b72b
dist_pdl_atr = -dist_pdl*tick/atr,2026-08-04,0.0014,1d20af93
dist_pdl_atr = -dist_pdl*tick/atr,2026-08-05,0.7217,0e82f56e
dist_pdl_atr = -dist_pdl*tick/atr,2026-08-06,0.0014,feec66f6
dist_pdl_atr = -dist_pdl*tick/atr,2026-08-07,0.3817,287627ed
dist_pdl_atr = -dist_pdl*tick/atr,2026-08-09,0.0,43f2daf5
dist_pdl_atr = -dist_pdl*tick/atr,2026-08-10,0.7763,78177655
dist_pdl_atr = -dist_pdl*tick/atr,2026-08-11,0.0,78177655
dist_pdl_atr = -dist_pdl*tick/atr,2026-08-12,0.0,78177655
dist_pdl_atr = -dist_pdl*tick/atr,2026-08-13,0.0,78177655
dist_pdl_atr = -dist_pdl*tick/atr,2026-08-14,0.0008,78177655
dist_pdl_atr = -dist_pdl*tick/atr,2026-08-16,0.0,605df903
dist_pdl_atr = -dist_pdl*tick/atr,2026-08-17,0.0,605df903
dist_pdl_atr = -dist_pdl*tick/atr,2026-08-18,0.0,605df903
dist_pdl_atr = -dist_pdl*tick/atr,2026-08-19,0.0,605df903
dist_pdl_atr = -dist_pdl*tick/atr,2026-08-20,0.0,605df903
dist_pdl_atr = -dist_pdl*tick/atr,2026-08-21,0.0,605df903
dist_pdl_atr = -dist_pdl*tick/atr,2026-08-23,0.0,605df903
dist_pdl_atr = -dist_pdl*tick/atr,2026-08-24,0.0,605df903
dist_pdl_atr = -dist_pdl*tick/atr,2026-08-25,0.0,605df903
dist_pdl_atr = -dist_pdl*tick/atr,2026-08-26,0.0,605df903
dist_pdl_atr = -dist_pdl*tick/atr,2026-08-27,0.0,605df903
dist_pdl_atr = -dist_pdl*tick/atr,2026-08-28,0.0,605df903
dist_pdl_atr = -dist_pdl*tick/atr,2026-08-30,0.0,605df903
dist_pdl_atr = -dist_pdl*tick/atr,2026-08-31,0.0,605df903
dist_pdl_atr = -dist_pdl*tick/atr,2026-09-01,0.0,605df903
dist_pdl_atr = -dist_pdl*tick/atr,2026-09-02,0.0,605df903
dist_pdl_atr = -dist_pdl*tick/atr,2026-09-03,0.0,605df903
dist_pdl_atr = -dist_pdl*tick/atr,2026-09-04,0.0,605df903
dist_pdl_pct = dist_pdl*tick/close*100,2026-06-26,0.0,9238adc1
dist_pdl_pct = dist_pdl*tick/close*100,2026-06-28,0.0,944f7204
dist_pdl_pct = dist_pdl*tick/close*100,2026-06-29,0.0,944f7204
dist_pdl_pct = dist_pdl*tick/close*100,2026-06-30,0.0,944f7204
dist_pdl_pct = dist_pdl*tick/close*100,2026-07-01,0.0,944f7204
dist_pdl_pct = dist_pdl*tick/close*100,2026-07-02,0.0,944f7204
dist_pdl_pct = dist_pdl*tick/close*100,2026-07-03,0.0,0658f3c8
dist_pdl_pct = dist_pdl*tick/close*100,2026-07-05,0.0,13efb186
dist_pdl_pct = dist_pdl*tick/close*100,2026-07-06,0.0,13efb186
dist_pdl_pct = dist_pdl*tick/close*100,2026-07-07,0.0,13efb186
dist_pdl_pct = dist_pdl*tick/close*100,2026-07-08,0.0,13efb186
dist_pdl_pct = dist_pdl*tick/close*100,2026-07-09,0.0,13efb186
dist_pdl_pct = dist_pdl*tick/close*100,2026-07-10,0.0,13efb186
dist_pdl_pct = dist_pdl*tick/close*100,2026-07-12,0.0,13efb186
dist_pdl_pct = dist_pdl*tick/close*100,2026-07-13,0.0,13efb186
dist_pdl_pct = dist_pdl*tick/close*100,2026-07-14,0.0,13efb186
dist_pdl_pct = dist_pdl*tick/close*100,2026-07-15,0.0,13efb186
dist_pdl_pct = dist_pdl*tick/close*100,2026-07-16,0.0,13efb186
dist_pdl_pct = dist_pdl*tick/close*100,2026-07-17,0.0,f6003b62
dist_pdl_pct = dist_pdl*tick/close*100,2026-07-19,0.0,f6003b62
dist_pdl_pct = dist_pdl*tick/close*100,2026-07-20,0.0,f6003b62
dist_pdl_pct = dist_pdl*tick/close*100,2026-07-21,0.0,f6003b62
dist_pdl_pct = dist_pdl*tick/close*100,2026-07-22,0.0,ed53e566
dist_pdl_pct = dist_pdl*tick/close*100,2026-07-23,0.0,ed53e566
dist_pdl_pct = dist_pdl*tick/close*100,2026-07-24,0.0,ed53e566
dist_pdl_pct = dist_pdl*tick/close*100,2026-07-26,0.0,4981d53a
dist_pdl_pct = dist_pdl*tick/close*100,2026-07-27,0.0,4981d53a
dist_pdl_pct = dist_pdl*tick/close*100,2026-07-28,0.0,4981d53a
dist_pdl_pct = dist_pdl*tick/close*100,2026-07-29,0.0,4981d53a
dist_pdl_pct = dist_pdl*tick/close*100,2026-07-30,0.0,4981d53a
dist_pdl_pct = dist_pdl*tick/close*100,2026-07-31,0.0,4981d53a
dist_pdl_pct = dist_pdl*tick/close*100,2026-08-02,0.0,e9f2b72b
dist_pdl_pct = dist_pdl*tick/close*100,2026-08-03,0.0,e9f2b72b
dist_pdl_pct = dist_pdl*tick/close*100,2026-08-04,0.0,1d20af93
dist_pdl_pct = dist_pdl*tick/close*100,2026-08-05,0.0,0e82f56e
dist_pdl_pct = dist_pdl*tick/close*100,2026-08-06,0.0,feec66f6
dist_pdl_pct = dist_pdl*tick/close*100,2026-08-07,0.0,287627ed
dist_pdl_pct = dist_pdl*tick/close*100,2026-08-09,0.0,43f2daf5
dist_pdl_pct = dist_pdl*tick/close*100,2026-08-10,0.0,78177655
dist_pdl_pct = dist_pdl*tick/close*100,2026-08-11,0.0,78177655
dist_pdl_pct = dist_pdl*tick/close*100,2026-08-12,0.0,78177655
dist_pdl_pct = dist_pdl*tick/close*100,2026-08-13,0.0,78177655
dist_pdl_pct = dist_pdl*tick/close*100,2026-08-14,0.0,78177655
dist_pdl_pct = dist_pdl*tick/close*100,2026-08-16,0.0,605df903
dist_pdl_pct = dist_pdl*tick/close*100,2026-08-17,0.0,605df903
dist_pdl_pct = dist_pdl*tick/close*100,2026-08-18,0.0,605df903
dist_pdl_pct = dist_pdl*tick/close*100,2026-08-19,0.0,605df903
dist_pdl_pct = dist_pdl*tick/close*100,2026-08-20,0.0,605df903
dist_pdl_pct = dist_pdl*tick/close*100,2026-08-21,0.0,605df903
dist_pdl_pct = dist_pdl*tick/close*100,2026-08-23,0.0,605df903
dist_pdl_pct = dist_pdl*tick/close*100,2026-08-24,0.0,605df903
dist_pdl_pct = dist_pdl*tick/close*100,2026-08-25,0.0,605df903
dist_pdl_pct = dist_pdl*tick/close*100,2026-08-26,0.0,605df903
dist_pdl_pct = dist_pdl*tick/close*100,2026-08-27,0.0,605df903
dist_pdl_pct = dist_pdl*tick/close*100,2026-08-28,0.0,605df903
dist_pdl_pct = dist_pdl*tick/close*100,2026-08-30,0.0,605df903
dist_pdl_pct = dist_pdl*tick/close*100,2026-08-31,0.0,605df903
dist_pdl_pct = dist_pdl*tick/close*100,2026-09-01,0.0,605df903
dist_pdl_pct = dist_pdl*tick/close*100,2026-09-02,0.0,605df903
dist_pdl_pct = dist_pdl*tick/close*100,2026-09-03,0.0,605df903
dist_pdl_pct = dist_pdl*tick/close*100,2026-09-04,0.0,605df903
dist_cur_vwap_vp = dist_vwap_d,2026-06-10,0.0,None
dist_cur_vwap_vp = dist_vwap_d,2026-06-11,0.0,c43dc080
dist_cur_vwap_vp = dist_vwap_d,2026-06-12,0.0,3d61b74d
dist_cur_vwap_vp = dist_vwap_d,2026-06-14,0.0,73ba58b9
dist_cur_vwap_vp = dist_vwap_d,2026-06-15,0.0,73ba58b9
dist_cur_vwap_vp = dist_vwap_d,2026-06-16,0.0,e7199bc7
dist_cur_vwap_vp = dist_vwap_d,2026-06-17,0.0,e7199bc7
dist_cur_vwap_vp = dist_vwap_d,2026-06-18,0.0,e7199bc7
dist_cur_vwap_vp = dist_vwap_d,2026-06-19,0.0,9238adc1
dist_cur_vwap_vp = dist_vwap_d,2026-06-21,0.0,9238adc1
dist_cur_vwap_vp = dist_vwap_d,2026-06-22,0.0,9238adc1
dist_cur_vwap_vp = dist_vwap_d,2026-06-23,0.0,9238adc1
dist_cur_vwap_vp = dist_vwap_d,2026-06-24,0.0,9238adc1
dist_cur_vwap_vp = dist_vwap_d,2026-06-25,0.0,9238adc1
dist_cur_vwap_vp = dist_vwap_d,2026-06-26,0.0,9238adc1
dist_cur_vwap_vp = dist_vwap_d,2026-06-28,0.0,944f7204
dist_cur_vwap_vp = dist_vwap_d,2026-06-29,0.0,944f7204
dist_cur_vwap_vp = dist_vwap_d,2026-06-30,0.0,944f7204
dist_cur_vwap_vp = dist_vwap_d,2026-07-01,0.0,944f7204
dist_cur_vwap_vp = dist_vwap_d,2026-07-02,0.0,944f7204
dist_cur_vwap_vp = dist_vwap_d,2026-07-03,0.0,0658f3c8
dist_cur_vwap_vp = dist_vwap_d,2026-07-05,0.0,13efb186
dist_cur_vwap_vp = dist_vwap_d,2026-07-06,0.0,13efb186
dist_cur_vwap_vp = dist_vwap_d,2026-07-07,0.0,13efb186
dist_cur_vwap_vp = dist_vwap_d,2026-07-08,0.0,13efb186
dist_cur_vwap_vp = dist_vwap_d,2026-07-09,0.0,13efb186
dist_cur_vwap_vp = dist_vwap_d,2026-07-10,0.0,13efb186
dist_cur_vwap_vp = dist_vwap_d,2026-07-12,0.0,13efb186
dist_cur_vwap_vp = dist_vwap_d,2026-07-13,0.0,13efb186
dist_cur_vwap_vp = dist_vwap_d,2026-07-14,0.0,13efb186
dist_cur_vwap_vp = dist_vwap_d,2026-07-15,0.0,13efb186
dist_cur_vwap_vp = dist_vwap_d,2026-07-16,0.0,13efb186
dist_cur_vwap_vp = dist_vwap_d,2026-07-17,0.0,f6003b62
dist_cur_vwap_vp = dist_vwap_d,2026-07-19,0.0,f6003b62
dist_cur_vwap_vp = dist_vwap_d,2026-07-20,0.0,f6003b62
dist_cur_vwap_vp = dist_vwap_d,2026-07-21,0.0,f6003b62
dist_cur_vwap_vp = dist_vwap_d,2026-07-22,0.0,ed53e566
dist_cur_vwap_vp = dist_vwap_d,2026-07-23,0.0,ed53e566
dist_cur_vwap_vp = dist_vwap_d,2026-07-24,0.0,ed53e566
dist_cur_vwap_vp = dist_vwap_d,2026-07-26,0.0,4981d53a
dist_cur_vwap_vp = dist_vwap_d,2026-07-27,0.0,4981d53a
dist_cur_vwap_vp = dist_vwap_d,2026-07-28,0.0,4981d53a
dist_cur_vwap_vp = dist_vwap_d,2026-07-29,0.0,4981d53a
dist_cur_vwap_vp = dist_vwap_d,2026-07-30,0.0,4981d53a
dist_cur_vwap_vp = dist_vwap_d,2026-07-31,0.0,4981d53a
dist_cur_vwap_vp = dist_vwap_d,2026-08-02,0.0,e9f2b72b
dist_cur_vwap_vp = dist_vwap_d,2026-08-03,0.0,e9f2b72b
dist_cur_vwap_vp = dist_vwap_d,2026-08-04,0.0,1d20af93
dist_cur_vwap_vp = dist_vwap_d,2026-08-05,0.0,0e82f56e
dist_cur_vwap_vp = dist_vwap_d,2026-08-06,0.0,feec66f6
dist_cur_vwap_vp = dist_vwap_d,2026-08-07,0.0,287627ed
dist_cur_vwap_vp = dist_vwap_d,2026-08-09,0.0,43f2daf5
dist_cur_vwap_vp = dist_vwap_d,2026-08-10,0.0,78177655
dist_cur_vwap_vp = dist_vwap_d,2026-08-11,0.0,78177655
dist_cur_vwap_vp = dist_vwap_d,2026-08-12,0.0,78177655
dist_cur_vwap_vp = dist_vwap_d,2026-08-13,0.0,78177655
dist_cur_vwap_vp = dist_vwap_d,2026-08-14,0.0,78177655
dist_cur_vwap_vp = dist_vwap_d,2026-08-16,0.0,605df903
dist_cur_vwap_vp = dist_vwap_d,2026-08-17,0.0,605df903
dist_cur_vwap_vp = dist_vwap_d,2026-08-18,0.0,605df903
dist_cur_vwap_vp = dist_vwap_d,2026-08-19,0.0,605df903
dist_cur_vwap_vp = dist_vwap_d,2026-08-20,0.0,605df903
dist_cur_vwap_vp = dist_vwap_d,2026-08-21,0.0,605df903
dist_cur_vwap_vp = dist_vwap_d,2026-08-23,0.0,605df903
dist_cur_vwap_vp = dist_vwap_d,2026-08-24,0.0,605df903
dist_cur_vwap_vp = dist_vwap_d,2026-08-25,0.0,605df903
dist_cur_vwap_vp = dist_vwap_d,2026-08-26,0.0,605df903
dist_cur_vwap_vp = dist_vwap_d,2026-08-27,0.0,605df903
dist_cur_vwap_vp = dist_vwap_d,2026-08-28,0.0,605df903
dist_cur_vwap_vp = dist_vwap_d,2026-08-30,0.0,605df903
dist_cur_vwap_vp = dist_vwap_d,2026-08-31,0.0,605df903
dist_cur_vwap_vp = dist_vwap_d,2026-09-01,0.0,605df903
dist_cur_vwap_vp = dist_vwap_d,2026-09-02,0.0,605df903
dist_cur_vwap_vp = dist_vwap_d,2026-09-03,0.0,605df903
dist_cur_vwap_vp = dist_vwap_d,2026-09-04,0.0,605df903
prev_vah_lvl >= prev_vpoc_lvl,2026-06-10,0.0,None
prev_vah_lvl >= prev_vpoc_lvl,2026-06-11,0.0,c43dc080
prev_vah_lvl >= prev_vpoc_lvl,2026-06-12,0.0,3d61b74d
prev_vah_lvl >= prev_vpoc_lvl,2026-06-14,0.0,73ba58b9
prev_vah_lvl >= prev_vpoc_lvl,2026-06-15,0.0,73ba58b9
prev_vah_lvl >= prev_vpoc_lvl,2026-06-16,0.0,e7199bc7
prev_vah_lvl >= prev_vpoc_lvl,2026-06-17,0.0,e7199bc7
prev_vah_lvl >= prev_vpoc_lvl,2026-06-18,0.0,e7199bc7
prev_vah_lvl >= prev_vpoc_lvl,2026-06-19,0.0,9238adc1
prev_vah_lvl >= prev_vpoc_lvl,2026-06-21,0.0,9238adc1
prev_vah_lvl >= prev_vpoc_lvl,2026-06-22,0.0,9238adc1
prev_vah_lvl >= prev_vpoc_lvl,2026-06-23,0.0,9238adc1
prev_vah_lvl >= prev_vpoc_lvl,2026-06-24,0.0,9238adc1
prev_vah_lvl >= prev_vpoc_lvl,2026-06-25,0.0,9238adc1
prev_vah_lvl >= prev_vpoc_lvl,2026-06-26,0.0,9238adc1
prev_vah_lvl >= prev_vpoc_lvl,2026-06-28,0.0,944f7204
prev_vah_lvl >= prev_vpoc_lvl,2026-06-29,0.0,944f7204
prev_vah_lvl >= prev_vpoc_lvl,2026-06-30,0.0,944f7204
prev_vah_lvl >= prev_vpoc_lvl,2026-07-01,0.0,944f7204
prev_vah_lvl >= prev_vpoc_lvl,2026-07-02,0.0,944f7204
prev_vah_lvl >= prev_vpoc_lvl,2026-07-03,0.0,0658f3c8
prev_vah_lvl >= prev_vpoc_lvl,2026-07-05,0.0,13efb186
prev_vah_lvl >= prev_vpoc_lvl,2026-07-06,0.0,13efb186
prev_vah_lvl >= prev_vpoc_lvl,2026-07-07,0.0,13efb186
prev_vah_lvl >= prev_vpoc_lvl,2026-07-08,0.0,13efb186
prev_vah_lvl >= prev_vpoc_lvl,2026-07-09,0.0,13efb186
prev_vah_lvl >= prev_vpoc_lvl,2026-07-10,0.0,13efb186
prev_vah_lvl >= prev_vpoc_lvl,2026-07-12,0.0,13efb186
prev_vah_lvl >= prev_vpoc_lvl,2026-07-13,0.0,13efb186
prev_vah_lvl >= prev_vpoc_lvl,2026-07-14,0.0,13efb186
prev_vah_lvl >= prev_vpoc_lvl,2026-07-15,0.0,13efb186
prev_vah_lvl >= prev_vpoc_lvl,2026-07-16,0.0,13efb186
prev_vah_lvl >= prev_vpoc_lvl,2026-07-17,0.0,f6003b62
prev_vah_lvl >= prev_vpoc_lvl,2026-07-19,0.0,f6003b62
prev_vah_lvl >= prev_vpoc_lvl,2026-07-20,0.0,f6003b62
prev_vah_lvl >= prev_vpoc_lvl,2026-07-21,0.0,f6003b62
prev_vah_lvl >= prev_vpoc_lvl,2026-07-22,0.0,ed53e566
prev_vah_lvl >= prev_vpoc_lvl,2026-07-23,0.0,ed53e566
prev_vah_lvl >= prev_vpoc_lvl,2026-07-24,0.0,ed53e566
prev_vah_lvl >= prev_vpoc_lvl,2026-07-26,0.0,4981d53a
prev_vah_lvl >= prev_vpoc_lvl,2026-07-27,0.0,4981d53a
prev_vah_lvl >= prev_vpoc_lvl,2026-07-28,0.0,4981d53a
prev_vah_lvl >= prev_vpoc_lvl,2026-07-29,0.0,4981d53a
prev_vah_lvl >= prev_vpoc_lvl,2026-07-30,0.0,4981d53a
prev_vah_lvl >= prev_vpoc_lvl,2026-07-31,0.0,4981d53a
prev_vah_lvl >= prev_vpoc_lvl,2026-08-02,0.0,e9f2b72b
prev_vah_lvl >= prev_vpoc_lvl,2026-08-03,0.0,e9f2b72b
prev_vah_lvl >= prev_vpoc_lvl,2026-08-04,0.0,1d20af93
prev_vah_lvl >= prev_vpoc_lvl,2026-08-05,0.0,0e82f56e
prev_vah_lvl >= prev_vpoc_lvl,2026-08-06,0.0,feec66f6
prev_vah_lvl >= prev_vpoc_lvl,2026-08-07,0.0,287627ed
prev_vah_lvl >= prev_vpoc_lvl,2026-08-09,0.0,43f2daf5
prev_vah_lvl >= prev_vpoc_lvl,2026-08-10,0.0,78177655
prev_vah_lvl >= prev_vpoc_lvl,2026-08-11,0.0,78177655
prev_vah_lvl >= prev_vpoc_lvl,2026-08-12,0.0,78177655
prev_vah_lvl >= prev_vpoc_lvl,2026-08-13,0.0,78177655
prev_vah_lvl >= prev_vpoc_lvl,2026-08-14,0.0,78177655
prev_vah_lvl >= prev_vpoc_lvl,2026-08-16,0.0,605df903
prev_vah_lvl >= prev_vpoc_lvl,2026-08-17,0.0,605df903
prev_vah_lvl >= prev_vpoc_lvl,2026-08-18,0.0,605df903
prev_vah_lvl >= prev_vpoc_lvl,2026-08-19,0.0,605df903
prev_vah_lvl >= prev_vpoc_lvl,2026-08-20,0.0,605df903
prev_vah_lvl >= prev_vpoc_lvl,2026-08-21,0.0,605df903
prev_vah_lvl >= prev_vpoc_lvl,2026-08-23,0.0,605df903
prev_vah_lvl >= prev_vpoc_lvl,2026-08-24,0.0,605df903
prev_vah_lvl >= prev_vpoc_lvl,2026-08-25,0.0,605df903
prev_vah_lvl >= prev_vpoc_lvl,2026-08-26,0.0,605df903
prev_vah_lvl >= prev_vpoc_lvl,2026-08-27,0.0,605df903
prev_vah_lvl >= prev_vpoc_lvl,2026-08-28,0.0,605df903
prev_vah_lvl >= prev_vpoc_lvl,2026-08-30,0.0,605df903
prev_vah_lvl >= prev_vpoc_lvl,2026-08-31,0.0,605df903
prev_vah_lvl >= prev_vpoc_lvl,2026-09-01,0.0,605df903
prev_vah_lvl >= prev_vpoc_lvl,2026-09-02,0.0,605df903
prev_vah_lvl >= prev_vpoc_lvl,2026-09-03,0.0,605df903
prev_vah_lvl >= prev_vpoc_lvl,2026-09-04,0.0,605df903
prev_vpoc_lvl >= prev_val_lvl,2026-06-10,0.0,None
prev_vpoc_lvl >= prev_val_lvl,2026-06-11,0.0,c43dc080
prev_vpoc_lvl >= prev_val_lvl,2026-06-12,0.0,3d61b74d
prev_vpoc_lvl >= prev_val_lvl,2026-06-14,0.0,73ba58b9
prev_vpoc_lvl >= prev_val_lvl,2026-06-15,0.0,73ba58b9
prev_vpoc_lvl >= prev_val_lvl,2026-06-16,0.0,e7199bc7
prev_vpoc_lvl >= prev_val_lvl,2026-06-17,0.0,e7199bc7
prev_vpoc_lvl >= prev_val_lvl,2026-06-18,0.0,e7199bc7
prev_vpoc_lvl >= prev_val_lvl,2026-06-19,0.0,9238adc1
prev_vpoc_lvl >= prev_val_lvl,2026-06-21,0.0,9238adc1
prev_vpoc_lvl >= prev_val_lvl,2026-06-22,0.0,9238adc1
prev_vpoc_lvl >= prev_val_lvl,2026-06-23,0.0,9238adc1
prev_vpoc_lvl >= prev_val_lvl,2026-06-24,0.0,9238adc1
prev_vpoc_lvl >= prev_val_lvl,2026-06-25,0.0,9238adc1
prev_vpoc_lvl >= prev_val_lvl,2026-06-26,0.0,9238adc1
prev_vpoc_lvl >= prev_val_lvl,2026-06-28,0.0,944f7204
prev_vpoc_lvl >= prev_val_lvl,2026-06-29,0.0,944f7204
prev_vpoc_lvl >= prev_val_lvl,2026-06-30,0.0,944f7204
prev_vpoc_lvl >= prev_val_lvl,2026-07-01,0.0,944f7204
prev_vpoc_lvl >= prev_val_lvl,2026-07-02,0.0,944f7204
prev_vpoc_lvl >= prev_val_lvl,2026-07-03,0.0,0658f3c8
prev_vpoc_lvl >= prev_val_lvl,2026-07-05,0.0,13efb186
prev_vpoc_lvl >= prev_val_lvl,2026-07-06,0.0,13efb186
prev_vpoc_lvl >= prev_val_lvl,2026-07-07,0.0,13efb186
prev_vpoc_lvl >= prev_val_lvl,2026-07-08,0.0,13efb186
prev_vpoc_lvl >= prev_val_lvl,2026-07-09,0.0,13efb186
prev_vpoc_lvl >= prev_val_lvl,2026-07-10,0.0,13efb186
prev_vpoc_lvl >= prev_val_lvl,2026-07-12,0.0,13efb186
prev_vpoc_lvl >= prev_val_lvl,2026-07-13,0.0,13efb186
prev_vpoc_lvl >= prev_val_lvl,2026-07-14,0.0,13efb186
prev_vpoc_lvl >= prev_val_lvl,2026-07-15,0.0,13efb186
prev_vpoc_lvl >= prev_val_lvl,2026-07-16,0.0,13efb186
prev_vpoc_lvl >= prev_val_lvl,2026-07-17,0.0,f6003b62
prev_vpoc_lvl >= prev_val_lvl,2026-07-19,0.0,f6003b62
prev_vpoc_lvl >= prev_val_lvl,2026-07-20,0.0,f6003b62
prev_vpoc_lvl >= prev_val_lvl,2026-07-21,0.0,f6003b62
prev_vpoc_lvl >= prev_val_lvl,2026-07-22,0.0,ed53e566
prev_vpoc_lvl >= prev_val_lvl,2026-07-23,0.0,ed53e566
prev_vpoc_lvl >= prev_val_lvl,2026-07-24,0.0,ed53e566
prev_vpoc_lvl >= prev_val_lvl,2026-07-26,0.0,4981d53a
prev_vpoc_lvl >= prev_val_lvl,2026-07-27,0.0,4981d53a
prev_vpoc_lvl >= prev_val_lvl,2026-07-28,0.0,4981d53a
prev_vpoc_lvl >= prev_val_lvl,2026-07-29,0.0,4981d53a
prev_vpoc_lvl >= prev_val_lvl,2026-07-30,0.0,4981d53a
prev_vpoc_lvl >= prev_val_lvl,2026-07-31,0.0,4981d53a
prev_vpoc_lvl >= prev_val_lvl,2026-08-02,0.0,e9f2b72b
prev_vpoc_lvl >= prev_val_lvl,2026-08-03,0.0,e9f2b72b
prev_vpoc_lvl >= prev_val_lvl,2026-08-04,0.0,1d20af93
prev_vpoc_lvl >= prev_val_lvl,2026-08-05,0.0,0e82f56e
prev_vpoc_lvl >= prev_val_lvl,2026-08-06,0.0,feec66f6
prev_vpoc_lvl >= prev_val_lvl,2026-08-07,0.0,287627ed
prev_vpoc_lvl >= prev_val_lvl,2026-08-09,0.0,43f2daf5
prev_vpoc_lvl >= prev_val_lvl,2026-08-10,0.0,78177655
prev_vpoc_lvl >= prev_val_lvl,2026-08-11,0.0,78177655
prev_vpoc_lvl >= prev_val_lvl,2026-08-12,0.0,78177655
prev_vpoc_lvl >= prev_val_lvl,2026-08-13,0.0,78177655
prev_vpoc_lvl >= prev_val_lvl,2026-08-14,0.0,78177655
prev_vpoc_lvl >= prev_val_lvl,2026-08-16,0.0,605df903
prev_vpoc_lvl >= prev_val_lvl,2026-08-17,0.0,605df903
prev_vpoc_lvl >= prev_val_lvl,2026-08-18,0.0,605df903
prev_vpoc_lvl >= prev_val_lvl,2026-08-19,0.0,605df903
prev_vpoc_lvl >= prev_val_lvl,2026-08-20,0.0,605df903
prev_vpoc_lvl >= prev_val_lvl,2026-08-21,0.0,605df903
prev_vpoc_lvl >= prev_val_lvl,2026-08-23,0.0,605df903
prev_vpoc_lvl >= prev_val_lvl,2026-08-24,0.0,605df903
prev_vpoc_lvl >= prev_val_lvl,2026-08-25,0.0,605df903
prev_vpoc_lvl >= prev_val_lvl,2026-08-26,0.0,605df903
prev_vpoc_lvl >= prev_val_lvl,2026-08-27,0.0,605df903
prev_vpoc_lvl >= prev_val_lvl,2026-08-28,0.0,605df903
prev_vpoc_lvl >= prev_val_lvl,2026-08-30,0.0,605df903
prev_vpoc_lvl >= prev_val_lvl,2026-08-31,0.0,605df903
prev_vpoc_lvl >= prev_val_lvl,2026-09-01,0.0,605df903
prev_vpoc_lvl >= prev_val_lvl,2026-09-02,0.0,605df903
prev_vpoc_lvl >= prev_val_lvl,2026-09-03,0.0,605df903
prev_vpoc_lvl >= prev_val_lvl,2026-09-04,0.0,605df903
cur_vah >= cur_vpoc >= cur_val,2026-06-11,0.0,c43dc080
cur_vah >= cur_vpoc >= cur_val,2026-06-12,0.0,3d61b74d
cur_vah >= cur_vpoc >= cur_val,2026-06-14,0.0,73ba58b9
cur_vah >= cur_vpoc >= cur_val,2026-06-15,0.0,73ba58b9
cur_vah >= cur_vpoc >= cur_val,2026-06-16,0.0,e7199bc7
cur_vah >= cur_vpoc >= cur_val,2026-06-17,0.0,e7199bc7
cur_vah >= cur_vpoc >= cur_val,2026-06-18,0.0,e7199bc7
cur_vah >= cur_vpoc >= cur_val,2026-06-19,0.0,9238adc1
cur_vah >= cur_vpoc >= cur_val,2026-06-21,0.0,9238adc1
cur_vah >= cur_vpoc >= cur_val,2026-06-22,0.0,9238adc1
cur_vah >= cur_vpoc >= cur_val,2026-06-23,0.0,9238adc1
cur_vah >= cur_vpoc >= cur_val,2026-06-24,0.0,9238adc1
cur_vah >= cur_vpoc >= cur_val,2026-06-25,0.0,9238adc1
cur_vah >= cur_vpoc >= cur_val,2026-06-26,0.0,9238adc1
cur_vah >= cur_vpoc >= cur_val,2026-06-28,0.0,944f7204
cur_vah >= cur_vpoc >= cur_val,2026-06-29,0.0,944f7204
cur_vah >= cur_vpoc >= cur_val,2026-06-30,0.0,944f7204
cur_vah >= cur_vpoc >= cur_val,2026-07-01,0.0,944f7204
cur_vah >= cur_vpoc >= cur_val,2026-07-02,0.0,944f7204
cur_vah >= cur_vpoc >= cur_val,2026-07-03,0.0,0658f3c8
cur_vah >= cur_vpoc >= cur_val,2026-07-05,0.0,13efb186
cur_vah >= cur_vpoc >= cur_val,2026-07-06,0.0,13efb186
cur_vah >= cur_vpoc >= cur_val,2026-07-07,0.0,13efb186
cur_vah >= cur_vpoc >= cur_val,2026-07-08,0.0,13efb186
cur_vah >= cur_vpoc >= cur_val,2026-07-09,0.0,13efb186
cur_vah >= cur_vpoc >= cur_val,2026-07-10,0.0,13efb186
cur_vah >= cur_vpoc >= cur_val,2026-07-12,0.0,13efb186
cur_vah >= cur_vpoc >= cur_val,2026-07-13,0.0,13efb186
cur_vah >= cur_vpoc >= cur_val,2026-07-14,0.0,13efb186
cur_vah >= cur_vpoc >= cur_val,2026-07-15,0.0,13efb186
cur_vah >= cur_vpoc >= cur_val,2026-07-16,0.0,13efb186
cur_vah >= cur_vpoc >= cur_val,2026-07-17,0.0,f6003b62
cur_vah >= cur_vpoc >= cur_val,2026-07-19,0.0,f6003b62
cur_vah >= cur_vpoc >= cur_val,2026-07-20,0.0,f6003b62
cur_vah >= cur_vpoc >= cur_val,2026-07-21,0.0,f6003b62
cur_vah >= cur_vpoc >= cur_val,2026-07-22,0.0,ed53e566
cur_vah >= cur_vpoc >= cur_val,2026-07-23,0.0,ed53e566
cur_vah >= cur_vpoc >= cur_val,2026-07-24,0.0,ed53e566
cur_vah >= cur_vpoc >= cur_val,2026-07-26,0.0,4981d53a
cur_vah >= cur_vpoc >= cur_val,2026-07-27,0.0,4981d53a
cur_vah >= cur_vpoc >= cur_val,2026-07-28,0.0,4981d53a
cur_vah >= cur_vpoc >= cur_val,2026-07-29,0.0,4981d53a
cur_vah >= cur_vpoc >= cur_val,2026-07-30,0.0,4981d53a
cur_vah >= cur_vpoc >= cur_val,2026-07-31,0.0,4981d53a
cur_vah >= cur_vpoc >= cur_val,2026-08-02,0.0,e9f2b72b
cur_vah >= cur_vpoc >= cur_val,2026-08-03,0.0,e9f2b72b
cur_vah >= cur_vpoc >= cur_val,2026-08-04,0.0,1d20af93
cur_vah >= cur_vpoc >= cur_val,2026-08-05,0.0,0e82f56e
cur_vah >= cur_vpoc >= cur_val,2026-08-06,0.0,feec66f6
cur_vah >= cur_vpoc >= cur_val,2026-08-07,0.0,287627ed
cur_vah >= cur_vpoc >= cur_val,2026-08-09,0.0,43f2daf5
cur_vah >= cur_vpoc >= cur_val,2026-08-10,0.0,78177655
cur_vah >= cur_vpoc >= cur_val,2026-08-11,0.0,78177655
cur_vah >= cur_vpoc >= cur_val,2026-08-12,0.0,78177655
cur_vah >= cur_vpoc >= cur_val,2026-08-13,0.0,78177655
cur_vah >= cur_vpoc >= cur_val,2026-08-14,0.0,78177655
cur_vah >= cur_vpoc >= cur_val,2026-08-16,0.0,605df903
cur_vah >= cur_vpoc >= cur_val,2026-08-17,0.0,605df903
cur_vah >= cur_vpoc >= cur_val,2026-08-18,0.0,605df903
cur_vah >= cur_vpoc >= cur_val,2026-08-19,0.0,605df903
cur_vah >= cur_vpoc >= cur_val,2026-08-20,0.0,605df903
cur_vah >= cur_vpoc >= cur_val,2026-08-21,0.0,605df903
cur_vah >= cur_vpoc >= cur_val,2026-08-23,0.0,605df903
cur_vah >= cur_vpoc >= cur_val,2026-08-24,0.0,605df903
cur_vah >= cur_vpoc >= cur_val,2026-08-25,0.0,605df903
cur_vah >= cur_vpoc >= cur_val,2026-08-26,0.0,605df903
cur_vah >= cur_vpoc >= cur_val,2026-08-27,0.0,605df903
cur_vah >= cur_vpoc >= cur_val,2026-08-28,0.0,605df903
cur_vah >= cur_vpoc >= cur_val,2026-08-30,0.0,605df903
cur_vah >= cur_vpoc >= cur_val,2026-08-31,0.0,605df903
cur_vah >= cur_vpoc >= cur_val,2026-09-01,0.0,605df903
cur_vah >= cur_vpoc >= cur_val,2026-09-02,0.0,605df903
cur_vah >= cur_vpoc >= cur_val,2026-09-03,0.0,605df903
cur_vah >= cur_vpoc >= cur_val,2026-09-04,0.0,605df903
vwap_d_sd1u-vwap_d = vwap_d-vwap_d_sd1d (bandes symetriques),2026-06-10,0.0,None
vwap_d_sd1u-vwap_d = vwap_d-vwap_d_sd1d (bandes symetriques),2026-06-11,0.0,c43dc080
vwap_d_sd1u-vwap_d = vwap_d-vwap_d_sd1d (bandes symetriques),2026-06-12,0.0,3d61b74d
vwap_d_sd1u-vwap_d = vwap_d-vwap_d_sd1d (bandes symetriques),2026-06-14,0.0,73ba58b9
vwap_d_sd1u-vwap_d = vwap_d-vwap_d_sd1d (bandes symetriques),2026-06-15,0.0,73ba58b9
vwap_d_sd1u-vwap_d = vwap_d-vwap_d_sd1d (bandes symetriques),2026-06-16,0.0,e7199bc7
vwap_d_sd1u-vwap_d = vwap_d-vwap_d_sd1d (bandes symetriques),2026-06-17,0.0,e7199bc7
vwap_d_sd1u-vwap_d = vwap_d-vwap_d_sd1d (bandes symetriques),2026-06-18,0.0,e7199bc7
vwap_d_sd1u-vwap_d = vwap_d-vwap_d_sd1d (bandes symetriques),2026-06-19,0.0,9238adc1
vwap_d_sd1u-vwap_d = vwap_d-vwap_d_sd1d (bandes symetriques),2026-06-21,0.0,9238adc1
vwap_d_sd1u-vwap_d = vwap_d-vwap_d_sd1d (bandes symetriques),2026-06-22,0.0,9238adc1
vwap_d_sd1u-vwap_d = vwap_d-vwap_d_sd1d (bandes symetriques),2026-06-23,0.0,9238adc1
vwap_d_sd1u-vwap_d = vwap_d-vwap_d_sd1d (bandes symetriques),2026-06-24,0.0,9238adc1
vwap_d_sd1u-vwap_d = vwap_d-vwap_d_sd1d (bandes symetriques),2026-06-25,0.0,9238adc1
vwap_d_sd1u-vwap_d = vwap_d-vwap_d_sd1d (bandes symetriques),2026-06-26,0.0,9238adc1
vwap_d_sd1u-vwap_d = vwap_d-vwap_d_sd1d (bandes symetriques),2026-06-28,0.0,944f7204
vwap_d_sd1u-vwap_d = vwap_d-vwap_d_sd1d (bandes symetriques),2026-06-29,0.0,944f7204
vwap_d_sd1u-vwap_d = vwap_d-vwap_d_sd1d (bandes symetriques),2026-06-30,0.0,944f7204
vwap_d_sd1u-vwap_d = vwap_d-vwap_d_sd1d (bandes symetriques),2026-07-01,0.0,944f7204
vwap_d_sd1u-vwap_d = vwap_d-vwap_d_sd1d (bandes symetriques),2026-07-02,0.0,944f7204
vwap_d_sd1u-vwap_d = vwap_d-vwap_d_sd1d (bandes symetriques),2026-07-03,0.0,0658f3c8
vwap_d_sd1u-vwap_d = vwap_d-vwap_d_sd1d (bandes symetriques),2026-07-05,0.0,13efb186
vwap_d_sd1u-vwap_d = vwap_d-vwap_d_sd1d (bandes symetriques),2026-07-06,0.0,13efb186
vwap_d_sd1u-vwap_d = vwap_d-vwap_d_sd1d (bandes symetriques),2026-07-07,0.0,13efb186
vwap_d_sd1u-vwap_d = vwap_d-vwap_d_sd1d (bandes symetriques),2026-07-08,0.0,13efb186
vwap_d_sd1u-vwap_d = vwap_d-vwap_d_sd1d (bandes symetriques),2026-07-09,0.0,13efb186
vwap_d_sd1u-vwap_d = vwap_d-vwap_d_sd1d (bandes symetriques),2026-07-10,0.0,13efb186
vwap_d_sd1u-vwap_d = vwap_d-vwap_d_sd1d (bandes symetriques),2026-07-12,0.0,13efb186
vwap_d_sd1u-vwap_d = vwap_d-vwap_d_sd1d (bandes symetriques),2026-07-13,0.0,13efb186
vwap_d_sd1u-vwap_d = vwap_d-vwap_d_sd1d (bandes symetriques),2026-07-14,0.0,13efb186
vwap_d_sd1u-vwap_d = vwap_d-vwap_d_sd1d (bandes symetriques),2026-07-15,0.0,13efb186
vwap_d_sd1u-vwap_d = vwap_d-vwap_d_sd1d (bandes symetriques),2026-07-16,0.0,13efb186
vwap_d_sd1u-vwap_d = vwap_d-vwap_d_sd1d (bandes symetriques),2026-07-17,0.0,f6003b62
vwap_d_sd1u-vwap_d = vwap_d-vwap_d_sd1d (bandes symetriques),2026-07-19,0.0,f6003b62
vwap_d_sd1u-vwap_d = vwap_d-vwap_d_sd1d (bandes symetriques),2026-07-20,0.0,f6003b62
vwap_d_sd1u-vwap_d = vwap_d-vwap_d_sd1d (bandes symetriques),2026-07-21,0.0,f6003b62
vwap_d_sd1u-vwap_d = vwap_d-vwap_d_sd1d (bandes symetriques),2026-07-22,0.0,ed53e566
vwap_d_sd1u-vwap_d = vwap_d-vwap_d_sd1d (bandes symetriques),2026-07-23,0.0,ed53e566
vwap_d_sd1u-vwap_d = vwap_d-vwap_d_sd1d (bandes symetriques),2026-07-24,0.0,ed53e566
vwap_d_sd1u-vwap_d = vwap_d-vwap_d_sd1d (bandes symetriques),2026-07-26,0.0,4981d53a
vwap_d_sd1u-vwap_d = vwap_d-vwap_d_sd1d (bandes symetriques),2026-07-27,0.0,4981d53a
vwap_d_sd1u-vwap_d = vwap_d-vwap_d_sd1d (bandes symetriques),2026-07-28,0.0,4981d53a
vwap_d_sd1u-vwap_d = vwap_d-vwap_d_sd1d (bandes symetriques),2026-07-29,0.0,4981d53a
vwap_d_sd1u-vwap_d = vwap_d-vwap_d_sd1d (bandes symetriques),2026-07-30,0.0,4981d53a
vwap_d_sd1u-vwap_d = vwap_d-vwap_d_sd1d (bandes symetriques),2026-07-31,0.0,4981d53a
vwap_d_sd1u-vwap_d = vwap_d-vwap_d_sd1d (bandes symetriques),2026-08-02,0.0,e9f2b72b
vwap_d_sd1u-vwap_d = vwap_d-vwap_d_sd1d (bandes symetriques),2026-08-03,0.0,e9f2b72b
vwap_d_sd1u-vwap_d = vwap_d-vwap_d_sd1d (bandes symetriques),2026-08-04,0.0,1d20af93
vwap_d_sd1u-vwap_d = vwap_d-vwap_d_sd1d (bandes symetriques),2026-08-05,0.0,0e82f56e
vwap_d_sd1u-vwap_d = vwap_d-vwap_d_sd1d (bandes symetriques),2026-08-06,0.0,feec66f6
vwap_d_sd1u-vwap_d = vwap_d-vwap_d_sd1d (bandes symetriques),2026-08-07,0.0,287627ed
vwap_d_sd1u-vwap_d = vwap_d-vwap_d_sd1d (bandes symetriques),2026-08-09,0.0,43f2daf5
vwap_d_sd1u-vwap_d = vwap_d-vwap_d_sd1d (bandes symetriques),2026-08-10,0.0,78177655
vwap_d_sd1u-vwap_d = vwap_d-vwap_d_sd1d (bandes symetriques),2026-08-11,0.0,78177655
vwap_d_sd1u-vwap_d = vwap_d-vwap_d_sd1d (bandes symetriques),2026-08-12,0.0,78177655
vwap_d_sd1u-vwap_d = vwap_d-vwap_d_sd1d (bandes symetriques),2026-08-13,0.0,78177655
vwap_d_sd1u-vwap_d = vwap_d-vwap_d_sd1d (bandes symetriques),2026-08-14,0.0,78177655
vwap_d_sd1u-vwap_d = vwap_d-vwap_d_sd1d (bandes symetriques),2026-08-16,0.0,605df903
vwap_d_sd1u-vwap_d = vwap_d-vwap_d_sd1d (bandes symetriques),2026-08-17,0.0,605df903
vwap_d_sd1u-vwap_d = vwap_d-vwap_d_sd1d (bandes symetriques),2026-08-18,0.0,605df903
vwap_d_sd1u-vwap_d = vwap_d-vwap_d_sd1d (bandes symetriques),2026-08-19,0.0,605df903
vwap_d_sd1u-vwap_d = vwap_d-vwap_d_sd1d (bandes symetriques),2026-08-20,0.0,605df903
vwap_d_sd1u-vwap_d = vwap_d-vwap_d_sd1d (bandes symetriques),2026-08-21,0.0,605df903
vwap_d_sd1u-vwap_d = vwap_d-vwap_d_sd1d (bandes symetriques),2026-08-23,0.0,605df903
vwap_d_sd1u-vwap_d = vwap_d-vwap_d_sd1d (bandes symetriques),2026-08-24,0.0,605df903
vwap_d_sd1u-vwap_d = vwap_d-vwap_d_sd1d (bandes symetriques),2026-08-25,0.0,605df903
vwap_d_sd1u-vwap_d = vwap_d-vwap_d_sd1d (bandes symetriques),2026-08-26,0.0,605df903
vwap_d_sd1u-vwap_d = vwap_d-vwap_d_sd1d (bandes symetriques),2026-08-27,0.0,605df903
vwap_d_sd1u-vwap_d = vwap_d-vwap_d_sd1d (bandes symetriques),2026-08-28,0.0,605df903
vwap_d_sd1u-vwap_d = vwap_d-vwap_d_sd1d (bandes symetriques),2026-08-30,0.0,605df903
vwap_d_sd1u-vwap_d = vwap_d-vwap_d_sd1d (bandes symetriques),2026-08-31,0.0,605df903
vwap_d_sd1u-vwap_d = vwap_d-vwap_d_sd1d (bandes symetriques),2026-09-01,0.0,605df903
vwap_d_sd1u-vwap_d = vwap_d-vwap_d_sd1d (bandes symetriques),2026-09-02,0.0,605df903
vwap_d_sd1u-vwap_d = vwap_d-vwap_d_sd1d (bandes symetriques),2026-09-03,0.0,605df903
vwap_d_sd1u-vwap_d = vwap_d-vwap_d_sd1d (bandes symetriques),2026-09-04,0.0,605df903
vwap_d_sd2u-vwap_d = 2*(sd1u-vwap_d),2026-06-10,0.0,None
vwap_d_sd2u-vwap_d = 2*(sd1u-vwap_d),2026-06-11,0.0,c43dc080
vwap_d_sd2u-vwap_d = 2*(sd1u-vwap_d),2026-06-12,0.0,3d61b74d
vwap_d_sd2u-vwap_d = 2*(sd1u-vwap_d),2026-06-14,0.0,73ba58b9
vwap_d_sd2u-vwap_d = 2*(sd1u-vwap_d),2026-06-15,0.0,73ba58b9
vwap_d_sd2u-vwap_d = 2*(sd1u-vwap_d),2026-06-16,0.0,e7199bc7
vwap_d_sd2u-vwap_d = 2*(sd1u-vwap_d),2026-06-17,0.0,e7199bc7
vwap_d_sd2u-vwap_d = 2*(sd1u-vwap_d),2026-06-18,0.0,e7199bc7
vwap_d_sd2u-vwap_d = 2*(sd1u-vwap_d),2026-06-19,0.0,9238adc1
vwap_d_sd2u-vwap_d = 2*(sd1u-vwap_d),2026-06-21,0.0,9238adc1
vwap_d_sd2u-vwap_d = 2*(sd1u-vwap_d),2026-06-22,0.0,9238adc1
vwap_d_sd2u-vwap_d = 2*(sd1u-vwap_d),2026-06-23,0.0,9238adc1
vwap_d_sd2u-vwap_d = 2*(sd1u-vwap_d),2026-06-24,0.0,9238adc1
vwap_d_sd2u-vwap_d = 2*(sd1u-vwap_d),2026-06-25,0.0,9238adc1
vwap_d_sd2u-vwap_d = 2*(sd1u-vwap_d),2026-06-26,0.0,9238adc1
vwap_d_sd2u-vwap_d = 2*(sd1u-vwap_d),2026-06-28,0.0,944f7204
vwap_d_sd2u-vwap_d = 2*(sd1u-vwap_d),2026-06-29,0.0,944f7204
vwap_d_sd2u-vwap_d = 2*(sd1u-vwap_d),2026-06-30,0.0,944f7204
vwap_d_sd2u-vwap_d = 2*(sd1u-vwap_d),2026-07-01,0.0,944f7204
vwap_d_sd2u-vwap_d = 2*(sd1u-vwap_d),2026-07-02,0.0,944f7204
vwap_d_sd2u-vwap_d = 2*(sd1u-vwap_d),2026-07-03,0.0,0658f3c8
vwap_d_sd2u-vwap_d = 2*(sd1u-vwap_d),2026-07-05,0.0,13efb186
vwap_d_sd2u-vwap_d = 2*(sd1u-vwap_d),2026-07-06,0.0,13efb186
vwap_d_sd2u-vwap_d = 2*(sd1u-vwap_d),2026-07-07,0.0,13efb186
vwap_d_sd2u-vwap_d = 2*(sd1u-vwap_d),2026-07-08,0.0,13efb186
vwap_d_sd2u-vwap_d = 2*(sd1u-vwap_d),2026-07-09,0.0,13efb186
vwap_d_sd2u-vwap_d = 2*(sd1u-vwap_d),2026-07-10,0.0,13efb186
vwap_d_sd2u-vwap_d = 2*(sd1u-vwap_d),2026-07-12,0.0,13efb186
vwap_d_sd2u-vwap_d = 2*(sd1u-vwap_d),2026-07-13,0.0,13efb186
vwap_d_sd2u-vwap_d = 2*(sd1u-vwap_d),2026-07-14,0.0,13efb186
vwap_d_sd2u-vwap_d = 2*(sd1u-vwap_d),2026-07-15,0.0,13efb186
vwap_d_sd2u-vwap_d = 2*(sd1u-vwap_d),2026-07-16,0.0,13efb186
vwap_d_sd2u-vwap_d = 2*(sd1u-vwap_d),2026-07-17,0.0,f6003b62
vwap_d_sd2u-vwap_d = 2*(sd1u-vwap_d),2026-07-19,0.0,f6003b62
vwap_d_sd2u-vwap_d = 2*(sd1u-vwap_d),2026-07-20,0.0,f6003b62
vwap_d_sd2u-vwap_d = 2*(sd1u-vwap_d),2026-07-21,0.0,f6003b62
vwap_d_sd2u-vwap_d = 2*(sd1u-vwap_d),2026-07-22,0.0,ed53e566
vwap_d_sd2u-vwap_d = 2*(sd1u-vwap_d),2026-07-23,0.0,ed53e566
vwap_d_sd2u-vwap_d = 2*(sd1u-vwap_d),2026-07-24,0.0,ed53e566
vwap_d_sd2u-vwap_d = 2*(sd1u-vwap_d),2026-07-26,0.0,4981d53a
vwap_d_sd2u-vwap_d = 2*(sd1u-vwap_d),2026-07-27,0.0,4981d53a
vwap_d_sd2u-vwap_d = 2*(sd1u-vwap_d),2026-07-28,0.0,4981d53a
vwap_d_sd2u-vwap_d = 2*(sd1u-vwap_d),2026-07-29,0.0,4981d53a
vwap_d_sd2u-vwap_d = 2*(sd1u-vwap_d),2026-07-30,0.0,4981d53a
vwap_d_sd2u-vwap_d = 2*(sd1u-vwap_d),2026-07-31,0.0,4981d53a
vwap_d_sd2u-vwap_d = 2*(sd1u-vwap_d),2026-08-02,0.0,e9f2b72b
vwap_d_sd2u-vwap_d = 2*(sd1u-vwap_d),2026-08-03,0.0,e9f2b72b
vwap_d_sd2u-vwap_d = 2*(sd1u-vwap_d),2026-08-04,0.0,1d20af93
vwap_d_sd2u-vwap_d = 2*(sd1u-vwap_d),2026-08-05,0.0,0e82f56e
vwap_d_sd2u-vwap_d = 2*(sd1u-vwap_d),2026-08-06,0.0,feec66f6
vwap_d_sd2u-vwap_d = 2*(sd1u-vwap_d),2026-08-07,0.0,287627ed
vwap_d_sd2u-vwap_d = 2*(sd1u-vwap_d),2026-08-09,0.0,43f2daf5
vwap_d_sd2u-vwap_d = 2*(sd1u-vwap_d),2026-08-10,0.0,78177655
vwap_d_sd2u-vwap_d = 2*(sd1u-vwap_d),2026-08-11,0.0,78177655
vwap_d_sd2u-vwap_d = 2*(sd1u-vwap_d),2026-08-12,0.0,78177655
vwap_d_sd2u-vwap_d = 2*(sd1u-vwap_d),2026-08-13,0.0,78177655
vwap_d_sd2u-vwap_d = 2*(sd1u-vwap_d),2026-08-14,0.0,78177655
vwap_d_sd2u-vwap_d = 2*(sd1u-vwap_d),2026-08-16,0.0,605df903
vwap_d_sd2u-vwap_d = 2*(sd1u-vwap_d),2026-08-17,0.0,605df903
vwap_d_sd2u-vwap_d = 2*(sd1u-vwap_d),2026-08-18,0.0,605df903
vwap_d_sd2u-vwap_d = 2*(sd1u-vwap_d),2026-08-19,0.0,605df903
vwap_d_sd2u-vwap_d = 2*(sd1u-vwap_d),2026-08-20,0.0,605df903
vwap_d_sd2u-vwap_d = 2*(sd1u-vwap_d),2026-08-21,0.0,605df903
vwap_d_sd2u-vwap_d = 2*(sd1u-vwap_d),2026-08-23,0.0,605df903
vwap_d_sd2u-vwap_d = 2*(sd1u-vwap_d),2026-08-24,0.0,605df903
vwap_d_sd2u-vwap_d = 2*(sd1u-vwap_d),2026-08-25,0.0,605df903
vwap_d_sd2u-vwap_d = 2*(sd1u-vwap_d),2026-08-26,0.0,605df903
vwap_d_sd2u-vwap_d = 2*(sd1u-vwap_d),2026-08-27,0.0,605df903
vwap_d_sd2u-vwap_d = 2*(sd1u-vwap_d),2026-08-28,0.0,605df903
vwap_d_sd2u-vwap_d = 2*(sd1u-vwap_d),2026-08-30,0.0,605df903
vwap_d_sd2u-vwap_d = 2*(sd1u-vwap_d),2026-08-31,0.0,605df903
vwap_d_sd2u-vwap_d = 2*(sd1u-vwap_d),2026-09-01,0.0,605df903
vwap_d_sd2u-vwap_d = 2*(sd1u-vwap_d),2026-09-02,0.0,605df903
vwap_d_sd2u-vwap_d = 2*(sd1u-vwap_d),2026-09-03,0.0,605df903
vwap_d_sd2u-vwap_d = 2*(sd1u-vwap_d),2026-09-04,0.0,605df903
sess_high >= high (monotone),2026-06-11,0.0,c43dc080
sess_high >= high (monotone),2026-06-12,0.0,3d61b74d
sess_high >= high (monotone),2026-06-14,0.0,73ba58b9
sess_high >= high (monotone),2026-06-15,0.0,73ba58b9
sess_high >= high (monotone),2026-06-16,0.0,e7199bc7
sess_high >= high (monotone),2026-06-17,0.0,e7199bc7
sess_high >= high (monotone),2026-06-18,0.0,e7199bc7
sess_high >= high (monotone),2026-06-19,0.0,9238adc1
sess_high >= high (monotone),2026-06-21,0.0,9238adc1
sess_high >= high (monotone),2026-06-22,0.0,9238adc1
sess_high >= high (monotone),2026-06-23,0.0,9238adc1
sess_high >= high (monotone),2026-06-24,0.0,9238adc1
sess_high >= high (monotone),2026-06-25,0.0,9238adc1
sess_high >= high (monotone),2026-06-26,0.0,9238adc1
sess_high >= high (monotone),2026-06-28,0.0,944f7204
sess_high >= high (monotone),2026-06-29,0.0,944f7204
sess_high >= high (monotone),2026-06-30,0.0,944f7204
sess_high >= high (monotone),2026-07-01,0.0,944f7204
sess_high >= high (monotone),2026-07-02,0.0,944f7204
sess_high >= high (monotone),2026-07-03,0.0,0658f3c8
sess_high >= high (monotone),2026-07-05,0.0,13efb186
sess_high >= high (monotone),2026-07-06,0.0,13efb186
sess_high >= high (monotone),2026-07-07,0.0,13efb186
sess_high >= high (monotone),2026-07-08,0.0,13efb186
sess_high >= high (monotone),2026-07-09,0.0,13efb186
sess_high >= high (monotone),2026-07-10,0.0,13efb186
sess_high >= high (monotone),2026-07-12,0.0,13efb186
sess_high >= high (monotone),2026-07-13,0.0,13efb186
sess_high >= high (monotone),2026-07-14,0.0,13efb186
sess_high >= high (monotone),2026-07-15,0.0,13efb186
sess_high >= high (monotone),2026-07-16,0.0,13efb186
sess_high >= high (monotone),2026-07-17,0.0,f6003b62
sess_high >= high (monotone),2026-07-19,0.0,f6003b62
sess_high >= high (monotone),2026-07-20,0.0,f6003b62
sess_high >= high (monotone),2026-07-21,0.0,f6003b62
sess_high >= high (monotone),2026-07-22,0.0,ed53e566
sess_high >= high (monotone),2026-07-23,0.0,ed53e566
sess_high >= high (monotone),2026-07-24,0.0,ed53e566
sess_high >= high (monotone),2026-07-26,0.0,4981d53a
sess_high >= high (monotone),2026-07-27,0.0,4981d53a
sess_high >= high (monotone),2026-07-28,0.0,4981d53a
sess_high >= high (monotone),2026-07-29,0.0,4981d53a
sess_high >= high (monotone),2026-07-30,0.0,4981d53a
sess_high >= high (monotone),2026-07-31,0.0,4981d53a
sess_high >= high (monotone),2026-08-02,0.0,e9f2b72b
sess_high >= high (monotone),2026-08-03,0.0,e9f2b72b
sess_high >= high (monotone),2026-08-04,0.0,1d20af93
sess_high >= high (monotone),2026-08-05,0.0,0e82f56e
sess_high >= high (monotone),2026-08-06,0.0,feec66f6
sess_high >= high (monotone),2026-08-07,0.0,287627ed
sess_high >= high (monotone),2026-08-09,0.0,43f2daf5
sess_high >= high (monotone),2026-08-10,0.0,78177655
sess_high >= high (monotone),2026-08-11,0.0,78177655
sess_high >= high (monotone),2026-08-12,0.0,78177655
sess_high >= high (monotone),2026-08-13,0.0,78177655
sess_high >= high (monotone),2026-08-14,0.0,78177655
sess_high >= high (monotone),2026-08-16,0.0,605df903
sess_high >= high (monotone),2026-08-17,0.0,605df903
sess_high >= high (monotone),2026-08-18,0.0,605df903
sess_high >= high (monotone),2026-08-19,0.0,605df903
sess_high >= high (monotone),2026-08-20,0.0,605df903
sess_high >= high (monotone),2026-08-21,0.0,605df903
sess_high >= high (monotone),2026-08-23,0.0,605df903
sess_high >= high (monotone),2026-08-24,0.0,605df903
sess_high >= high (monotone),2026-08-25,0.0,605df903
sess_high >= high (monotone),2026-08-26,0.0,605df903
sess_high >= high (monotone),2026-08-27,0.0,605df903
sess_high >= high (monotone),2026-08-28,0.0,605df903
sess_high >= high (monotone),2026-08-30,0.0,605df903
sess_high >= high (monotone),2026-08-31,0.0,605df903
sess_high >= high (monotone),2026-09-01,0.0,605df903
sess_high >= high (monotone),2026-09-02,0.0,605df903
sess_high >= high (monotone),2026-09-03,0.0,605df903
sess_high >= high (monotone),2026-09-04,0.0,605df903
sess_low <= low,2026-06-11,0.0,c43dc080
sess_low <= low,2026-06-12,0.0,3d61b74d
sess_low <= low,2026-06-14,0.0,73ba58b9
sess_low <= low,2026-06-15,0.0,73ba58b9
sess_low <= low,2026-06-16,0.0,e7199bc7
sess_low <= low,2026-06-17,0.0,e7199bc7
sess_low <= low,2026-06-18,0.0,e7199bc7
sess_low <= low,2026-06-19,0.0,9238adc1
sess_low <= low,2026-06-21,0.0,9238adc1
sess_low <= low,2026-06-22,0.0,9238adc1
sess_low <= low,2026-06-23,0.0,9238adc1
sess_low <= low,2026-06-24,0.0,9238adc1
sess_low <= low,2026-06-25,0.0,9238adc1
sess_low <= low,2026-06-26,0.0,9238adc1
sess_low <= low,2026-06-28,0.0,944f7204
sess_low <= low,2026-06-29,0.0,944f7204
sess_low <= low,2026-06-30,0.0,944f7204
sess_low <= low,2026-07-01,0.0,944f7204
sess_low <= low,2026-07-02,0.0,944f7204
sess_low <= low,2026-07-03,0.0,0658f3c8
sess_low <= low,2026-07-05,0.0,13efb186
sess_low <= low,2026-07-06,0.0,13efb186
sess_low <= low,2026-07-07,0.0,13efb186
sess_low <= low,2026-07-08,0.0,13efb186
sess_low <= low,2026-07-09,0.0,13efb186
sess_low <= low,2026-07-10,0.0,13efb186
sess_low <= low,2026-07-12,0.0,13efb186
sess_low <= low,2026-07-13,0.0,13efb186
sess_low <= low,2026-07-14,0.0,13efb186
sess_low <= low,2026-07-15,0.0,13efb186
sess_low <= low,2026-07-16,0.0,13efb186
sess_low <= low,2026-07-17,0.0,f6003b62
sess_low <= low,2026-07-19,0.0,f6003b62
sess_low <= low,2026-07-20,0.0,f6003b62
sess_low <= low,2026-07-21,0.0,f6003b62
sess_low <= low,2026-07-22,0.0,ed53e566
sess_low <= low,2026-07-23,0.0,ed53e566
sess_low <= low,2026-07-24,0.0,ed53e566
sess_low <= low,2026-07-26,0.0,4981d53a
sess_low <= low,2026-07-27,0.0,4981d53a
sess_low <= low,2026-07-28,0.0,4981d53a
sess_low <= low,2026-07-29,0.0,4981d53a
sess_low <= low,2026-07-30,0.0,4981d53a
sess_low <= low,2026-07-31,0.0,4981d53a
sess_low <= low,2026-08-02,0.0,e9f2b72b
sess_low <= low,2026-08-03,0.0,e9f2b72b
sess_low <= low,2026-08-04,0.0,1d20af93
sess_low <= low,2026-08-05,0.0,0e82f56e
sess_low <= low,2026-08-06,0.0,feec66f6
sess_low <= low,2026-08-07,0.0,287627ed
sess_low <= low,2026-08-09,0.0,43f2daf5
sess_low <= low,2026-08-10,0.0,78177655
sess_low <= low,2026-08-11,0.0,78177655
sess_low <= low,2026-08-12,0.0,78177655
sess_low <= low,2026-08-13,0.0,78177655
sess_low <= low,2026-08-14,0.0,78177655
sess_low <= low,2026-08-16,0.0,605df903
sess_low <= low,2026-08-17,0.0,605df903
sess_low <= low,2026-08-18,0.0,605df903
sess_low <= low,2026-08-19,0.0,605df903
sess_low <= low,2026-08-20,0.0,605df903
sess_low <= low,2026-08-21,0.0,605df903
sess_low <= low,2026-08-23,0.0,605df903
sess_low <= low,2026-08-24,0.0,605df903
sess_low <= low,2026-08-25,0.0,605df903
sess_low <= low,2026-08-26,0.0,605df903
sess_low <= low,2026-08-27,0.0,605df903
sess_low <= low,2026-08-28,0.0,605df903
sess_low <= low,2026-08-30,0.0,605df903
sess_low <= low,2026-08-31,0.0,605df903
sess_low <= low,2026-09-01,0.0,605df903
sess_low <= low,2026-09-02,0.0,605df903
sess_low <= low,2026-09-03,0.0,605df903
sess_low <= low,2026-09-04,0.0,605df903
ib_range_ticks = (ib_high-ib_low)/tick,2026-06-11,0.0,c43dc080
ib_range_ticks = (ib_high-ib_low)/tick,2026-06-12,0.0,3d61b74d
ib_range_ticks = (ib_high-ib_low)/tick,2026-06-15,0.0,73ba58b9
ib_range_ticks = (ib_high-ib_low)/tick,2026-06-16,0.0,e7199bc7
ib_range_ticks = (ib_high-ib_low)/tick,2026-06-17,0.0,e7199bc7
ib_range_ticks = (ib_high-ib_low)/tick,2026-06-18,0.0,e7199bc7
ib_range_ticks = (ib_high-ib_low)/tick,2026-06-19,0.0,9238adc1
ib_range_ticks = (ib_high-ib_low)/tick,2026-06-22,0.0,9238adc1
ib_range_ticks = (ib_high-ib_low)/tick,2026-06-23,0.0,9238adc1
ib_range_ticks = (ib_high-ib_low)/tick,2026-06-25,0.0,9238adc1
ib_range_ticks = (ib_high-ib_low)/tick,2026-06-26,0.0,9238adc1
ib_range_ticks = (ib_high-ib_low)/tick,2026-06-29,0.0,944f7204
ib_range_ticks = (ib_high-ib_low)/tick,2026-06-30,0.0,944f7204
ib_range_ticks = (ib_high-ib_low)/tick,2026-07-01,0.0,944f7204
ib_range_ticks = (ib_high-ib_low)/tick,2026-07-02,0.0,944f7204
ib_range_ticks = (ib_high-ib_low)/tick,2026-07-03,0.0,0658f3c8
ib_range_ticks = (ib_high-ib_low)/tick,2026-07-06,0.0,13efb186
ib_range_ticks = (ib_high-ib_low)/tick,2026-07-07,0.0,13efb186
ib_range_ticks = (ib_high-ib_low)/tick,2026-07-08,0.0,13efb186
ib_range_ticks = (ib_high-ib_low)/tick,2026-07-09,0.0,13efb186
ib_range_ticks = (ib_high-ib_low)/tick,2026-07-10,0.0,13efb186
ib_range_ticks = (ib_high-ib_low)/tick,2026-07-13,0.0,13efb186
ib_range_ticks = (ib_high-ib_low)/tick,2026-07-14,0.0,13efb186
ib_range_ticks = (ib_high-ib_low)/tick,2026-07-15,0.0,13efb186
ib_range_ticks = (ib_high-ib_low)/tick,2026-07-16,0.0,13efb186
ib_range_ticks = (ib_high-ib_low)/tick,2026-07-17,0.0,f6003b62
ib_range_ticks = (ib_high-ib_low)/tick,2026-07-20,0.0,f6003b62
ib_range_ticks = (ib_high-ib_low)/tick,2026-07-21,0.0,f6003b62
ib_range_ticks = (ib_high-ib_low)/tick,2026-07-22,0.0,ed53e566
ib_range_ticks = (ib_high-ib_low)/tick,2026-07-23,0.0,ed53e566
ib_range_ticks = (ib_high-ib_low)/tick,2026-07-24,0.0,ed53e566
ib_range_ticks = (ib_high-ib_low)/tick,2026-07-27,0.0,4981d53a
ib_range_ticks = (ib_high-ib_low)/tick,2026-07-28,0.0,4981d53a
ib_range_ticks = (ib_high-ib_low)/tick,2026-07-29,0.0,4981d53a
ib_range_ticks = (ib_high-ib_low)/tick,2026-07-30,0.0,4981d53a
ib_range_ticks = (ib_high-ib_low)/tick,2026-07-31,0.0,4981d53a
ib_range_ticks = (ib_high-ib_low)/tick,2026-08-03,0.0,e9f2b72b
ib_range_ticks = (ib_high-ib_low)/tick,2026-08-04,0.0,1d20af93
ib_range_ticks = (ib_high-ib_low)/tick,2026-08-05,0.0,0e82f56e
ib_range_ticks = (ib_high-ib_low)/tick,2026-08-06,0.0,feec66f6
ib_range_ticks = (ib_high-ib_low)/tick,2026-08-07,0.0,287627ed
ib_range_ticks = (ib_high-ib_low)/tick,2026-08-10,0.0,78177655
ib_range_ticks = (ib_high-ib_low)/tick,2026-08-11,0.0,78177655
ib_range_ticks = (ib_high-ib_low)/tick,2026-08-12,0.0,78177655
ib_range_ticks = (ib_high-ib_low)/tick,2026-08-13,0.0,78177655
ib_range_ticks = (ib_high-ib_low)/tick,2026-08-14,0.0,78177655
ib_range_ticks = (ib_high-ib_low)/tick,2026-08-17,0.0,605df903
ib_range_ticks = (ib_high-ib_low)/tick,2026-08-18,0.0,605df903
ib_range_ticks = (ib_high-ib_low)/tick,2026-08-19,0.0,605df903
ib_range_ticks = (ib_high-ib_low)/tick,2026-08-20,0.0,605df903
ib_range_ticks = (ib_high-ib_low)/tick,2026-08-21,0.0,605df903
ib_range_ticks = (ib_high-ib_low)/tick,2026-08-24,0.0,605df903
ib_range_ticks = (ib_high-ib_low)/tick,2026-08-25,0.0,605df903
ib_range_ticks = (ib_high-ib_low)/tick,2026-08-26,0.0,605df903
ib_range_ticks = (ib_high-ib_low)/tick,2026-08-27,0.0,605df903
ib_range_ticks = (ib_high-ib_low)/tick,2026-08-28,0.0,605df903
ib_range_ticks = (ib_high-ib_low)/tick,2026-08-31,0.0,605df903
ib_range_ticks = (ib_high-ib_low)/tick,2026-09-01,0.0,605df903
ib_range_ticks = (ib_high-ib_low)/tick,2026-09-02,0.0,605df903
ib_range_ticks = (ib_high-ib_low)/tick,2026-09-03,0.0,605df903
ib_range constante apres IB (par jour),2026-06-11,0.0,c43dc080
ib_range constante apres IB (par jour),2026-06-12,0.3617,3d61b74d
ib_range constante apres IB (par jour),2026-06-15,0.0,73ba58b9
ib_range constante apres IB (par jour),2026-06-16,0.0,e7199bc7
ib_range constante apres IB (par jour),2026-06-17,0.0,e7199bc7
ib_range constante apres IB (par jour),2026-06-18,0.0,e7199bc7
ib_range constante apres IB (par jour),2026-06-19,0.0,9238adc1
ib_range constante apres IB (par jour),2026-06-22,0.0,9238adc1
ib_range constante apres IB (par jour),2026-06-23,0.0,9238adc1
ib_range constante apres IB (par jour),2026-06-25,0.0,9238adc1
ib_range constante apres IB (par jour),2026-06-26,0.0,9238adc1
ib_range constante apres IB (par jour),2026-06-29,0.0,944f7204
ib_range constante apres IB (par jour),2026-06-30,0.0,944f7204
ib_range constante apres IB (par jour),2026-07-01,0.0,944f7204
ib_range constante apres IB (par jour),2026-07-02,0.0,944f7204
ib_range constante apres IB (par jour),2026-07-03,0.0,0658f3c8
ib_range constante apres IB (par jour),2026-07-06,0.0,13efb186
ib_range constante apres IB (par jour),2026-07-07,0.0,13efb186
ib_range constante apres IB (par jour),2026-07-08,0.0,13efb186
ib_range constante apres IB (par jour),2026-07-09,0.0,13efb186
ib_range constante apres IB (par jour),2026-07-10,0.0,13efb186
ib_range constante apres IB (par jour),2026-07-13,0.0,13efb186
ib_range constante apres IB (par jour),2026-07-14,0.0,13efb186
ib_range constante apres IB (par jour),2026-07-15,0.0,13efb186
ib_range constante apres IB (par jour),2026-07-16,0.0,13efb186
ib_range constante apres IB (par jour),2026-07-17,0.0,f6003b62
ib_range constante apres IB (par jour),2026-07-20,0.0,f6003b62
ib_range constante apres IB (par jour),2026-07-21,0.0,f6003b62
ib_range constante apres IB (par jour),2026-07-22,0.0,ed53e566
ib_range constante apres IB (par jour),2026-07-23,0.0,ed53e566
ib_range constante apres IB (par jour),2026-07-24,0.0,ed53e566
ib_range constante apres IB (par jour),2026-07-27,0.0,4981d53a
ib_range constante apres IB (par jour),2026-07-28,0.0,4981d53a
ib_range constante apres IB (par jour),2026-07-29,0.0,4981d53a
ib_range constante apres IB (par jour),2026-07-30,0.0,4981d53a
ib_range constante apres IB (par jour),2026-07-31,0.0,4981d53a
ib_range constante apres IB (par jour),2026-08-03,0.0,e9f2b72b
ib_range constante apres IB (par jour),2026-08-04,0.0,1d20af93
ib_range constante apres IB (par jour),2026-08-05,0.0,0e82f56e
ib_range constante apres IB (par jour),2026-08-06,0.0,feec66f6
ib_range constante apres IB (par jour),2026-08-07,0.0,287627ed
ib_range constante apres IB (par jour),2026-08-10,0.0,78177655
ib_range constante apres IB (par jour),2026-08-11,0.0,78177655
ib_range constante apres IB (par jour),2026-08-12,0.0,78177655
ib_range constante apres IB (par jour),2026-08-13,0.0,78177655
ib_range constante apres IB (par jour),2026-08-14,0.0,78177655
ib_range constante apres IB (par jour),2026-08-17,0.0,605df903
ib_range constante apres IB (par jour),2026-08-18,0.0,605df903
ib_range constante apres IB (par jour),2026-08-19,0.0,605df903
ib_range constante apres IB (par jour),2026-08-20,0.0,605df903
ib_range constante apres IB (par jour),2026-08-21,0.0,605df903
ib_range constante apres IB (par jour),2026-08-24,0.0,605df903
ib_range constante apres IB (par jour),2026-08-25,0.0,605df903
ib_range constante apres IB (par jour),2026-08-26,0.0,605df903
ib_range constante apres IB (par jour),2026-08-27,0.0,605df903
ib_range constante apres IB (par jour),2026-08-28,0.0,605df903
ib_range constante apres IB (par jour),2026-08-31,0.0,605df903
ib_range constante apres IB (par jour),2026-09-01,0.0,605df903
ib_range constante apres IB (par jour),2026-09-02,0.0,605df903
ib_range constante apres IB (par jour),2026-09-03,0.0,605df903
ib_range_atr = ib_range_ticks*tick/atr_14m,2026-06-10,0.8566,None
ib_range_atr = ib_range_ticks*tick/atr_14m,2026-06-11,0.9088,c43dc080
ib_range_atr = ib_range_ticks*tick/atr_14m,2026-06-12,1.0,3d61b74d
ib_range_atr = ib_range_ticks*tick/atr_14m,2026-06-15,1.0,73ba58b9
ib_range_atr = ib_range_ticks*tick/atr_14m,2026-06-16,1.0,e7199bc7
ib_range_atr = ib_range_ticks*tick/atr_14m,2026-06-17,0.8602,e7199bc7
ib_range_atr = ib_range_ticks*tick/atr_14m,2026-06-18,1.0,e7199bc7
ib_range_atr = ib_range_ticks*tick/atr_14m,2026-06-19,1.0,9238adc1
ib_range_atr = ib_range_ticks*tick/atr_14m,2026-06-22,1.0,9238adc1
ib_range_atr = ib_range_ticks*tick/atr_14m,2026-06-23,1.0,9238adc1
ib_range_atr = ib_range_ticks*tick/atr_14m,2026-06-25,0.9958,9238adc1
ib_range_atr = ib_range_ticks*tick/atr_14m,2026-06-26,1.0,9238adc1
ib_range_atr = ib_range_ticks*tick/atr_14m,2026-06-29,1.0,944f7204
ib_range_atr = ib_range_ticks*tick/atr_14m,2026-06-30,1.0,944f7204
ib_range_atr = ib_range_ticks*tick/atr_14m,2026-07-01,1.0,944f7204
ib_range_atr = ib_range_ticks*tick/atr_14m,2026-07-02,0.9362,944f7204
ib_range_atr = ib_range_ticks*tick/atr_14m,2026-07-03,1.0,0658f3c8
ib_range_atr = ib_range_ticks*tick/atr_14m,2026-07-06,1.0,13efb186
ib_range_atr = ib_range_ticks*tick/atr_14m,2026-07-07,1.0,13efb186
ib_range_atr = ib_range_ticks*tick/atr_14m,2026-07-08,0.9757,13efb186
ib_range_atr = ib_range_ticks*tick/atr_14m,2026-07-09,0.997,13efb186
ib_range_atr = ib_range_ticks*tick/atr_14m,2026-07-10,0.9878,13efb186
ib_range_atr = ib_range_ticks*tick/atr_14m,2026-07-13,1.0,13efb186
ib_range_atr = ib_range_ticks*tick/atr_14m,2026-07-14,0.9726,13efb186
ib_range_atr = ib_range_ticks*tick/atr_14m,2026-07-15,0.9939,13efb186
ib_range_atr = ib_range_ticks*tick/atr_14m,2026-07-16,1.0,13efb186
ib_range_atr = ib_range_ticks*tick/atr_14m,2026-07-17,0.9909,f6003b62
ib_range_atr = ib_range_ticks*tick/atr_14m,2026-07-20,1.0,f6003b62
ib_range_atr = ib_range_ticks*tick/atr_14m,2026-07-21,1.0,f6003b62
ib_range_atr = ib_range_ticks*tick/atr_14m,2026-07-22,1.0,ed53e566
ib_range_atr = ib_range_ticks*tick/atr_14m,2026-07-23,0.9787,ed53e566
ib_range_atr = ib_range_ticks*tick/atr_14m,2026-07-24,0.9362,ed53e566
ib_range_atr = ib_range_ticks*tick/atr_14m,2026-07-27,0.9726,4981d53a
ib_range_atr = ib_range_ticks*tick/atr_14m,2026-07-28,0.9544,4981d53a
ib_range_atr = ib_range_ticks*tick/atr_14m,2026-07-29,0.9605,4981d53a
ib_range_atr = ib_range_ticks*tick/atr_14m,2026-07-30,0.9666,4981d53a
ib_range_atr = ib_range_ticks*tick/atr_14m,2026-07-31,0.9818,4981d53a
ib_range_atr = ib_range_ticks*tick/atr_14m,2026-08-03,1.0,e9f2b72b
ib_range_atr = ib_range_ticks*tick/atr_14m,2026-08-04,1.0,1d20af93
ib_range_atr = ib_range_ticks*tick/atr_14m,2026-08-05,1.0,0e82f56e
ib_range_atr = ib_range_ticks*tick/atr_14m,2026-08-06,1.0,feec66f6
ib_range_atr = ib_range_ticks*tick/atr_14m,2026-08-07,1.0,287627ed
ib_range_atr = ib_range_ticks*tick/atr_14m,2026-08-10,1.0,78177655
ib_range_atr = ib_range_ticks*tick/atr_14m,2026-08-11,1.0,78177655
ib_range_atr = ib_range_ticks*tick/atr_14m,2026-08-12,1.0,78177655
ib_range_atr = ib_range_ticks*tick/atr_14m,2026-08-13,1.0,78177655
ib_range_atr = ib_range_ticks*tick/atr_14m,2026-08-14,1.0,78177655
ib_range_atr = ib_range_ticks*tick/atr_14m,2026-08-17,1.0,605df903
ib_range_atr = ib_range_ticks*tick/atr_14m,2026-08-18,1.0,605df903
ib_range_atr = ib_range_ticks*tick/atr_14m,2026-08-19,1.0,605df903
ib_range_atr = ib_range_ticks*tick/atr_14m,2026-08-20,0.9331,605df903
ib_range_atr = ib_range_ticks*tick/atr_14m,2026-08-21,1.0,605df903
ib_range_atr = ib_range_ticks*tick/atr_14m,2026-08-24,1.0,605df903
ib_range_atr = ib_range_ticks*tick/atr_14m,2026-08-25,0.9818,605df903
ib_range_atr = ib_range_ticks*tick/atr_14m,2026-08-26,1.0,605df903
ib_range_atr = ib_range_ticks*tick/atr_14m,2026-08-27,0.9878,605df903
ib_range_atr = ib_range_ticks*tick/atr_14m,2026-08-28,0.8845,605df903
ib_range_atr = ib_range_ticks*tick/atr_14m,2026-08-31,0.997,605df903
ib_range_atr = ib_range_ticks*tick/atr_14m,2026-09-01,0.997,605df903
ib_range_atr = ib_range_ticks*tick/atr_14m,2026-09-02,1.0,605df903
ib_range_atr = ib_range_ticks*tick/atr_14m,2026-09-03,0.9605,605df903
pdh = max(high) session Sierra precedente,2026-06-11,0.0,c43dc080
pdh = max(high) session Sierra precedente,2026-06-12,0.2546,3d61b74d
pdh = max(high) session Sierra precedente,2026-06-14,0.9917,73ba58b9
pdh = max(high) session Sierra precedente,2026-06-15,0.9138,73ba58b9
pdh = max(high) session Sierra precedente,2026-06-16,0.0007,e7199bc7
pdh = max(high) session Sierra precedente,2026-06-17,0.0007,e7199bc7
pdh = max(high) session Sierra precedente,2026-06-18,0.4601,e7199bc7
pdh = max(high) session Sierra precedente,2026-06-19,0.0,9238adc1
pdh = max(high) session Sierra precedente,2026-06-21,1.0,9238adc1
pdh = max(high) session Sierra precedente,2026-06-22,0.9138,9238adc1
pdh = max(high) session Sierra precedente,2026-06-23,0.0007,9238adc1
pdh = max(high) session Sierra precedente,2026-06-24,0.0,9238adc1
pdh = max(high) session Sierra precedente,2026-06-25,1.0,9238adc1
pdh = max(high) session Sierra precedente,2026-06-26,0.0,9238adc1
pdh = max(high) session Sierra precedente,2026-06-28,0.9917,944f7204
pdh = max(high) session Sierra precedente,2026-06-29,0.9138,944f7204
pdh = max(high) session Sierra precedente,2026-06-30,0.0,944f7204
pdh = max(high) session Sierra precedente,2026-07-01,0.9138,944f7204
pdh = max(high) session Sierra precedente,2026-07-02,0.0007,944f7204
pdh = max(high) session Sierra precedente,2026-07-03,0.0,0658f3c8
pdh = max(high) session Sierra precedente,2026-07-05,1.0,13efb186
pdh = max(high) session Sierra precedente,2026-07-06,0.9138,13efb186
pdh = max(high) session Sierra precedente,2026-07-07,0.0007,13efb186
pdh = max(high) session Sierra precedente,2026-07-08,0.0007,13efb186
pdh = max(high) session Sierra precedente,2026-07-09,0.0007,13efb186
pdh = max(high) session Sierra precedente,2026-07-10,0.0,13efb186
pdh = max(high) session Sierra precedente,2026-07-12,0.9917,13efb186
pdh = max(high) session Sierra precedente,2026-07-13,0.9138,13efb186
pdh = max(high) session Sierra precedente,2026-07-14,0.0007,13efb186
pdh = max(high) session Sierra precedente,2026-07-15,0.0007,13efb186
pdh = max(high) session Sierra precedente,2026-07-16,0.087,13efb186
pdh = max(high) session Sierra precedente,2026-07-17,1.0,f6003b62
pdh = max(high) session Sierra precedente,2026-07-19,0.9917,f6003b62
pdh = max(high) session Sierra precedente,2026-07-20,0.9138,f6003b62
pdh = max(high) session Sierra precedente,2026-07-21,0.0007,f6003b62
pdh = max(high) session Sierra precedente,2026-07-22,0.0007,ed53e566
pdh = max(high) session Sierra precedente,2026-07-23,0.0007,ed53e566
pdh = max(high) session Sierra precedente,2026-07-24,0.0,ed53e566
pdh = max(high) session Sierra precedente,2026-07-26,0.9917,4981d53a
pdh = max(high) session Sierra precedente,2026-07-27,0.9138,4981d53a
pdh = max(high) session Sierra precedente,2026-07-28,0.0007,4981d53a
pdh = max(high) session Sierra precedente,2026-07-29,0.0007,4981d53a
pdh = max(high) session Sierra precedente,2026-07-30,0.0007,4981d53a
pdh = max(high) session Sierra precedente,2026-07-31,0.0,4981d53a
pdh = max(high) session Sierra precedente,2026-08-02,0.9917,e9f2b72b
pdh = max(high) session Sierra precedente,2026-08-03,0.8725,e9f2b72b
pdh = max(high) session Sierra precedente,2026-08-04,0.0007,1d20af93
pdh = max(high) session Sierra precedente,2026-08-05,0.0007,0e82f56e
pdh = max(high) session Sierra precedente,2026-08-06,0.087,feec66f6
pdh = max(high) session Sierra precedente,2026-08-07,0.6183,287627ed
pdh = max(high) session Sierra precedente,2026-08-09,0.9,43f2daf5
pdh = max(high) session Sierra precedente,2026-08-10,0.8013,78177655
pdh = max(high) session Sierra precedente,2026-08-11,0.0007,78177655
pdh = max(high) session Sierra precedente,2026-08-12,0.0007,78177655
pdh = max(high) session Sierra precedente,2026-08-13,0.0007,78177655
pdh = max(high) session Sierra precedente,2026-08-14,0.0,78177655
pdh = max(high) session Sierra precedente,2026-08-16,1.0,605df903
pdh = max(high) session Sierra precedente,2026-08-17,0.9144,605df903
pdh = max(high) session Sierra precedente,2026-08-18,0.0007,605df903
pdh = max(high) session Sierra precedente,2026-08-19,0.0007,605df903
pdh = max(high) session Sierra precedente,2026-08-20,0.0007,605df903
pdh = max(high) session Sierra precedente,2026-08-21,0.0,605df903
pdh = max(high) session Sierra precedente,2026-08-23,0.9917,605df903
pdh = max(high) session Sierra precedente,2026-08-24,0.9138,605df903
pdh = max(high) session Sierra precedente,2026-08-25,0.0007,605df903
pdh = max(high) session Sierra precedente,2026-08-26,0.087,605df903
pdh = max(high) session Sierra precedente,2026-08-27,0.9138,605df903
pdh = max(high) session Sierra precedente,2026-08-28,0.0,605df903
pdh = max(high) session Sierra precedente,2026-08-30,0.9917,605df903
pdh = max(high) session Sierra precedente,2026-08-31,0.9993,605df903
pdh = max(high) session Sierra precedente,2026-09-01,0.9138,605df903
pdh = max(high) session Sierra precedente,2026-09-02,0.0007,605df903
pdh = max(high) session Sierra precedente,2026-09-03,0.0007,605df903
pdh = max(high) session Sierra precedente,2026-09-04,0.0,605df903
pdl = min(low) session Sierra precedente,2026-06-11,1.0,c43dc080
pdl = min(low) session Sierra precedente,2026-06-12,1.0,3d61b74d
pdl = min(low) session Sierra precedente,2026-06-14,1.0,73ba58b9
pdl = min(low) session Sierra precedente,2026-06-15,1.0,73ba58b9
pdl = min(low) session Sierra precedente,2026-06-16,0.9138,e7199bc7
pdl = min(low) session Sierra precedente,2026-06-17,0.0007,e7199bc7
pdl = min(low) session Sierra precedente,2026-06-18,0.087,e7199bc7
pdl = min(low) session Sierra precedente,2026-06-19,1.0,9238adc1
pdl = min(low) session Sierra precedente,2026-06-21,0.9917,9238adc1
pdl = min(low) session Sierra precedente,2026-06-22,0.9138,9238adc1
pdl = min(low) session Sierra precedente,2026-06-23,0.0007,9238adc1
pdl = min(low) session Sierra precedente,2026-06-24,0.0,9238adc1
pdl = min(low) session Sierra precedente,2026-06-25,1.0,9238adc1
pdl = min(low) session Sierra precedente,2026-06-26,0.0,9238adc1
pdl = min(low) session Sierra precedente,2026-06-28,1.0,944f7204
pdl = min(low) session Sierra precedente,2026-06-29,0.9993,944f7204
pdl = min(low) session Sierra precedente,2026-06-30,1.0,944f7204
pdl = min(low) session Sierra precedente,2026-07-01,0.0007,944f7204
pdl = min(low) session Sierra precedente,2026-07-02,0.0007,944f7204
pdl = min(low) session Sierra precedente,2026-07-03,0.0,0658f3c8
pdl = min(low) session Sierra precedente,2026-07-05,1.0,13efb186
pdl = min(low) session Sierra precedente,2026-07-06,0.9138,13efb186
pdl = min(low) session Sierra precedente,2026-07-07,0.0007,13efb186
pdl = min(low) session Sierra precedente,2026-07-08,0.0007,13efb186
pdl = min(low) session Sierra precedente,2026-07-09,0.0007,13efb186
pdl = min(low) session Sierra precedente,2026-07-10,0.0,13efb186
pdl = min(low) session Sierra precedente,2026-07-12,0.9917,13efb186
pdl = min(low) session Sierra precedente,2026-07-13,0.9138,13efb186
pdl = min(low) session Sierra precedente,2026-07-14,0.0007,13efb186
pdl = min(low) session Sierra precedente,2026-07-15,0.0007,13efb186
pdl = min(low) session Sierra precedente,2026-07-16,0.0007,13efb186
pdl = min(low) session Sierra precedente,2026-07-17,0.0,f6003b62
pdl = min(low) session Sierra precedente,2026-07-19,0.9917,f6003b62
pdl = min(low) session Sierra precedente,2026-07-20,0.9138,f6003b62
pdl = min(low) session Sierra precedente,2026-07-21,0.087,f6003b62
pdl = min(low) session Sierra precedente,2026-07-22,0.913,ed53e566
pdl = min(low) session Sierra precedente,2026-07-23,0.0007,ed53e566
pdl = min(low) session Sierra precedente,2026-07-24,0.0,ed53e566
pdl = min(low) session Sierra precedente,2026-07-26,0.9917,4981d53a
pdl = min(low) session Sierra precedente,2026-07-27,0.9138,4981d53a
pdl = min(low) session Sierra precedente,2026-07-28,0.0007,4981d53a
pdl = min(low) session Sierra precedente,2026-07-29,0.0007,4981d53a
pdl = min(low) session Sierra precedente,2026-07-30,0.087,4981d53a
pdl = min(low) session Sierra precedente,2026-07-31,1.0,4981d53a
pdl = min(low) session Sierra precedente,2026-08-02,0.9917,e9f2b72b
pdl = min(low) session Sierra precedente,2026-08-03,0.8725,e9f2b72b
pdl = min(low) session Sierra precedente,2026-08-04,0.087,1d20af93
pdl = min(low) session Sierra precedente,2026-08-05,0.6667,0e82f56e
pdl = min(low) session Sierra precedente,2026-08-06,0.0007,feec66f6
pdl = min(low) session Sierra precedente,2026-08-07,0.0,287627ed
pdl = min(low) session Sierra precedente,2026-08-09,1.0,43f2daf5
pdl = min(low) session Sierra precedente,2026-08-10,0.8013,78177655
pdl = min(low) session Sierra precedente,2026-08-11,0.0007,78177655
pdl = min(low) session Sierra precedente,2026-08-12,0.0007,78177655
pdl = min(low) session Sierra precedente,2026-08-13,0.0007,78177655
pdl = min(low) session Sierra precedente,2026-08-14,0.0,78177655
pdl = min(low) session Sierra precedente,2026-08-16,0.9917,605df903
pdl = min(low) session Sierra precedente,2026-08-17,0.9144,605df903
pdl = min(low) session Sierra precedente,2026-08-18,0.0007,605df903
pdl = min(low) session Sierra precedente,2026-08-19,0.0007,605df903
pdl = min(low) session Sierra precedente,2026-08-20,0.0007,605df903
pdl = min(low) session Sierra precedente,2026-08-21,0.0,605df903
pdl = min(low) session Sierra precedente,2026-08-23,0.9917,605df903
pdl = min(low) session Sierra precedente,2026-08-24,0.9138,605df903
pdl = min(low) session Sierra precedente,2026-08-25,0.0007,605df903
pdl = min(low) session Sierra precedente,2026-08-26,0.0007,605df903
pdl = min(low) session Sierra precedente,2026-08-27,0.0007,605df903
pdl = min(low) session Sierra precedente,2026-08-28,0.0,605df903
pdl = min(low) session Sierra precedente,2026-08-30,0.9917,605df903
pdl = min(low) session Sierra precedente,2026-08-31,0.9138,605df903
pdl = min(low) session Sierra precedente,2026-09-01,0.0007,605df903
pdl = min(low) session Sierra precedente,2026-09-02,0.0007,605df903
pdl = min(low) session Sierra precedente,2026-09-03,0.0007,605df903
pdl = min(low) session Sierra precedente,2026-09-04,0.0,605df903
open_cash = open 1ere barre cash,2026-06-11,1.0,c43dc080
open_cash = open 1ere barre cash,2026-06-12,0.3051,3d61b74d
open_cash = open 1ere barre cash,2026-06-15,0.7821,73ba58b9
open_cash = open 1ere barre cash,2026-06-16,0.0,e7199bc7
open_cash = open 1ere barre cash,2026-06-17,0.0,e7199bc7
open_cash = open 1ere barre cash,2026-06-18,0.0,e7199bc7
open_cash = open 1ere barre cash,2026-06-19,0.0,9238adc1
open_cash = open 1ere barre cash,2026-06-22,0.0,9238adc1
open_cash = open 1ere barre cash,2026-06-23,0.0,9238adc1
open_cash = open 1ere barre cash,2026-06-25,0.0,9238adc1
open_cash = open 1ere barre cash,2026-06-26,0.0,9238adc1
open_cash = open 1ere barre cash,2026-06-29,0.0,944f7204
open_cash = open 1ere barre cash,2026-06-30,0.0,944f7204
open_cash = open 1ere barre cash,2026-07-01,0.0,944f7204
open_cash = open 1ere barre cash,2026-07-02,0.0,944f7204
open_cash = open 1ere barre cash,2026-07-03,0.0,0658f3c8
open_cash = open 1ere barre cash,2026-07-06,0.0,13efb186
open_cash = open 1ere barre cash,2026-07-07,0.0,13efb186
open_cash = open 1ere barre cash,2026-07-08,0.0,13efb186
open_cash = open 1ere barre cash,2026-07-09,0.0,13efb186
open_cash = open 1ere barre cash,2026-07-10,0.0,13efb186
open_cash = open 1ere barre cash,2026-07-13,0.0,13efb186
open_cash = open 1ere barre cash,2026-07-14,0.0,13efb186
open_cash = open 1ere barre cash,2026-07-15,0.0,13efb186
open_cash = open 1ere barre cash,2026-07-16,0.0,13efb186
open_cash = open 1ere barre cash,2026-07-17,0.0,f6003b62
open_cash = open 1ere barre cash,2026-07-20,0.0,f6003b62
open_cash = open 1ere barre cash,2026-07-21,0.0,f6003b62
open_cash = open 1ere barre cash,2026-07-22,0.0,ed53e566
open_cash = open 1ere barre cash,2026-07-23,0.0,ed53e566
open_cash = open 1ere barre cash,2026-07-24,0.0,ed53e566
open_cash = open 1ere barre cash,2026-07-27,0.0,4981d53a
open_cash = open 1ere barre cash,2026-07-28,0.0,4981d53a
open_cash = open 1ere barre cash,2026-07-29,0.0,4981d53a
open_cash = open 1ere barre cash,2026-07-30,0.0,4981d53a
open_cash = open 1ere barre cash,2026-07-31,0.0,4981d53a
open_cash = open 1ere barre cash,2026-08-03,0.0,e9f2b72b
open_cash = open 1ere barre cash,2026-08-04,0.0,1d20af93
open_cash = open 1ere barre cash,2026-08-05,0.0,0e82f56e
open_cash = open 1ere barre cash,2026-08-06,0.0,feec66f6
open_cash = open 1ere barre cash,2026-08-07,0.0,287627ed
open_cash = open 1ere barre cash,2026-08-10,0.0,78177655
open_cash = open 1ere barre cash,2026-08-11,0.0,78177655
open_cash = open 1ere barre cash,2026-08-12,0.0,78177655
open_cash = open 1ere barre cash,2026-08-13,0.0,78177655
open_cash = open 1ere barre cash,2026-08-14,0.0,78177655
open_cash = open 1ere barre cash,2026-08-17,0.0,605df903
open_cash = open 1ere barre cash,2026-08-18,0.0,605df903
open_cash = open 1ere barre cash,2026-08-19,0.0,605df903
open_cash = open 1ere barre cash,2026-08-20,0.0,605df903
open_cash = open 1ere barre cash,2026-08-21,0.0,605df903
open_cash = open 1ere barre cash,2026-08-24,0.0,605df903
open_cash = open 1ere barre cash,2026-08-25,0.0,605df903
open_cash = open 1ere barre cash,2026-08-26,0.0,605df903
open_cash = open 1ere barre cash,2026-08-27,0.0,605df903
open_cash = open 1ere barre cash,2026-08-28,0.0,605df903
open_cash = open 1ere barre cash,2026-08-31,0.0,605df903
open_cash = open 1ere barre cash,2026-09-01,0.0,605df903
open_cash = open 1ere barre cash,2026-09-02,0.0,605df903
open_cash = open 1ere barre cash,2026-09-03,0.0,605df903
open_cash = open 1ere barre cash,2026-09-04,0.0,605df903
dist_open_cash utilise open_cash (pas 1ere cloture),2026-06-11,1.0,c43dc080
dist_open_cash utilise open_cash (pas 1ere cloture),2026-06-12,1.0,3d61b74d
dist_open_cash utilise open_cash (pas 1ere cloture),2026-06-15,1.0,73ba58b9
dist_open_cash utilise open_cash (pas 1ere cloture),2026-06-16,1.0,e7199bc7
dist_open_cash utilise open_cash (pas 1ere cloture),2026-06-17,1.0,e7199bc7
dist_open_cash utilise open_cash (pas 1ere cloture),2026-06-18,1.0,e7199bc7
dist_open_cash utilise open_cash (pas 1ere cloture),2026-06-19,1.0,9238adc1
dist_open_cash utilise open_cash (pas 1ere cloture),2026-06-22,1.0,9238adc1
dist_open_cash utilise open_cash (pas 1ere cloture),2026-06-23,1.0,9238adc1
dist_open_cash utilise open_cash (pas 1ere cloture),2026-06-25,1.0,9238adc1
dist_open_cash utilise open_cash (pas 1ere cloture),2026-06-26,1.0,9238adc1
dist_open_cash utilise open_cash (pas 1ere cloture),2026-06-29,1.0,944f7204
dist_open_cash utilise open_cash (pas 1ere cloture),2026-06-30,1.0,944f7204
dist_open_cash utilise open_cash (pas 1ere cloture),2026-07-01,1.0,944f7204
dist_open_cash utilise open_cash (pas 1ere cloture),2026-07-02,1.0,944f7204
dist_open_cash utilise open_cash (pas 1ere cloture),2026-07-03,1.0,0658f3c8
dist_open_cash utilise open_cash (pas 1ere cloture),2026-07-06,1.0,13efb186
dist_open_cash utilise open_cash (pas 1ere cloture),2026-07-07,1.0,13efb186
dist_open_cash utilise open_cash (pas 1ere cloture),2026-07-08,0.0,13efb186
dist_open_cash utilise open_cash (pas 1ere cloture),2026-07-09,1.0,13efb186
dist_open_cash utilise open_cash (pas 1ere cloture),2026-07-10,1.0,13efb186
dist_open_cash utilise open_cash (pas 1ere cloture),2026-07-13,1.0,13efb186
dist_open_cash utilise open_cash (pas 1ere cloture),2026-07-14,1.0,13efb186
dist_open_cash utilise open_cash (pas 1ere cloture),2026-07-15,1.0,13efb186
dist_open_cash utilise open_cash (pas 1ere cloture),2026-07-16,1.0,13efb186
dist_open_cash utilise open_cash (pas 1ere cloture),2026-07-17,1.0,f6003b62
dist_open_cash utilise open_cash (pas 1ere cloture),2026-07-20,1.0,f6003b62
dist_open_cash utilise open_cash (pas 1ere cloture),2026-07-21,1.0,f6003b62
dist_open_cash utilise open_cash (pas 1ere cloture),2026-07-22,1.0,ed53e566
dist_open_cash utilise open_cash (pas 1ere cloture),2026-07-23,1.0,ed53e566
dist_open_cash utilise open_cash (pas 1ere cloture),2026-07-24,1.0,ed53e566
dist_open_cash utilise open_cash (pas 1ere cloture),2026-07-27,1.0,4981d53a
dist_open_cash utilise open_cash (pas 1ere cloture),2026-07-28,1.0,4981d53a
dist_open_cash utilise open_cash (pas 1ere cloture),2026-07-29,1.0,4981d53a
dist_open_cash utilise open_cash (pas 1ere cloture),2026-07-30,1.0,4981d53a
dist_open_cash utilise open_cash (pas 1ere cloture),2026-07-31,1.0,4981d53a
dist_open_cash utilise open_cash (pas 1ere cloture),2026-08-03,1.0,e9f2b72b
dist_open_cash utilise open_cash (pas 1ere cloture),2026-08-04,1.0,1d20af93
dist_open_cash utilise open_cash (pas 1ere cloture),2026-08-05,1.0,0e82f56e
dist_open_cash utilise open_cash (pas 1ere cloture),2026-08-06,0.0,feec66f6
dist_open_cash utilise open_cash (pas 1ere cloture),2026-08-07,0.0,287627ed
dist_open_cash utilise open_cash (pas 1ere cloture),2026-08-10,1.0,78177655
dist_open_cash utilise open_cash (pas 1ere cloture),2026-08-11,1.0,78177655
dist_open_cash utilise open_cash (pas 1ere cloture),2026-08-12,1.0,78177655
dist_open_cash utilise open_cash (pas 1ere cloture),2026-08-13,1.0,78177655
dist_open_cash utilise open_cash (pas 1ere cloture),2026-08-14,1.0,78177655
dist_open_cash utilise open_cash (pas 1ere cloture),2026-08-17,1.0,605df903
dist_open_cash utilise open_cash (pas 1ere cloture),2026-08-18,1.0,605df903
dist_open_cash utilise open_cash (pas 1ere cloture),2026-08-19,0.0,605df903
dist_open_cash utilise open_cash (pas 1ere cloture),2026-08-20,0.0,605df903
dist_open_cash utilise open_cash (pas 1ere cloture),2026-08-21,1.0,605df903
dist_open_cash utilise open_cash (pas 1ere cloture),2026-08-24,1.0,605df903
dist_open_cash utilise open_cash (pas 1ere cloture),2026-08-25,1.0,605df903
dist_open_cash utilise open_cash (pas 1ere cloture),2026-08-26,1.0,605df903
dist_open_cash utilise open_cash (pas 1ere cloture),2026-08-27,1.0,605df903
dist_open_cash utilise open_cash (pas 1ere cloture),2026-08-28,1.0,605df903
dist_open_cash utilise open_cash (pas 1ere cloture),2026-08-31,1.0,605df903
dist_open_cash utilise open_cash (pas 1ere cloture),2026-09-01,1.0,605df903
dist_open_cash utilise open_cash (pas 1ere cloture),2026-09-02,1.0,605df903
dist_open_cash utilise open_cash (pas 1ere cloture),2026-09-03,1.0,605df903
dist_open_cash utilise open_cash (pas 1ere cloture),2026-09-04,1.0,605df903
dist_open_cash = (close_1ere_barre - close)/tick,2026-06-11,0.0,c43dc080
dist_open_cash = (close_1ere_barre - close)/tick,2026-06-12,0.3051,3d61b74d
dist_open_cash = (close_1ere_barre - close)/tick,2026-06-15,0.0,73ba58b9
dist_open_cash = (close_1ere_barre - close)/tick,2026-06-16,0.0,e7199bc7
dist_open_cash = (close_1ere_barre - close)/tick,2026-06-17,0.0,e7199bc7
dist_open_cash = (close_1ere_barre - close)/tick,2026-06-18,0.0,e7199bc7
dist_open_cash = (close_1ere_barre - close)/tick,2026-06-19,0.0,9238adc1
dist_open_cash = (close_1ere_barre - close)/tick,2026-06-22,0.0,9238adc1
dist_open_cash = (close_1ere_barre - close)/tick,2026-06-23,0.0,9238adc1
dist_open_cash = (close_1ere_barre - close)/tick,2026-06-25,0.0,9238adc1
dist_open_cash = (close_1ere_barre - close)/tick,2026-06-26,0.0,9238adc1
dist_open_cash = (close_1ere_barre - close)/tick,2026-06-29,0.0,944f7204
dist_open_cash = (close_1ere_barre - close)/tick,2026-06-30,0.0,944f7204
dist_open_cash = (close_1ere_barre - close)/tick,2026-07-01,0.0,944f7204
dist_open_cash = (close_1ere_barre - close)/tick,2026-07-02,0.0,944f7204
dist_open_cash = (close_1ere_barre - close)/tick,2026-07-03,0.0,0658f3c8
dist_open_cash = (close_1ere_barre - close)/tick,2026-07-06,0.0,13efb186
dist_open_cash = (close_1ere_barre - close)/tick,2026-07-07,0.0,13efb186
dist_open_cash = (close_1ere_barre - close)/tick,2026-07-08,0.0,13efb186
dist_open_cash = (close_1ere_barre - close)/tick,2026-07-09,0.0,13efb186
dist_open_cash = (close_1ere_barre - close)/tick,2026-07-10,0.0,13efb186
dist_open_cash = (close_1ere_barre - close)/tick,2026-07-13,0.0,13efb186
dist_open_cash = (close_1ere_barre - close)/tick,2026-07-14,0.0,13efb186
dist_open_cash = (close_1ere_barre - close)/tick,2026-07-15,0.0,13efb186
dist_open_cash = (close_1ere_barre - close)/tick,2026-07-16,0.0,13efb186
dist_open_cash = (close_1ere_barre - close)/tick,2026-07-17,0.0,f6003b62
dist_open_cash = (close_1ere_barre - close)/tick,2026-07-20,0.0,f6003b62
dist_open_cash = (close_1ere_barre - close)/tick,2026-07-21,0.0,f6003b62
dist_open_cash = (close_1ere_barre - close)/tick,2026-07-22,0.0,ed53e566
dist_open_cash = (close_1ere_barre - close)/tick,2026-07-23,0.0,ed53e566
dist_open_cash = (close_1ere_barre - close)/tick,2026-07-24,0.0,ed53e566
dist_open_cash = (close_1ere_barre - close)/tick,2026-07-27,0.0,4981d53a
dist_open_cash = (close_1ere_barre - close)/tick,2026-07-28,0.0,4981d53a
dist_open_cash = (close_1ere_barre - close)/tick,2026-07-29,0.0,4981d53a
dist_open_cash = (close_1ere_barre - close)/tick,2026-07-30,0.0,4981d53a
dist_open_cash = (close_1ere_barre - close)/tick,2026-07-31,0.0,4981d53a
dist_open_cash = (close_1ere_barre - close)/tick,2026-08-03,0.0,e9f2b72b
dist_open_cash = (close_1ere_barre - close)/tick,2026-08-04,0.0,1d20af93
dist_open_cash = (close_1ere_barre - close)/tick,2026-08-05,0.0,0e82f56e
dist_open_cash = (close_1ere_barre - close)/tick,2026-08-06,0.0,feec66f6
dist_open_cash = (close_1ere_barre - close)/tick,2026-08-07,0.0,287627ed
dist_open_cash = (close_1ere_barre - close)/tick,2026-08-10,0.0,78177655
dist_open_cash = (close_1ere_barre - close)/tick,2026-08-11,0.0,78177655
dist_open_cash = (close_1ere_barre - close)/tick,2026-08-12,0.0,78177655
dist_open_cash = (close_1ere_barre - close)/tick,2026-08-13,0.0,78177655
dist_open_cash = (close_1ere_barre - close)/tick,2026-08-14,0.0,78177655
dist_open_cash = (close_1ere_barre - close)/tick,2026-08-17,0.0,605df903
dist_open_cash = (close_1ere_barre - close)/tick,2026-08-18,0.0,605df903
dist_open_cash = (close_1ere_barre - close)/tick,2026-08-19,0.0,605df903
dist_open_cash = (close_1ere_barre - close)/tick,2026-08-20,0.0,605df903
dist_open_cash = (close_1ere_barre - close)/tick,2026-08-21,0.0,605df903
dist_open_cash = (close_1ere_barre - close)/tick,2026-08-24,0.0,605df903
dist_open_cash = (close_1ere_barre - close)/tick,2026-08-25,0.0,605df903
dist_open_cash = (close_1ere_barre - close)/tick,2026-08-26,0.0,605df903
dist_open_cash = (close_1ere_barre - close)/tick,2026-08-27,0.0,605df903
dist_open_cash = (close_1ere_barre - close)/tick,2026-08-28,0.0,605df903
dist_open_cash = (close_1ere_barre - close)/tick,2026-08-31,0.0,605df903
dist_open_cash = (close_1ere_barre - close)/tick,2026-09-01,0.0,605df903
dist_open_cash = (close_1ere_barre - close)/tick,2026-09-02,0.0,605df903
dist_open_cash = (close_1ere_barre - close)/tick,2026-09-03,0.0,605df903
dist_open_cash = (close_1ere_barre - close)/tick,2026-09-04,0.0,605df903
momentum_3b = close - close[-3] (pts),2026-06-10,0.9667,None
momentum_3b = close - close[-3] (pts),2026-06-11,0.9457,c43dc080
momentum_3b = close - close[-3] (pts),2026-06-12,0.9518,3d61b74d
momentum_3b = close - close[-3] (pts),2026-06-14,0.9333,73ba58b9
momentum_3b = close - close[-3] (pts),2026-06-15,0.9312,73ba58b9
momentum_3b = close - close[-3] (pts),2026-06-16,0.9196,e7199bc7
momentum_3b = close - close[-3] (pts),2026-06-17,0.9232,e7199bc7
momentum_3b = close - close[-3] (pts),2026-06-18,0.9442,e7199bc7
momentum_3b = close - close[-3] (pts),2026-06-19,0.9284,9238adc1
momentum_3b = close - close[-3] (pts),2026-06-21,0.925,9238adc1
momentum_3b = close - close[-3] (pts),2026-06-22,0.9304,9238adc1
momentum_3b = close - close[-3] (pts),2026-06-23,0.958,9238adc1
momentum_3b = close - close[-3] (pts),2026-06-24,0.9414,9238adc1
momentum_3b = close - close[-3] (pts),2026-06-25,0.9468,9238adc1
momentum_3b = close - close[-3] (pts),2026-06-26,0.9619,9238adc1
momentum_3b = close - close[-3] (pts),2026-06-28,0.9667,944f7204
momentum_3b = close - close[-3] (pts),2026-06-29,0.9478,944f7204
momentum_3b = close - close[-3] (pts),2026-06-30,0.9295,944f7204
momentum_3b = close - close[-3] (pts),2026-07-01,0.9203,944f7204
momentum_3b = close - close[-3] (pts),2026-07-02,0.9471,944f7204
momentum_3b = close - close[-3] (pts),2026-07-03,0.8882,0658f3c8
momentum_3b = close - close[-3] (pts),2026-07-05,0.9167,13efb186
momentum_3b = close - close[-3] (pts),2026-07-06,0.9188,13efb186
momentum_3b = close - close[-3] (pts),2026-07-07,0.9065,13efb186
momentum_3b = close - close[-3] (pts),2026-07-08,0.9464,13efb186
momentum_3b = close - close[-3] (pts),2026-07-09,0.9203,13efb186
momentum_3b = close - close[-3] (pts),2026-07-10,0.9032,13efb186
momentum_3b = close - close[-3] (pts),2026-07-12,0.9417,13efb186
momentum_3b = close - close[-3] (pts),2026-07-13,0.9377,13efb186
momentum_3b = close - close[-3] (pts),2026-07-14,0.9384,13efb186
momentum_3b = close - close[-3] (pts),2026-07-15,0.9174,13efb186
momentum_3b = close - close[-3] (pts),2026-07-16,0.9239,13efb186
momentum_3b = close - close[-3] (pts),2026-07-17,0.9619,f6003b62
momentum_3b = close - close[-3] (pts),2026-07-19,0.9833,f6003b62
momentum_3b = close - close[-3] (pts),2026-07-20,0.9457,f6003b62
momentum_3b = close - close[-3] (pts),2026-07-21,0.9094,f6003b62
momentum_3b = close - close[-3] (pts),2026-07-22,0.929,ed53e566
momentum_3b = close - close[-3] (pts),2026-07-23,0.9529,ed53e566
momentum_3b = close - close[-3] (pts),2026-07-24,0.946,ed53e566
momentum_3b = close - close[-3] (pts),2026-07-26,0.9583,4981d53a
momentum_3b = close - close[-3] (pts),2026-07-27,0.9094,4981d53a
momentum_3b = close - close[-3] (pts),2026-07-28,0.9522,4981d53a
momentum_3b = close - close[-3] (pts),2026-07-29,0.9514,4981d53a
momentum_3b = close - close[-3] (pts),2026-07-30,0.9413,4981d53a
momentum_3b = close - close[-3] (pts),2026-07-31,0.9254,4981d53a
momentum_3b = close - close[-3] (pts),2026-08-02,0.9083,e9f2b72b
momentum_3b = close - close[-3] (pts),2026-08-03,0.8875,e9f2b72b
momentum_3b = close - close[-3] (pts),2026-08-04,0.908,1d20af93
momentum_3b = close - close[-3] (pts),2026-08-05,0.9145,0e82f56e
momentum_3b = close - close[-3] (pts),2026-08-06,0.9297,feec66f6
momentum_3b = close - close[-3] (pts),2026-08-07,0.9135,287627ed
momentum_3b = close - close[-3] (pts),2026-08-09,0.8235,43f2daf5
momentum_3b = close - close[-3] (pts),2026-08-10,0.8797,78177655
momentum_3b = close - close[-3] (pts),2026-08-11,0.8774,78177655
momentum_3b = close - close[-3] (pts),2026-08-12,0.8739,78177655
momentum_3b = close - close[-3] (pts),2026-08-13,0.8667,78177655
momentum_3b = close - close[-3] (pts),2026-08-14,0.846,78177655
momentum_3b = close - close[-3] (pts),2026-08-16,0.7917,605df903
momentum_3b = close - close[-3] (pts),2026-08-17,0.8535,605df903
momentum_3b = close - close[-3] (pts),2026-08-18,0.9109,605df903
momentum_3b = close - close[-3] (pts),2026-08-19,0.9101,605df903
momentum_3b = close - close[-3] (pts),2026-08-20,0.9196,605df903
momentum_3b = close - close[-3] (pts),2026-08-21,0.8984,605df903
momentum_3b = close - close[-3] (pts),2026-08-23,0.7833,605df903
momentum_3b = close - close[-3] (pts),2026-08-24,0.9087,605df903
momentum_3b = close - close[-3] (pts),2026-08-25,0.9065,605df903
momentum_3b = close - close[-3] (pts),2026-08-26,0.9174,605df903
momentum_3b = close - close[-3] (pts),2026-08-27,0.9036,605df903
momentum_3b = close - close[-3] (pts),2026-08-28,0.9024,605df903
momentum_3b = close - close[-3] (pts),2026-08-30,0.8833,605df903
momentum_3b = close - close[-3] (pts),2026-08-31,0.8986,605df903
momentum_3b = close - close[-3] (pts),2026-09-01,0.9094,605df903
momentum_3b = close - close[-3] (pts),2026-09-02,0.9071,605df903
momentum_3b = close - close[-3] (pts),2026-09-03,0.9094,605df903
momentum_3b = close - close[-3] (pts),2026-09-04,0.8393,605df903
momentum_5b = close - close[-5] (pts),2026-06-10,0.9642,None
momentum_5b = close - close[-5] (pts),2026-06-11,0.9638,c43dc080
momentum_5b = close - close[-5] (pts),2026-06-12,0.9582,3d61b74d
momentum_5b = close - close[-5] (pts),2026-06-14,0.9417,73ba58b9
momentum_5b = close - close[-5] (pts),2026-06-15,0.9304,73ba58b9
momentum_5b = close - close[-5] (pts),2026-06-16,0.9377,e7199bc7
momentum_5b = close - close[-5] (pts),2026-06-17,0.9413,e7199bc7
momentum_5b = close - close[-5] (pts),2026-06-18,0.9464,e7199bc7
momentum_5b = close - close[-5] (pts),2026-06-19,0.9421,9238adc1
momentum_5b = close - close[-5] (pts),2026-06-21,0.9333,9238adc1
momentum_5b = close - close[-5] (pts),2026-06-22,0.95,9238adc1
momentum_5b = close - close[-5] (pts),2026-06-23,0.9717,9238adc1
momentum_5b = close - close[-5] (pts),2026-06-24,0.9736,9238adc1
momentum_5b = close - close[-5] (pts),2026-06-25,0.9513,9238adc1
momentum_5b = close - close[-5] (pts),2026-06-26,0.9738,9238adc1
momentum_5b = close - close[-5] (pts),2026-06-28,0.925,944f7204
momentum_5b = close - close[-5] (pts),2026-06-29,0.9529,944f7204
momentum_5b = close - close[-5] (pts),2026-06-30,0.9304,944f7204
momentum_5b = close - close[-5] (pts),2026-07-01,0.9283,944f7204
momentum_5b = close - close[-5] (pts),2026-07-02,0.9601,944f7204
momentum_5b = close - close[-5] (pts),2026-07-03,0.9078,0658f3c8
momentum_5b = close - close[-5] (pts),2026-07-05,0.925,13efb186
momentum_5b = close - close[-5] (pts),2026-07-06,0.9384,13efb186
momentum_5b = close - close[-5] (pts),2026-07-07,0.9159,13efb186
momentum_5b = close - close[-5] (pts),2026-07-08,0.9536,13efb186
momentum_5b = close - close[-5] (pts),2026-07-09,0.9428,13efb186
momentum_5b = close - close[-5] (pts),2026-07-10,0.9222,13efb186
momentum_5b = close - close[-5] (pts),2026-07-12,0.9333,13efb186
momentum_5b = close - close[-5] (pts),2026-07-13,0.9384,13efb186
momentum_5b = close - close[-5] (pts),2026-07-14,0.9522,13efb186
momentum_5b = close - close[-5] (pts),2026-07-15,0.9254,13efb186
momentum_5b = close - close[-5] (pts),2026-07-16,0.9536,13efb186
momentum_5b = close - close[-5] (pts),2026-07-17,0.9571,f6003b62
momentum_5b = close - close[-5] (pts),2026-07-19,0.975,f6003b62
momentum_5b = close - close[-5] (pts),2026-07-20,0.9551,f6003b62
momentum_5b = close - close[-5] (pts),2026-07-21,0.9239,f6003b62
momentum_5b = close - close[-5] (pts),2026-07-22,0.9355,ed53e566
momentum_5b = close - close[-5] (pts),2026-07-23,0.9594,ed53e566
momentum_5b = close - close[-5] (pts),2026-07-24,0.9524,ed53e566
momentum_5b = close - close[-5] (pts),2026-07-26,0.95,4981d53a
momentum_5b = close - close[-5] (pts),2026-07-27,0.9413,4981d53a
momentum_5b = close - close[-5] (pts),2026-07-28,0.9623,4981d53a
momentum_5b = close - close[-5] (pts),2026-07-29,0.9543,4981d53a
momentum_5b = close - close[-5] (pts),2026-07-30,0.9529,4981d53a
momentum_5b = close - close[-5] (pts),2026-07-31,0.9452,4981d53a
momentum_5b = close - close[-5] (pts),2026-08-02,0.925,e9f2b72b
momentum_5b = close - close[-5] (pts),2026-08-03,0.9271,e9f2b72b
momentum_5b = close - close[-5] (pts),2026-08-04,0.9297,1d20af93
momentum_5b = close - close[-5] (pts),2026-08-05,0.921,0e82f56e
momentum_5b = close - close[-5] (pts),2026-08-06,0.9217,feec66f6
momentum_5b = close - close[-5] (pts),2026-08-07,0.9198,287627ed
momentum_5b = close - close[-5] (pts),2026-08-09,0.8898,43f2daf5
momentum_5b = close - close[-5] (pts),2026-08-10,0.9022,78177655
momentum_5b = close - close[-5] (pts),2026-08-11,0.9188,78177655
momentum_5b = close - close[-5] (pts),2026-08-12,0.8848,78177655
momentum_5b = close - close[-5] (pts),2026-08-13,0.8884,78177655
momentum_5b = close - close[-5] (pts),2026-08-14,0.8738,78177655
momentum_5b = close - close[-5] (pts),2026-08-16,0.85,605df903
momentum_5b = close - close[-5] (pts),2026-08-17,0.8637,605df903
momentum_5b = close - close[-5] (pts),2026-08-18,0.9109,605df903
momentum_5b = close - close[-5] (pts),2026-08-19,0.9174,605df903
momentum_5b = close - close[-5] (pts),2026-08-20,0.9384,605df903
momentum_5b = close - close[-5] (pts),2026-08-21,0.9143,605df903
momentum_5b = close - close[-5] (pts),2026-08-23,0.8083,605df903
momentum_5b = close - close[-5] (pts),2026-08-24,0.9123,605df903
momentum_5b = close - close[-5] (pts),2026-08-25,0.9232,605df903
momentum_5b = close - close[-5] (pts),2026-08-26,0.9283,605df903
momentum_5b = close - close[-5] (pts),2026-08-27,0.9123,605df903
momentum_5b = close - close[-5] (pts),2026-08-28,0.9143,605df903
momentum_5b = close - close[-5] (pts),2026-08-30,0.9417,605df903
momentum_5b = close - close[-5] (pts),2026-08-31,0.921,605df903
momentum_5b = close - close[-5] (pts),2026-09-01,0.9297,605df903
momentum_5b = close - close[-5] (pts),2026-09-02,0.9289,605df903
momentum_5b = close - close[-5] (pts),2026-09-03,0.9231,605df903
momentum_5b = close - close[-5] (pts),2026-09-04,0.8731,605df903
momentum_3b en ticks ?,2026-06-10,0.9549,None
momentum_3b en ticks ?,2026-06-11,0.9181,c43dc080
momentum_3b en ticks ?,2026-06-12,0.9092,3d61b74d
momentum_3b en ticks ?,2026-06-14,0.875,73ba58b9
momentum_3b en ticks ?,2026-06-15,0.8275,73ba58b9
momentum_3b en ticks ?,2026-06-16,0.8442,e7199bc7
momentum_3b en ticks ?,2026-06-17,0.8435,e7199bc7
momentum_3b en ticks ?,2026-06-18,0.8804,e7199bc7
momentum_3b en ticks ?,2026-06-19,0.8312,9238adc1
momentum_3b en ticks ?,2026-06-21,0.8167,9238adc1
momentum_3b en ticks ?,2026-06-22,0.871,9238adc1
momentum_3b en ticks ?,2026-06-23,0.9283,9238adc1
momentum_3b en ticks ?,2026-06-24,0.896,9238adc1
momentum_3b en ticks ?,2026-06-25,0.8756,9238adc1
momentum_3b en ticks ?,2026-06-26,0.9294,9238adc1
momentum_3b en ticks ?,2026-06-28,0.825,944f7204
momentum_3b en ticks ?,2026-06-29,0.8732,944f7204
momentum_3b en ticks ?,2026-06-30,0.8526,944f7204
momentum_3b en ticks ?,2026-07-01,0.8312,944f7204
momentum_3b en ticks ?,2026-07-02,0.9007,944f7204
momentum_3b en ticks ?,2026-07-03,0.7676,0658f3c8
momentum_3b en ticks ?,2026-07-05,0.825,13efb186
momentum_3b en ticks ?,2026-07-06,0.8275,13efb186
momentum_3b en ticks ?,2026-07-07,0.8029,13efb186
momentum_3b en ticks ?,2026-07-08,0.8935,13efb186
momentum_3b en ticks ?,2026-07-09,0.8536,13efb186
momentum_3b en ticks ?,2026-07-10,0.8,13efb186
momentum_3b en ticks ?,2026-07-12,0.8583,13efb186
momentum_3b en ticks ?,2026-07-13,0.8536,13efb186
momentum_3b en ticks ?,2026-07-14,0.8877,13efb186
momentum_3b en ticks ?,2026-07-15,0.829,13efb186
momentum_3b en ticks ?,2026-07-16,0.8775,13efb186
momentum_3b en ticks ?,2026-07-17,0.8905,f6003b62
momentum_3b en ticks ?,2026-07-19,0.9,f6003b62
momentum_3b en ticks ?,2026-07-20,0.8783,f6003b62
momentum_3b en ticks ?,2026-07-21,0.8123,f6003b62
momentum_3b en ticks ?,2026-07-22,0.8529,ed53e566
momentum_3b en ticks ?,2026-07-23,0.8964,ed53e566
momentum_3b en ticks ?,2026-07-24,0.8762,ed53e566
momentum_3b en ticks ?,2026-07-26,0.9,4981d53a
momentum_3b en ticks ?,2026-07-27,0.8565,4981d53a
momentum_3b en ticks ?,2026-07-28,0.8957,4981d53a
momentum_3b en ticks ?,2026-07-29,0.9065,4981d53a
momentum_3b en ticks ?,2026-07-30,0.887,4981d53a
momentum_3b en ticks ?,2026-07-31,0.8762,4981d53a
momentum_3b en ticks ?,2026-08-02,0.875,e9f2b72b
momentum_3b en ticks ?,2026-08-03,0.8296,e9f2b72b
momentum_3b en ticks ?,2026-08-04,0.8319,1d20af93
momentum_3b en ticks ?,2026-08-05,0.8094,0e82f56e
momentum_3b en ticks ?,2026-08-06,0.8399,feec66f6
momentum_3b en ticks ?,2026-08-07,0.8214,287627ed
momentum_3b en ticks ?,2026-08-09,0.7899,43f2daf5
momentum_3b en ticks ?,2026-08-10,0.787,78177655
momentum_3b en ticks ?,2026-08-11,0.797,78177655
momentum_3b en ticks ?,2026-08-12,0.7428,78177655
momentum_3b en ticks ?,2026-08-13,0.7283,78177655
momentum_3b en ticks ?,2026-08-14,0.6849,78177655
momentum_3b en ticks ?,2026-08-16,0.4667,605df903
momentum_3b en ticks ?,2026-08-17,0.6911,605df903
momentum_3b en ticks ?,2026-08-18,0.787,605df903
momentum_3b en ticks ?,2026-08-19,0.8384,605df903
momentum_3b en ticks ?,2026-08-20,0.8413,605df903
momentum_3b en ticks ?,2026-08-21,0.8151,605df903
momentum_3b en ticks ?,2026-08-23,0.65,605df903
momentum_3b en ticks ?,2026-08-24,0.813,605df903
momentum_3b en ticks ?,2026-08-25,0.8094,605df903
momentum_3b en ticks ?,2026-08-26,0.8399,605df903
momentum_3b en ticks ?,2026-08-27,0.8109,605df903
momentum_3b en ticks ?,2026-08-28,0.7984,605df903
momentum_3b en ticks ?,2026-08-30,0.8417,605df903
momentum_3b en ticks ?,2026-08-31,0.7841,605df903
momentum_3b en ticks ?,2026-09-01,0.8254,605df903
momentum_3b en ticks ?,2026-09-02,0.8273,605df903
momentum_3b en ticks ?,2026-09-03,0.8049,605df903
momentum_3b en ticks ?,2026-09-04,0.7113,605df903
ctx_delta_sum_3 = somme delta 3 barres,2026-06-10,0.0,None
ctx_delta_sum_3 = somme delta 3 barres,2026-06-11,0.0,c43dc080
ctx_delta_sum_3 = somme delta 3 barres,2026-06-12,0.2054,3d61b74d
ctx_delta_sum_3 = somme delta 3 barres,2026-06-14,0.0,73ba58b9
ctx_delta_sum_3 = somme delta 3 barres,2026-06-15,0.0015,73ba58b9
ctx_delta_sum_3 = somme delta 3 barres,2026-06-16,0.0,e7199bc7
ctx_delta_sum_3 = somme delta 3 barres,2026-06-17,0.0,e7199bc7
ctx_delta_sum_3 = somme delta 3 barres,2026-06-18,0.0,e7199bc7
ctx_delta_sum_3 = somme delta 3 barres,2026-06-19,0.0,9238adc1
ctx_delta_sum_3 = somme delta 3 barres,2026-06-21,0.0,9238adc1
ctx_delta_sum_3 = somme delta 3 barres,2026-06-22,0.0,9238adc1
ctx_delta_sum_3 = somme delta 3 barres,2026-06-23,0.0,9238adc1
ctx_delta_sum_3 = somme delta 3 barres,2026-06-24,0.0,9238adc1
ctx_delta_sum_3 = somme delta 3 barres,2026-06-25,0.0018,9238adc1
ctx_delta_sum_3 = somme delta 3 barres,2026-06-26,0.0016,9238adc1
ctx_delta_sum_3 = somme delta 3 barres,2026-06-28,0.0,944f7204
ctx_delta_sum_3 = somme delta 3 barres,2026-06-29,0.0,944f7204
ctx_delta_sum_3 = somme delta 3 barres,2026-06-30,0.0,944f7204
ctx_delta_sum_3 = somme delta 3 barres,2026-07-01,0.0015,944f7204
ctx_delta_sum_3 = somme delta 3 barres,2026-07-02,0.0,944f7204
ctx_delta_sum_3 = somme delta 3 barres,2026-07-03,0.0,0658f3c8
ctx_delta_sum_3 = somme delta 3 barres,2026-07-05,0.0,13efb186
ctx_delta_sum_3 = somme delta 3 barres,2026-07-06,0.0,13efb186
ctx_delta_sum_3 = somme delta 3 barres,2026-07-07,0.0,13efb186
ctx_delta_sum_3 = somme delta 3 barres,2026-07-08,0.0,13efb186
ctx_delta_sum_3 = somme delta 3 barres,2026-07-09,0.0,13efb186
ctx_delta_sum_3 = somme delta 3 barres,2026-07-10,0.0,13efb186
ctx_delta_sum_3 = somme delta 3 barres,2026-07-12,0.0,13efb186
ctx_delta_sum_3 = somme delta 3 barres,2026-07-13,0.0,13efb186
ctx_delta_sum_3 = somme delta 3 barres,2026-07-14,0.0,13efb186
ctx_delta_sum_3 = somme delta 3 barres,2026-07-15,0.0,13efb186
ctx_delta_sum_3 = somme delta 3 barres,2026-07-16,0.0,13efb186
ctx_delta_sum_3 = somme delta 3 barres,2026-07-17,0.0,f6003b62
ctx_delta_sum_3 = somme delta 3 barres,2026-07-19,0.0,f6003b62
ctx_delta_sum_3 = somme delta 3 barres,2026-07-20,0.0,f6003b62
ctx_delta_sum_3 = somme delta 3 barres,2026-07-21,0.0,f6003b62
ctx_delta_sum_3 = somme delta 3 barres,2026-07-22,0.0,ed53e566
ctx_delta_sum_3 = somme delta 3 barres,2026-07-23,0.0,ed53e566
ctx_delta_sum_3 = somme delta 3 barres,2026-07-24,0.0,ed53e566
ctx_delta_sum_3 = somme delta 3 barres,2026-07-26,0.0,4981d53a
ctx_delta_sum_3 = somme delta 3 barres,2026-07-27,0.0,4981d53a
ctx_delta_sum_3 = somme delta 3 barres,2026-07-28,0.0,4981d53a
ctx_delta_sum_3 = somme delta 3 barres,2026-07-29,0.0,4981d53a
ctx_delta_sum_3 = somme delta 3 barres,2026-07-30,0.0,4981d53a
ctx_delta_sum_3 = somme delta 3 barres,2026-07-31,0.0024,4981d53a
ctx_delta_sum_3 = somme delta 3 barres,2026-08-02,0.0,e9f2b72b
ctx_delta_sum_3 = somme delta 3 barres,2026-08-03,0.0,e9f2b72b
ctx_delta_sum_3 = somme delta 3 barres,2026-08-04,0.0,1d20af93
ctx_delta_sum_3 = somme delta 3 barres,2026-08-05,0.0044,0e82f56e
ctx_delta_sum_3 = somme delta 3 barres,2026-08-06,0.0,feec66f6
ctx_delta_sum_3 = somme delta 3 barres,2026-08-07,0.0,287627ed
ctx_delta_sum_3 = somme delta 3 barres,2026-08-09,0.0087,43f2daf5
ctx_delta_sum_3 = somme delta 3 barres,2026-08-10,0.0015,78177655
ctx_delta_sum_3 = somme delta 3 barres,2026-08-11,0.0,78177655
ctx_delta_sum_3 = somme delta 3 barres,2026-08-12,0.0,78177655
ctx_delta_sum_3 = somme delta 3 barres,2026-08-13,0.0,78177655
ctx_delta_sum_3 = somme delta 3 barres,2026-08-14,0.0,78177655
ctx_delta_sum_3 = somme delta 3 barres,2026-08-16,0.0,605df903
ctx_delta_sum_3 = somme delta 3 barres,2026-08-17,0.0,605df903
ctx_delta_sum_3 = somme delta 3 barres,2026-08-18,0.0,605df903
ctx_delta_sum_3 = somme delta 3 barres,2026-08-19,0.0,605df903
ctx_delta_sum_3 = somme delta 3 barres,2026-08-20,0.0,605df903
ctx_delta_sum_3 = somme delta 3 barres,2026-08-21,0.0,605df903
ctx_delta_sum_3 = somme delta 3 barres,2026-08-23,0.0,605df903
ctx_delta_sum_3 = somme delta 3 barres,2026-08-24,0.0,605df903
ctx_delta_sum_3 = somme delta 3 barres,2026-08-25,0.0,605df903
ctx_delta_sum_3 = somme delta 3 barres,2026-08-26,0.0,605df903
ctx_delta_sum_3 = somme delta 3 barres,2026-08-27,0.0,605df903
ctx_delta_sum_3 = somme delta 3 barres,2026-08-28,0.0,605df903
ctx_delta_sum_3 = somme delta 3 barres,2026-08-30,0.0,605df903
ctx_delta_sum_3 = somme delta 3 barres,2026-08-31,0.0,605df903
ctx_delta_sum_3 = somme delta 3 barres,2026-09-01,0.0,605df903
ctx_delta_sum_3 = somme delta 3 barres,2026-09-02,0.0,605df903
ctx_delta_sum_3 = somme delta 3 barres,2026-09-03,0.0,605df903
ctx_delta_sum_3 = somme delta 3 barres,2026-09-04,0.0,605df903
ctx_delta_sum_10 = somme delta 10 barres,2026-06-11,0.0321,c43dc080
ctx_delta_sum_10 = somme delta 10 barres,2026-06-12,0.4574,3d61b74d
ctx_delta_sum_10 = somme delta 10 barres,2026-06-14,0.0833,73ba58b9
ctx_delta_sum_10 = somme delta 10 barres,2026-06-15,0.0384,73ba58b9
ctx_delta_sum_10 = somme delta 10 barres,2026-06-16,0.0065,e7199bc7
ctx_delta_sum_10 = somme delta 10 barres,2026-06-17,0.0065,e7199bc7
ctx_delta_sum_10 = somme delta 10 barres,2026-06-18,0.013,e7199bc7
ctx_delta_sum_10 = somme delta 10 barres,2026-06-19,0.0,9238adc1
ctx_delta_sum_10 = somme delta 10 barres,2026-06-21,0.0833,9238adc1
ctx_delta_sum_10 = somme delta 10 barres,2026-06-22,0.0065,9238adc1
ctx_delta_sum_10 = somme delta 10 barres,2026-06-23,0.0065,9238adc1
ctx_delta_sum_10 = somme delta 10 barres,2026-06-24,0.0,9238adc1
ctx_delta_sum_10 = somme delta 10 barres,2026-06-25,0.0081,9238adc1
ctx_delta_sum_10 = somme delta 10 barres,2026-06-26,0.0143,9238adc1
ctx_delta_sum_10 = somme delta 10 barres,2026-06-28,0.0833,944f7204
ctx_delta_sum_10 = somme delta 10 barres,2026-06-29,0.0065,944f7204
ctx_delta_sum_10 = somme delta 10 barres,2026-06-30,0.0,944f7204
ctx_delta_sum_10 = somme delta 10 barres,2026-07-01,0.013,944f7204
ctx_delta_sum_10 = somme delta 10 barres,2026-07-02,0.0065,944f7204
ctx_delta_sum_10 = somme delta 10 barres,2026-07-03,0.0088,0658f3c8
ctx_delta_sum_10 = somme delta 10 barres,2026-07-05,0.0833,13efb186
ctx_delta_sum_10 = somme delta 10 barres,2026-07-06,0.0065,13efb186
ctx_delta_sum_10 = somme delta 10 barres,2026-07-07,0.0065,13efb186
ctx_delta_sum_10 = somme delta 10 barres,2026-07-08,0.0065,13efb186
ctx_delta_sum_10 = somme delta 10 barres,2026-07-09,0.0065,13efb186
ctx_delta_sum_10 = somme delta 10 barres,2026-07-10,0.0,13efb186
ctx_delta_sum_10 = somme delta 10 barres,2026-07-12,0.0833,13efb186
ctx_delta_sum_10 = somme delta 10 barres,2026-07-13,0.0065,13efb186
ctx_delta_sum_10 = somme delta 10 barres,2026-07-14,0.0058,13efb186
ctx_delta_sum_10 = somme delta 10 barres,2026-07-15,0.0058,13efb186
ctx_delta_sum_10 = somme delta 10 barres,2026-07-16,0.013,13efb186
ctx_delta_sum_10 = somme delta 10 barres,2026-07-17,0.0,f6003b62
ctx_delta_sum_10 = somme delta 10 barres,2026-07-19,0.0833,f6003b62
ctx_delta_sum_10 = somme delta 10 barres,2026-07-20,0.0058,f6003b62
ctx_delta_sum_10 = somme delta 10 barres,2026-07-21,0.0065,f6003b62
ctx_delta_sum_10 = somme delta 10 barres,2026-07-22,0.0065,ed53e566
ctx_delta_sum_10 = somme delta 10 barres,2026-07-23,0.0065,ed53e566
ctx_delta_sum_10 = somme delta 10 barres,2026-07-24,0.0,ed53e566
ctx_delta_sum_10 = somme delta 10 barres,2026-07-26,0.0833,4981d53a
ctx_delta_sum_10 = somme delta 10 barres,2026-07-27,0.0065,4981d53a
ctx_delta_sum_10 = somme delta 10 barres,2026-07-28,0.0065,4981d53a
ctx_delta_sum_10 = somme delta 10 barres,2026-07-29,0.0065,4981d53a
ctx_delta_sum_10 = somme delta 10 barres,2026-07-30,0.0065,4981d53a
ctx_delta_sum_10 = somme delta 10 barres,2026-07-31,0.0151,4981d53a
ctx_delta_sum_10 = somme delta 10 barres,2026-08-02,0.0833,e9f2b72b
ctx_delta_sum_10 = somme delta 10 barres,2026-08-03,0.0096,e9f2b72b
ctx_delta_sum_10 = somme delta 10 barres,2026-08-04,0.0065,1d20af93
ctx_delta_sum_10 = somme delta 10 barres,2026-08-05,0.0275,0e82f56e
ctx_delta_sum_10 = somme delta 10 barres,2026-08-06,0.0065,feec66f6
ctx_delta_sum_10 = somme delta 10 barres,2026-08-07,0.0071,287627ed
ctx_delta_sum_10 = somme delta 10 barres,2026-08-09,0.15,43f2daf5
ctx_delta_sum_10 = somme delta 10 barres,2026-08-10,0.0188,78177655
ctx_delta_sum_10 = somme delta 10 barres,2026-08-11,0.0058,78177655
ctx_delta_sum_10 = somme delta 10 barres,2026-08-12,0.0065,78177655
ctx_delta_sum_10 = somme delta 10 barres,2026-08-13,0.0065,78177655
ctx_delta_sum_10 = somme delta 10 barres,2026-08-14,0.0,78177655
ctx_delta_sum_10 = somme delta 10 barres,2026-08-16,0.0833,605df903
ctx_delta_sum_10 = somme delta 10 barres,2026-08-17,0.0065,605df903
ctx_delta_sum_10 = somme delta 10 barres,2026-08-18,0.0065,605df903
ctx_delta_sum_10 = somme delta 10 barres,2026-08-19,0.0065,605df903
ctx_delta_sum_10 = somme delta 10 barres,2026-08-20,0.0065,605df903
ctx_delta_sum_10 = somme delta 10 barres,2026-08-21,0.0,605df903
ctx_delta_sum_10 = somme delta 10 barres,2026-08-23,0.0833,605df903
ctx_delta_sum_10 = somme delta 10 barres,2026-08-24,0.0058,605df903
ctx_delta_sum_10 = somme delta 10 barres,2026-08-25,0.0065,605df903
ctx_delta_sum_10 = somme delta 10 barres,2026-08-26,0.0065,605df903
ctx_delta_sum_10 = somme delta 10 barres,2026-08-27,0.0065,605df903
ctx_delta_sum_10 = somme delta 10 barres,2026-08-28,0.0,605df903
ctx_delta_sum_10 = somme delta 10 barres,2026-08-30,0.0833,605df903
ctx_delta_sum_10 = somme delta 10 barres,2026-08-31,0.0065,605df903
ctx_delta_sum_10 = somme delta 10 barres,2026-09-01,0.0065,605df903
ctx_delta_sum_10 = somme delta 10 barres,2026-09-02,0.0065,605df903
ctx_delta_sum_10 = somme delta 10 barres,2026-09-03,0.0065,605df903
ctx_delta_sum_10 = somme delta 10 barres,2026-09-04,0.0,605df903
ctx_price_slope_5 = close - close[-5],2026-06-10,0.9267,None
ctx_price_slope_5 = close - close[-5],2026-06-11,0.86,c43dc080
ctx_price_slope_5 = close - close[-5],2026-06-12,0.8395,3d61b74d
ctx_price_slope_5 = close - close[-5],2026-06-14,0.8609,73ba58b9
ctx_price_slope_5 = close - close[-5],2026-06-15,0.7434,73ba58b9
ctx_price_slope_5 = close - close[-5],2026-06-16,0.7725,e7199bc7
ctx_price_slope_5 = close - close[-5],2026-06-17,0.7703,e7199bc7
ctx_price_slope_5 = close - close[-5],2026-06-18,0.812,e7199bc7
ctx_price_slope_5 = close - close[-5],2026-06-19,0.7556,9238adc1
ctx_price_slope_5 = close - close[-5],2026-06-21,0.8348,9238adc1
ctx_price_slope_5 = close - close[-5],2026-06-22,0.8052,9238adc1
ctx_price_slope_5 = close - close[-5],2026-06-23,0.8794,9238adc1
ctx_price_slope_5 = close - close[-5],2026-06-24,0.8228,9238adc1
ctx_price_slope_5 = close - close[-5],2026-06-25,0.8287,9238adc1
ctx_price_slope_5 = close - close[-5],2026-06-26,0.8877,9238adc1
ctx_price_slope_5 = close - close[-5],2026-06-28,0.7565,944f7204
ctx_price_slope_5 = close - close[-5],2026-06-29,0.8016,944f7204
ctx_price_slope_5 = close - close[-5],2026-06-30,0.7848,944f7204
ctx_price_slope_5 = close - close[-5],2026-07-01,0.758,944f7204
ctx_price_slope_5 = close - close[-5],2026-07-02,0.8459,944f7204
ctx_price_slope_5 = close - close[-5],2026-07-03,0.6565,0658f3c8
ctx_price_slope_5 = close - close[-5],2026-07-05,0.7391,13efb186
ctx_price_slope_5 = close - close[-5],2026-07-06,0.7616,13efb186
ctx_price_slope_5 = close - close[-5],2026-07-07,0.7609,13efb186
ctx_price_slope_5 = close - close[-5],2026-07-08,0.8292,13efb186
ctx_price_slope_5 = close - close[-5],2026-07-09,0.7711,13efb186
ctx_price_slope_5 = close - close[-5],2026-07-10,0.6857,13efb186
ctx_price_slope_5 = close - close[-5],2026-07-12,0.7478,13efb186
ctx_price_slope_5 = close - close[-5],2026-07-13,0.7878,13efb186
ctx_price_slope_5 = close - close[-5],2026-07-14,0.811,13efb186
ctx_price_slope_5 = close - close[-5],2026-07-15,0.7318,13efb186
ctx_price_slope_5 = close - close[-5],2026-07-16,0.8076,13efb186
ctx_price_slope_5 = close - close[-5],2026-07-17,0.8468,f6003b62
ctx_price_slope_5 = close - close[-5],2026-07-19,0.8,f6003b62
ctx_price_slope_5 = close - close[-5],2026-07-20,0.8052,f6003b62
ctx_price_slope_5 = close - close[-5],2026-07-21,0.7064,f6003b62
ctx_price_slope_5 = close - close[-5],2026-07-22,0.7791,ed53e566
ctx_price_slope_5 = close - close[-5],2026-07-23,0.8292,ed53e566
ctx_price_slope_5 = close - close[-5],2026-07-24,0.8135,ed53e566
ctx_price_slope_5 = close - close[-5],2026-07-26,0.8087,4981d53a
ctx_price_slope_5 = close - close[-5],2026-07-27,0.758,4981d53a
ctx_price_slope_5 = close - close[-5],2026-07-28,0.8423,4981d53a
ctx_price_slope_5 = close - close[-5],2026-07-29,0.8554,4981d53a
ctx_price_slope_5 = close - close[-5],2026-07-30,0.8365,4981d53a
ctx_price_slope_5 = close - close[-5],2026-07-31,0.8105,4981d53a
ctx_price_slope_5 = close - close[-5],2026-08-02,0.8174,e9f2b72b
ctx_price_slope_5 = close - close[-5],2026-08-03,0.7244,e9f2b72b
ctx_price_slope_5 = close - close[-5],2026-08-04,0.7391,1d20af93
ctx_price_slope_5 = close - close[-5],2026-08-05,0.75,0e82f56e
ctx_price_slope_5 = close - close[-5],2026-08-06,0.7594,feec66f6
ctx_price_slope_5 = close - close[-5],2026-08-07,0.7237,287627ed
ctx_price_slope_5 = close - close[-5],2026-08-09,0.6696,43f2daf5
ctx_price_slope_5 = close - close[-5],2026-08-10,0.6793,78177655
ctx_price_slope_5 = close - close[-5],2026-08-11,0.6647,78177655
ctx_price_slope_5 = close - close[-5],2026-08-12,0.6272,78177655
ctx_price_slope_5 = close - close[-5],2026-08-13,0.5865,78177655
ctx_price_slope_5 = close - close[-5],2026-08-14,0.5563,78177655
ctx_price_slope_5 = close - close[-5],2026-08-16,0.3826,605df903
ctx_price_slope_5 = close - close[-5],2026-08-17,0.56,605df903
ctx_price_slope_5 = close - close[-5],2026-08-18,0.7209,605df903
ctx_price_slope_5 = close - close[-5],2026-08-19,0.75,605df903
ctx_price_slope_5 = close - close[-5],2026-08-20,0.7653,605df903
ctx_price_slope_5 = close - close[-5],2026-08-21,0.7167,605df903
ctx_price_slope_5 = close - close[-5],2026-08-23,0.513,605df903
ctx_price_slope_5 = close - close[-5],2026-08-24,0.7209,605df903
ctx_price_slope_5 = close - close[-5],2026-08-25,0.6933,605df903
ctx_price_slope_5 = close - close[-5],2026-08-26,0.7217,605df903
ctx_price_slope_5 = close - close[-5],2026-08-27,0.7209,605df903
ctx_price_slope_5 = close - close[-5],2026-08-28,0.7111,605df903
ctx_price_slope_5 = close - close[-5],2026-08-30,0.8174,605df903
ctx_price_slope_5 = close - close[-5],2026-08-31,0.6904,605df903
ctx_price_slope_5 = close - close[-5],2026-09-01,0.7275,605df903
ctx_price_slope_5 = close - close[-5],2026-09-02,0.738,605df903
ctx_price_slope_5 = close - close[-5],2026-09-03,0.7011,605df903
ctx_price_slope_5 = close - close[-5],2026-09-04,0.5832,605df903
atr_14m_pct = atr_14m/close*100,2026-06-10,1.0,None
atr_14m_pct = atr_14m/close*100,2026-06-11,1.0,c43dc080
atr_14m_pct = atr_14m/close*100,2026-06-12,0.7454,3d61b74d
atr_14m_pct = atr_14m/close*100,2026-06-14,0.0,73ba58b9
atr_14m_pct = atr_14m/close*100,2026-06-15,0.9993,73ba58b9
atr_14m_pct = atr_14m/close*100,2026-06-16,1.0,e7199bc7
atr_14m_pct = atr_14m/close*100,2026-06-17,1.0,e7199bc7
atr_14m_pct = atr_14m/close*100,2026-06-18,1.0,e7199bc7
atr_14m_pct = atr_14m/close*100,2026-06-19,0.8224,9238adc1
atr_14m_pct = atr_14m/close*100,2026-06-21,1.0,9238adc1
atr_14m_pct = atr_14m/close*100,2026-06-22,1.0,9238adc1
atr_14m_pct = atr_14m/close*100,2026-06-23,1.0,9238adc1
atr_14m_pct = atr_14m/close*100,2026-06-24,1.0,9238adc1
atr_14m_pct = atr_14m/close*100,2026-06-25,1.0,9238adc1
atr_14m_pct = atr_14m/close*100,2026-06-26,1.0,9238adc1
atr_14m_pct = atr_14m/close*100,2026-06-28,1.0,944f7204
atr_14m_pct = atr_14m/close*100,2026-06-29,1.0,944f7204
atr_14m_pct = atr_14m/close*100,2026-06-30,1.0,944f7204
atr_14m_pct = atr_14m/close*100,2026-07-01,1.0,944f7204
atr_14m_pct = atr_14m/close*100,2026-07-02,1.0,944f7204
atr_14m_pct = atr_14m/close*100,2026-07-03,1.0,0658f3c8
atr_14m_pct = atr_14m/close*100,2026-07-05,1.0,13efb186
atr_14m_pct = atr_14m/close*100,2026-07-06,1.0,13efb186
atr_14m_pct = atr_14m/close*100,2026-07-07,1.0,13efb186
atr_14m_pct = atr_14m/close*100,2026-07-08,1.0,13efb186
atr_14m_pct = atr_14m/close*100,2026-07-09,1.0,13efb186
atr_14m_pct = atr_14m/close*100,2026-07-10,1.0,13efb186
atr_14m_pct = atr_14m/close*100,2026-07-12,1.0,13efb186
atr_14m_pct = atr_14m/close*100,2026-07-13,1.0,13efb186
atr_14m_pct = atr_14m/close*100,2026-07-14,1.0,13efb186
atr_14m_pct = atr_14m/close*100,2026-07-15,1.0,13efb186
atr_14m_pct = atr_14m/close*100,2026-07-16,1.0,13efb186
atr_14m_pct = atr_14m/close*100,2026-07-17,1.0,f6003b62
atr_14m_pct = atr_14m/close*100,2026-07-19,1.0,f6003b62
atr_14m_pct = atr_14m/close*100,2026-07-20,1.0,f6003b62
atr_14m_pct = atr_14m/close*100,2026-07-21,1.0,f6003b62
atr_14m_pct = atr_14m/close*100,2026-07-22,1.0,ed53e566
atr_14m_pct = atr_14m/close*100,2026-07-23,1.0,ed53e566
atr_14m_pct = atr_14m/close*100,2026-07-24,1.0,ed53e566
atr_14m_pct = atr_14m/close*100,2026-07-26,1.0,4981d53a
atr_14m_pct = atr_14m/close*100,2026-07-27,1.0,4981d53a
atr_14m_pct = atr_14m/close*100,2026-07-28,1.0,4981d53a
atr_14m_pct = atr_14m/close*100,2026-07-29,1.0,4981d53a
atr_14m_pct = atr_14m/close*100,2026-07-30,1.0,4981d53a
atr_14m_pct = atr_14m/close*100,2026-07-31,0.619,4981d53a
atr_14m_pct = atr_14m/close*100,2026-08-02,1.0,e9f2b72b
atr_14m_pct = atr_14m/close*100,2026-08-03,1.0,e9f2b72b
atr_14m_pct = atr_14m/close*100,2026-08-04,1.0,1d20af93
atr_14m_pct = atr_14m/close*100,2026-08-05,0.5514,0e82f56e
atr_14m_pct = atr_14m/close*100,2026-08-06,1.0,feec66f6
atr_14m_pct = atr_14m/close*100,2026-08-07,1.0,287627ed
atr_14m_pct = atr_14m/close*100,2026-08-09,0.0833,43f2daf5
atr_14m_pct = atr_14m/close*100,2026-08-10,0.6543,78177655
atr_14m_pct = atr_14m/close*100,2026-08-11,1.0,78177655
atr_14m_pct = atr_14m/close*100,2026-08-12,1.0,78177655
atr_14m_pct = atr_14m/close*100,2026-08-13,0.9942,78177655
atr_14m_pct = atr_14m/close*100,2026-08-14,0.9968,78177655
atr_14m_pct = atr_14m/close*100,2026-08-16,1.0,605df903
atr_14m_pct = atr_14m/close*100,2026-08-17,0.9985,605df903
atr_14m_pct = atr_14m/close*100,2026-08-18,1.0,605df903
atr_14m_pct = atr_14m/close*100,2026-08-19,1.0,605df903
atr_14m_pct = atr_14m/close*100,2026-08-20,1.0,605df903
atr_14m_pct = atr_14m/close*100,2026-08-21,1.0,605df903
atr_14m_pct = atr_14m/close*100,2026-08-23,1.0,605df903
atr_14m_pct = atr_14m/close*100,2026-08-24,1.0,605df903
atr_14m_pct = atr_14m/close*100,2026-08-25,0.9978,605df903
atr_14m_pct = atr_14m/close*100,2026-08-26,1.0,605df903
atr_14m_pct = atr_14m/close*100,2026-08-27,1.0,605df903
atr_14m_pct = atr_14m/close*100,2026-08-28,1.0,605df903
atr_14m_pct = atr_14m/close*100,2026-08-30,1.0,605df903
atr_14m_pct = atr_14m/close*100,2026-08-31,1.0,605df903
atr_14m_pct = atr_14m/close*100,2026-09-01,1.0,605df903
atr_14m_pct = atr_14m/close*100,2026-09-02,1.0,605df903
atr_14m_pct = atr_14m/close*100,2026-09-03,1.0,605df903
atr_14m_pct = atr_14m/close*100,2026-09-04,1.0,605df903
vol_per_sec = total_vol/bar_duration,2026-06-10,0.0,None
vol_per_sec = total_vol/bar_duration,2026-06-11,0.0,c43dc080
vol_per_sec = total_vol/bar_duration,2026-06-12,0.0,3d61b74d
vol_per_sec = total_vol/bar_duration,2026-06-14,0.0,73ba58b9
vol_per_sec = total_vol/bar_duration,2026-06-15,0.0,73ba58b9
vol_per_sec = total_vol/bar_duration,2026-06-16,0.0,e7199bc7
vol_per_sec = total_vol/bar_duration,2026-06-17,0.0,e7199bc7
vol_per_sec = total_vol/bar_duration,2026-06-18,0.0,e7199bc7
vol_per_sec = total_vol/bar_duration,2026-06-19,0.0,9238adc1
vol_per_sec = total_vol/bar_duration,2026-06-21,0.0,9238adc1
vol_per_sec = total_vol/bar_duration,2026-06-22,0.0,9238adc1
vol_per_sec = total_vol/bar_duration,2026-06-23,0.0,9238adc1
vol_per_sec = total_vol/bar_duration,2026-06-24,0.0,9238adc1
vol_per_sec = total_vol/bar_duration,2026-06-25,0.0,9238adc1
vol_per_sec = total_vol/bar_duration,2026-06-26,0.0,9238adc1
vol_per_sec = total_vol/bar_duration,2026-06-28,0.0,944f7204
vol_per_sec = total_vol/bar_duration,2026-06-29,0.0,944f7204
vol_per_sec = total_vol/bar_duration,2026-06-30,0.0,944f7204
vol_per_sec = total_vol/bar_duration,2026-07-01,0.0,944f7204
vol_per_sec = total_vol/bar_duration,2026-07-02,0.0,944f7204
vol_per_sec = total_vol/bar_duration,2026-07-03,0.0,0658f3c8
vol_per_sec = total_vol/bar_duration,2026-07-05,0.0,13efb186
vol_per_sec = total_vol/bar_duration,2026-07-06,0.0,13efb186
vol_per_sec = total_vol/bar_duration,2026-07-07,0.0,13efb186
vol_per_sec = total_vol/bar_duration,2026-07-08,0.0,13efb186
vol_per_sec = total_vol/bar_duration,2026-07-09,0.0,13efb186
vol_per_sec = total_vol/bar_duration,2026-07-10,0.0,13efb186
vol_per_sec = total_vol/bar_duration,2026-07-12,0.0,13efb186
vol_per_sec = total_vol/bar_duration,2026-07-13,0.0,13efb186
vol_per_sec = total_vol/bar_duration,2026-07-14,0.0,13efb186
vol_per_sec = total_vol/bar_duration,2026-07-15,0.0,13efb186
vol_per_sec = total_vol/bar_duration,2026-07-16,0.0,13efb186
vol_per_sec = total_vol/bar_duration,2026-07-17,0.0,f6003b62
vol_per_sec = total_vol/bar_duration,2026-07-19,0.0,f6003b62
vol_per_sec = total_vol/bar_duration,2026-07-20,0.0,f6003b62
vol_per_sec = total_vol/bar_duration,2026-07-21,0.0,f6003b62
vol_per_sec = total_vol/bar_duration,2026-07-22,0.0,ed53e566
vol_per_sec = total_vol/bar_duration,2026-07-23,0.0,ed53e566
vol_per_sec = total_vol/bar_duration,2026-07-24,0.0,ed53e566
vol_per_sec = total_vol/bar_duration,2026-07-26,0.0,4981d53a
vol_per_sec = total_vol/bar_duration,2026-07-27,0.0,4981d53a
vol_per_sec = total_vol/bar_duration,2026-07-28,0.0,4981d53a
vol_per_sec = total_vol/bar_duration,2026-07-29,0.0,4981d53a
vol_per_sec = total_vol/bar_duration,2026-07-30,0.0,4981d53a
vol_per_sec = total_vol/bar_duration,2026-07-31,0.0,4981d53a
vol_per_sec = total_vol/bar_duration,2026-08-02,0.0,e9f2b72b
vol_per_sec = total_vol/bar_duration,2026-08-03,0.0,e9f2b72b
vol_per_sec = total_vol/bar_duration,2026-08-04,0.0,1d20af93
vol_per_sec = total_vol/bar_duration,2026-08-05,0.0,0e82f56e
vol_per_sec = total_vol/bar_duration,2026-08-06,0.0,feec66f6
vol_per_sec = total_vol/bar_duration,2026-08-07,0.0,287627ed
vol_per_sec = total_vol/bar_duration,2026-08-09,0.0,43f2daf5
vol_per_sec = total_vol/bar_duration,2026-08-10,0.0,78177655
vol_per_sec = total_vol/bar_duration,2026-08-11,0.0,78177655
vol_per_sec = total_vol/bar_duration,2026-08-12,0.0,78177655
vol_per_sec = total_vol/bar_duration,2026-08-13,0.0,78177655
vol_per_sec = total_vol/bar_duration,2026-08-14,0.0,78177655
vol_per_sec = total_vol/bar_duration,2026-08-16,0.0,605df903
vol_per_sec = total_vol/bar_duration,2026-08-17,0.0,605df903
vol_per_sec = total_vol/bar_duration,2026-08-18,0.0,605df903
vol_per_sec = total_vol/bar_duration,2026-08-19,0.0,605df903
vol_per_sec = total_vol/bar_duration,2026-08-20,0.0,605df903
vol_per_sec = total_vol/bar_duration,2026-08-21,0.0,605df903
vol_per_sec = total_vol/bar_duration,2026-08-23,0.0,605df903
vol_per_sec = total_vol/bar_duration,2026-08-24,0.0,605df903
vol_per_sec = total_vol/bar_duration,2026-08-25,0.0,605df903
vol_per_sec = total_vol/bar_duration,2026-08-26,0.0,605df903
vol_per_sec = total_vol/bar_duration,2026-08-27,0.0,605df903
vol_per_sec = total_vol/bar_duration,2026-08-28,0.0,605df903
vol_per_sec = total_vol/bar_duration,2026-08-30,0.0,605df903
vol_per_sec = total_vol/bar_duration,2026-08-31,0.0,605df903
vol_per_sec = total_vol/bar_duration,2026-09-01,0.0,605df903
vol_per_sec = total_vol/bar_duration,2026-09-02,0.0,605df903
vol_per_sec = total_vol/bar_duration,2026-09-03,0.0,605df903
vol_per_sec = total_vol/bar_duration,2026-09-04,0.0,605df903
"finish_delta_pct dans [0,1]",2026-06-10,0.0,None
"finish_delta_pct dans [0,1]",2026-06-11,0.0,c43dc080
"finish_delta_pct dans [0,1]",2026-06-12,0.0,3d61b74d
"finish_delta_pct dans [0,1]",2026-06-14,0.0,73ba58b9
"finish_delta_pct dans [0,1]",2026-06-15,0.0,73ba58b9
"finish_delta_pct dans [0,1]",2026-06-16,0.0,e7199bc7
"finish_delta_pct dans [0,1]",2026-06-17,0.0,e7199bc7
"finish_delta_pct dans [0,1]",2026-06-18,0.0,e7199bc7
"finish_delta_pct dans [0,1]",2026-06-19,0.0,9238adc1
"finish_delta_pct dans [0,1]",2026-06-21,0.0,9238adc1
"finish_delta_pct dans [0,1]",2026-06-22,0.0,9238adc1
"finish_delta_pct dans [0,1]",2026-06-23,0.0,9238adc1
"finish_delta_pct dans [0,1]",2026-06-24,0.0,9238adc1
"finish_delta_pct dans [0,1]",2026-06-25,0.0,9238adc1
"finish_delta_pct dans [0,1]",2026-06-26,0.0,9238adc1
"finish_delta_pct dans [0,1]",2026-06-28,0.0,944f7204
"finish_delta_pct dans [0,1]",2026-06-29,0.0,944f7204
"finish_delta_pct dans [0,1]",2026-06-30,0.0,944f7204
"finish_delta_pct dans [0,1]",2026-07-01,0.0,944f7204
"finish_delta_pct dans [0,1]",2026-07-02,0.0,944f7204
"finish_delta_pct dans [0,1]",2026-07-03,0.0,0658f3c8
"finish_delta_pct dans [0,1]",2026-07-05,0.0,13efb186
"finish_delta_pct dans [0,1]",2026-07-06,0.0,13efb186
"finish_delta_pct dans [0,1]",2026-07-07,0.0,13efb186
"finish_delta_pct dans [0,1]",2026-07-08,0.0,13efb186
"finish_delta_pct dans [0,1]",2026-07-09,0.0,13efb186
"finish_delta_pct dans [0,1]",2026-07-10,0.0,13efb186
"finish_delta_pct dans [0,1]",2026-07-12,0.0,13efb186
"finish_delta_pct dans [0,1]",2026-07-13,0.0,13efb186
"finish_delta_pct dans [0,1]",2026-07-14,0.0,13efb186
"finish_delta_pct dans [0,1]",2026-07-15,0.0,13efb186
"finish_delta_pct dans [0,1]",2026-07-16,0.0,13efb186
"finish_delta_pct dans [0,1]",2026-07-17,0.0,f6003b62
"finish_delta_pct dans [0,1]",2026-07-19,0.0,f6003b62
"finish_delta_pct dans [0,1]",2026-07-20,0.0,f6003b62
"finish_delta_pct dans [0,1]",2026-07-21,0.0,f6003b62
"finish_delta_pct dans [0,1]",2026-07-22,0.0,ed53e566
"finish_delta_pct dans [0,1]",2026-07-23,0.0,ed53e566
"finish_delta_pct dans [0,1]",2026-07-24,0.0,ed53e566
"finish_delta_pct dans [0,1]",2026-07-26,0.0,4981d53a
"finish_delta_pct dans [0,1]",2026-07-27,0.0,4981d53a
"finish_delta_pct dans [0,1]",2026-07-28,0.0,4981d53a
"finish_delta_pct dans [0,1]",2026-07-29,0.0,4981d53a
"finish_delta_pct dans [0,1]",2026-07-30,0.0,4981d53a
"finish_delta_pct dans [0,1]",2026-07-31,0.0,4981d53a
"finish_delta_pct dans [0,1]",2026-08-02,0.0,e9f2b72b
"finish_delta_pct dans [0,1]",2026-08-03,0.0,e9f2b72b
"finish_delta_pct dans [0,1]",2026-08-04,0.0,1d20af93
"finish_delta_pct dans [0,1]",2026-08-05,0.0,0e82f56e
"finish_delta_pct dans [0,1]",2026-08-06,0.0,feec66f6
"finish_delta_pct dans [0,1]",2026-08-07,0.0,287627ed
"finish_delta_pct dans [0,1]",2026-08-09,0.0,43f2daf5
"finish_delta_pct dans [0,1]",2026-08-10,0.0,78177655
"finish_delta_pct dans [0,1]",2026-08-11,0.0,78177655
"finish_delta_pct dans [0,1]",2026-08-12,0.0,78177655
"finish_delta_pct dans [0,1]",2026-08-13,0.0,78177655
"finish_delta_pct dans [0,1]",2026-08-14,0.0,78177655
"finish_delta_pct dans [0,1]",2026-08-16,0.0,605df903
"finish_delta_pct dans [0,1]",2026-08-17,0.0,605df903
"finish_delta_pct dans [0,1]",2026-08-18,0.0,605df903
"finish_delta_pct dans [0,1]",2026-08-19,0.0,605df903
"finish_delta_pct dans [0,1]",2026-08-20,0.0,605df903
"finish_delta_pct dans [0,1]",2026-08-21,0.0,605df903
"finish_delta_pct dans [0,1]",2026-08-23,0.0,605df903
"finish_delta_pct dans [0,1]",2026-08-24,0.0,605df903
"finish_delta_pct dans [0,1]",2026-08-25,0.0,605df903
"finish_delta_pct dans [0,1]",2026-08-26,0.0,605df903
"finish_delta_pct dans [0,1]",2026-08-27,0.0,605df903
"finish_delta_pct dans [0,1]",2026-08-28,0.0,605df903
"finish_delta_pct dans [0,1]",2026-08-30,0.0,605df903
"finish_delta_pct dans [0,1]",2026-08-31,0.0,605df903
"finish_delta_pct dans [0,1]",2026-09-01,0.0,605df903
"finish_delta_pct dans [0,1]",2026-09-02,0.0,605df903
"finish_delta_pct dans [0,1]",2026-09-03,0.0,605df903
"finish_delta_pct dans [0,1]",2026-09-04,0.0,605df903
dist_1d_max_ticks = (pdh - close)/tick ?,2026-06-10,1.0,None
dist_1d_max_ticks = (pdh - close)/tick ?,2026-06-11,1.0,c43dc080
dist_1d_max_ticks = (pdh - close)/tick ?,2026-06-12,1.0,3d61b74d
dist_1d_max_ticks = (pdh - close)/tick ?,2026-06-15,1.0,73ba58b9
dist_1d_max_ticks = (pdh - close)/tick ?,2026-06-16,1.0,e7199bc7
dist_1d_max_ticks = (pdh - close)/tick ?,2026-06-17,1.0,e7199bc7
dist_1d_max_ticks = (pdh - close)/tick ?,2026-06-18,1.0,e7199bc7
dist_1d_max_ticks = (pdh - close)/tick ?,2026-06-19,1.0,9238adc1
dist_1d_max_ticks = (pdh - close)/tick ?,2026-06-21,1.0,9238adc1
dist_1d_max_ticks = (pdh - close)/tick ?,2026-06-22,1.0,9238adc1
dist_1d_max_ticks = (pdh - close)/tick ?,2026-06-23,1.0,9238adc1
dist_1d_max_ticks = (pdh - close)/tick ?,2026-06-24,1.0,9238adc1
dist_1d_max_ticks = (pdh - close)/tick ?,2026-06-25,1.0,9238adc1
dist_1d_max_ticks = (pdh - close)/tick ?,2026-06-26,1.0,9238adc1
dist_1d_max_ticks = (pdh - close)/tick ?,2026-06-28,1.0,944f7204
dist_1d_max_ticks = (pdh - close)/tick ?,2026-06-29,1.0,944f7204
dist_1d_max_ticks = (pdh - close)/tick ?,2026-06-30,1.0,944f7204
dist_1d_max_ticks = (pdh - close)/tick ?,2026-07-01,1.0,944f7204
dist_1d_max_ticks = (pdh - close)/tick ?,2026-07-02,1.0,944f7204
dist_1d_max_ticks = (pdh - close)/tick ?,2026-07-03,1.0,0658f3c8
dist_1d_max_ticks = (pdh - close)/tick ?,2026-07-05,1.0,13efb186
dist_1d_max_ticks = (pdh - close)/tick ?,2026-07-06,1.0,13efb186
dist_1d_max_ticks = (pdh - close)/tick ?,2026-07-07,1.0,13efb186
dist_1d_max_ticks = (pdh - close)/tick ?,2026-07-08,1.0,13efb186
dist_1d_max_ticks = (pdh - close)/tick ?,2026-07-09,1.0,13efb186
dist_1d_max_ticks = (pdh - close)/tick ?,2026-07-10,1.0,13efb186
dist_1d_max_ticks = (pdh - close)/tick ?,2026-07-12,1.0,13efb186
dist_1d_max_ticks = (pdh - close)/tick ?,2026-07-13,1.0,13efb186
dist_1d_max_ticks = (pdh - close)/tick ?,2026-07-14,1.0,13efb186
dist_1d_max_ticks = (pdh - close)/tick ?,2026-07-15,1.0,13efb186
dist_1d_max_ticks = (pdh - close)/tick ?,2026-07-16,1.0,13efb186
dist_1d_max_ticks = (pdh - close)/tick ?,2026-07-17,1.0,f6003b62
dist_1d_max_ticks = (pdh - close)/tick ?,2026-07-19,1.0,f6003b62
dist_1d_max_ticks = (pdh - close)/tick ?,2026-07-20,1.0,f6003b62
dist_1d_max_ticks = (pdh - close)/tick ?,2026-07-21,1.0,f6003b62
dist_1d_max_ticks = (pdh - close)/tick ?,2026-07-22,1.0,ed53e566
dist_1d_max_ticks = (pdh - close)/tick ?,2026-07-23,1.0,ed53e566
dist_1d_max_ticks = (pdh - close)/tick ?,2026-07-24,1.0,ed53e566
dist_1d_max_ticks = (pdh - close)/tick ?,2026-07-26,1.0,4981d53a
dist_1d_max_ticks = (pdh - close)/tick ?,2026-07-27,1.0,4981d53a
dist_1d_max_ticks = (pdh - close)/tick ?,2026-07-28,1.0,4981d53a
dist_1d_max_ticks = (pdh - close)/tick ?,2026-07-29,1.0,4981d53a
dist_1d_max_ticks = (pdh - close)/tick ?,2026-07-30,1.0,4981d53a
dist_1d_max_ticks = (pdh - close)/tick ?,2026-07-31,1.0,4981d53a
dist_1d_max_ticks = (pdh - close)/tick ?,2026-08-02,1.0,e9f2b72b
dist_1d_max_ticks = (pdh - close)/tick ?,2026-08-03,1.0,e9f2b72b
dist_1d_max_ticks = (pdh - close)/tick ?,2026-08-04,1.0,1d20af93
dist_1d_max_ticks = (pdh - close)/tick ?,2026-08-05,1.0,0e82f56e
dist_1d_max_ticks = (pdh - close)/tick ?,2026-08-06,1.0,feec66f6
dist_1d_max_ticks = (pdh - close)/tick ?,2026-08-07,1.0,287627ed
dist_1d_max_ticks = (pdh - close)/tick ?,2026-08-09,1.0,43f2daf5
dist_1d_max_ticks = (pdh - close)/tick ?,2026-08-10,1.0,78177655
dist_1d_max_ticks = (pdh - close)/tick ?,2026-08-11,1.0,78177655
dist_1d_max_ticks = (pdh - close)/tick ?,2026-08-12,1.0,78177655
dist_1d_max_ticks = (pdh - close)/tick ?,2026-08-13,1.0,78177655
dist_1d_max_ticks = (pdh - close)/tick ?,2026-08-14,1.0,78177655
dist_1d_max_ticks = (pdh - close)/tick ?,2026-08-16,1.0,605df903
dist_1d_max_ticks = (pdh - close)/tick ?,2026-08-17,1.0,605df903
dist_1d_max_ticks = (pdh - close)/tick ?,2026-08-18,1.0,605df903
dist_1d_max_ticks = (pdh - close)/tick ?,2026-08-19,1.0,605df903
dist_1d_max_ticks = (pdh - close)/tick ?,2026-08-20,1.0,605df903
dist_1d_max_ticks = (pdh - close)/tick ?,2026-08-21,1.0,605df903
dist_1d_max_ticks = (pdh - close)/tick ?,2026-08-23,1.0,605df903
dist_1d_max_ticks = (pdh - close)/tick ?,2026-08-24,1.0,605df903
dist_1d_max_ticks = (pdh - close)/tick ?,2026-08-25,1.0,605df903
dist_1d_max_ticks = (pdh - close)/tick ?,2026-08-26,1.0,605df903
dist_1d_max_ticks = (pdh - close)/tick ?,2026-08-27,1.0,605df903
dist_1d_max_ticks = (pdh - close)/tick ?,2026-08-28,1.0,605df903
dist_1d_max_ticks = (pdh - close)/tick ?,2026-08-30,1.0,605df903
dist_1d_max_ticks = (pdh - close)/tick ?,2026-08-31,1.0,605df903
dist_1d_max_ticks = (pdh - close)/tick ?,2026-09-01,1.0,605df903
dist_1d_max_ticks = (pdh - close)/tick ?,2026-09-02,0.2279,605df903
dist_1d_max_ticks = (pdh - close)/tick ?,2026-09-03,1.0,605df903
dist_1d_max_ticks = (pdh - close)/tick ?,2026-09-04,1.0,605df903
dist_1d_max_ticks = (pdh-close)/atr_14m ?,2026-06-10,1.0,None
dist_1d_max_ticks = (pdh-close)/atr_14m ?,2026-06-11,1.0,c43dc080
dist_1d_max_ticks = (pdh-close)/atr_14m ?,2026-06-12,1.0,3d61b74d
dist_1d_max_ticks = (pdh-close)/atr_14m ?,2026-06-15,1.0,73ba58b9
dist_1d_max_ticks = (pdh-close)/atr_14m ?,2026-06-16,1.0,e7199bc7
dist_1d_max_ticks = (pdh-close)/atr_14m ?,2026-06-17,1.0,e7199bc7
dist_1d_max_ticks = (pdh-close)/atr_14m ?,2026-06-18,0.9993,e7199bc7
dist_1d_max_ticks = (pdh-close)/atr_14m ?,2026-06-19,1.0,9238adc1
dist_1d_max_ticks = (pdh-close)/atr_14m ?,2026-06-21,1.0,9238adc1
dist_1d_max_ticks = (pdh-close)/atr_14m ?,2026-06-22,1.0,9238adc1
dist_1d_max_ticks = (pdh-close)/atr_14m ?,2026-06-23,1.0,9238adc1
dist_1d_max_ticks = (pdh-close)/atr_14m ?,2026-06-24,1.0,9238adc1
dist_1d_max_ticks = (pdh-close)/atr_14m ?,2026-06-25,1.0,9238adc1
dist_1d_max_ticks = (pdh-close)/atr_14m ?,2026-06-26,1.0,9238adc1
dist_1d_max_ticks = (pdh-close)/atr_14m ?,2026-06-28,1.0,944f7204
dist_1d_max_ticks = (pdh-close)/atr_14m ?,2026-06-29,0.9993,944f7204
dist_1d_max_ticks = (pdh-close)/atr_14m ?,2026-06-30,1.0,944f7204
dist_1d_max_ticks = (pdh-close)/atr_14m ?,2026-07-01,1.0,944f7204
dist_1d_max_ticks = (pdh-close)/atr_14m ?,2026-07-02,1.0,944f7204
dist_1d_max_ticks = (pdh-close)/atr_14m ?,2026-07-03,1.0,0658f3c8
dist_1d_max_ticks = (pdh-close)/atr_14m ?,2026-07-05,1.0,13efb186
dist_1d_max_ticks = (pdh-close)/atr_14m ?,2026-07-06,1.0,13efb186
dist_1d_max_ticks = (pdh-close)/atr_14m ?,2026-07-07,1.0,13efb186
dist_1d_max_ticks = (pdh-close)/atr_14m ?,2026-07-08,1.0,13efb186
dist_1d_max_ticks = (pdh-close)/atr_14m ?,2026-07-09,0.9993,13efb186
dist_1d_max_ticks = (pdh-close)/atr_14m ?,2026-07-10,1.0,13efb186
dist_1d_max_ticks = (pdh-close)/atr_14m ?,2026-07-12,1.0,13efb186
dist_1d_max_ticks = (pdh-close)/atr_14m ?,2026-07-13,1.0,13efb186
dist_1d_max_ticks = (pdh-close)/atr_14m ?,2026-07-14,1.0,13efb186
dist_1d_max_ticks = (pdh-close)/atr_14m ?,2026-07-15,1.0,13efb186
dist_1d_max_ticks = (pdh-close)/atr_14m ?,2026-07-16,1.0,13efb186
dist_1d_max_ticks = (pdh-close)/atr_14m ?,2026-07-17,1.0,f6003b62
dist_1d_max_ticks = (pdh-close)/atr_14m ?,2026-07-19,1.0,f6003b62
dist_1d_max_ticks = (pdh-close)/atr_14m ?,2026-07-20,1.0,f6003b62
dist_1d_max_ticks = (pdh-close)/atr_14m ?,2026-07-21,1.0,f6003b62
dist_1d_max_ticks = (pdh-close)/atr_14m ?,2026-07-22,1.0,ed53e566
dist_1d_max_ticks = (pdh-close)/atr_14m ?,2026-07-23,1.0,ed53e566
dist_1d_max_ticks = (pdh-close)/atr_14m ?,2026-07-24,1.0,ed53e566
dist_1d_max_ticks = (pdh-close)/atr_14m ?,2026-07-26,1.0,4981d53a
dist_1d_max_ticks = (pdh-close)/atr_14m ?,2026-07-27,0.9993,4981d53a
dist_1d_max_ticks = (pdh-close)/atr_14m ?,2026-07-28,1.0,4981d53a
dist_1d_max_ticks = (pdh-close)/atr_14m ?,2026-07-29,1.0,4981d53a
dist_1d_max_ticks = (pdh-close)/atr_14m ?,2026-07-30,1.0,4981d53a
dist_1d_max_ticks = (pdh-close)/atr_14m ?,2026-07-31,1.0,4981d53a
dist_1d_max_ticks = (pdh-close)/atr_14m ?,2026-08-02,1.0,e9f2b72b
dist_1d_max_ticks = (pdh-close)/atr_14m ?,2026-08-03,1.0,e9f2b72b
dist_1d_max_ticks = (pdh-close)/atr_14m ?,2026-08-04,0.9993,1d20af93
dist_1d_max_ticks = (pdh-close)/atr_14m ?,2026-08-05,1.0,0e82f56e
dist_1d_max_ticks = (pdh-close)/atr_14m ?,2026-08-06,1.0,feec66f6
dist_1d_max_ticks = (pdh-close)/atr_14m ?,2026-08-07,1.0,287627ed
dist_1d_max_ticks = (pdh-close)/atr_14m ?,2026-08-09,1.0,43f2daf5
dist_1d_max_ticks = (pdh-close)/atr_14m ?,2026-08-10,1.0,78177655
dist_1d_max_ticks = (pdh-close)/atr_14m ?,2026-08-11,1.0,78177655
dist_1d_max_ticks = (pdh-close)/atr_14m ?,2026-08-12,1.0,78177655
dist_1d_max_ticks = (pdh-close)/atr_14m ?,2026-08-13,1.0,78177655
dist_1d_max_ticks = (pdh-close)/atr_14m ?,2026-08-14,0.9992,78177655
dist_1d_max_ticks = (pdh-close)/atr_14m ?,2026-08-16,1.0,605df903
dist_1d_max_ticks = (pdh-close)/atr_14m ?,2026-08-17,1.0,605df903
dist_1d_max_ticks = (pdh-close)/atr_14m ?,2026-08-18,1.0,605df903
dist_1d_max_ticks = (pdh-close)/atr_14m ?,2026-08-19,1.0,605df903
dist_1d_max_ticks = (pdh-close)/atr_14m ?,2026-08-20,1.0,605df903
dist_1d_max_ticks = (pdh-close)/atr_14m ?,2026-08-21,1.0,605df903
dist_1d_max_ticks = (pdh-close)/atr_14m ?,2026-08-23,1.0,605df903
dist_1d_max_ticks = (pdh-close)/atr_14m ?,2026-08-24,1.0,605df903
dist_1d_max_ticks = (pdh-close)/atr_14m ?,2026-08-25,1.0,605df903
dist_1d_max_ticks = (pdh-close)/atr_14m ?,2026-08-26,1.0,605df903
dist_1d_max_ticks = (pdh-close)/atr_14m ?,2026-08-27,1.0,605df903
dist_1d_max_ticks = (pdh-close)/atr_14m ?,2026-08-28,1.0,605df903
dist_1d_max_ticks = (pdh-close)/atr_14m ?,2026-08-30,1.0,605df903
dist_1d_max_ticks = (pdh-close)/atr_14m ?,2026-08-31,1.0,605df903
dist_1d_max_ticks = (pdh-close)/atr_14m ?,2026-09-01,1.0,605df903
dist_1d_max_ticks = (pdh-close)/atr_14m ?,2026-09-02,1.0,605df903
dist_1d_max_ticks = (pdh-close)/atr_14m ?,2026-09-03,1.0,605df903
dist_1d_max_ticks = (pdh-close)/atr_14m ?,2026-09-04,1.0,605df903
dist_1d_max_ticks = (pdh-close)/atr ?,2026-06-10,1.0,None
dist_1d_max_ticks = (pdh-close)/atr ?,2026-06-11,1.0,c43dc080
dist_1d_max_ticks = (pdh-close)/atr ?,2026-06-12,1.0,3d61b74d
dist_1d_max_ticks = (pdh-close)/atr ?,2026-06-15,0.9993,73ba58b9
dist_1d_max_ticks = (pdh-close)/atr ?,2026-06-16,1.0,e7199bc7
dist_1d_max_ticks = (pdh-close)/atr ?,2026-06-17,1.0,e7199bc7
dist_1d_max_ticks = (pdh-close)/atr ?,2026-06-18,1.0,e7199bc7
dist_1d_max_ticks = (pdh-close)/atr ?,2026-06-19,1.0,9238adc1
dist_1d_max_ticks = (pdh-close)/atr ?,2026-06-21,1.0,9238adc1
dist_1d_max_ticks = (pdh-close)/atr ?,2026-06-22,1.0,9238adc1
dist_1d_max_ticks = (pdh-close)/atr ?,2026-06-23,1.0,9238adc1
dist_1d_max_ticks = (pdh-close)/atr ?,2026-06-24,1.0,9238adc1
dist_1d_max_ticks = (pdh-close)/atr ?,2026-06-25,1.0,9238adc1
dist_1d_max_ticks = (pdh-close)/atr ?,2026-06-26,1.0,9238adc1
dist_1d_max_ticks = (pdh-close)/atr ?,2026-06-28,1.0,944f7204
dist_1d_max_ticks = (pdh-close)/atr ?,2026-06-29,1.0,944f7204
dist_1d_max_ticks = (pdh-close)/atr ?,2026-06-30,1.0,944f7204
dist_1d_max_ticks = (pdh-close)/atr ?,2026-07-01,1.0,944f7204
dist_1d_max_ticks = (pdh-close)/atr ?,2026-07-02,1.0,944f7204
dist_1d_max_ticks = (pdh-close)/atr ?,2026-07-03,1.0,0658f3c8
dist_1d_max_ticks = (pdh-close)/atr ?,2026-07-05,1.0,13efb186
dist_1d_max_ticks = (pdh-close)/atr ?,2026-07-06,0.9986,13efb186
dist_1d_max_ticks = (pdh-close)/atr ?,2026-07-07,0.9993,13efb186
dist_1d_max_ticks = (pdh-close)/atr ?,2026-07-08,1.0,13efb186
dist_1d_max_ticks = (pdh-close)/atr ?,2026-07-09,1.0,13efb186
dist_1d_max_ticks = (pdh-close)/atr ?,2026-07-10,1.0,13efb186
dist_1d_max_ticks = (pdh-close)/atr ?,2026-07-12,1.0,13efb186
dist_1d_max_ticks = (pdh-close)/atr ?,2026-07-13,1.0,13efb186
dist_1d_max_ticks = (pdh-close)/atr ?,2026-07-14,1.0,13efb186
dist_1d_max_ticks = (pdh-close)/atr ?,2026-07-15,1.0,13efb186
dist_1d_max_ticks = (pdh-close)/atr ?,2026-07-16,1.0,13efb186
dist_1d_max_ticks = (pdh-close)/atr ?,2026-07-17,1.0,f6003b62
dist_1d_max_ticks = (pdh-close)/atr ?,2026-07-19,1.0,f6003b62
dist_1d_max_ticks = (pdh-close)/atr ?,2026-07-20,1.0,f6003b62
dist_1d_max_ticks = (pdh-close)/atr ?,2026-07-21,1.0,f6003b62
dist_1d_max_ticks = (pdh-close)/atr ?,2026-07-22,1.0,ed53e566
dist_1d_max_ticks = (pdh-close)/atr ?,2026-07-23,1.0,ed53e566
dist_1d_max_ticks = (pdh-close)/atr ?,2026-07-24,1.0,ed53e566
dist_1d_max_ticks = (pdh-close)/atr ?,2026-07-26,1.0,4981d53a
dist_1d_max_ticks = (pdh-close)/atr ?,2026-07-27,1.0,4981d53a
dist_1d_max_ticks = (pdh-close)/atr ?,2026-07-28,1.0,4981d53a
dist_1d_max_ticks = (pdh-close)/atr ?,2026-07-29,1.0,4981d53a
dist_1d_max_ticks = (pdh-close)/atr ?,2026-07-30,0.9986,4981d53a
dist_1d_max_ticks = (pdh-close)/atr ?,2026-07-31,1.0,4981d53a
dist_1d_max_ticks = (pdh-close)/atr ?,2026-08-02,1.0,e9f2b72b
dist_1d_max_ticks = (pdh-close)/atr ?,2026-08-03,1.0,e9f2b72b
dist_1d_max_ticks = (pdh-close)/atr ?,2026-08-04,1.0,1d20af93
dist_1d_max_ticks = (pdh-close)/atr ?,2026-08-05,1.0,0e82f56e
dist_1d_max_ticks = (pdh-close)/atr ?,2026-08-06,1.0,feec66f6
dist_1d_max_ticks = (pdh-close)/atr ?,2026-08-07,1.0,287627ed
dist_1d_max_ticks = (pdh-close)/atr ?,2026-08-09,1.0,43f2daf5
dist_1d_max_ticks = (pdh-close)/atr ?,2026-08-10,1.0,78177655
dist_1d_max_ticks = (pdh-close)/atr ?,2026-08-11,1.0,78177655
dist_1d_max_ticks = (pdh-close)/atr ?,2026-08-12,1.0,78177655
dist_1d_max_ticks = (pdh-close)/atr ?,2026-08-13,1.0,78177655
dist_1d_max_ticks = (pdh-close)/atr ?,2026-08-14,1.0,78177655
dist_1d_max_ticks = (pdh-close)/atr ?,2026-08-16,1.0,605df903
dist_1d_max_ticks = (pdh-close)/atr ?,2026-08-17,1.0,605df903
dist_1d_max_ticks = (pdh-close)/atr ?,2026-08-18,1.0,605df903
dist_1d_max_ticks = (pdh-close)/atr ?,2026-08-19,1.0,605df903
dist_1d_max_ticks = (pdh-close)/atr ?,2026-08-20,1.0,605df903
dist_1d_max_ticks = (pdh-close)/atr ?,2026-08-21,1.0,605df903
dist_1d_max_ticks = (pdh-close)/atr ?,2026-08-23,1.0,605df903
dist_1d_max_ticks = (pdh-close)/atr ?,2026-08-24,1.0,605df903
dist_1d_max_ticks = (pdh-close)/atr ?,2026-08-25,1.0,605df903
dist_1d_max_ticks = (pdh-close)/atr ?,2026-08-26,1.0,605df903
dist_1d_max_ticks = (pdh-close)/atr ?,2026-08-27,1.0,605df903
dist_1d_max_ticks = (pdh-close)/atr ?,2026-08-28,1.0,605df903
dist_1d_max_ticks = (pdh-close)/atr ?,2026-08-30,1.0,605df903
dist_1d_max_ticks = (pdh-close)/atr ?,2026-08-31,1.0,605df903
dist_1d_max_ticks = (pdh-close)/atr ?,2026-09-01,1.0,605df903
dist_1d_max_ticks = (pdh-close)/atr ?,2026-09-02,1.0,605df903
dist_1d_max_ticks = (pdh-close)/atr ?,2026-09-03,1.0,605df903
dist_1d_max_ticks = (pdh-close)/atr ?,2026-09-04,1.0,605df903
bool_above_vwap_d = (close > vwap_d),2026-06-10,0.0,None
bool_above_vwap_d = (close > vwap_d),2026-06-11,0.0007,c43dc080
bool_above_vwap_d = (close > vwap_d),2026-06-12,0.0,3d61b74d
bool_above_vwap_d = (close > vwap_d),2026-06-14,0.0,73ba58b9
bool_above_vwap_d = (close > vwap_d),2026-06-15,0.0,73ba58b9
bool_above_vwap_d = (close > vwap_d),2026-06-16,0.0007,e7199bc7
bool_above_vwap_d = (close > vwap_d),2026-06-17,0.0,e7199bc7
bool_above_vwap_d = (close > vwap_d),2026-06-18,0.0,e7199bc7
bool_above_vwap_d = (close > vwap_d),2026-06-19,0.0,9238adc1
bool_above_vwap_d = (close > vwap_d),2026-06-21,0.0,9238adc1
bool_above_vwap_d = (close > vwap_d),2026-06-22,0.0,9238adc1
bool_above_vwap_d = (close > vwap_d),2026-06-23,0.0,9238adc1
bool_above_vwap_d = (close > vwap_d),2026-06-24,0.0,9238adc1
bool_above_vwap_d = (close > vwap_d),2026-06-25,0.0,9238adc1
bool_above_vwap_d = (close > vwap_d),2026-06-26,0.0,9238adc1
bool_above_vwap_d = (close > vwap_d),2026-06-28,0.0,944f7204
bool_above_vwap_d = (close > vwap_d),2026-06-29,0.0,944f7204
bool_above_vwap_d = (close > vwap_d),2026-06-30,0.0009,944f7204
bool_above_vwap_d = (close > vwap_d),2026-07-01,0.0,944f7204
bool_above_vwap_d = (close > vwap_d),2026-07-02,0.0,944f7204
bool_above_vwap_d = (close > vwap_d),2026-07-03,0.0,0658f3c8
bool_above_vwap_d = (close > vwap_d),2026-07-05,0.0,13efb186
bool_above_vwap_d = (close > vwap_d),2026-07-06,0.0,13efb186
bool_above_vwap_d = (close > vwap_d),2026-07-07,0.0,13efb186
bool_above_vwap_d = (close > vwap_d),2026-07-08,0.0014,13efb186
bool_above_vwap_d = (close > vwap_d),2026-07-09,0.0,13efb186
bool_above_vwap_d = (close > vwap_d),2026-07-10,0.0,13efb186
bool_above_vwap_d = (close > vwap_d),2026-07-12,0.0,13efb186
bool_above_vwap_d = (close > vwap_d),2026-07-13,0.0,13efb186
bool_above_vwap_d = (close > vwap_d),2026-07-14,0.0,13efb186
bool_above_vwap_d = (close > vwap_d),2026-07-15,0.0,13efb186
bool_above_vwap_d = (close > vwap_d),2026-07-16,0.0,13efb186
bool_above_vwap_d = (close > vwap_d),2026-07-17,0.0,f6003b62
bool_above_vwap_d = (close > vwap_d),2026-07-19,0.0,f6003b62
bool_above_vwap_d = (close > vwap_d),2026-07-20,0.0007,f6003b62
bool_above_vwap_d = (close > vwap_d),2026-07-21,0.0,f6003b62
bool_above_vwap_d = (close > vwap_d),2026-07-22,0.0,ed53e566
bool_above_vwap_d = (close > vwap_d),2026-07-23,0.0,ed53e566
bool_above_vwap_d = (close > vwap_d),2026-07-24,0.0,ed53e566
bool_above_vwap_d = (close > vwap_d),2026-07-26,0.0,4981d53a
bool_above_vwap_d = (close > vwap_d),2026-07-27,0.0007,4981d53a
bool_above_vwap_d = (close > vwap_d),2026-07-28,0.0,4981d53a
bool_above_vwap_d = (close > vwap_d),2026-07-29,0.0007,4981d53a
bool_above_vwap_d = (close > vwap_d),2026-07-30,0.0,4981d53a
bool_above_vwap_d = (close > vwap_d),2026-07-31,0.0008,4981d53a
bool_above_vwap_d = (close > vwap_d),2026-08-02,0.0,e9f2b72b
bool_above_vwap_d = (close > vwap_d),2026-08-03,0.0,e9f2b72b
bool_above_vwap_d = (close > vwap_d),2026-08-04,0.0,1d20af93
bool_above_vwap_d = (close > vwap_d),2026-08-05,0.0,0e82f56e
bool_above_vwap_d = (close > vwap_d),2026-08-06,0.0007,feec66f6
bool_above_vwap_d = (close > vwap_d),2026-08-07,0.0,287627ed
bool_above_vwap_d = (close > vwap_d),2026-08-09,0.0,43f2daf5
bool_above_vwap_d = (close > vwap_d),2026-08-10,0.0,78177655
bool_above_vwap_d = (close > vwap_d),2026-08-11,0.0,78177655
bool_above_vwap_d = (close > vwap_d),2026-08-12,0.0007,78177655
bool_above_vwap_d = (close > vwap_d),2026-08-13,0.0,78177655
bool_above_vwap_d = (close > vwap_d),2026-08-14,0.0,78177655
bool_above_vwap_d = (close > vwap_d),2026-08-16,0.0,605df903
bool_above_vwap_d = (close > vwap_d),2026-08-17,0.0007,605df903
bool_above_vwap_d = (close > vwap_d),2026-08-18,0.0,605df903
bool_above_vwap_d = (close > vwap_d),2026-08-19,0.0,605df903
bool_above_vwap_d = (close > vwap_d),2026-08-20,0.0,605df903
bool_above_vwap_d = (close > vwap_d),2026-08-21,0.0,605df903
bool_above_vwap_d = (close > vwap_d),2026-08-23,0.0083,605df903
bool_above_vwap_d = (close > vwap_d),2026-08-24,0.0,605df903
bool_above_vwap_d = (close > vwap_d),2026-08-25,0.0,605df903
bool_above_vwap_d = (close > vwap_d),2026-08-26,0.0007,605df903
bool_above_vwap_d = (close > vwap_d),2026-08-27,0.0,605df903
bool_above_vwap_d = (close > vwap_d),2026-08-28,0.004,605df903
bool_above_vwap_d = (close > vwap_d),2026-08-30,0.0,605df903
bool_above_vwap_d = (close > vwap_d),2026-08-31,0.0,605df903
bool_above_vwap_d = (close > vwap_d),2026-09-01,0.0,605df903
bool_above_vwap_d = (close > vwap_d),2026-09-02,0.0,605df903
bool_above_vwap_d = (close > vwap_d),2026-09-03,0.0,605df903
bool_above_vwap_d = (close > vwap_d),2026-09-04,0.0,605df903
vwap_d_side = sign(close - vwap_d),2026-06-10,0.0,None
vwap_d_side = sign(close - vwap_d),2026-06-11,0.0007,c43dc080
vwap_d_side = sign(close - vwap_d),2026-06-12,0.0,3d61b74d
vwap_d_side = sign(close - vwap_d),2026-06-14,0.0,73ba58b9
vwap_d_side = sign(close - vwap_d),2026-06-15,0.0,73ba58b9
vwap_d_side = sign(close - vwap_d),2026-06-16,0.0007,e7199bc7
vwap_d_side = sign(close - vwap_d),2026-06-17,0.0,e7199bc7
vwap_d_side = sign(close - vwap_d),2026-06-18,0.0,e7199bc7
vwap_d_side = sign(close - vwap_d),2026-06-19,0.0048,9238adc1
vwap_d_side = sign(close - vwap_d),2026-06-21,0.0,9238adc1
vwap_d_side = sign(close - vwap_d),2026-06-22,0.0,9238adc1
vwap_d_side = sign(close - vwap_d),2026-06-23,0.0,9238adc1
vwap_d_side = sign(close - vwap_d),2026-06-24,0.0,9238adc1
vwap_d_side = sign(close - vwap_d),2026-06-25,0.0,9238adc1
vwap_d_side = sign(close - vwap_d),2026-06-26,0.0,9238adc1
vwap_d_side = sign(close - vwap_d),2026-06-28,0.0,944f7204
vwap_d_side = sign(close - vwap_d),2026-06-29,0.0,944f7204
vwap_d_side = sign(close - vwap_d),2026-06-30,0.0009,944f7204
vwap_d_side = sign(close - vwap_d),2026-07-01,0.0,944f7204
vwap_d_side = sign(close - vwap_d),2026-07-02,0.0,944f7204
vwap_d_side = sign(close - vwap_d),2026-07-03,0.0,0658f3c8
vwap_d_side = sign(close - vwap_d),2026-07-05,0.0,13efb186
vwap_d_side = sign(close - vwap_d),2026-07-06,0.0,13efb186
vwap_d_side = sign(close - vwap_d),2026-07-07,0.0,13efb186
vwap_d_side = sign(close - vwap_d),2026-07-08,0.0014,13efb186
vwap_d_side = sign(close - vwap_d),2026-07-09,0.0,13efb186
vwap_d_side = sign(close - vwap_d),2026-07-10,0.0,13efb186
vwap_d_side = sign(close - vwap_d),2026-07-12,0.0,13efb186
vwap_d_side = sign(close - vwap_d),2026-07-13,0.0,13efb186
vwap_d_side = sign(close - vwap_d),2026-07-14,0.0,13efb186
vwap_d_side = sign(close - vwap_d),2026-07-15,0.0,13efb186
vwap_d_side = sign(close - vwap_d),2026-07-16,0.0,13efb186
vwap_d_side = sign(close - vwap_d),2026-07-17,0.0,f6003b62
vwap_d_side = sign(close - vwap_d),2026-07-19,0.0,f6003b62
vwap_d_side = sign(close - vwap_d),2026-07-20,0.0007,f6003b62
vwap_d_side = sign(close - vwap_d),2026-07-21,0.0,f6003b62
vwap_d_side = sign(close - vwap_d),2026-07-22,0.0,ed53e566
vwap_d_side = sign(close - vwap_d),2026-07-23,0.0,ed53e566
vwap_d_side = sign(close - vwap_d),2026-07-24,0.0,ed53e566
vwap_d_side = sign(close - vwap_d),2026-07-26,0.0,4981d53a
vwap_d_side = sign(close - vwap_d),2026-07-27,0.0007,4981d53a
vwap_d_side = sign(close - vwap_d),2026-07-28,0.0,4981d53a
vwap_d_side = sign(close - vwap_d),2026-07-29,0.0007,4981d53a
vwap_d_side = sign(close - vwap_d),2026-07-30,0.0,4981d53a
vwap_d_side = sign(close - vwap_d),2026-07-31,0.0026,4981d53a
vwap_d_side = sign(close - vwap_d),2026-08-02,0.0,e9f2b72b
vwap_d_side = sign(close - vwap_d),2026-08-03,0.0,e9f2b72b
vwap_d_side = sign(close - vwap_d),2026-08-04,0.0,1d20af93
vwap_d_side = sign(close - vwap_d),2026-08-05,0.0,0e82f56e
vwap_d_side = sign(close - vwap_d),2026-08-06,0.0007,feec66f6
vwap_d_side = sign(close - vwap_d),2026-08-07,0.0,287627ed
vwap_d_side = sign(close - vwap_d),2026-08-09,0.0,43f2daf5
vwap_d_side = sign(close - vwap_d),2026-08-10,0.0,78177655
vwap_d_side = sign(close - vwap_d),2026-08-11,0.0007,78177655
vwap_d_side = sign(close - vwap_d),2026-08-12,0.0007,78177655
vwap_d_side = sign(close - vwap_d),2026-08-13,0.0,78177655
vwap_d_side = sign(close - vwap_d),2026-08-14,0.0,78177655
vwap_d_side = sign(close - vwap_d),2026-08-16,0.0,605df903
vwap_d_side = sign(close - vwap_d),2026-08-17,0.0007,605df903
vwap_d_side = sign(close - vwap_d),2026-08-18,0.0,605df903
vwap_d_side = sign(close - vwap_d),2026-08-19,0.0,605df903
vwap_d_side = sign(close - vwap_d),2026-08-20,0.0022,605df903
vwap_d_side = sign(close - vwap_d),2026-08-21,0.0,605df903
vwap_d_side = sign(close - vwap_d),2026-08-23,0.0083,605df903
vwap_d_side = sign(close - vwap_d),2026-08-24,0.0,605df903
vwap_d_side = sign(close - vwap_d),2026-08-25,0.0,605df903
vwap_d_side = sign(close - vwap_d),2026-08-26,0.0007,605df903
vwap_d_side = sign(close - vwap_d),2026-08-27,0.0,605df903
vwap_d_side = sign(close - vwap_d),2026-08-28,0.004,605df903
vwap_d_side = sign(close - vwap_d),2026-08-30,0.0,605df903
vwap_d_side = sign(close - vwap_d),2026-08-31,0.0,605df903
vwap_d_side = sign(close - vwap_d),2026-09-01,0.0007,605df903
vwap_d_side = sign(close - vwap_d),2026-09-02,0.0015,605df903
vwap_d_side = sign(close - vwap_d),2026-09-03,0.0,605df903
vwap_d_side = sign(close - vwap_d),2026-09-04,0.0,605df903
inside_cur_va = val<=close<=vah,2026-06-10,0.2476,None
inside_cur_va = val<=close<=vah,2026-06-11,0.2645,c43dc080
inside_cur_va = val<=close<=vah,2026-06-12,0.0,3d61b74d
inside_cur_va = val<=close<=vah,2026-06-14,0.0,73ba58b9
inside_cur_va = val<=close<=vah,2026-06-15,0.0,73ba58b9
inside_cur_va = val<=close<=vah,2026-06-16,0.0,e7199bc7
inside_cur_va = val<=close<=vah,2026-06-17,0.0,e7199bc7
inside_cur_va = val<=close<=vah,2026-06-18,0.0,e7199bc7
inside_cur_va = val<=close<=vah,2026-06-19,0.0,9238adc1
inside_cur_va = val<=close<=vah,2026-06-21,0.0,9238adc1
inside_cur_va = val<=close<=vah,2026-06-22,0.0,9238adc1
inside_cur_va = val<=close<=vah,2026-06-23,0.0,9238adc1
inside_cur_va = val<=close<=vah,2026-06-24,0.0,9238adc1
inside_cur_va = val<=close<=vah,2026-06-25,0.0,9238adc1
inside_cur_va = val<=close<=vah,2026-06-26,0.0,9238adc1
inside_cur_va = val<=close<=vah,2026-06-28,0.0,944f7204
inside_cur_va = val<=close<=vah,2026-06-29,0.0,944f7204
inside_cur_va = val<=close<=vah,2026-06-30,0.0009,944f7204
inside_cur_va = val<=close<=vah,2026-07-01,0.0,944f7204
inside_cur_va = val<=close<=vah,2026-07-02,0.0,944f7204
inside_cur_va = val<=close<=vah,2026-07-03,0.0,0658f3c8
inside_cur_va = val<=close<=vah,2026-07-05,0.0,13efb186
inside_cur_va = val<=close<=vah,2026-07-06,0.0007,13efb186
inside_cur_va = val<=close<=vah,2026-07-07,0.0,13efb186
inside_cur_va = val<=close<=vah,2026-07-08,0.0,13efb186
inside_cur_va = val<=close<=vah,2026-07-09,0.0,13efb186
inside_cur_va = val<=close<=vah,2026-07-10,0.0,13efb186
inside_cur_va = val<=close<=vah,2026-07-12,0.0,13efb186
inside_cur_va = val<=close<=vah,2026-07-13,0.0,13efb186
inside_cur_va = val<=close<=vah,2026-07-14,0.0,13efb186
inside_cur_va = val<=close<=vah,2026-07-15,0.0,13efb186
inside_cur_va = val<=close<=vah,2026-07-16,0.0,13efb186
inside_cur_va = val<=close<=vah,2026-07-17,0.0,f6003b62
inside_cur_va = val<=close<=vah,2026-07-19,0.0,f6003b62
inside_cur_va = val<=close<=vah,2026-07-20,0.0007,f6003b62
inside_cur_va = val<=close<=vah,2026-07-21,0.0,f6003b62
inside_cur_va = val<=close<=vah,2026-07-22,0.0,ed53e566
inside_cur_va = val<=close<=vah,2026-07-23,0.0,ed53e566
inside_cur_va = val<=close<=vah,2026-07-24,0.0,ed53e566
inside_cur_va = val<=close<=vah,2026-07-26,0.0,4981d53a
inside_cur_va = val<=close<=vah,2026-07-27,0.0,4981d53a
inside_cur_va = val<=close<=vah,2026-07-28,0.0,4981d53a
inside_cur_va = val<=close<=vah,2026-07-29,0.0,4981d53a
inside_cur_va = val<=close<=vah,2026-07-30,0.0,4981d53a
inside_cur_va = val<=close<=vah,2026-07-31,0.0,4981d53a
inside_cur_va = val<=close<=vah,2026-08-02,0.0,e9f2b72b
inside_cur_va = val<=close<=vah,2026-08-03,0.0,e9f2b72b
inside_cur_va = val<=close<=vah,2026-08-04,0.0,1d20af93
inside_cur_va = val<=close<=vah,2026-08-05,0.0,0e82f56e
inside_cur_va = val<=close<=vah,2026-08-06,0.0,feec66f6
inside_cur_va = val<=close<=vah,2026-08-07,0.0,287627ed
inside_cur_va = val<=close<=vah,2026-08-09,0.0,43f2daf5
inside_cur_va = val<=close<=vah,2026-08-10,0.0,78177655
inside_cur_va = val<=close<=vah,2026-08-11,0.0,78177655
inside_cur_va = val<=close<=vah,2026-08-12,0.0,78177655
inside_cur_va = val<=close<=vah,2026-08-13,0.0,78177655
inside_cur_va = val<=close<=vah,2026-08-14,0.0008,78177655
inside_cur_va = val<=close<=vah,2026-08-16,0.0,605df903
inside_cur_va = val<=close<=vah,2026-08-17,0.0,605df903
inside_cur_va = val<=close<=vah,2026-08-18,0.0007,605df903
inside_cur_va = val<=close<=vah,2026-08-19,0.0,605df903
inside_cur_va = val<=close<=vah,2026-08-20,0.0,605df903
inside_cur_va = val<=close<=vah,2026-08-21,0.0,605df903
inside_cur_va = val<=close<=vah,2026-08-23,0.0,605df903
inside_cur_va = val<=close<=vah,2026-08-24,0.0007,605df903
inside_cur_va = val<=close<=vah,2026-08-25,0.0,605df903
inside_cur_va = val<=close<=vah,2026-08-26,0.0,605df903
inside_cur_va = val<=close<=vah,2026-08-27,0.0,605df903
inside_cur_va = val<=close<=vah,2026-08-28,0.0,605df903
inside_cur_va = val<=close<=vah,2026-08-30,0.0,605df903
inside_cur_va = val<=close<=vah,2026-08-31,0.0007,605df903
inside_cur_va = val<=close<=vah,2026-09-01,0.0,605df903
inside_cur_va = val<=close<=vah,2026-09-02,0.0,605df903
inside_cur_va = val<=close<=vah,2026-09-03,0.0,605df903
inside_cur_va = val<=close<=vah,2026-09-04,0.0,605df903
bool_above_pdh <-> dist_pdh<0,2026-06-10,0.0,None
bool_above_pdh <-> dist_pdh<0,2026-06-11,0.0181,c43dc080
bool_above_pdh <-> dist_pdh<0,2026-06-12,0.2638,3d61b74d
bool_above_pdh <-> dist_pdh<0,2026-06-14,0.225,73ba58b9
bool_above_pdh <-> dist_pdh<0,2026-06-15,0.913,73ba58b9
bool_above_pdh <-> dist_pdh<0,2026-06-16,0.0,e7199bc7
bool_above_pdh <-> dist_pdh<0,2026-06-17,0.0,e7199bc7
bool_above_pdh <-> dist_pdh<0,2026-06-18,0.0,e7199bc7
bool_above_pdh <-> dist_pdh<0,2026-06-19,0.0,9238adc1
bool_above_pdh <-> dist_pdh<0,2026-06-21,0.0,9238adc1
bool_above_pdh <-> dist_pdh<0,2026-06-22,0.4319,9238adc1
bool_above_pdh <-> dist_pdh<0,2026-06-23,0.0,9238adc1
bool_above_pdh <-> dist_pdh<0,2026-06-24,0.0,9238adc1
bool_above_pdh <-> dist_pdh<0,2026-06-25,0.0,9238adc1
bool_above_pdh <-> dist_pdh<0,2026-06-26,0.0,9238adc1
bool_above_pdh <-> dist_pdh<0,2026-06-28,0.0,944f7204
bool_above_pdh <-> dist_pdh<0,2026-06-29,0.0,944f7204
bool_above_pdh <-> dist_pdh<0,2026-06-30,0.0,944f7204
bool_above_pdh <-> dist_pdh<0,2026-07-01,0.0,944f7204
bool_above_pdh <-> dist_pdh<0,2026-07-02,0.0,944f7204
bool_above_pdh <-> dist_pdh<0,2026-07-03,0.0,0658f3c8
bool_above_pdh <-> dist_pdh<0,2026-07-05,0.0,13efb186
bool_above_pdh <-> dist_pdh<0,2026-07-06,0.0,13efb186
bool_above_pdh <-> dist_pdh<0,2026-07-07,0.0,13efb186
bool_above_pdh <-> dist_pdh<0,2026-07-08,0.0,13efb186
bool_above_pdh <-> dist_pdh<0,2026-07-09,0.0,13efb186
bool_above_pdh <-> dist_pdh<0,2026-07-10,0.0,13efb186
bool_above_pdh <-> dist_pdh<0,2026-07-12,0.0,13efb186
bool_above_pdh <-> dist_pdh<0,2026-07-13,0.0,13efb186
bool_above_pdh <-> dist_pdh<0,2026-07-14,0.0,13efb186
bool_above_pdh <-> dist_pdh<0,2026-07-15,0.0,13efb186
bool_above_pdh <-> dist_pdh<0,2026-07-16,0.0,13efb186
bool_above_pdh <-> dist_pdh<0,2026-07-17,0.0,f6003b62
bool_above_pdh <-> dist_pdh<0,2026-07-19,0.0,f6003b62
bool_above_pdh <-> dist_pdh<0,2026-07-20,0.0,f6003b62
bool_above_pdh <-> dist_pdh<0,2026-07-21,0.0,f6003b62
bool_above_pdh <-> dist_pdh<0,2026-07-22,0.0,ed53e566
bool_above_pdh <-> dist_pdh<0,2026-07-23,0.0,ed53e566
bool_above_pdh <-> dist_pdh<0,2026-07-24,0.0,ed53e566
bool_above_pdh <-> dist_pdh<0,2026-07-26,0.0,4981d53a
bool_above_pdh <-> dist_pdh<0,2026-07-27,0.0,4981d53a
bool_above_pdh <-> dist_pdh<0,2026-07-28,0.0,4981d53a
bool_above_pdh <-> dist_pdh<0,2026-07-29,0.0,4981d53a
bool_above_pdh <-> dist_pdh<0,2026-07-30,0.0,4981d53a
bool_above_pdh <-> dist_pdh<0,2026-07-31,0.0,4981d53a
bool_above_pdh <-> dist_pdh<0,2026-08-02,0.0,e9f2b72b
bool_above_pdh <-> dist_pdh<0,2026-08-03,0.0,e9f2b72b
bool_above_pdh <-> dist_pdh<0,2026-08-04,0.0,1d20af93
bool_above_pdh <-> dist_pdh<0,2026-08-05,0.0,0e82f56e
bool_above_pdh <-> dist_pdh<0,2026-08-06,0.0,feec66f6
bool_above_pdh <-> dist_pdh<0,2026-08-07,0.0,287627ed
bool_above_pdh <-> dist_pdh<0,2026-08-09,0.0,43f2daf5
bool_above_pdh <-> dist_pdh<0,2026-08-10,0.0,78177655
bool_above_pdh <-> dist_pdh<0,2026-08-11,0.0,78177655
bool_above_pdh <-> dist_pdh<0,2026-08-12,0.0,78177655
bool_above_pdh <-> dist_pdh<0,2026-08-13,0.0,78177655
bool_above_pdh <-> dist_pdh<0,2026-08-14,0.0,78177655
bool_above_pdh <-> dist_pdh<0,2026-08-16,0.0,605df903
bool_above_pdh <-> dist_pdh<0,2026-08-17,0.0,605df903
bool_above_pdh <-> dist_pdh<0,2026-08-18,0.0,605df903
bool_above_pdh <-> dist_pdh<0,2026-08-19,0.0,605df903
bool_above_pdh <-> dist_pdh<0,2026-08-20,0.0,605df903
bool_above_pdh <-> dist_pdh<0,2026-08-21,0.0,605df903
bool_above_pdh <-> dist_pdh<0,2026-08-23,0.0,605df903
bool_above_pdh <-> dist_pdh<0,2026-08-24,0.0,605df903
bool_above_pdh <-> dist_pdh<0,2026-08-25,0.0,605df903
bool_above_pdh <-> dist_pdh<0,2026-08-26,0.0,605df903
bool_above_pdh <-> dist_pdh<0,2026-08-27,0.0,605df903
bool_above_pdh <-> dist_pdh<0,2026-08-28,0.0,605df903
bool_above_pdh <-> dist_pdh<0,2026-08-30,0.0,605df903
bool_above_pdh <-> dist_pdh<0,2026-08-31,0.0,605df903
bool_above_pdh <-> dist_pdh<0,2026-09-01,0.0,605df903
bool_above_pdh <-> dist_pdh<0,2026-09-02,0.0,605df903
bool_above_pdh <-> dist_pdh<0,2026-09-03,0.0,605df903
bool_above_pdh <-> dist_pdh<0,2026-09-04,0.0,605df903
