check,jour,taux_echec,boot_id
"high >= max(open,close)",2026-06-11,0.0,c43dc080
"high >= max(open,close)",2026-06-12,0.0,3d61b74d
"high >= max(open,close)",2026-06-15,0.0,114b1ca4
"high >= max(open,close)",2026-06-16,0.0,e7199bc7
"high >= max(open,close)",2026-06-17,0.0,e7199bc7
"high >= max(open,close)",2026-06-18,0.0,e7199bc7
"high >= max(open,close)",2026-06-19,0.0,9238adc1
"high >= max(open,close)",2026-06-21,0.0,9238adc1
"high >= max(open,close)",2026-06-22,0.0,9238adc1
"high >= max(open,close)",2026-06-23,0.0,9238adc1
"high >= max(open,close)",2026-06-24,0.0,9238adc1
"high >= max(open,close)",2026-06-25,0.0,9238adc1
"high >= max(open,close)",2026-06-26,0.0,9238adc1
"high >= max(open,close)",2026-06-28,0.0,944f7204
"high >= max(open,close)",2026-06-29,0.0,944f7204
"high >= max(open,close)",2026-06-30,0.0,944f7204
"high >= max(open,close)",2026-07-01,0.0,944f7204
"high >= max(open,close)",2026-07-02,0.0,944f7204
"high >= max(open,close)",2026-07-03,0.0,0658f3c8
"high >= max(open,close)",2026-07-05,0.0,13efb186
"high >= max(open,close)",2026-07-06,0.0,13efb186
"high >= max(open,close)",2026-07-07,0.0,13efb186
"high >= max(open,close)",2026-07-08,0.0,13efb186
"high >= max(open,close)",2026-07-09,0.0,13efb186
"high >= max(open,close)",2026-07-10,0.0,13efb186
"high >= max(open,close)",2026-07-12,0.0,13efb186
"high >= max(open,close)",2026-07-13,0.0,13efb186
"high >= max(open,close)",2026-07-14,0.0,13efb186
"high >= max(open,close)",2026-07-15,0.0,13efb186
"high >= max(open,close)",2026-07-16,0.0,13efb186
"high >= max(open,close)",2026-07-17,0.0,f6003b62
"high >= max(open,close)",2026-07-19,0.0,f6003b62
"high >= max(open,close)",2026-07-20,0.0,f6003b62
"high >= max(open,close)",2026-07-21,0.0,f6003b62
"high >= max(open,close)",2026-07-22,0.0,ed53e566
"high >= max(open,close)",2026-07-23,0.0,ed53e566
"high >= max(open,close)",2026-07-24,0.0,ed53e566
"high >= max(open,close)",2026-07-26,0.0,4981d53a
"high >= max(open,close)",2026-07-27,0.0,4981d53a
"high >= max(open,close)",2026-07-28,0.0,4981d53a
"high >= max(open,close)",2026-07-29,0.0,4981d53a
"high >= max(open,close)",2026-07-30,0.0,4981d53a
"high >= max(open,close)",2026-07-31,0.0,4981d53a
"high >= max(open,close)",2026-08-03,0.0,e9f2b72b
"high >= max(open,close)",2026-08-04,0.0,1d20af93
"high >= max(open,close)",2026-08-05,0.0,0e82f56e
"high >= max(open,close)",2026-08-06,0.0,feec66f6
"high >= max(open,close)",2026-08-07,0.0,287627ed
"high >= max(open,close)",2026-08-09,0.0,43f2daf5
"high >= max(open,close)",2026-08-10,0.0,78177655
"high >= max(open,close)",2026-08-11,0.0,78177655
"high >= max(open,close)",2026-08-12,0.0,78177655
"high >= max(open,close)",2026-08-13,0.0,78177655
"high >= max(open,close)",2026-08-14,0.0,78177655
"high >= max(open,close)",2026-08-16,0.0,605df903
"high >= max(open,close)",2026-08-17,0.0,605df903
"high >= max(open,close)",2026-08-18,0.0,605df903
"high >= max(open,close)",2026-08-19,0.0,605df903
"high >= max(open,close)",2026-08-20,0.0,605df903
"high >= max(open,close)",2026-08-21,0.0,605df903
"high >= max(open,close)",2026-08-23,0.0,605df903
"high >= max(open,close)",2026-08-24,0.0,605df903
"high >= max(open,close)",2026-08-25,0.0,605df903
"high >= max(open,close)",2026-08-26,0.0,605df903
"high >= max(open,close)",2026-08-27,0.0,605df903
"high >= max(open,close)",2026-08-28,0.0,605df903
"high >= max(open,close)",2026-08-30,0.0,605df903
"high >= max(open,close)",2026-08-31,0.0,605df903
"high >= max(open,close)",2026-09-01,0.0,605df903
"high >= max(open,close)",2026-09-02,0.0,605df903
"high >= max(open,close)",2026-09-03,0.0,605df903
"high >= max(open,close)",2026-09-04,0.0,605df903
"low  <= min(open,close)",2026-06-11,0.0,c43dc080
"low  <= min(open,close)",2026-06-12,0.0,3d61b74d
"low  <= min(open,close)",2026-06-15,0.0,114b1ca4
"low  <= min(open,close)",2026-06-16,0.0,e7199bc7
"low  <= min(open,close)",2026-06-17,0.0,e7199bc7
"low  <= min(open,close)",2026-06-18,0.0,e7199bc7
"low  <= min(open,close)",2026-06-19,0.0,9238adc1
"low  <= min(open,close)",2026-06-21,0.0,9238adc1
"low  <= min(open,close)",2026-06-22,0.0,9238adc1
"low  <= min(open,close)",2026-06-23,0.0,9238adc1
"low  <= min(open,close)",2026-06-24,0.0,9238adc1
"low  <= min(open,close)",2026-06-25,0.0,9238adc1
"low  <= min(open,close)",2026-06-26,0.0,9238adc1
"low  <= min(open,close)",2026-06-28,0.0,944f7204
"low  <= min(open,close)",2026-06-29,0.0,944f7204
"low  <= min(open,close)",2026-06-30,0.0,944f7204
"low  <= min(open,close)",2026-07-01,0.0,944f7204
"low  <= min(open,close)",2026-07-02,0.0,944f7204
"low  <= min(open,close)",2026-07-03,0.0,0658f3c8
"low  <= min(open,close)",2026-07-05,0.0,13efb186
"low  <= min(open,close)",2026-07-06,0.0,13efb186
"low  <= min(open,close)",2026-07-07,0.0,13efb186
"low  <= min(open,close)",2026-07-08,0.0,13efb186
"low  <= min(open,close)",2026-07-09,0.0,13efb186
"low  <= min(open,close)",2026-07-10,0.0,13efb186
"low  <= min(open,close)",2026-07-12,0.0,13efb186
"low  <= min(open,close)",2026-07-13,0.0,13efb186
"low  <= min(open,close)",2026-07-14,0.0,13efb186
"low  <= min(open,close)",2026-07-15,0.0,13efb186
"low  <= min(open,close)",2026-07-16,0.0,13efb186
"low  <= min(open,close)",2026-07-17,0.0,f6003b62
"low  <= min(open,close)",2026-07-19,0.0,f6003b62
"low  <= min(open,close)",2026-07-20,0.0,f6003b62
"low  <= min(open,close)",2026-07-21,0.0,f6003b62
"low  <= min(open,close)",2026-07-22,0.0,ed53e566
"low  <= min(open,close)",2026-07-23,0.0,ed53e566
"low  <= min(open,close)",2026-07-24,0.0,ed53e566
"low  <= min(open,close)",2026-07-26,0.0,4981d53a
"low  <= min(open,close)",2026-07-27,0.0,4981d53a
"low  <= min(open,close)",2026-07-28,0.0,4981d53a
"low  <= min(open,close)",2026-07-29,0.0,4981d53a
"low  <= min(open,close)",2026-07-30,0.0,4981d53a
"low  <= min(open,close)",2026-07-31,0.0,4981d53a
"low  <= min(open,close)",2026-08-03,0.0,e9f2b72b
"low  <= min(open,close)",2026-08-04,0.0,1d20af93
"low  <= min(open,close)",2026-08-05,0.0,0e82f56e
"low  <= min(open,close)",2026-08-06,0.0,feec66f6
"low  <= min(open,close)",2026-08-07,0.0,287627ed
"low  <= min(open,close)",2026-08-09,0.0,43f2daf5
"low  <= min(open,close)",2026-08-10,0.0,78177655
"low  <= min(open,close)",2026-08-11,0.0,78177655
"low  <= min(open,close)",2026-08-12,0.0,78177655
"low  <= min(open,close)",2026-08-13,0.0,78177655
"low  <= min(open,close)",2026-08-14,0.0,78177655
"low  <= min(open,close)",2026-08-16,0.0,605df903
"low  <= min(open,close)",2026-08-17,0.0,605df903
"low  <= min(open,close)",2026-08-18,0.0,605df903
"low  <= min(open,close)",2026-08-19,0.0,605df903
"low  <= min(open,close)",2026-08-20,0.0,605df903
"low  <= min(open,close)",2026-08-21,0.0,605df903
"low  <= min(open,close)",2026-08-23,0.0,605df903
"low  <= min(open,close)",2026-08-24,0.0,605df903
"low  <= min(open,close)",2026-08-25,0.0,605df903
"low  <= min(open,close)",2026-08-26,0.0,605df903
"low  <= min(open,close)",2026-08-27,0.0,605df903
"low  <= min(open,close)",2026-08-28,0.0,605df903
"low  <= min(open,close)",2026-08-30,0.0,605df903
"low  <= min(open,close)",2026-08-31,0.0,605df903
"low  <= min(open,close)",2026-09-01,0.0,605df903
"low  <= min(open,close)",2026-09-02,0.0,605df903
"low  <= min(open,close)",2026-09-03,0.0,605df903
"low  <= min(open,close)",2026-09-04,0.0,605df903
range_size = high-low (pts),2026-06-11,0.0,c43dc080
range_size = high-low (pts),2026-06-12,0.0,3d61b74d
range_size = high-low (pts),2026-06-15,0.0,114b1ca4
range_size = high-low (pts),2026-06-16,0.0,e7199bc7
range_size = high-low (pts),2026-06-17,0.0,e7199bc7
range_size = high-low (pts),2026-06-18,0.0,e7199bc7
range_size = high-low (pts),2026-06-19,0.0,9238adc1
range_size = high-low (pts),2026-06-21,0.0,9238adc1
range_size = high-low (pts),2026-06-22,0.0,9238adc1
range_size = high-low (pts),2026-06-23,0.0,9238adc1
range_size = high-low (pts),2026-06-24,0.0,9238adc1
range_size = high-low (pts),2026-06-25,0.0,9238adc1
range_size = high-low (pts),2026-06-26,0.0,9238adc1
range_size = high-low (pts),2026-06-28,0.0,944f7204
range_size = high-low (pts),2026-06-29,0.0,944f7204
range_size = high-low (pts),2026-06-30,0.0,944f7204
range_size = high-low (pts),2026-07-01,0.0,944f7204
range_size = high-low (pts),2026-07-02,0.0,944f7204
range_size = high-low (pts),2026-07-03,0.0,0658f3c8
range_size = high-low (pts),2026-07-05,0.0,13efb186
range_size = high-low (pts),2026-07-06,0.0,13efb186
range_size = high-low (pts),2026-07-07,0.0,13efb186
range_size = high-low (pts),2026-07-08,0.0,13efb186
range_size = high-low (pts),2026-07-09,0.0,13efb186
range_size = high-low (pts),2026-07-10,0.0,13efb186
range_size = high-low (pts),2026-07-12,0.0,13efb186
range_size = high-low (pts),2026-07-13,0.0,13efb186
range_size = high-low (pts),2026-07-14,0.0,13efb186
range_size = high-low (pts),2026-07-15,0.0,13efb186
range_size = high-low (pts),2026-07-16,0.0,13efb186
range_size = high-low (pts),2026-07-17,0.0,f6003b62
range_size = high-low (pts),2026-07-19,0.0,f6003b62
range_size = high-low (pts),2026-07-20,0.0,f6003b62
range_size = high-low (pts),2026-07-21,0.0,f6003b62
range_size = high-low (pts),2026-07-22,0.0,ed53e566
range_size = high-low (pts),2026-07-23,0.0,ed53e566
range_size = high-low (pts),2026-07-24,0.0,ed53e566
range_size = high-low (pts),2026-07-26,0.0,4981d53a
range_size = high-low (pts),2026-07-27,0.0,4981d53a
range_size = high-low (pts),2026-07-28,0.0,4981d53a
range_size = high-low (pts),2026-07-29,0.0,4981d53a
range_size = high-low (pts),2026-07-30,0.0,4981d53a
range_size = high-low (pts),2026-07-31,0.0,4981d53a
range_size = high-low (pts),2026-08-03,0.0,e9f2b72b
range_size = high-low (pts),2026-08-04,0.0,1d20af93
range_size = high-low (pts),2026-08-05,0.0,0e82f56e
range_size = high-low (pts),2026-08-06,0.0,feec66f6
range_size = high-low (pts),2026-08-07,0.0,287627ed
range_size = high-low (pts),2026-08-09,0.0,43f2daf5
range_size = high-low (pts),2026-08-10,0.0,78177655
range_size = high-low (pts),2026-08-11,0.0,78177655
range_size = high-low (pts),2026-08-12,0.0,78177655
range_size = high-low (pts),2026-08-13,0.0,78177655
range_size = high-low (pts),2026-08-14,0.0,78177655
range_size = high-low (pts),2026-08-16,0.0,605df903
range_size = high-low (pts),2026-08-17,0.0,605df903
range_size = high-low (pts),2026-08-18,0.0,605df903
range_size = high-low (pts),2026-08-19,0.0,605df903
range_size = high-low (pts),2026-08-20,0.0,605df903
range_size = high-low (pts),2026-08-21,0.0,605df903
range_size = high-low (pts),2026-08-23,0.0,605df903
range_size = high-low (pts),2026-08-24,0.0,605df903
range_size = high-low (pts),2026-08-25,0.0,605df903
range_size = high-low (pts),2026-08-26,0.0,605df903
range_size = high-low (pts),2026-08-27,0.0,605df903
range_size = high-low (pts),2026-08-28,0.0,605df903
range_size = high-low (pts),2026-08-30,0.0,605df903
range_size = high-low (pts),2026-08-31,0.0,605df903
range_size = high-low (pts),2026-09-01,0.0,605df903
range_size = high-low (pts),2026-09-02,0.0,605df903
range_size = high-low (pts),2026-09-03,0.0,605df903
range_size = high-low (pts),2026-09-04,0.0,605df903
bar_body_ticks = |close-open|/tick,2026-06-10,0.5175,None
bar_body_ticks = |close-open|/tick,2026-06-11,0.4703,c43dc080
bar_body_ticks = |close-open|/tick,2026-06-12,0.5014,3d61b74d
bar_body_ticks = |close-open|/tick,2026-06-15,0.4725,114b1ca4
bar_body_ticks = |close-open|/tick,2026-06-16,0.4768,e7199bc7
bar_body_ticks = |close-open|/tick,2026-06-17,0.4674,e7199bc7
bar_body_ticks = |close-open|/tick,2026-06-18,0.5043,e7199bc7
bar_body_ticks = |close-open|/tick,2026-06-19,0.5061,9238adc1
bar_body_ticks = |close-open|/tick,2026-06-21,0.525,9238adc1
bar_body_ticks = |close-open|/tick,2026-06-22,0.4826,9238adc1
bar_body_ticks = |close-open|/tick,2026-06-23,0.5304,9238adc1
bar_body_ticks = |close-open|/tick,2026-06-24,0.5081,9238adc1
bar_body_ticks = |close-open|/tick,2026-06-25,0.4923,9238adc1
bar_body_ticks = |close-open|/tick,2026-06-26,0.4984,9238adc1
bar_body_ticks = |close-open|/tick,2026-06-28,0.4917,944f7204
bar_body_ticks = |close-open|/tick,2026-06-29,0.4754,944f7204
bar_body_ticks = |close-open|/tick,2026-06-30,0.4826,944f7204
bar_body_ticks = |close-open|/tick,2026-07-01,0.5051,944f7204
bar_body_ticks = |close-open|/tick,2026-07-02,0.492,944f7204
bar_body_ticks = |close-open|/tick,2026-07-03,0.4652,0658f3c8
bar_body_ticks = |close-open|/tick,2026-07-05,0.4917,13efb186
bar_body_ticks = |close-open|/tick,2026-07-06,0.4971,13efb186
bar_body_ticks = |close-open|/tick,2026-07-07,0.5094,13efb186
bar_body_ticks = |close-open|/tick,2026-07-08,0.5022,13efb186
bar_body_ticks = |close-open|/tick,2026-07-09,0.479,13efb186
bar_body_ticks = |close-open|/tick,2026-07-10,0.4794,13efb186
bar_body_ticks = |close-open|/tick,2026-07-12,0.4917,13efb186
bar_body_ticks = |close-open|/tick,2026-07-13,0.5196,13efb186
bar_body_ticks = |close-open|/tick,2026-07-14,0.4768,13efb186
bar_body_ticks = |close-open|/tick,2026-07-15,0.4993,13efb186
bar_body_ticks = |close-open|/tick,2026-07-16,0.529,13efb186
bar_body_ticks = |close-open|/tick,2026-07-17,0.5135,f6003b62
bar_body_ticks = |close-open|/tick,2026-07-19,0.475,f6003b62
bar_body_ticks = |close-open|/tick,2026-07-20,0.4986,f6003b62
bar_body_ticks = |close-open|/tick,2026-07-21,0.4688,f6003b62
bar_body_ticks = |close-open|/tick,2026-07-22,0.4978,ed53e566
bar_body_ticks = |close-open|/tick,2026-07-23,0.4942,ed53e566
bar_body_ticks = |close-open|/tick,2026-07-24,0.527,ed53e566
bar_body_ticks = |close-open|/tick,2026-07-26,0.4667,4981d53a
bar_body_ticks = |close-open|/tick,2026-07-27,0.5087,4981d53a
bar_body_ticks = |close-open|/tick,2026-07-28,0.5014,4981d53a
bar_body_ticks = |close-open|/tick,2026-07-29,0.5036,4981d53a
bar_body_ticks = |close-open|/tick,2026-07-30,0.4906,4981d53a
bar_body_ticks = |close-open|/tick,2026-07-31,0.498,4981d53a
bar_body_ticks = |close-open|/tick,2026-08-03,0.4552,e9f2b72b
bar_body_ticks = |close-open|/tick,2026-08-04,0.4486,1d20af93
bar_body_ticks = |close-open|/tick,2026-08-05,0.4928,0e82f56e
bar_body_ticks = |close-open|/tick,2026-08-06,0.4797,feec66f6
bar_body_ticks = |close-open|/tick,2026-08-07,0.4833,287627ed
bar_body_ticks = |close-open|/tick,2026-08-09,0.4583,43f2daf5
bar_body_ticks = |close-open|/tick,2026-08-10,0.5007,78177655
bar_body_ticks = |close-open|/tick,2026-08-11,0.4841,78177655
bar_body_ticks = |close-open|/tick,2026-08-12,0.4638,78177655
bar_body_ticks = |close-open|/tick,2026-08-13,0.4659,78177655
bar_body_ticks = |close-open|/tick,2026-08-14,0.4802,78177655
bar_body_ticks = |close-open|/tick,2026-08-16,0.4833,605df903
bar_body_ticks = |close-open|/tick,2026-08-17,0.5007,605df903
bar_body_ticks = |close-open|/tick,2026-08-18,0.5145,605df903
bar_body_ticks = |close-open|/tick,2026-08-19,0.4761,605df903
bar_body_ticks = |close-open|/tick,2026-08-20,0.5058,605df903
bar_body_ticks = |close-open|/tick,2026-08-21,0.4714,605df903
bar_body_ticks = |close-open|/tick,2026-08-23,0.4417,605df903
bar_body_ticks = |close-open|/tick,2026-08-24,0.5174,605df903
bar_body_ticks = |close-open|/tick,2026-08-25,0.5087,605df903
bar_body_ticks = |close-open|/tick,2026-08-26,0.4761,605df903
bar_body_ticks = |close-open|/tick,2026-08-27,0.4761,605df903
bar_body_ticks = |close-open|/tick,2026-08-28,0.4921,605df903
bar_body_ticks = |close-open|/tick,2026-08-30,0.5833,605df903
bar_body_ticks = |close-open|/tick,2026-08-31,0.4797,605df903
bar_body_ticks = |close-open|/tick,2026-09-01,0.4913,605df903
bar_body_ticks = |close-open|/tick,2026-09-02,0.4996,605df903
bar_body_ticks = |close-open|/tick,2026-09-03,0.4928,605df903
bar_body_ticks = |close-open|/tick,2026-09-04,0.4681,605df903
bar_body_pct = body/range*100,2026-06-11,0.4691,c43dc080
bar_body_pct = body/range*100,2026-06-12,0.5014,3d61b74d
bar_body_pct = body/range*100,2026-06-15,0.4725,114b1ca4
bar_body_pct = body/range*100,2026-06-16,0.4768,e7199bc7
bar_body_pct = body/range*100,2026-06-17,0.4674,e7199bc7
bar_body_pct = body/range*100,2026-06-18,0.5043,e7199bc7
bar_body_pct = body/range*100,2026-06-19,0.5061,9238adc1
bar_body_pct = body/range*100,2026-06-21,0.525,9238adc1
bar_body_pct = body/range*100,2026-06-22,0.4826,9238adc1
bar_body_pct = body/range*100,2026-06-23,0.5297,9238adc1
bar_body_pct = body/range*100,2026-06-24,0.5081,9238adc1
bar_body_pct = body/range*100,2026-06-25,0.4923,9238adc1
bar_body_pct = body/range*100,2026-06-26,0.4984,9238adc1
bar_body_pct = body/range*100,2026-06-28,0.4917,944f7204
bar_body_pct = body/range*100,2026-06-29,0.4754,944f7204
bar_body_pct = body/range*100,2026-06-30,0.4826,944f7204
bar_body_pct = body/range*100,2026-07-01,0.5051,944f7204
bar_body_pct = body/range*100,2026-07-02,0.492,944f7204
bar_body_pct = body/range*100,2026-07-03,0.4656,0658f3c8
bar_body_pct = body/range*100,2026-07-05,0.4917,13efb186
bar_body_pct = body/range*100,2026-07-06,0.4971,13efb186
bar_body_pct = body/range*100,2026-07-07,0.5094,13efb186
bar_body_pct = body/range*100,2026-07-08,0.5022,13efb186
bar_body_pct = body/range*100,2026-07-09,0.479,13efb186
bar_body_pct = body/range*100,2026-07-10,0.4794,13efb186
bar_body_pct = body/range*100,2026-07-12,0.4917,13efb186
bar_body_pct = body/range*100,2026-07-13,0.5196,13efb186
bar_body_pct = body/range*100,2026-07-14,0.4768,13efb186
bar_body_pct = body/range*100,2026-07-15,0.4993,13efb186
bar_body_pct = body/range*100,2026-07-16,0.529,13efb186
bar_body_pct = body/range*100,2026-07-17,0.5135,f6003b62
bar_body_pct = body/range*100,2026-07-19,0.475,f6003b62
bar_body_pct = body/range*100,2026-07-20,0.4986,f6003b62
bar_body_pct = body/range*100,2026-07-21,0.4688,f6003b62
bar_body_pct = body/range*100,2026-07-22,0.4978,ed53e566
bar_body_pct = body/range*100,2026-07-23,0.4942,ed53e566
bar_body_pct = body/range*100,2026-07-24,0.527,ed53e566
bar_body_pct = body/range*100,2026-07-26,0.4667,4981d53a
bar_body_pct = body/range*100,2026-07-27,0.5087,4981d53a
bar_body_pct = body/range*100,2026-07-28,0.5014,4981d53a
bar_body_pct = body/range*100,2026-07-29,0.5036,4981d53a
bar_body_pct = body/range*100,2026-07-30,0.4906,4981d53a
bar_body_pct = body/range*100,2026-07-31,0.498,4981d53a
bar_body_pct = body/range*100,2026-08-03,0.4552,e9f2b72b
bar_body_pct = body/range*100,2026-08-04,0.4486,1d20af93
bar_body_pct = body/range*100,2026-08-05,0.4928,0e82f56e
bar_body_pct = body/range*100,2026-08-06,0.4797,feec66f6
bar_body_pct = body/range*100,2026-08-07,0.4833,287627ed
bar_body_pct = body/range*100,2026-08-09,0.4583,43f2daf5
bar_body_pct = body/range*100,2026-08-10,0.5007,78177655
bar_body_pct = body/range*100,2026-08-11,0.4841,78177655
bar_body_pct = body/range*100,2026-08-12,0.4638,78177655
bar_body_pct = body/range*100,2026-08-13,0.4659,78177655
bar_body_pct = body/range*100,2026-08-14,0.4802,78177655
bar_body_pct = body/range*100,2026-08-16,0.4833,605df903
bar_body_pct = body/range*100,2026-08-17,0.5015,605df903
bar_body_pct = body/range*100,2026-08-18,0.5145,605df903
bar_body_pct = body/range*100,2026-08-19,0.4761,605df903
bar_body_pct = body/range*100,2026-08-20,0.5058,605df903
bar_body_pct = body/range*100,2026-08-21,0.4714,605df903
bar_body_pct = body/range*100,2026-08-23,0.4417,605df903
bar_body_pct = body/range*100,2026-08-24,0.5174,605df903
bar_body_pct = body/range*100,2026-08-25,0.5091,605df903
bar_body_pct = body/range*100,2026-08-26,0.4761,605df903
bar_body_pct = body/range*100,2026-08-27,0.4761,605df903
bar_body_pct = body/range*100,2026-08-28,0.4921,605df903
bar_body_pct = body/range*100,2026-08-30,0.5833,605df903
bar_body_pct = body/range*100,2026-08-31,0.4797,605df903
bar_body_pct = body/range*100,2026-09-01,0.4913,605df903
bar_body_pct = body/range*100,2026-09-02,0.4996,605df903
bar_body_pct = body/range*100,2026-09-03,0.4935,605df903
bar_body_pct = body/range*100,2026-09-04,0.4681,605df903
range_size_ticks = (high-low)/tick,2026-06-11,0.9985,c43dc080
range_size_ticks = (high-low)/tick,2026-06-12,1.0,3d61b74d
range_size_ticks = (high-low)/tick,2026-06-15,0.9993,114b1ca4
range_size_ticks = (high-low)/tick,2026-06-16,0.9978,e7199bc7
range_size_ticks = (high-low)/tick,2026-06-17,0.9993,e7199bc7
range_size_ticks = (high-low)/tick,2026-06-18,1.0,e7199bc7
range_size_ticks = (high-low)/tick,2026-06-19,1.0,9238adc1
range_size_ticks = (high-low)/tick,2026-06-21,1.0,9238adc1
range_size_ticks = (high-low)/tick,2026-06-22,1.0,9238adc1
range_size_ticks = (high-low)/tick,2026-06-23,1.0,9238adc1
range_size_ticks = (high-low)/tick,2026-06-24,1.0,9238adc1
range_size_ticks = (high-low)/tick,2026-06-25,0.9991,9238adc1
range_size_ticks = (high-low)/tick,2026-06-26,0.9992,9238adc1
range_size_ticks = (high-low)/tick,2026-06-28,1.0,944f7204
range_size_ticks = (high-low)/tick,2026-06-29,1.0,944f7204
range_size_ticks = (high-low)/tick,2026-06-30,1.0,944f7204
range_size_ticks = (high-low)/tick,2026-07-01,1.0,944f7204
range_size_ticks = (high-low)/tick,2026-07-02,1.0,944f7204
range_size_ticks = (high-low)/tick,2026-07-03,1.0,0658f3c8
range_size_ticks = (high-low)/tick,2026-07-05,1.0,13efb186
range_size_ticks = (high-low)/tick,2026-07-06,0.9993,13efb186
range_size_ticks = (high-low)/tick,2026-07-07,0.9993,13efb186
range_size_ticks = (high-low)/tick,2026-07-08,1.0,13efb186
range_size_ticks = (high-low)/tick,2026-07-09,0.9993,13efb186
range_size_ticks = (high-low)/tick,2026-07-10,1.0,13efb186
range_size_ticks = (high-low)/tick,2026-07-12,1.0,13efb186
range_size_ticks = (high-low)/tick,2026-07-13,0.9993,13efb186
range_size_ticks = (high-low)/tick,2026-07-14,0.9978,13efb186
range_size_ticks = (high-low)/tick,2026-07-15,1.0,13efb186
range_size_ticks = (high-low)/tick,2026-07-16,1.0,13efb186
range_size_ticks = (high-low)/tick,2026-07-17,1.0,f6003b62
range_size_ticks = (high-low)/tick,2026-07-19,1.0,f6003b62
range_size_ticks = (high-low)/tick,2026-07-20,1.0,f6003b62
range_size_ticks = (high-low)/tick,2026-07-21,0.9971,f6003b62
range_size_ticks = (high-low)/tick,2026-07-22,1.0,ed53e566
range_size_ticks = (high-low)/tick,2026-07-23,1.0,ed53e566
range_size_ticks = (high-low)/tick,2026-07-24,0.9992,ed53e566
range_size_ticks = (high-low)/tick,2026-07-26,1.0,4981d53a
range_size_ticks = (high-low)/tick,2026-07-27,0.9986,4981d53a
range_size_ticks = (high-low)/tick,2026-07-28,1.0,4981d53a
range_size_ticks = (high-low)/tick,2026-07-29,1.0,4981d53a
range_size_ticks = (high-low)/tick,2026-07-30,0.9993,4981d53a
range_size_ticks = (high-low)/tick,2026-07-31,1.0,4981d53a
range_size_ticks = (high-low)/tick,2026-08-03,0.9987,e9f2b72b
range_size_ticks = (high-low)/tick,2026-08-04,1.0,1d20af93
range_size_ticks = (high-low)/tick,2026-08-05,0.9985,0e82f56e
range_size_ticks = (high-low)/tick,2026-08-06,1.0,feec66f6
range_size_ticks = (high-low)/tick,2026-08-07,1.0,287627ed
range_size_ticks = (high-low)/tick,2026-08-09,0.9915,43f2daf5
range_size_ticks = (high-low)/tick,2026-08-10,0.9989,78177655
range_size_ticks = (high-low)/tick,2026-08-11,0.9993,78177655
range_size_ticks = (high-low)/tick,2026-08-12,0.9986,78177655
range_size_ticks = (high-low)/tick,2026-08-13,0.9978,78177655
range_size_ticks = (high-low)/tick,2026-08-14,0.9968,78177655
range_size_ticks = (high-low)/tick,2026-08-16,1.0,605df903
range_size_ticks = (high-low)/tick,2026-08-17,0.9985,605df903
range_size_ticks = (high-low)/tick,2026-08-18,0.9993,605df903
range_size_ticks = (high-low)/tick,2026-08-19,1.0,605df903
range_size_ticks = (high-low)/tick,2026-08-20,0.9986,605df903
range_size_ticks = (high-low)/tick,2026-08-21,0.9984,605df903
range_size_ticks = (high-low)/tick,2026-08-23,1.0,605df903
range_size_ticks = (high-low)/tick,2026-08-24,1.0,605df903
range_size_ticks = (high-low)/tick,2026-08-25,0.9993,605df903
range_size_ticks = (high-low)/tick,2026-08-26,0.9993,605df903
range_size_ticks = (high-low)/tick,2026-08-27,0.9993,605df903
range_size_ticks = (high-low)/tick,2026-08-28,1.0,605df903
range_size_ticks = (high-low)/tick,2026-08-30,1.0,605df903
range_size_ticks = (high-low)/tick,2026-08-31,0.9986,605df903
range_size_ticks = (high-low)/tick,2026-09-01,1.0,605df903
range_size_ticks = (high-low)/tick,2026-09-02,0.9985,605df903
range_size_ticks = (high-low)/tick,2026-09-03,1.0,605df903
range_size_ticks = (high-low)/tick,2026-09-04,1.0,605df903
volume = total_vol,2026-06-11,0.0,c43dc080
volume = total_vol,2026-06-12,0.0,3d61b74d
volume = total_vol,2026-06-15,0.0,114b1ca4
volume = total_vol,2026-06-16,0.0,e7199bc7
volume = total_vol,2026-06-17,0.0,e7199bc7
volume = total_vol,2026-06-18,0.0,e7199bc7
volume = total_vol,2026-06-19,0.0,9238adc1
volume = total_vol,2026-06-21,0.0,9238adc1
volume = total_vol,2026-06-22,0.0,9238adc1
volume = total_vol,2026-06-23,0.0,9238adc1
volume = total_vol,2026-06-24,0.0,9238adc1
volume = total_vol,2026-06-25,0.0,9238adc1
volume = total_vol,2026-06-26,0.0,9238adc1
volume = total_vol,2026-06-28,0.0,944f7204
volume = total_vol,2026-06-29,0.0,944f7204
volume = total_vol,2026-06-30,0.0,944f7204
volume = total_vol,2026-07-01,0.0,944f7204
volume = total_vol,2026-07-02,0.0,944f7204
volume = total_vol,2026-07-03,0.0,0658f3c8
volume = total_vol,2026-07-05,0.0,13efb186
volume = total_vol,2026-07-06,0.0,13efb186
volume = total_vol,2026-07-07,0.0,13efb186
volume = total_vol,2026-07-08,0.0,13efb186
volume = total_vol,2026-07-09,0.0,13efb186
volume = total_vol,2026-07-10,0.0,13efb186
volume = total_vol,2026-07-12,0.0,13efb186
volume = total_vol,2026-07-13,0.0,13efb186
volume = total_vol,2026-07-14,0.0,13efb186
volume = total_vol,2026-07-15,0.0,13efb186
volume = total_vol,2026-07-16,0.0,13efb186
volume = total_vol,2026-07-17,0.0,f6003b62
volume = total_vol,2026-07-19,0.0,f6003b62
volume = total_vol,2026-07-20,0.0,f6003b62
volume = total_vol,2026-07-21,0.0,f6003b62
volume = total_vol,2026-07-22,0.0,ed53e566
volume = total_vol,2026-07-23,0.0,ed53e566
volume = total_vol,2026-07-24,0.0,ed53e566
volume = total_vol,2026-07-26,0.0,4981d53a
volume = total_vol,2026-07-27,0.0,4981d53a
volume = total_vol,2026-07-28,0.0,4981d53a
volume = total_vol,2026-07-29,0.0,4981d53a
volume = total_vol,2026-07-30,0.0,4981d53a
volume = total_vol,2026-07-31,0.0,4981d53a
volume = total_vol,2026-08-03,0.0,e9f2b72b
volume = total_vol,2026-08-04,0.0,1d20af93
volume = total_vol,2026-08-05,0.0,0e82f56e
volume = total_vol,2026-08-06,0.0,feec66f6
volume = total_vol,2026-08-07,0.0,287627ed
volume = total_vol,2026-08-09,0.0,43f2daf5
volume = total_vol,2026-08-10,0.0,78177655
volume = total_vol,2026-08-11,0.0,78177655
volume = total_vol,2026-08-12,0.0,78177655
volume = total_vol,2026-08-13,0.0,78177655
volume = total_vol,2026-08-14,0.0,78177655
volume = total_vol,2026-08-16,0.0,605df903
volume = total_vol,2026-08-17,0.0,605df903
volume = total_vol,2026-08-18,0.0,605df903
volume = total_vol,2026-08-19,0.0,605df903
volume = total_vol,2026-08-20,0.0,605df903
volume = total_vol,2026-08-21,0.0,605df903
volume = total_vol,2026-08-23,0.0,605df903
volume = total_vol,2026-08-24,0.0,605df903
volume = total_vol,2026-08-25,0.0,605df903
volume = total_vol,2026-08-26,0.0,605df903
volume = total_vol,2026-08-27,0.0,605df903
volume = total_vol,2026-08-28,0.0,605df903
volume = total_vol,2026-08-30,0.0,605df903
volume = total_vol,2026-08-31,0.0,605df903
volume = total_vol,2026-09-01,0.0,605df903
volume = total_vol,2026-09-02,0.0,605df903
volume = total_vol,2026-09-03,0.0,605df903
volume = total_vol,2026-09-04,0.0,605df903
total_vol = buy+sell,2026-06-10,0.0,None
total_vol = buy+sell,2026-06-11,0.0,c43dc080
total_vol = buy+sell,2026-06-12,0.0,3d61b74d
total_vol = buy+sell,2026-06-15,0.0,114b1ca4
total_vol = buy+sell,2026-06-16,0.0,e7199bc7
total_vol = buy+sell,2026-06-17,0.0,e7199bc7
total_vol = buy+sell,2026-06-18,0.0,e7199bc7
total_vol = buy+sell,2026-06-19,0.0,9238adc1
total_vol = buy+sell,2026-06-21,0.0,9238adc1
total_vol = buy+sell,2026-06-22,0.0,9238adc1
total_vol = buy+sell,2026-06-23,0.0,9238adc1
total_vol = buy+sell,2026-06-24,0.0,9238adc1
total_vol = buy+sell,2026-06-25,0.0,9238adc1
total_vol = buy+sell,2026-06-26,0.0,9238adc1
total_vol = buy+sell,2026-06-28,0.0,944f7204
total_vol = buy+sell,2026-06-29,0.0,944f7204
total_vol = buy+sell,2026-06-30,0.0,944f7204
total_vol = buy+sell,2026-07-01,0.0,944f7204
total_vol = buy+sell,2026-07-02,0.0,944f7204
total_vol = buy+sell,2026-07-03,0.0,0658f3c8
total_vol = buy+sell,2026-07-05,0.0,13efb186
total_vol = buy+sell,2026-07-06,0.0,13efb186
total_vol = buy+sell,2026-07-07,0.0,13efb186
total_vol = buy+sell,2026-07-08,0.0,13efb186
total_vol = buy+sell,2026-07-09,0.0,13efb186
total_vol = buy+sell,2026-07-10,0.0,13efb186
total_vol = buy+sell,2026-07-12,0.0,13efb186
total_vol = buy+sell,2026-07-13,0.0,13efb186
total_vol = buy+sell,2026-07-14,0.0,13efb186
total_vol = buy+sell,2026-07-15,0.0,13efb186
total_vol = buy+sell,2026-07-16,0.0,13efb186
total_vol = buy+sell,2026-07-17,0.0,f6003b62
total_vol = buy+sell,2026-07-19,0.0,f6003b62
total_vol = buy+sell,2026-07-20,0.0,f6003b62
total_vol = buy+sell,2026-07-21,0.0,f6003b62
total_vol = buy+sell,2026-07-22,0.0,ed53e566
total_vol = buy+sell,2026-07-23,0.0,ed53e566
total_vol = buy+sell,2026-07-24,0.0,ed53e566
total_vol = buy+sell,2026-07-26,0.0,4981d53a
total_vol = buy+sell,2026-07-27,0.0,4981d53a
total_vol = buy+sell,2026-07-28,0.0,4981d53a
total_vol = buy+sell,2026-07-29,0.0,4981d53a
total_vol = buy+sell,2026-07-30,0.0,4981d53a
total_vol = buy+sell,2026-07-31,0.0,4981d53a
total_vol = buy+sell,2026-08-03,0.0,e9f2b72b
total_vol = buy+sell,2026-08-04,0.0,1d20af93
total_vol = buy+sell,2026-08-05,0.0,0e82f56e
total_vol = buy+sell,2026-08-06,0.0,feec66f6
total_vol = buy+sell,2026-08-07,0.0,287627ed
total_vol = buy+sell,2026-08-09,0.0,43f2daf5
total_vol = buy+sell,2026-08-10,0.0,78177655
total_vol = buy+sell,2026-08-11,0.0,78177655
total_vol = buy+sell,2026-08-12,0.0,78177655
total_vol = buy+sell,2026-08-13,0.0,78177655
total_vol = buy+sell,2026-08-14,0.0,78177655
total_vol = buy+sell,2026-08-16,0.0,605df903
total_vol = buy+sell,2026-08-17,0.0,605df903
total_vol = buy+sell,2026-08-18,0.0,605df903
total_vol = buy+sell,2026-08-19,0.0,605df903
total_vol = buy+sell,2026-08-20,0.0,605df903
total_vol = buy+sell,2026-08-21,0.0,605df903
total_vol = buy+sell,2026-08-23,0.0,605df903
total_vol = buy+sell,2026-08-24,0.0,605df903
total_vol = buy+sell,2026-08-25,0.0,605df903
total_vol = buy+sell,2026-08-26,0.0,605df903
total_vol = buy+sell,2026-08-27,0.0,605df903
total_vol = buy+sell,2026-08-28,0.0,605df903
total_vol = buy+sell,2026-08-30,0.0,605df903
total_vol = buy+sell,2026-08-31,0.0,605df903
total_vol = buy+sell,2026-09-01,0.0,605df903
total_vol = buy+sell,2026-09-02,0.0,605df903
total_vol = buy+sell,2026-09-03,0.0,605df903
total_vol = buy+sell,2026-09-04,0.0,605df903
delta_bar = buy-sell,2026-06-10,0.0,None
delta_bar = buy-sell,2026-06-11,0.0,c43dc080
delta_bar = buy-sell,2026-06-12,0.0,3d61b74d
delta_bar = buy-sell,2026-06-15,0.0,114b1ca4
delta_bar = buy-sell,2026-06-16,0.0,e7199bc7
delta_bar = buy-sell,2026-06-17,0.0,e7199bc7
delta_bar = buy-sell,2026-06-18,0.0,e7199bc7
delta_bar = buy-sell,2026-06-19,0.0,9238adc1
delta_bar = buy-sell,2026-06-21,0.0,9238adc1
delta_bar = buy-sell,2026-06-22,0.0,9238adc1
delta_bar = buy-sell,2026-06-23,0.0,9238adc1
delta_bar = buy-sell,2026-06-24,0.0,9238adc1
delta_bar = buy-sell,2026-06-25,0.0,9238adc1
delta_bar = buy-sell,2026-06-26,0.0,9238adc1
delta_bar = buy-sell,2026-06-28,0.0,944f7204
delta_bar = buy-sell,2026-06-29,0.0,944f7204
delta_bar = buy-sell,2026-06-30,0.0,944f7204
delta_bar = buy-sell,2026-07-01,0.0,944f7204
delta_bar = buy-sell,2026-07-02,0.0,944f7204
delta_bar = buy-sell,2026-07-03,0.0,0658f3c8
delta_bar = buy-sell,2026-07-05,0.0,13efb186
delta_bar = buy-sell,2026-07-06,0.0,13efb186
delta_bar = buy-sell,2026-07-07,0.0,13efb186
delta_bar = buy-sell,2026-07-08,0.0,13efb186
delta_bar = buy-sell,2026-07-09,0.0,13efb186
delta_bar = buy-sell,2026-07-10,0.0,13efb186
delta_bar = buy-sell,2026-07-12,0.0,13efb186
delta_bar = buy-sell,2026-07-13,0.0,13efb186
delta_bar = buy-sell,2026-07-14,0.0,13efb186
delta_bar = buy-sell,2026-07-15,0.0,13efb186
delta_bar = buy-sell,2026-07-16,0.0,13efb186
delta_bar = buy-sell,2026-07-17,0.0,f6003b62
delta_bar = buy-sell,2026-07-19,0.0,f6003b62
delta_bar = buy-sell,2026-07-20,0.0,f6003b62
delta_bar = buy-sell,2026-07-21,0.0,f6003b62
delta_bar = buy-sell,2026-07-22,0.0,ed53e566
delta_bar = buy-sell,2026-07-23,0.0,ed53e566
delta_bar = buy-sell,2026-07-24,0.0,ed53e566
delta_bar = buy-sell,2026-07-26,0.0,4981d53a
delta_bar = buy-sell,2026-07-27,0.0,4981d53a
delta_bar = buy-sell,2026-07-28,0.0,4981d53a
delta_bar = buy-sell,2026-07-29,0.0,4981d53a
delta_bar = buy-sell,2026-07-30,0.0,4981d53a
delta_bar = buy-sell,2026-07-31,0.0,4981d53a
delta_bar = buy-sell,2026-08-03,0.0,e9f2b72b
delta_bar = buy-sell,2026-08-04,0.0,1d20af93
delta_bar = buy-sell,2026-08-05,0.0,0e82f56e
delta_bar = buy-sell,2026-08-06,0.0,feec66f6
delta_bar = buy-sell,2026-08-07,0.0,287627ed
delta_bar = buy-sell,2026-08-09,0.0,43f2daf5
delta_bar = buy-sell,2026-08-10,0.0,78177655
delta_bar = buy-sell,2026-08-11,0.0,78177655
delta_bar = buy-sell,2026-08-12,0.0,78177655
delta_bar = buy-sell,2026-08-13,0.0,78177655
delta_bar = buy-sell,2026-08-14,0.0,78177655
delta_bar = buy-sell,2026-08-16,0.0,605df903
delta_bar = buy-sell,2026-08-17,0.0,605df903
delta_bar = buy-sell,2026-08-18,0.0,605df903
delta_bar = buy-sell,2026-08-19,0.0,605df903
delta_bar = buy-sell,2026-08-20,0.0,605df903
delta_bar = buy-sell,2026-08-21,0.0,605df903
delta_bar = buy-sell,2026-08-23,0.0,605df903
delta_bar = buy-sell,2026-08-24,0.0,605df903
delta_bar = buy-sell,2026-08-25,0.0,605df903
delta_bar = buy-sell,2026-08-26,0.0,605df903
delta_bar = buy-sell,2026-08-27,0.0,605df903
delta_bar = buy-sell,2026-08-28,0.0,605df903
delta_bar = buy-sell,2026-08-30,0.0,605df903
delta_bar = buy-sell,2026-08-31,0.0,605df903
delta_bar = buy-sell,2026-09-01,0.0,605df903
delta_bar = buy-sell,2026-09-02,0.0,605df903
delta_bar = buy-sell,2026-09-03,0.0,605df903
delta_bar = buy-sell,2026-09-04,0.0,605df903
ask_pct + bid_pct = 1,2026-06-10,0.0,None
ask_pct + bid_pct = 1,2026-06-11,0.0,c43dc080
ask_pct + bid_pct = 1,2026-06-12,0.0,3d61b74d
ask_pct + bid_pct = 1,2026-06-15,0.0,114b1ca4
ask_pct + bid_pct = 1,2026-06-16,0.0,e7199bc7
ask_pct + bid_pct = 1,2026-06-17,0.0,e7199bc7
ask_pct + bid_pct = 1,2026-06-18,0.0,e7199bc7
ask_pct + bid_pct = 1,2026-06-19,0.0,9238adc1
ask_pct + bid_pct = 1,2026-06-21,0.0,9238adc1
ask_pct + bid_pct = 1,2026-06-22,0.0,9238adc1
ask_pct + bid_pct = 1,2026-06-23,0.0,9238adc1
ask_pct + bid_pct = 1,2026-06-24,0.0,9238adc1
ask_pct + bid_pct = 1,2026-06-25,0.0,9238adc1
ask_pct + bid_pct = 1,2026-06-26,0.0,9238adc1
ask_pct + bid_pct = 1,2026-06-28,0.0,944f7204
ask_pct + bid_pct = 1,2026-06-29,0.0,944f7204
ask_pct + bid_pct = 1,2026-06-30,0.0,944f7204
ask_pct + bid_pct = 1,2026-07-01,0.0,944f7204
ask_pct + bid_pct = 1,2026-07-02,0.0,944f7204
ask_pct + bid_pct = 1,2026-07-03,0.0,0658f3c8
ask_pct + bid_pct = 1,2026-07-05,0.0,13efb186
ask_pct + bid_pct = 1,2026-07-06,0.0,13efb186
ask_pct + bid_pct = 1,2026-07-07,0.0,13efb186
ask_pct + bid_pct = 1,2026-07-08,0.0,13efb186
ask_pct + bid_pct = 1,2026-07-09,0.0,13efb186
ask_pct + bid_pct = 1,2026-07-10,0.0,13efb186
ask_pct + bid_pct = 1,2026-07-12,0.0,13efb186
ask_pct + bid_pct = 1,2026-07-13,0.0,13efb186
ask_pct + bid_pct = 1,2026-07-14,0.0,13efb186
ask_pct + bid_pct = 1,2026-07-15,0.0,13efb186
ask_pct + bid_pct = 1,2026-07-16,0.0,13efb186
ask_pct + bid_pct = 1,2026-07-17,0.0,f6003b62
ask_pct + bid_pct = 1,2026-07-19,0.0,f6003b62
ask_pct + bid_pct = 1,2026-07-20,0.0,f6003b62
ask_pct + bid_pct = 1,2026-07-21,0.0,f6003b62
ask_pct + bid_pct = 1,2026-07-22,0.0,ed53e566
ask_pct + bid_pct = 1,2026-07-23,0.0,ed53e566
ask_pct + bid_pct = 1,2026-07-24,0.0,ed53e566
ask_pct + bid_pct = 1,2026-07-26,0.0,4981d53a
ask_pct + bid_pct = 1,2026-07-27,0.0,4981d53a
ask_pct + bid_pct = 1,2026-07-28,0.0,4981d53a
ask_pct + bid_pct = 1,2026-07-29,0.0,4981d53a
ask_pct + bid_pct = 1,2026-07-30,0.0,4981d53a
ask_pct + bid_pct = 1,2026-07-31,0.0,4981d53a
ask_pct + bid_pct = 1,2026-08-03,0.0,e9f2b72b
ask_pct + bid_pct = 1,2026-08-04,0.0,1d20af93
ask_pct + bid_pct = 1,2026-08-05,0.0,0e82f56e
ask_pct + bid_pct = 1,2026-08-06,0.0,feec66f6
ask_pct + bid_pct = 1,2026-08-07,0.0,287627ed
ask_pct + bid_pct = 1,2026-08-09,0.0,43f2daf5
ask_pct + bid_pct = 1,2026-08-10,0.0,78177655
ask_pct + bid_pct = 1,2026-08-11,0.0,78177655
ask_pct + bid_pct = 1,2026-08-12,0.0,78177655
ask_pct + bid_pct = 1,2026-08-13,0.0,78177655
ask_pct + bid_pct = 1,2026-08-14,0.0,78177655
ask_pct + bid_pct = 1,2026-08-16,0.0,605df903
ask_pct + bid_pct = 1,2026-08-17,0.0,605df903
ask_pct + bid_pct = 1,2026-08-18,0.0,605df903
ask_pct + bid_pct = 1,2026-08-19,0.0,605df903
ask_pct + bid_pct = 1,2026-08-20,0.0,605df903
ask_pct + bid_pct = 1,2026-08-21,0.0,605df903
ask_pct + bid_pct = 1,2026-08-23,0.0,605df903
ask_pct + bid_pct = 1,2026-08-24,0.0,605df903
ask_pct + bid_pct = 1,2026-08-25,0.0,605df903
ask_pct + bid_pct = 1,2026-08-26,0.0,605df903
ask_pct + bid_pct = 1,2026-08-27,0.0,605df903
ask_pct + bid_pct = 1,2026-08-28,0.0,605df903
ask_pct + bid_pct = 1,2026-08-30,0.0,605df903
ask_pct + bid_pct = 1,2026-08-31,0.0,605df903
ask_pct + bid_pct = 1,2026-09-01,0.0,605df903
ask_pct + bid_pct = 1,2026-09-02,0.0,605df903
ask_pct + bid_pct = 1,2026-09-03,0.0,605df903
ask_pct + bid_pct = 1,2026-09-04,0.0,605df903
ask_pct = buy/total,2026-06-10,0.0,None
ask_pct = buy/total,2026-06-11,0.0,c43dc080
ask_pct = buy/total,2026-06-12,0.0,3d61b74d
ask_pct = buy/total,2026-06-15,0.0,114b1ca4
ask_pct = buy/total,2026-06-16,0.0,e7199bc7
ask_pct = buy/total,2026-06-17,0.0,e7199bc7
ask_pct = buy/total,2026-06-18,0.0,e7199bc7
ask_pct = buy/total,2026-06-19,0.0,9238adc1
ask_pct = buy/total,2026-06-21,0.0,9238adc1
ask_pct = buy/total,2026-06-22,0.0,9238adc1
ask_pct = buy/total,2026-06-23,0.0,9238adc1
ask_pct = buy/total,2026-06-24,0.0,9238adc1
ask_pct = buy/total,2026-06-25,0.0,9238adc1
ask_pct = buy/total,2026-06-26,0.0,9238adc1
ask_pct = buy/total,2026-06-28,0.0,944f7204
ask_pct = buy/total,2026-06-29,0.0,944f7204
ask_pct = buy/total,2026-06-30,0.0,944f7204
ask_pct = buy/total,2026-07-01,0.0,944f7204
ask_pct = buy/total,2026-07-02,0.0,944f7204
ask_pct = buy/total,2026-07-03,0.0,0658f3c8
ask_pct = buy/total,2026-07-05,0.0,13efb186
ask_pct = buy/total,2026-07-06,0.0,13efb186
ask_pct = buy/total,2026-07-07,0.0,13efb186
ask_pct = buy/total,2026-07-08,0.0,13efb186
ask_pct = buy/total,2026-07-09,0.0,13efb186
ask_pct = buy/total,2026-07-10,0.0,13efb186
ask_pct = buy/total,2026-07-12,0.0,13efb186
ask_pct = buy/total,2026-07-13,0.0,13efb186
ask_pct = buy/total,2026-07-14,0.0,13efb186
ask_pct = buy/total,2026-07-15,0.0,13efb186
ask_pct = buy/total,2026-07-16,0.0,13efb186
ask_pct = buy/total,2026-07-17,0.0,f6003b62
ask_pct = buy/total,2026-07-19,0.0,f6003b62
ask_pct = buy/total,2026-07-20,0.0,f6003b62
ask_pct = buy/total,2026-07-21,0.0,f6003b62
ask_pct = buy/total,2026-07-22,0.0,ed53e566
ask_pct = buy/total,2026-07-23,0.0,ed53e566
ask_pct = buy/total,2026-07-24,0.0,ed53e566
ask_pct = buy/total,2026-07-26,0.0,4981d53a
ask_pct = buy/total,2026-07-27,0.0,4981d53a
ask_pct = buy/total,2026-07-28,0.0,4981d53a
ask_pct = buy/total,2026-07-29,0.0,4981d53a
ask_pct = buy/total,2026-07-30,0.0,4981d53a
ask_pct = buy/total,2026-07-31,0.0,4981d53a
ask_pct = buy/total,2026-08-03,0.0,e9f2b72b
ask_pct = buy/total,2026-08-04,0.0,1d20af93
ask_pct = buy/total,2026-08-05,0.0,0e82f56e
ask_pct = buy/total,2026-08-06,0.0,feec66f6
ask_pct = buy/total,2026-08-07,0.0,287627ed
ask_pct = buy/total,2026-08-09,0.0,43f2daf5
ask_pct = buy/total,2026-08-10,0.0,78177655
ask_pct = buy/total,2026-08-11,0.0,78177655
ask_pct = buy/total,2026-08-12,0.0,78177655
ask_pct = buy/total,2026-08-13,0.0,78177655
ask_pct = buy/total,2026-08-14,0.0,78177655
ask_pct = buy/total,2026-08-16,0.0,605df903
ask_pct = buy/total,2026-08-17,0.0,605df903
ask_pct = buy/total,2026-08-18,0.0,605df903
ask_pct = buy/total,2026-08-19,0.0,605df903
ask_pct = buy/total,2026-08-20,0.0,605df903
ask_pct = buy/total,2026-08-21,0.0,605df903
ask_pct = buy/total,2026-08-23,0.0,605df903
ask_pct = buy/total,2026-08-24,0.0,605df903
ask_pct = buy/total,2026-08-25,0.0,605df903
ask_pct = buy/total,2026-08-26,0.0,605df903
ask_pct = buy/total,2026-08-27,0.0,605df903
ask_pct = buy/total,2026-08-28,0.0,605df903
ask_pct = buy/total,2026-08-30,0.0,605df903
ask_pct = buy/total,2026-08-31,0.0,605df903
ask_pct = buy/total,2026-09-01,0.0,605df903
ask_pct = buy/total,2026-09-02,0.0,605df903
ask_pct = buy/total,2026-09-03,0.0,605df903
ask_pct = buy/total,2026-09-04,0.0,605df903
delta_pct = delta/total,2026-06-10,0.0,None
delta_pct = delta/total,2026-06-11,0.0,c43dc080
delta_pct = delta/total,2026-06-12,0.0,3d61b74d
delta_pct = delta/total,2026-06-15,0.0,114b1ca4
delta_pct = delta/total,2026-06-16,0.0,e7199bc7
delta_pct = delta/total,2026-06-17,0.0,e7199bc7
delta_pct = delta/total,2026-06-18,0.0,e7199bc7
delta_pct = delta/total,2026-06-19,0.0,9238adc1
delta_pct = delta/total,2026-06-21,0.0,9238adc1
delta_pct = delta/total,2026-06-22,0.0,9238adc1
delta_pct = delta/total,2026-06-23,0.0,9238adc1
delta_pct = delta/total,2026-06-24,0.0,9238adc1
delta_pct = delta/total,2026-06-25,0.0,9238adc1
delta_pct = delta/total,2026-06-26,0.0,9238adc1
delta_pct = delta/total,2026-06-28,0.0,944f7204
delta_pct = delta/total,2026-06-29,0.0,944f7204
delta_pct = delta/total,2026-06-30,0.0,944f7204
delta_pct = delta/total,2026-07-01,0.0,944f7204
delta_pct = delta/total,2026-07-02,0.0,944f7204
delta_pct = delta/total,2026-07-03,0.0,0658f3c8
delta_pct = delta/total,2026-07-05,0.0,13efb186
delta_pct = delta/total,2026-07-06,0.0,13efb186
delta_pct = delta/total,2026-07-07,0.0,13efb186
delta_pct = delta/total,2026-07-08,0.0,13efb186
delta_pct = delta/total,2026-07-09,0.0,13efb186
delta_pct = delta/total,2026-07-10,0.0,13efb186
delta_pct = delta/total,2026-07-12,0.0,13efb186
delta_pct = delta/total,2026-07-13,0.0,13efb186
delta_pct = delta/total,2026-07-14,0.0,13efb186
delta_pct = delta/total,2026-07-15,0.0,13efb186
delta_pct = delta/total,2026-07-16,0.0,13efb186
delta_pct = delta/total,2026-07-17,0.0,f6003b62
delta_pct = delta/total,2026-07-19,0.0,f6003b62
delta_pct = delta/total,2026-07-20,0.0,f6003b62
delta_pct = delta/total,2026-07-21,0.0,f6003b62
delta_pct = delta/total,2026-07-22,0.0,ed53e566
delta_pct = delta/total,2026-07-23,0.0,ed53e566
delta_pct = delta/total,2026-07-24,0.0,ed53e566
delta_pct = delta/total,2026-07-26,0.0,4981d53a
delta_pct = delta/total,2026-07-27,0.0,4981d53a
delta_pct = delta/total,2026-07-28,0.0,4981d53a
delta_pct = delta/total,2026-07-29,0.0,4981d53a
delta_pct = delta/total,2026-07-30,0.0,4981d53a
delta_pct = delta/total,2026-07-31,0.0,4981d53a
delta_pct = delta/total,2026-08-03,0.0,e9f2b72b
delta_pct = delta/total,2026-08-04,0.0,1d20af93
delta_pct = delta/total,2026-08-05,0.0,0e82f56e
delta_pct = delta/total,2026-08-06,0.0,feec66f6
delta_pct = delta/total,2026-08-07,0.0,287627ed
delta_pct = delta/total,2026-08-09,0.0,43f2daf5
delta_pct = delta/total,2026-08-10,0.0,78177655
delta_pct = delta/total,2026-08-11,0.0,78177655
delta_pct = delta/total,2026-08-12,0.0,78177655
delta_pct = delta/total,2026-08-13,0.0,78177655
delta_pct = delta/total,2026-08-14,0.0,78177655
delta_pct = delta/total,2026-08-16,0.0,605df903
delta_pct = delta/total,2026-08-17,0.0,605df903
delta_pct = delta/total,2026-08-18,0.0,605df903
delta_pct = delta/total,2026-08-19,0.0,605df903
delta_pct = delta/total,2026-08-20,0.0,605df903
delta_pct = delta/total,2026-08-21,0.0,605df903
delta_pct = delta/total,2026-08-23,0.0,605df903
delta_pct = delta/total,2026-08-24,0.0,605df903
delta_pct = delta/total,2026-08-25,0.0,605df903
delta_pct = delta/total,2026-08-26,0.0,605df903
delta_pct = delta/total,2026-08-27,0.0,605df903
delta_pct = delta/total,2026-08-28,0.0,605df903
delta_pct = delta/total,2026-08-30,0.0,605df903
delta_pct = delta/total,2026-08-31,0.0,605df903
delta_pct = delta/total,2026-09-01,0.0,605df903
delta_pct = delta/total,2026-09-02,0.0,605df903
delta_pct = delta/total,2026-09-03,0.0,605df903
delta_pct = delta/total,2026-09-04,0.0,605df903
delta_bar_vol_norm = delta_pct,2026-06-10,0.0,None
delta_bar_vol_norm = delta_pct,2026-06-11,0.0,c43dc080
delta_bar_vol_norm = delta_pct,2026-06-12,0.0,3d61b74d
delta_bar_vol_norm = delta_pct,2026-06-15,0.0,114b1ca4
delta_bar_vol_norm = delta_pct,2026-06-16,0.0,e7199bc7
delta_bar_vol_norm = delta_pct,2026-06-17,0.0,e7199bc7
delta_bar_vol_norm = delta_pct,2026-06-18,0.0,e7199bc7
delta_bar_vol_norm = delta_pct,2026-06-19,0.0,9238adc1
delta_bar_vol_norm = delta_pct,2026-06-21,0.0,9238adc1
delta_bar_vol_norm = delta_pct,2026-06-22,0.0,9238adc1
delta_bar_vol_norm = delta_pct,2026-06-23,0.0,9238adc1
delta_bar_vol_norm = delta_pct,2026-06-24,0.0,9238adc1
delta_bar_vol_norm = delta_pct,2026-06-25,0.0,9238adc1
delta_bar_vol_norm = delta_pct,2026-06-26,0.0,9238adc1
delta_bar_vol_norm = delta_pct,2026-06-28,0.0,944f7204
delta_bar_vol_norm = delta_pct,2026-06-29,0.0,944f7204
delta_bar_vol_norm = delta_pct,2026-06-30,0.0,944f7204
delta_bar_vol_norm = delta_pct,2026-07-01,0.0,944f7204
delta_bar_vol_norm = delta_pct,2026-07-02,0.0,944f7204
delta_bar_vol_norm = delta_pct,2026-07-03,0.0,0658f3c8
delta_bar_vol_norm = delta_pct,2026-07-05,0.0,13efb186
delta_bar_vol_norm = delta_pct,2026-07-06,0.0,13efb186
delta_bar_vol_norm = delta_pct,2026-07-07,0.0,13efb186
delta_bar_vol_norm = delta_pct,2026-07-08,0.0,13efb186
delta_bar_vol_norm = delta_pct,2026-07-09,0.0,13efb186
delta_bar_vol_norm = delta_pct,2026-07-10,0.0,13efb186
delta_bar_vol_norm = delta_pct,2026-07-12,0.0,13efb186
delta_bar_vol_norm = delta_pct,2026-07-13,0.0,13efb186
delta_bar_vol_norm = delta_pct,2026-07-14,0.0,13efb186
delta_bar_vol_norm = delta_pct,2026-07-15,0.0,13efb186
delta_bar_vol_norm = delta_pct,2026-07-16,0.0,13efb186
delta_bar_vol_norm = delta_pct,2026-07-17,0.0,f6003b62
delta_bar_vol_norm = delta_pct,2026-07-19,0.0,f6003b62
delta_bar_vol_norm = delta_pct,2026-07-20,0.0,f6003b62
delta_bar_vol_norm = delta_pct,2026-07-21,0.0,f6003b62
delta_bar_vol_norm = delta_pct,2026-07-22,0.0,ed53e566
delta_bar_vol_norm = delta_pct,2026-07-23,0.0,ed53e566
delta_bar_vol_norm = delta_pct,2026-07-24,0.0,ed53e566
delta_bar_vol_norm = delta_pct,2026-07-26,0.0,4981d53a
delta_bar_vol_norm = delta_pct,2026-07-27,0.0,4981d53a
delta_bar_vol_norm = delta_pct,2026-07-28,0.0,4981d53a
delta_bar_vol_norm = delta_pct,2026-07-29,0.0,4981d53a
delta_bar_vol_norm = delta_pct,2026-07-30,0.0,4981d53a
delta_bar_vol_norm = delta_pct,2026-07-31,0.0,4981d53a
delta_bar_vol_norm = delta_pct,2026-08-03,0.0,e9f2b72b
delta_bar_vol_norm = delta_pct,2026-08-04,0.0,1d20af93
delta_bar_vol_norm = delta_pct,2026-08-05,0.0,0e82f56e
delta_bar_vol_norm = delta_pct,2026-08-06,0.0,feec66f6
delta_bar_vol_norm = delta_pct,2026-08-07,0.0,287627ed
delta_bar_vol_norm = delta_pct,2026-08-09,0.0,43f2daf5
delta_bar_vol_norm = delta_pct,2026-08-10,0.0,78177655
delta_bar_vol_norm = delta_pct,2026-08-11,0.0,78177655
delta_bar_vol_norm = delta_pct,2026-08-12,0.0,78177655
delta_bar_vol_norm = delta_pct,2026-08-13,0.0,78177655
delta_bar_vol_norm = delta_pct,2026-08-14,0.0,78177655
delta_bar_vol_norm = delta_pct,2026-08-16,0.0,605df903
delta_bar_vol_norm = delta_pct,2026-08-17,0.0,605df903
delta_bar_vol_norm = delta_pct,2026-08-18,0.0,605df903
delta_bar_vol_norm = delta_pct,2026-08-19,0.0,605df903
delta_bar_vol_norm = delta_pct,2026-08-20,0.0,605df903
delta_bar_vol_norm = delta_pct,2026-08-21,0.0,605df903
delta_bar_vol_norm = delta_pct,2026-08-23,0.0,605df903
delta_bar_vol_norm = delta_pct,2026-08-24,0.0,605df903
delta_bar_vol_norm = delta_pct,2026-08-25,0.0,605df903
delta_bar_vol_norm = delta_pct,2026-08-26,0.0,605df903
delta_bar_vol_norm = delta_pct,2026-08-27,0.0,605df903
delta_bar_vol_norm = delta_pct,2026-08-28,0.0,605df903
delta_bar_vol_norm = delta_pct,2026-08-30,0.0,605df903
delta_bar_vol_norm = delta_pct,2026-08-31,0.0,605df903
delta_bar_vol_norm = delta_pct,2026-09-01,0.0,605df903
delta_bar_vol_norm = delta_pct,2026-09-02,0.0,605df903
delta_bar_vol_norm = delta_pct,2026-09-03,0.0,605df903
delta_bar_vol_norm = delta_pct,2026-09-04,0.0,605df903
ask_bid_imbalance = ask_pct-bid_pct,2026-06-10,0.0,None
ask_bid_imbalance = ask_pct-bid_pct,2026-06-11,0.0,c43dc080
ask_bid_imbalance = ask_pct-bid_pct,2026-06-12,0.0,3d61b74d
ask_bid_imbalance = ask_pct-bid_pct,2026-06-15,0.0,114b1ca4
ask_bid_imbalance = ask_pct-bid_pct,2026-06-16,0.0,e7199bc7
ask_bid_imbalance = ask_pct-bid_pct,2026-06-17,0.0,e7199bc7
ask_bid_imbalance = ask_pct-bid_pct,2026-06-18,0.0,e7199bc7
ask_bid_imbalance = ask_pct-bid_pct,2026-06-19,0.0,9238adc1
ask_bid_imbalance = ask_pct-bid_pct,2026-06-21,0.0,9238adc1
ask_bid_imbalance = ask_pct-bid_pct,2026-06-22,0.0,9238adc1
ask_bid_imbalance = ask_pct-bid_pct,2026-06-23,0.0,9238adc1
ask_bid_imbalance = ask_pct-bid_pct,2026-06-24,0.0,9238adc1
ask_bid_imbalance = ask_pct-bid_pct,2026-06-25,0.0,9238adc1
ask_bid_imbalance = ask_pct-bid_pct,2026-06-26,0.0,9238adc1
ask_bid_imbalance = ask_pct-bid_pct,2026-06-28,0.0,944f7204
ask_bid_imbalance = ask_pct-bid_pct,2026-06-29,0.0,944f7204
ask_bid_imbalance = ask_pct-bid_pct,2026-06-30,0.0,944f7204
ask_bid_imbalance = ask_pct-bid_pct,2026-07-01,0.0,944f7204
ask_bid_imbalance = ask_pct-bid_pct,2026-07-02,0.0,944f7204
ask_bid_imbalance = ask_pct-bid_pct,2026-07-03,0.0,0658f3c8
ask_bid_imbalance = ask_pct-bid_pct,2026-07-05,0.0,13efb186
ask_bid_imbalance = ask_pct-bid_pct,2026-07-06,0.0,13efb186
ask_bid_imbalance = ask_pct-bid_pct,2026-07-07,0.0,13efb186
ask_bid_imbalance = ask_pct-bid_pct,2026-07-08,0.0,13efb186
ask_bid_imbalance = ask_pct-bid_pct,2026-07-09,0.0,13efb186
ask_bid_imbalance = ask_pct-bid_pct,2026-07-10,0.0,13efb186
ask_bid_imbalance = ask_pct-bid_pct,2026-07-12,0.0,13efb186
ask_bid_imbalance = ask_pct-bid_pct,2026-07-13,0.0,13efb186
ask_bid_imbalance = ask_pct-bid_pct,2026-07-14,0.0,13efb186
ask_bid_imbalance = ask_pct-bid_pct,2026-07-15,0.0,13efb186
ask_bid_imbalance = ask_pct-bid_pct,2026-07-16,0.0,13efb186
ask_bid_imbalance = ask_pct-bid_pct,2026-07-17,0.0,f6003b62
ask_bid_imbalance = ask_pct-bid_pct,2026-07-19,0.0,f6003b62
ask_bid_imbalance = ask_pct-bid_pct,2026-07-20,0.0,f6003b62
ask_bid_imbalance = ask_pct-bid_pct,2026-07-21,0.0,f6003b62
ask_bid_imbalance = ask_pct-bid_pct,2026-07-22,0.0,ed53e566
ask_bid_imbalance = ask_pct-bid_pct,2026-07-23,0.0,ed53e566
ask_bid_imbalance = ask_pct-bid_pct,2026-07-24,0.0,ed53e566
ask_bid_imbalance = ask_pct-bid_pct,2026-07-26,0.0,4981d53a
ask_bid_imbalance = ask_pct-bid_pct,2026-07-27,0.0,4981d53a
ask_bid_imbalance = ask_pct-bid_pct,2026-07-28,0.0,4981d53a
ask_bid_imbalance = ask_pct-bid_pct,2026-07-29,0.0,4981d53a
ask_bid_imbalance = ask_pct-bid_pct,2026-07-30,0.0,4981d53a
ask_bid_imbalance = ask_pct-bid_pct,2026-07-31,0.0,4981d53a
ask_bid_imbalance = ask_pct-bid_pct,2026-08-03,0.0,e9f2b72b
ask_bid_imbalance = ask_pct-bid_pct,2026-08-04,0.0,1d20af93
ask_bid_imbalance = ask_pct-bid_pct,2026-08-05,0.0,0e82f56e
ask_bid_imbalance = ask_pct-bid_pct,2026-08-06,0.0,feec66f6
ask_bid_imbalance = ask_pct-bid_pct,2026-08-07,0.0,287627ed
ask_bid_imbalance = ask_pct-bid_pct,2026-08-09,0.0,43f2daf5
ask_bid_imbalance = ask_pct-bid_pct,2026-08-10,0.0,78177655
ask_bid_imbalance = ask_pct-bid_pct,2026-08-11,0.0,78177655
ask_bid_imbalance = ask_pct-bid_pct,2026-08-12,0.0,78177655
ask_bid_imbalance = ask_pct-bid_pct,2026-08-13,0.0,78177655
ask_bid_imbalance = ask_pct-bid_pct,2026-08-14,0.0,78177655
ask_bid_imbalance = ask_pct-bid_pct,2026-08-16,0.0,605df903
ask_bid_imbalance = ask_pct-bid_pct,2026-08-17,0.0,605df903
ask_bid_imbalance = ask_pct-bid_pct,2026-08-18,0.0,605df903
ask_bid_imbalance = ask_pct-bid_pct,2026-08-19,0.0,605df903
ask_bid_imbalance = ask_pct-bid_pct,2026-08-20,0.0,605df903
ask_bid_imbalance = ask_pct-bid_pct,2026-08-21,0.0,605df903
ask_bid_imbalance = ask_pct-bid_pct,2026-08-23,0.0,605df903
ask_bid_imbalance = ask_pct-bid_pct,2026-08-24,0.0,605df903
ask_bid_imbalance = ask_pct-bid_pct,2026-08-25,0.0,605df903
ask_bid_imbalance = ask_pct-bid_pct,2026-08-26,0.0,605df903
ask_bid_imbalance = ask_pct-bid_pct,2026-08-27,0.0,605df903
ask_bid_imbalance = ask_pct-bid_pct,2026-08-28,0.0,605df903
ask_bid_imbalance = ask_pct-bid_pct,2026-08-30,0.0,605df903
ask_bid_imbalance = ask_pct-bid_pct,2026-08-31,0.0,605df903
ask_bid_imbalance = ask_pct-bid_pct,2026-09-01,0.0,605df903
ask_bid_imbalance = ask_pct-bid_pct,2026-09-02,0.0,605df903
ask_bid_imbalance = ask_pct-bid_pct,2026-09-03,0.0,605df903
ask_bid_imbalance = ask_pct-bid_pct,2026-09-04,0.0,605df903
cvd_bar_delta = delta_bar,2026-06-10,0.0,None
cvd_bar_delta = delta_bar,2026-06-11,0.0,c43dc080
cvd_bar_delta = delta_bar,2026-06-12,0.0,3d61b74d
cvd_bar_delta = delta_bar,2026-06-15,0.0,114b1ca4
cvd_bar_delta = delta_bar,2026-06-16,0.0,e7199bc7
cvd_bar_delta = delta_bar,2026-06-17,0.0,e7199bc7
cvd_bar_delta = delta_bar,2026-06-18,0.0,e7199bc7
cvd_bar_delta = delta_bar,2026-06-19,0.001,9238adc1
cvd_bar_delta = delta_bar,2026-06-21,0.0,9238adc1
cvd_bar_delta = delta_bar,2026-06-22,0.0,9238adc1
cvd_bar_delta = delta_bar,2026-06-23,0.0,9238adc1
cvd_bar_delta = delta_bar,2026-06-24,0.0,9238adc1
cvd_bar_delta = delta_bar,2026-06-25,0.0,9238adc1
cvd_bar_delta = delta_bar,2026-06-26,0.0,9238adc1
cvd_bar_delta = delta_bar,2026-06-28,0.0,944f7204
cvd_bar_delta = delta_bar,2026-06-29,0.0,944f7204
cvd_bar_delta = delta_bar,2026-06-30,0.0,944f7204
cvd_bar_delta = delta_bar,2026-07-01,0.0,944f7204
cvd_bar_delta = delta_bar,2026-07-02,0.0,944f7204
cvd_bar_delta = delta_bar,2026-07-03,0.0,0658f3c8
cvd_bar_delta = delta_bar,2026-07-05,0.0,13efb186
cvd_bar_delta = delta_bar,2026-07-06,0.0,13efb186
cvd_bar_delta = delta_bar,2026-07-07,0.0,13efb186
cvd_bar_delta = delta_bar,2026-07-08,0.0,13efb186
cvd_bar_delta = delta_bar,2026-07-09,0.0,13efb186
cvd_bar_delta = delta_bar,2026-07-10,0.0,13efb186
cvd_bar_delta = delta_bar,2026-07-12,0.0,13efb186
cvd_bar_delta = delta_bar,2026-07-13,0.0,13efb186
cvd_bar_delta = delta_bar,2026-07-14,0.0,13efb186
cvd_bar_delta = delta_bar,2026-07-15,0.0,13efb186
cvd_bar_delta = delta_bar,2026-07-16,0.0,13efb186
cvd_bar_delta = delta_bar,2026-07-17,0.0,f6003b62
cvd_bar_delta = delta_bar,2026-07-19,0.0,f6003b62
cvd_bar_delta = delta_bar,2026-07-20,0.0,f6003b62
cvd_bar_delta = delta_bar,2026-07-21,0.0,f6003b62
cvd_bar_delta = delta_bar,2026-07-22,0.0,ed53e566
cvd_bar_delta = delta_bar,2026-07-23,0.0,ed53e566
cvd_bar_delta = delta_bar,2026-07-24,0.0,ed53e566
cvd_bar_delta = delta_bar,2026-07-26,0.0,4981d53a
cvd_bar_delta = delta_bar,2026-07-27,0.0,4981d53a
cvd_bar_delta = delta_bar,2026-07-28,0.0,4981d53a
cvd_bar_delta = delta_bar,2026-07-29,0.0,4981d53a
cvd_bar_delta = delta_bar,2026-07-30,0.0,4981d53a
cvd_bar_delta = delta_bar,2026-07-31,0.0,4981d53a
cvd_bar_delta = delta_bar,2026-08-03,0.0,e9f2b72b
cvd_bar_delta = delta_bar,2026-08-04,0.0,1d20af93
cvd_bar_delta = delta_bar,2026-08-05,0.0,0e82f56e
cvd_bar_delta = delta_bar,2026-08-06,0.0,feec66f6
cvd_bar_delta = delta_bar,2026-08-07,0.0,287627ed
cvd_bar_delta = delta_bar,2026-08-09,0.0,43f2daf5
cvd_bar_delta = delta_bar,2026-08-10,0.0,78177655
cvd_bar_delta = delta_bar,2026-08-11,0.0,78177655
cvd_bar_delta = delta_bar,2026-08-12,0.0,78177655
cvd_bar_delta = delta_bar,2026-08-13,0.0,78177655
cvd_bar_delta = delta_bar,2026-08-14,0.0,78177655
cvd_bar_delta = delta_bar,2026-08-16,0.0,605df903
cvd_bar_delta = delta_bar,2026-08-17,0.0,605df903
cvd_bar_delta = delta_bar,2026-08-18,0.0,605df903
cvd_bar_delta = delta_bar,2026-08-19,0.0,605df903
cvd_bar_delta = delta_bar,2026-08-20,0.0,605df903
cvd_bar_delta = delta_bar,2026-08-21,0.0,605df903
cvd_bar_delta = delta_bar,2026-08-23,0.0,605df903
cvd_bar_delta = delta_bar,2026-08-24,0.0,605df903
cvd_bar_delta = delta_bar,2026-08-25,0.0,605df903
cvd_bar_delta = delta_bar,2026-08-26,0.0,605df903
cvd_bar_delta = delta_bar,2026-08-27,0.0,605df903
cvd_bar_delta = delta_bar,2026-08-28,0.0,605df903
cvd_bar_delta = delta_bar,2026-08-30,0.0,605df903
cvd_bar_delta = delta_bar,2026-08-31,0.0,605df903
cvd_bar_delta = delta_bar,2026-09-01,0.0,605df903
cvd_bar_delta = delta_bar,2026-09-02,0.0007,605df903
cvd_bar_delta = delta_bar,2026-09-03,0.0,605df903
cvd_bar_delta = delta_bar,2026-09-04,0.0,605df903
delta_day = cumsum(delta_bar) par session Sierra,2026-06-10,1.0,None
delta_day = cumsum(delta_bar) par session Sierra,2026-06-11,1.0,c43dc080
delta_day = cumsum(delta_bar) par session Sierra,2026-06-12,1.0,3d61b74d
delta_day = cumsum(delta_bar) par session Sierra,2026-06-15,1.0,114b1ca4
delta_day = cumsum(delta_bar) par session Sierra,2026-06-16,1.0,e7199bc7
delta_day = cumsum(delta_bar) par session Sierra,2026-06-17,1.0,e7199bc7
delta_day = cumsum(delta_bar) par session Sierra,2026-06-18,1.0,e7199bc7
delta_day = cumsum(delta_bar) par session Sierra,2026-06-19,1.0,9238adc1
delta_day = cumsum(delta_bar) par session Sierra,2026-06-21,0.9917,9238adc1
delta_day = cumsum(delta_bar) par session Sierra,2026-06-22,1.0,9238adc1
delta_day = cumsum(delta_bar) par session Sierra,2026-06-23,1.0,9238adc1
delta_day = cumsum(delta_bar) par session Sierra,2026-06-24,1.0,9238adc1
delta_day = cumsum(delta_bar) par session Sierra,2026-06-25,1.0,9238adc1
delta_day = cumsum(delta_bar) par session Sierra,2026-06-26,1.0,9238adc1
delta_day = cumsum(delta_bar) par session Sierra,2026-06-28,0.9917,944f7204
delta_day = cumsum(delta_bar) par session Sierra,2026-06-29,1.0,944f7204
delta_day = cumsum(delta_bar) par session Sierra,2026-06-30,1.0,944f7204
delta_day = cumsum(delta_bar) par session Sierra,2026-07-01,1.0,944f7204
delta_day = cumsum(delta_bar) par session Sierra,2026-07-02,1.0,944f7204
delta_day = cumsum(delta_bar) par session Sierra,2026-07-03,1.0,0658f3c8
delta_day = cumsum(delta_bar) par session Sierra,2026-07-05,0.9917,13efb186
delta_day = cumsum(delta_bar) par session Sierra,2026-07-06,1.0,13efb186
delta_day = cumsum(delta_bar) par session Sierra,2026-07-07,1.0,13efb186
delta_day = cumsum(delta_bar) par session Sierra,2026-07-08,1.0,13efb186
delta_day = cumsum(delta_bar) par session Sierra,2026-07-09,1.0,13efb186
delta_day = cumsum(delta_bar) par session Sierra,2026-07-10,1.0,13efb186
delta_day = cumsum(delta_bar) par session Sierra,2026-07-12,0.9917,13efb186
delta_day = cumsum(delta_bar) par session Sierra,2026-07-13,1.0,13efb186
delta_day = cumsum(delta_bar) par session Sierra,2026-07-14,1.0,13efb186
delta_day = cumsum(delta_bar) par session Sierra,2026-07-15,1.0,13efb186
delta_day = cumsum(delta_bar) par session Sierra,2026-07-16,1.0,13efb186
delta_day = cumsum(delta_bar) par session Sierra,2026-07-17,1.0,f6003b62
delta_day = cumsum(delta_bar) par session Sierra,2026-07-19,0.9917,f6003b62
delta_day = cumsum(delta_bar) par session Sierra,2026-07-20,1.0,f6003b62
delta_day = cumsum(delta_bar) par session Sierra,2026-07-21,1.0,f6003b62
delta_day = cumsum(delta_bar) par session Sierra,2026-07-22,1.0,ed53e566
delta_day = cumsum(delta_bar) par session Sierra,2026-07-23,1.0,ed53e566
delta_day = cumsum(delta_bar) par session Sierra,2026-07-24,1.0,ed53e566
delta_day = cumsum(delta_bar) par session Sierra,2026-07-26,0.9917,4981d53a
delta_day = cumsum(delta_bar) par session Sierra,2026-07-27,1.0,4981d53a
delta_day = cumsum(delta_bar) par session Sierra,2026-07-28,1.0,4981d53a
delta_day = cumsum(delta_bar) par session Sierra,2026-07-29,1.0,4981d53a
delta_day = cumsum(delta_bar) par session Sierra,2026-07-30,1.0,4981d53a
delta_day = cumsum(delta_bar) par session Sierra,2026-07-31,1.0,4981d53a
delta_day = cumsum(delta_bar) par session Sierra,2026-08-03,0.1547,e9f2b72b
delta_day = cumsum(delta_bar) par session Sierra,2026-08-04,1.0,1d20af93
delta_day = cumsum(delta_bar) par session Sierra,2026-08-05,1.0,0e82f56e
delta_day = cumsum(delta_bar) par session Sierra,2026-08-06,1.0,feec66f6
delta_day = cumsum(delta_bar) par session Sierra,2026-08-07,1.0,287627ed
delta_day = cumsum(delta_bar) par session Sierra,2026-08-09,0.9917,43f2daf5
delta_day = cumsum(delta_bar) par session Sierra,2026-08-10,1.0,78177655
delta_day = cumsum(delta_bar) par session Sierra,2026-08-11,1.0,78177655
delta_day = cumsum(delta_bar) par session Sierra,2026-08-12,1.0,78177655
delta_day = cumsum(delta_bar) par session Sierra,2026-08-13,1.0,78177655
delta_day = cumsum(delta_bar) par session Sierra,2026-08-14,1.0,78177655
delta_day = cumsum(delta_bar) par session Sierra,2026-08-16,0.9917,605df903
delta_day = cumsum(delta_bar) par session Sierra,2026-08-17,1.0,605df903
delta_day = cumsum(delta_bar) par session Sierra,2026-08-18,1.0,605df903
delta_day = cumsum(delta_bar) par session Sierra,2026-08-19,1.0,605df903
delta_day = cumsum(delta_bar) par session Sierra,2026-08-20,1.0,605df903
delta_day = cumsum(delta_bar) par session Sierra,2026-08-21,1.0,605df903
delta_day = cumsum(delta_bar) par session Sierra,2026-08-23,0.9917,605df903
delta_day = cumsum(delta_bar) par session Sierra,2026-08-24,1.0,605df903
delta_day = cumsum(delta_bar) par session Sierra,2026-08-25,1.0,605df903
delta_day = cumsum(delta_bar) par session Sierra,2026-08-26,1.0,605df903
delta_day = cumsum(delta_bar) par session Sierra,2026-08-27,1.0,605df903
delta_day = cumsum(delta_bar) par session Sierra,2026-08-28,1.0,605df903
delta_day = cumsum(delta_bar) par session Sierra,2026-08-30,0.9917,605df903
delta_day = cumsum(delta_bar) par session Sierra,2026-08-31,1.0,605df903
delta_day = cumsum(delta_bar) par session Sierra,2026-09-01,1.0,605df903
delta_day = cumsum(delta_bar) par session Sierra,2026-09-02,1.0,605df903
delta_day = cumsum(delta_bar) par session Sierra,2026-09-03,1.0,605df903
delta_day = cumsum(delta_bar) par session Sierra,2026-09-04,1.0,605df903
delta_day = cumsum par session_date (temoin),2026-06-10,1.0,None
delta_day = cumsum par session_date (temoin),2026-06-11,1.0,c43dc080
delta_day = cumsum par session_date (temoin),2026-06-12,1.0,3d61b74d
delta_day = cumsum par session_date (temoin),2026-06-15,1.0,114b1ca4
delta_day = cumsum par session_date (temoin),2026-06-16,1.0,e7199bc7
delta_day = cumsum par session_date (temoin),2026-06-17,1.0,e7199bc7
delta_day = cumsum par session_date (temoin),2026-06-18,1.0,e7199bc7
delta_day = cumsum par session_date (temoin),2026-06-19,1.0,9238adc1
delta_day = cumsum par session_date (temoin),2026-06-21,0.9917,9238adc1
delta_day = cumsum par session_date (temoin),2026-06-22,1.0,9238adc1
delta_day = cumsum par session_date (temoin),2026-06-23,1.0,9238adc1
delta_day = cumsum par session_date (temoin),2026-06-24,1.0,9238adc1
delta_day = cumsum par session_date (temoin),2026-06-25,1.0,9238adc1
delta_day = cumsum par session_date (temoin),2026-06-26,1.0,9238adc1
delta_day = cumsum par session_date (temoin),2026-06-28,0.9917,944f7204
delta_day = cumsum par session_date (temoin),2026-06-29,1.0,944f7204
delta_day = cumsum par session_date (temoin),2026-06-30,1.0,944f7204
delta_day = cumsum par session_date (temoin),2026-07-01,1.0,944f7204
delta_day = cumsum par session_date (temoin),2026-07-02,1.0,944f7204
delta_day = cumsum par session_date (temoin),2026-07-03,1.0,0658f3c8
delta_day = cumsum par session_date (temoin),2026-07-05,0.9917,13efb186
delta_day = cumsum par session_date (temoin),2026-07-06,1.0,13efb186
delta_day = cumsum par session_date (temoin),2026-07-07,1.0,13efb186
delta_day = cumsum par session_date (temoin),2026-07-08,1.0,13efb186
delta_day = cumsum par session_date (temoin),2026-07-09,1.0,13efb186
delta_day = cumsum par session_date (temoin),2026-07-10,1.0,13efb186
delta_day = cumsum par session_date (temoin),2026-07-12,0.9917,13efb186
delta_day = cumsum par session_date (temoin),2026-07-13,1.0,13efb186
delta_day = cumsum par session_date (temoin),2026-07-14,1.0,13efb186
delta_day = cumsum par session_date (temoin),2026-07-15,1.0,13efb186
delta_day = cumsum par session_date (temoin),2026-07-16,1.0,13efb186
delta_day = cumsum par session_date (temoin),2026-07-17,1.0,f6003b62
delta_day = cumsum par session_date (temoin),2026-07-19,0.9917,f6003b62
delta_day = cumsum par session_date (temoin),2026-07-20,1.0,f6003b62
delta_day = cumsum par session_date (temoin),2026-07-21,1.0,f6003b62
delta_day = cumsum par session_date (temoin),2026-07-22,1.0,ed53e566
delta_day = cumsum par session_date (temoin),2026-07-23,1.0,ed53e566
delta_day = cumsum par session_date (temoin),2026-07-24,1.0,ed53e566
delta_day = cumsum par session_date (temoin),2026-07-26,0.9917,4981d53a
delta_day = cumsum par session_date (temoin),2026-07-27,1.0,4981d53a
delta_day = cumsum par session_date (temoin),2026-07-28,1.0,4981d53a
delta_day = cumsum par session_date (temoin),2026-07-29,1.0,4981d53a
delta_day = cumsum par session_date (temoin),2026-07-30,1.0,4981d53a
delta_day = cumsum par session_date (temoin),2026-07-31,1.0,4981d53a
delta_day = cumsum par session_date (temoin),2026-08-03,0.1547,e9f2b72b
delta_day = cumsum par session_date (temoin),2026-08-04,1.0,1d20af93
delta_day = cumsum par session_date (temoin),2026-08-05,1.0,0e82f56e
delta_day = cumsum par session_date (temoin),2026-08-06,1.0,feec66f6
delta_day = cumsum par session_date (temoin),2026-08-07,1.0,287627ed
delta_day = cumsum par session_date (temoin),2026-08-09,0.9917,43f2daf5
delta_day = cumsum par session_date (temoin),2026-08-10,1.0,78177655
delta_day = cumsum par session_date (temoin),2026-08-11,1.0,78177655
delta_day = cumsum par session_date (temoin),2026-08-12,1.0,78177655
delta_day = cumsum par session_date (temoin),2026-08-13,1.0,78177655
delta_day = cumsum par session_date (temoin),2026-08-14,1.0,78177655
delta_day = cumsum par session_date (temoin),2026-08-16,0.9917,605df903
delta_day = cumsum par session_date (temoin),2026-08-17,1.0,605df903
delta_day = cumsum par session_date (temoin),2026-08-18,1.0,605df903
delta_day = cumsum par session_date (temoin),2026-08-19,1.0,605df903
delta_day = cumsum par session_date (temoin),2026-08-20,1.0,605df903
delta_day = cumsum par session_date (temoin),2026-08-21,1.0,605df903
delta_day = cumsum par session_date (temoin),2026-08-23,0.9917,605df903
delta_day = cumsum par session_date (temoin),2026-08-24,1.0,605df903
delta_day = cumsum par session_date (temoin),2026-08-25,1.0,605df903
delta_day = cumsum par session_date (temoin),2026-08-26,1.0,605df903
delta_day = cumsum par session_date (temoin),2026-08-27,1.0,605df903
delta_day = cumsum par session_date (temoin),2026-08-28,1.0,605df903
delta_day = cumsum par session_date (temoin),2026-08-30,0.9917,605df903
delta_day = cumsum par session_date (temoin),2026-08-31,1.0,605df903
delta_day = cumsum par session_date (temoin),2026-09-01,1.0,605df903
delta_day = cumsum par session_date (temoin),2026-09-02,1.0,605df903
delta_day = cumsum par session_date (temoin),2026-09-03,1.0,605df903
delta_day = cumsum par session_date (temoin),2026-09-04,1.0,605df903
cvd_day = delta_day,2026-06-10,0.601,None
cvd_day = delta_day,2026-06-11,1.0,c43dc080
cvd_day = delta_day,2026-06-12,1.0,3d61b74d
cvd_day = delta_day,2026-06-15,1.0,114b1ca4
cvd_day = delta_day,2026-06-16,1.0,e7199bc7
cvd_day = delta_day,2026-06-17,1.0,e7199bc7
cvd_day = delta_day,2026-06-18,0.3638,e7199bc7
cvd_day = delta_day,2026-06-19,0.0,9238adc1
cvd_day = delta_day,2026-06-21,0.0,9238adc1
cvd_day = delta_day,2026-06-22,0.0,9238adc1
cvd_day = delta_day,2026-06-23,0.0,9238adc1
cvd_day = delta_day,2026-06-24,0.0,9238adc1
cvd_day = delta_day,2026-06-25,0.0,9238adc1
cvd_day = delta_day,2026-06-26,0.0,9238adc1
cvd_day = delta_day,2026-06-28,0.0,944f7204
cvd_day = delta_day,2026-06-29,0.0,944f7204
cvd_day = delta_day,2026-06-30,0.0,944f7204
cvd_day = delta_day,2026-07-01,0.0,944f7204
cvd_day = delta_day,2026-07-02,0.0,944f7204
cvd_day = delta_day,2026-07-03,0.0,0658f3c8
cvd_day = delta_day,2026-07-05,0.0,13efb186
cvd_day = delta_day,2026-07-06,0.0,13efb186
cvd_day = delta_day,2026-07-07,0.0,13efb186
cvd_day = delta_day,2026-07-08,0.0,13efb186
cvd_day = delta_day,2026-07-09,0.0,13efb186
cvd_day = delta_day,2026-07-10,0.0,13efb186
cvd_day = delta_day,2026-07-12,0.0,13efb186
cvd_day = delta_day,2026-07-13,0.0,13efb186
cvd_day = delta_day,2026-07-14,0.0,13efb186
cvd_day = delta_day,2026-07-15,0.0,13efb186
cvd_day = delta_day,2026-07-16,0.0,13efb186
cvd_day = delta_day,2026-07-17,0.0,f6003b62
cvd_day = delta_day,2026-07-19,0.0,f6003b62
cvd_day = delta_day,2026-07-20,0.0,f6003b62
cvd_day = delta_day,2026-07-21,0.0,f6003b62
cvd_day = delta_day,2026-07-22,0.0,ed53e566
cvd_day = delta_day,2026-07-23,0.0,ed53e566
cvd_day = delta_day,2026-07-24,0.0,ed53e566
cvd_day = delta_day,2026-07-26,0.0,4981d53a
cvd_day = delta_day,2026-07-27,0.0,4981d53a
cvd_day = delta_day,2026-07-28,0.0,4981d53a
cvd_day = delta_day,2026-07-29,0.0,4981d53a
cvd_day = delta_day,2026-07-30,0.0,4981d53a
cvd_day = delta_day,2026-07-31,0.0,4981d53a
cvd_day = delta_day,2026-08-03,0.0,e9f2b72b
cvd_day = delta_day,2026-08-04,0.0,1d20af93
cvd_day = delta_day,2026-08-05,0.0,0e82f56e
cvd_day = delta_day,2026-08-06,0.0,feec66f6
cvd_day = delta_day,2026-08-07,0.0,287627ed
cvd_day = delta_day,2026-08-09,0.0,43f2daf5
cvd_day = delta_day,2026-08-10,0.0,78177655
cvd_day = delta_day,2026-08-11,0.0,78177655
cvd_day = delta_day,2026-08-12,0.0,78177655
cvd_day = delta_day,2026-08-13,0.0,78177655
cvd_day = delta_day,2026-08-14,0.0,78177655
cvd_day = delta_day,2026-08-16,0.0,605df903
cvd_day = delta_day,2026-08-17,0.0,605df903
cvd_day = delta_day,2026-08-18,0.0,605df903
cvd_day = delta_day,2026-08-19,0.0,605df903
cvd_day = delta_day,2026-08-20,0.0,605df903
cvd_day = delta_day,2026-08-21,0.0,605df903
cvd_day = delta_day,2026-08-23,0.0,605df903
cvd_day = delta_day,2026-08-24,0.0,605df903
cvd_day = delta_day,2026-08-25,0.0,605df903
cvd_day = delta_day,2026-08-26,0.0,605df903
cvd_day = delta_day,2026-08-27,0.0,605df903
cvd_day = delta_day,2026-08-28,0.0,605df903
cvd_day = delta_day,2026-08-30,0.0,605df903
cvd_day = delta_day,2026-08-31,0.0,605df903
cvd_day = delta_day,2026-09-01,0.0,605df903
cvd_day = delta_day,2026-09-02,0.0,605df903
cvd_day = delta_day,2026-09-03,0.0,605df903
cvd_day = delta_day,2026-09-04,0.0,605df903
cvd_session = cumsum(delta) depuis 9h30 ET,2026-06-11,1.0,c43dc080
cvd_session = cumsum(delta) depuis 9h30 ET,2026-06-12,1.0,3d61b74d
cvd_session = cumsum(delta) depuis 9h30 ET,2026-06-15,1.0,114b1ca4
cvd_session = cumsum(delta) depuis 9h30 ET,2026-06-16,1.0,e7199bc7
cvd_session = cumsum(delta) depuis 9h30 ET,2026-06-17,1.0,e7199bc7
cvd_session = cumsum(delta) depuis 9h30 ET,2026-06-18,1.0,e7199bc7
cvd_session = cumsum(delta) depuis 9h30 ET,2026-06-19,1.0,9238adc1
cvd_session = cumsum(delta) depuis 9h30 ET,2026-06-22,1.0,9238adc1
cvd_session = cumsum(delta) depuis 9h30 ET,2026-06-23,1.0,9238adc1
cvd_session = cumsum(delta) depuis 9h30 ET,2026-06-25,1.0,9238adc1
cvd_session = cumsum(delta) depuis 9h30 ET,2026-06-26,1.0,9238adc1
cvd_session = cumsum(delta) depuis 9h30 ET,2026-06-29,1.0,944f7204
cvd_session = cumsum(delta) depuis 9h30 ET,2026-06-30,1.0,944f7204
cvd_session = cumsum(delta) depuis 9h30 ET,2026-07-01,1.0,944f7204
cvd_session = cumsum(delta) depuis 9h30 ET,2026-07-02,1.0,944f7204
cvd_session = cumsum(delta) depuis 9h30 ET,2026-07-03,1.0,0658f3c8
cvd_session = cumsum(delta) depuis 9h30 ET,2026-07-06,1.0,13efb186
cvd_session = cumsum(delta) depuis 9h30 ET,2026-07-07,1.0,13efb186
cvd_session = cumsum(delta) depuis 9h30 ET,2026-07-08,1.0,13efb186
cvd_session = cumsum(delta) depuis 9h30 ET,2026-07-09,1.0,13efb186
cvd_session = cumsum(delta) depuis 9h30 ET,2026-07-10,1.0,13efb186
cvd_session = cumsum(delta) depuis 9h30 ET,2026-07-13,1.0,13efb186
cvd_session = cumsum(delta) depuis 9h30 ET,2026-07-14,1.0,13efb186
cvd_session = cumsum(delta) depuis 9h30 ET,2026-07-15,1.0,13efb186
cvd_session = cumsum(delta) depuis 9h30 ET,2026-07-16,1.0,13efb186
cvd_session = cumsum(delta) depuis 9h30 ET,2026-07-17,1.0,f6003b62
cvd_session = cumsum(delta) depuis 9h30 ET,2026-07-20,1.0,f6003b62
cvd_session = cumsum(delta) depuis 9h30 ET,2026-07-21,1.0,f6003b62
cvd_session = cumsum(delta) depuis 9h30 ET,2026-07-22,1.0,ed53e566
cvd_session = cumsum(delta) depuis 9h30 ET,2026-07-23,1.0,ed53e566
cvd_session = cumsum(delta) depuis 9h30 ET,2026-07-24,1.0,ed53e566
cvd_session = cumsum(delta) depuis 9h30 ET,2026-07-27,1.0,4981d53a
cvd_session = cumsum(delta) depuis 9h30 ET,2026-07-28,1.0,4981d53a
cvd_session = cumsum(delta) depuis 9h30 ET,2026-07-29,1.0,4981d53a
cvd_session = cumsum(delta) depuis 9h30 ET,2026-07-30,1.0,4981d53a
cvd_session = cumsum(delta) depuis 9h30 ET,2026-07-31,1.0,4981d53a
cvd_session = cumsum(delta) depuis 9h30 ET,2026-08-03,1.0,e9f2b72b
cvd_session = cumsum(delta) depuis 9h30 ET,2026-08-04,1.0,1d20af93
cvd_session = cumsum(delta) depuis 9h30 ET,2026-08-05,1.0,0e82f56e
cvd_session = cumsum(delta) depuis 9h30 ET,2026-08-06,1.0,feec66f6
cvd_session = cumsum(delta) depuis 9h30 ET,2026-08-07,1.0,287627ed
cvd_session = cumsum(delta) depuis 9h30 ET,2026-08-10,1.0,78177655
cvd_session = cumsum(delta) depuis 9h30 ET,2026-08-11,1.0,78177655
cvd_session = cumsum(delta) depuis 9h30 ET,2026-08-12,1.0,78177655
cvd_session = cumsum(delta) depuis 9h30 ET,2026-08-13,1.0,78177655
cvd_session = cumsum(delta) depuis 9h30 ET,2026-08-14,1.0,78177655
cvd_session = cumsum(delta) depuis 9h30 ET,2026-08-17,1.0,605df903
cvd_session = cumsum(delta) depuis 9h30 ET,2026-08-18,1.0,605df903
cvd_session = cumsum(delta) depuis 9h30 ET,2026-08-19,1.0,605df903
cvd_session = cumsum(delta) depuis 9h30 ET,2026-08-20,1.0,605df903
cvd_session = cumsum(delta) depuis 9h30 ET,2026-08-21,1.0,605df903
cvd_session = cumsum(delta) depuis 9h30 ET,2026-08-24,1.0,605df903
cvd_session = cumsum(delta) depuis 9h30 ET,2026-08-25,1.0,605df903
cvd_session = cumsum(delta) depuis 9h30 ET,2026-08-26,1.0,605df903
cvd_session = cumsum(delta) depuis 9h30 ET,2026-08-27,1.0,605df903
cvd_session = cumsum(delta) depuis 9h30 ET,2026-08-28,1.0,605df903
cvd_session = cumsum(delta) depuis 9h30 ET,2026-08-31,1.0,605df903
cvd_session = cumsum(delta) depuis 9h30 ET,2026-09-01,1.0,605df903
cvd_session = cumsum(delta) depuis 9h30 ET,2026-09-02,1.0,605df903
cvd_session = cumsum(delta) depuis 9h30 ET,2026-09-03,1.0,605df903
cvd_session = cumsum(delta) depuis 9h30 ET,2026-09-04,1.0,605df903
dist_vwap_d = (vwap_d-close)/tick,2026-06-10,0.0,None
dist_vwap_d = (vwap_d-close)/tick,2026-06-11,0.0,c43dc080
dist_vwap_d = (vwap_d-close)/tick,2026-06-12,0.0,3d61b74d
dist_vwap_d = (vwap_d-close)/tick,2026-06-15,0.0,114b1ca4
dist_vwap_d = (vwap_d-close)/tick,2026-06-16,0.0,e7199bc7
dist_vwap_d = (vwap_d-close)/tick,2026-06-17,0.0,e7199bc7
dist_vwap_d = (vwap_d-close)/tick,2026-06-18,0.0,e7199bc7
dist_vwap_d = (vwap_d-close)/tick,2026-06-19,0.0,9238adc1
dist_vwap_d = (vwap_d-close)/tick,2026-06-21,0.0,9238adc1
dist_vwap_d = (vwap_d-close)/tick,2026-06-22,0.0,9238adc1
dist_vwap_d = (vwap_d-close)/tick,2026-06-23,0.0,9238adc1
dist_vwap_d = (vwap_d-close)/tick,2026-06-24,0.0,9238adc1
dist_vwap_d = (vwap_d-close)/tick,2026-06-25,0.0,9238adc1
dist_vwap_d = (vwap_d-close)/tick,2026-06-26,0.0,9238adc1
dist_vwap_d = (vwap_d-close)/tick,2026-06-28,0.0,944f7204
dist_vwap_d = (vwap_d-close)/tick,2026-06-29,0.0,944f7204
dist_vwap_d = (vwap_d-close)/tick,2026-06-30,0.0,944f7204
dist_vwap_d = (vwap_d-close)/tick,2026-07-01,0.0,944f7204
dist_vwap_d = (vwap_d-close)/tick,2026-07-02,0.0,944f7204
dist_vwap_d = (vwap_d-close)/tick,2026-07-03,0.0,0658f3c8
dist_vwap_d = (vwap_d-close)/tick,2026-07-05,0.0,13efb186
dist_vwap_d = (vwap_d-close)/tick,2026-07-06,0.0,13efb186
dist_vwap_d = (vwap_d-close)/tick,2026-07-07,0.0,13efb186
dist_vwap_d = (vwap_d-close)/tick,2026-07-08,0.0,13efb186
dist_vwap_d = (vwap_d-close)/tick,2026-07-09,0.0,13efb186
dist_vwap_d = (vwap_d-close)/tick,2026-07-10,0.0,13efb186
dist_vwap_d = (vwap_d-close)/tick,2026-07-12,0.0,13efb186
dist_vwap_d = (vwap_d-close)/tick,2026-07-13,0.0,13efb186
dist_vwap_d = (vwap_d-close)/tick,2026-07-14,0.0,13efb186
dist_vwap_d = (vwap_d-close)/tick,2026-07-15,0.0,13efb186
dist_vwap_d = (vwap_d-close)/tick,2026-07-16,0.0,13efb186
dist_vwap_d = (vwap_d-close)/tick,2026-07-17,0.0,f6003b62
dist_vwap_d = (vwap_d-close)/tick,2026-07-19,0.0,f6003b62
dist_vwap_d = (vwap_d-close)/tick,2026-07-20,0.0,f6003b62
dist_vwap_d = (vwap_d-close)/tick,2026-07-21,0.0,f6003b62
dist_vwap_d = (vwap_d-close)/tick,2026-07-22,0.0,ed53e566
dist_vwap_d = (vwap_d-close)/tick,2026-07-23,0.0,ed53e566
dist_vwap_d = (vwap_d-close)/tick,2026-07-24,0.0,ed53e566
dist_vwap_d = (vwap_d-close)/tick,2026-07-26,0.0,4981d53a
dist_vwap_d = (vwap_d-close)/tick,2026-07-27,0.0,4981d53a
dist_vwap_d = (vwap_d-close)/tick,2026-07-28,0.0,4981d53a
dist_vwap_d = (vwap_d-close)/tick,2026-07-29,0.0,4981d53a
dist_vwap_d = (vwap_d-close)/tick,2026-07-30,0.0,4981d53a
dist_vwap_d = (vwap_d-close)/tick,2026-07-31,0.0,4981d53a
dist_vwap_d = (vwap_d-close)/tick,2026-08-03,0.0,e9f2b72b
dist_vwap_d = (vwap_d-close)/tick,2026-08-04,0.0,1d20af93
dist_vwap_d = (vwap_d-close)/tick,2026-08-05,0.0,0e82f56e
dist_vwap_d = (vwap_d-close)/tick,2026-08-06,0.0,feec66f6
dist_vwap_d = (vwap_d-close)/tick,2026-08-07,0.0,287627ed
dist_vwap_d = (vwap_d-close)/tick,2026-08-09,0.0,43f2daf5
dist_vwap_d = (vwap_d-close)/tick,2026-08-10,0.0,78177655
dist_vwap_d = (vwap_d-close)/tick,2026-08-11,0.0,78177655
dist_vwap_d = (vwap_d-close)/tick,2026-08-12,0.0,78177655
dist_vwap_d = (vwap_d-close)/tick,2026-08-13,0.0,78177655
dist_vwap_d = (vwap_d-close)/tick,2026-08-14,0.0,78177655
dist_vwap_d = (vwap_d-close)/tick,2026-08-16,0.0,605df903
dist_vwap_d = (vwap_d-close)/tick,2026-08-17,0.0,605df903
dist_vwap_d = (vwap_d-close)/tick,2026-08-18,0.0,605df903
dist_vwap_d = (vwap_d-close)/tick,2026-08-19,0.0,605df903
dist_vwap_d = (vwap_d-close)/tick,2026-08-20,0.0,605df903
dist_vwap_d = (vwap_d-close)/tick,2026-08-21,0.0,605df903
dist_vwap_d = (vwap_d-close)/tick,2026-08-23,0.0,605df903
dist_vwap_d = (vwap_d-close)/tick,2026-08-24,0.0,605df903
dist_vwap_d = (vwap_d-close)/tick,2026-08-25,0.0,605df903
dist_vwap_d = (vwap_d-close)/tick,2026-08-26,0.0,605df903
dist_vwap_d = (vwap_d-close)/tick,2026-08-27,0.0,605df903
dist_vwap_d = (vwap_d-close)/tick,2026-08-28,0.0,605df903
dist_vwap_d = (vwap_d-close)/tick,2026-08-30,0.0,605df903
dist_vwap_d = (vwap_d-close)/tick,2026-08-31,0.0,605df903
dist_vwap_d = (vwap_d-close)/tick,2026-09-01,0.0,605df903
dist_vwap_d = (vwap_d-close)/tick,2026-09-02,0.0,605df903
dist_vwap_d = (vwap_d-close)/tick,2026-09-03,0.0,605df903
dist_vwap_d = (vwap_d-close)/tick,2026-09-04,0.0,605df903
dist_vwap_w = (vwap_w-close)/tick,2026-06-10,0.0,None
dist_vwap_w = (vwap_w-close)/tick,2026-06-11,0.0,c43dc080
dist_vwap_w = (vwap_w-close)/tick,2026-06-12,0.0,3d61b74d
dist_vwap_w = (vwap_w-close)/tick,2026-06-15,0.0,114b1ca4
dist_vwap_w = (vwap_w-close)/tick,2026-06-16,0.0,e7199bc7
dist_vwap_w = (vwap_w-close)/tick,2026-06-17,0.0,e7199bc7
dist_vwap_w = (vwap_w-close)/tick,2026-06-18,0.0,e7199bc7
dist_vwap_w = (vwap_w-close)/tick,2026-06-19,0.0,9238adc1
dist_vwap_w = (vwap_w-close)/tick,2026-06-21,0.0,9238adc1
dist_vwap_w = (vwap_w-close)/tick,2026-06-22,0.0,9238adc1
dist_vwap_w = (vwap_w-close)/tick,2026-06-23,0.0,9238adc1
dist_vwap_w = (vwap_w-close)/tick,2026-06-24,0.0,9238adc1
dist_vwap_w = (vwap_w-close)/tick,2026-06-25,0.0,9238adc1
dist_vwap_w = (vwap_w-close)/tick,2026-06-26,0.0,9238adc1
dist_vwap_w = (vwap_w-close)/tick,2026-06-28,0.0,944f7204
dist_vwap_w = (vwap_w-close)/tick,2026-06-29,0.0,944f7204
dist_vwap_w = (vwap_w-close)/tick,2026-06-30,0.0,944f7204
dist_vwap_w = (vwap_w-close)/tick,2026-07-01,0.0,944f7204
dist_vwap_w = (vwap_w-close)/tick,2026-07-02,0.0,944f7204
dist_vwap_w = (vwap_w-close)/tick,2026-07-03,0.0,0658f3c8
dist_vwap_w = (vwap_w-close)/tick,2026-07-05,0.0,13efb186
dist_vwap_w = (vwap_w-close)/tick,2026-07-06,0.0,13efb186
dist_vwap_w = (vwap_w-close)/tick,2026-07-07,0.0,13efb186
dist_vwap_w = (vwap_w-close)/tick,2026-07-08,0.0,13efb186
dist_vwap_w = (vwap_w-close)/tick,2026-07-09,0.0,13efb186
dist_vwap_w = (vwap_w-close)/tick,2026-07-10,0.0,13efb186
dist_vwap_w = (vwap_w-close)/tick,2026-07-12,0.0,13efb186
dist_vwap_w = (vwap_w-close)/tick,2026-07-13,0.0,13efb186
dist_vwap_w = (vwap_w-close)/tick,2026-07-14,0.0,13efb186
dist_vwap_w = (vwap_w-close)/tick,2026-07-15,0.0,13efb186
dist_vwap_w = (vwap_w-close)/tick,2026-07-16,0.0,13efb186
dist_vwap_w = (vwap_w-close)/tick,2026-07-17,0.0,f6003b62
dist_vwap_w = (vwap_w-close)/tick,2026-07-19,0.0,f6003b62
dist_vwap_w = (vwap_w-close)/tick,2026-07-20,0.0,f6003b62
dist_vwap_w = (vwap_w-close)/tick,2026-07-21,0.0,f6003b62
dist_vwap_w = (vwap_w-close)/tick,2026-07-22,0.0,ed53e566
dist_vwap_w = (vwap_w-close)/tick,2026-07-23,0.0,ed53e566
dist_vwap_w = (vwap_w-close)/tick,2026-07-24,0.0,ed53e566
dist_vwap_w = (vwap_w-close)/tick,2026-07-26,0.0,4981d53a
dist_vwap_w = (vwap_w-close)/tick,2026-07-27,0.0,4981d53a
dist_vwap_w = (vwap_w-close)/tick,2026-07-28,0.0,4981d53a
dist_vwap_w = (vwap_w-close)/tick,2026-07-29,0.0,4981d53a
dist_vwap_w = (vwap_w-close)/tick,2026-07-30,0.0,4981d53a
dist_vwap_w = (vwap_w-close)/tick,2026-07-31,0.0,4981d53a
dist_vwap_w = (vwap_w-close)/tick,2026-08-03,0.0,e9f2b72b
dist_vwap_w = (vwap_w-close)/tick,2026-08-04,0.0,1d20af93
dist_vwap_w = (vwap_w-close)/tick,2026-08-05,0.0,0e82f56e
dist_vwap_w = (vwap_w-close)/tick,2026-08-06,0.0,feec66f6
dist_vwap_w = (vwap_w-close)/tick,2026-08-07,0.0,287627ed
dist_vwap_w = (vwap_w-close)/tick,2026-08-09,0.0,43f2daf5
dist_vwap_w = (vwap_w-close)/tick,2026-08-10,0.0,78177655
dist_vwap_w = (vwap_w-close)/tick,2026-08-11,0.0,78177655
dist_vwap_w = (vwap_w-close)/tick,2026-08-12,0.0,78177655
dist_vwap_w = (vwap_w-close)/tick,2026-08-13,0.0,78177655
dist_vwap_w = (vwap_w-close)/tick,2026-08-14,0.0,78177655
dist_vwap_w = (vwap_w-close)/tick,2026-08-16,0.0,605df903
dist_vwap_w = (vwap_w-close)/tick,2026-08-17,0.0,605df903
dist_vwap_w = (vwap_w-close)/tick,2026-08-18,0.0,605df903
dist_vwap_w = (vwap_w-close)/tick,2026-08-19,0.0,605df903
dist_vwap_w = (vwap_w-close)/tick,2026-08-20,0.0,605df903
dist_vwap_w = (vwap_w-close)/tick,2026-08-21,0.0,605df903
dist_vwap_w = (vwap_w-close)/tick,2026-08-23,0.0,605df903
dist_vwap_w = (vwap_w-close)/tick,2026-08-24,0.0,605df903
dist_vwap_w = (vwap_w-close)/tick,2026-08-25,0.0,605df903
dist_vwap_w = (vwap_w-close)/tick,2026-08-26,0.0,605df903
dist_vwap_w = (vwap_w-close)/tick,2026-08-27,0.0,605df903
dist_vwap_w = (vwap_w-close)/tick,2026-08-28,0.0,605df903
dist_vwap_w = (vwap_w-close)/tick,2026-08-30,0.0,605df903
dist_vwap_w = (vwap_w-close)/tick,2026-08-31,0.0,605df903
dist_vwap_w = (vwap_w-close)/tick,2026-09-01,0.0,605df903
dist_vwap_w = (vwap_w-close)/tick,2026-09-02,0.0,605df903
dist_vwap_w = (vwap_w-close)/tick,2026-09-03,0.0,605df903
dist_vwap_w = (vwap_w-close)/tick,2026-09-04,0.0,605df903
dist_vwap_m = (vwap_m-close)/tick,2026-06-10,0.0,None
dist_vwap_m = (vwap_m-close)/tick,2026-06-11,0.0,c43dc080
dist_vwap_m = (vwap_m-close)/tick,2026-06-12,0.0,3d61b74d
dist_vwap_m = (vwap_m-close)/tick,2026-06-15,0.0,114b1ca4
dist_vwap_m = (vwap_m-close)/tick,2026-06-16,0.0,e7199bc7
dist_vwap_m = (vwap_m-close)/tick,2026-06-17,0.0,e7199bc7
dist_vwap_m = (vwap_m-close)/tick,2026-06-18,0.0,e7199bc7
dist_vwap_m = (vwap_m-close)/tick,2026-06-19,0.0,9238adc1
dist_vwap_m = (vwap_m-close)/tick,2026-06-21,0.0,9238adc1
dist_vwap_m = (vwap_m-close)/tick,2026-06-22,0.0,9238adc1
dist_vwap_m = (vwap_m-close)/tick,2026-06-23,0.0,9238adc1
dist_vwap_m = (vwap_m-close)/tick,2026-06-24,0.0,9238adc1
dist_vwap_m = (vwap_m-close)/tick,2026-06-25,0.0,9238adc1
dist_vwap_m = (vwap_m-close)/tick,2026-06-26,0.0,9238adc1
dist_vwap_m = (vwap_m-close)/tick,2026-06-28,0.0,944f7204
dist_vwap_m = (vwap_m-close)/tick,2026-06-29,0.0,944f7204
dist_vwap_m = (vwap_m-close)/tick,2026-06-30,0.0,944f7204
dist_vwap_m = (vwap_m-close)/tick,2026-07-01,0.0,944f7204
dist_vwap_m = (vwap_m-close)/tick,2026-07-02,0.0,944f7204
dist_vwap_m = (vwap_m-close)/tick,2026-07-03,0.0,0658f3c8
dist_vwap_m = (vwap_m-close)/tick,2026-07-05,0.0,13efb186
dist_vwap_m = (vwap_m-close)/tick,2026-07-06,0.0,13efb186
dist_vwap_m = (vwap_m-close)/tick,2026-07-07,0.0,13efb186
dist_vwap_m = (vwap_m-close)/tick,2026-07-08,0.0,13efb186
dist_vwap_m = (vwap_m-close)/tick,2026-07-09,0.0,13efb186
dist_vwap_m = (vwap_m-close)/tick,2026-07-10,0.0,13efb186
dist_vwap_m = (vwap_m-close)/tick,2026-07-12,0.0,13efb186
dist_vwap_m = (vwap_m-close)/tick,2026-07-13,0.0,13efb186
dist_vwap_m = (vwap_m-close)/tick,2026-07-14,0.0,13efb186
dist_vwap_m = (vwap_m-close)/tick,2026-07-15,0.0,13efb186
dist_vwap_m = (vwap_m-close)/tick,2026-07-16,0.0,13efb186
dist_vwap_m = (vwap_m-close)/tick,2026-07-17,0.0,f6003b62
dist_vwap_m = (vwap_m-close)/tick,2026-07-19,0.0,f6003b62
dist_vwap_m = (vwap_m-close)/tick,2026-07-20,0.0,f6003b62
dist_vwap_m = (vwap_m-close)/tick,2026-07-21,0.0,f6003b62
dist_vwap_m = (vwap_m-close)/tick,2026-07-22,0.0,ed53e566
dist_vwap_m = (vwap_m-close)/tick,2026-07-23,0.0,ed53e566
dist_vwap_m = (vwap_m-close)/tick,2026-07-24,0.0,ed53e566
dist_vwap_m = (vwap_m-close)/tick,2026-07-26,0.0,4981d53a
dist_vwap_m = (vwap_m-close)/tick,2026-07-27,0.0,4981d53a
dist_vwap_m = (vwap_m-close)/tick,2026-07-28,0.0,4981d53a
dist_vwap_m = (vwap_m-close)/tick,2026-07-29,0.0,4981d53a
dist_vwap_m = (vwap_m-close)/tick,2026-07-30,0.0,4981d53a
dist_vwap_m = (vwap_m-close)/tick,2026-07-31,0.0,4981d53a
dist_vwap_m = (vwap_m-close)/tick,2026-08-03,0.0,e9f2b72b
dist_vwap_m = (vwap_m-close)/tick,2026-08-04,0.0,1d20af93
dist_vwap_m = (vwap_m-close)/tick,2026-08-05,0.0,0e82f56e
dist_vwap_m = (vwap_m-close)/tick,2026-08-06,0.0,feec66f6
dist_vwap_m = (vwap_m-close)/tick,2026-08-07,0.0,287627ed
dist_vwap_m = (vwap_m-close)/tick,2026-08-09,0.0,43f2daf5
dist_vwap_m = (vwap_m-close)/tick,2026-08-10,0.0,78177655
dist_vwap_m = (vwap_m-close)/tick,2026-08-11,0.0,78177655
dist_vwap_m = (vwap_m-close)/tick,2026-08-12,0.0,78177655
dist_vwap_m = (vwap_m-close)/tick,2026-08-13,0.0,78177655
dist_vwap_m = (vwap_m-close)/tick,2026-08-14,0.0,78177655
dist_vwap_m = (vwap_m-close)/tick,2026-08-16,0.0,605df903
dist_vwap_m = (vwap_m-close)/tick,2026-08-17,0.0,605df903
dist_vwap_m = (vwap_m-close)/tick,2026-08-18,0.0,605df903
dist_vwap_m = (vwap_m-close)/tick,2026-08-19,0.0,605df903
dist_vwap_m = (vwap_m-close)/tick,2026-08-20,0.0,605df903
dist_vwap_m = (vwap_m-close)/tick,2026-08-21,0.0,605df903
dist_vwap_m = (vwap_m-close)/tick,2026-08-23,0.0,605df903
dist_vwap_m = (vwap_m-close)/tick,2026-08-24,0.0,605df903
dist_vwap_m = (vwap_m-close)/tick,2026-08-25,0.0,605df903
dist_vwap_m = (vwap_m-close)/tick,2026-08-26,0.0,605df903
dist_vwap_m = (vwap_m-close)/tick,2026-08-27,0.0,605df903
dist_vwap_m = (vwap_m-close)/tick,2026-08-28,0.0,605df903
dist_vwap_m = (vwap_m-close)/tick,2026-08-30,0.0,605df903
dist_vwap_m = (vwap_m-close)/tick,2026-08-31,0.0,605df903
dist_vwap_m = (vwap_m-close)/tick,2026-09-01,0.0,605df903
dist_vwap_m = (vwap_m-close)/tick,2026-09-02,0.0,605df903
dist_vwap_m = (vwap_m-close)/tick,2026-09-03,0.0,605df903
dist_vwap_m = (vwap_m-close)/tick,2026-09-04,0.0,605df903
dist_cur_vpoc = (cur_vpoc_lvl-close)/tick,2026-06-10,0.0,None
dist_cur_vpoc = (cur_vpoc_lvl-close)/tick,2026-06-11,0.0,c43dc080
dist_cur_vpoc = (cur_vpoc_lvl-close)/tick,2026-06-12,0.0,3d61b74d
dist_cur_vpoc = (cur_vpoc_lvl-close)/tick,2026-06-15,0.0,114b1ca4
dist_cur_vpoc = (cur_vpoc_lvl-close)/tick,2026-06-16,0.0,e7199bc7
dist_cur_vpoc = (cur_vpoc_lvl-close)/tick,2026-06-17,0.0,e7199bc7
dist_cur_vpoc = (cur_vpoc_lvl-close)/tick,2026-06-18,0.0,e7199bc7
dist_cur_vpoc = (cur_vpoc_lvl-close)/tick,2026-06-19,0.0,9238adc1
dist_cur_vpoc = (cur_vpoc_lvl-close)/tick,2026-06-21,0.0,9238adc1
dist_cur_vpoc = (cur_vpoc_lvl-close)/tick,2026-06-22,0.0,9238adc1
dist_cur_vpoc = (cur_vpoc_lvl-close)/tick,2026-06-23,0.0,9238adc1
dist_cur_vpoc = (cur_vpoc_lvl-close)/tick,2026-06-24,0.0,9238adc1
dist_cur_vpoc = (cur_vpoc_lvl-close)/tick,2026-06-25,0.0,9238adc1
dist_cur_vpoc = (cur_vpoc_lvl-close)/tick,2026-06-26,0.0,9238adc1
dist_cur_vpoc = (cur_vpoc_lvl-close)/tick,2026-06-28,0.0,944f7204
dist_cur_vpoc = (cur_vpoc_lvl-close)/tick,2026-06-29,0.0,944f7204
dist_cur_vpoc = (cur_vpoc_lvl-close)/tick,2026-06-30,0.0,944f7204
dist_cur_vpoc = (cur_vpoc_lvl-close)/tick,2026-07-01,0.0,944f7204
dist_cur_vpoc = (cur_vpoc_lvl-close)/tick,2026-07-02,0.0,944f7204
dist_cur_vpoc = (cur_vpoc_lvl-close)/tick,2026-07-03,0.0,0658f3c8
dist_cur_vpoc = (cur_vpoc_lvl-close)/tick,2026-07-05,0.0,13efb186
dist_cur_vpoc = (cur_vpoc_lvl-close)/tick,2026-07-06,0.0,13efb186
dist_cur_vpoc = (cur_vpoc_lvl-close)/tick,2026-07-07,0.0,13efb186
dist_cur_vpoc = (cur_vpoc_lvl-close)/tick,2026-07-08,0.0,13efb186
dist_cur_vpoc = (cur_vpoc_lvl-close)/tick,2026-07-09,0.0,13efb186
dist_cur_vpoc = (cur_vpoc_lvl-close)/tick,2026-07-10,0.0,13efb186
dist_cur_vpoc = (cur_vpoc_lvl-close)/tick,2026-07-12,0.0,13efb186
dist_cur_vpoc = (cur_vpoc_lvl-close)/tick,2026-07-13,0.0,13efb186
dist_cur_vpoc = (cur_vpoc_lvl-close)/tick,2026-07-14,0.0,13efb186
dist_cur_vpoc = (cur_vpoc_lvl-close)/tick,2026-07-15,0.0,13efb186
dist_cur_vpoc = (cur_vpoc_lvl-close)/tick,2026-07-16,0.0,13efb186
dist_cur_vpoc = (cur_vpoc_lvl-close)/tick,2026-07-17,0.0,f6003b62
dist_cur_vpoc = (cur_vpoc_lvl-close)/tick,2026-07-19,0.0,f6003b62
dist_cur_vpoc = (cur_vpoc_lvl-close)/tick,2026-07-20,0.0,f6003b62
dist_cur_vpoc = (cur_vpoc_lvl-close)/tick,2026-07-21,0.0,f6003b62
dist_cur_vpoc = (cur_vpoc_lvl-close)/tick,2026-07-22,0.0,ed53e566
dist_cur_vpoc = (cur_vpoc_lvl-close)/tick,2026-07-23,0.0,ed53e566
dist_cur_vpoc = (cur_vpoc_lvl-close)/tick,2026-07-24,0.0,ed53e566
dist_cur_vpoc = (cur_vpoc_lvl-close)/tick,2026-07-26,0.0,4981d53a
dist_cur_vpoc = (cur_vpoc_lvl-close)/tick,2026-07-27,0.0,4981d53a
dist_cur_vpoc = (cur_vpoc_lvl-close)/tick,2026-07-28,0.0,4981d53a
dist_cur_vpoc = (cur_vpoc_lvl-close)/tick,2026-07-29,0.0,4981d53a
dist_cur_vpoc = (cur_vpoc_lvl-close)/tick,2026-07-30,0.0,4981d53a
dist_cur_vpoc = (cur_vpoc_lvl-close)/tick,2026-07-31,0.0,4981d53a
dist_cur_vpoc = (cur_vpoc_lvl-close)/tick,2026-08-03,0.0,e9f2b72b
dist_cur_vpoc = (cur_vpoc_lvl-close)/tick,2026-08-04,0.0,1d20af93
dist_cur_vpoc = (cur_vpoc_lvl-close)/tick,2026-08-05,0.0,0e82f56e
dist_cur_vpoc = (cur_vpoc_lvl-close)/tick,2026-08-06,0.0,feec66f6
dist_cur_vpoc = (cur_vpoc_lvl-close)/tick,2026-08-07,0.0,287627ed
dist_cur_vpoc = (cur_vpoc_lvl-close)/tick,2026-08-09,0.0,43f2daf5
dist_cur_vpoc = (cur_vpoc_lvl-close)/tick,2026-08-10,0.0,78177655
dist_cur_vpoc = (cur_vpoc_lvl-close)/tick,2026-08-11,0.0,78177655
dist_cur_vpoc = (cur_vpoc_lvl-close)/tick,2026-08-12,0.0,78177655
dist_cur_vpoc = (cur_vpoc_lvl-close)/tick,2026-08-13,0.0,78177655
dist_cur_vpoc = (cur_vpoc_lvl-close)/tick,2026-08-14,0.0,78177655
dist_cur_vpoc = (cur_vpoc_lvl-close)/tick,2026-08-16,0.0,605df903
dist_cur_vpoc = (cur_vpoc_lvl-close)/tick,2026-08-17,0.0,605df903
dist_cur_vpoc = (cur_vpoc_lvl-close)/tick,2026-08-18,0.0,605df903
dist_cur_vpoc = (cur_vpoc_lvl-close)/tick,2026-08-19,0.0,605df903
dist_cur_vpoc = (cur_vpoc_lvl-close)/tick,2026-08-20,0.0,605df903
dist_cur_vpoc = (cur_vpoc_lvl-close)/tick,2026-08-21,0.0,605df903
dist_cur_vpoc = (cur_vpoc_lvl-close)/tick,2026-08-23,0.0,605df903
dist_cur_vpoc = (cur_vpoc_lvl-close)/tick,2026-08-24,0.0,605df903
dist_cur_vpoc = (cur_vpoc_lvl-close)/tick,2026-08-25,0.0,605df903
dist_cur_vpoc = (cur_vpoc_lvl-close)/tick,2026-08-26,0.0,605df903
dist_cur_vpoc = (cur_vpoc_lvl-close)/tick,2026-08-27,0.0,605df903
dist_cur_vpoc = (cur_vpoc_lvl-close)/tick,2026-08-28,0.0,605df903
dist_cur_vpoc = (cur_vpoc_lvl-close)/tick,2026-08-30,0.0,605df903
dist_cur_vpoc = (cur_vpoc_lvl-close)/tick,2026-08-31,0.0,605df903
dist_cur_vpoc = (cur_vpoc_lvl-close)/tick,2026-09-01,0.0,605df903
dist_cur_vpoc = (cur_vpoc_lvl-close)/tick,2026-09-02,0.0,605df903
dist_cur_vpoc = (cur_vpoc_lvl-close)/tick,2026-09-03,0.0,605df903
dist_cur_vpoc = (cur_vpoc_lvl-close)/tick,2026-09-04,0.0,605df903
dist_cur_vah = (cur_vah_lvl-close)/tick,2026-06-10,0.0,None
dist_cur_vah = (cur_vah_lvl-close)/tick,2026-06-11,0.0,c43dc080
dist_cur_vah = (cur_vah_lvl-close)/tick,2026-06-12,0.0,3d61b74d
dist_cur_vah = (cur_vah_lvl-close)/tick,2026-06-15,0.0,114b1ca4
dist_cur_vah = (cur_vah_lvl-close)/tick,2026-06-16,0.0,e7199bc7
dist_cur_vah = (cur_vah_lvl-close)/tick,2026-06-17,0.0,e7199bc7
dist_cur_vah = (cur_vah_lvl-close)/tick,2026-06-18,0.0,e7199bc7
dist_cur_vah = (cur_vah_lvl-close)/tick,2026-06-19,0.0,9238adc1
dist_cur_vah = (cur_vah_lvl-close)/tick,2026-06-21,0.0,9238adc1
dist_cur_vah = (cur_vah_lvl-close)/tick,2026-06-22,0.0,9238adc1
dist_cur_vah = (cur_vah_lvl-close)/tick,2026-06-23,0.0,9238adc1
dist_cur_vah = (cur_vah_lvl-close)/tick,2026-06-24,0.0,9238adc1
dist_cur_vah = (cur_vah_lvl-close)/tick,2026-06-25,0.0,9238adc1
dist_cur_vah = (cur_vah_lvl-close)/tick,2026-06-26,0.0,9238adc1
dist_cur_vah = (cur_vah_lvl-close)/tick,2026-06-28,0.0,944f7204
dist_cur_vah = (cur_vah_lvl-close)/tick,2026-06-29,0.0,944f7204
dist_cur_vah = (cur_vah_lvl-close)/tick,2026-06-30,0.0,944f7204
dist_cur_vah = (cur_vah_lvl-close)/tick,2026-07-01,0.0,944f7204
dist_cur_vah = (cur_vah_lvl-close)/tick,2026-07-02,0.0,944f7204
dist_cur_vah = (cur_vah_lvl-close)/tick,2026-07-03,0.0,0658f3c8
dist_cur_vah = (cur_vah_lvl-close)/tick,2026-07-05,0.0,13efb186
dist_cur_vah = (cur_vah_lvl-close)/tick,2026-07-06,0.0,13efb186
dist_cur_vah = (cur_vah_lvl-close)/tick,2026-07-07,0.0,13efb186
dist_cur_vah = (cur_vah_lvl-close)/tick,2026-07-08,0.0,13efb186
dist_cur_vah = (cur_vah_lvl-close)/tick,2026-07-09,0.0,13efb186
dist_cur_vah = (cur_vah_lvl-close)/tick,2026-07-10,0.0,13efb186
dist_cur_vah = (cur_vah_lvl-close)/tick,2026-07-12,0.0,13efb186
dist_cur_vah = (cur_vah_lvl-close)/tick,2026-07-13,0.0,13efb186
dist_cur_vah = (cur_vah_lvl-close)/tick,2026-07-14,0.0,13efb186
dist_cur_vah = (cur_vah_lvl-close)/tick,2026-07-15,0.0,13efb186
dist_cur_vah = (cur_vah_lvl-close)/tick,2026-07-16,0.0,13efb186
dist_cur_vah = (cur_vah_lvl-close)/tick,2026-07-17,0.0,f6003b62
dist_cur_vah = (cur_vah_lvl-close)/tick,2026-07-19,0.0,f6003b62
dist_cur_vah = (cur_vah_lvl-close)/tick,2026-07-20,0.0,f6003b62
dist_cur_vah = (cur_vah_lvl-close)/tick,2026-07-21,0.0,f6003b62
dist_cur_vah = (cur_vah_lvl-close)/tick,2026-07-22,0.0,ed53e566
dist_cur_vah = (cur_vah_lvl-close)/tick,2026-07-23,0.0,ed53e566
dist_cur_vah = (cur_vah_lvl-close)/tick,2026-07-24,0.0,ed53e566
dist_cur_vah = (cur_vah_lvl-close)/tick,2026-07-26,0.0,4981d53a
dist_cur_vah = (cur_vah_lvl-close)/tick,2026-07-27,0.0,4981d53a
dist_cur_vah = (cur_vah_lvl-close)/tick,2026-07-28,0.0,4981d53a
dist_cur_vah = (cur_vah_lvl-close)/tick,2026-07-29,0.0,4981d53a
dist_cur_vah = (cur_vah_lvl-close)/tick,2026-07-30,0.0,4981d53a
dist_cur_vah = (cur_vah_lvl-close)/tick,2026-07-31,0.0,4981d53a
dist_cur_vah = (cur_vah_lvl-close)/tick,2026-08-03,0.0,e9f2b72b
dist_cur_vah = (cur_vah_lvl-close)/tick,2026-08-04,0.0,1d20af93
dist_cur_vah = (cur_vah_lvl-close)/tick,2026-08-05,0.0,0e82f56e
dist_cur_vah = (cur_vah_lvl-close)/tick,2026-08-06,0.0,feec66f6
dist_cur_vah = (cur_vah_lvl-close)/tick,2026-08-07,0.0,287627ed
dist_cur_vah = (cur_vah_lvl-close)/tick,2026-08-09,0.0,43f2daf5
dist_cur_vah = (cur_vah_lvl-close)/tick,2026-08-10,0.0,78177655
dist_cur_vah = (cur_vah_lvl-close)/tick,2026-08-11,0.0,78177655
dist_cur_vah = (cur_vah_lvl-close)/tick,2026-08-12,0.0,78177655
dist_cur_vah = (cur_vah_lvl-close)/tick,2026-08-13,0.0,78177655
dist_cur_vah = (cur_vah_lvl-close)/tick,2026-08-14,0.0,78177655
dist_cur_vah = (cur_vah_lvl-close)/tick,2026-08-16,0.0,605df903
dist_cur_vah = (cur_vah_lvl-close)/tick,2026-08-17,0.0,605df903
dist_cur_vah = (cur_vah_lvl-close)/tick,2026-08-18,0.0,605df903
dist_cur_vah = (cur_vah_lvl-close)/tick,2026-08-19,0.0,605df903
dist_cur_vah = (cur_vah_lvl-close)/tick,2026-08-20,0.0,605df903
dist_cur_vah = (cur_vah_lvl-close)/tick,2026-08-21,0.0,605df903
dist_cur_vah = (cur_vah_lvl-close)/tick,2026-08-23,0.0,605df903
dist_cur_vah = (cur_vah_lvl-close)/tick,2026-08-24,0.0,605df903
dist_cur_vah = (cur_vah_lvl-close)/tick,2026-08-25,0.0,605df903
dist_cur_vah = (cur_vah_lvl-close)/tick,2026-08-26,0.0,605df903
dist_cur_vah = (cur_vah_lvl-close)/tick,2026-08-27,0.0,605df903
dist_cur_vah = (cur_vah_lvl-close)/tick,2026-08-28,0.0,605df903
dist_cur_vah = (cur_vah_lvl-close)/tick,2026-08-30,0.0,605df903
dist_cur_vah = (cur_vah_lvl-close)/tick,2026-08-31,0.0,605df903
dist_cur_vah = (cur_vah_lvl-close)/tick,2026-09-01,0.0,605df903
dist_cur_vah = (cur_vah_lvl-close)/tick,2026-09-02,0.0,605df903
dist_cur_vah = (cur_vah_lvl-close)/tick,2026-09-03,0.0,605df903
dist_cur_vah = (cur_vah_lvl-close)/tick,2026-09-04,0.0,605df903
dist_cur_val = (cur_val_lvl-close)/tick,2026-06-10,0.0,None
dist_cur_val = (cur_val_lvl-close)/tick,2026-06-11,0.0,c43dc080
dist_cur_val = (cur_val_lvl-close)/tick,2026-06-12,0.0,3d61b74d
dist_cur_val = (cur_val_lvl-close)/tick,2026-06-15,0.0,114b1ca4
dist_cur_val = (cur_val_lvl-close)/tick,2026-06-16,0.0,e7199bc7
dist_cur_val = (cur_val_lvl-close)/tick,2026-06-17,0.0,e7199bc7
dist_cur_val = (cur_val_lvl-close)/tick,2026-06-18,0.0,e7199bc7
dist_cur_val = (cur_val_lvl-close)/tick,2026-06-19,0.0,9238adc1
dist_cur_val = (cur_val_lvl-close)/tick,2026-06-21,0.0,9238adc1
dist_cur_val = (cur_val_lvl-close)/tick,2026-06-22,0.0,9238adc1
dist_cur_val = (cur_val_lvl-close)/tick,2026-06-23,0.0,9238adc1
dist_cur_val = (cur_val_lvl-close)/tick,2026-06-24,0.0,9238adc1
dist_cur_val = (cur_val_lvl-close)/tick,2026-06-25,0.0,9238adc1
dist_cur_val = (cur_val_lvl-close)/tick,2026-06-26,0.0,9238adc1
dist_cur_val = (cur_val_lvl-close)/tick,2026-06-28,0.0,944f7204
dist_cur_val = (cur_val_lvl-close)/tick,2026-06-29,0.0,944f7204
dist_cur_val = (cur_val_lvl-close)/tick,2026-06-30,0.0,944f7204
dist_cur_val = (cur_val_lvl-close)/tick,2026-07-01,0.0,944f7204
dist_cur_val = (cur_val_lvl-close)/tick,2026-07-02,0.0,944f7204
dist_cur_val = (cur_val_lvl-close)/tick,2026-07-03,0.0,0658f3c8
dist_cur_val = (cur_val_lvl-close)/tick,2026-07-05,0.0,13efb186
dist_cur_val = (cur_val_lvl-close)/tick,2026-07-06,0.0,13efb186
dist_cur_val = (cur_val_lvl-close)/tick,2026-07-07,0.0,13efb186
dist_cur_val = (cur_val_lvl-close)/tick,2026-07-08,0.0,13efb186
dist_cur_val = (cur_val_lvl-close)/tick,2026-07-09,0.0,13efb186
dist_cur_val = (cur_val_lvl-close)/tick,2026-07-10,0.0,13efb186
dist_cur_val = (cur_val_lvl-close)/tick,2026-07-12,0.0,13efb186
dist_cur_val = (cur_val_lvl-close)/tick,2026-07-13,0.0,13efb186
dist_cur_val = (cur_val_lvl-close)/tick,2026-07-14,0.0,13efb186
dist_cur_val = (cur_val_lvl-close)/tick,2026-07-15,0.0,13efb186
dist_cur_val = (cur_val_lvl-close)/tick,2026-07-16,0.0,13efb186
dist_cur_val = (cur_val_lvl-close)/tick,2026-07-17,0.0,f6003b62
dist_cur_val = (cur_val_lvl-close)/tick,2026-07-19,0.0,f6003b62
dist_cur_val = (cur_val_lvl-close)/tick,2026-07-20,0.0,f6003b62
dist_cur_val = (cur_val_lvl-close)/tick,2026-07-21,0.0,f6003b62
dist_cur_val = (cur_val_lvl-close)/tick,2026-07-22,0.0,ed53e566
dist_cur_val = (cur_val_lvl-close)/tick,2026-07-23,0.0,ed53e566
dist_cur_val = (cur_val_lvl-close)/tick,2026-07-24,0.0,ed53e566
dist_cur_val = (cur_val_lvl-close)/tick,2026-07-26,0.0,4981d53a
dist_cur_val = (cur_val_lvl-close)/tick,2026-07-27,0.0,4981d53a
dist_cur_val = (cur_val_lvl-close)/tick,2026-07-28,0.0,4981d53a
dist_cur_val = (cur_val_lvl-close)/tick,2026-07-29,0.0,4981d53a
dist_cur_val = (cur_val_lvl-close)/tick,2026-07-30,0.0,4981d53a
dist_cur_val = (cur_val_lvl-close)/tick,2026-07-31,0.0,4981d53a
dist_cur_val = (cur_val_lvl-close)/tick,2026-08-03,0.0,e9f2b72b
dist_cur_val = (cur_val_lvl-close)/tick,2026-08-04,0.0,1d20af93
dist_cur_val = (cur_val_lvl-close)/tick,2026-08-05,0.0,0e82f56e
dist_cur_val = (cur_val_lvl-close)/tick,2026-08-06,0.0,feec66f6
dist_cur_val = (cur_val_lvl-close)/tick,2026-08-07,0.0,287627ed
dist_cur_val = (cur_val_lvl-close)/tick,2026-08-09,0.0,43f2daf5
dist_cur_val = (cur_val_lvl-close)/tick,2026-08-10,0.0,78177655
dist_cur_val = (cur_val_lvl-close)/tick,2026-08-11,0.0,78177655
dist_cur_val = (cur_val_lvl-close)/tick,2026-08-12,0.0,78177655
dist_cur_val = (cur_val_lvl-close)/tick,2026-08-13,0.0,78177655
dist_cur_val = (cur_val_lvl-close)/tick,2026-08-14,0.0,78177655
dist_cur_val = (cur_val_lvl-close)/tick,2026-08-16,0.0,605df903
dist_cur_val = (cur_val_lvl-close)/tick,2026-08-17,0.0,605df903
dist_cur_val = (cur_val_lvl-close)/tick,2026-08-18,0.0,605df903
dist_cur_val = (cur_val_lvl-close)/tick,2026-08-19,0.0,605df903
dist_cur_val = (cur_val_lvl-close)/tick,2026-08-20,0.0,605df903
dist_cur_val = (cur_val_lvl-close)/tick,2026-08-21,0.0,605df903
dist_cur_val = (cur_val_lvl-close)/tick,2026-08-23,0.0,605df903
dist_cur_val = (cur_val_lvl-close)/tick,2026-08-24,0.0,605df903
dist_cur_val = (cur_val_lvl-close)/tick,2026-08-25,0.0,605df903
dist_cur_val = (cur_val_lvl-close)/tick,2026-08-26,0.0,605df903
dist_cur_val = (cur_val_lvl-close)/tick,2026-08-27,0.0,605df903
dist_cur_val = (cur_val_lvl-close)/tick,2026-08-28,0.0,605df903
dist_cur_val = (cur_val_lvl-close)/tick,2026-08-30,0.0,605df903
dist_cur_val = (cur_val_lvl-close)/tick,2026-08-31,0.0,605df903
dist_cur_val = (cur_val_lvl-close)/tick,2026-09-01,0.0,605df903
dist_cur_val = (cur_val_lvl-close)/tick,2026-09-02,0.0,605df903
dist_cur_val = (cur_val_lvl-close)/tick,2026-09-03,0.0,605df903
dist_cur_val = (cur_val_lvl-close)/tick,2026-09-04,0.0,605df903
dist_prev_vpoc = (prev_vpoc_lvl-close)/tick,2026-06-10,0.0,None
dist_prev_vpoc = (prev_vpoc_lvl-close)/tick,2026-06-11,0.0,c43dc080
dist_prev_vpoc = (prev_vpoc_lvl-close)/tick,2026-06-12,0.0,3d61b74d
dist_prev_vpoc = (prev_vpoc_lvl-close)/tick,2026-06-15,0.0,114b1ca4
dist_prev_vpoc = (prev_vpoc_lvl-close)/tick,2026-06-16,0.0,e7199bc7
dist_prev_vpoc = (prev_vpoc_lvl-close)/tick,2026-06-17,0.0,e7199bc7
dist_prev_vpoc = (prev_vpoc_lvl-close)/tick,2026-06-18,0.0,e7199bc7
dist_prev_vpoc = (prev_vpoc_lvl-close)/tick,2026-06-19,0.0,9238adc1
dist_prev_vpoc = (prev_vpoc_lvl-close)/tick,2026-06-21,0.0,9238adc1
dist_prev_vpoc = (prev_vpoc_lvl-close)/tick,2026-06-22,0.0,9238adc1
dist_prev_vpoc = (prev_vpoc_lvl-close)/tick,2026-06-23,0.0,9238adc1
dist_prev_vpoc = (prev_vpoc_lvl-close)/tick,2026-06-24,0.0,9238adc1
dist_prev_vpoc = (prev_vpoc_lvl-close)/tick,2026-06-25,0.0,9238adc1
dist_prev_vpoc = (prev_vpoc_lvl-close)/tick,2026-06-26,0.0,9238adc1
dist_prev_vpoc = (prev_vpoc_lvl-close)/tick,2026-06-28,0.0,944f7204
dist_prev_vpoc = (prev_vpoc_lvl-close)/tick,2026-06-29,0.0,944f7204
dist_prev_vpoc = (prev_vpoc_lvl-close)/tick,2026-06-30,0.0,944f7204
dist_prev_vpoc = (prev_vpoc_lvl-close)/tick,2026-07-01,0.0,944f7204
dist_prev_vpoc = (prev_vpoc_lvl-close)/tick,2026-07-02,0.0,944f7204
dist_prev_vpoc = (prev_vpoc_lvl-close)/tick,2026-07-03,0.0,0658f3c8
dist_prev_vpoc = (prev_vpoc_lvl-close)/tick,2026-07-05,0.0,13efb186
dist_prev_vpoc = (prev_vpoc_lvl-close)/tick,2026-07-06,0.0,13efb186
dist_prev_vpoc = (prev_vpoc_lvl-close)/tick,2026-07-07,0.0,13efb186
dist_prev_vpoc = (prev_vpoc_lvl-close)/tick,2026-07-08,0.0,13efb186
dist_prev_vpoc = (prev_vpoc_lvl-close)/tick,2026-07-09,0.0,13efb186
dist_prev_vpoc = (prev_vpoc_lvl-close)/tick,2026-07-10,0.0,13efb186
dist_prev_vpoc = (prev_vpoc_lvl-close)/tick,2026-07-12,0.0,13efb186
dist_prev_vpoc = (prev_vpoc_lvl-close)/tick,2026-07-13,0.0,13efb186
dist_prev_vpoc = (prev_vpoc_lvl-close)/tick,2026-07-14,0.0,13efb186
dist_prev_vpoc = (prev_vpoc_lvl-close)/tick,2026-07-15,0.0,13efb186
dist_prev_vpoc = (prev_vpoc_lvl-close)/tick,2026-07-16,0.0,13efb186
dist_prev_vpoc = (prev_vpoc_lvl-close)/tick,2026-07-17,0.0,f6003b62
dist_prev_vpoc = (prev_vpoc_lvl-close)/tick,2026-07-19,0.0,f6003b62
dist_prev_vpoc = (prev_vpoc_lvl-close)/tick,2026-07-20,0.0,f6003b62
dist_prev_vpoc = (prev_vpoc_lvl-close)/tick,2026-07-21,0.0,f6003b62
dist_prev_vpoc = (prev_vpoc_lvl-close)/tick,2026-07-22,0.0,ed53e566
dist_prev_vpoc = (prev_vpoc_lvl-close)/tick,2026-07-23,0.0,ed53e566
dist_prev_vpoc = (prev_vpoc_lvl-close)/tick,2026-07-24,0.0,ed53e566
dist_prev_vpoc = (prev_vpoc_lvl-close)/tick,2026-07-26,0.0,4981d53a
dist_prev_vpoc = (prev_vpoc_lvl-close)/tick,2026-07-27,0.0,4981d53a
dist_prev_vpoc = (prev_vpoc_lvl-close)/tick,2026-07-28,0.0,4981d53a
dist_prev_vpoc = (prev_vpoc_lvl-close)/tick,2026-07-29,0.0,4981d53a
dist_prev_vpoc = (prev_vpoc_lvl-close)/tick,2026-07-30,0.0,4981d53a
dist_prev_vpoc = (prev_vpoc_lvl-close)/tick,2026-07-31,0.0,4981d53a
dist_prev_vpoc = (prev_vpoc_lvl-close)/tick,2026-08-03,0.0,e9f2b72b
dist_prev_vpoc = (prev_vpoc_lvl-close)/tick,2026-08-04,0.0,1d20af93
dist_prev_vpoc = (prev_vpoc_lvl-close)/tick,2026-08-05,0.0,0e82f56e
dist_prev_vpoc = (prev_vpoc_lvl-close)/tick,2026-08-06,0.0,feec66f6
dist_prev_vpoc = (prev_vpoc_lvl-close)/tick,2026-08-07,0.0,287627ed
dist_prev_vpoc = (prev_vpoc_lvl-close)/tick,2026-08-09,0.0,43f2daf5
dist_prev_vpoc = (prev_vpoc_lvl-close)/tick,2026-08-10,0.0,78177655
dist_prev_vpoc = (prev_vpoc_lvl-close)/tick,2026-08-11,0.0,78177655
dist_prev_vpoc = (prev_vpoc_lvl-close)/tick,2026-08-12,0.0,78177655
dist_prev_vpoc = (prev_vpoc_lvl-close)/tick,2026-08-13,0.0,78177655
dist_prev_vpoc = (prev_vpoc_lvl-close)/tick,2026-08-14,0.0,78177655
dist_prev_vpoc = (prev_vpoc_lvl-close)/tick,2026-08-16,0.0,605df903
dist_prev_vpoc = (prev_vpoc_lvl-close)/tick,2026-08-17,0.0,605df903
dist_prev_vpoc = (prev_vpoc_lvl-close)/tick,2026-08-18,0.0,605df903
dist_prev_vpoc = (prev_vpoc_lvl-close)/tick,2026-08-19,0.0,605df903
dist_prev_vpoc = (prev_vpoc_lvl-close)/tick,2026-08-20,0.0,605df903
dist_prev_vpoc = (prev_vpoc_lvl-close)/tick,2026-08-21,0.0,605df903
dist_prev_vpoc = (prev_vpoc_lvl-close)/tick,2026-08-23,0.0,605df903
dist_prev_vpoc = (prev_vpoc_lvl-close)/tick,2026-08-24,0.0,605df903
dist_prev_vpoc = (prev_vpoc_lvl-close)/tick,2026-08-25,0.0,605df903
dist_prev_vpoc = (prev_vpoc_lvl-close)/tick,2026-08-26,0.0,605df903
dist_prev_vpoc = (prev_vpoc_lvl-close)/tick,2026-08-27,0.0,605df903
dist_prev_vpoc = (prev_vpoc_lvl-close)/tick,2026-08-28,0.0,605df903
dist_prev_vpoc = (prev_vpoc_lvl-close)/tick,2026-08-30,0.0,605df903
dist_prev_vpoc = (prev_vpoc_lvl-close)/tick,2026-08-31,0.0,605df903
dist_prev_vpoc = (prev_vpoc_lvl-close)/tick,2026-09-01,0.0,605df903
dist_prev_vpoc = (prev_vpoc_lvl-close)/tick,2026-09-02,0.0,605df903
dist_prev_vpoc = (prev_vpoc_lvl-close)/tick,2026-09-03,0.0,605df903
dist_prev_vpoc = (prev_vpoc_lvl-close)/tick,2026-09-04,0.0,605df903
dist_prev_vah = (prev_vah_lvl-close)/tick,2026-06-10,0.0,None
dist_prev_vah = (prev_vah_lvl-close)/tick,2026-06-11,0.0,c43dc080
dist_prev_vah = (prev_vah_lvl-close)/tick,2026-06-12,0.0,3d61b74d
dist_prev_vah = (prev_vah_lvl-close)/tick,2026-06-15,0.0,114b1ca4
dist_prev_vah = (prev_vah_lvl-close)/tick,2026-06-16,0.0,e7199bc7
dist_prev_vah = (prev_vah_lvl-close)/tick,2026-06-17,0.0,e7199bc7
dist_prev_vah = (prev_vah_lvl-close)/tick,2026-06-18,0.0,e7199bc7
dist_prev_vah = (prev_vah_lvl-close)/tick,2026-06-19,0.0,9238adc1
dist_prev_vah = (prev_vah_lvl-close)/tick,2026-06-21,0.0,9238adc1
dist_prev_vah = (prev_vah_lvl-close)/tick,2026-06-22,0.0,9238adc1
dist_prev_vah = (prev_vah_lvl-close)/tick,2026-06-23,0.0,9238adc1
dist_prev_vah = (prev_vah_lvl-close)/tick,2026-06-24,0.0,9238adc1
dist_prev_vah = (prev_vah_lvl-close)/tick,2026-06-25,0.0,9238adc1
dist_prev_vah = (prev_vah_lvl-close)/tick,2026-06-26,0.0,9238adc1
dist_prev_vah = (prev_vah_lvl-close)/tick,2026-06-28,0.0,944f7204
dist_prev_vah = (prev_vah_lvl-close)/tick,2026-06-29,0.0,944f7204
dist_prev_vah = (prev_vah_lvl-close)/tick,2026-06-30,0.0,944f7204
dist_prev_vah = (prev_vah_lvl-close)/tick,2026-07-01,0.0,944f7204
dist_prev_vah = (prev_vah_lvl-close)/tick,2026-07-02,0.0,944f7204
dist_prev_vah = (prev_vah_lvl-close)/tick,2026-07-03,0.0,0658f3c8
dist_prev_vah = (prev_vah_lvl-close)/tick,2026-07-05,0.0,13efb186
dist_prev_vah = (prev_vah_lvl-close)/tick,2026-07-06,0.0,13efb186
dist_prev_vah = (prev_vah_lvl-close)/tick,2026-07-07,0.0,13efb186
dist_prev_vah = (prev_vah_lvl-close)/tick,2026-07-08,0.0,13efb186
dist_prev_vah = (prev_vah_lvl-close)/tick,2026-07-09,0.0,13efb186
dist_prev_vah = (prev_vah_lvl-close)/tick,2026-07-10,0.0,13efb186
dist_prev_vah = (prev_vah_lvl-close)/tick,2026-07-12,0.0,13efb186
dist_prev_vah = (prev_vah_lvl-close)/tick,2026-07-13,0.0,13efb186
dist_prev_vah = (prev_vah_lvl-close)/tick,2026-07-14,0.0,13efb186
dist_prev_vah = (prev_vah_lvl-close)/tick,2026-07-15,0.0,13efb186
dist_prev_vah = (prev_vah_lvl-close)/tick,2026-07-16,0.0,13efb186
dist_prev_vah = (prev_vah_lvl-close)/tick,2026-07-17,0.0,f6003b62
dist_prev_vah = (prev_vah_lvl-close)/tick,2026-07-19,0.0,f6003b62
dist_prev_vah = (prev_vah_lvl-close)/tick,2026-07-20,0.0,f6003b62
dist_prev_vah = (prev_vah_lvl-close)/tick,2026-07-21,0.0,f6003b62
dist_prev_vah = (prev_vah_lvl-close)/tick,2026-07-22,0.0,ed53e566
dist_prev_vah = (prev_vah_lvl-close)/tick,2026-07-23,0.0,ed53e566
dist_prev_vah = (prev_vah_lvl-close)/tick,2026-07-24,0.0,ed53e566
dist_prev_vah = (prev_vah_lvl-close)/tick,2026-07-26,0.0,4981d53a
dist_prev_vah = (prev_vah_lvl-close)/tick,2026-07-27,0.0,4981d53a
dist_prev_vah = (prev_vah_lvl-close)/tick,2026-07-28,0.0,4981d53a
dist_prev_vah = (prev_vah_lvl-close)/tick,2026-07-29,0.0,4981d53a
dist_prev_vah = (prev_vah_lvl-close)/tick,2026-07-30,0.0,4981d53a
dist_prev_vah = (prev_vah_lvl-close)/tick,2026-07-31,0.0,4981d53a
dist_prev_vah = (prev_vah_lvl-close)/tick,2026-08-03,0.0,e9f2b72b
dist_prev_vah = (prev_vah_lvl-close)/tick,2026-08-04,0.0,1d20af93
dist_prev_vah = (prev_vah_lvl-close)/tick,2026-08-05,0.0,0e82f56e
dist_prev_vah = (prev_vah_lvl-close)/tick,2026-08-06,0.0,feec66f6
dist_prev_vah = (prev_vah_lvl-close)/tick,2026-08-07,0.0,287627ed
dist_prev_vah = (prev_vah_lvl-close)/tick,2026-08-09,0.0,43f2daf5
dist_prev_vah = (prev_vah_lvl-close)/tick,2026-08-10,0.0,78177655
dist_prev_vah = (prev_vah_lvl-close)/tick,2026-08-11,0.0,78177655
dist_prev_vah = (prev_vah_lvl-close)/tick,2026-08-12,0.0,78177655
dist_prev_vah = (prev_vah_lvl-close)/tick,2026-08-13,0.0,78177655
dist_prev_vah = (prev_vah_lvl-close)/tick,2026-08-14,0.0,78177655
dist_prev_vah = (prev_vah_lvl-close)/tick,2026-08-16,0.0,605df903
dist_prev_vah = (prev_vah_lvl-close)/tick,2026-08-17,0.0,605df903
dist_prev_vah = (prev_vah_lvl-close)/tick,2026-08-18,0.0,605df903
dist_prev_vah = (prev_vah_lvl-close)/tick,2026-08-19,0.0,605df903
dist_prev_vah = (prev_vah_lvl-close)/tick,2026-08-20,0.0,605df903
dist_prev_vah = (prev_vah_lvl-close)/tick,2026-08-21,0.0,605df903
dist_prev_vah = (prev_vah_lvl-close)/tick,2026-08-23,0.0,605df903
dist_prev_vah = (prev_vah_lvl-close)/tick,2026-08-24,0.0,605df903
dist_prev_vah = (prev_vah_lvl-close)/tick,2026-08-25,0.0,605df903
dist_prev_vah = (prev_vah_lvl-close)/tick,2026-08-26,0.0,605df903
dist_prev_vah = (prev_vah_lvl-close)/tick,2026-08-27,0.0,605df903
dist_prev_vah = (prev_vah_lvl-close)/tick,2026-08-28,0.0,605df903
dist_prev_vah = (prev_vah_lvl-close)/tick,2026-08-30,0.0,605df903
dist_prev_vah = (prev_vah_lvl-close)/tick,2026-08-31,0.0,605df903
dist_prev_vah = (prev_vah_lvl-close)/tick,2026-09-01,0.0,605df903
dist_prev_vah = (prev_vah_lvl-close)/tick,2026-09-02,0.0,605df903
dist_prev_vah = (prev_vah_lvl-close)/tick,2026-09-03,0.0,605df903
dist_prev_vah = (prev_vah_lvl-close)/tick,2026-09-04,0.0,605df903
dist_prev_val = (prev_val_lvl-close)/tick,2026-06-10,0.0,None
dist_prev_val = (prev_val_lvl-close)/tick,2026-06-11,0.0,c43dc080
dist_prev_val = (prev_val_lvl-close)/tick,2026-06-12,0.0,3d61b74d
dist_prev_val = (prev_val_lvl-close)/tick,2026-06-15,0.0,114b1ca4
dist_prev_val = (prev_val_lvl-close)/tick,2026-06-16,0.0,e7199bc7
dist_prev_val = (prev_val_lvl-close)/tick,2026-06-17,0.0,e7199bc7
dist_prev_val = (prev_val_lvl-close)/tick,2026-06-18,0.0,e7199bc7
dist_prev_val = (prev_val_lvl-close)/tick,2026-06-19,0.0,9238adc1
dist_prev_val = (prev_val_lvl-close)/tick,2026-06-21,0.0,9238adc1
dist_prev_val = (prev_val_lvl-close)/tick,2026-06-22,0.0,9238adc1
dist_prev_val = (prev_val_lvl-close)/tick,2026-06-23,0.0,9238adc1
dist_prev_val = (prev_val_lvl-close)/tick,2026-06-24,0.0,9238adc1
dist_prev_val = (prev_val_lvl-close)/tick,2026-06-25,0.0,9238adc1
dist_prev_val = (prev_val_lvl-close)/tick,2026-06-26,0.0,9238adc1
dist_prev_val = (prev_val_lvl-close)/tick,2026-06-28,0.0,944f7204
dist_prev_val = (prev_val_lvl-close)/tick,2026-06-29,0.0,944f7204
dist_prev_val = (prev_val_lvl-close)/tick,2026-06-30,0.0,944f7204
dist_prev_val = (prev_val_lvl-close)/tick,2026-07-01,0.0,944f7204
dist_prev_val = (prev_val_lvl-close)/tick,2026-07-02,0.0,944f7204
dist_prev_val = (prev_val_lvl-close)/tick,2026-07-03,0.0,0658f3c8
dist_prev_val = (prev_val_lvl-close)/tick,2026-07-05,0.0,13efb186
dist_prev_val = (prev_val_lvl-close)/tick,2026-07-06,0.0,13efb186
dist_prev_val = (prev_val_lvl-close)/tick,2026-07-07,0.0,13efb186
dist_prev_val = (prev_val_lvl-close)/tick,2026-07-08,0.0,13efb186
dist_prev_val = (prev_val_lvl-close)/tick,2026-07-09,0.0,13efb186
dist_prev_val = (prev_val_lvl-close)/tick,2026-07-10,0.0,13efb186
dist_prev_val = (prev_val_lvl-close)/tick,2026-07-12,0.0,13efb186
dist_prev_val = (prev_val_lvl-close)/tick,2026-07-13,0.0,13efb186
dist_prev_val = (prev_val_lvl-close)/tick,2026-07-14,0.0,13efb186
dist_prev_val = (prev_val_lvl-close)/tick,2026-07-15,0.0,13efb186
dist_prev_val = (prev_val_lvl-close)/tick,2026-07-16,0.0,13efb186
dist_prev_val = (prev_val_lvl-close)/tick,2026-07-17,0.0,f6003b62
dist_prev_val = (prev_val_lvl-close)/tick,2026-07-19,0.0,f6003b62
dist_prev_val = (prev_val_lvl-close)/tick,2026-07-20,0.0,f6003b62
dist_prev_val = (prev_val_lvl-close)/tick,2026-07-21,0.0,f6003b62
dist_prev_val = (prev_val_lvl-close)/tick,2026-07-22,0.0,ed53e566
dist_prev_val = (prev_val_lvl-close)/tick,2026-07-23,0.0,ed53e566
dist_prev_val = (prev_val_lvl-close)/tick,2026-07-24,0.0,ed53e566
dist_prev_val = (prev_val_lvl-close)/tick,2026-07-26,0.0,4981d53a
dist_prev_val = (prev_val_lvl-close)/tick,2026-07-27,0.0,4981d53a
dist_prev_val = (prev_val_lvl-close)/tick,2026-07-28,0.0,4981d53a
dist_prev_val = (prev_val_lvl-close)/tick,2026-07-29,0.0,4981d53a
dist_prev_val = (prev_val_lvl-close)/tick,2026-07-30,0.0,4981d53a
dist_prev_val = (prev_val_lvl-close)/tick,2026-07-31,0.0,4981d53a
dist_prev_val = (prev_val_lvl-close)/tick,2026-08-03,0.0,e9f2b72b
dist_prev_val = (prev_val_lvl-close)/tick,2026-08-04,0.0,1d20af93
dist_prev_val = (prev_val_lvl-close)/tick,2026-08-05,0.0,0e82f56e
dist_prev_val = (prev_val_lvl-close)/tick,2026-08-06,0.0,feec66f6
dist_prev_val = (prev_val_lvl-close)/tick,2026-08-07,0.0,287627ed
dist_prev_val = (prev_val_lvl-close)/tick,2026-08-09,0.0,43f2daf5
dist_prev_val = (prev_val_lvl-close)/tick,2026-08-10,0.0,78177655
dist_prev_val = (prev_val_lvl-close)/tick,2026-08-11,0.0,78177655
dist_prev_val = (prev_val_lvl-close)/tick,2026-08-12,0.0,78177655
dist_prev_val = (prev_val_lvl-close)/tick,2026-08-13,0.0,78177655
dist_prev_val = (prev_val_lvl-close)/tick,2026-08-14,0.0,78177655
dist_prev_val = (prev_val_lvl-close)/tick,2026-08-16,0.0,605df903
dist_prev_val = (prev_val_lvl-close)/tick,2026-08-17,0.0,605df903
dist_prev_val = (prev_val_lvl-close)/tick,2026-08-18,0.0,605df903
dist_prev_val = (prev_val_lvl-close)/tick,2026-08-19,0.0,605df903
dist_prev_val = (prev_val_lvl-close)/tick,2026-08-20,0.0,605df903
dist_prev_val = (prev_val_lvl-close)/tick,2026-08-21,0.0,605df903
dist_prev_val = (prev_val_lvl-close)/tick,2026-08-23,0.0,605df903
dist_prev_val = (prev_val_lvl-close)/tick,2026-08-24,0.0,605df903
dist_prev_val = (prev_val_lvl-close)/tick,2026-08-25,0.0,605df903
dist_prev_val = (prev_val_lvl-close)/tick,2026-08-26,0.0,605df903
dist_prev_val = (prev_val_lvl-close)/tick,2026-08-27,0.0,605df903
dist_prev_val = (prev_val_lvl-close)/tick,2026-08-28,0.0,605df903
dist_prev_val = (prev_val_lvl-close)/tick,2026-08-30,0.0,605df903
dist_prev_val = (prev_val_lvl-close)/tick,2026-08-31,0.0,605df903
dist_prev_val = (prev_val_lvl-close)/tick,2026-09-01,0.0,605df903
dist_prev_val = (prev_val_lvl-close)/tick,2026-09-02,0.0,605df903
dist_prev_val = (prev_val_lvl-close)/tick,2026-09-03,0.0,605df903
dist_prev_val = (prev_val_lvl-close)/tick,2026-09-04,0.0,605df903
dist_prev_vwap = (pvwap-close)/tick,2026-06-10,0.0,None
dist_prev_vwap = (pvwap-close)/tick,2026-06-11,0.0,c43dc080
dist_prev_vwap = (pvwap-close)/tick,2026-06-12,0.0,3d61b74d
dist_prev_vwap = (pvwap-close)/tick,2026-06-15,0.0,114b1ca4
dist_prev_vwap = (pvwap-close)/tick,2026-06-16,0.0,e7199bc7
dist_prev_vwap = (pvwap-close)/tick,2026-06-17,0.0,e7199bc7
dist_prev_vwap = (pvwap-close)/tick,2026-06-18,0.1957,e7199bc7
dist_prev_vwap = (pvwap-close)/tick,2026-06-19,1.0,9238adc1
dist_prev_vwap = (pvwap-close)/tick,2026-06-21,1.0,9238adc1
dist_prev_vwap = (pvwap-close)/tick,2026-06-22,1.0,9238adc1
dist_prev_vwap = (pvwap-close)/tick,2026-06-23,1.0,9238adc1
dist_prev_vwap = (pvwap-close)/tick,2026-06-24,1.0,9238adc1
dist_prev_vwap = (pvwap-close)/tick,2026-06-25,1.0,9238adc1
dist_prev_vwap = (pvwap-close)/tick,2026-06-26,1.0,9238adc1
dist_prev_vwap = (pvwap-close)/tick,2026-06-28,1.0,944f7204
dist_prev_vwap = (pvwap-close)/tick,2026-06-29,1.0,944f7204
dist_prev_vwap = (pvwap-close)/tick,2026-06-30,1.0,944f7204
dist_prev_vwap = (pvwap-close)/tick,2026-07-01,1.0,944f7204
dist_prev_vwap = (pvwap-close)/tick,2026-07-02,1.0,944f7204
dist_prev_vwap = (pvwap-close)/tick,2026-07-03,1.0,0658f3c8
dist_prev_vwap = (pvwap-close)/tick,2026-07-05,1.0,13efb186
dist_prev_vwap = (pvwap-close)/tick,2026-07-06,1.0,13efb186
dist_prev_vwap = (pvwap-close)/tick,2026-07-07,1.0,13efb186
dist_prev_vwap = (pvwap-close)/tick,2026-07-08,1.0,13efb186
dist_prev_vwap = (pvwap-close)/tick,2026-07-09,1.0,13efb186
dist_prev_vwap = (pvwap-close)/tick,2026-07-10,1.0,13efb186
dist_prev_vwap = (pvwap-close)/tick,2026-07-12,1.0,13efb186
dist_prev_vwap = (pvwap-close)/tick,2026-07-13,1.0,13efb186
dist_prev_vwap = (pvwap-close)/tick,2026-07-14,1.0,13efb186
dist_prev_vwap = (pvwap-close)/tick,2026-07-15,1.0,13efb186
dist_prev_vwap = (pvwap-close)/tick,2026-07-16,1.0,13efb186
dist_prev_vwap = (pvwap-close)/tick,2026-07-17,1.0,f6003b62
dist_prev_vwap = (pvwap-close)/tick,2026-07-19,1.0,f6003b62
dist_prev_vwap = (pvwap-close)/tick,2026-07-20,1.0,f6003b62
dist_prev_vwap = (pvwap-close)/tick,2026-07-21,1.0,f6003b62
dist_prev_vwap = (pvwap-close)/tick,2026-07-22,1.0,ed53e566
dist_prev_vwap = (pvwap-close)/tick,2026-07-23,1.0,ed53e566
dist_prev_vwap = (pvwap-close)/tick,2026-07-24,1.0,ed53e566
dist_prev_vwap = (pvwap-close)/tick,2026-07-26,1.0,4981d53a
dist_prev_vwap = (pvwap-close)/tick,2026-07-27,1.0,4981d53a
dist_prev_vwap = (pvwap-close)/tick,2026-07-28,1.0,4981d53a
dist_prev_vwap = (pvwap-close)/tick,2026-07-29,1.0,4981d53a
dist_prev_vwap = (pvwap-close)/tick,2026-07-30,1.0,4981d53a
dist_prev_vwap = (pvwap-close)/tick,2026-07-31,1.0,4981d53a
dist_prev_vwap = (pvwap-close)/tick,2026-08-03,1.0,e9f2b72b
dist_prev_vwap = (pvwap-close)/tick,2026-08-04,1.0,1d20af93
dist_prev_vwap = (pvwap-close)/tick,2026-08-05,1.0,0e82f56e
dist_prev_vwap = (pvwap-close)/tick,2026-08-06,1.0,feec66f6
dist_prev_vwap = (pvwap-close)/tick,2026-08-07,1.0,287627ed
dist_prev_vwap = (pvwap-close)/tick,2026-08-09,1.0,43f2daf5
dist_prev_vwap = (pvwap-close)/tick,2026-08-10,1.0,78177655
dist_prev_vwap = (pvwap-close)/tick,2026-08-11,1.0,78177655
dist_prev_vwap = (pvwap-close)/tick,2026-08-12,1.0,78177655
dist_prev_vwap = (pvwap-close)/tick,2026-08-13,1.0,78177655
dist_prev_vwap = (pvwap-close)/tick,2026-08-14,1.0,78177655
dist_prev_vwap = (pvwap-close)/tick,2026-08-16,1.0,605df903
dist_prev_vwap = (pvwap-close)/tick,2026-08-17,1.0,605df903
dist_prev_vwap = (pvwap-close)/tick,2026-08-18,1.0,605df903
dist_prev_vwap = (pvwap-close)/tick,2026-08-19,1.0,605df903
dist_prev_vwap = (pvwap-close)/tick,2026-08-20,1.0,605df903
dist_prev_vwap = (pvwap-close)/tick,2026-08-21,1.0,605df903
dist_prev_vwap = (pvwap-close)/tick,2026-08-23,1.0,605df903
dist_prev_vwap = (pvwap-close)/tick,2026-08-24,1.0,605df903
dist_prev_vwap = (pvwap-close)/tick,2026-08-25,1.0,605df903
dist_prev_vwap = (pvwap-close)/tick,2026-08-26,1.0,605df903
dist_prev_vwap = (pvwap-close)/tick,2026-08-27,1.0,605df903
dist_prev_vwap = (pvwap-close)/tick,2026-08-28,1.0,605df903
dist_prev_vwap = (pvwap-close)/tick,2026-08-30,1.0,605df903
dist_prev_vwap = (pvwap-close)/tick,2026-08-31,1.0,605df903
dist_prev_vwap = (pvwap-close)/tick,2026-09-01,1.0,605df903
dist_prev_vwap = (pvwap-close)/tick,2026-09-02,1.0,605df903
dist_prev_vwap = (pvwap-close)/tick,2026-09-03,1.0,605df903
dist_prev_vwap = (pvwap-close)/tick,2026-09-04,1.0,605df903
dist_prev_vwap_sd1u = (pvwap_sd1u-close)/tick,2026-06-10,0.0,None
dist_prev_vwap_sd1u = (pvwap_sd1u-close)/tick,2026-06-11,0.0,c43dc080
dist_prev_vwap_sd1u = (pvwap_sd1u-close)/tick,2026-06-12,0.0,3d61b74d
dist_prev_vwap_sd1u = (pvwap_sd1u-close)/tick,2026-06-15,0.0,114b1ca4
dist_prev_vwap_sd1u = (pvwap_sd1u-close)/tick,2026-06-16,0.0,e7199bc7
dist_prev_vwap_sd1u = (pvwap_sd1u-close)/tick,2026-06-17,0.0,e7199bc7
dist_prev_vwap_sd1u = (pvwap_sd1u-close)/tick,2026-06-18,0.1957,e7199bc7
dist_prev_vwap_sd1u = (pvwap_sd1u-close)/tick,2026-06-19,1.0,9238adc1
dist_prev_vwap_sd1u = (pvwap_sd1u-close)/tick,2026-06-21,1.0,9238adc1
dist_prev_vwap_sd1u = (pvwap_sd1u-close)/tick,2026-06-22,1.0,9238adc1
dist_prev_vwap_sd1u = (pvwap_sd1u-close)/tick,2026-06-23,1.0,9238adc1
dist_prev_vwap_sd1u = (pvwap_sd1u-close)/tick,2026-06-24,1.0,9238adc1
dist_prev_vwap_sd1u = (pvwap_sd1u-close)/tick,2026-06-25,1.0,9238adc1
dist_prev_vwap_sd1u = (pvwap_sd1u-close)/tick,2026-06-26,1.0,9238adc1
dist_prev_vwap_sd1u = (pvwap_sd1u-close)/tick,2026-06-28,1.0,944f7204
dist_prev_vwap_sd1u = (pvwap_sd1u-close)/tick,2026-06-29,1.0,944f7204
dist_prev_vwap_sd1u = (pvwap_sd1u-close)/tick,2026-06-30,1.0,944f7204
dist_prev_vwap_sd1u = (pvwap_sd1u-close)/tick,2026-07-01,1.0,944f7204
dist_prev_vwap_sd1u = (pvwap_sd1u-close)/tick,2026-07-02,1.0,944f7204
dist_prev_vwap_sd1u = (pvwap_sd1u-close)/tick,2026-07-03,1.0,0658f3c8
dist_prev_vwap_sd1u = (pvwap_sd1u-close)/tick,2026-07-05,1.0,13efb186
dist_prev_vwap_sd1u = (pvwap_sd1u-close)/tick,2026-07-06,1.0,13efb186
dist_prev_vwap_sd1u = (pvwap_sd1u-close)/tick,2026-07-07,1.0,13efb186
dist_prev_vwap_sd1u = (pvwap_sd1u-close)/tick,2026-07-08,1.0,13efb186
dist_prev_vwap_sd1u = (pvwap_sd1u-close)/tick,2026-07-09,1.0,13efb186
dist_prev_vwap_sd1u = (pvwap_sd1u-close)/tick,2026-07-10,1.0,13efb186
dist_prev_vwap_sd1u = (pvwap_sd1u-close)/tick,2026-07-12,1.0,13efb186
dist_prev_vwap_sd1u = (pvwap_sd1u-close)/tick,2026-07-13,1.0,13efb186
dist_prev_vwap_sd1u = (pvwap_sd1u-close)/tick,2026-07-14,1.0,13efb186
dist_prev_vwap_sd1u = (pvwap_sd1u-close)/tick,2026-07-15,1.0,13efb186
dist_prev_vwap_sd1u = (pvwap_sd1u-close)/tick,2026-07-16,1.0,13efb186
dist_prev_vwap_sd1u = (pvwap_sd1u-close)/tick,2026-07-17,1.0,f6003b62
dist_prev_vwap_sd1u = (pvwap_sd1u-close)/tick,2026-07-19,1.0,f6003b62
dist_prev_vwap_sd1u = (pvwap_sd1u-close)/tick,2026-07-20,1.0,f6003b62
dist_prev_vwap_sd1u = (pvwap_sd1u-close)/tick,2026-07-21,1.0,f6003b62
dist_prev_vwap_sd1u = (pvwap_sd1u-close)/tick,2026-07-22,1.0,ed53e566
dist_prev_vwap_sd1u = (pvwap_sd1u-close)/tick,2026-07-23,1.0,ed53e566
dist_prev_vwap_sd1u = (pvwap_sd1u-close)/tick,2026-07-24,1.0,ed53e566
dist_prev_vwap_sd1u = (pvwap_sd1u-close)/tick,2026-07-26,1.0,4981d53a
dist_prev_vwap_sd1u = (pvwap_sd1u-close)/tick,2026-07-27,1.0,4981d53a
dist_prev_vwap_sd1u = (pvwap_sd1u-close)/tick,2026-07-28,1.0,4981d53a
dist_prev_vwap_sd1u = (pvwap_sd1u-close)/tick,2026-07-29,1.0,4981d53a
dist_prev_vwap_sd1u = (pvwap_sd1u-close)/tick,2026-07-30,1.0,4981d53a
dist_prev_vwap_sd1u = (pvwap_sd1u-close)/tick,2026-07-31,1.0,4981d53a
dist_prev_vwap_sd1u = (pvwap_sd1u-close)/tick,2026-08-03,1.0,e9f2b72b
dist_prev_vwap_sd1u = (pvwap_sd1u-close)/tick,2026-08-04,1.0,1d20af93
dist_prev_vwap_sd1u = (pvwap_sd1u-close)/tick,2026-08-05,1.0,0e82f56e
dist_prev_vwap_sd1u = (pvwap_sd1u-close)/tick,2026-08-06,1.0,feec66f6
dist_prev_vwap_sd1u = (pvwap_sd1u-close)/tick,2026-08-07,1.0,287627ed
dist_prev_vwap_sd1u = (pvwap_sd1u-close)/tick,2026-08-09,1.0,43f2daf5
dist_prev_vwap_sd1u = (pvwap_sd1u-close)/tick,2026-08-10,1.0,78177655
dist_prev_vwap_sd1u = (pvwap_sd1u-close)/tick,2026-08-11,1.0,78177655
dist_prev_vwap_sd1u = (pvwap_sd1u-close)/tick,2026-08-12,1.0,78177655
dist_prev_vwap_sd1u = (pvwap_sd1u-close)/tick,2026-08-13,1.0,78177655
dist_prev_vwap_sd1u = (pvwap_sd1u-close)/tick,2026-08-14,1.0,78177655
dist_prev_vwap_sd1u = (pvwap_sd1u-close)/tick,2026-08-16,1.0,605df903
dist_prev_vwap_sd1u = (pvwap_sd1u-close)/tick,2026-08-17,1.0,605df903
dist_prev_vwap_sd1u = (pvwap_sd1u-close)/tick,2026-08-18,1.0,605df903
dist_prev_vwap_sd1u = (pvwap_sd1u-close)/tick,2026-08-19,1.0,605df903
dist_prev_vwap_sd1u = (pvwap_sd1u-close)/tick,2026-08-20,1.0,605df903
dist_prev_vwap_sd1u = (pvwap_sd1u-close)/tick,2026-08-21,1.0,605df903
dist_prev_vwap_sd1u = (pvwap_sd1u-close)/tick,2026-08-23,1.0,605df903
dist_prev_vwap_sd1u = (pvwap_sd1u-close)/tick,2026-08-24,1.0,605df903
dist_prev_vwap_sd1u = (pvwap_sd1u-close)/tick,2026-08-25,1.0,605df903
dist_prev_vwap_sd1u = (pvwap_sd1u-close)/tick,2026-08-26,1.0,605df903
dist_prev_vwap_sd1u = (pvwap_sd1u-close)/tick,2026-08-27,1.0,605df903
dist_prev_vwap_sd1u = (pvwap_sd1u-close)/tick,2026-08-28,1.0,605df903
dist_prev_vwap_sd1u = (pvwap_sd1u-close)/tick,2026-08-30,1.0,605df903
dist_prev_vwap_sd1u = (pvwap_sd1u-close)/tick,2026-08-31,1.0,605df903
dist_prev_vwap_sd1u = (pvwap_sd1u-close)/tick,2026-09-01,1.0,605df903
dist_prev_vwap_sd1u = (pvwap_sd1u-close)/tick,2026-09-02,1.0,605df903
dist_prev_vwap_sd1u = (pvwap_sd1u-close)/tick,2026-09-03,1.0,605df903
dist_prev_vwap_sd1u = (pvwap_sd1u-close)/tick,2026-09-04,1.0,605df903
dist_prev_vwap_sd1d = (pvwap_sd1d-close)/tick,2026-06-10,0.0,None
dist_prev_vwap_sd1d = (pvwap_sd1d-close)/tick,2026-06-11,0.0,c43dc080
dist_prev_vwap_sd1d = (pvwap_sd1d-close)/tick,2026-06-12,0.0,3d61b74d
dist_prev_vwap_sd1d = (pvwap_sd1d-close)/tick,2026-06-15,0.0,114b1ca4
dist_prev_vwap_sd1d = (pvwap_sd1d-close)/tick,2026-06-16,0.0,e7199bc7
dist_prev_vwap_sd1d = (pvwap_sd1d-close)/tick,2026-06-17,0.0,e7199bc7
dist_prev_vwap_sd1d = (pvwap_sd1d-close)/tick,2026-06-18,0.1957,e7199bc7
dist_prev_vwap_sd1d = (pvwap_sd1d-close)/tick,2026-06-19,1.0,9238adc1
dist_prev_vwap_sd1d = (pvwap_sd1d-close)/tick,2026-06-21,1.0,9238adc1
dist_prev_vwap_sd1d = (pvwap_sd1d-close)/tick,2026-06-22,1.0,9238adc1
dist_prev_vwap_sd1d = (pvwap_sd1d-close)/tick,2026-06-23,1.0,9238adc1
dist_prev_vwap_sd1d = (pvwap_sd1d-close)/tick,2026-06-24,1.0,9238adc1
dist_prev_vwap_sd1d = (pvwap_sd1d-close)/tick,2026-06-25,1.0,9238adc1
dist_prev_vwap_sd1d = (pvwap_sd1d-close)/tick,2026-06-26,1.0,9238adc1
dist_prev_vwap_sd1d = (pvwap_sd1d-close)/tick,2026-06-28,1.0,944f7204
dist_prev_vwap_sd1d = (pvwap_sd1d-close)/tick,2026-06-29,1.0,944f7204
dist_prev_vwap_sd1d = (pvwap_sd1d-close)/tick,2026-06-30,1.0,944f7204
dist_prev_vwap_sd1d = (pvwap_sd1d-close)/tick,2026-07-01,1.0,944f7204
dist_prev_vwap_sd1d = (pvwap_sd1d-close)/tick,2026-07-02,1.0,944f7204
dist_prev_vwap_sd1d = (pvwap_sd1d-close)/tick,2026-07-03,1.0,0658f3c8
dist_prev_vwap_sd1d = (pvwap_sd1d-close)/tick,2026-07-05,1.0,13efb186
dist_prev_vwap_sd1d = (pvwap_sd1d-close)/tick,2026-07-06,1.0,13efb186
dist_prev_vwap_sd1d = (pvwap_sd1d-close)/tick,2026-07-07,1.0,13efb186
dist_prev_vwap_sd1d = (pvwap_sd1d-close)/tick,2026-07-08,1.0,13efb186
dist_prev_vwap_sd1d = (pvwap_sd1d-close)/tick,2026-07-09,1.0,13efb186
dist_prev_vwap_sd1d = (pvwap_sd1d-close)/tick,2026-07-10,1.0,13efb186
dist_prev_vwap_sd1d = (pvwap_sd1d-close)/tick,2026-07-12,1.0,13efb186
dist_prev_vwap_sd1d = (pvwap_sd1d-close)/tick,2026-07-13,1.0,13efb186
dist_prev_vwap_sd1d = (pvwap_sd1d-close)/tick,2026-07-14,1.0,13efb186
dist_prev_vwap_sd1d = (pvwap_sd1d-close)/tick,2026-07-15,1.0,13efb186
dist_prev_vwap_sd1d = (pvwap_sd1d-close)/tick,2026-07-16,1.0,13efb186
dist_prev_vwap_sd1d = (pvwap_sd1d-close)/tick,2026-07-17,1.0,f6003b62
dist_prev_vwap_sd1d = (pvwap_sd1d-close)/tick,2026-07-19,1.0,f6003b62
dist_prev_vwap_sd1d = (pvwap_sd1d-close)/tick,2026-07-20,1.0,f6003b62
dist_prev_vwap_sd1d = (pvwap_sd1d-close)/tick,2026-07-21,1.0,f6003b62
dist_prev_vwap_sd1d = (pvwap_sd1d-close)/tick,2026-07-22,1.0,ed53e566
dist_prev_vwap_sd1d = (pvwap_sd1d-close)/tick,2026-07-23,1.0,ed53e566
dist_prev_vwap_sd1d = (pvwap_sd1d-close)/tick,2026-07-24,1.0,ed53e566
dist_prev_vwap_sd1d = (pvwap_sd1d-close)/tick,2026-07-26,1.0,4981d53a
dist_prev_vwap_sd1d = (pvwap_sd1d-close)/tick,2026-07-27,1.0,4981d53a
dist_prev_vwap_sd1d = (pvwap_sd1d-close)/tick,2026-07-28,1.0,4981d53a
dist_prev_vwap_sd1d = (pvwap_sd1d-close)/tick,2026-07-29,1.0,4981d53a
dist_prev_vwap_sd1d = (pvwap_sd1d-close)/tick,2026-07-30,1.0,4981d53a
dist_prev_vwap_sd1d = (pvwap_sd1d-close)/tick,2026-07-31,1.0,4981d53a
dist_prev_vwap_sd1d = (pvwap_sd1d-close)/tick,2026-08-03,1.0,e9f2b72b
dist_prev_vwap_sd1d = (pvwap_sd1d-close)/tick,2026-08-04,1.0,1d20af93
dist_prev_vwap_sd1d = (pvwap_sd1d-close)/tick,2026-08-05,1.0,0e82f56e
dist_prev_vwap_sd1d = (pvwap_sd1d-close)/tick,2026-08-06,1.0,feec66f6
dist_prev_vwap_sd1d = (pvwap_sd1d-close)/tick,2026-08-07,1.0,287627ed
dist_prev_vwap_sd1d = (pvwap_sd1d-close)/tick,2026-08-09,1.0,43f2daf5
dist_prev_vwap_sd1d = (pvwap_sd1d-close)/tick,2026-08-10,1.0,78177655
dist_prev_vwap_sd1d = (pvwap_sd1d-close)/tick,2026-08-11,1.0,78177655
dist_prev_vwap_sd1d = (pvwap_sd1d-close)/tick,2026-08-12,1.0,78177655
dist_prev_vwap_sd1d = (pvwap_sd1d-close)/tick,2026-08-13,1.0,78177655
dist_prev_vwap_sd1d = (pvwap_sd1d-close)/tick,2026-08-14,1.0,78177655
dist_prev_vwap_sd1d = (pvwap_sd1d-close)/tick,2026-08-16,1.0,605df903
dist_prev_vwap_sd1d = (pvwap_sd1d-close)/tick,2026-08-17,1.0,605df903
dist_prev_vwap_sd1d = (pvwap_sd1d-close)/tick,2026-08-18,1.0,605df903
dist_prev_vwap_sd1d = (pvwap_sd1d-close)/tick,2026-08-19,1.0,605df903
dist_prev_vwap_sd1d = (pvwap_sd1d-close)/tick,2026-08-20,1.0,605df903
dist_prev_vwap_sd1d = (pvwap_sd1d-close)/tick,2026-08-21,1.0,605df903
dist_prev_vwap_sd1d = (pvwap_sd1d-close)/tick,2026-08-23,1.0,605df903
dist_prev_vwap_sd1d = (pvwap_sd1d-close)/tick,2026-08-24,1.0,605df903
dist_prev_vwap_sd1d = (pvwap_sd1d-close)/tick,2026-08-25,1.0,605df903
dist_prev_vwap_sd1d = (pvwap_sd1d-close)/tick,2026-08-26,1.0,605df903
dist_prev_vwap_sd1d = (pvwap_sd1d-close)/tick,2026-08-27,1.0,605df903
dist_prev_vwap_sd1d = (pvwap_sd1d-close)/tick,2026-08-28,1.0,605df903
dist_prev_vwap_sd1d = (pvwap_sd1d-close)/tick,2026-08-30,1.0,605df903
dist_prev_vwap_sd1d = (pvwap_sd1d-close)/tick,2026-08-31,1.0,605df903
dist_prev_vwap_sd1d = (pvwap_sd1d-close)/tick,2026-09-01,1.0,605df903
dist_prev_vwap_sd1d = (pvwap_sd1d-close)/tick,2026-09-02,1.0,605df903
dist_prev_vwap_sd1d = (pvwap_sd1d-close)/tick,2026-09-03,1.0,605df903
dist_prev_vwap_sd1d = (pvwap_sd1d-close)/tick,2026-09-04,1.0,605df903
dist_vwap_d_sd1u = (vwap_d_sd1u-close)/tick,2026-06-10,0.0,None
dist_vwap_d_sd1u = (vwap_d_sd1u-close)/tick,2026-06-11,0.0,c43dc080
dist_vwap_d_sd1u = (vwap_d_sd1u-close)/tick,2026-06-12,0.0,3d61b74d
dist_vwap_d_sd1u = (vwap_d_sd1u-close)/tick,2026-06-15,0.0,114b1ca4
dist_vwap_d_sd1u = (vwap_d_sd1u-close)/tick,2026-06-16,0.0,e7199bc7
dist_vwap_d_sd1u = (vwap_d_sd1u-close)/tick,2026-06-17,0.0,e7199bc7
dist_vwap_d_sd1u = (vwap_d_sd1u-close)/tick,2026-06-18,0.0,e7199bc7
dist_vwap_d_sd1u = (vwap_d_sd1u-close)/tick,2026-06-19,0.0,9238adc1
dist_vwap_d_sd1u = (vwap_d_sd1u-close)/tick,2026-06-21,0.0,9238adc1
dist_vwap_d_sd1u = (vwap_d_sd1u-close)/tick,2026-06-22,0.0,9238adc1
dist_vwap_d_sd1u = (vwap_d_sd1u-close)/tick,2026-06-23,0.0,9238adc1
dist_vwap_d_sd1u = (vwap_d_sd1u-close)/tick,2026-06-24,0.0,9238adc1
dist_vwap_d_sd1u = (vwap_d_sd1u-close)/tick,2026-06-25,0.0,9238adc1
dist_vwap_d_sd1u = (vwap_d_sd1u-close)/tick,2026-06-26,0.0,9238adc1
dist_vwap_d_sd1u = (vwap_d_sd1u-close)/tick,2026-06-28,0.0,944f7204
dist_vwap_d_sd1u = (vwap_d_sd1u-close)/tick,2026-06-29,0.0,944f7204
dist_vwap_d_sd1u = (vwap_d_sd1u-close)/tick,2026-06-30,0.0,944f7204
dist_vwap_d_sd1u = (vwap_d_sd1u-close)/tick,2026-07-01,0.0,944f7204
dist_vwap_d_sd1u = (vwap_d_sd1u-close)/tick,2026-07-02,0.0,944f7204
dist_vwap_d_sd1u = (vwap_d_sd1u-close)/tick,2026-07-03,0.0,0658f3c8
dist_vwap_d_sd1u = (vwap_d_sd1u-close)/tick,2026-07-05,0.0,13efb186
dist_vwap_d_sd1u = (vwap_d_sd1u-close)/tick,2026-07-06,0.0,13efb186
dist_vwap_d_sd1u = (vwap_d_sd1u-close)/tick,2026-07-07,0.0,13efb186
dist_vwap_d_sd1u = (vwap_d_sd1u-close)/tick,2026-07-08,0.0,13efb186
dist_vwap_d_sd1u = (vwap_d_sd1u-close)/tick,2026-07-09,0.0,13efb186
dist_vwap_d_sd1u = (vwap_d_sd1u-close)/tick,2026-07-10,0.0,13efb186
dist_vwap_d_sd1u = (vwap_d_sd1u-close)/tick,2026-07-12,0.0,13efb186
dist_vwap_d_sd1u = (vwap_d_sd1u-close)/tick,2026-07-13,0.0,13efb186
dist_vwap_d_sd1u = (vwap_d_sd1u-close)/tick,2026-07-14,0.0,13efb186
dist_vwap_d_sd1u = (vwap_d_sd1u-close)/tick,2026-07-15,0.0,13efb186
dist_vwap_d_sd1u = (vwap_d_sd1u-close)/tick,2026-07-16,0.0,13efb186
dist_vwap_d_sd1u = (vwap_d_sd1u-close)/tick,2026-07-17,0.0,f6003b62
dist_vwap_d_sd1u = (vwap_d_sd1u-close)/tick,2026-07-19,0.0,f6003b62
dist_vwap_d_sd1u = (vwap_d_sd1u-close)/tick,2026-07-20,0.0,f6003b62
dist_vwap_d_sd1u = (vwap_d_sd1u-close)/tick,2026-07-21,0.0,f6003b62
dist_vwap_d_sd1u = (vwap_d_sd1u-close)/tick,2026-07-22,0.0,ed53e566
dist_vwap_d_sd1u = (vwap_d_sd1u-close)/tick,2026-07-23,0.0,ed53e566
dist_vwap_d_sd1u = (vwap_d_sd1u-close)/tick,2026-07-24,0.0,ed53e566
dist_vwap_d_sd1u = (vwap_d_sd1u-close)/tick,2026-07-26,0.0,4981d53a
dist_vwap_d_sd1u = (vwap_d_sd1u-close)/tick,2026-07-27,0.0,4981d53a
dist_vwap_d_sd1u = (vwap_d_sd1u-close)/tick,2026-07-28,0.0,4981d53a
dist_vwap_d_sd1u = (vwap_d_sd1u-close)/tick,2026-07-29,0.0,4981d53a
dist_vwap_d_sd1u = (vwap_d_sd1u-close)/tick,2026-07-30,0.0,4981d53a
dist_vwap_d_sd1u = (vwap_d_sd1u-close)/tick,2026-07-31,0.0,4981d53a
dist_vwap_d_sd1u = (vwap_d_sd1u-close)/tick,2026-08-03,0.0,e9f2b72b
dist_vwap_d_sd1u = (vwap_d_sd1u-close)/tick,2026-08-04,0.0,1d20af93
dist_vwap_d_sd1u = (vwap_d_sd1u-close)/tick,2026-08-05,0.0,0e82f56e
dist_vwap_d_sd1u = (vwap_d_sd1u-close)/tick,2026-08-06,0.0,feec66f6
dist_vwap_d_sd1u = (vwap_d_sd1u-close)/tick,2026-08-07,0.0,287627ed
dist_vwap_d_sd1u = (vwap_d_sd1u-close)/tick,2026-08-09,0.0,43f2daf5
dist_vwap_d_sd1u = (vwap_d_sd1u-close)/tick,2026-08-10,0.0,78177655
dist_vwap_d_sd1u = (vwap_d_sd1u-close)/tick,2026-08-11,0.0,78177655
dist_vwap_d_sd1u = (vwap_d_sd1u-close)/tick,2026-08-12,0.0,78177655
dist_vwap_d_sd1u = (vwap_d_sd1u-close)/tick,2026-08-13,0.0,78177655
dist_vwap_d_sd1u = (vwap_d_sd1u-close)/tick,2026-08-14,0.0,78177655
dist_vwap_d_sd1u = (vwap_d_sd1u-close)/tick,2026-08-16,0.0,605df903
dist_vwap_d_sd1u = (vwap_d_sd1u-close)/tick,2026-08-17,0.0,605df903
dist_vwap_d_sd1u = (vwap_d_sd1u-close)/tick,2026-08-18,0.0,605df903
dist_vwap_d_sd1u = (vwap_d_sd1u-close)/tick,2026-08-19,0.0,605df903
dist_vwap_d_sd1u = (vwap_d_sd1u-close)/tick,2026-08-20,0.0,605df903
dist_vwap_d_sd1u = (vwap_d_sd1u-close)/tick,2026-08-21,0.0,605df903
dist_vwap_d_sd1u = (vwap_d_sd1u-close)/tick,2026-08-23,0.0,605df903
dist_vwap_d_sd1u = (vwap_d_sd1u-close)/tick,2026-08-24,0.0,605df903
dist_vwap_d_sd1u = (vwap_d_sd1u-close)/tick,2026-08-25,0.0,605df903
dist_vwap_d_sd1u = (vwap_d_sd1u-close)/tick,2026-08-26,0.0,605df903
dist_vwap_d_sd1u = (vwap_d_sd1u-close)/tick,2026-08-27,0.0,605df903
dist_vwap_d_sd1u = (vwap_d_sd1u-close)/tick,2026-08-28,0.0,605df903
dist_vwap_d_sd1u = (vwap_d_sd1u-close)/tick,2026-08-30,0.0,605df903
dist_vwap_d_sd1u = (vwap_d_sd1u-close)/tick,2026-08-31,0.0,605df903
dist_vwap_d_sd1u = (vwap_d_sd1u-close)/tick,2026-09-01,0.0,605df903
dist_vwap_d_sd1u = (vwap_d_sd1u-close)/tick,2026-09-02,0.0,605df903
dist_vwap_d_sd1u = (vwap_d_sd1u-close)/tick,2026-09-03,0.0,605df903
dist_vwap_d_sd1u = (vwap_d_sd1u-close)/tick,2026-09-04,0.0,605df903
dist_vwap_d_sd2u = (vwap_d_sd2u-close)/tick,2026-06-10,0.0,None
dist_vwap_d_sd2u = (vwap_d_sd2u-close)/tick,2026-06-11,0.0,c43dc080
dist_vwap_d_sd2u = (vwap_d_sd2u-close)/tick,2026-06-12,0.0,3d61b74d
dist_vwap_d_sd2u = (vwap_d_sd2u-close)/tick,2026-06-15,0.0,114b1ca4
dist_vwap_d_sd2u = (vwap_d_sd2u-close)/tick,2026-06-16,0.0,e7199bc7
dist_vwap_d_sd2u = (vwap_d_sd2u-close)/tick,2026-06-17,0.0,e7199bc7
dist_vwap_d_sd2u = (vwap_d_sd2u-close)/tick,2026-06-18,0.0,e7199bc7
dist_vwap_d_sd2u = (vwap_d_sd2u-close)/tick,2026-06-19,0.0,9238adc1
dist_vwap_d_sd2u = (vwap_d_sd2u-close)/tick,2026-06-21,0.0,9238adc1
dist_vwap_d_sd2u = (vwap_d_sd2u-close)/tick,2026-06-22,0.0,9238adc1
dist_vwap_d_sd2u = (vwap_d_sd2u-close)/tick,2026-06-23,0.0,9238adc1
dist_vwap_d_sd2u = (vwap_d_sd2u-close)/tick,2026-06-24,0.0,9238adc1
dist_vwap_d_sd2u = (vwap_d_sd2u-close)/tick,2026-06-25,0.0,9238adc1
dist_vwap_d_sd2u = (vwap_d_sd2u-close)/tick,2026-06-26,0.0,9238adc1
dist_vwap_d_sd2u = (vwap_d_sd2u-close)/tick,2026-06-28,0.0,944f7204
dist_vwap_d_sd2u = (vwap_d_sd2u-close)/tick,2026-06-29,0.0,944f7204
dist_vwap_d_sd2u = (vwap_d_sd2u-close)/tick,2026-06-30,0.0,944f7204
dist_vwap_d_sd2u = (vwap_d_sd2u-close)/tick,2026-07-01,0.0,944f7204
dist_vwap_d_sd2u = (vwap_d_sd2u-close)/tick,2026-07-02,0.0,944f7204
dist_vwap_d_sd2u = (vwap_d_sd2u-close)/tick,2026-07-03,0.0,0658f3c8
dist_vwap_d_sd2u = (vwap_d_sd2u-close)/tick,2026-07-05,0.0,13efb186
dist_vwap_d_sd2u = (vwap_d_sd2u-close)/tick,2026-07-06,0.0,13efb186
dist_vwap_d_sd2u = (vwap_d_sd2u-close)/tick,2026-07-07,0.0,13efb186
dist_vwap_d_sd2u = (vwap_d_sd2u-close)/tick,2026-07-08,0.0,13efb186
dist_vwap_d_sd2u = (vwap_d_sd2u-close)/tick,2026-07-09,0.0,13efb186
dist_vwap_d_sd2u = (vwap_d_sd2u-close)/tick,2026-07-10,0.0,13efb186
dist_vwap_d_sd2u = (vwap_d_sd2u-close)/tick,2026-07-12,0.0,13efb186
dist_vwap_d_sd2u = (vwap_d_sd2u-close)/tick,2026-07-13,0.0,13efb186
dist_vwap_d_sd2u = (vwap_d_sd2u-close)/tick,2026-07-14,0.0,13efb186
dist_vwap_d_sd2u = (vwap_d_sd2u-close)/tick,2026-07-15,0.0,13efb186
dist_vwap_d_sd2u = (vwap_d_sd2u-close)/tick,2026-07-16,0.0,13efb186
dist_vwap_d_sd2u = (vwap_d_sd2u-close)/tick,2026-07-17,0.0,f6003b62
dist_vwap_d_sd2u = (vwap_d_sd2u-close)/tick,2026-07-19,0.0,f6003b62
dist_vwap_d_sd2u = (vwap_d_sd2u-close)/tick,2026-07-20,0.0,f6003b62
dist_vwap_d_sd2u = (vwap_d_sd2u-close)/tick,2026-07-21,0.0,f6003b62
dist_vwap_d_sd2u = (vwap_d_sd2u-close)/tick,2026-07-22,0.0,ed53e566
dist_vwap_d_sd2u = (vwap_d_sd2u-close)/tick,2026-07-23,0.0,ed53e566
dist_vwap_d_sd2u = (vwap_d_sd2u-close)/tick,2026-07-24,0.0,ed53e566
dist_vwap_d_sd2u = (vwap_d_sd2u-close)/tick,2026-07-26,0.0,4981d53a
dist_vwap_d_sd2u = (vwap_d_sd2u-close)/tick,2026-07-27,0.0,4981d53a
dist_vwap_d_sd2u = (vwap_d_sd2u-close)/tick,2026-07-28,0.0,4981d53a
dist_vwap_d_sd2u = (vwap_d_sd2u-close)/tick,2026-07-29,0.0,4981d53a
dist_vwap_d_sd2u = (vwap_d_sd2u-close)/tick,2026-07-30,0.0,4981d53a
dist_vwap_d_sd2u = (vwap_d_sd2u-close)/tick,2026-07-31,0.0,4981d53a
dist_vwap_d_sd2u = (vwap_d_sd2u-close)/tick,2026-08-03,0.0,e9f2b72b
dist_vwap_d_sd2u = (vwap_d_sd2u-close)/tick,2026-08-04,0.0,1d20af93
dist_vwap_d_sd2u = (vwap_d_sd2u-close)/tick,2026-08-05,0.0,0e82f56e
dist_vwap_d_sd2u = (vwap_d_sd2u-close)/tick,2026-08-06,0.0,feec66f6
dist_vwap_d_sd2u = (vwap_d_sd2u-close)/tick,2026-08-07,0.0,287627ed
dist_vwap_d_sd2u = (vwap_d_sd2u-close)/tick,2026-08-09,0.0,43f2daf5
dist_vwap_d_sd2u = (vwap_d_sd2u-close)/tick,2026-08-10,0.0,78177655
dist_vwap_d_sd2u = (vwap_d_sd2u-close)/tick,2026-08-11,0.0,78177655
dist_vwap_d_sd2u = (vwap_d_sd2u-close)/tick,2026-08-12,0.0,78177655
dist_vwap_d_sd2u = (vwap_d_sd2u-close)/tick,2026-08-13,0.0,78177655
dist_vwap_d_sd2u = (vwap_d_sd2u-close)/tick,2026-08-14,0.0,78177655
dist_vwap_d_sd2u = (vwap_d_sd2u-close)/tick,2026-08-16,0.0,605df903
dist_vwap_d_sd2u = (vwap_d_sd2u-close)/tick,2026-08-17,0.0,605df903
dist_vwap_d_sd2u = (vwap_d_sd2u-close)/tick,2026-08-18,0.0,605df903
dist_vwap_d_sd2u = (vwap_d_sd2u-close)/tick,2026-08-19,0.0,605df903
dist_vwap_d_sd2u = (vwap_d_sd2u-close)/tick,2026-08-20,0.0,605df903
dist_vwap_d_sd2u = (vwap_d_sd2u-close)/tick,2026-08-21,0.0,605df903
dist_vwap_d_sd2u = (vwap_d_sd2u-close)/tick,2026-08-23,0.0,605df903
dist_vwap_d_sd2u = (vwap_d_sd2u-close)/tick,2026-08-24,0.0,605df903
dist_vwap_d_sd2u = (vwap_d_sd2u-close)/tick,2026-08-25,0.0,605df903
dist_vwap_d_sd2u = (vwap_d_sd2u-close)/tick,2026-08-26,0.0,605df903
dist_vwap_d_sd2u = (vwap_d_sd2u-close)/tick,2026-08-27,0.0,605df903
dist_vwap_d_sd2u = (vwap_d_sd2u-close)/tick,2026-08-28,0.0,605df903
dist_vwap_d_sd2u = (vwap_d_sd2u-close)/tick,2026-08-30,0.0,605df903
dist_vwap_d_sd2u = (vwap_d_sd2u-close)/tick,2026-08-31,0.0,605df903
dist_vwap_d_sd2u = (vwap_d_sd2u-close)/tick,2026-09-01,0.0,605df903
dist_vwap_d_sd2u = (vwap_d_sd2u-close)/tick,2026-09-02,0.0,605df903
dist_vwap_d_sd2u = (vwap_d_sd2u-close)/tick,2026-09-03,0.0,605df903
dist_vwap_d_sd2u = (vwap_d_sd2u-close)/tick,2026-09-04,0.0,605df903
dist_vwap_d_sd1d = (vwap_d_sd1d-close)/tick,2026-06-10,0.0,None
dist_vwap_d_sd1d = (vwap_d_sd1d-close)/tick,2026-06-11,0.0,c43dc080
dist_vwap_d_sd1d = (vwap_d_sd1d-close)/tick,2026-06-12,0.0,3d61b74d
dist_vwap_d_sd1d = (vwap_d_sd1d-close)/tick,2026-06-15,0.0,114b1ca4
dist_vwap_d_sd1d = (vwap_d_sd1d-close)/tick,2026-06-16,0.0,e7199bc7
dist_vwap_d_sd1d = (vwap_d_sd1d-close)/tick,2026-06-17,0.0,e7199bc7
dist_vwap_d_sd1d = (vwap_d_sd1d-close)/tick,2026-06-18,0.0,e7199bc7
dist_vwap_d_sd1d = (vwap_d_sd1d-close)/tick,2026-06-19,0.0,9238adc1
dist_vwap_d_sd1d = (vwap_d_sd1d-close)/tick,2026-06-21,0.0,9238adc1
dist_vwap_d_sd1d = (vwap_d_sd1d-close)/tick,2026-06-22,0.0,9238adc1
dist_vwap_d_sd1d = (vwap_d_sd1d-close)/tick,2026-06-23,0.0,9238adc1
dist_vwap_d_sd1d = (vwap_d_sd1d-close)/tick,2026-06-24,0.0,9238adc1
dist_vwap_d_sd1d = (vwap_d_sd1d-close)/tick,2026-06-25,0.0,9238adc1
dist_vwap_d_sd1d = (vwap_d_sd1d-close)/tick,2026-06-26,0.0,9238adc1
dist_vwap_d_sd1d = (vwap_d_sd1d-close)/tick,2026-06-28,0.0,944f7204
dist_vwap_d_sd1d = (vwap_d_sd1d-close)/tick,2026-06-29,0.0,944f7204
dist_vwap_d_sd1d = (vwap_d_sd1d-close)/tick,2026-06-30,0.0,944f7204
dist_vwap_d_sd1d = (vwap_d_sd1d-close)/tick,2026-07-01,0.0,944f7204
dist_vwap_d_sd1d = (vwap_d_sd1d-close)/tick,2026-07-02,0.0,944f7204
dist_vwap_d_sd1d = (vwap_d_sd1d-close)/tick,2026-07-03,0.0,0658f3c8
dist_vwap_d_sd1d = (vwap_d_sd1d-close)/tick,2026-07-05,0.0,13efb186
dist_vwap_d_sd1d = (vwap_d_sd1d-close)/tick,2026-07-06,0.0,13efb186
dist_vwap_d_sd1d = (vwap_d_sd1d-close)/tick,2026-07-07,0.0,13efb186
dist_vwap_d_sd1d = (vwap_d_sd1d-close)/tick,2026-07-08,0.0,13efb186
dist_vwap_d_sd1d = (vwap_d_sd1d-close)/tick,2026-07-09,0.0,13efb186
dist_vwap_d_sd1d = (vwap_d_sd1d-close)/tick,2026-07-10,0.0,13efb186
dist_vwap_d_sd1d = (vwap_d_sd1d-close)/tick,2026-07-12,0.0,13efb186
dist_vwap_d_sd1d = (vwap_d_sd1d-close)/tick,2026-07-13,0.0,13efb186
dist_vwap_d_sd1d = (vwap_d_sd1d-close)/tick,2026-07-14,0.0,13efb186
dist_vwap_d_sd1d = (vwap_d_sd1d-close)/tick,2026-07-15,0.0,13efb186
dist_vwap_d_sd1d = (vwap_d_sd1d-close)/tick,2026-07-16,0.0,13efb186
dist_vwap_d_sd1d = (vwap_d_sd1d-close)/tick,2026-07-17,0.0,f6003b62
dist_vwap_d_sd1d = (vwap_d_sd1d-close)/tick,2026-07-19,0.0,f6003b62
dist_vwap_d_sd1d = (vwap_d_sd1d-close)/tick,2026-07-20,0.0,f6003b62
dist_vwap_d_sd1d = (vwap_d_sd1d-close)/tick,2026-07-21,0.0,f6003b62
dist_vwap_d_sd1d = (vwap_d_sd1d-close)/tick,2026-07-22,0.0,ed53e566
dist_vwap_d_sd1d = (vwap_d_sd1d-close)/tick,2026-07-23,0.0,ed53e566
dist_vwap_d_sd1d = (vwap_d_sd1d-close)/tick,2026-07-24,0.0,ed53e566
dist_vwap_d_sd1d = (vwap_d_sd1d-close)/tick,2026-07-26,0.0,4981d53a
dist_vwap_d_sd1d = (vwap_d_sd1d-close)/tick,2026-07-27,0.0,4981d53a
dist_vwap_d_sd1d = (vwap_d_sd1d-close)/tick,2026-07-28,0.0,4981d53a
dist_vwap_d_sd1d = (vwap_d_sd1d-close)/tick,2026-07-29,0.0,4981d53a
dist_vwap_d_sd1d = (vwap_d_sd1d-close)/tick,2026-07-30,0.0,4981d53a
dist_vwap_d_sd1d = (vwap_d_sd1d-close)/tick,2026-07-31,0.0,4981d53a
dist_vwap_d_sd1d = (vwap_d_sd1d-close)/tick,2026-08-03,0.0,e9f2b72b
dist_vwap_d_sd1d = (vwap_d_sd1d-close)/tick,2026-08-04,0.0,1d20af93
dist_vwap_d_sd1d = (vwap_d_sd1d-close)/tick,2026-08-05,0.0,0e82f56e
dist_vwap_d_sd1d = (vwap_d_sd1d-close)/tick,2026-08-06,0.0,feec66f6
dist_vwap_d_sd1d = (vwap_d_sd1d-close)/tick,2026-08-07,0.0,287627ed
dist_vwap_d_sd1d = (vwap_d_sd1d-close)/tick,2026-08-09,0.0,43f2daf5
dist_vwap_d_sd1d = (vwap_d_sd1d-close)/tick,2026-08-10,0.0,78177655
dist_vwap_d_sd1d = (vwap_d_sd1d-close)/tick,2026-08-11,0.0,78177655
dist_vwap_d_sd1d = (vwap_d_sd1d-close)/tick,2026-08-12,0.0,78177655
dist_vwap_d_sd1d = (vwap_d_sd1d-close)/tick,2026-08-13,0.0,78177655
dist_vwap_d_sd1d = (vwap_d_sd1d-close)/tick,2026-08-14,0.0,78177655
dist_vwap_d_sd1d = (vwap_d_sd1d-close)/tick,2026-08-16,0.0,605df903
dist_vwap_d_sd1d = (vwap_d_sd1d-close)/tick,2026-08-17,0.0,605df903
dist_vwap_d_sd1d = (vwap_d_sd1d-close)/tick,2026-08-18,0.0,605df903
dist_vwap_d_sd1d = (vwap_d_sd1d-close)/tick,2026-08-19,0.0,605df903
dist_vwap_d_sd1d = (vwap_d_sd1d-close)/tick,2026-08-20,0.0,605df903
dist_vwap_d_sd1d = (vwap_d_sd1d-close)/tick,2026-08-21,0.0,605df903
dist_vwap_d_sd1d = (vwap_d_sd1d-close)/tick,2026-08-23,0.0,605df903
dist_vwap_d_sd1d = (vwap_d_sd1d-close)/tick,2026-08-24,0.0,605df903
dist_vwap_d_sd1d = (vwap_d_sd1d-close)/tick,2026-08-25,0.0,605df903
dist_vwap_d_sd1d = (vwap_d_sd1d-close)/tick,2026-08-26,0.0,605df903
dist_vwap_d_sd1d = (vwap_d_sd1d-close)/tick,2026-08-27,0.0,605df903
dist_vwap_d_sd1d = (vwap_d_sd1d-close)/tick,2026-08-28,0.0,605df903
dist_vwap_d_sd1d = (vwap_d_sd1d-close)/tick,2026-08-30,0.0,605df903
dist_vwap_d_sd1d = (vwap_d_sd1d-close)/tick,2026-08-31,0.0,605df903
dist_vwap_d_sd1d = (vwap_d_sd1d-close)/tick,2026-09-01,0.0,605df903
dist_vwap_d_sd1d = (vwap_d_sd1d-close)/tick,2026-09-02,0.0,605df903
dist_vwap_d_sd1d = (vwap_d_sd1d-close)/tick,2026-09-03,0.0,605df903
dist_vwap_d_sd1d = (vwap_d_sd1d-close)/tick,2026-09-04,0.0,605df903
dist_pdh = (pdh-close)/tick,2026-06-26,0.0,9238adc1
dist_pdh = (pdh-close)/tick,2026-06-28,0.0,944f7204
dist_pdh = (pdh-close)/tick,2026-06-29,0.0,944f7204
dist_pdh = (pdh-close)/tick,2026-06-30,0.0,944f7204
dist_pdh = (pdh-close)/tick,2026-07-01,0.0,944f7204
dist_pdh = (pdh-close)/tick,2026-07-02,0.0,944f7204
dist_pdh = (pdh-close)/tick,2026-07-03,0.0,0658f3c8
dist_pdh = (pdh-close)/tick,2026-07-05,0.0,13efb186
dist_pdh = (pdh-close)/tick,2026-07-06,0.0,13efb186
dist_pdh = (pdh-close)/tick,2026-07-07,0.0,13efb186
dist_pdh = (pdh-close)/tick,2026-07-08,0.0,13efb186
dist_pdh = (pdh-close)/tick,2026-07-09,0.0,13efb186
dist_pdh = (pdh-close)/tick,2026-07-10,0.0,13efb186
dist_pdh = (pdh-close)/tick,2026-07-12,0.0,13efb186
dist_pdh = (pdh-close)/tick,2026-07-13,0.0,13efb186
dist_pdh = (pdh-close)/tick,2026-07-14,0.0,13efb186
dist_pdh = (pdh-close)/tick,2026-07-15,0.0,13efb186
dist_pdh = (pdh-close)/tick,2026-07-16,0.0,13efb186
dist_pdh = (pdh-close)/tick,2026-07-17,0.0,f6003b62
dist_pdh = (pdh-close)/tick,2026-07-19,0.0,f6003b62
dist_pdh = (pdh-close)/tick,2026-07-20,0.0,f6003b62
dist_pdh = (pdh-close)/tick,2026-07-21,0.0,f6003b62
dist_pdh = (pdh-close)/tick,2026-07-22,0.0,ed53e566
dist_pdh = (pdh-close)/tick,2026-07-23,0.0,ed53e566
dist_pdh = (pdh-close)/tick,2026-07-24,0.0,ed53e566
dist_pdh = (pdh-close)/tick,2026-07-26,0.0,4981d53a
dist_pdh = (pdh-close)/tick,2026-07-27,0.0,4981d53a
dist_pdh = (pdh-close)/tick,2026-07-28,0.0,4981d53a
dist_pdh = (pdh-close)/tick,2026-07-29,0.0,4981d53a
dist_pdh = (pdh-close)/tick,2026-07-30,0.0,4981d53a
dist_pdh = (pdh-close)/tick,2026-07-31,0.0,4981d53a
dist_pdh = (pdh-close)/tick,2026-08-03,0.0,e9f2b72b
dist_pdh = (pdh-close)/tick,2026-08-04,0.0,1d20af93
dist_pdh = (pdh-close)/tick,2026-08-05,0.0,0e82f56e
dist_pdh = (pdh-close)/tick,2026-08-06,0.0,feec66f6
dist_pdh = (pdh-close)/tick,2026-08-07,0.0,287627ed
dist_pdh = (pdh-close)/tick,2026-08-09,0.0,43f2daf5
dist_pdh = (pdh-close)/tick,2026-08-10,0.0,78177655
dist_pdh = (pdh-close)/tick,2026-08-11,0.0,78177655
dist_pdh = (pdh-close)/tick,2026-08-12,0.0,78177655
dist_pdh = (pdh-close)/tick,2026-08-13,0.0,78177655
dist_pdh = (pdh-close)/tick,2026-08-14,0.0,78177655
dist_pdh = (pdh-close)/tick,2026-08-16,0.0,605df903
dist_pdh = (pdh-close)/tick,2026-08-17,0.0,605df903
dist_pdh = (pdh-close)/tick,2026-08-18,0.0,605df903
dist_pdh = (pdh-close)/tick,2026-08-19,0.0,605df903
dist_pdh = (pdh-close)/tick,2026-08-20,0.0,605df903
dist_pdh = (pdh-close)/tick,2026-08-21,0.0,605df903
dist_pdh = (pdh-close)/tick,2026-08-23,0.0,605df903
dist_pdh = (pdh-close)/tick,2026-08-24,0.0,605df903
dist_pdh = (pdh-close)/tick,2026-08-25,0.0,605df903
dist_pdh = (pdh-close)/tick,2026-08-26,0.0,605df903
dist_pdh = (pdh-close)/tick,2026-08-27,0.0,605df903
dist_pdh = (pdh-close)/tick,2026-08-28,0.0,605df903
dist_pdh = (pdh-close)/tick,2026-08-30,0.0,605df903
dist_pdh = (pdh-close)/tick,2026-08-31,0.0,605df903
dist_pdh = (pdh-close)/tick,2026-09-01,0.0,605df903
dist_pdh = (pdh-close)/tick,2026-09-02,0.0,605df903
dist_pdh = (pdh-close)/tick,2026-09-03,0.0,605df903
dist_pdh = (pdh-close)/tick,2026-09-04,0.0,605df903
dist_pdl = (pdl-close)/tick,2026-06-26,0.0,9238adc1
dist_pdl = (pdl-close)/tick,2026-06-28,0.0,944f7204
dist_pdl = (pdl-close)/tick,2026-06-29,0.0,944f7204
dist_pdl = (pdl-close)/tick,2026-06-30,0.0,944f7204
dist_pdl = (pdl-close)/tick,2026-07-01,0.0,944f7204
dist_pdl = (pdl-close)/tick,2026-07-02,0.0,944f7204
dist_pdl = (pdl-close)/tick,2026-07-03,0.0,0658f3c8
dist_pdl = (pdl-close)/tick,2026-07-05,0.0,13efb186
dist_pdl = (pdl-close)/tick,2026-07-06,0.0,13efb186
dist_pdl = (pdl-close)/tick,2026-07-07,0.0,13efb186
dist_pdl = (pdl-close)/tick,2026-07-08,0.0,13efb186
dist_pdl = (pdl-close)/tick,2026-07-09,0.0,13efb186
dist_pdl = (pdl-close)/tick,2026-07-10,0.0,13efb186
dist_pdl = (pdl-close)/tick,2026-07-12,0.0,13efb186
dist_pdl = (pdl-close)/tick,2026-07-13,0.0,13efb186
dist_pdl = (pdl-close)/tick,2026-07-14,0.0,13efb186
dist_pdl = (pdl-close)/tick,2026-07-15,0.0,13efb186
dist_pdl = (pdl-close)/tick,2026-07-16,0.0,13efb186
dist_pdl = (pdl-close)/tick,2026-07-17,0.0,f6003b62
dist_pdl = (pdl-close)/tick,2026-07-19,0.0,f6003b62
dist_pdl = (pdl-close)/tick,2026-07-20,0.0,f6003b62
dist_pdl = (pdl-close)/tick,2026-07-21,0.0,f6003b62
dist_pdl = (pdl-close)/tick,2026-07-22,0.0,ed53e566
dist_pdl = (pdl-close)/tick,2026-07-23,0.0,ed53e566
dist_pdl = (pdl-close)/tick,2026-07-24,0.0,ed53e566
dist_pdl = (pdl-close)/tick,2026-07-26,0.0,4981d53a
dist_pdl = (pdl-close)/tick,2026-07-27,0.0,4981d53a
dist_pdl = (pdl-close)/tick,2026-07-28,0.0,4981d53a
dist_pdl = (pdl-close)/tick,2026-07-29,0.0,4981d53a
dist_pdl = (pdl-close)/tick,2026-07-30,0.0,4981d53a
dist_pdl = (pdl-close)/tick,2026-07-31,0.0,4981d53a
dist_pdl = (pdl-close)/tick,2026-08-03,0.0,e9f2b72b
dist_pdl = (pdl-close)/tick,2026-08-04,0.0,1d20af93
dist_pdl = (pdl-close)/tick,2026-08-05,0.0,0e82f56e
dist_pdl = (pdl-close)/tick,2026-08-06,0.0,feec66f6
dist_pdl = (pdl-close)/tick,2026-08-07,0.0,287627ed
dist_pdl = (pdl-close)/tick,2026-08-09,0.0,43f2daf5
dist_pdl = (pdl-close)/tick,2026-08-10,0.0,78177655
dist_pdl = (pdl-close)/tick,2026-08-11,0.0,78177655
dist_pdl = (pdl-close)/tick,2026-08-12,0.0,78177655
dist_pdl = (pdl-close)/tick,2026-08-13,0.0,78177655
dist_pdl = (pdl-close)/tick,2026-08-14,0.0,78177655
dist_pdl = (pdl-close)/tick,2026-08-16,0.0,605df903
dist_pdl = (pdl-close)/tick,2026-08-17,0.0,605df903
dist_pdl = (pdl-close)/tick,2026-08-18,0.0,605df903
dist_pdl = (pdl-close)/tick,2026-08-19,0.0,605df903
dist_pdl = (pdl-close)/tick,2026-08-20,0.0,605df903
dist_pdl = (pdl-close)/tick,2026-08-21,0.0,605df903
dist_pdl = (pdl-close)/tick,2026-08-23,0.0,605df903
dist_pdl = (pdl-close)/tick,2026-08-24,0.0,605df903
dist_pdl = (pdl-close)/tick,2026-08-25,0.0,605df903
dist_pdl = (pdl-close)/tick,2026-08-26,0.0,605df903
dist_pdl = (pdl-close)/tick,2026-08-27,0.0,605df903
dist_pdl = (pdl-close)/tick,2026-08-28,0.0,605df903
dist_pdl = (pdl-close)/tick,2026-08-30,0.0,605df903
dist_pdl = (pdl-close)/tick,2026-08-31,0.0,605df903
dist_pdl = (pdl-close)/tick,2026-09-01,0.0,605df903
dist_pdl = (pdl-close)/tick,2026-09-02,0.0,605df903
dist_pdl = (pdl-close)/tick,2026-09-03,0.0,605df903
dist_pdl = (pdl-close)/tick,2026-09-04,0.0,605df903
dist_sess_high = (sess_high-close)/tick,2026-06-11,0.1055,c43dc080
dist_sess_high = (sess_high-close)/tick,2026-06-12,0.4976,3d61b74d
dist_sess_high = (sess_high-close)/tick,2026-06-15,0.4779,114b1ca4
dist_sess_high = (sess_high-close)/tick,2026-06-16,0.6304,e7199bc7
dist_sess_high = (sess_high-close)/tick,2026-06-17,0.5145,e7199bc7
dist_sess_high = (sess_high-close)/tick,2026-06-18,0.6536,e7199bc7
dist_sess_high = (sess_high-close)/tick,2026-06-19,1.0,9238adc1
dist_sess_high = (sess_high-close)/tick,2026-06-21,0.0417,9238adc1
dist_sess_high = (sess_high-close)/tick,2026-06-22,0.1775,9238adc1
dist_sess_high = (sess_high-close)/tick,2026-06-23,0.2616,9238adc1
dist_sess_high = (sess_high-close)/tick,2026-06-24,1.0,9238adc1
dist_sess_high = (sess_high-close)/tick,2026-06-25,0.0812,9238adc1
dist_sess_high = (sess_high-close)/tick,2026-06-26,1.0,9238adc1
dist_sess_high = (sess_high-close)/tick,2026-06-28,0.0167,944f7204
dist_sess_high = (sess_high-close)/tick,2026-06-29,0.087,944f7204
dist_sess_high = (sess_high-close)/tick,2026-06-30,0.0147,944f7204
dist_sess_high = (sess_high-close)/tick,2026-07-01,1.0,944f7204
dist_sess_high = (sess_high-close)/tick,2026-07-02,0.7203,944f7204
dist_sess_high = (sess_high-close)/tick,2026-07-03,0.0265,0658f3c8
dist_sess_high = (sess_high-close)/tick,2026-07-05,0.5917,13efb186
dist_sess_high = (sess_high-close)/tick,2026-07-06,0.2616,13efb186
dist_sess_high = (sess_high-close)/tick,2026-07-07,1.0,13efb186
dist_sess_high = (sess_high-close)/tick,2026-07-08,0.9971,13efb186
dist_sess_high = (sess_high-close)/tick,2026-07-09,0.092,13efb186
dist_sess_high = (sess_high-close)/tick,2026-07-10,0.9437,13efb186
dist_sess_high = (sess_high-close)/tick,2026-07-12,0.0,13efb186
dist_sess_high = (sess_high-close)/tick,2026-07-13,0.2616,13efb186
dist_sess_high = (sess_high-close)/tick,2026-07-14,0.4739,13efb186
dist_sess_high = (sess_high-close)/tick,2026-07-15,0.1804,13efb186
dist_sess_high = (sess_high-close)/tick,2026-07-16,0.4348,13efb186
dist_sess_high = (sess_high-close)/tick,2026-07-17,1.0,f6003b62
dist_sess_high = (sess_high-close)/tick,2026-07-19,0.0,f6003b62
dist_sess_high = (sess_high-close)/tick,2026-07-20,0.2638,f6003b62
dist_sess_high = (sess_high-close)/tick,2026-07-21,0.2464,f6003b62
dist_sess_high = (sess_high-close)/tick,2026-07-22,1.0,ed53e566
dist_sess_high = (sess_high-close)/tick,2026-07-23,1.0,ed53e566
dist_sess_high = (sess_high-close)/tick,2026-07-24,1.0,ed53e566
dist_sess_high = (sess_high-close)/tick,2026-07-26,0.8917,4981d53a
dist_sess_high = (sess_high-close)/tick,2026-07-27,0.2616,4981d53a
dist_sess_high = (sess_high-close)/tick,2026-07-28,0.992,4981d53a
dist_sess_high = (sess_high-close)/tick,2026-07-29,0.2616,4981d53a
dist_sess_high = (sess_high-close)/tick,2026-07-30,0.7413,4981d53a
dist_sess_high = (sess_high-close)/tick,2026-07-31,0.0475,4981d53a
dist_sess_high = (sess_high-close)/tick,2026-08-03,0.7494,e9f2b72b
dist_sess_high = (sess_high-close)/tick,2026-08-04,0.1007,1d20af93
dist_sess_high = (sess_high-close)/tick,2026-08-05,0.6893,0e82f56e
dist_sess_high = (sess_high-close)/tick,2026-08-06,0.9232,feec66f6
dist_sess_high = (sess_high-close)/tick,2026-08-07,0.3849,287627ed
dist_sess_high = (sess_high-close)/tick,2026-08-09,0.9915,43f2daf5
dist_sess_high = (sess_high-close)/tick,2026-08-10,0.4009,78177655
dist_sess_high = (sess_high-close)/tick,2026-08-11,0.3138,78177655
dist_sess_high = (sess_high-close)/tick,2026-08-12,0.2877,78177655
dist_sess_high = (sess_high-close)/tick,2026-08-13,0.771,78177655
dist_sess_high = (sess_high-close)/tick,2026-08-14,0.5738,78177655
dist_sess_high = (sess_high-close)/tick,2026-08-16,0.0333,605df903
dist_sess_high = (sess_high-close)/tick,2026-08-17,0.2623,605df903
dist_sess_high = (sess_high-close)/tick,2026-08-18,1.0,605df903
dist_sess_high = (sess_high-close)/tick,2026-08-19,0.7254,605df903
dist_sess_high = (sess_high-close)/tick,2026-08-20,0.2616,605df903
dist_sess_high = (sess_high-close)/tick,2026-08-21,0.1135,605df903
dist_sess_high = (sess_high-close)/tick,2026-08-23,0.6917,605df903
dist_sess_high = (sess_high-close)/tick,2026-08-24,0.2609,605df903
dist_sess_high = (sess_high-close)/tick,2026-08-25,0.5043,605df903
dist_sess_high = (sess_high-close)/tick,2026-08-26,0.687,605df903
dist_sess_high = (sess_high-close)/tick,2026-08-27,0.0884,605df903
dist_sess_high = (sess_high-close)/tick,2026-08-28,0.6976,605df903
dist_sess_high = (sess_high-close)/tick,2026-08-30,0.9917,605df903
dist_sess_high = (sess_high-close)/tick,2026-08-31,1.0,605df903
dist_sess_high = (sess_high-close)/tick,2026-09-01,0.5167,605df903
dist_sess_high = (sess_high-close)/tick,2026-09-02,0.8811,605df903
dist_sess_high = (sess_high-close)/tick,2026-09-03,0.1246,605df903
dist_sess_high = (sess_high-close)/tick,2026-09-04,0.3066,605df903
dist_sess_low = (sess_low-close)/tick,2026-06-11,1.0,c43dc080
dist_sess_low = (sess_low-close)/tick,2026-06-12,1.0,3d61b74d
dist_sess_low = (sess_low-close)/tick,2026-06-15,0.921,114b1ca4
dist_sess_low = (sess_low-close)/tick,2026-06-16,0.1181,e7199bc7
dist_sess_low = (sess_low-close)/tick,2026-06-17,0.8725,e7199bc7
dist_sess_low = (sess_low-close)/tick,2026-06-18,1.0,e7199bc7
dist_sess_low = (sess_low-close)/tick,2026-06-19,0.016,9238adc1
dist_sess_low = (sess_low-close)/tick,2026-06-21,0.0667,9238adc1
dist_sess_low = (sess_low-close)/tick,2026-06-22,0.2616,9238adc1
dist_sess_low = (sess_low-close)/tick,2026-06-23,0.1725,9238adc1
dist_sess_low = (sess_low-close)/tick,2026-06-24,1.0,9238adc1
dist_sess_low = (sess_low-close)/tick,2026-06-25,1.0,9238adc1
dist_sess_low = (sess_low-close)/tick,2026-06-26,0.3849,9238adc1
dist_sess_low = (sess_low-close)/tick,2026-06-28,0.9917,944f7204
dist_sess_low = (sess_low-close)/tick,2026-06-29,0.8812,944f7204
dist_sess_low = (sess_low-close)/tick,2026-06-30,1.0,944f7204
dist_sess_low = (sess_low-close)/tick,2026-07-01,0.2674,944f7204
dist_sess_low = (sess_low-close)/tick,2026-07-02,0.0906,944f7204
dist_sess_low = (sess_low-close)/tick,2026-07-03,1.0,0658f3c8
dist_sess_low = (sess_low-close)/tick,2026-07-05,0.025,13efb186
dist_sess_low = (sess_low-close)/tick,2026-07-06,0.2326,13efb186
dist_sess_low = (sess_low-close)/tick,2026-07-07,0.2667,13efb186
dist_sess_low = (sess_low-close)/tick,2026-07-08,0.2616,13efb186
dist_sess_low = (sess_low-close)/tick,2026-07-09,1.0,13efb186
dist_sess_low = (sess_low-close)/tick,2026-07-10,0.0016,13efb186
dist_sess_low = (sess_low-close)/tick,2026-07-12,0.025,13efb186
dist_sess_low = (sess_low-close)/tick,2026-07-13,0.1138,13efb186
dist_sess_low = (sess_low-close)/tick,2026-07-14,0.1804,13efb186
dist_sess_low = (sess_low-close)/tick,2026-07-15,0.2616,13efb186
dist_sess_low = (sess_low-close)/tick,2026-07-16,0.4783,13efb186
dist_sess_low = (sess_low-close)/tick,2026-07-17,0.0048,f6003b62
dist_sess_low = (sess_low-close)/tick,2026-07-19,0.0167,f6003b62
dist_sess_low = (sess_low-close)/tick,2026-07-20,0.1761,f6003b62
dist_sess_low = (sess_low-close)/tick,2026-07-21,0.1913,f6003b62
dist_sess_low = (sess_low-close)/tick,2026-07-22,0.1783,ed53e566
dist_sess_low = (sess_low-close)/tick,2026-07-23,0.2652,ed53e566
dist_sess_low = (sess_low-close)/tick,2026-07-24,0.2762,ed53e566
dist_sess_low = (sess_low-close)/tick,2026-07-26,0.9917,4981d53a
dist_sess_low = (sess_low-close)/tick,2026-07-27,0.8514,4981d53a
dist_sess_low = (sess_low-close)/tick,2026-07-28,0.2536,4981d53a
dist_sess_low = (sess_low-close)/tick,2026-07-29,0.2152,4981d53a
dist_sess_low = (sess_low-close)/tick,2026-07-30,1.0,4981d53a
dist_sess_low = (sess_low-close)/tick,2026-07-31,0.4724,4981d53a
dist_sess_low = (sess_low-close)/tick,2026-08-03,1.0,e9f2b72b
dist_sess_low = (sess_low-close)/tick,2026-08-04,1.0,1d20af93
dist_sess_low = (sess_low-close)/tick,2026-08-05,0.8416,0e82f56e
dist_sess_low = (sess_low-close)/tick,2026-08-06,0.308,feec66f6
dist_sess_low = (sess_low-close)/tick,2026-08-07,0.5833,287627ed
dist_sess_low = (sess_low-close)/tick,2026-08-09,0.0513,43f2daf5
dist_sess_low = (sess_low-close)/tick,2026-08-10,0.7951,78177655
dist_sess_low = (sess_low-close)/tick,2026-08-11,0.0877,78177655
dist_sess_low = (sess_low-close)/tick,2026-08-12,0.9239,78177655
dist_sess_low = (sess_low-close)/tick,2026-08-13,0.2616,78177655
dist_sess_low = (sess_low-close)/tick,2026-08-14,0.0508,78177655
dist_sess_low = (sess_low-close)/tick,2026-08-16,0.9917,605df903
dist_sess_low = (sess_low-close)/tick,2026-08-17,0.708,605df903
dist_sess_low = (sess_low-close)/tick,2026-08-18,0.271,605df903
dist_sess_low = (sess_low-close)/tick,2026-08-19,0.2616,605df903
dist_sess_low = (sess_low-close)/tick,2026-08-20,0.5043,605df903
dist_sess_low = (sess_low-close)/tick,2026-08-21,1.0,605df903
dist_sess_low = (sess_low-close)/tick,2026-08-23,0.0,605df903
dist_sess_low = (sess_low-close)/tick,2026-08-24,0.2507,605df903
dist_sess_low = (sess_low-close)/tick,2026-08-25,0.2609,605df903
dist_sess_low = (sess_low-close)/tick,2026-08-26,0.2609,605df903
dist_sess_low = (sess_low-close)/tick,2026-08-27,1.0,605df903
dist_sess_low = (sess_low-close)/tick,2026-08-28,0.8675,605df903
dist_sess_low = (sess_low-close)/tick,2026-08-30,0.0167,605df903
dist_sess_low = (sess_low-close)/tick,2026-08-31,0.2609,605df903
dist_sess_low = (sess_low-close)/tick,2026-09-01,0.5152,605df903
dist_sess_low = (sess_low-close)/tick,2026-09-02,0.6461,605df903
dist_sess_low = (sess_low-close)/tick,2026-09-03,0.4906,605df903
dist_sess_low = (sess_low-close)/tick,2026-09-04,1.0,605df903
dist_ovn_high = (ovn_high-close)/tick,2026-06-11,0.0,c43dc080
dist_ovn_high = (ovn_high-close)/tick,2026-06-12,0.0,3d61b74d
dist_ovn_high = (ovn_high-close)/tick,2026-06-15,0.0,114b1ca4
dist_ovn_high = (ovn_high-close)/tick,2026-06-16,0.0,e7199bc7
dist_ovn_high = (ovn_high-close)/tick,2026-06-17,0.0,e7199bc7
dist_ovn_high = (ovn_high-close)/tick,2026-06-18,0.0,e7199bc7
dist_ovn_high = (ovn_high-close)/tick,2026-06-19,0.0,9238adc1
dist_ovn_high = (ovn_high-close)/tick,2026-06-21,0.0,9238adc1
dist_ovn_high = (ovn_high-close)/tick,2026-06-22,0.0,9238adc1
dist_ovn_high = (ovn_high-close)/tick,2026-06-23,0.0,9238adc1
dist_ovn_high = (ovn_high-close)/tick,2026-06-24,0.0,9238adc1
dist_ovn_high = (ovn_high-close)/tick,2026-06-25,0.0,9238adc1
dist_ovn_high = (ovn_high-close)/tick,2026-06-26,0.0,9238adc1
dist_ovn_high = (ovn_high-close)/tick,2026-06-28,0.0,944f7204
dist_ovn_high = (ovn_high-close)/tick,2026-06-29,0.0,944f7204
dist_ovn_high = (ovn_high-close)/tick,2026-06-30,0.0,944f7204
dist_ovn_high = (ovn_high-close)/tick,2026-07-01,0.0,944f7204
dist_ovn_high = (ovn_high-close)/tick,2026-07-02,0.0,944f7204
dist_ovn_high = (ovn_high-close)/tick,2026-07-03,0.0,0658f3c8
dist_ovn_high = (ovn_high-close)/tick,2026-07-05,0.0,13efb186
dist_ovn_high = (ovn_high-close)/tick,2026-07-06,0.0,13efb186
dist_ovn_high = (ovn_high-close)/tick,2026-07-07,0.0,13efb186
dist_ovn_high = (ovn_high-close)/tick,2026-07-08,0.0,13efb186
dist_ovn_high = (ovn_high-close)/tick,2026-07-09,0.0,13efb186
dist_ovn_high = (ovn_high-close)/tick,2026-07-10,0.0,13efb186
dist_ovn_high = (ovn_high-close)/tick,2026-07-12,0.0,13efb186
dist_ovn_high = (ovn_high-close)/tick,2026-07-13,0.0,13efb186
dist_ovn_high = (ovn_high-close)/tick,2026-07-14,0.0,13efb186
dist_ovn_high = (ovn_high-close)/tick,2026-07-15,0.0,13efb186
dist_ovn_high = (ovn_high-close)/tick,2026-07-16,0.0,13efb186
dist_ovn_high = (ovn_high-close)/tick,2026-07-17,0.0,f6003b62
dist_ovn_high = (ovn_high-close)/tick,2026-07-19,0.0,f6003b62
dist_ovn_high = (ovn_high-close)/tick,2026-07-20,0.0,f6003b62
dist_ovn_high = (ovn_high-close)/tick,2026-07-21,0.0,f6003b62
dist_ovn_high = (ovn_high-close)/tick,2026-07-22,0.0,ed53e566
dist_ovn_high = (ovn_high-close)/tick,2026-07-23,0.0,ed53e566
dist_ovn_high = (ovn_high-close)/tick,2026-07-24,0.0,ed53e566
dist_ovn_high = (ovn_high-close)/tick,2026-07-26,0.0,4981d53a
dist_ovn_high = (ovn_high-close)/tick,2026-07-27,0.0,4981d53a
dist_ovn_high = (ovn_high-close)/tick,2026-07-28,0.0,4981d53a
dist_ovn_high = (ovn_high-close)/tick,2026-07-29,0.0,4981d53a
dist_ovn_high = (ovn_high-close)/tick,2026-07-30,0.0,4981d53a
dist_ovn_high = (ovn_high-close)/tick,2026-07-31,0.0,4981d53a
dist_ovn_high = (ovn_high-close)/tick,2026-08-03,0.0,e9f2b72b
dist_ovn_high = (ovn_high-close)/tick,2026-08-04,0.0,1d20af93
dist_ovn_high = (ovn_high-close)/tick,2026-08-05,0.0,0e82f56e
dist_ovn_high = (ovn_high-close)/tick,2026-08-06,0.0,feec66f6
dist_ovn_high = (ovn_high-close)/tick,2026-08-07,0.0,287627ed
dist_ovn_high = (ovn_high-close)/tick,2026-08-09,0.0,43f2daf5
dist_ovn_high = (ovn_high-close)/tick,2026-08-10,0.0,78177655
dist_ovn_high = (ovn_high-close)/tick,2026-08-11,0.0,78177655
dist_ovn_high = (ovn_high-close)/tick,2026-08-12,0.0,78177655
dist_ovn_high = (ovn_high-close)/tick,2026-08-13,0.0,78177655
dist_ovn_high = (ovn_high-close)/tick,2026-08-14,0.0,78177655
dist_ovn_high = (ovn_high-close)/tick,2026-08-16,0.0,605df903
dist_ovn_high = (ovn_high-close)/tick,2026-08-17,0.0,605df903
dist_ovn_high = (ovn_high-close)/tick,2026-08-18,0.0,605df903
dist_ovn_high = (ovn_high-close)/tick,2026-08-19,0.0,605df903
dist_ovn_high = (ovn_high-close)/tick,2026-08-20,0.0,605df903
dist_ovn_high = (ovn_high-close)/tick,2026-08-21,0.0,605df903
dist_ovn_high = (ovn_high-close)/tick,2026-08-23,0.0,605df903
dist_ovn_high = (ovn_high-close)/tick,2026-08-24,0.0,605df903
dist_ovn_high = (ovn_high-close)/tick,2026-08-25,0.0,605df903
dist_ovn_high = (ovn_high-close)/tick,2026-08-26,0.0,605df903
dist_ovn_high = (ovn_high-close)/tick,2026-08-27,0.0,605df903
dist_ovn_high = (ovn_high-close)/tick,2026-08-28,0.0,605df903
dist_ovn_high = (ovn_high-close)/tick,2026-08-30,0.0,605df903
dist_ovn_high = (ovn_high-close)/tick,2026-08-31,0.0,605df903
dist_ovn_high = (ovn_high-close)/tick,2026-09-01,0.0,605df903
dist_ovn_high = (ovn_high-close)/tick,2026-09-02,0.0,605df903
dist_ovn_high = (ovn_high-close)/tick,2026-09-03,0.0,605df903
dist_ovn_high = (ovn_high-close)/tick,2026-09-04,0.0,605df903
dist_ovn_low = (ovn_low-close)/tick,2026-06-11,0.0,c43dc080
dist_ovn_low = (ovn_low-close)/tick,2026-06-12,0.0,3d61b74d
dist_ovn_low = (ovn_low-close)/tick,2026-06-15,0.0,114b1ca4
dist_ovn_low = (ovn_low-close)/tick,2026-06-16,0.0,e7199bc7
dist_ovn_low = (ovn_low-close)/tick,2026-06-17,0.0,e7199bc7
dist_ovn_low = (ovn_low-close)/tick,2026-06-18,0.0,e7199bc7
dist_ovn_low = (ovn_low-close)/tick,2026-06-19,0.0,9238adc1
dist_ovn_low = (ovn_low-close)/tick,2026-06-21,0.0,9238adc1
dist_ovn_low = (ovn_low-close)/tick,2026-06-22,0.0,9238adc1
dist_ovn_low = (ovn_low-close)/tick,2026-06-23,0.0,9238adc1
dist_ovn_low = (ovn_low-close)/tick,2026-06-24,0.0,9238adc1
dist_ovn_low = (ovn_low-close)/tick,2026-06-25,0.0,9238adc1
dist_ovn_low = (ovn_low-close)/tick,2026-06-26,0.0,9238adc1
dist_ovn_low = (ovn_low-close)/tick,2026-06-28,0.0,944f7204
dist_ovn_low = (ovn_low-close)/tick,2026-06-29,0.0,944f7204
dist_ovn_low = (ovn_low-close)/tick,2026-06-30,0.0,944f7204
dist_ovn_low = (ovn_low-close)/tick,2026-07-01,0.0,944f7204
dist_ovn_low = (ovn_low-close)/tick,2026-07-02,0.0,944f7204
dist_ovn_low = (ovn_low-close)/tick,2026-07-03,0.0,0658f3c8
dist_ovn_low = (ovn_low-close)/tick,2026-07-05,0.0,13efb186
dist_ovn_low = (ovn_low-close)/tick,2026-07-06,0.0,13efb186
dist_ovn_low = (ovn_low-close)/tick,2026-07-07,0.0,13efb186
dist_ovn_low = (ovn_low-close)/tick,2026-07-08,0.0,13efb186
dist_ovn_low = (ovn_low-close)/tick,2026-07-09,0.0,13efb186
dist_ovn_low = (ovn_low-close)/tick,2026-07-10,0.0,13efb186
dist_ovn_low = (ovn_low-close)/tick,2026-07-12,0.0,13efb186
dist_ovn_low = (ovn_low-close)/tick,2026-07-13,0.0,13efb186
dist_ovn_low = (ovn_low-close)/tick,2026-07-14,0.0,13efb186
dist_ovn_low = (ovn_low-close)/tick,2026-07-15,0.0,13efb186
dist_ovn_low = (ovn_low-close)/tick,2026-07-16,0.0,13efb186
dist_ovn_low = (ovn_low-close)/tick,2026-07-17,0.0,f6003b62
dist_ovn_low = (ovn_low-close)/tick,2026-07-19,0.0,f6003b62
dist_ovn_low = (ovn_low-close)/tick,2026-07-20,0.0,f6003b62
dist_ovn_low = (ovn_low-close)/tick,2026-07-21,0.0,f6003b62
dist_ovn_low = (ovn_low-close)/tick,2026-07-22,0.0,ed53e566
dist_ovn_low = (ovn_low-close)/tick,2026-07-23,0.0,ed53e566
dist_ovn_low = (ovn_low-close)/tick,2026-07-24,0.0,ed53e566
dist_ovn_low = (ovn_low-close)/tick,2026-07-26,0.0,4981d53a
dist_ovn_low = (ovn_low-close)/tick,2026-07-27,0.0,4981d53a
dist_ovn_low = (ovn_low-close)/tick,2026-07-28,0.0,4981d53a
dist_ovn_low = (ovn_low-close)/tick,2026-07-29,0.0,4981d53a
dist_ovn_low = (ovn_low-close)/tick,2026-07-30,0.0,4981d53a
dist_ovn_low = (ovn_low-close)/tick,2026-07-31,0.0,4981d53a
dist_ovn_low = (ovn_low-close)/tick,2026-08-03,0.0,e9f2b72b
dist_ovn_low = (ovn_low-close)/tick,2026-08-04,0.0,1d20af93
dist_ovn_low = (ovn_low-close)/tick,2026-08-05,0.0,0e82f56e
dist_ovn_low = (ovn_low-close)/tick,2026-08-06,0.0,feec66f6
dist_ovn_low = (ovn_low-close)/tick,2026-08-07,0.0,287627ed
dist_ovn_low = (ovn_low-close)/tick,2026-08-09,0.0,43f2daf5
dist_ovn_low = (ovn_low-close)/tick,2026-08-10,0.0,78177655
dist_ovn_low = (ovn_low-close)/tick,2026-08-11,0.0,78177655
dist_ovn_low = (ovn_low-close)/tick,2026-08-12,0.0,78177655
dist_ovn_low = (ovn_low-close)/tick,2026-08-13,0.0,78177655
dist_ovn_low = (ovn_low-close)/tick,2026-08-14,0.0,78177655
dist_ovn_low = (ovn_low-close)/tick,2026-08-16,0.0,605df903
dist_ovn_low = (ovn_low-close)/tick,2026-08-17,0.0,605df903
dist_ovn_low = (ovn_low-close)/tick,2026-08-18,0.0,605df903
dist_ovn_low = (ovn_low-close)/tick,2026-08-19,0.0,605df903
dist_ovn_low = (ovn_low-close)/tick,2026-08-20,0.0,605df903
dist_ovn_low = (ovn_low-close)/tick,2026-08-21,0.0,605df903
dist_ovn_low = (ovn_low-close)/tick,2026-08-23,0.0,605df903
dist_ovn_low = (ovn_low-close)/tick,2026-08-24,0.0,605df903
dist_ovn_low = (ovn_low-close)/tick,2026-08-25,0.0,605df903
dist_ovn_low = (ovn_low-close)/tick,2026-08-26,0.0,605df903
dist_ovn_low = (ovn_low-close)/tick,2026-08-27,0.0,605df903
dist_ovn_low = (ovn_low-close)/tick,2026-08-28,0.0,605df903
dist_ovn_low = (ovn_low-close)/tick,2026-08-30,0.0,605df903
dist_ovn_low = (ovn_low-close)/tick,2026-08-31,0.0,605df903
dist_ovn_low = (ovn_low-close)/tick,2026-09-01,0.0,605df903
dist_ovn_low = (ovn_low-close)/tick,2026-09-02,0.0,605df903
dist_ovn_low = (ovn_low-close)/tick,2026-09-03,0.0,605df903
dist_ovn_low = (ovn_low-close)/tick,2026-09-04,0.0,605df903
dist_ib_high = (ib_high-close)/tick,2026-06-11,0.0,c43dc080
dist_ib_high = (ib_high-close)/tick,2026-06-12,0.0,3d61b74d
dist_ib_high = (ib_high-close)/tick,2026-06-15,0.0,114b1ca4
dist_ib_high = (ib_high-close)/tick,2026-06-16,0.0,e7199bc7
dist_ib_high = (ib_high-close)/tick,2026-06-17,0.0,e7199bc7
dist_ib_high = (ib_high-close)/tick,2026-06-18,0.0,e7199bc7
dist_ib_high = (ib_high-close)/tick,2026-06-19,0.0,9238adc1
dist_ib_high = (ib_high-close)/tick,2026-06-22,0.0,9238adc1
dist_ib_high = (ib_high-close)/tick,2026-06-23,0.0,9238adc1
dist_ib_high = (ib_high-close)/tick,2026-06-25,0.0,9238adc1
dist_ib_high = (ib_high-close)/tick,2026-06-26,0.0,9238adc1
dist_ib_high = (ib_high-close)/tick,2026-06-29,0.0,944f7204
dist_ib_high = (ib_high-close)/tick,2026-06-30,0.0,944f7204
dist_ib_high = (ib_high-close)/tick,2026-07-01,0.0,944f7204
dist_ib_high = (ib_high-close)/tick,2026-07-02,0.0,944f7204
dist_ib_high = (ib_high-close)/tick,2026-07-03,0.0,0658f3c8
dist_ib_high = (ib_high-close)/tick,2026-07-06,0.0,13efb186
dist_ib_high = (ib_high-close)/tick,2026-07-07,0.0,13efb186
dist_ib_high = (ib_high-close)/tick,2026-07-08,0.0,13efb186
dist_ib_high = (ib_high-close)/tick,2026-07-09,0.0,13efb186
dist_ib_high = (ib_high-close)/tick,2026-07-10,0.0,13efb186
dist_ib_high = (ib_high-close)/tick,2026-07-13,0.0,13efb186
dist_ib_high = (ib_high-close)/tick,2026-07-14,0.0,13efb186
dist_ib_high = (ib_high-close)/tick,2026-07-15,0.0,13efb186
dist_ib_high = (ib_high-close)/tick,2026-07-16,0.0,13efb186
dist_ib_high = (ib_high-close)/tick,2026-07-17,0.0,f6003b62
dist_ib_high = (ib_high-close)/tick,2026-07-20,0.0,f6003b62
dist_ib_high = (ib_high-close)/tick,2026-07-21,0.0,f6003b62
dist_ib_high = (ib_high-close)/tick,2026-07-22,0.0,ed53e566
dist_ib_high = (ib_high-close)/tick,2026-07-23,0.0,ed53e566
dist_ib_high = (ib_high-close)/tick,2026-07-24,0.0,ed53e566
dist_ib_high = (ib_high-close)/tick,2026-07-27,0.0,4981d53a
dist_ib_high = (ib_high-close)/tick,2026-07-28,0.0,4981d53a
dist_ib_high = (ib_high-close)/tick,2026-07-29,0.0,4981d53a
dist_ib_high = (ib_high-close)/tick,2026-07-30,0.0,4981d53a
dist_ib_high = (ib_high-close)/tick,2026-07-31,0.0,4981d53a
dist_ib_high = (ib_high-close)/tick,2026-08-03,0.0,e9f2b72b
dist_ib_high = (ib_high-close)/tick,2026-08-04,0.0,1d20af93
dist_ib_high = (ib_high-close)/tick,2026-08-05,0.0,0e82f56e
dist_ib_high = (ib_high-close)/tick,2026-08-06,0.0,feec66f6
dist_ib_high = (ib_high-close)/tick,2026-08-07,0.0,287627ed
dist_ib_high = (ib_high-close)/tick,2026-08-10,0.0,78177655
dist_ib_high = (ib_high-close)/tick,2026-08-11,0.0,78177655
dist_ib_high = (ib_high-close)/tick,2026-08-12,0.0,78177655
dist_ib_high = (ib_high-close)/tick,2026-08-13,0.0,78177655
dist_ib_high = (ib_high-close)/tick,2026-08-14,0.0,78177655
dist_ib_high = (ib_high-close)/tick,2026-08-17,0.0,605df903
dist_ib_high = (ib_high-close)/tick,2026-08-18,0.0,605df903
dist_ib_high = (ib_high-close)/tick,2026-08-19,0.0,605df903
dist_ib_high = (ib_high-close)/tick,2026-08-20,0.0,605df903
dist_ib_high = (ib_high-close)/tick,2026-08-21,0.0,605df903
dist_ib_high = (ib_high-close)/tick,2026-08-24,0.0,605df903
dist_ib_high = (ib_high-close)/tick,2026-08-25,0.0,605df903
dist_ib_high = (ib_high-close)/tick,2026-08-26,0.0,605df903
dist_ib_high = (ib_high-close)/tick,2026-08-27,0.0,605df903
dist_ib_high = (ib_high-close)/tick,2026-08-28,0.0,605df903
dist_ib_high = (ib_high-close)/tick,2026-08-31,0.0,605df903
dist_ib_high = (ib_high-close)/tick,2026-09-01,0.0,605df903
dist_ib_high = (ib_high-close)/tick,2026-09-02,0.0,605df903
dist_ib_high = (ib_high-close)/tick,2026-09-03,0.0,605df903
dist_ib_low = (ib_low-close)/tick,2026-06-11,0.0,c43dc080
dist_ib_low = (ib_low-close)/tick,2026-06-12,0.0,3d61b74d
dist_ib_low = (ib_low-close)/tick,2026-06-15,0.0,114b1ca4
dist_ib_low = (ib_low-close)/tick,2026-06-16,0.0,e7199bc7
dist_ib_low = (ib_low-close)/tick,2026-06-17,0.0,e7199bc7
dist_ib_low = (ib_low-close)/tick,2026-06-18,0.0,e7199bc7
dist_ib_low = (ib_low-close)/tick,2026-06-19,0.0,9238adc1
dist_ib_low = (ib_low-close)/tick,2026-06-22,0.0,9238adc1
dist_ib_low = (ib_low-close)/tick,2026-06-23,0.0,9238adc1
dist_ib_low = (ib_low-close)/tick,2026-06-25,0.0,9238adc1
dist_ib_low = (ib_low-close)/tick,2026-06-26,0.0,9238adc1
dist_ib_low = (ib_low-close)/tick,2026-06-29,0.0,944f7204
dist_ib_low = (ib_low-close)/tick,2026-06-30,0.0,944f7204
dist_ib_low = (ib_low-close)/tick,2026-07-01,0.0,944f7204
dist_ib_low = (ib_low-close)/tick,2026-07-02,0.0,944f7204
dist_ib_low = (ib_low-close)/tick,2026-07-03,0.0,0658f3c8
dist_ib_low = (ib_low-close)/tick,2026-07-06,0.0,13efb186
dist_ib_low = (ib_low-close)/tick,2026-07-07,0.0,13efb186
dist_ib_low = (ib_low-close)/tick,2026-07-08,0.0,13efb186
dist_ib_low = (ib_low-close)/tick,2026-07-09,0.0,13efb186
dist_ib_low = (ib_low-close)/tick,2026-07-10,0.0,13efb186
dist_ib_low = (ib_low-close)/tick,2026-07-13,0.0,13efb186
dist_ib_low = (ib_low-close)/tick,2026-07-14,0.0,13efb186
dist_ib_low = (ib_low-close)/tick,2026-07-15,0.0,13efb186
dist_ib_low = (ib_low-close)/tick,2026-07-16,0.0,13efb186
dist_ib_low = (ib_low-close)/tick,2026-07-17,0.0,f6003b62
dist_ib_low = (ib_low-close)/tick,2026-07-20,0.0,f6003b62
dist_ib_low = (ib_low-close)/tick,2026-07-21,0.0,f6003b62
dist_ib_low = (ib_low-close)/tick,2026-07-22,0.0,ed53e566
dist_ib_low = (ib_low-close)/tick,2026-07-23,0.0,ed53e566
dist_ib_low = (ib_low-close)/tick,2026-07-24,0.0,ed53e566
dist_ib_low = (ib_low-close)/tick,2026-07-27,0.0,4981d53a
dist_ib_low = (ib_low-close)/tick,2026-07-28,0.0,4981d53a
dist_ib_low = (ib_low-close)/tick,2026-07-29,0.0,4981d53a
dist_ib_low = (ib_low-close)/tick,2026-07-30,0.0,4981d53a
dist_ib_low = (ib_low-close)/tick,2026-07-31,0.0,4981d53a
dist_ib_low = (ib_low-close)/tick,2026-08-03,0.0,e9f2b72b
dist_ib_low = (ib_low-close)/tick,2026-08-04,0.0,1d20af93
dist_ib_low = (ib_low-close)/tick,2026-08-05,0.0,0e82f56e
dist_ib_low = (ib_low-close)/tick,2026-08-06,0.0,feec66f6
dist_ib_low = (ib_low-close)/tick,2026-08-07,0.0,287627ed
dist_ib_low = (ib_low-close)/tick,2026-08-10,0.0,78177655
dist_ib_low = (ib_low-close)/tick,2026-08-11,0.0,78177655
dist_ib_low = (ib_low-close)/tick,2026-08-12,0.0,78177655
dist_ib_low = (ib_low-close)/tick,2026-08-13,0.0,78177655
dist_ib_low = (ib_low-close)/tick,2026-08-14,0.0,78177655
dist_ib_low = (ib_low-close)/tick,2026-08-17,0.0,605df903
dist_ib_low = (ib_low-close)/tick,2026-08-18,0.0,605df903
dist_ib_low = (ib_low-close)/tick,2026-08-19,0.0,605df903
dist_ib_low = (ib_low-close)/tick,2026-08-20,0.0,605df903
dist_ib_low = (ib_low-close)/tick,2026-08-21,0.0,605df903
dist_ib_low = (ib_low-close)/tick,2026-08-24,0.0,605df903
dist_ib_low = (ib_low-close)/tick,2026-08-25,0.0,605df903
dist_ib_low = (ib_low-close)/tick,2026-08-26,0.0,605df903
dist_ib_low = (ib_low-close)/tick,2026-08-27,0.0,605df903
dist_ib_low = (ib_low-close)/tick,2026-08-28,0.0,605df903
dist_ib_low = (ib_low-close)/tick,2026-08-31,0.0,605df903
dist_ib_low = (ib_low-close)/tick,2026-09-01,0.0,605df903
dist_ib_low = (ib_low-close)/tick,2026-09-02,0.0,605df903
dist_ib_low = (ib_low-close)/tick,2026-09-03,0.0,605df903
dist_open_cash = (open_cash_lvl-close)/tick,2026-06-10,0.0,None
dist_open_cash = (open_cash_lvl-close)/tick,2026-06-11,0.0,c43dc080
dist_open_cash = (open_cash_lvl-close)/tick,2026-06-12,0.0,3d61b74d
dist_open_cash = (open_cash_lvl-close)/tick,2026-06-15,0.0,114b1ca4
dist_open_cash = (open_cash_lvl-close)/tick,2026-06-16,0.0,e7199bc7
dist_open_cash = (open_cash_lvl-close)/tick,2026-06-17,0.0,e7199bc7
dist_open_cash = (open_cash_lvl-close)/tick,2026-06-18,0.0,e7199bc7
dist_open_cash = (open_cash_lvl-close)/tick,2026-06-19,0.0,9238adc1
dist_open_cash = (open_cash_lvl-close)/tick,2026-06-21,0.0,9238adc1
dist_open_cash = (open_cash_lvl-close)/tick,2026-06-22,0.0,9238adc1
dist_open_cash = (open_cash_lvl-close)/tick,2026-06-23,0.0,9238adc1
dist_open_cash = (open_cash_lvl-close)/tick,2026-06-24,0.0,9238adc1
dist_open_cash = (open_cash_lvl-close)/tick,2026-06-25,0.0,9238adc1
dist_open_cash = (open_cash_lvl-close)/tick,2026-06-26,0.0,9238adc1
dist_open_cash = (open_cash_lvl-close)/tick,2026-06-28,0.0,944f7204
dist_open_cash = (open_cash_lvl-close)/tick,2026-06-29,0.0,944f7204
dist_open_cash = (open_cash_lvl-close)/tick,2026-06-30,0.0,944f7204
dist_open_cash = (open_cash_lvl-close)/tick,2026-07-01,0.0,944f7204
dist_open_cash = (open_cash_lvl-close)/tick,2026-07-02,0.0,944f7204
dist_open_cash = (open_cash_lvl-close)/tick,2026-07-03,0.0,0658f3c8
dist_open_cash = (open_cash_lvl-close)/tick,2026-07-05,0.0,13efb186
dist_open_cash = (open_cash_lvl-close)/tick,2026-07-06,0.0,13efb186
dist_open_cash = (open_cash_lvl-close)/tick,2026-07-07,0.0,13efb186
dist_open_cash = (open_cash_lvl-close)/tick,2026-07-08,0.0,13efb186
dist_open_cash = (open_cash_lvl-close)/tick,2026-07-09,0.0,13efb186
dist_open_cash = (open_cash_lvl-close)/tick,2026-07-10,0.0,13efb186
dist_open_cash = (open_cash_lvl-close)/tick,2026-07-12,0.0,13efb186
dist_open_cash = (open_cash_lvl-close)/tick,2026-07-13,0.0,13efb186
dist_open_cash = (open_cash_lvl-close)/tick,2026-07-14,0.0,13efb186
dist_open_cash = (open_cash_lvl-close)/tick,2026-07-15,0.0,13efb186
dist_open_cash = (open_cash_lvl-close)/tick,2026-07-16,0.0,13efb186
dist_open_cash = (open_cash_lvl-close)/tick,2026-07-17,0.0,f6003b62
dist_open_cash = (open_cash_lvl-close)/tick,2026-07-19,0.0,f6003b62
dist_open_cash = (open_cash_lvl-close)/tick,2026-07-20,0.0,f6003b62
dist_open_cash = (open_cash_lvl-close)/tick,2026-07-21,0.0,f6003b62
dist_open_cash = (open_cash_lvl-close)/tick,2026-07-22,0.0,ed53e566
dist_open_cash = (open_cash_lvl-close)/tick,2026-07-23,0.0,ed53e566
dist_open_cash = (open_cash_lvl-close)/tick,2026-07-24,0.0,ed53e566
dist_open_cash = (open_cash_lvl-close)/tick,2026-07-26,0.0,4981d53a
dist_open_cash = (open_cash_lvl-close)/tick,2026-07-27,0.0,4981d53a
dist_open_cash = (open_cash_lvl-close)/tick,2026-07-28,0.0,4981d53a
dist_open_cash = (open_cash_lvl-close)/tick,2026-07-29,0.0,4981d53a
dist_open_cash = (open_cash_lvl-close)/tick,2026-07-30,0.0,4981d53a
dist_open_cash = (open_cash_lvl-close)/tick,2026-07-31,0.0,4981d53a
dist_open_cash = (open_cash_lvl-close)/tick,2026-08-03,0.0,e9f2b72b
dist_open_cash = (open_cash_lvl-close)/tick,2026-08-04,0.0,1d20af93
dist_open_cash = (open_cash_lvl-close)/tick,2026-08-05,0.0,0e82f56e
dist_open_cash = (open_cash_lvl-close)/tick,2026-08-06,0.0,feec66f6
dist_open_cash = (open_cash_lvl-close)/tick,2026-08-07,0.0,287627ed
dist_open_cash = (open_cash_lvl-close)/tick,2026-08-09,0.0,43f2daf5
dist_open_cash = (open_cash_lvl-close)/tick,2026-08-10,0.0,78177655
dist_open_cash = (open_cash_lvl-close)/tick,2026-08-11,0.0,78177655
dist_open_cash = (open_cash_lvl-close)/tick,2026-08-12,0.0,78177655
dist_open_cash = (open_cash_lvl-close)/tick,2026-08-13,0.0,78177655
dist_open_cash = (open_cash_lvl-close)/tick,2026-08-14,0.0,78177655
dist_open_cash = (open_cash_lvl-close)/tick,2026-08-16,0.0,605df903
dist_open_cash = (open_cash_lvl-close)/tick,2026-08-17,0.0,605df903
dist_open_cash = (open_cash_lvl-close)/tick,2026-08-18,0.0,605df903
dist_open_cash = (open_cash_lvl-close)/tick,2026-08-19,0.0,605df903
dist_open_cash = (open_cash_lvl-close)/tick,2026-08-20,0.0,605df903
dist_open_cash = (open_cash_lvl-close)/tick,2026-08-21,0.0,605df903
dist_open_cash = (open_cash_lvl-close)/tick,2026-08-23,0.0,605df903
dist_open_cash = (open_cash_lvl-close)/tick,2026-08-24,0.0,605df903
dist_open_cash = (open_cash_lvl-close)/tick,2026-08-25,0.0,605df903
dist_open_cash = (open_cash_lvl-close)/tick,2026-08-26,0.0,605df903
dist_open_cash = (open_cash_lvl-close)/tick,2026-08-27,0.0,605df903
dist_open_cash = (open_cash_lvl-close)/tick,2026-08-28,0.0,605df903
dist_open_cash = (open_cash_lvl-close)/tick,2026-08-30,0.0,605df903
dist_open_cash = (open_cash_lvl-close)/tick,2026-08-31,0.0,605df903
dist_open_cash = (open_cash_lvl-close)/tick,2026-09-01,0.0,605df903
dist_open_cash = (open_cash_lvl-close)/tick,2026-09-02,0.0,605df903
dist_open_cash = (open_cash_lvl-close)/tick,2026-09-03,0.0,605df903
dist_open_cash = (open_cash_lvl-close)/tick,2026-09-04,0.0,605df903
dist_open_830 = (open_830_lvl-close)/tick,2026-06-10,0.0,None
dist_open_830 = (open_830_lvl-close)/tick,2026-06-11,0.0,c43dc080
dist_open_830 = (open_830_lvl-close)/tick,2026-06-12,0.0,3d61b74d
dist_open_830 = (open_830_lvl-close)/tick,2026-06-15,0.0,114b1ca4
dist_open_830 = (open_830_lvl-close)/tick,2026-06-16,0.0,e7199bc7
dist_open_830 = (open_830_lvl-close)/tick,2026-06-17,0.0,e7199bc7
dist_open_830 = (open_830_lvl-close)/tick,2026-06-18,0.0,e7199bc7
dist_open_830 = (open_830_lvl-close)/tick,2026-06-19,0.0,9238adc1
dist_open_830 = (open_830_lvl-close)/tick,2026-06-21,0.0,9238adc1
dist_open_830 = (open_830_lvl-close)/tick,2026-06-22,0.0,9238adc1
dist_open_830 = (open_830_lvl-close)/tick,2026-06-23,0.0,9238adc1
dist_open_830 = (open_830_lvl-close)/tick,2026-06-24,0.0,9238adc1
dist_open_830 = (open_830_lvl-close)/tick,2026-06-25,0.0,9238adc1
dist_open_830 = (open_830_lvl-close)/tick,2026-06-26,0.0,9238adc1
dist_open_830 = (open_830_lvl-close)/tick,2026-06-28,0.0,944f7204
dist_open_830 = (open_830_lvl-close)/tick,2026-06-29,0.0,944f7204
dist_open_830 = (open_830_lvl-close)/tick,2026-06-30,0.0,944f7204
dist_open_830 = (open_830_lvl-close)/tick,2026-07-01,0.0,944f7204
dist_open_830 = (open_830_lvl-close)/tick,2026-07-02,0.0,944f7204
dist_open_830 = (open_830_lvl-close)/tick,2026-07-03,0.0,0658f3c8
dist_open_830 = (open_830_lvl-close)/tick,2026-07-05,0.0,13efb186
dist_open_830 = (open_830_lvl-close)/tick,2026-07-06,0.0,13efb186
dist_open_830 = (open_830_lvl-close)/tick,2026-07-07,0.0,13efb186
dist_open_830 = (open_830_lvl-close)/tick,2026-07-08,0.0,13efb186
dist_open_830 = (open_830_lvl-close)/tick,2026-07-09,0.0,13efb186
dist_open_830 = (open_830_lvl-close)/tick,2026-07-10,0.0,13efb186
dist_open_830 = (open_830_lvl-close)/tick,2026-07-12,0.0,13efb186
dist_open_830 = (open_830_lvl-close)/tick,2026-07-13,0.0,13efb186
dist_open_830 = (open_830_lvl-close)/tick,2026-07-14,0.0,13efb186
dist_open_830 = (open_830_lvl-close)/tick,2026-07-15,0.0,13efb186
dist_open_830 = (open_830_lvl-close)/tick,2026-07-16,0.0,13efb186
dist_open_830 = (open_830_lvl-close)/tick,2026-07-17,0.0,f6003b62
dist_open_830 = (open_830_lvl-close)/tick,2026-07-19,0.0,f6003b62
dist_open_830 = (open_830_lvl-close)/tick,2026-07-20,0.0,f6003b62
dist_open_830 = (open_830_lvl-close)/tick,2026-07-21,0.0,f6003b62
dist_open_830 = (open_830_lvl-close)/tick,2026-07-22,0.0,ed53e566
dist_open_830 = (open_830_lvl-close)/tick,2026-07-23,0.0,ed53e566
dist_open_830 = (open_830_lvl-close)/tick,2026-07-24,0.0,ed53e566
dist_open_830 = (open_830_lvl-close)/tick,2026-07-26,0.0,4981d53a
dist_open_830 = (open_830_lvl-close)/tick,2026-07-27,0.0,4981d53a
dist_open_830 = (open_830_lvl-close)/tick,2026-07-28,0.0,4981d53a
dist_open_830 = (open_830_lvl-close)/tick,2026-07-29,0.0,4981d53a
dist_open_830 = (open_830_lvl-close)/tick,2026-07-30,0.0,4981d53a
dist_open_830 = (open_830_lvl-close)/tick,2026-07-31,0.0,4981d53a
dist_open_830 = (open_830_lvl-close)/tick,2026-08-03,0.0,e9f2b72b
dist_open_830 = (open_830_lvl-close)/tick,2026-08-04,0.0,1d20af93
dist_open_830 = (open_830_lvl-close)/tick,2026-08-05,0.0,0e82f56e
dist_open_830 = (open_830_lvl-close)/tick,2026-08-06,0.0,feec66f6
dist_open_830 = (open_830_lvl-close)/tick,2026-08-07,0.0,287627ed
dist_open_830 = (open_830_lvl-close)/tick,2026-08-09,0.0,43f2daf5
dist_open_830 = (open_830_lvl-close)/tick,2026-08-10,0.0,78177655
dist_open_830 = (open_830_lvl-close)/tick,2026-08-11,0.0,78177655
dist_open_830 = (open_830_lvl-close)/tick,2026-08-12,0.0,78177655
dist_open_830 = (open_830_lvl-close)/tick,2026-08-13,0.0,78177655
dist_open_830 = (open_830_lvl-close)/tick,2026-08-14,0.0,78177655
dist_open_830 = (open_830_lvl-close)/tick,2026-08-16,0.0,605df903
dist_open_830 = (open_830_lvl-close)/tick,2026-08-17,0.0,605df903
dist_open_830 = (open_830_lvl-close)/tick,2026-08-18,0.0,605df903
dist_open_830 = (open_830_lvl-close)/tick,2026-08-19,0.0,605df903
dist_open_830 = (open_830_lvl-close)/tick,2026-08-20,0.0,605df903
dist_open_830 = (open_830_lvl-close)/tick,2026-08-21,0.0,605df903
dist_open_830 = (open_830_lvl-close)/tick,2026-08-23,0.0,605df903
dist_open_830 = (open_830_lvl-close)/tick,2026-08-24,0.0,605df903
dist_open_830 = (open_830_lvl-close)/tick,2026-08-25,0.0,605df903
dist_open_830 = (open_830_lvl-close)/tick,2026-08-26,0.0,605df903
dist_open_830 = (open_830_lvl-close)/tick,2026-08-27,0.0,605df903
dist_open_830 = (open_830_lvl-close)/tick,2026-08-28,0.0,605df903
dist_open_830 = (open_830_lvl-close)/tick,2026-08-30,0.0,605df903
dist_open_830 = (open_830_lvl-close)/tick,2026-08-31,0.0,605df903
dist_open_830 = (open_830_lvl-close)/tick,2026-09-01,0.0,605df903
dist_open_830 = (open_830_lvl-close)/tick,2026-09-02,0.0,605df903
dist_open_830 = (open_830_lvl-close)/tick,2026-09-03,0.0,605df903
dist_open_830 = (open_830_lvl-close)/tick,2026-09-04,0.0,605df903
dist_cash_high_atr = (cash_high-close)/atr_14m,2026-06-10,0.9867,None
dist_cash_high_atr = (cash_high-close)/atr_14m,2026-06-11,0.9712,c43dc080
dist_cash_high_atr = (cash_high-close)/atr_14m,2026-06-12,1.0,3d61b74d
dist_cash_high_atr = (cash_high-close)/atr_14m,2026-06-15,0.9623,114b1ca4
dist_cash_high_atr = (cash_high-close)/atr_14m,2026-06-16,0.9867,e7199bc7
dist_cash_high_atr = (cash_high-close)/atr_14m,2026-06-17,1.0,e7199bc7
dist_cash_high_atr = (cash_high-close)/atr_14m,2026-06-18,0.9823,e7199bc7
dist_cash_high_atr = (cash_high-close)/atr_14m,2026-06-19,1.0,9238adc1
dist_cash_high_atr = (cash_high-close)/atr_14m,2026-06-22,0.9889,9238adc1
dist_cash_high_atr = (cash_high-close)/atr_14m,2026-06-23,0.9823,9238adc1
dist_cash_high_atr = (cash_high-close)/atr_14m,2026-06-25,1.0,9238adc1
dist_cash_high_atr = (cash_high-close)/atr_14m,2026-06-26,0.9933,9238adc1
dist_cash_high_atr = (cash_high-close)/atr_14m,2026-06-29,0.969,944f7204
dist_cash_high_atr = (cash_high-close)/atr_14m,2026-06-30,0.9214,944f7204
dist_cash_high_atr = (cash_high-close)/atr_14m,2026-07-01,0.9956,944f7204
dist_cash_high_atr = (cash_high-close)/atr_14m,2026-07-02,0.9867,944f7204
dist_cash_high_atr = (cash_high-close)/atr_14m,2026-07-03,1.0,0658f3c8
dist_cash_high_atr = (cash_high-close)/atr_14m,2026-07-06,0.98,13efb186
dist_cash_high_atr = (cash_high-close)/atr_14m,2026-07-07,1.0,13efb186
dist_cash_high_atr = (cash_high-close)/atr_14m,2026-07-08,0.9867,13efb186
dist_cash_high_atr = (cash_high-close)/atr_14m,2026-07-09,0.98,13efb186
dist_cash_high_atr = (cash_high-close)/atr_14m,2026-07-10,0.9844,13efb186
dist_cash_high_atr = (cash_high-close)/atr_14m,2026-07-13,0.9978,13efb186
dist_cash_high_atr = (cash_high-close)/atr_14m,2026-07-14,0.9933,13efb186
dist_cash_high_atr = (cash_high-close)/atr_14m,2026-07-15,1.0,13efb186
dist_cash_high_atr = (cash_high-close)/atr_14m,2026-07-16,1.0,13efb186
dist_cash_high_atr = (cash_high-close)/atr_14m,2026-07-17,0.9778,f6003b62
dist_cash_high_atr = (cash_high-close)/atr_14m,2026-07-20,0.9889,f6003b62
dist_cash_high_atr = (cash_high-close)/atr_14m,2026-07-21,0.9823,f6003b62
dist_cash_high_atr = (cash_high-close)/atr_14m,2026-07-22,0.9667,ed53e566
dist_cash_high_atr = (cash_high-close)/atr_14m,2026-07-23,0.9889,ed53e566
dist_cash_high_atr = (cash_high-close)/atr_14m,2026-07-24,0.9933,ed53e566
dist_cash_high_atr = (cash_high-close)/atr_14m,2026-07-27,1.0,4981d53a
dist_cash_high_atr = (cash_high-close)/atr_14m,2026-07-28,0.9889,4981d53a
dist_cash_high_atr = (cash_high-close)/atr_14m,2026-07-29,0.9956,4981d53a
dist_cash_high_atr = (cash_high-close)/atr_14m,2026-07-30,0.9756,4981d53a
dist_cash_high_atr = (cash_high-close)/atr_14m,2026-07-31,0.9978,4981d53a
dist_cash_high_atr = (cash_high-close)/atr_14m,2026-08-03,0.9246,e9f2b72b
dist_cash_high_atr = (cash_high-close)/atr_14m,2026-08-04,0.9069,1d20af93
dist_cash_high_atr = (cash_high-close)/atr_14m,2026-08-05,0.9887,0e82f56e
dist_cash_high_atr = (cash_high-close)/atr_14m,2026-08-06,0.9778,feec66f6
dist_cash_high_atr = (cash_high-close)/atr_14m,2026-08-07,0.9889,287627ed
dist_cash_high_atr = (cash_high-close)/atr_14m,2026-08-10,1.0,78177655
dist_cash_high_atr = (cash_high-close)/atr_14m,2026-08-11,1.0,78177655
dist_cash_high_atr = (cash_high-close)/atr_14m,2026-08-12,1.0,78177655
dist_cash_high_atr = (cash_high-close)/atr_14m,2026-08-13,0.9645,78177655
dist_cash_high_atr = (cash_high-close)/atr_14m,2026-08-14,1.0,78177655
dist_cash_high_atr = (cash_high-close)/atr_14m,2026-08-17,0.9978,605df903
dist_cash_high_atr = (cash_high-close)/atr_14m,2026-08-18,0.9978,605df903
dist_cash_high_atr = (cash_high-close)/atr_14m,2026-08-19,0.9978,605df903
dist_cash_high_atr = (cash_high-close)/atr_14m,2026-08-20,1.0,605df903
dist_cash_high_atr = (cash_high-close)/atr_14m,2026-08-21,1.0,605df903
dist_cash_high_atr = (cash_high-close)/atr_14m,2026-08-24,1.0,605df903
dist_cash_high_atr = (cash_high-close)/atr_14m,2026-08-25,0.9933,605df903
dist_cash_high_atr = (cash_high-close)/atr_14m,2026-08-26,0.9867,605df903
dist_cash_high_atr = (cash_high-close)/atr_14m,2026-08-27,0.9889,605df903
dist_cash_high_atr = (cash_high-close)/atr_14m,2026-08-28,0.9822,605df903
dist_cash_high_atr = (cash_high-close)/atr_14m,2026-08-31,0.9978,605df903
dist_cash_high_atr = (cash_high-close)/atr_14m,2026-09-01,0.9823,605df903
dist_cash_high_atr = (cash_high-close)/atr_14m,2026-09-02,0.98,605df903
dist_cash_high_atr = (cash_high-close)/atr_14m,2026-09-03,0.98,605df903
dist_cash_high_atr = (cash_high-close)/atr_14m,2026-09-04,0.8431,605df903
dist_asia_high_pct = (asia_high-close)/close*100,2026-06-10,0.9916,None
dist_asia_high_pct = (asia_high-close)/close*100,2026-06-11,0.987,c43dc080
dist_asia_high_pct = (asia_high-close)/close*100,2026-06-12,0.9981,3d61b74d
dist_asia_high_pct = (asia_high-close)/close*100,2026-06-15,0.9496,114b1ca4
dist_asia_high_pct = (asia_high-close)/close*100,2026-06-16,0.9978,e7199bc7
dist_asia_high_pct = (asia_high-close)/close*100,2026-06-17,0.9543,e7199bc7
dist_asia_high_pct = (asia_high-close)/close*100,2026-06-18,0.9893,e7199bc7
dist_asia_high_pct = (asia_high-close)/close*100,2026-06-19,1.0,9238adc1
dist_asia_high_pct = (asia_high-close)/close*100,2026-06-21,0.9916,9238adc1
dist_asia_high_pct = (asia_high-close)/close*100,2026-06-22,0.9841,9238adc1
dist_asia_high_pct = (asia_high-close)/close*100,2026-06-23,0.9993,9238adc1
dist_asia_high_pct = (asia_high-close)/close*100,2026-06-24,0.9985,9238adc1
dist_asia_high_pct = (asia_high-close)/close*100,2026-06-25,0.9784,9238adc1
dist_asia_high_pct = (asia_high-close)/close*100,2026-06-26,1.0,9238adc1
dist_asia_high_pct = (asia_high-close)/close*100,2026-06-28,0.9664,944f7204
dist_asia_high_pct = (asia_high-close)/close*100,2026-06-29,0.9949,944f7204
dist_asia_high_pct = (asia_high-close)/close*100,2026-06-30,0.9881,944f7204
dist_asia_high_pct = (asia_high-close)/close*100,2026-07-01,0.9993,944f7204
dist_asia_high_pct = (asia_high-close)/close*100,2026-07-02,0.992,944f7204
dist_asia_high_pct = (asia_high-close)/close*100,2026-07-03,0.9665,0658f3c8
dist_asia_high_pct = (asia_high-close)/close*100,2026-07-05,0.9916,13efb186
dist_asia_high_pct = (asia_high-close)/close*100,2026-07-06,0.9935,13efb186
dist_asia_high_pct = (asia_high-close)/close*100,2026-07-07,0.9978,13efb186
dist_asia_high_pct = (asia_high-close)/close*100,2026-07-08,0.9993,13efb186
dist_asia_high_pct = (asia_high-close)/close*100,2026-07-09,0.9862,13efb186
dist_asia_high_pct = (asia_high-close)/close*100,2026-07-10,0.9992,13efb186
dist_asia_high_pct = (asia_high-close)/close*100,2026-07-12,1.0,13efb186
dist_asia_high_pct = (asia_high-close)/close*100,2026-07-13,0.9993,13efb186
dist_asia_high_pct = (asia_high-close)/close*100,2026-07-14,0.9957,13efb186
dist_asia_high_pct = (asia_high-close)/close*100,2026-07-15,0.9891,13efb186
dist_asia_high_pct = (asia_high-close)/close*100,2026-07-16,0.9978,13efb186
dist_asia_high_pct = (asia_high-close)/close*100,2026-07-17,1.0,f6003b62
dist_asia_high_pct = (asia_high-close)/close*100,2026-07-19,0.9748,f6003b62
dist_asia_high_pct = (asia_high-close)/close*100,2026-07-20,0.9906,f6003b62
dist_asia_high_pct = (asia_high-close)/close*100,2026-07-21,0.9761,f6003b62
dist_asia_high_pct = (asia_high-close)/close*100,2026-07-22,0.9993,ed53e566
dist_asia_high_pct = (asia_high-close)/close*100,2026-07-23,0.9964,ed53e566
dist_asia_high_pct = (asia_high-close)/close*100,2026-07-24,1.0,ed53e566
dist_asia_high_pct = (asia_high-close)/close*100,2026-07-26,0.9832,4981d53a
dist_asia_high_pct = (asia_high-close)/close*100,2026-07-27,0.9949,4981d53a
dist_asia_high_pct = (asia_high-close)/close*100,2026-07-28,0.9986,4981d53a
dist_asia_high_pct = (asia_high-close)/close*100,2026-07-29,0.9993,4981d53a
dist_asia_high_pct = (asia_high-close)/close*100,2026-07-30,0.9986,4981d53a
dist_asia_high_pct = (asia_high-close)/close*100,2026-07-31,0.982,4981d53a
dist_asia_high_pct = (asia_high-close)/close*100,2026-08-03,0.9664,e9f2b72b
dist_asia_high_pct = (asia_high-close)/close*100,2026-08-04,0.9913,1d20af93
dist_asia_high_pct = (asia_high-close)/close*100,2026-08-05,0.969,0e82f56e
dist_asia_high_pct = (asia_high-close)/close*100,2026-08-06,0.9971,feec66f6
dist_asia_high_pct = (asia_high-close)/close*100,2026-08-07,0.9769,287627ed
dist_asia_high_pct = (asia_high-close)/close*100,2026-08-09,1.0,43f2daf5
dist_asia_high_pct = (asia_high-close)/close*100,2026-08-10,0.9862,78177655
dist_asia_high_pct = (asia_high-close)/close*100,2026-08-11,0.992,78177655
dist_asia_high_pct = (asia_high-close)/close*100,2026-08-12,0.9819,78177655
dist_asia_high_pct = (asia_high-close)/close*100,2026-08-13,0.9877,78177655
dist_asia_high_pct = (asia_high-close)/close*100,2026-08-14,0.9865,78177655
dist_asia_high_pct = (asia_high-close)/close*100,2026-08-16,0.9664,605df903
dist_asia_high_pct = (asia_high-close)/close*100,2026-08-17,0.9732,605df903
dist_asia_high_pct = (asia_high-close)/close*100,2026-08-18,0.9964,605df903
dist_asia_high_pct = (asia_high-close)/close*100,2026-08-19,0.9877,605df903
dist_asia_high_pct = (asia_high-close)/close*100,2026-08-20,1.0,605df903
dist_asia_high_pct = (asia_high-close)/close*100,2026-08-21,0.9802,605df903
dist_asia_high_pct = (asia_high-close)/close*100,2026-08-23,0.9412,605df903
dist_asia_high_pct = (asia_high-close)/close*100,2026-08-24,1.0,605df903
dist_asia_high_pct = (asia_high-close)/close*100,2026-08-25,0.9768,605df903
dist_asia_high_pct = (asia_high-close)/close*100,2026-08-26,0.9957,605df903
dist_asia_high_pct = (asia_high-close)/close*100,2026-08-27,0.9935,605df903
dist_asia_high_pct = (asia_high-close)/close*100,2026-08-28,0.9968,605df903
dist_asia_high_pct = (asia_high-close)/close*100,2026-08-30,1.0,605df903
dist_asia_high_pct = (asia_high-close)/close*100,2026-08-31,0.9986,605df903
dist_asia_high_pct = (asia_high-close)/close*100,2026-09-01,0.9978,605df903
dist_asia_high_pct = (asia_high-close)/close*100,2026-09-02,0.9833,605df903
dist_asia_high_pct = (asia_high-close)/close*100,2026-09-03,0.9935,605df903
dist_asia_high_pct = (asia_high-close)/close*100,2026-09-04,0.9489,605df903
dist_vwap_d_atr = dist_vwap_d/atr,2026-06-10,0.0,None
dist_vwap_d_atr = dist_vwap_d/atr,2026-06-11,0.0,c43dc080
dist_vwap_d_atr = dist_vwap_d/atr,2026-06-12,0.0,3d61b74d
dist_vwap_d_atr = dist_vwap_d/atr,2026-06-15,0.0,114b1ca4
dist_vwap_d_atr = dist_vwap_d/atr,2026-06-16,0.0,e7199bc7
dist_vwap_d_atr = dist_vwap_d/atr,2026-06-17,0.0,e7199bc7
dist_vwap_d_atr = dist_vwap_d/atr,2026-06-18,0.0,e7199bc7
dist_vwap_d_atr = dist_vwap_d/atr,2026-06-19,0.0,9238adc1
dist_vwap_d_atr = dist_vwap_d/atr,2026-06-21,0.0,9238adc1
dist_vwap_d_atr = dist_vwap_d/atr,2026-06-22,0.0,9238adc1
dist_vwap_d_atr = dist_vwap_d/atr,2026-06-23,0.0,9238adc1
dist_vwap_d_atr = dist_vwap_d/atr,2026-06-24,0.0,9238adc1
dist_vwap_d_atr = dist_vwap_d/atr,2026-06-25,0.0,9238adc1
dist_vwap_d_atr = dist_vwap_d/atr,2026-06-26,0.0,9238adc1
dist_vwap_d_atr = dist_vwap_d/atr,2026-06-28,0.0,944f7204
dist_vwap_d_atr = dist_vwap_d/atr,2026-06-29,0.0,944f7204
dist_vwap_d_atr = dist_vwap_d/atr,2026-06-30,0.0,944f7204
dist_vwap_d_atr = dist_vwap_d/atr,2026-07-01,0.0,944f7204
dist_vwap_d_atr = dist_vwap_d/atr,2026-07-02,0.0,944f7204
dist_vwap_d_atr = dist_vwap_d/atr,2026-07-03,0.0,0658f3c8
dist_vwap_d_atr = dist_vwap_d/atr,2026-07-05,0.0,13efb186
dist_vwap_d_atr = dist_vwap_d/atr,2026-07-06,0.0,13efb186
dist_vwap_d_atr = dist_vwap_d/atr,2026-07-07,0.0,13efb186
dist_vwap_d_atr = dist_vwap_d/atr,2026-07-08,0.0,13efb186
dist_vwap_d_atr = dist_vwap_d/atr,2026-07-09,0.0,13efb186
dist_vwap_d_atr = dist_vwap_d/atr,2026-07-10,0.0,13efb186
dist_vwap_d_atr = dist_vwap_d/atr,2026-07-12,0.0,13efb186
dist_vwap_d_atr = dist_vwap_d/atr,2026-07-13,0.0,13efb186
dist_vwap_d_atr = dist_vwap_d/atr,2026-07-14,0.0,13efb186
dist_vwap_d_atr = dist_vwap_d/atr,2026-07-15,0.0,13efb186
dist_vwap_d_atr = dist_vwap_d/atr,2026-07-16,0.0,13efb186
dist_vwap_d_atr = dist_vwap_d/atr,2026-07-17,0.0,f6003b62
dist_vwap_d_atr = dist_vwap_d/atr,2026-07-19,0.0,f6003b62
dist_vwap_d_atr = dist_vwap_d/atr,2026-07-20,0.0,f6003b62
dist_vwap_d_atr = dist_vwap_d/atr,2026-07-21,0.0,f6003b62
dist_vwap_d_atr = dist_vwap_d/atr,2026-07-22,0.0,ed53e566
dist_vwap_d_atr = dist_vwap_d/atr,2026-07-23,0.0,ed53e566
dist_vwap_d_atr = dist_vwap_d/atr,2026-07-24,0.0,ed53e566
dist_vwap_d_atr = dist_vwap_d/atr,2026-07-26,0.0,4981d53a
dist_vwap_d_atr = dist_vwap_d/atr,2026-07-27,0.0,4981d53a
dist_vwap_d_atr = dist_vwap_d/atr,2026-07-28,0.0,4981d53a
dist_vwap_d_atr = dist_vwap_d/atr,2026-07-29,0.0,4981d53a
dist_vwap_d_atr = dist_vwap_d/atr,2026-07-30,0.0,4981d53a
dist_vwap_d_atr = dist_vwap_d/atr,2026-07-31,0.0,4981d53a
dist_vwap_d_atr = dist_vwap_d/atr,2026-08-03,0.0,e9f2b72b
dist_vwap_d_atr = dist_vwap_d/atr,2026-08-04,0.0,1d20af93
dist_vwap_d_atr = dist_vwap_d/atr,2026-08-05,0.0,0e82f56e
dist_vwap_d_atr = dist_vwap_d/atr,2026-08-06,0.0,feec66f6
dist_vwap_d_atr = dist_vwap_d/atr,2026-08-07,0.0,287627ed
dist_vwap_d_atr = dist_vwap_d/atr,2026-08-09,0.0,43f2daf5
dist_vwap_d_atr = dist_vwap_d/atr,2026-08-10,0.0,78177655
dist_vwap_d_atr = dist_vwap_d/atr,2026-08-11,0.0,78177655
dist_vwap_d_atr = dist_vwap_d/atr,2026-08-12,0.0,78177655
dist_vwap_d_atr = dist_vwap_d/atr,2026-08-13,0.0,78177655
dist_vwap_d_atr = dist_vwap_d/atr,2026-08-14,0.0,78177655
dist_vwap_d_atr = dist_vwap_d/atr,2026-08-16,0.0,605df903
dist_vwap_d_atr = dist_vwap_d/atr,2026-08-17,0.0,605df903
dist_vwap_d_atr = dist_vwap_d/atr,2026-08-18,0.0,605df903
dist_vwap_d_atr = dist_vwap_d/atr,2026-08-19,0.0,605df903
dist_vwap_d_atr = dist_vwap_d/atr,2026-08-20,0.0,605df903
dist_vwap_d_atr = dist_vwap_d/atr,2026-08-21,0.0,605df903
dist_vwap_d_atr = dist_vwap_d/atr,2026-08-23,0.0,605df903
dist_vwap_d_atr = dist_vwap_d/atr,2026-08-24,0.0,605df903
dist_vwap_d_atr = dist_vwap_d/atr,2026-08-25,0.0,605df903
dist_vwap_d_atr = dist_vwap_d/atr,2026-08-26,0.0,605df903
dist_vwap_d_atr = dist_vwap_d/atr,2026-08-27,0.0,605df903
dist_vwap_d_atr = dist_vwap_d/atr,2026-08-28,0.0,605df903
dist_vwap_d_atr = dist_vwap_d/atr,2026-08-30,0.0,605df903
dist_vwap_d_atr = dist_vwap_d/atr,2026-08-31,0.0,605df903
dist_vwap_d_atr = dist_vwap_d/atr,2026-09-01,0.0,605df903
dist_vwap_d_atr = dist_vwap_d/atr,2026-09-02,0.0,605df903
dist_vwap_d_atr = dist_vwap_d/atr,2026-09-03,0.0,605df903
dist_vwap_d_atr = dist_vwap_d/atr,2026-09-04,0.0,605df903
dist_vwap_d_pct = dist_vwap_d*tick/close*100,2026-06-10,0.0,None
dist_vwap_d_pct = dist_vwap_d*tick/close*100,2026-06-11,0.0,c43dc080
dist_vwap_d_pct = dist_vwap_d*tick/close*100,2026-06-12,0.0,3d61b74d
dist_vwap_d_pct = dist_vwap_d*tick/close*100,2026-06-15,0.0,114b1ca4
dist_vwap_d_pct = dist_vwap_d*tick/close*100,2026-06-16,0.0,e7199bc7
dist_vwap_d_pct = dist_vwap_d*tick/close*100,2026-06-17,0.0,e7199bc7
dist_vwap_d_pct = dist_vwap_d*tick/close*100,2026-06-18,0.0,e7199bc7
dist_vwap_d_pct = dist_vwap_d*tick/close*100,2026-06-19,0.0,9238adc1
dist_vwap_d_pct = dist_vwap_d*tick/close*100,2026-06-21,0.0,9238adc1
dist_vwap_d_pct = dist_vwap_d*tick/close*100,2026-06-22,0.0,9238adc1
dist_vwap_d_pct = dist_vwap_d*tick/close*100,2026-06-23,0.0,9238adc1
dist_vwap_d_pct = dist_vwap_d*tick/close*100,2026-06-24,0.0,9238adc1
dist_vwap_d_pct = dist_vwap_d*tick/close*100,2026-06-25,0.0,9238adc1
dist_vwap_d_pct = dist_vwap_d*tick/close*100,2026-06-26,0.0,9238adc1
dist_vwap_d_pct = dist_vwap_d*tick/close*100,2026-06-28,0.0,944f7204
dist_vwap_d_pct = dist_vwap_d*tick/close*100,2026-06-29,0.0,944f7204
dist_vwap_d_pct = dist_vwap_d*tick/close*100,2026-06-30,0.0,944f7204
dist_vwap_d_pct = dist_vwap_d*tick/close*100,2026-07-01,0.0,944f7204
dist_vwap_d_pct = dist_vwap_d*tick/close*100,2026-07-02,0.0,944f7204
dist_vwap_d_pct = dist_vwap_d*tick/close*100,2026-07-03,0.0,0658f3c8
dist_vwap_d_pct = dist_vwap_d*tick/close*100,2026-07-05,0.0,13efb186
dist_vwap_d_pct = dist_vwap_d*tick/close*100,2026-07-06,0.0,13efb186
dist_vwap_d_pct = dist_vwap_d*tick/close*100,2026-07-07,0.0,13efb186
dist_vwap_d_pct = dist_vwap_d*tick/close*100,2026-07-08,0.0,13efb186
dist_vwap_d_pct = dist_vwap_d*tick/close*100,2026-07-09,0.0,13efb186
dist_vwap_d_pct = dist_vwap_d*tick/close*100,2026-07-10,0.0,13efb186
dist_vwap_d_pct = dist_vwap_d*tick/close*100,2026-07-12,0.0,13efb186
dist_vwap_d_pct = dist_vwap_d*tick/close*100,2026-07-13,0.0,13efb186
dist_vwap_d_pct = dist_vwap_d*tick/close*100,2026-07-14,0.0,13efb186
dist_vwap_d_pct = dist_vwap_d*tick/close*100,2026-07-15,0.0,13efb186
dist_vwap_d_pct = dist_vwap_d*tick/close*100,2026-07-16,0.0,13efb186
dist_vwap_d_pct = dist_vwap_d*tick/close*100,2026-07-17,0.0,f6003b62
dist_vwap_d_pct = dist_vwap_d*tick/close*100,2026-07-19,0.0,f6003b62
dist_vwap_d_pct = dist_vwap_d*tick/close*100,2026-07-20,0.0,f6003b62
dist_vwap_d_pct = dist_vwap_d*tick/close*100,2026-07-21,0.0,f6003b62
dist_vwap_d_pct = dist_vwap_d*tick/close*100,2026-07-22,0.0,ed53e566
dist_vwap_d_pct = dist_vwap_d*tick/close*100,2026-07-23,0.0,ed53e566
dist_vwap_d_pct = dist_vwap_d*tick/close*100,2026-07-24,0.0,ed53e566
dist_vwap_d_pct = dist_vwap_d*tick/close*100,2026-07-26,0.0,4981d53a
dist_vwap_d_pct = dist_vwap_d*tick/close*100,2026-07-27,0.0,4981d53a
dist_vwap_d_pct = dist_vwap_d*tick/close*100,2026-07-28,0.0,4981d53a
dist_vwap_d_pct = dist_vwap_d*tick/close*100,2026-07-29,0.0,4981d53a
dist_vwap_d_pct = dist_vwap_d*tick/close*100,2026-07-30,0.0,4981d53a
dist_vwap_d_pct = dist_vwap_d*tick/close*100,2026-07-31,0.0,4981d53a
dist_vwap_d_pct = dist_vwap_d*tick/close*100,2026-08-03,0.0,e9f2b72b
dist_vwap_d_pct = dist_vwap_d*tick/close*100,2026-08-04,0.0,1d20af93
dist_vwap_d_pct = dist_vwap_d*tick/close*100,2026-08-05,0.0,0e82f56e
dist_vwap_d_pct = dist_vwap_d*tick/close*100,2026-08-06,0.0,feec66f6
dist_vwap_d_pct = dist_vwap_d*tick/close*100,2026-08-07,0.0,287627ed
dist_vwap_d_pct = dist_vwap_d*tick/close*100,2026-08-09,0.0,43f2daf5
dist_vwap_d_pct = dist_vwap_d*tick/close*100,2026-08-10,0.0,78177655
dist_vwap_d_pct = dist_vwap_d*tick/close*100,2026-08-11,0.0,78177655
dist_vwap_d_pct = dist_vwap_d*tick/close*100,2026-08-12,0.0,78177655
dist_vwap_d_pct = dist_vwap_d*tick/close*100,2026-08-13,0.0,78177655
dist_vwap_d_pct = dist_vwap_d*tick/close*100,2026-08-14,0.0,78177655
dist_vwap_d_pct = dist_vwap_d*tick/close*100,2026-08-16,0.0,605df903
dist_vwap_d_pct = dist_vwap_d*tick/close*100,2026-08-17,0.0,605df903
dist_vwap_d_pct = dist_vwap_d*tick/close*100,2026-08-18,0.0,605df903
dist_vwap_d_pct = dist_vwap_d*tick/close*100,2026-08-19,0.0,605df903
dist_vwap_d_pct = dist_vwap_d*tick/close*100,2026-08-20,0.0,605df903
dist_vwap_d_pct = dist_vwap_d*tick/close*100,2026-08-21,0.0,605df903
dist_vwap_d_pct = dist_vwap_d*tick/close*100,2026-08-23,0.0,605df903
dist_vwap_d_pct = dist_vwap_d*tick/close*100,2026-08-24,0.0,605df903
dist_vwap_d_pct = dist_vwap_d*tick/close*100,2026-08-25,0.0,605df903
dist_vwap_d_pct = dist_vwap_d*tick/close*100,2026-08-26,0.0,605df903
dist_vwap_d_pct = dist_vwap_d*tick/close*100,2026-08-27,0.0,605df903
dist_vwap_d_pct = dist_vwap_d*tick/close*100,2026-08-28,0.0,605df903
dist_vwap_d_pct = dist_vwap_d*tick/close*100,2026-08-30,0.0,605df903
dist_vwap_d_pct = dist_vwap_d*tick/close*100,2026-08-31,0.0,605df903
dist_vwap_d_pct = dist_vwap_d*tick/close*100,2026-09-01,0.0,605df903
dist_vwap_d_pct = dist_vwap_d*tick/close*100,2026-09-02,0.0,605df903
dist_vwap_d_pct = dist_vwap_d*tick/close*100,2026-09-03,0.0,605df903
dist_vwap_d_pct = dist_vwap_d*tick/close*100,2026-09-04,0.0,605df903
dist_vwap_w_atr = dist_vwap_w/atr,2026-06-10,0.0,None
dist_vwap_w_atr = dist_vwap_w/atr,2026-06-11,0.0,c43dc080
dist_vwap_w_atr = dist_vwap_w/atr,2026-06-12,0.0,3d61b74d
dist_vwap_w_atr = dist_vwap_w/atr,2026-06-15,0.0,114b1ca4
dist_vwap_w_atr = dist_vwap_w/atr,2026-06-16,0.0,e7199bc7
dist_vwap_w_atr = dist_vwap_w/atr,2026-06-17,0.0,e7199bc7
dist_vwap_w_atr = dist_vwap_w/atr,2026-06-18,0.0,e7199bc7
dist_vwap_w_atr = dist_vwap_w/atr,2026-06-19,0.0,9238adc1
dist_vwap_w_atr = dist_vwap_w/atr,2026-06-21,0.0,9238adc1
dist_vwap_w_atr = dist_vwap_w/atr,2026-06-22,0.0,9238adc1
dist_vwap_w_atr = dist_vwap_w/atr,2026-06-23,0.0,9238adc1
dist_vwap_w_atr = dist_vwap_w/atr,2026-06-24,0.0,9238adc1
dist_vwap_w_atr = dist_vwap_w/atr,2026-06-25,0.0,9238adc1
dist_vwap_w_atr = dist_vwap_w/atr,2026-06-26,0.0,9238adc1
dist_vwap_w_atr = dist_vwap_w/atr,2026-06-28,0.0,944f7204
dist_vwap_w_atr = dist_vwap_w/atr,2026-06-29,0.0,944f7204
dist_vwap_w_atr = dist_vwap_w/atr,2026-06-30,0.0,944f7204
dist_vwap_w_atr = dist_vwap_w/atr,2026-07-01,0.0,944f7204
dist_vwap_w_atr = dist_vwap_w/atr,2026-07-02,0.0,944f7204
dist_vwap_w_atr = dist_vwap_w/atr,2026-07-03,0.0,0658f3c8
dist_vwap_w_atr = dist_vwap_w/atr,2026-07-05,0.0,13efb186
dist_vwap_w_atr = dist_vwap_w/atr,2026-07-06,0.0,13efb186
dist_vwap_w_atr = dist_vwap_w/atr,2026-07-07,0.0,13efb186
dist_vwap_w_atr = dist_vwap_w/atr,2026-07-08,0.0,13efb186
dist_vwap_w_atr = dist_vwap_w/atr,2026-07-09,0.0,13efb186
dist_vwap_w_atr = dist_vwap_w/atr,2026-07-10,0.0,13efb186
dist_vwap_w_atr = dist_vwap_w/atr,2026-07-12,0.0,13efb186
dist_vwap_w_atr = dist_vwap_w/atr,2026-07-13,0.0,13efb186
dist_vwap_w_atr = dist_vwap_w/atr,2026-07-14,0.0,13efb186
dist_vwap_w_atr = dist_vwap_w/atr,2026-07-15,0.0,13efb186
dist_vwap_w_atr = dist_vwap_w/atr,2026-07-16,0.0,13efb186
dist_vwap_w_atr = dist_vwap_w/atr,2026-07-17,0.0,f6003b62
dist_vwap_w_atr = dist_vwap_w/atr,2026-07-19,0.0,f6003b62
dist_vwap_w_atr = dist_vwap_w/atr,2026-07-20,0.0,f6003b62
dist_vwap_w_atr = dist_vwap_w/atr,2026-07-21,0.0,f6003b62
dist_vwap_w_atr = dist_vwap_w/atr,2026-07-22,0.0,ed53e566
dist_vwap_w_atr = dist_vwap_w/atr,2026-07-23,0.0,ed53e566
dist_vwap_w_atr = dist_vwap_w/atr,2026-07-24,0.0,ed53e566
dist_vwap_w_atr = dist_vwap_w/atr,2026-07-26,0.0,4981d53a
dist_vwap_w_atr = dist_vwap_w/atr,2026-07-27,0.0,4981d53a
dist_vwap_w_atr = dist_vwap_w/atr,2026-07-28,0.0,4981d53a
dist_vwap_w_atr = dist_vwap_w/atr,2026-07-29,0.0,4981d53a
dist_vwap_w_atr = dist_vwap_w/atr,2026-07-30,0.0,4981d53a
dist_vwap_w_atr = dist_vwap_w/atr,2026-07-31,0.0,4981d53a
dist_vwap_w_atr = dist_vwap_w/atr,2026-08-03,0.0,e9f2b72b
dist_vwap_w_atr = dist_vwap_w/atr,2026-08-04,0.0,1d20af93
dist_vwap_w_atr = dist_vwap_w/atr,2026-08-05,0.0,0e82f56e
dist_vwap_w_atr = dist_vwap_w/atr,2026-08-06,0.0,feec66f6
dist_vwap_w_atr = dist_vwap_w/atr,2026-08-07,0.0,287627ed
dist_vwap_w_atr = dist_vwap_w/atr,2026-08-09,0.0,43f2daf5
dist_vwap_w_atr = dist_vwap_w/atr,2026-08-10,0.0,78177655
dist_vwap_w_atr = dist_vwap_w/atr,2026-08-11,0.0,78177655
dist_vwap_w_atr = dist_vwap_w/atr,2026-08-12,0.0,78177655
dist_vwap_w_atr = dist_vwap_w/atr,2026-08-13,0.0,78177655
dist_vwap_w_atr = dist_vwap_w/atr,2026-08-14,0.0,78177655
dist_vwap_w_atr = dist_vwap_w/atr,2026-08-16,0.0,605df903
dist_vwap_w_atr = dist_vwap_w/atr,2026-08-17,0.0,605df903
dist_vwap_w_atr = dist_vwap_w/atr,2026-08-18,0.0,605df903
dist_vwap_w_atr = dist_vwap_w/atr,2026-08-19,0.0,605df903
dist_vwap_w_atr = dist_vwap_w/atr,2026-08-20,0.0,605df903
dist_vwap_w_atr = dist_vwap_w/atr,2026-08-21,0.0,605df903
dist_vwap_w_atr = dist_vwap_w/atr,2026-08-23,0.0,605df903
dist_vwap_w_atr = dist_vwap_w/atr,2026-08-24,0.0,605df903
dist_vwap_w_atr = dist_vwap_w/atr,2026-08-25,0.0,605df903
dist_vwap_w_atr = dist_vwap_w/atr,2026-08-26,0.0,605df903
dist_vwap_w_atr = dist_vwap_w/atr,2026-08-27,0.0,605df903
dist_vwap_w_atr = dist_vwap_w/atr,2026-08-28,0.0,605df903
dist_vwap_w_atr = dist_vwap_w/atr,2026-08-30,0.0,605df903
dist_vwap_w_atr = dist_vwap_w/atr,2026-08-31,0.0,605df903
dist_vwap_w_atr = dist_vwap_w/atr,2026-09-01,0.0,605df903
dist_vwap_w_atr = dist_vwap_w/atr,2026-09-02,0.0,605df903
dist_vwap_w_atr = dist_vwap_w/atr,2026-09-03,0.0,605df903
dist_vwap_w_atr = dist_vwap_w/atr,2026-09-04,0.0,605df903
dist_vwap_w_pct = dist_vwap_w*tick/close*100,2026-06-10,0.0,None
dist_vwap_w_pct = dist_vwap_w*tick/close*100,2026-06-11,0.0,c43dc080
dist_vwap_w_pct = dist_vwap_w*tick/close*100,2026-06-12,0.0,3d61b74d
dist_vwap_w_pct = dist_vwap_w*tick/close*100,2026-06-15,0.0,114b1ca4
dist_vwap_w_pct = dist_vwap_w*tick/close*100,2026-06-16,0.0,e7199bc7
dist_vwap_w_pct = dist_vwap_w*tick/close*100,2026-06-17,0.0,e7199bc7
dist_vwap_w_pct = dist_vwap_w*tick/close*100,2026-06-18,0.0,e7199bc7
dist_vwap_w_pct = dist_vwap_w*tick/close*100,2026-06-19,0.0,9238adc1
dist_vwap_w_pct = dist_vwap_w*tick/close*100,2026-06-21,0.0,9238adc1
dist_vwap_w_pct = dist_vwap_w*tick/close*100,2026-06-22,0.0,9238adc1
dist_vwap_w_pct = dist_vwap_w*tick/close*100,2026-06-23,0.0,9238adc1
dist_vwap_w_pct = dist_vwap_w*tick/close*100,2026-06-24,0.0,9238adc1
dist_vwap_w_pct = dist_vwap_w*tick/close*100,2026-06-25,0.0,9238adc1
dist_vwap_w_pct = dist_vwap_w*tick/close*100,2026-06-26,0.0,9238adc1
dist_vwap_w_pct = dist_vwap_w*tick/close*100,2026-06-28,0.0,944f7204
dist_vwap_w_pct = dist_vwap_w*tick/close*100,2026-06-29,0.0,944f7204
dist_vwap_w_pct = dist_vwap_w*tick/close*100,2026-06-30,0.0,944f7204
dist_vwap_w_pct = dist_vwap_w*tick/close*100,2026-07-01,0.0,944f7204
dist_vwap_w_pct = dist_vwap_w*tick/close*100,2026-07-02,0.0,944f7204
dist_vwap_w_pct = dist_vwap_w*tick/close*100,2026-07-03,0.0,0658f3c8
dist_vwap_w_pct = dist_vwap_w*tick/close*100,2026-07-05,0.0,13efb186
dist_vwap_w_pct = dist_vwap_w*tick/close*100,2026-07-06,0.0,13efb186
dist_vwap_w_pct = dist_vwap_w*tick/close*100,2026-07-07,0.0,13efb186
dist_vwap_w_pct = dist_vwap_w*tick/close*100,2026-07-08,0.0,13efb186
dist_vwap_w_pct = dist_vwap_w*tick/close*100,2026-07-09,0.0,13efb186
dist_vwap_w_pct = dist_vwap_w*tick/close*100,2026-07-10,0.0,13efb186
dist_vwap_w_pct = dist_vwap_w*tick/close*100,2026-07-12,0.0,13efb186
dist_vwap_w_pct = dist_vwap_w*tick/close*100,2026-07-13,0.0,13efb186
dist_vwap_w_pct = dist_vwap_w*tick/close*100,2026-07-14,0.0,13efb186
dist_vwap_w_pct = dist_vwap_w*tick/close*100,2026-07-15,0.0,13efb186
dist_vwap_w_pct = dist_vwap_w*tick/close*100,2026-07-16,0.0,13efb186
dist_vwap_w_pct = dist_vwap_w*tick/close*100,2026-07-17,0.0,f6003b62
dist_vwap_w_pct = dist_vwap_w*tick/close*100,2026-07-19,0.0,f6003b62
dist_vwap_w_pct = dist_vwap_w*tick/close*100,2026-07-20,0.0,f6003b62
dist_vwap_w_pct = dist_vwap_w*tick/close*100,2026-07-21,0.0,f6003b62
dist_vwap_w_pct = dist_vwap_w*tick/close*100,2026-07-22,0.0,ed53e566
dist_vwap_w_pct = dist_vwap_w*tick/close*100,2026-07-23,0.0,ed53e566
dist_vwap_w_pct = dist_vwap_w*tick/close*100,2026-07-24,0.0,ed53e566
dist_vwap_w_pct = dist_vwap_w*tick/close*100,2026-07-26,0.0,4981d53a
dist_vwap_w_pct = dist_vwap_w*tick/close*100,2026-07-27,0.0,4981d53a
dist_vwap_w_pct = dist_vwap_w*tick/close*100,2026-07-28,0.0,4981d53a
dist_vwap_w_pct = dist_vwap_w*tick/close*100,2026-07-29,0.0,4981d53a
dist_vwap_w_pct = dist_vwap_w*tick/close*100,2026-07-30,0.0,4981d53a
dist_vwap_w_pct = dist_vwap_w*tick/close*100,2026-07-31,0.0,4981d53a
dist_vwap_w_pct = dist_vwap_w*tick/close*100,2026-08-03,0.0,e9f2b72b
dist_vwap_w_pct = dist_vwap_w*tick/close*100,2026-08-04,0.0,1d20af93
dist_vwap_w_pct = dist_vwap_w*tick/close*100,2026-08-05,0.0,0e82f56e
dist_vwap_w_pct = dist_vwap_w*tick/close*100,2026-08-06,0.0,feec66f6
dist_vwap_w_pct = dist_vwap_w*tick/close*100,2026-08-07,0.0,287627ed
dist_vwap_w_pct = dist_vwap_w*tick/close*100,2026-08-09,0.0,43f2daf5
dist_vwap_w_pct = dist_vwap_w*tick/close*100,2026-08-10,0.0,78177655
dist_vwap_w_pct = dist_vwap_w*tick/close*100,2026-08-11,0.0,78177655
dist_vwap_w_pct = dist_vwap_w*tick/close*100,2026-08-12,0.0,78177655
dist_vwap_w_pct = dist_vwap_w*tick/close*100,2026-08-13,0.0,78177655
dist_vwap_w_pct = dist_vwap_w*tick/close*100,2026-08-14,0.0,78177655
dist_vwap_w_pct = dist_vwap_w*tick/close*100,2026-08-16,0.0,605df903
dist_vwap_w_pct = dist_vwap_w*tick/close*100,2026-08-17,0.0,605df903
dist_vwap_w_pct = dist_vwap_w*tick/close*100,2026-08-18,0.0,605df903
dist_vwap_w_pct = dist_vwap_w*tick/close*100,2026-08-19,0.0,605df903
dist_vwap_w_pct = dist_vwap_w*tick/close*100,2026-08-20,0.0,605df903
dist_vwap_w_pct = dist_vwap_w*tick/close*100,2026-08-21,0.0,605df903
dist_vwap_w_pct = dist_vwap_w*tick/close*100,2026-08-23,0.0,605df903
dist_vwap_w_pct = dist_vwap_w*tick/close*100,2026-08-24,0.0,605df903
dist_vwap_w_pct = dist_vwap_w*tick/close*100,2026-08-25,0.0,605df903
dist_vwap_w_pct = dist_vwap_w*tick/close*100,2026-08-26,0.0,605df903
dist_vwap_w_pct = dist_vwap_w*tick/close*100,2026-08-27,0.0,605df903
dist_vwap_w_pct = dist_vwap_w*tick/close*100,2026-08-28,0.0,605df903
dist_vwap_w_pct = dist_vwap_w*tick/close*100,2026-08-30,0.0,605df903
dist_vwap_w_pct = dist_vwap_w*tick/close*100,2026-08-31,0.0,605df903
dist_vwap_w_pct = dist_vwap_w*tick/close*100,2026-09-01,0.0,605df903
dist_vwap_w_pct = dist_vwap_w*tick/close*100,2026-09-02,0.0,605df903
dist_vwap_w_pct = dist_vwap_w*tick/close*100,2026-09-03,0.0,605df903
dist_vwap_w_pct = dist_vwap_w*tick/close*100,2026-09-04,0.0,605df903
dist_vwap_m_atr = dist_vwap_m/atr,2026-06-10,0.0,None
dist_vwap_m_atr = dist_vwap_m/atr,2026-06-11,0.0,c43dc080
dist_vwap_m_atr = dist_vwap_m/atr,2026-06-12,0.0,3d61b74d
dist_vwap_m_atr = dist_vwap_m/atr,2026-06-15,0.0,114b1ca4
dist_vwap_m_atr = dist_vwap_m/atr,2026-06-16,0.0,e7199bc7
dist_vwap_m_atr = dist_vwap_m/atr,2026-06-17,0.0,e7199bc7
dist_vwap_m_atr = dist_vwap_m/atr,2026-06-18,0.0,e7199bc7
dist_vwap_m_atr = dist_vwap_m/atr,2026-06-19,0.0,9238adc1
dist_vwap_m_atr = dist_vwap_m/atr,2026-06-21,0.0,9238adc1
dist_vwap_m_atr = dist_vwap_m/atr,2026-06-22,0.0,9238adc1
dist_vwap_m_atr = dist_vwap_m/atr,2026-06-23,0.0,9238adc1
dist_vwap_m_atr = dist_vwap_m/atr,2026-06-24,0.0,9238adc1
dist_vwap_m_atr = dist_vwap_m/atr,2026-06-25,0.0,9238adc1
dist_vwap_m_atr = dist_vwap_m/atr,2026-06-26,0.0,9238adc1
dist_vwap_m_atr = dist_vwap_m/atr,2026-06-28,0.0,944f7204
dist_vwap_m_atr = dist_vwap_m/atr,2026-06-29,0.0,944f7204
dist_vwap_m_atr = dist_vwap_m/atr,2026-06-30,0.0,944f7204
dist_vwap_m_atr = dist_vwap_m/atr,2026-07-01,0.0,944f7204
dist_vwap_m_atr = dist_vwap_m/atr,2026-07-02,0.0,944f7204
dist_vwap_m_atr = dist_vwap_m/atr,2026-07-03,0.0,0658f3c8
dist_vwap_m_atr = dist_vwap_m/atr,2026-07-05,0.0,13efb186
dist_vwap_m_atr = dist_vwap_m/atr,2026-07-06,0.0,13efb186
dist_vwap_m_atr = dist_vwap_m/atr,2026-07-07,0.0,13efb186
dist_vwap_m_atr = dist_vwap_m/atr,2026-07-08,0.0,13efb186
dist_vwap_m_atr = dist_vwap_m/atr,2026-07-09,0.0,13efb186
dist_vwap_m_atr = dist_vwap_m/atr,2026-07-10,0.0,13efb186
dist_vwap_m_atr = dist_vwap_m/atr,2026-07-12,0.0,13efb186
dist_vwap_m_atr = dist_vwap_m/atr,2026-07-13,0.0,13efb186
dist_vwap_m_atr = dist_vwap_m/atr,2026-07-14,0.0,13efb186
dist_vwap_m_atr = dist_vwap_m/atr,2026-07-15,0.0,13efb186
dist_vwap_m_atr = dist_vwap_m/atr,2026-07-16,0.0,13efb186
dist_vwap_m_atr = dist_vwap_m/atr,2026-07-17,0.0,f6003b62
dist_vwap_m_atr = dist_vwap_m/atr,2026-07-19,0.0,f6003b62
dist_vwap_m_atr = dist_vwap_m/atr,2026-07-20,0.0,f6003b62
dist_vwap_m_atr = dist_vwap_m/atr,2026-07-21,0.0,f6003b62
dist_vwap_m_atr = dist_vwap_m/atr,2026-07-22,0.0,ed53e566
dist_vwap_m_atr = dist_vwap_m/atr,2026-07-23,0.0,ed53e566
dist_vwap_m_atr = dist_vwap_m/atr,2026-07-24,0.0,ed53e566
dist_vwap_m_atr = dist_vwap_m/atr,2026-07-26,0.0,4981d53a
dist_vwap_m_atr = dist_vwap_m/atr,2026-07-27,0.0,4981d53a
dist_vwap_m_atr = dist_vwap_m/atr,2026-07-28,0.0,4981d53a
dist_vwap_m_atr = dist_vwap_m/atr,2026-07-29,0.0,4981d53a
dist_vwap_m_atr = dist_vwap_m/atr,2026-07-30,0.0,4981d53a
dist_vwap_m_atr = dist_vwap_m/atr,2026-07-31,0.0,4981d53a
dist_vwap_m_atr = dist_vwap_m/atr,2026-08-03,0.0,e9f2b72b
dist_vwap_m_atr = dist_vwap_m/atr,2026-08-04,0.0,1d20af93
dist_vwap_m_atr = dist_vwap_m/atr,2026-08-05,0.0,0e82f56e
dist_vwap_m_atr = dist_vwap_m/atr,2026-08-06,0.0,feec66f6
dist_vwap_m_atr = dist_vwap_m/atr,2026-08-07,0.0,287627ed
dist_vwap_m_atr = dist_vwap_m/atr,2026-08-09,0.0,43f2daf5
dist_vwap_m_atr = dist_vwap_m/atr,2026-08-10,0.0,78177655
dist_vwap_m_atr = dist_vwap_m/atr,2026-08-11,0.0,78177655
dist_vwap_m_atr = dist_vwap_m/atr,2026-08-12,0.0,78177655
dist_vwap_m_atr = dist_vwap_m/atr,2026-08-13,0.0,78177655
dist_vwap_m_atr = dist_vwap_m/atr,2026-08-14,0.0,78177655
dist_vwap_m_atr = dist_vwap_m/atr,2026-08-16,0.0,605df903
dist_vwap_m_atr = dist_vwap_m/atr,2026-08-17,0.0,605df903
dist_vwap_m_atr = dist_vwap_m/atr,2026-08-18,0.0,605df903
dist_vwap_m_atr = dist_vwap_m/atr,2026-08-19,0.0,605df903
dist_vwap_m_atr = dist_vwap_m/atr,2026-08-20,0.0,605df903
dist_vwap_m_atr = dist_vwap_m/atr,2026-08-21,0.0,605df903
dist_vwap_m_atr = dist_vwap_m/atr,2026-08-23,0.0,605df903
dist_vwap_m_atr = dist_vwap_m/atr,2026-08-24,0.0,605df903
dist_vwap_m_atr = dist_vwap_m/atr,2026-08-25,0.0,605df903
dist_vwap_m_atr = dist_vwap_m/atr,2026-08-26,0.0,605df903
dist_vwap_m_atr = dist_vwap_m/atr,2026-08-27,0.0,605df903
dist_vwap_m_atr = dist_vwap_m/atr,2026-08-28,0.0,605df903
dist_vwap_m_atr = dist_vwap_m/atr,2026-08-30,0.0,605df903
dist_vwap_m_atr = dist_vwap_m/atr,2026-08-31,0.0,605df903
dist_vwap_m_atr = dist_vwap_m/atr,2026-09-01,0.0,605df903
dist_vwap_m_atr = dist_vwap_m/atr,2026-09-02,0.0,605df903
dist_vwap_m_atr = dist_vwap_m/atr,2026-09-03,0.0,605df903
dist_vwap_m_atr = dist_vwap_m/atr,2026-09-04,0.0,605df903
dist_vwap_m_pct = dist_vwap_m*tick/close*100,2026-06-10,0.0,None
dist_vwap_m_pct = dist_vwap_m*tick/close*100,2026-06-11,0.0,c43dc080
dist_vwap_m_pct = dist_vwap_m*tick/close*100,2026-06-12,0.0,3d61b74d
dist_vwap_m_pct = dist_vwap_m*tick/close*100,2026-06-15,0.0,114b1ca4
dist_vwap_m_pct = dist_vwap_m*tick/close*100,2026-06-16,0.0,e7199bc7
dist_vwap_m_pct = dist_vwap_m*tick/close*100,2026-06-17,0.0,e7199bc7
dist_vwap_m_pct = dist_vwap_m*tick/close*100,2026-06-18,0.0,e7199bc7
dist_vwap_m_pct = dist_vwap_m*tick/close*100,2026-06-19,0.0,9238adc1
dist_vwap_m_pct = dist_vwap_m*tick/close*100,2026-06-21,0.0,9238adc1
dist_vwap_m_pct = dist_vwap_m*tick/close*100,2026-06-22,0.0,9238adc1
dist_vwap_m_pct = dist_vwap_m*tick/close*100,2026-06-23,0.0,9238adc1
dist_vwap_m_pct = dist_vwap_m*tick/close*100,2026-06-24,0.0,9238adc1
dist_vwap_m_pct = dist_vwap_m*tick/close*100,2026-06-25,0.0,9238adc1
dist_vwap_m_pct = dist_vwap_m*tick/close*100,2026-06-26,0.0,9238adc1
dist_vwap_m_pct = dist_vwap_m*tick/close*100,2026-06-28,0.0,944f7204
dist_vwap_m_pct = dist_vwap_m*tick/close*100,2026-06-29,0.0,944f7204
dist_vwap_m_pct = dist_vwap_m*tick/close*100,2026-06-30,0.0,944f7204
dist_vwap_m_pct = dist_vwap_m*tick/close*100,2026-07-01,0.0,944f7204
dist_vwap_m_pct = dist_vwap_m*tick/close*100,2026-07-02,0.0,944f7204
dist_vwap_m_pct = dist_vwap_m*tick/close*100,2026-07-03,0.0,0658f3c8
dist_vwap_m_pct = dist_vwap_m*tick/close*100,2026-07-05,0.0,13efb186
dist_vwap_m_pct = dist_vwap_m*tick/close*100,2026-07-06,0.0,13efb186
dist_vwap_m_pct = dist_vwap_m*tick/close*100,2026-07-07,0.0,13efb186
dist_vwap_m_pct = dist_vwap_m*tick/close*100,2026-07-08,0.0,13efb186
dist_vwap_m_pct = dist_vwap_m*tick/close*100,2026-07-09,0.0,13efb186
dist_vwap_m_pct = dist_vwap_m*tick/close*100,2026-07-10,0.0,13efb186
dist_vwap_m_pct = dist_vwap_m*tick/close*100,2026-07-12,0.0,13efb186
dist_vwap_m_pct = dist_vwap_m*tick/close*100,2026-07-13,0.0,13efb186
dist_vwap_m_pct = dist_vwap_m*tick/close*100,2026-07-14,0.0,13efb186
dist_vwap_m_pct = dist_vwap_m*tick/close*100,2026-07-15,0.0,13efb186
dist_vwap_m_pct = dist_vwap_m*tick/close*100,2026-07-16,0.0,13efb186
dist_vwap_m_pct = dist_vwap_m*tick/close*100,2026-07-17,0.0,f6003b62
dist_vwap_m_pct = dist_vwap_m*tick/close*100,2026-07-19,0.0,f6003b62
dist_vwap_m_pct = dist_vwap_m*tick/close*100,2026-07-20,0.0,f6003b62
dist_vwap_m_pct = dist_vwap_m*tick/close*100,2026-07-21,0.0,f6003b62
dist_vwap_m_pct = dist_vwap_m*tick/close*100,2026-07-22,0.0,ed53e566
dist_vwap_m_pct = dist_vwap_m*tick/close*100,2026-07-23,0.0,ed53e566
dist_vwap_m_pct = dist_vwap_m*tick/close*100,2026-07-24,0.0,ed53e566
dist_vwap_m_pct = dist_vwap_m*tick/close*100,2026-07-26,0.0,4981d53a
dist_vwap_m_pct = dist_vwap_m*tick/close*100,2026-07-27,0.0,4981d53a
dist_vwap_m_pct = dist_vwap_m*tick/close*100,2026-07-28,0.0,4981d53a
dist_vwap_m_pct = dist_vwap_m*tick/close*100,2026-07-29,0.0,4981d53a
dist_vwap_m_pct = dist_vwap_m*tick/close*100,2026-07-30,0.0,4981d53a
dist_vwap_m_pct = dist_vwap_m*tick/close*100,2026-07-31,0.0,4981d53a
dist_vwap_m_pct = dist_vwap_m*tick/close*100,2026-08-03,0.0,e9f2b72b
dist_vwap_m_pct = dist_vwap_m*tick/close*100,2026-08-04,0.0,1d20af93
dist_vwap_m_pct = dist_vwap_m*tick/close*100,2026-08-05,0.0,0e82f56e
dist_vwap_m_pct = dist_vwap_m*tick/close*100,2026-08-06,0.0,feec66f6
dist_vwap_m_pct = dist_vwap_m*tick/close*100,2026-08-07,0.0,287627ed
dist_vwap_m_pct = dist_vwap_m*tick/close*100,2026-08-09,0.0,43f2daf5
dist_vwap_m_pct = dist_vwap_m*tick/close*100,2026-08-10,0.0,78177655
dist_vwap_m_pct = dist_vwap_m*tick/close*100,2026-08-11,0.0,78177655
dist_vwap_m_pct = dist_vwap_m*tick/close*100,2026-08-12,0.0,78177655
dist_vwap_m_pct = dist_vwap_m*tick/close*100,2026-08-13,0.0,78177655
dist_vwap_m_pct = dist_vwap_m*tick/close*100,2026-08-14,0.0,78177655
dist_vwap_m_pct = dist_vwap_m*tick/close*100,2026-08-16,0.0,605df903
dist_vwap_m_pct = dist_vwap_m*tick/close*100,2026-08-17,0.0,605df903
dist_vwap_m_pct = dist_vwap_m*tick/close*100,2026-08-18,0.0,605df903
dist_vwap_m_pct = dist_vwap_m*tick/close*100,2026-08-19,0.0,605df903
dist_vwap_m_pct = dist_vwap_m*tick/close*100,2026-08-20,0.0,605df903
dist_vwap_m_pct = dist_vwap_m*tick/close*100,2026-08-21,0.0,605df903
dist_vwap_m_pct = dist_vwap_m*tick/close*100,2026-08-23,0.0,605df903
dist_vwap_m_pct = dist_vwap_m*tick/close*100,2026-08-24,0.0,605df903
dist_vwap_m_pct = dist_vwap_m*tick/close*100,2026-08-25,0.0,605df903
dist_vwap_m_pct = dist_vwap_m*tick/close*100,2026-08-26,0.0,605df903
dist_vwap_m_pct = dist_vwap_m*tick/close*100,2026-08-27,0.0,605df903
dist_vwap_m_pct = dist_vwap_m*tick/close*100,2026-08-28,0.0,605df903
dist_vwap_m_pct = dist_vwap_m*tick/close*100,2026-08-30,0.0,605df903
dist_vwap_m_pct = dist_vwap_m*tick/close*100,2026-08-31,0.0,605df903
dist_vwap_m_pct = dist_vwap_m*tick/close*100,2026-09-01,0.0,605df903
dist_vwap_m_pct = dist_vwap_m*tick/close*100,2026-09-02,0.0,605df903
dist_vwap_m_pct = dist_vwap_m*tick/close*100,2026-09-03,0.0,605df903
dist_vwap_m_pct = dist_vwap_m*tick/close*100,2026-09-04,0.0,605df903
dist_prev_vpoc_atr = dist_prev_vpoc/atr,2026-06-10,0.0,None
dist_prev_vpoc_atr = dist_prev_vpoc/atr,2026-06-11,0.0,c43dc080
dist_prev_vpoc_atr = dist_prev_vpoc/atr,2026-06-12,0.0,3d61b74d
dist_prev_vpoc_atr = dist_prev_vpoc/atr,2026-06-15,0.0,114b1ca4
dist_prev_vpoc_atr = dist_prev_vpoc/atr,2026-06-16,0.0,e7199bc7
dist_prev_vpoc_atr = dist_prev_vpoc/atr,2026-06-17,0.0,e7199bc7
dist_prev_vpoc_atr = dist_prev_vpoc/atr,2026-06-18,0.0,e7199bc7
dist_prev_vpoc_atr = dist_prev_vpoc/atr,2026-06-19,0.0,9238adc1
dist_prev_vpoc_atr = dist_prev_vpoc/atr,2026-06-21,0.0,9238adc1
dist_prev_vpoc_atr = dist_prev_vpoc/atr,2026-06-22,0.0,9238adc1
dist_prev_vpoc_atr = dist_prev_vpoc/atr,2026-06-23,0.0,9238adc1
dist_prev_vpoc_atr = dist_prev_vpoc/atr,2026-06-24,0.0,9238adc1
dist_prev_vpoc_atr = dist_prev_vpoc/atr,2026-06-25,0.0,9238adc1
dist_prev_vpoc_atr = dist_prev_vpoc/atr,2026-06-26,0.0,9238adc1
dist_prev_vpoc_atr = dist_prev_vpoc/atr,2026-06-28,0.0,944f7204
dist_prev_vpoc_atr = dist_prev_vpoc/atr,2026-06-29,0.0,944f7204
dist_prev_vpoc_atr = dist_prev_vpoc/atr,2026-06-30,0.0,944f7204
dist_prev_vpoc_atr = dist_prev_vpoc/atr,2026-07-01,0.0,944f7204
dist_prev_vpoc_atr = dist_prev_vpoc/atr,2026-07-02,0.0,944f7204
dist_prev_vpoc_atr = dist_prev_vpoc/atr,2026-07-03,0.0,0658f3c8
dist_prev_vpoc_atr = dist_prev_vpoc/atr,2026-07-05,0.0,13efb186
dist_prev_vpoc_atr = dist_prev_vpoc/atr,2026-07-06,0.0,13efb186
dist_prev_vpoc_atr = dist_prev_vpoc/atr,2026-07-07,0.0,13efb186
dist_prev_vpoc_atr = dist_prev_vpoc/atr,2026-07-08,0.0,13efb186
dist_prev_vpoc_atr = dist_prev_vpoc/atr,2026-07-09,0.0,13efb186
dist_prev_vpoc_atr = dist_prev_vpoc/atr,2026-07-10,0.0,13efb186
dist_prev_vpoc_atr = dist_prev_vpoc/atr,2026-07-12,0.0,13efb186
dist_prev_vpoc_atr = dist_prev_vpoc/atr,2026-07-13,0.0,13efb186
dist_prev_vpoc_atr = dist_prev_vpoc/atr,2026-07-14,0.0,13efb186
dist_prev_vpoc_atr = dist_prev_vpoc/atr,2026-07-15,0.0,13efb186
dist_prev_vpoc_atr = dist_prev_vpoc/atr,2026-07-16,0.0,13efb186
dist_prev_vpoc_atr = dist_prev_vpoc/atr,2026-07-17,0.0,f6003b62
dist_prev_vpoc_atr = dist_prev_vpoc/atr,2026-07-19,0.0,f6003b62
dist_prev_vpoc_atr = dist_prev_vpoc/atr,2026-07-20,0.0,f6003b62
dist_prev_vpoc_atr = dist_prev_vpoc/atr,2026-07-21,0.0,f6003b62
dist_prev_vpoc_atr = dist_prev_vpoc/atr,2026-07-22,0.0,ed53e566
dist_prev_vpoc_atr = dist_prev_vpoc/atr,2026-07-23,0.0,ed53e566
dist_prev_vpoc_atr = dist_prev_vpoc/atr,2026-07-24,0.0,ed53e566
dist_prev_vpoc_atr = dist_prev_vpoc/atr,2026-07-26,0.0,4981d53a
dist_prev_vpoc_atr = dist_prev_vpoc/atr,2026-07-27,0.0,4981d53a
dist_prev_vpoc_atr = dist_prev_vpoc/atr,2026-07-28,0.0,4981d53a
dist_prev_vpoc_atr = dist_prev_vpoc/atr,2026-07-29,0.0,4981d53a
dist_prev_vpoc_atr = dist_prev_vpoc/atr,2026-07-30,0.0,4981d53a
dist_prev_vpoc_atr = dist_prev_vpoc/atr,2026-07-31,0.0,4981d53a
dist_prev_vpoc_atr = dist_prev_vpoc/atr,2026-08-03,0.0,e9f2b72b
dist_prev_vpoc_atr = dist_prev_vpoc/atr,2026-08-04,0.0,1d20af93
dist_prev_vpoc_atr = dist_prev_vpoc/atr,2026-08-05,0.0,0e82f56e
dist_prev_vpoc_atr = dist_prev_vpoc/atr,2026-08-06,0.0,feec66f6
dist_prev_vpoc_atr = dist_prev_vpoc/atr,2026-08-07,0.0,287627ed
dist_prev_vpoc_atr = dist_prev_vpoc/atr,2026-08-09,0.0,43f2daf5
dist_prev_vpoc_atr = dist_prev_vpoc/atr,2026-08-10,0.0,78177655
dist_prev_vpoc_atr = dist_prev_vpoc/atr,2026-08-11,0.0,78177655
dist_prev_vpoc_atr = dist_prev_vpoc/atr,2026-08-12,0.0,78177655
dist_prev_vpoc_atr = dist_prev_vpoc/atr,2026-08-13,0.0,78177655
dist_prev_vpoc_atr = dist_prev_vpoc/atr,2026-08-14,0.0,78177655
dist_prev_vpoc_atr = dist_prev_vpoc/atr,2026-08-16,0.0,605df903
dist_prev_vpoc_atr = dist_prev_vpoc/atr,2026-08-17,0.0,605df903
dist_prev_vpoc_atr = dist_prev_vpoc/atr,2026-08-18,0.0,605df903
dist_prev_vpoc_atr = dist_prev_vpoc/atr,2026-08-19,0.0,605df903
dist_prev_vpoc_atr = dist_prev_vpoc/atr,2026-08-20,0.0,605df903
dist_prev_vpoc_atr = dist_prev_vpoc/atr,2026-08-21,0.0,605df903
dist_prev_vpoc_atr = dist_prev_vpoc/atr,2026-08-23,0.0,605df903
dist_prev_vpoc_atr = dist_prev_vpoc/atr,2026-08-24,0.0,605df903
dist_prev_vpoc_atr = dist_prev_vpoc/atr,2026-08-25,0.0,605df903
dist_prev_vpoc_atr = dist_prev_vpoc/atr,2026-08-26,0.0,605df903
dist_prev_vpoc_atr = dist_prev_vpoc/atr,2026-08-27,0.0,605df903
dist_prev_vpoc_atr = dist_prev_vpoc/atr,2026-08-28,0.0,605df903
dist_prev_vpoc_atr = dist_prev_vpoc/atr,2026-08-30,0.0,605df903
dist_prev_vpoc_atr = dist_prev_vpoc/atr,2026-08-31,0.0,605df903
dist_prev_vpoc_atr = dist_prev_vpoc/atr,2026-09-01,0.0,605df903
dist_prev_vpoc_atr = dist_prev_vpoc/atr,2026-09-02,0.0,605df903
dist_prev_vpoc_atr = dist_prev_vpoc/atr,2026-09-03,0.0,605df903
dist_prev_vpoc_atr = dist_prev_vpoc/atr,2026-09-04,0.0,605df903
dist_prev_vpoc_pct = dist_prev_vpoc*tick/close*100,2026-06-10,0.0,None
dist_prev_vpoc_pct = dist_prev_vpoc*tick/close*100,2026-06-11,0.0,c43dc080
dist_prev_vpoc_pct = dist_prev_vpoc*tick/close*100,2026-06-12,0.0,3d61b74d
dist_prev_vpoc_pct = dist_prev_vpoc*tick/close*100,2026-06-15,0.0,114b1ca4
dist_prev_vpoc_pct = dist_prev_vpoc*tick/close*100,2026-06-16,0.0,e7199bc7
dist_prev_vpoc_pct = dist_prev_vpoc*tick/close*100,2026-06-17,0.0,e7199bc7
dist_prev_vpoc_pct = dist_prev_vpoc*tick/close*100,2026-06-18,0.0761,e7199bc7
dist_prev_vpoc_pct = dist_prev_vpoc*tick/close*100,2026-06-19,1.0,9238adc1
dist_prev_vpoc_pct = dist_prev_vpoc*tick/close*100,2026-06-21,1.0,9238adc1
dist_prev_vpoc_pct = dist_prev_vpoc*tick/close*100,2026-06-22,1.0,9238adc1
dist_prev_vpoc_pct = dist_prev_vpoc*tick/close*100,2026-06-23,1.0,9238adc1
dist_prev_vpoc_pct = dist_prev_vpoc*tick/close*100,2026-06-24,1.0,9238adc1
dist_prev_vpoc_pct = dist_prev_vpoc*tick/close*100,2026-06-25,1.0,9238adc1
dist_prev_vpoc_pct = dist_prev_vpoc*tick/close*100,2026-06-26,0.6183,9238adc1
dist_prev_vpoc_pct = dist_prev_vpoc*tick/close*100,2026-06-28,1.0,944f7204
dist_prev_vpoc_pct = dist_prev_vpoc*tick/close*100,2026-06-29,1.0,944f7204
dist_prev_vpoc_pct = dist_prev_vpoc*tick/close*100,2026-06-30,0.9349,944f7204
dist_prev_vpoc_pct = dist_prev_vpoc*tick/close*100,2026-07-01,1.0,944f7204
dist_prev_vpoc_pct = dist_prev_vpoc*tick/close*100,2026-07-02,0.8246,944f7204
dist_prev_vpoc_pct = dist_prev_vpoc*tick/close*100,2026-07-03,0.528,0658f3c8
dist_prev_vpoc_pct = dist_prev_vpoc*tick/close*100,2026-07-05,1.0,13efb186
dist_prev_vpoc_pct = dist_prev_vpoc*tick/close*100,2026-07-06,1.0,13efb186
dist_prev_vpoc_pct = dist_prev_vpoc*tick/close*100,2026-07-07,1.0,13efb186
dist_prev_vpoc_pct = dist_prev_vpoc*tick/close*100,2026-07-08,1.0,13efb186
dist_prev_vpoc_pct = dist_prev_vpoc*tick/close*100,2026-07-09,1.0,13efb186
dist_prev_vpoc_pct = dist_prev_vpoc*tick/close*100,2026-07-10,0.8087,13efb186
dist_prev_vpoc_pct = dist_prev_vpoc*tick/close*100,2026-07-12,1.0,13efb186
dist_prev_vpoc_pct = dist_prev_vpoc*tick/close*100,2026-07-13,1.0,13efb186
dist_prev_vpoc_pct = dist_prev_vpoc*tick/close*100,2026-07-14,1.0,13efb186
dist_prev_vpoc_pct = dist_prev_vpoc*tick/close*100,2026-07-15,1.0,13efb186
dist_prev_vpoc_pct = dist_prev_vpoc*tick/close*100,2026-07-16,0.6514,13efb186
dist_prev_vpoc_pct = dist_prev_vpoc*tick/close*100,2026-07-17,1.0,f6003b62
dist_prev_vpoc_pct = dist_prev_vpoc*tick/close*100,2026-07-19,1.0,f6003b62
dist_prev_vpoc_pct = dist_prev_vpoc*tick/close*100,2026-07-20,1.0,f6003b62
dist_prev_vpoc_pct = dist_prev_vpoc*tick/close*100,2026-07-21,0.9986,f6003b62
dist_prev_vpoc_pct = dist_prev_vpoc*tick/close*100,2026-07-22,1.0,ed53e566
dist_prev_vpoc_pct = dist_prev_vpoc*tick/close*100,2026-07-23,1.0,ed53e566
dist_prev_vpoc_pct = dist_prev_vpoc*tick/close*100,2026-07-24,1.0,ed53e566
dist_prev_vpoc_pct = dist_prev_vpoc*tick/close*100,2026-07-26,1.0,4981d53a
dist_prev_vpoc_pct = dist_prev_vpoc*tick/close*100,2026-07-27,1.0,4981d53a
dist_prev_vpoc_pct = dist_prev_vpoc*tick/close*100,2026-07-28,1.0,4981d53a
dist_prev_vpoc_pct = dist_prev_vpoc*tick/close*100,2026-07-29,0.8254,4981d53a
dist_prev_vpoc_pct = dist_prev_vpoc*tick/close*100,2026-07-30,1.0,4981d53a
dist_prev_vpoc_pct = dist_prev_vpoc*tick/close*100,2026-07-31,0.3838,4981d53a
dist_prev_vpoc_pct = dist_prev_vpoc*tick/close*100,2026-08-03,0.9974,e9f2b72b
dist_prev_vpoc_pct = dist_prev_vpoc*tick/close*100,2026-08-04,0.8254,1d20af93
dist_prev_vpoc_pct = dist_prev_vpoc*tick/close*100,2026-08-05,0.3303,0e82f56e
dist_prev_vpoc_pct = dist_prev_vpoc*tick/close*100,2026-08-06,0.9986,feec66f6
dist_prev_vpoc_pct = dist_prev_vpoc*tick/close*100,2026-08-07,0.6183,287627ed
dist_prev_vpoc_pct = dist_prev_vpoc*tick/close*100,2026-08-09,1.0,43f2daf5
dist_prev_vpoc_pct = dist_prev_vpoc*tick/close*100,2026-08-10,0.1318,78177655
dist_prev_vpoc_pct = dist_prev_vpoc*tick/close*100,2026-08-11,0.8254,78177655
dist_prev_vpoc_pct = dist_prev_vpoc*tick/close*100,2026-08-12,1.0,78177655
dist_prev_vpoc_pct = dist_prev_vpoc*tick/close*100,2026-08-13,1.0,78177655
dist_prev_vpoc_pct = dist_prev_vpoc*tick/close*100,2026-08-14,0.9992,78177655
dist_prev_vpoc_pct = dist_prev_vpoc*tick/close*100,2026-08-16,1.0,605df903
dist_prev_vpoc_pct = dist_prev_vpoc*tick/close*100,2026-08-17,1.0,605df903
dist_prev_vpoc_pct = dist_prev_vpoc*tick/close*100,2026-08-18,0.8254,605df903
dist_prev_vpoc_pct = dist_prev_vpoc*tick/close*100,2026-08-19,1.0,605df903
dist_prev_vpoc_pct = dist_prev_vpoc*tick/close*100,2026-08-20,1.0,605df903
dist_prev_vpoc_pct = dist_prev_vpoc*tick/close*100,2026-08-21,0.8095,605df903
dist_prev_vpoc_pct = dist_prev_vpoc*tick/close*100,2026-08-23,1.0,605df903
dist_prev_vpoc_pct = dist_prev_vpoc*tick/close*100,2026-08-24,1.0,605df903
dist_prev_vpoc_pct = dist_prev_vpoc*tick/close*100,2026-08-25,0.8254,605df903
dist_prev_vpoc_pct = dist_prev_vpoc*tick/close*100,2026-08-26,0.8254,605df903
dist_prev_vpoc_pct = dist_prev_vpoc*tick/close*100,2026-08-27,1.0,605df903
dist_prev_vpoc_pct = dist_prev_vpoc*tick/close*100,2026-08-28,0.8095,605df903
dist_prev_vpoc_pct = dist_prev_vpoc*tick/close*100,2026-08-30,1.0,605df903
dist_prev_vpoc_pct = dist_prev_vpoc*tick/close*100,2026-08-31,1.0,605df903
dist_prev_vpoc_pct = dist_prev_vpoc*tick/close*100,2026-09-01,0.8251,605df903
dist_prev_vpoc_pct = dist_prev_vpoc*tick/close*100,2026-09-02,0.8252,605df903
dist_prev_vpoc_pct = dist_prev_vpoc*tick/close*100,2026-09-03,1.0,605df903
dist_prev_vpoc_pct = dist_prev_vpoc*tick/close*100,2026-09-04,1.0,605df903
dist_pdh_atr = -dist_pdh*tick/atr,2026-06-26,1.0,9238adc1
dist_pdh_atr = -dist_pdh*tick/atr,2026-06-28,0.0,944f7204
dist_pdh_atr = -dist_pdh*tick/atr,2026-06-29,0.0,944f7204
dist_pdh_atr = -dist_pdh*tick/atr,2026-06-30,0.0,944f7204
dist_pdh_atr = -dist_pdh*tick/atr,2026-07-01,0.0,944f7204
dist_pdh_atr = -dist_pdh*tick/atr,2026-07-02,0.0014,944f7204
dist_pdh_atr = -dist_pdh*tick/atr,2026-07-03,0.472,0658f3c8
dist_pdh_atr = -dist_pdh*tick/atr,2026-07-05,0.0,13efb186
dist_pdh_atr = -dist_pdh*tick/atr,2026-07-06,0.0,13efb186
dist_pdh_atr = -dist_pdh*tick/atr,2026-07-07,0.0,13efb186
dist_pdh_atr = -dist_pdh*tick/atr,2026-07-08,0.0,13efb186
dist_pdh_atr = -dist_pdh*tick/atr,2026-07-09,0.0,13efb186
dist_pdh_atr = -dist_pdh*tick/atr,2026-07-10,0.0,13efb186
dist_pdh_atr = -dist_pdh*tick/atr,2026-07-12,0.0,13efb186
dist_pdh_atr = -dist_pdh*tick/atr,2026-07-13,0.0,13efb186
dist_pdh_atr = -dist_pdh*tick/atr,2026-07-14,0.0,13efb186
dist_pdh_atr = -dist_pdh*tick/atr,2026-07-15,0.0,13efb186
dist_pdh_atr = -dist_pdh*tick/atr,2026-07-16,0.3486,13efb186
dist_pdh_atr = -dist_pdh*tick/atr,2026-07-17,0.0,f6003b62
dist_pdh_atr = -dist_pdh*tick/atr,2026-07-19,0.0,f6003b62
dist_pdh_atr = -dist_pdh*tick/atr,2026-07-20,0.0,f6003b62
dist_pdh_atr = -dist_pdh*tick/atr,2026-07-21,0.0014,f6003b62
dist_pdh_atr = -dist_pdh*tick/atr,2026-07-22,0.0,ed53e566
dist_pdh_atr = -dist_pdh*tick/atr,2026-07-23,0.0,ed53e566
dist_pdh_atr = -dist_pdh*tick/atr,2026-07-24,0.0,ed53e566
dist_pdh_atr = -dist_pdh*tick/atr,2026-07-26,0.0,4981d53a
dist_pdh_atr = -dist_pdh*tick/atr,2026-07-27,0.0,4981d53a
dist_pdh_atr = -dist_pdh*tick/atr,2026-07-28,0.0,4981d53a
dist_pdh_atr = -dist_pdh*tick/atr,2026-07-29,0.0,4981d53a
dist_pdh_atr = -dist_pdh*tick/atr,2026-07-30,0.0,4981d53a
dist_pdh_atr = -dist_pdh*tick/atr,2026-07-31,0.749,4981d53a
dist_pdh_atr = -dist_pdh*tick/atr,2026-08-03,0.0026,e9f2b72b
dist_pdh_atr = -dist_pdh*tick/atr,2026-08-04,0.0014,1d20af93
dist_pdh_atr = -dist_pdh*tick/atr,2026-08-05,0.8283,0e82f56e
dist_pdh_atr = -dist_pdh*tick/atr,2026-08-06,0.0014,feec66f6
dist_pdh_atr = -dist_pdh*tick/atr,2026-08-07,0.3722,287627ed
dist_pdh_atr = -dist_pdh*tick/atr,2026-08-09,0.0,43f2daf5
dist_pdh_atr = -dist_pdh*tick/atr,2026-08-10,0.7813,78177655
dist_pdh_atr = -dist_pdh*tick/atr,2026-08-11,0.0,78177655
dist_pdh_atr = -dist_pdh*tick/atr,2026-08-12,0.0,78177655
dist_pdh_atr = -dist_pdh*tick/atr,2026-08-13,0.0,78177655
dist_pdh_atr = -dist_pdh*tick/atr,2026-08-14,0.0008,78177655
dist_pdh_atr = -dist_pdh*tick/atr,2026-08-16,0.0,605df903
dist_pdh_atr = -dist_pdh*tick/atr,2026-08-17,0.0,605df903
dist_pdh_atr = -dist_pdh*tick/atr,2026-08-18,0.0,605df903
dist_pdh_atr = -dist_pdh*tick/atr,2026-08-19,0.0,605df903
dist_pdh_atr = -dist_pdh*tick/atr,2026-08-20,0.0,605df903
dist_pdh_atr = -dist_pdh*tick/atr,2026-08-21,0.0,605df903
dist_pdh_atr = -dist_pdh*tick/atr,2026-08-23,0.0,605df903
dist_pdh_atr = -dist_pdh*tick/atr,2026-08-24,0.0,605df903
dist_pdh_atr = -dist_pdh*tick/atr,2026-08-25,0.0,605df903
dist_pdh_atr = -dist_pdh*tick/atr,2026-08-26,0.0,605df903
dist_pdh_atr = -dist_pdh*tick/atr,2026-08-27,0.0,605df903
dist_pdh_atr = -dist_pdh*tick/atr,2026-08-28,0.0,605df903
dist_pdh_atr = -dist_pdh*tick/atr,2026-08-30,0.0,605df903
dist_pdh_atr = -dist_pdh*tick/atr,2026-08-31,0.0,605df903
dist_pdh_atr = -dist_pdh*tick/atr,2026-09-01,0.0,605df903
dist_pdh_atr = -dist_pdh*tick/atr,2026-09-02,0.0,605df903
dist_pdh_atr = -dist_pdh*tick/atr,2026-09-03,0.0,605df903
dist_pdh_atr = -dist_pdh*tick/atr,2026-09-04,0.0,605df903
dist_pdh_pct = dist_pdh*tick/close*100,2026-06-26,0.0,9238adc1
dist_pdh_pct = dist_pdh*tick/close*100,2026-06-28,0.0,944f7204
dist_pdh_pct = dist_pdh*tick/close*100,2026-06-29,0.0,944f7204
dist_pdh_pct = dist_pdh*tick/close*100,2026-06-30,0.0,944f7204
dist_pdh_pct = dist_pdh*tick/close*100,2026-07-01,0.0,944f7204
dist_pdh_pct = dist_pdh*tick/close*100,2026-07-02,0.0,944f7204
dist_pdh_pct = dist_pdh*tick/close*100,2026-07-03,0.0,0658f3c8
dist_pdh_pct = dist_pdh*tick/close*100,2026-07-05,0.0,13efb186
dist_pdh_pct = dist_pdh*tick/close*100,2026-07-06,0.0,13efb186
dist_pdh_pct = dist_pdh*tick/close*100,2026-07-07,0.0,13efb186
dist_pdh_pct = dist_pdh*tick/close*100,2026-07-08,0.0,13efb186
dist_pdh_pct = dist_pdh*tick/close*100,2026-07-09,0.0,13efb186
dist_pdh_pct = dist_pdh*tick/close*100,2026-07-10,0.0,13efb186
dist_pdh_pct = dist_pdh*tick/close*100,2026-07-12,0.0,13efb186
dist_pdh_pct = dist_pdh*tick/close*100,2026-07-13,0.0,13efb186
dist_pdh_pct = dist_pdh*tick/close*100,2026-07-14,0.0,13efb186
dist_pdh_pct = dist_pdh*tick/close*100,2026-07-15,0.0,13efb186
dist_pdh_pct = dist_pdh*tick/close*100,2026-07-16,0.0,13efb186
dist_pdh_pct = dist_pdh*tick/close*100,2026-07-17,0.0,f6003b62
dist_pdh_pct = dist_pdh*tick/close*100,2026-07-19,0.0,f6003b62
dist_pdh_pct = dist_pdh*tick/close*100,2026-07-20,0.0,f6003b62
dist_pdh_pct = dist_pdh*tick/close*100,2026-07-21,0.0,f6003b62
dist_pdh_pct = dist_pdh*tick/close*100,2026-07-22,0.0,ed53e566
dist_pdh_pct = dist_pdh*tick/close*100,2026-07-23,0.0,ed53e566
dist_pdh_pct = dist_pdh*tick/close*100,2026-07-24,0.0,ed53e566
dist_pdh_pct = dist_pdh*tick/close*100,2026-07-26,0.0,4981d53a
dist_pdh_pct = dist_pdh*tick/close*100,2026-07-27,0.0,4981d53a
dist_pdh_pct = dist_pdh*tick/close*100,2026-07-28,0.0,4981d53a
dist_pdh_pct = dist_pdh*tick/close*100,2026-07-29,0.0,4981d53a
dist_pdh_pct = dist_pdh*tick/close*100,2026-07-30,0.0,4981d53a
dist_pdh_pct = dist_pdh*tick/close*100,2026-07-31,0.0,4981d53a
dist_pdh_pct = dist_pdh*tick/close*100,2026-08-03,0.0,e9f2b72b
dist_pdh_pct = dist_pdh*tick/close*100,2026-08-04,0.0,1d20af93
dist_pdh_pct = dist_pdh*tick/close*100,2026-08-05,0.0,0e82f56e
dist_pdh_pct = dist_pdh*tick/close*100,2026-08-06,0.0,feec66f6
dist_pdh_pct = dist_pdh*tick/close*100,2026-08-07,0.0,287627ed
dist_pdh_pct = dist_pdh*tick/close*100,2026-08-09,0.0,43f2daf5
dist_pdh_pct = dist_pdh*tick/close*100,2026-08-10,0.0,78177655
dist_pdh_pct = dist_pdh*tick/close*100,2026-08-11,0.0,78177655
dist_pdh_pct = dist_pdh*tick/close*100,2026-08-12,0.0,78177655
dist_pdh_pct = dist_pdh*tick/close*100,2026-08-13,0.0,78177655
dist_pdh_pct = dist_pdh*tick/close*100,2026-08-14,0.0,78177655
dist_pdh_pct = dist_pdh*tick/close*100,2026-08-16,0.0,605df903
dist_pdh_pct = dist_pdh*tick/close*100,2026-08-17,0.0,605df903
dist_pdh_pct = dist_pdh*tick/close*100,2026-08-18,0.0,605df903
dist_pdh_pct = dist_pdh*tick/close*100,2026-08-19,0.0,605df903
dist_pdh_pct = dist_pdh*tick/close*100,2026-08-20,0.0,605df903
dist_pdh_pct = dist_pdh*tick/close*100,2026-08-21,0.0,605df903
dist_pdh_pct = dist_pdh*tick/close*100,2026-08-23,0.0,605df903
dist_pdh_pct = dist_pdh*tick/close*100,2026-08-24,0.0,605df903
dist_pdh_pct = dist_pdh*tick/close*100,2026-08-25,0.0,605df903
dist_pdh_pct = dist_pdh*tick/close*100,2026-08-26,0.0,605df903
dist_pdh_pct = dist_pdh*tick/close*100,2026-08-27,0.0,605df903
dist_pdh_pct = dist_pdh*tick/close*100,2026-08-28,0.0,605df903
dist_pdh_pct = dist_pdh*tick/close*100,2026-08-30,0.0,605df903
dist_pdh_pct = dist_pdh*tick/close*100,2026-08-31,0.0,605df903
dist_pdh_pct = dist_pdh*tick/close*100,2026-09-01,0.0,605df903
dist_pdh_pct = dist_pdh*tick/close*100,2026-09-02,0.0,605df903
dist_pdh_pct = dist_pdh*tick/close*100,2026-09-03,0.0,605df903
dist_pdh_pct = dist_pdh*tick/close*100,2026-09-04,0.0,605df903
dist_pdl_atr = -dist_pdl*tick/atr,2026-06-26,0.9459,9238adc1
dist_pdl_atr = -dist_pdl*tick/atr,2026-06-28,0.0,944f7204
dist_pdl_atr = -dist_pdl*tick/atr,2026-06-29,0.0,944f7204
dist_pdl_atr = -dist_pdl*tick/atr,2026-06-30,0.0,944f7204
dist_pdl_atr = -dist_pdl*tick/atr,2026-07-01,0.0,944f7204
dist_pdl_atr = -dist_pdl*tick/atr,2026-07-02,0.0014,944f7204
dist_pdl_atr = -dist_pdl*tick/atr,2026-07-03,0.472,0658f3c8
dist_pdl_atr = -dist_pdl*tick/atr,2026-07-05,0.0,13efb186
dist_pdl_atr = -dist_pdl*tick/atr,2026-07-06,0.0,13efb186
dist_pdl_atr = -dist_pdl*tick/atr,2026-07-07,0.0,13efb186
dist_pdl_atr = -dist_pdl*tick/atr,2026-07-08,0.0,13efb186
dist_pdl_atr = -dist_pdl*tick/atr,2026-07-09,0.0,13efb186
dist_pdl_atr = -dist_pdl*tick/atr,2026-07-10,0.0,13efb186
dist_pdl_atr = -dist_pdl*tick/atr,2026-07-12,0.0,13efb186
dist_pdl_atr = -dist_pdl*tick/atr,2026-07-13,0.0,13efb186
dist_pdl_atr = -dist_pdl*tick/atr,2026-07-14,0.0,13efb186
dist_pdl_atr = -dist_pdl*tick/atr,2026-07-15,0.0,13efb186
dist_pdl_atr = -dist_pdl*tick/atr,2026-07-16,0.3362,13efb186
dist_pdl_atr = -dist_pdl*tick/atr,2026-07-17,0.0,f6003b62
dist_pdl_atr = -dist_pdl*tick/atr,2026-07-19,0.0,f6003b62
dist_pdl_atr = -dist_pdl*tick/atr,2026-07-20,0.0,f6003b62
dist_pdl_atr = -dist_pdl*tick/atr,2026-07-21,0.0014,f6003b62
dist_pdl_atr = -dist_pdl*tick/atr,2026-07-22,0.0,ed53e566
dist_pdl_atr = -dist_pdl*tick/atr,2026-07-23,0.0,ed53e566
dist_pdl_atr = -dist_pdl*tick/atr,2026-07-24,0.0,ed53e566
dist_pdl_atr = -dist_pdl*tick/atr,2026-07-26,0.0,4981d53a
dist_pdl_atr = -dist_pdl*tick/atr,2026-07-27,0.0,4981d53a
dist_pdl_atr = -dist_pdl*tick/atr,2026-07-28,0.0,4981d53a
dist_pdl_atr = -dist_pdl*tick/atr,2026-07-29,0.0,4981d53a
dist_pdl_atr = -dist_pdl*tick/atr,2026-07-30,0.0,4981d53a
dist_pdl_atr = -dist_pdl*tick/atr,2026-07-31,0.7625,4981d53a
dist_pdl_atr = -dist_pdl*tick/atr,2026-08-03,0.0026,e9f2b72b
dist_pdl_atr = -dist_pdl*tick/atr,2026-08-04,0.0014,1d20af93
dist_pdl_atr = -dist_pdl*tick/atr,2026-08-05,0.8384,0e82f56e
dist_pdl_atr = -dist_pdl*tick/atr,2026-08-06,0.0014,feec66f6
dist_pdl_atr = -dist_pdl*tick/atr,2026-08-07,0.3817,287627ed
dist_pdl_atr = -dist_pdl*tick/atr,2026-08-09,0.0,43f2daf5
dist_pdl_atr = -dist_pdl*tick/atr,2026-08-10,0.793,78177655
dist_pdl_atr = -dist_pdl*tick/atr,2026-08-11,0.0,78177655
dist_pdl_atr = -dist_pdl*tick/atr,2026-08-12,0.0,78177655
dist_pdl_atr = -dist_pdl*tick/atr,2026-08-13,0.0,78177655
dist_pdl_atr = -dist_pdl*tick/atr,2026-08-14,0.0008,78177655
dist_pdl_atr = -dist_pdl*tick/atr,2026-08-16,0.0,605df903
dist_pdl_atr = -dist_pdl*tick/atr,2026-08-17,0.0,605df903
dist_pdl_atr = -dist_pdl*tick/atr,2026-08-18,0.0,605df903
dist_pdl_atr = -dist_pdl*tick/atr,2026-08-19,0.0,605df903
dist_pdl_atr = -dist_pdl*tick/atr,2026-08-20,0.0,605df903
dist_pdl_atr = -dist_pdl*tick/atr,2026-08-21,0.0,605df903
dist_pdl_atr = -dist_pdl*tick/atr,2026-08-23,0.0,605df903
dist_pdl_atr = -dist_pdl*tick/atr,2026-08-24,0.0,605df903
dist_pdl_atr = -dist_pdl*tick/atr,2026-08-25,0.0,605df903
dist_pdl_atr = -dist_pdl*tick/atr,2026-08-26,0.0,605df903
dist_pdl_atr = -dist_pdl*tick/atr,2026-08-27,0.0,605df903
dist_pdl_atr = -dist_pdl*tick/atr,2026-08-28,0.0,605df903
dist_pdl_atr = -dist_pdl*tick/atr,2026-08-30,0.0,605df903
dist_pdl_atr = -dist_pdl*tick/atr,2026-08-31,0.0,605df903
dist_pdl_atr = -dist_pdl*tick/atr,2026-09-01,0.0,605df903
dist_pdl_atr = -dist_pdl*tick/atr,2026-09-02,0.0,605df903
dist_pdl_atr = -dist_pdl*tick/atr,2026-09-03,0.0,605df903
dist_pdl_atr = -dist_pdl*tick/atr,2026-09-04,0.0,605df903
dist_pdl_pct = dist_pdl*tick/close*100,2026-06-26,0.0,9238adc1
dist_pdl_pct = dist_pdl*tick/close*100,2026-06-28,0.0,944f7204
dist_pdl_pct = dist_pdl*tick/close*100,2026-06-29,0.0,944f7204
dist_pdl_pct = dist_pdl*tick/close*100,2026-06-30,0.0,944f7204
dist_pdl_pct = dist_pdl*tick/close*100,2026-07-01,0.0,944f7204
dist_pdl_pct = dist_pdl*tick/close*100,2026-07-02,0.0,944f7204
dist_pdl_pct = dist_pdl*tick/close*100,2026-07-03,0.0,0658f3c8
dist_pdl_pct = dist_pdl*tick/close*100,2026-07-05,0.0,13efb186
dist_pdl_pct = dist_pdl*tick/close*100,2026-07-06,0.0,13efb186
dist_pdl_pct = dist_pdl*tick/close*100,2026-07-07,0.0,13efb186
dist_pdl_pct = dist_pdl*tick/close*100,2026-07-08,0.0,13efb186
dist_pdl_pct = dist_pdl*tick/close*100,2026-07-09,0.0,13efb186
dist_pdl_pct = dist_pdl*tick/close*100,2026-07-10,0.0,13efb186
dist_pdl_pct = dist_pdl*tick/close*100,2026-07-12,0.0,13efb186
dist_pdl_pct = dist_pdl*tick/close*100,2026-07-13,0.0,13efb186
dist_pdl_pct = dist_pdl*tick/close*100,2026-07-14,0.0,13efb186
dist_pdl_pct = dist_pdl*tick/close*100,2026-07-15,0.0,13efb186
dist_pdl_pct = dist_pdl*tick/close*100,2026-07-16,0.0,13efb186
dist_pdl_pct = dist_pdl*tick/close*100,2026-07-17,0.0,f6003b62
dist_pdl_pct = dist_pdl*tick/close*100,2026-07-19,0.0,f6003b62
dist_pdl_pct = dist_pdl*tick/close*100,2026-07-20,0.0,f6003b62
dist_pdl_pct = dist_pdl*tick/close*100,2026-07-21,0.0,f6003b62
dist_pdl_pct = dist_pdl*tick/close*100,2026-07-22,0.0,ed53e566
dist_pdl_pct = dist_pdl*tick/close*100,2026-07-23,0.0,ed53e566
dist_pdl_pct = dist_pdl*tick/close*100,2026-07-24,0.0,ed53e566
dist_pdl_pct = dist_pdl*tick/close*100,2026-07-26,0.0,4981d53a
dist_pdl_pct = dist_pdl*tick/close*100,2026-07-27,0.0,4981d53a
dist_pdl_pct = dist_pdl*tick/close*100,2026-07-28,0.0,4981d53a
dist_pdl_pct = dist_pdl*tick/close*100,2026-07-29,0.0,4981d53a
dist_pdl_pct = dist_pdl*tick/close*100,2026-07-30,0.0,4981d53a
dist_pdl_pct = dist_pdl*tick/close*100,2026-07-31,0.0,4981d53a
dist_pdl_pct = dist_pdl*tick/close*100,2026-08-03,0.0,e9f2b72b
dist_pdl_pct = dist_pdl*tick/close*100,2026-08-04,0.0,1d20af93
dist_pdl_pct = dist_pdl*tick/close*100,2026-08-05,0.0,0e82f56e
dist_pdl_pct = dist_pdl*tick/close*100,2026-08-06,0.0,feec66f6
dist_pdl_pct = dist_pdl*tick/close*100,2026-08-07,0.0,287627ed
dist_pdl_pct = dist_pdl*tick/close*100,2026-08-09,0.0,43f2daf5
dist_pdl_pct = dist_pdl*tick/close*100,2026-08-10,0.0,78177655
dist_pdl_pct = dist_pdl*tick/close*100,2026-08-11,0.0,78177655
dist_pdl_pct = dist_pdl*tick/close*100,2026-08-12,0.0,78177655
dist_pdl_pct = dist_pdl*tick/close*100,2026-08-13,0.0,78177655
dist_pdl_pct = dist_pdl*tick/close*100,2026-08-14,0.0,78177655
dist_pdl_pct = dist_pdl*tick/close*100,2026-08-16,0.0,605df903
dist_pdl_pct = dist_pdl*tick/close*100,2026-08-17,0.0,605df903
dist_pdl_pct = dist_pdl*tick/close*100,2026-08-18,0.0,605df903
dist_pdl_pct = dist_pdl*tick/close*100,2026-08-19,0.0,605df903
dist_pdl_pct = dist_pdl*tick/close*100,2026-08-20,0.0,605df903
dist_pdl_pct = dist_pdl*tick/close*100,2026-08-21,0.0,605df903
dist_pdl_pct = dist_pdl*tick/close*100,2026-08-23,0.0,605df903
dist_pdl_pct = dist_pdl*tick/close*100,2026-08-24,0.0,605df903
dist_pdl_pct = dist_pdl*tick/close*100,2026-08-25,0.0,605df903
dist_pdl_pct = dist_pdl*tick/close*100,2026-08-26,0.0,605df903
dist_pdl_pct = dist_pdl*tick/close*100,2026-08-27,0.0,605df903
dist_pdl_pct = dist_pdl*tick/close*100,2026-08-28,0.0,605df903
dist_pdl_pct = dist_pdl*tick/close*100,2026-08-30,0.0,605df903
dist_pdl_pct = dist_pdl*tick/close*100,2026-08-31,0.0,605df903
dist_pdl_pct = dist_pdl*tick/close*100,2026-09-01,0.0,605df903
dist_pdl_pct = dist_pdl*tick/close*100,2026-09-02,0.0,605df903
dist_pdl_pct = dist_pdl*tick/close*100,2026-09-03,0.0,605df903
dist_pdl_pct = dist_pdl*tick/close*100,2026-09-04,0.0,605df903
dist_cur_vwap_vp = dist_vwap_d,2026-06-10,0.0,None
dist_cur_vwap_vp = dist_vwap_d,2026-06-11,0.0,c43dc080
dist_cur_vwap_vp = dist_vwap_d,2026-06-12,0.0,3d61b74d
dist_cur_vwap_vp = dist_vwap_d,2026-06-15,0.0,114b1ca4
dist_cur_vwap_vp = dist_vwap_d,2026-06-16,0.0,e7199bc7
dist_cur_vwap_vp = dist_vwap_d,2026-06-17,0.0,e7199bc7
dist_cur_vwap_vp = dist_vwap_d,2026-06-18,0.0,e7199bc7
dist_cur_vwap_vp = dist_vwap_d,2026-06-19,0.0,9238adc1
dist_cur_vwap_vp = dist_vwap_d,2026-06-21,0.0,9238adc1
dist_cur_vwap_vp = dist_vwap_d,2026-06-22,0.0,9238adc1
dist_cur_vwap_vp = dist_vwap_d,2026-06-23,0.0,9238adc1
dist_cur_vwap_vp = dist_vwap_d,2026-06-24,0.0,9238adc1
dist_cur_vwap_vp = dist_vwap_d,2026-06-25,0.0,9238adc1
dist_cur_vwap_vp = dist_vwap_d,2026-06-26,0.0,9238adc1
dist_cur_vwap_vp = dist_vwap_d,2026-06-28,0.0,944f7204
dist_cur_vwap_vp = dist_vwap_d,2026-06-29,0.0,944f7204
dist_cur_vwap_vp = dist_vwap_d,2026-06-30,0.0,944f7204
dist_cur_vwap_vp = dist_vwap_d,2026-07-01,0.0,944f7204
dist_cur_vwap_vp = dist_vwap_d,2026-07-02,0.0,944f7204
dist_cur_vwap_vp = dist_vwap_d,2026-07-03,0.0,0658f3c8
dist_cur_vwap_vp = dist_vwap_d,2026-07-05,0.0,13efb186
dist_cur_vwap_vp = dist_vwap_d,2026-07-06,0.0,13efb186
dist_cur_vwap_vp = dist_vwap_d,2026-07-07,0.0,13efb186
dist_cur_vwap_vp = dist_vwap_d,2026-07-08,0.0,13efb186
dist_cur_vwap_vp = dist_vwap_d,2026-07-09,0.0,13efb186
dist_cur_vwap_vp = dist_vwap_d,2026-07-10,0.0,13efb186
dist_cur_vwap_vp = dist_vwap_d,2026-07-12,0.0,13efb186
dist_cur_vwap_vp = dist_vwap_d,2026-07-13,0.0,13efb186
dist_cur_vwap_vp = dist_vwap_d,2026-07-14,0.0,13efb186
dist_cur_vwap_vp = dist_vwap_d,2026-07-15,0.0,13efb186
dist_cur_vwap_vp = dist_vwap_d,2026-07-16,0.0,13efb186
dist_cur_vwap_vp = dist_vwap_d,2026-07-17,0.0,f6003b62
dist_cur_vwap_vp = dist_vwap_d,2026-07-19,0.0,f6003b62
dist_cur_vwap_vp = dist_vwap_d,2026-07-20,0.0,f6003b62
dist_cur_vwap_vp = dist_vwap_d,2026-07-21,0.0,f6003b62
dist_cur_vwap_vp = dist_vwap_d,2026-07-22,0.0,ed53e566
dist_cur_vwap_vp = dist_vwap_d,2026-07-23,0.0,ed53e566
dist_cur_vwap_vp = dist_vwap_d,2026-07-24,0.0,ed53e566
dist_cur_vwap_vp = dist_vwap_d,2026-07-26,0.0,4981d53a
dist_cur_vwap_vp = dist_vwap_d,2026-07-27,0.0,4981d53a
dist_cur_vwap_vp = dist_vwap_d,2026-07-28,0.0,4981d53a
dist_cur_vwap_vp = dist_vwap_d,2026-07-29,0.0,4981d53a
dist_cur_vwap_vp = dist_vwap_d,2026-07-30,0.0,4981d53a
dist_cur_vwap_vp = dist_vwap_d,2026-07-31,0.0,4981d53a
dist_cur_vwap_vp = dist_vwap_d,2026-08-03,0.0,e9f2b72b
dist_cur_vwap_vp = dist_vwap_d,2026-08-04,0.0,1d20af93
dist_cur_vwap_vp = dist_vwap_d,2026-08-05,0.0,0e82f56e
dist_cur_vwap_vp = dist_vwap_d,2026-08-06,0.0,feec66f6
dist_cur_vwap_vp = dist_vwap_d,2026-08-07,0.0,287627ed
dist_cur_vwap_vp = dist_vwap_d,2026-08-09,0.0,43f2daf5
dist_cur_vwap_vp = dist_vwap_d,2026-08-10,0.0,78177655
dist_cur_vwap_vp = dist_vwap_d,2026-08-11,0.0,78177655
dist_cur_vwap_vp = dist_vwap_d,2026-08-12,0.0,78177655
dist_cur_vwap_vp = dist_vwap_d,2026-08-13,0.0,78177655
dist_cur_vwap_vp = dist_vwap_d,2026-08-14,0.0,78177655
dist_cur_vwap_vp = dist_vwap_d,2026-08-16,0.0,605df903
dist_cur_vwap_vp = dist_vwap_d,2026-08-17,0.0,605df903
dist_cur_vwap_vp = dist_vwap_d,2026-08-18,0.0,605df903
dist_cur_vwap_vp = dist_vwap_d,2026-08-19,0.0,605df903
dist_cur_vwap_vp = dist_vwap_d,2026-08-20,0.0,605df903
dist_cur_vwap_vp = dist_vwap_d,2026-08-21,0.0,605df903
dist_cur_vwap_vp = dist_vwap_d,2026-08-23,0.0,605df903
dist_cur_vwap_vp = dist_vwap_d,2026-08-24,0.0,605df903
dist_cur_vwap_vp = dist_vwap_d,2026-08-25,0.0,605df903
dist_cur_vwap_vp = dist_vwap_d,2026-08-26,0.0,605df903
dist_cur_vwap_vp = dist_vwap_d,2026-08-27,0.0,605df903
dist_cur_vwap_vp = dist_vwap_d,2026-08-28,0.0,605df903
dist_cur_vwap_vp = dist_vwap_d,2026-08-30,0.0,605df903
dist_cur_vwap_vp = dist_vwap_d,2026-08-31,0.0,605df903
dist_cur_vwap_vp = dist_vwap_d,2026-09-01,0.0,605df903
dist_cur_vwap_vp = dist_vwap_d,2026-09-02,0.0,605df903
dist_cur_vwap_vp = dist_vwap_d,2026-09-03,0.0,605df903
dist_cur_vwap_vp = dist_vwap_d,2026-09-04,0.0,605df903
prev_vah_lvl >= prev_vpoc_lvl,2026-06-10,0.0,None
prev_vah_lvl >= prev_vpoc_lvl,2026-06-11,0.0,c43dc080
prev_vah_lvl >= prev_vpoc_lvl,2026-06-12,0.0,3d61b74d
prev_vah_lvl >= prev_vpoc_lvl,2026-06-15,0.0,114b1ca4
prev_vah_lvl >= prev_vpoc_lvl,2026-06-16,0.0,e7199bc7
prev_vah_lvl >= prev_vpoc_lvl,2026-06-17,0.0,e7199bc7
prev_vah_lvl >= prev_vpoc_lvl,2026-06-18,0.0,e7199bc7
prev_vah_lvl >= prev_vpoc_lvl,2026-06-19,0.0,9238adc1
prev_vah_lvl >= prev_vpoc_lvl,2026-06-21,0.0,9238adc1
prev_vah_lvl >= prev_vpoc_lvl,2026-06-22,0.0,9238adc1
prev_vah_lvl >= prev_vpoc_lvl,2026-06-23,0.0,9238adc1
prev_vah_lvl >= prev_vpoc_lvl,2026-06-24,0.0,9238adc1
prev_vah_lvl >= prev_vpoc_lvl,2026-06-25,0.0,9238adc1
prev_vah_lvl >= prev_vpoc_lvl,2026-06-26,0.0,9238adc1
prev_vah_lvl >= prev_vpoc_lvl,2026-06-28,0.0,944f7204
prev_vah_lvl >= prev_vpoc_lvl,2026-06-29,0.0,944f7204
prev_vah_lvl >= prev_vpoc_lvl,2026-06-30,0.0,944f7204
prev_vah_lvl >= prev_vpoc_lvl,2026-07-01,0.0,944f7204
prev_vah_lvl >= prev_vpoc_lvl,2026-07-02,0.0,944f7204
prev_vah_lvl >= prev_vpoc_lvl,2026-07-03,0.0,0658f3c8
prev_vah_lvl >= prev_vpoc_lvl,2026-07-05,0.0,13efb186
prev_vah_lvl >= prev_vpoc_lvl,2026-07-06,0.0,13efb186
prev_vah_lvl >= prev_vpoc_lvl,2026-07-07,0.0,13efb186
prev_vah_lvl >= prev_vpoc_lvl,2026-07-08,0.0,13efb186
prev_vah_lvl >= prev_vpoc_lvl,2026-07-09,0.0,13efb186
prev_vah_lvl >= prev_vpoc_lvl,2026-07-10,0.0,13efb186
prev_vah_lvl >= prev_vpoc_lvl,2026-07-12,0.0,13efb186
prev_vah_lvl >= prev_vpoc_lvl,2026-07-13,0.0,13efb186
prev_vah_lvl >= prev_vpoc_lvl,2026-07-14,0.0,13efb186
prev_vah_lvl >= prev_vpoc_lvl,2026-07-15,0.0,13efb186
prev_vah_lvl >= prev_vpoc_lvl,2026-07-16,0.0,13efb186
prev_vah_lvl >= prev_vpoc_lvl,2026-07-17,0.0,f6003b62
prev_vah_lvl >= prev_vpoc_lvl,2026-07-19,0.0,f6003b62
prev_vah_lvl >= prev_vpoc_lvl,2026-07-20,0.0,f6003b62
prev_vah_lvl >= prev_vpoc_lvl,2026-07-21,0.0,f6003b62
prev_vah_lvl >= prev_vpoc_lvl,2026-07-22,0.0,ed53e566
prev_vah_lvl >= prev_vpoc_lvl,2026-07-23,0.0,ed53e566
prev_vah_lvl >= prev_vpoc_lvl,2026-07-24,0.0,ed53e566
prev_vah_lvl >= prev_vpoc_lvl,2026-07-26,0.0,4981d53a
prev_vah_lvl >= prev_vpoc_lvl,2026-07-27,0.0,4981d53a
prev_vah_lvl >= prev_vpoc_lvl,2026-07-28,0.0,4981d53a
prev_vah_lvl >= prev_vpoc_lvl,2026-07-29,0.0,4981d53a
prev_vah_lvl >= prev_vpoc_lvl,2026-07-30,0.0,4981d53a
prev_vah_lvl >= prev_vpoc_lvl,2026-07-31,0.0,4981d53a
prev_vah_lvl >= prev_vpoc_lvl,2026-08-03,0.0,e9f2b72b
prev_vah_lvl >= prev_vpoc_lvl,2026-08-04,0.0,1d20af93
prev_vah_lvl >= prev_vpoc_lvl,2026-08-05,0.0,0e82f56e
prev_vah_lvl >= prev_vpoc_lvl,2026-08-06,0.0,feec66f6
prev_vah_lvl >= prev_vpoc_lvl,2026-08-07,0.0,287627ed
prev_vah_lvl >= prev_vpoc_lvl,2026-08-09,0.0,43f2daf5
prev_vah_lvl >= prev_vpoc_lvl,2026-08-10,0.0,78177655
prev_vah_lvl >= prev_vpoc_lvl,2026-08-11,0.0,78177655
prev_vah_lvl >= prev_vpoc_lvl,2026-08-12,0.0,78177655
prev_vah_lvl >= prev_vpoc_lvl,2026-08-13,0.0,78177655
prev_vah_lvl >= prev_vpoc_lvl,2026-08-14,0.0,78177655
prev_vah_lvl >= prev_vpoc_lvl,2026-08-16,0.0,605df903
prev_vah_lvl >= prev_vpoc_lvl,2026-08-17,0.0,605df903
prev_vah_lvl >= prev_vpoc_lvl,2026-08-18,0.0,605df903
prev_vah_lvl >= prev_vpoc_lvl,2026-08-19,0.0,605df903
prev_vah_lvl >= prev_vpoc_lvl,2026-08-20,0.0,605df903
prev_vah_lvl >= prev_vpoc_lvl,2026-08-21,0.0,605df903
prev_vah_lvl >= prev_vpoc_lvl,2026-08-23,0.0,605df903
prev_vah_lvl >= prev_vpoc_lvl,2026-08-24,0.0,605df903
prev_vah_lvl >= prev_vpoc_lvl,2026-08-25,0.0,605df903
prev_vah_lvl >= prev_vpoc_lvl,2026-08-26,0.0,605df903
prev_vah_lvl >= prev_vpoc_lvl,2026-08-27,0.0,605df903
prev_vah_lvl >= prev_vpoc_lvl,2026-08-28,0.0,605df903
prev_vah_lvl >= prev_vpoc_lvl,2026-08-30,0.0,605df903
prev_vah_lvl >= prev_vpoc_lvl,2026-08-31,0.0,605df903
prev_vah_lvl >= prev_vpoc_lvl,2026-09-01,0.0,605df903
prev_vah_lvl >= prev_vpoc_lvl,2026-09-02,0.0,605df903
prev_vah_lvl >= prev_vpoc_lvl,2026-09-03,0.0,605df903
prev_vah_lvl >= prev_vpoc_lvl,2026-09-04,0.0,605df903
prev_vpoc_lvl >= prev_val_lvl,2026-06-10,0.0,None
prev_vpoc_lvl >= prev_val_lvl,2026-06-11,0.0,c43dc080
prev_vpoc_lvl >= prev_val_lvl,2026-06-12,0.0,3d61b74d
prev_vpoc_lvl >= prev_val_lvl,2026-06-15,0.0,114b1ca4
prev_vpoc_lvl >= prev_val_lvl,2026-06-16,0.0,e7199bc7
prev_vpoc_lvl >= prev_val_lvl,2026-06-17,0.0,e7199bc7
prev_vpoc_lvl >= prev_val_lvl,2026-06-18,0.0,e7199bc7
prev_vpoc_lvl >= prev_val_lvl,2026-06-19,0.0,9238adc1
prev_vpoc_lvl >= prev_val_lvl,2026-06-21,0.0,9238adc1
prev_vpoc_lvl >= prev_val_lvl,2026-06-22,0.0,9238adc1
prev_vpoc_lvl >= prev_val_lvl,2026-06-23,0.0,9238adc1
prev_vpoc_lvl >= prev_val_lvl,2026-06-24,0.0,9238adc1
prev_vpoc_lvl >= prev_val_lvl,2026-06-25,0.0,9238adc1
prev_vpoc_lvl >= prev_val_lvl,2026-06-26,0.0,9238adc1
prev_vpoc_lvl >= prev_val_lvl,2026-06-28,0.0,944f7204
prev_vpoc_lvl >= prev_val_lvl,2026-06-29,0.0,944f7204
prev_vpoc_lvl >= prev_val_lvl,2026-06-30,0.0,944f7204
prev_vpoc_lvl >= prev_val_lvl,2026-07-01,0.0,944f7204
prev_vpoc_lvl >= prev_val_lvl,2026-07-02,0.0,944f7204
prev_vpoc_lvl >= prev_val_lvl,2026-07-03,0.0,0658f3c8
prev_vpoc_lvl >= prev_val_lvl,2026-07-05,0.0,13efb186
prev_vpoc_lvl >= prev_val_lvl,2026-07-06,0.0,13efb186
prev_vpoc_lvl >= prev_val_lvl,2026-07-07,0.0,13efb186
prev_vpoc_lvl >= prev_val_lvl,2026-07-08,0.0,13efb186
prev_vpoc_lvl >= prev_val_lvl,2026-07-09,0.0,13efb186
prev_vpoc_lvl >= prev_val_lvl,2026-07-10,0.0,13efb186
prev_vpoc_lvl >= prev_val_lvl,2026-07-12,0.0,13efb186
prev_vpoc_lvl >= prev_val_lvl,2026-07-13,0.0,13efb186
prev_vpoc_lvl >= prev_val_lvl,2026-07-14,0.0,13efb186
prev_vpoc_lvl >= prev_val_lvl,2026-07-15,0.0,13efb186
prev_vpoc_lvl >= prev_val_lvl,2026-07-16,0.0,13efb186
prev_vpoc_lvl >= prev_val_lvl,2026-07-17,0.0,f6003b62
prev_vpoc_lvl >= prev_val_lvl,2026-07-19,0.0,f6003b62
prev_vpoc_lvl >= prev_val_lvl,2026-07-20,0.0,f6003b62
prev_vpoc_lvl >= prev_val_lvl,2026-07-21,0.0,f6003b62
prev_vpoc_lvl >= prev_val_lvl,2026-07-22,0.0,ed53e566
prev_vpoc_lvl >= prev_val_lvl,2026-07-23,0.0,ed53e566
prev_vpoc_lvl >= prev_val_lvl,2026-07-24,0.0,ed53e566
prev_vpoc_lvl >= prev_val_lvl,2026-07-26,0.0,4981d53a
prev_vpoc_lvl >= prev_val_lvl,2026-07-27,0.0,4981d53a
prev_vpoc_lvl >= prev_val_lvl,2026-07-28,0.0,4981d53a
prev_vpoc_lvl >= prev_val_lvl,2026-07-29,0.0,4981d53a
prev_vpoc_lvl >= prev_val_lvl,2026-07-30,0.0,4981d53a
prev_vpoc_lvl >= prev_val_lvl,2026-07-31,0.0,4981d53a
prev_vpoc_lvl >= prev_val_lvl,2026-08-03,0.0,e9f2b72b
prev_vpoc_lvl >= prev_val_lvl,2026-08-04,0.0,1d20af93
prev_vpoc_lvl >= prev_val_lvl,2026-08-05,0.0,0e82f56e
prev_vpoc_lvl >= prev_val_lvl,2026-08-06,0.0,feec66f6
prev_vpoc_lvl >= prev_val_lvl,2026-08-07,0.0,287627ed
prev_vpoc_lvl >= prev_val_lvl,2026-08-09,0.0,43f2daf5
prev_vpoc_lvl >= prev_val_lvl,2026-08-10,0.0,78177655
prev_vpoc_lvl >= prev_val_lvl,2026-08-11,0.0,78177655
prev_vpoc_lvl >= prev_val_lvl,2026-08-12,0.0,78177655
prev_vpoc_lvl >= prev_val_lvl,2026-08-13,0.0,78177655
prev_vpoc_lvl >= prev_val_lvl,2026-08-14,0.0,78177655
prev_vpoc_lvl >= prev_val_lvl,2026-08-16,0.0,605df903
prev_vpoc_lvl >= prev_val_lvl,2026-08-17,0.0,605df903
prev_vpoc_lvl >= prev_val_lvl,2026-08-18,0.0,605df903
prev_vpoc_lvl >= prev_val_lvl,2026-08-19,0.0,605df903
prev_vpoc_lvl >= prev_val_lvl,2026-08-20,0.0,605df903
prev_vpoc_lvl >= prev_val_lvl,2026-08-21,0.0,605df903
prev_vpoc_lvl >= prev_val_lvl,2026-08-23,0.0,605df903
prev_vpoc_lvl >= prev_val_lvl,2026-08-24,0.0,605df903
prev_vpoc_lvl >= prev_val_lvl,2026-08-25,0.0,605df903
prev_vpoc_lvl >= prev_val_lvl,2026-08-26,0.0,605df903
prev_vpoc_lvl >= prev_val_lvl,2026-08-27,0.0,605df903
prev_vpoc_lvl >= prev_val_lvl,2026-08-28,0.0,605df903
prev_vpoc_lvl >= prev_val_lvl,2026-08-30,0.0,605df903
prev_vpoc_lvl >= prev_val_lvl,2026-08-31,0.0,605df903
prev_vpoc_lvl >= prev_val_lvl,2026-09-01,0.0,605df903
prev_vpoc_lvl >= prev_val_lvl,2026-09-02,0.0,605df903
prev_vpoc_lvl >= prev_val_lvl,2026-09-03,0.0,605df903
prev_vpoc_lvl >= prev_val_lvl,2026-09-04,0.0,605df903
cur_vah >= cur_vpoc >= cur_val,2026-06-11,0.0,c43dc080
cur_vah >= cur_vpoc >= cur_val,2026-06-12,0.0,3d61b74d
cur_vah >= cur_vpoc >= cur_val,2026-06-15,0.0,114b1ca4
cur_vah >= cur_vpoc >= cur_val,2026-06-16,0.0,e7199bc7
cur_vah >= cur_vpoc >= cur_val,2026-06-17,0.0,e7199bc7
cur_vah >= cur_vpoc >= cur_val,2026-06-18,0.0,e7199bc7
cur_vah >= cur_vpoc >= cur_val,2026-06-19,0.0,9238adc1
cur_vah >= cur_vpoc >= cur_val,2026-06-21,0.0,9238adc1
cur_vah >= cur_vpoc >= cur_val,2026-06-22,0.0,9238adc1
cur_vah >= cur_vpoc >= cur_val,2026-06-23,0.0,9238adc1
cur_vah >= cur_vpoc >= cur_val,2026-06-24,0.0,9238adc1
cur_vah >= cur_vpoc >= cur_val,2026-06-25,0.0,9238adc1
cur_vah >= cur_vpoc >= cur_val,2026-06-26,0.0,9238adc1
cur_vah >= cur_vpoc >= cur_val,2026-06-28,0.0,944f7204
cur_vah >= cur_vpoc >= cur_val,2026-06-29,0.0,944f7204
cur_vah >= cur_vpoc >= cur_val,2026-06-30,0.0,944f7204
cur_vah >= cur_vpoc >= cur_val,2026-07-01,0.0,944f7204
cur_vah >= cur_vpoc >= cur_val,2026-07-02,0.0,944f7204
cur_vah >= cur_vpoc >= cur_val,2026-07-03,0.0,0658f3c8
cur_vah >= cur_vpoc >= cur_val,2026-07-05,0.0,13efb186
cur_vah >= cur_vpoc >= cur_val,2026-07-06,0.0,13efb186
cur_vah >= cur_vpoc >= cur_val,2026-07-07,0.0,13efb186
cur_vah >= cur_vpoc >= cur_val,2026-07-08,0.0,13efb186
cur_vah >= cur_vpoc >= cur_val,2026-07-09,0.0,13efb186
cur_vah >= cur_vpoc >= cur_val,2026-07-10,0.0,13efb186
cur_vah >= cur_vpoc >= cur_val,2026-07-12,0.0,13efb186
cur_vah >= cur_vpoc >= cur_val,2026-07-13,0.0,13efb186
cur_vah >= cur_vpoc >= cur_val,2026-07-14,0.0,13efb186
cur_vah >= cur_vpoc >= cur_val,2026-07-15,0.0,13efb186
cur_vah >= cur_vpoc >= cur_val,2026-07-16,0.0,13efb186
cur_vah >= cur_vpoc >= cur_val,2026-07-17,0.0,f6003b62
cur_vah >= cur_vpoc >= cur_val,2026-07-19,0.0,f6003b62
cur_vah >= cur_vpoc >= cur_val,2026-07-20,0.0,f6003b62
cur_vah >= cur_vpoc >= cur_val,2026-07-21,0.0,f6003b62
cur_vah >= cur_vpoc >= cur_val,2026-07-22,0.0,ed53e566
cur_vah >= cur_vpoc >= cur_val,2026-07-23,0.0,ed53e566
cur_vah >= cur_vpoc >= cur_val,2026-07-24,0.0,ed53e566
cur_vah >= cur_vpoc >= cur_val,2026-07-26,0.0,4981d53a
cur_vah >= cur_vpoc >= cur_val,2026-07-27,0.0,4981d53a
cur_vah >= cur_vpoc >= cur_val,2026-07-28,0.0,4981d53a
cur_vah >= cur_vpoc >= cur_val,2026-07-29,0.0,4981d53a
cur_vah >= cur_vpoc >= cur_val,2026-07-30,0.0,4981d53a
cur_vah >= cur_vpoc >= cur_val,2026-07-31,0.0,4981d53a
cur_vah >= cur_vpoc >= cur_val,2026-08-03,0.0,e9f2b72b
cur_vah >= cur_vpoc >= cur_val,2026-08-04,0.0,1d20af93
cur_vah >= cur_vpoc >= cur_val,2026-08-05,0.0,0e82f56e
cur_vah >= cur_vpoc >= cur_val,2026-08-06,0.0,feec66f6
cur_vah >= cur_vpoc >= cur_val,2026-08-07,0.0,287627ed
cur_vah >= cur_vpoc >= cur_val,2026-08-09,0.0,43f2daf5
cur_vah >= cur_vpoc >= cur_val,2026-08-10,0.0,78177655
cur_vah >= cur_vpoc >= cur_val,2026-08-11,0.0,78177655
cur_vah >= cur_vpoc >= cur_val,2026-08-12,0.0,78177655
cur_vah >= cur_vpoc >= cur_val,2026-08-13,0.0,78177655
cur_vah >= cur_vpoc >= cur_val,2026-08-14,0.0,78177655
cur_vah >= cur_vpoc >= cur_val,2026-08-16,0.0,605df903
cur_vah >= cur_vpoc >= cur_val,2026-08-17,0.0,605df903
cur_vah >= cur_vpoc >= cur_val,2026-08-18,0.0,605df903
cur_vah >= cur_vpoc >= cur_val,2026-08-19,0.0,605df903
cur_vah >= cur_vpoc >= cur_val,2026-08-20,0.0,605df903
cur_vah >= cur_vpoc >= cur_val,2026-08-21,0.0,605df903
cur_vah >= cur_vpoc >= cur_val,2026-08-23,0.0,605df903
cur_vah >= cur_vpoc >= cur_val,2026-08-24,0.0,605df903
cur_vah >= cur_vpoc >= cur_val,2026-08-25,0.0,605df903
cur_vah >= cur_vpoc >= cur_val,2026-08-26,0.0,605df903
cur_vah >= cur_vpoc >= cur_val,2026-08-27,0.0,605df903
cur_vah >= cur_vpoc >= cur_val,2026-08-28,0.0,605df903
cur_vah >= cur_vpoc >= cur_val,2026-08-30,0.0,605df903
cur_vah >= cur_vpoc >= cur_val,2026-08-31,0.0,605df903
cur_vah >= cur_vpoc >= cur_val,2026-09-01,0.0,605df903
cur_vah >= cur_vpoc >= cur_val,2026-09-02,0.0,605df903
cur_vah >= cur_vpoc >= cur_val,2026-09-03,0.0,605df903
cur_vah >= cur_vpoc >= cur_val,2026-09-04,0.0,605df903
vwap_d_sd1u-vwap_d = vwap_d-vwap_d_sd1d (bandes symetriques),2026-06-10,0.0,None
vwap_d_sd1u-vwap_d = vwap_d-vwap_d_sd1d (bandes symetriques),2026-06-11,0.0,c43dc080
vwap_d_sd1u-vwap_d = vwap_d-vwap_d_sd1d (bandes symetriques),2026-06-12,0.0,3d61b74d
vwap_d_sd1u-vwap_d = vwap_d-vwap_d_sd1d (bandes symetriques),2026-06-15,0.0,114b1ca4
vwap_d_sd1u-vwap_d = vwap_d-vwap_d_sd1d (bandes symetriques),2026-06-16,0.0,e7199bc7
vwap_d_sd1u-vwap_d = vwap_d-vwap_d_sd1d (bandes symetriques),2026-06-17,0.0,e7199bc7
vwap_d_sd1u-vwap_d = vwap_d-vwap_d_sd1d (bandes symetriques),2026-06-18,0.0,e7199bc7
vwap_d_sd1u-vwap_d = vwap_d-vwap_d_sd1d (bandes symetriques),2026-06-19,0.0,9238adc1
vwap_d_sd1u-vwap_d = vwap_d-vwap_d_sd1d (bandes symetriques),2026-06-21,0.0,9238adc1
vwap_d_sd1u-vwap_d = vwap_d-vwap_d_sd1d (bandes symetriques),2026-06-22,0.0,9238adc1
vwap_d_sd1u-vwap_d = vwap_d-vwap_d_sd1d (bandes symetriques),2026-06-23,0.0,9238adc1
vwap_d_sd1u-vwap_d = vwap_d-vwap_d_sd1d (bandes symetriques),2026-06-24,0.0,9238adc1
vwap_d_sd1u-vwap_d = vwap_d-vwap_d_sd1d (bandes symetriques),2026-06-25,0.0,9238adc1
vwap_d_sd1u-vwap_d = vwap_d-vwap_d_sd1d (bandes symetriques),2026-06-26,0.0,9238adc1
vwap_d_sd1u-vwap_d = vwap_d-vwap_d_sd1d (bandes symetriques),2026-06-28,0.0,944f7204
vwap_d_sd1u-vwap_d = vwap_d-vwap_d_sd1d (bandes symetriques),2026-06-29,0.0,944f7204
vwap_d_sd1u-vwap_d = vwap_d-vwap_d_sd1d (bandes symetriques),2026-06-30,0.0,944f7204
vwap_d_sd1u-vwap_d = vwap_d-vwap_d_sd1d (bandes symetriques),2026-07-01,0.0,944f7204
vwap_d_sd1u-vwap_d = vwap_d-vwap_d_sd1d (bandes symetriques),2026-07-02,0.0,944f7204
vwap_d_sd1u-vwap_d = vwap_d-vwap_d_sd1d (bandes symetriques),2026-07-03,0.0,0658f3c8
vwap_d_sd1u-vwap_d = vwap_d-vwap_d_sd1d (bandes symetriques),2026-07-05,0.0,13efb186
vwap_d_sd1u-vwap_d = vwap_d-vwap_d_sd1d (bandes symetriques),2026-07-06,0.0,13efb186
vwap_d_sd1u-vwap_d = vwap_d-vwap_d_sd1d (bandes symetriques),2026-07-07,0.0,13efb186
vwap_d_sd1u-vwap_d = vwap_d-vwap_d_sd1d (bandes symetriques),2026-07-08,0.0,13efb186
vwap_d_sd1u-vwap_d = vwap_d-vwap_d_sd1d (bandes symetriques),2026-07-09,0.0,13efb186
vwap_d_sd1u-vwap_d = vwap_d-vwap_d_sd1d (bandes symetriques),2026-07-10,0.0,13efb186
vwap_d_sd1u-vwap_d = vwap_d-vwap_d_sd1d (bandes symetriques),2026-07-12,0.0,13efb186
vwap_d_sd1u-vwap_d = vwap_d-vwap_d_sd1d (bandes symetriques),2026-07-13,0.0,13efb186
vwap_d_sd1u-vwap_d = vwap_d-vwap_d_sd1d (bandes symetriques),2026-07-14,0.0,13efb186
vwap_d_sd1u-vwap_d = vwap_d-vwap_d_sd1d (bandes symetriques),2026-07-15,0.0,13efb186
vwap_d_sd1u-vwap_d = vwap_d-vwap_d_sd1d (bandes symetriques),2026-07-16,0.0,13efb186
vwap_d_sd1u-vwap_d = vwap_d-vwap_d_sd1d (bandes symetriques),2026-07-17,0.0,f6003b62
vwap_d_sd1u-vwap_d = vwap_d-vwap_d_sd1d (bandes symetriques),2026-07-19,0.0,f6003b62
vwap_d_sd1u-vwap_d = vwap_d-vwap_d_sd1d (bandes symetriques),2026-07-20,0.0,f6003b62
vwap_d_sd1u-vwap_d = vwap_d-vwap_d_sd1d (bandes symetriques),2026-07-21,0.0,f6003b62
vwap_d_sd1u-vwap_d = vwap_d-vwap_d_sd1d (bandes symetriques),2026-07-22,0.0,ed53e566
vwap_d_sd1u-vwap_d = vwap_d-vwap_d_sd1d (bandes symetriques),2026-07-23,0.0,ed53e566
vwap_d_sd1u-vwap_d = vwap_d-vwap_d_sd1d (bandes symetriques),2026-07-24,0.0,ed53e566
vwap_d_sd1u-vwap_d = vwap_d-vwap_d_sd1d (bandes symetriques),2026-07-26,0.0,4981d53a
vwap_d_sd1u-vwap_d = vwap_d-vwap_d_sd1d (bandes symetriques),2026-07-27,0.0,4981d53a
vwap_d_sd1u-vwap_d = vwap_d-vwap_d_sd1d (bandes symetriques),2026-07-28,0.0,4981d53a
vwap_d_sd1u-vwap_d = vwap_d-vwap_d_sd1d (bandes symetriques),2026-07-29,0.0,4981d53a
vwap_d_sd1u-vwap_d = vwap_d-vwap_d_sd1d (bandes symetriques),2026-07-30,0.0,4981d53a
vwap_d_sd1u-vwap_d = vwap_d-vwap_d_sd1d (bandes symetriques),2026-07-31,0.0,4981d53a
vwap_d_sd1u-vwap_d = vwap_d-vwap_d_sd1d (bandes symetriques),2026-08-03,0.0,e9f2b72b
vwap_d_sd1u-vwap_d = vwap_d-vwap_d_sd1d (bandes symetriques),2026-08-04,0.0,1d20af93
vwap_d_sd1u-vwap_d = vwap_d-vwap_d_sd1d (bandes symetriques),2026-08-05,0.0,0e82f56e
vwap_d_sd1u-vwap_d = vwap_d-vwap_d_sd1d (bandes symetriques),2026-08-06,0.0,feec66f6
vwap_d_sd1u-vwap_d = vwap_d-vwap_d_sd1d (bandes symetriques),2026-08-07,0.0,287627ed
vwap_d_sd1u-vwap_d = vwap_d-vwap_d_sd1d (bandes symetriques),2026-08-09,0.0,43f2daf5
vwap_d_sd1u-vwap_d = vwap_d-vwap_d_sd1d (bandes symetriques),2026-08-10,0.0,78177655
vwap_d_sd1u-vwap_d = vwap_d-vwap_d_sd1d (bandes symetriques),2026-08-11,0.0,78177655
vwap_d_sd1u-vwap_d = vwap_d-vwap_d_sd1d (bandes symetriques),2026-08-12,0.0,78177655
vwap_d_sd1u-vwap_d = vwap_d-vwap_d_sd1d (bandes symetriques),2026-08-13,0.0,78177655
vwap_d_sd1u-vwap_d = vwap_d-vwap_d_sd1d (bandes symetriques),2026-08-14,0.0,78177655
vwap_d_sd1u-vwap_d = vwap_d-vwap_d_sd1d (bandes symetriques),2026-08-16,0.0,605df903
vwap_d_sd1u-vwap_d = vwap_d-vwap_d_sd1d (bandes symetriques),2026-08-17,0.0,605df903
vwap_d_sd1u-vwap_d = vwap_d-vwap_d_sd1d (bandes symetriques),2026-08-18,0.0,605df903
vwap_d_sd1u-vwap_d = vwap_d-vwap_d_sd1d (bandes symetriques),2026-08-19,0.0,605df903
vwap_d_sd1u-vwap_d = vwap_d-vwap_d_sd1d (bandes symetriques),2026-08-20,0.0,605df903
vwap_d_sd1u-vwap_d = vwap_d-vwap_d_sd1d (bandes symetriques),2026-08-21,0.0,605df903
vwap_d_sd1u-vwap_d = vwap_d-vwap_d_sd1d (bandes symetriques),2026-08-23,0.0,605df903
vwap_d_sd1u-vwap_d = vwap_d-vwap_d_sd1d (bandes symetriques),2026-08-24,0.0,605df903
vwap_d_sd1u-vwap_d = vwap_d-vwap_d_sd1d (bandes symetriques),2026-08-25,0.0,605df903
vwap_d_sd1u-vwap_d = vwap_d-vwap_d_sd1d (bandes symetriques),2026-08-26,0.0,605df903
vwap_d_sd1u-vwap_d = vwap_d-vwap_d_sd1d (bandes symetriques),2026-08-27,0.0,605df903
vwap_d_sd1u-vwap_d = vwap_d-vwap_d_sd1d (bandes symetriques),2026-08-28,0.0,605df903
vwap_d_sd1u-vwap_d = vwap_d-vwap_d_sd1d (bandes symetriques),2026-08-30,0.0,605df903
vwap_d_sd1u-vwap_d = vwap_d-vwap_d_sd1d (bandes symetriques),2026-08-31,0.0,605df903
vwap_d_sd1u-vwap_d = vwap_d-vwap_d_sd1d (bandes symetriques),2026-09-01,0.0,605df903
vwap_d_sd1u-vwap_d = vwap_d-vwap_d_sd1d (bandes symetriques),2026-09-02,0.0,605df903
vwap_d_sd1u-vwap_d = vwap_d-vwap_d_sd1d (bandes symetriques),2026-09-03,0.0,605df903
vwap_d_sd1u-vwap_d = vwap_d-vwap_d_sd1d (bandes symetriques),2026-09-04,0.0,605df903
vwap_d_sd2u-vwap_d = 2*(sd1u-vwap_d),2026-06-10,0.0,None
vwap_d_sd2u-vwap_d = 2*(sd1u-vwap_d),2026-06-11,0.0,c43dc080
vwap_d_sd2u-vwap_d = 2*(sd1u-vwap_d),2026-06-12,0.0,3d61b74d
vwap_d_sd2u-vwap_d = 2*(sd1u-vwap_d),2026-06-15,0.0,114b1ca4
vwap_d_sd2u-vwap_d = 2*(sd1u-vwap_d),2026-06-16,0.0,e7199bc7
vwap_d_sd2u-vwap_d = 2*(sd1u-vwap_d),2026-06-17,0.0,e7199bc7
vwap_d_sd2u-vwap_d = 2*(sd1u-vwap_d),2026-06-18,0.0,e7199bc7
vwap_d_sd2u-vwap_d = 2*(sd1u-vwap_d),2026-06-19,0.0,9238adc1
vwap_d_sd2u-vwap_d = 2*(sd1u-vwap_d),2026-06-21,0.0,9238adc1
vwap_d_sd2u-vwap_d = 2*(sd1u-vwap_d),2026-06-22,0.0,9238adc1
vwap_d_sd2u-vwap_d = 2*(sd1u-vwap_d),2026-06-23,0.0,9238adc1
vwap_d_sd2u-vwap_d = 2*(sd1u-vwap_d),2026-06-24,0.0,9238adc1
vwap_d_sd2u-vwap_d = 2*(sd1u-vwap_d),2026-06-25,0.0,9238adc1
vwap_d_sd2u-vwap_d = 2*(sd1u-vwap_d),2026-06-26,0.0,9238adc1
vwap_d_sd2u-vwap_d = 2*(sd1u-vwap_d),2026-06-28,0.0,944f7204
vwap_d_sd2u-vwap_d = 2*(sd1u-vwap_d),2026-06-29,0.0,944f7204
vwap_d_sd2u-vwap_d = 2*(sd1u-vwap_d),2026-06-30,0.0,944f7204
vwap_d_sd2u-vwap_d = 2*(sd1u-vwap_d),2026-07-01,0.0,944f7204
vwap_d_sd2u-vwap_d = 2*(sd1u-vwap_d),2026-07-02,0.0,944f7204
vwap_d_sd2u-vwap_d = 2*(sd1u-vwap_d),2026-07-03,0.0,0658f3c8
vwap_d_sd2u-vwap_d = 2*(sd1u-vwap_d),2026-07-05,0.0,13efb186
vwap_d_sd2u-vwap_d = 2*(sd1u-vwap_d),2026-07-06,0.0,13efb186
vwap_d_sd2u-vwap_d = 2*(sd1u-vwap_d),2026-07-07,0.0,13efb186
vwap_d_sd2u-vwap_d = 2*(sd1u-vwap_d),2026-07-08,0.0,13efb186
vwap_d_sd2u-vwap_d = 2*(sd1u-vwap_d),2026-07-09,0.0,13efb186
vwap_d_sd2u-vwap_d = 2*(sd1u-vwap_d),2026-07-10,0.0,13efb186
vwap_d_sd2u-vwap_d = 2*(sd1u-vwap_d),2026-07-12,0.0,13efb186
vwap_d_sd2u-vwap_d = 2*(sd1u-vwap_d),2026-07-13,0.0,13efb186
vwap_d_sd2u-vwap_d = 2*(sd1u-vwap_d),2026-07-14,0.0,13efb186
vwap_d_sd2u-vwap_d = 2*(sd1u-vwap_d),2026-07-15,0.0,13efb186
vwap_d_sd2u-vwap_d = 2*(sd1u-vwap_d),2026-07-16,0.0,13efb186
vwap_d_sd2u-vwap_d = 2*(sd1u-vwap_d),2026-07-17,0.0,f6003b62
vwap_d_sd2u-vwap_d = 2*(sd1u-vwap_d),2026-07-19,0.0,f6003b62
vwap_d_sd2u-vwap_d = 2*(sd1u-vwap_d),2026-07-20,0.0,f6003b62
vwap_d_sd2u-vwap_d = 2*(sd1u-vwap_d),2026-07-21,0.0,f6003b62
vwap_d_sd2u-vwap_d = 2*(sd1u-vwap_d),2026-07-22,0.0,ed53e566
vwap_d_sd2u-vwap_d = 2*(sd1u-vwap_d),2026-07-23,0.0,ed53e566
vwap_d_sd2u-vwap_d = 2*(sd1u-vwap_d),2026-07-24,0.0,ed53e566
vwap_d_sd2u-vwap_d = 2*(sd1u-vwap_d),2026-07-26,0.0,4981d53a
vwap_d_sd2u-vwap_d = 2*(sd1u-vwap_d),2026-07-27,0.0,4981d53a
vwap_d_sd2u-vwap_d = 2*(sd1u-vwap_d),2026-07-28,0.0,4981d53a
vwap_d_sd2u-vwap_d = 2*(sd1u-vwap_d),2026-07-29,0.0,4981d53a
vwap_d_sd2u-vwap_d = 2*(sd1u-vwap_d),2026-07-30,0.0,4981d53a
vwap_d_sd2u-vwap_d = 2*(sd1u-vwap_d),2026-07-31,0.0,4981d53a
vwap_d_sd2u-vwap_d = 2*(sd1u-vwap_d),2026-08-03,0.0,e9f2b72b
vwap_d_sd2u-vwap_d = 2*(sd1u-vwap_d),2026-08-04,0.0,1d20af93
vwap_d_sd2u-vwap_d = 2*(sd1u-vwap_d),2026-08-05,0.0,0e82f56e
vwap_d_sd2u-vwap_d = 2*(sd1u-vwap_d),2026-08-06,0.0,feec66f6
vwap_d_sd2u-vwap_d = 2*(sd1u-vwap_d),2026-08-07,0.0,287627ed
vwap_d_sd2u-vwap_d = 2*(sd1u-vwap_d),2026-08-09,0.0,43f2daf5
vwap_d_sd2u-vwap_d = 2*(sd1u-vwap_d),2026-08-10,0.0,78177655
vwap_d_sd2u-vwap_d = 2*(sd1u-vwap_d),2026-08-11,0.0,78177655
vwap_d_sd2u-vwap_d = 2*(sd1u-vwap_d),2026-08-12,0.0,78177655
vwap_d_sd2u-vwap_d = 2*(sd1u-vwap_d),2026-08-13,0.0,78177655
vwap_d_sd2u-vwap_d = 2*(sd1u-vwap_d),2026-08-14,0.0,78177655
vwap_d_sd2u-vwap_d = 2*(sd1u-vwap_d),2026-08-16,0.0,605df903
vwap_d_sd2u-vwap_d = 2*(sd1u-vwap_d),2026-08-17,0.0,605df903
vwap_d_sd2u-vwap_d = 2*(sd1u-vwap_d),2026-08-18,0.0,605df903
vwap_d_sd2u-vwap_d = 2*(sd1u-vwap_d),2026-08-19,0.0,605df903
vwap_d_sd2u-vwap_d = 2*(sd1u-vwap_d),2026-08-20,0.0,605df903
vwap_d_sd2u-vwap_d = 2*(sd1u-vwap_d),2026-08-21,0.0,605df903
vwap_d_sd2u-vwap_d = 2*(sd1u-vwap_d),2026-08-23,0.0,605df903
vwap_d_sd2u-vwap_d = 2*(sd1u-vwap_d),2026-08-24,0.0,605df903
vwap_d_sd2u-vwap_d = 2*(sd1u-vwap_d),2026-08-25,0.0,605df903
vwap_d_sd2u-vwap_d = 2*(sd1u-vwap_d),2026-08-26,0.0,605df903
vwap_d_sd2u-vwap_d = 2*(sd1u-vwap_d),2026-08-27,0.0,605df903
vwap_d_sd2u-vwap_d = 2*(sd1u-vwap_d),2026-08-28,0.0,605df903
vwap_d_sd2u-vwap_d = 2*(sd1u-vwap_d),2026-08-30,0.0,605df903
vwap_d_sd2u-vwap_d = 2*(sd1u-vwap_d),2026-08-31,0.0,605df903
vwap_d_sd2u-vwap_d = 2*(sd1u-vwap_d),2026-09-01,0.0,605df903
vwap_d_sd2u-vwap_d = 2*(sd1u-vwap_d),2026-09-02,0.0,605df903
vwap_d_sd2u-vwap_d = 2*(sd1u-vwap_d),2026-09-03,0.0,605df903
vwap_d_sd2u-vwap_d = 2*(sd1u-vwap_d),2026-09-04,0.0,605df903
sess_high >= high (monotone),2026-06-11,0.0,c43dc080
sess_high >= high (monotone),2026-06-12,0.0,3d61b74d
sess_high >= high (monotone),2026-06-15,0.0,114b1ca4
sess_high >= high (monotone),2026-06-16,0.0,e7199bc7
sess_high >= high (monotone),2026-06-17,0.0,e7199bc7
sess_high >= high (monotone),2026-06-18,0.0,e7199bc7
sess_high >= high (monotone),2026-06-19,0.0,9238adc1
sess_high >= high (monotone),2026-06-21,0.0,9238adc1
sess_high >= high (monotone),2026-06-22,0.0,9238adc1
sess_high >= high (monotone),2026-06-23,0.0,9238adc1
sess_high >= high (monotone),2026-06-24,0.0,9238adc1
sess_high >= high (monotone),2026-06-25,0.0,9238adc1
sess_high >= high (monotone),2026-06-26,0.0,9238adc1
sess_high >= high (monotone),2026-06-28,0.0,944f7204
sess_high >= high (monotone),2026-06-29,0.0,944f7204
sess_high >= high (monotone),2026-06-30,0.0,944f7204
sess_high >= high (monotone),2026-07-01,0.0,944f7204
sess_high >= high (monotone),2026-07-02,0.0,944f7204
sess_high >= high (monotone),2026-07-03,0.0,0658f3c8
sess_high >= high (monotone),2026-07-05,0.0,13efb186
sess_high >= high (monotone),2026-07-06,0.0,13efb186
sess_high >= high (monotone),2026-07-07,0.0,13efb186
sess_high >= high (monotone),2026-07-08,0.0,13efb186
sess_high >= high (monotone),2026-07-09,0.0,13efb186
sess_high >= high (monotone),2026-07-10,0.0,13efb186
sess_high >= high (monotone),2026-07-12,0.0,13efb186
sess_high >= high (monotone),2026-07-13,0.0,13efb186
sess_high >= high (monotone),2026-07-14,0.0,13efb186
sess_high >= high (monotone),2026-07-15,0.0,13efb186
sess_high >= high (monotone),2026-07-16,0.0,13efb186
sess_high >= high (monotone),2026-07-17,0.0,f6003b62
sess_high >= high (monotone),2026-07-19,0.0,f6003b62
sess_high >= high (monotone),2026-07-20,0.0,f6003b62
sess_high >= high (monotone),2026-07-21,0.0,f6003b62
sess_high >= high (monotone),2026-07-22,0.0,ed53e566
sess_high >= high (monotone),2026-07-23,0.0,ed53e566
sess_high >= high (monotone),2026-07-24,0.0,ed53e566
sess_high >= high (monotone),2026-07-26,0.0,4981d53a
sess_high >= high (monotone),2026-07-27,0.0,4981d53a
sess_high >= high (monotone),2026-07-28,0.0,4981d53a
sess_high >= high (monotone),2026-07-29,0.0,4981d53a
sess_high >= high (monotone),2026-07-30,0.0,4981d53a
sess_high >= high (monotone),2026-07-31,0.0,4981d53a
sess_high >= high (monotone),2026-08-03,0.0,e9f2b72b
sess_high >= high (monotone),2026-08-04,0.0,1d20af93
sess_high >= high (monotone),2026-08-05,0.0,0e82f56e
sess_high >= high (monotone),2026-08-06,0.0,feec66f6
sess_high >= high (monotone),2026-08-07,0.0,287627ed
sess_high >= high (monotone),2026-08-09,0.0,43f2daf5
sess_high >= high (monotone),2026-08-10,0.0,78177655
sess_high >= high (monotone),2026-08-11,0.0,78177655
sess_high >= high (monotone),2026-08-12,0.0,78177655
sess_high >= high (monotone),2026-08-13,0.0,78177655
sess_high >= high (monotone),2026-08-14,0.0,78177655
sess_high >= high (monotone),2026-08-16,0.0,605df903
sess_high >= high (monotone),2026-08-17,0.0,605df903
sess_high >= high (monotone),2026-08-18,0.0,605df903
sess_high >= high (monotone),2026-08-19,0.0,605df903
sess_high >= high (monotone),2026-08-20,0.0,605df903
sess_high >= high (monotone),2026-08-21,0.0,605df903
sess_high >= high (monotone),2026-08-23,0.0,605df903
sess_high >= high (monotone),2026-08-24,0.0,605df903
sess_high >= high (monotone),2026-08-25,0.0,605df903
sess_high >= high (monotone),2026-08-26,0.0,605df903
sess_high >= high (monotone),2026-08-27,0.0,605df903
sess_high >= high (monotone),2026-08-28,0.0,605df903
sess_high >= high (monotone),2026-08-30,0.0,605df903
sess_high >= high (monotone),2026-08-31,0.0,605df903
sess_high >= high (monotone),2026-09-01,0.0,605df903
sess_high >= high (monotone),2026-09-02,0.0,605df903
sess_high >= high (monotone),2026-09-03,0.0,605df903
sess_high >= high (monotone),2026-09-04,0.0,605df903
sess_low <= low,2026-06-11,0.0,c43dc080
sess_low <= low,2026-06-12,0.0,3d61b74d
sess_low <= low,2026-06-15,0.0,114b1ca4
sess_low <= low,2026-06-16,0.0,e7199bc7
sess_low <= low,2026-06-17,0.0,e7199bc7
sess_low <= low,2026-06-18,0.0,e7199bc7
sess_low <= low,2026-06-19,0.0,9238adc1
sess_low <= low,2026-06-21,0.0,9238adc1
sess_low <= low,2026-06-22,0.0,9238adc1
sess_low <= low,2026-06-23,0.0,9238adc1
sess_low <= low,2026-06-24,0.0,9238adc1
sess_low <= low,2026-06-25,0.0,9238adc1
sess_low <= low,2026-06-26,0.0,9238adc1
sess_low <= low,2026-06-28,0.0,944f7204
sess_low <= low,2026-06-29,0.0,944f7204
sess_low <= low,2026-06-30,0.0,944f7204
sess_low <= low,2026-07-01,0.0,944f7204
sess_low <= low,2026-07-02,0.0,944f7204
sess_low <= low,2026-07-03,0.0,0658f3c8
sess_low <= low,2026-07-05,0.0,13efb186
sess_low <= low,2026-07-06,0.0,13efb186
sess_low <= low,2026-07-07,0.0,13efb186
sess_low <= low,2026-07-08,0.0,13efb186
sess_low <= low,2026-07-09,0.0,13efb186
sess_low <= low,2026-07-10,0.0,13efb186
sess_low <= low,2026-07-12,0.0,13efb186
sess_low <= low,2026-07-13,0.0,13efb186
sess_low <= low,2026-07-14,0.0,13efb186
sess_low <= low,2026-07-15,0.0,13efb186
sess_low <= low,2026-07-16,0.0,13efb186
sess_low <= low,2026-07-17,0.0,f6003b62
sess_low <= low,2026-07-19,0.0,f6003b62
sess_low <= low,2026-07-20,0.0,f6003b62
sess_low <= low,2026-07-21,0.0,f6003b62
sess_low <= low,2026-07-22,0.0,ed53e566
sess_low <= low,2026-07-23,0.0,ed53e566
sess_low <= low,2026-07-24,0.0,ed53e566
sess_low <= low,2026-07-26,0.0,4981d53a
sess_low <= low,2026-07-27,0.0,4981d53a
sess_low <= low,2026-07-28,0.0,4981d53a
sess_low <= low,2026-07-29,0.0,4981d53a
sess_low <= low,2026-07-30,0.0,4981d53a
sess_low <= low,2026-07-31,0.0,4981d53a
sess_low <= low,2026-08-03,0.0,e9f2b72b
sess_low <= low,2026-08-04,0.0,1d20af93
sess_low <= low,2026-08-05,0.0,0e82f56e
sess_low <= low,2026-08-06,0.0,feec66f6
sess_low <= low,2026-08-07,0.0,287627ed
sess_low <= low,2026-08-09,0.0,43f2daf5
sess_low <= low,2026-08-10,0.0,78177655
sess_low <= low,2026-08-11,0.0,78177655
sess_low <= low,2026-08-12,0.0,78177655
sess_low <= low,2026-08-13,0.0,78177655
sess_low <= low,2026-08-14,0.0,78177655
sess_low <= low,2026-08-16,0.0,605df903
sess_low <= low,2026-08-17,0.0,605df903
sess_low <= low,2026-08-18,0.0,605df903
sess_low <= low,2026-08-19,0.0,605df903
sess_low <= low,2026-08-20,0.0,605df903
sess_low <= low,2026-08-21,0.0,605df903
sess_low <= low,2026-08-23,0.0,605df903
sess_low <= low,2026-08-24,0.0,605df903
sess_low <= low,2026-08-25,0.0,605df903
sess_low <= low,2026-08-26,0.0,605df903
sess_low <= low,2026-08-27,0.0,605df903
sess_low <= low,2026-08-28,0.0,605df903
sess_low <= low,2026-08-30,0.0,605df903
sess_low <= low,2026-08-31,0.0,605df903
sess_low <= low,2026-09-01,0.0,605df903
sess_low <= low,2026-09-02,0.0,605df903
sess_low <= low,2026-09-03,0.0,605df903
sess_low <= low,2026-09-04,0.0,605df903
ib_range_ticks = (ib_high-ib_low)/tick,2026-06-11,0.0,c43dc080
ib_range_ticks = (ib_high-ib_low)/tick,2026-06-12,0.0,3d61b74d
ib_range_ticks = (ib_high-ib_low)/tick,2026-06-15,0.0,114b1ca4
ib_range_ticks = (ib_high-ib_low)/tick,2026-06-16,0.0,e7199bc7
ib_range_ticks = (ib_high-ib_low)/tick,2026-06-17,0.0,e7199bc7
ib_range_ticks = (ib_high-ib_low)/tick,2026-06-18,0.0,e7199bc7
ib_range_ticks = (ib_high-ib_low)/tick,2026-06-19,0.0,9238adc1
ib_range_ticks = (ib_high-ib_low)/tick,2026-06-22,0.0,9238adc1
ib_range_ticks = (ib_high-ib_low)/tick,2026-06-23,0.0,9238adc1
ib_range_ticks = (ib_high-ib_low)/tick,2026-06-25,0.0,9238adc1
ib_range_ticks = (ib_high-ib_low)/tick,2026-06-26,0.0,9238adc1
ib_range_ticks = (ib_high-ib_low)/tick,2026-06-29,0.0,944f7204
ib_range_ticks = (ib_high-ib_low)/tick,2026-06-30,0.0,944f7204
ib_range_ticks = (ib_high-ib_low)/tick,2026-07-01,0.0,944f7204
ib_range_ticks = (ib_high-ib_low)/tick,2026-07-02,0.0,944f7204
ib_range_ticks = (ib_high-ib_low)/tick,2026-07-03,0.0,0658f3c8
ib_range_ticks = (ib_high-ib_low)/tick,2026-07-06,0.0,13efb186
ib_range_ticks = (ib_high-ib_low)/tick,2026-07-07,0.0,13efb186
ib_range_ticks = (ib_high-ib_low)/tick,2026-07-08,0.0,13efb186
ib_range_ticks = (ib_high-ib_low)/tick,2026-07-09,0.0,13efb186
ib_range_ticks = (ib_high-ib_low)/tick,2026-07-10,0.0,13efb186
ib_range_ticks = (ib_high-ib_low)/tick,2026-07-13,0.0,13efb186
ib_range_ticks = (ib_high-ib_low)/tick,2026-07-14,0.0,13efb186
ib_range_ticks = (ib_high-ib_low)/tick,2026-07-15,0.0,13efb186
ib_range_ticks = (ib_high-ib_low)/tick,2026-07-16,0.0,13efb186
ib_range_ticks = (ib_high-ib_low)/tick,2026-07-17,0.0,f6003b62
ib_range_ticks = (ib_high-ib_low)/tick,2026-07-20,0.0,f6003b62
ib_range_ticks = (ib_high-ib_low)/tick,2026-07-21,0.0,f6003b62
ib_range_ticks = (ib_high-ib_low)/tick,2026-07-22,0.0,ed53e566
ib_range_ticks = (ib_high-ib_low)/tick,2026-07-23,0.0,ed53e566
ib_range_ticks = (ib_high-ib_low)/tick,2026-07-24,0.0,ed53e566
ib_range_ticks = (ib_high-ib_low)/tick,2026-07-27,0.0,4981d53a
ib_range_ticks = (ib_high-ib_low)/tick,2026-07-28,0.0,4981d53a
ib_range_ticks = (ib_high-ib_low)/tick,2026-07-29,0.0,4981d53a
ib_range_ticks = (ib_high-ib_low)/tick,2026-07-30,0.0,4981d53a
ib_range_ticks = (ib_high-ib_low)/tick,2026-07-31,0.0,4981d53a
ib_range_ticks = (ib_high-ib_low)/tick,2026-08-03,0.0,e9f2b72b
ib_range_ticks = (ib_high-ib_low)/tick,2026-08-04,0.0,1d20af93
ib_range_ticks = (ib_high-ib_low)/tick,2026-08-05,0.0,0e82f56e
ib_range_ticks = (ib_high-ib_low)/tick,2026-08-06,0.0,feec66f6
ib_range_ticks = (ib_high-ib_low)/tick,2026-08-07,0.0,287627ed
ib_range_ticks = (ib_high-ib_low)/tick,2026-08-10,0.0,78177655
ib_range_ticks = (ib_high-ib_low)/tick,2026-08-11,0.0,78177655
ib_range_ticks = (ib_high-ib_low)/tick,2026-08-12,0.0,78177655
ib_range_ticks = (ib_high-ib_low)/tick,2026-08-13,0.0,78177655
ib_range_ticks = (ib_high-ib_low)/tick,2026-08-14,0.0,78177655
ib_range_ticks = (ib_high-ib_low)/tick,2026-08-17,0.0,605df903
ib_range_ticks = (ib_high-ib_low)/tick,2026-08-18,0.0,605df903
ib_range_ticks = (ib_high-ib_low)/tick,2026-08-19,0.0,605df903
ib_range_ticks = (ib_high-ib_low)/tick,2026-08-20,0.0,605df903
ib_range_ticks = (ib_high-ib_low)/tick,2026-08-21,0.0,605df903
ib_range_ticks = (ib_high-ib_low)/tick,2026-08-24,0.0,605df903
ib_range_ticks = (ib_high-ib_low)/tick,2026-08-25,0.0,605df903
ib_range_ticks = (ib_high-ib_low)/tick,2026-08-26,0.0,605df903
ib_range_ticks = (ib_high-ib_low)/tick,2026-08-27,0.0,605df903
ib_range_ticks = (ib_high-ib_low)/tick,2026-08-28,0.0,605df903
ib_range_ticks = (ib_high-ib_low)/tick,2026-08-31,0.0,605df903
ib_range_ticks = (ib_high-ib_low)/tick,2026-09-01,0.0,605df903
ib_range_ticks = (ib_high-ib_low)/tick,2026-09-02,0.0,605df903
ib_range_ticks = (ib_high-ib_low)/tick,2026-09-03,0.0,605df903
ib_range constante apres IB (par jour),2026-06-11,0.0,c43dc080
ib_range constante apres IB (par jour),2026-06-12,0.7204,3d61b74d
ib_range constante apres IB (par jour),2026-06-15,0.0,114b1ca4
ib_range constante apres IB (par jour),2026-06-16,0.0,e7199bc7
ib_range constante apres IB (par jour),2026-06-17,0.0,e7199bc7
ib_range constante apres IB (par jour),2026-06-18,0.0,e7199bc7
ib_range constante apres IB (par jour),2026-06-19,0.0,9238adc1
ib_range constante apres IB (par jour),2026-06-22,0.0,9238adc1
ib_range constante apres IB (par jour),2026-06-23,0.0,9238adc1
ib_range constante apres IB (par jour),2026-06-25,0.0,9238adc1
ib_range constante apres IB (par jour),2026-06-26,0.0,9238adc1
ib_range constante apres IB (par jour),2026-06-29,0.0,944f7204
ib_range constante apres IB (par jour),2026-06-30,0.0,944f7204
ib_range constante apres IB (par jour),2026-07-01,0.0,944f7204
ib_range constante apres IB (par jour),2026-07-02,0.0,944f7204
ib_range constante apres IB (par jour),2026-07-03,0.0,0658f3c8
ib_range constante apres IB (par jour),2026-07-06,0.0,13efb186
ib_range constante apres IB (par jour),2026-07-07,0.0,13efb186
ib_range constante apres IB (par jour),2026-07-08,0.0,13efb186
ib_range constante apres IB (par jour),2026-07-09,0.0,13efb186
ib_range constante apres IB (par jour),2026-07-10,0.0,13efb186
ib_range constante apres IB (par jour),2026-07-13,0.0,13efb186
ib_range constante apres IB (par jour),2026-07-14,0.0,13efb186
ib_range constante apres IB (par jour),2026-07-15,0.0,13efb186
ib_range constante apres IB (par jour),2026-07-16,0.0,13efb186
ib_range constante apres IB (par jour),2026-07-17,0.0,f6003b62
ib_range constante apres IB (par jour),2026-07-20,0.0,f6003b62
ib_range constante apres IB (par jour),2026-07-21,0.0,f6003b62
ib_range constante apres IB (par jour),2026-07-22,0.0,ed53e566
ib_range constante apres IB (par jour),2026-07-23,0.0,ed53e566
ib_range constante apres IB (par jour),2026-07-24,0.0,ed53e566
ib_range constante apres IB (par jour),2026-07-27,0.0,4981d53a
ib_range constante apres IB (par jour),2026-07-28,0.0,4981d53a
ib_range constante apres IB (par jour),2026-07-29,0.0,4981d53a
ib_range constante apres IB (par jour),2026-07-30,0.0,4981d53a
ib_range constante apres IB (par jour),2026-07-31,0.0,4981d53a
ib_range constante apres IB (par jour),2026-08-03,0.0,e9f2b72b
ib_range constante apres IB (par jour),2026-08-04,0.0,1d20af93
ib_range constante apres IB (par jour),2026-08-05,0.0,0e82f56e
ib_range constante apres IB (par jour),2026-08-06,0.0,feec66f6
ib_range constante apres IB (par jour),2026-08-07,0.0,287627ed
ib_range constante apres IB (par jour),2026-08-10,0.0,78177655
ib_range constante apres IB (par jour),2026-08-11,0.0,78177655
ib_range constante apres IB (par jour),2026-08-12,0.0,78177655
ib_range constante apres IB (par jour),2026-08-13,0.0,78177655
ib_range constante apres IB (par jour),2026-08-14,0.0,78177655
ib_range constante apres IB (par jour),2026-08-17,0.0,605df903
ib_range constante apres IB (par jour),2026-08-18,0.0,605df903
ib_range constante apres IB (par jour),2026-08-19,0.0,605df903
ib_range constante apres IB (par jour),2026-08-20,0.0,605df903
ib_range constante apres IB (par jour),2026-08-21,0.0,605df903
ib_range constante apres IB (par jour),2026-08-24,0.0,605df903
ib_range constante apres IB (par jour),2026-08-25,0.0,605df903
ib_range constante apres IB (par jour),2026-08-26,0.0,605df903
ib_range constante apres IB (par jour),2026-08-27,0.0,605df903
ib_range constante apres IB (par jour),2026-08-28,0.0,605df903
ib_range constante apres IB (par jour),2026-08-31,0.0,605df903
ib_range constante apres IB (par jour),2026-09-01,0.0,605df903
ib_range constante apres IB (par jour),2026-09-02,0.0,605df903
ib_range constante apres IB (par jour),2026-09-03,0.0,605df903
ib_range_atr = ib_range_ticks*tick/atr_14m,2026-06-10,0.9666,None
ib_range_atr = ib_range_ticks*tick/atr_14m,2026-06-11,0.8997,c43dc080
ib_range_atr = ib_range_ticks*tick/atr_14m,2026-06-12,0.9325,3d61b74d
ib_range_atr = ib_range_ticks*tick/atr_14m,2026-06-15,1.0,114b1ca4
ib_range_atr = ib_range_ticks*tick/atr_14m,2026-06-16,1.0,e7199bc7
ib_range_atr = ib_range_ticks*tick/atr_14m,2026-06-17,0.8055,e7199bc7
ib_range_atr = ib_range_ticks*tick/atr_14m,2026-06-18,1.0,e7199bc7
ib_range_atr = ib_range_ticks*tick/atr_14m,2026-06-19,1.0,9238adc1
ib_range_atr = ib_range_ticks*tick/atr_14m,2026-06-22,1.0,9238adc1
ib_range_atr = ib_range_ticks*tick/atr_14m,2026-06-23,1.0,9238adc1
ib_range_atr = ib_range_ticks*tick/atr_14m,2026-06-25,0.9958,9238adc1
ib_range_atr = ib_range_ticks*tick/atr_14m,2026-06-26,1.0,9238adc1
ib_range_atr = ib_range_ticks*tick/atr_14m,2026-06-29,1.0,944f7204
ib_range_atr = ib_range_ticks*tick/atr_14m,2026-06-30,1.0,944f7204
ib_range_atr = ib_range_ticks*tick/atr_14m,2026-07-01,1.0,944f7204
ib_range_atr = ib_range_ticks*tick/atr_14m,2026-07-02,0.9696,944f7204
ib_range_atr = ib_range_ticks*tick/atr_14m,2026-07-03,1.0,0658f3c8
ib_range_atr = ib_range_ticks*tick/atr_14m,2026-07-06,1.0,13efb186
ib_range_atr = ib_range_ticks*tick/atr_14m,2026-07-07,1.0,13efb186
ib_range_atr = ib_range_ticks*tick/atr_14m,2026-07-08,1.0,13efb186
ib_range_atr = ib_range_ticks*tick/atr_14m,2026-07-09,1.0,13efb186
ib_range_atr = ib_range_ticks*tick/atr_14m,2026-07-10,0.9909,13efb186
ib_range_atr = ib_range_ticks*tick/atr_14m,2026-07-13,1.0,13efb186
ib_range_atr = ib_range_ticks*tick/atr_14m,2026-07-14,0.9878,13efb186
ib_range_atr = ib_range_ticks*tick/atr_14m,2026-07-15,1.0,13efb186
ib_range_atr = ib_range_ticks*tick/atr_14m,2026-07-16,1.0,13efb186
ib_range_atr = ib_range_ticks*tick/atr_14m,2026-07-17,1.0,f6003b62
ib_range_atr = ib_range_ticks*tick/atr_14m,2026-07-20,1.0,f6003b62
ib_range_atr = ib_range_ticks*tick/atr_14m,2026-07-21,1.0,f6003b62
ib_range_atr = ib_range_ticks*tick/atr_14m,2026-07-22,1.0,ed53e566
ib_range_atr = ib_range_ticks*tick/atr_14m,2026-07-23,0.9605,ed53e566
ib_range_atr = ib_range_ticks*tick/atr_14m,2026-07-24,0.9939,ed53e566
ib_range_atr = ib_range_ticks*tick/atr_14m,2026-07-27,0.9818,4981d53a
ib_range_atr = ib_range_ticks*tick/atr_14m,2026-07-28,0.9818,4981d53a
ib_range_atr = ib_range_ticks*tick/atr_14m,2026-07-29,0.9271,4981d53a
ib_range_atr = ib_range_ticks*tick/atr_14m,2026-07-30,1.0,4981d53a
ib_range_atr = ib_range_ticks*tick/atr_14m,2026-07-31,0.9939,4981d53a
ib_range_atr = ib_range_ticks*tick/atr_14m,2026-08-03,1.0,e9f2b72b
ib_range_atr = ib_range_ticks*tick/atr_14m,2026-08-04,1.0,1d20af93
ib_range_atr = ib_range_ticks*tick/atr_14m,2026-08-05,1.0,0e82f56e
ib_range_atr = ib_range_ticks*tick/atr_14m,2026-08-06,1.0,feec66f6
ib_range_atr = ib_range_ticks*tick/atr_14m,2026-08-07,1.0,287627ed
ib_range_atr = ib_range_ticks*tick/atr_14m,2026-08-10,1.0,78177655
ib_range_atr = ib_range_ticks*tick/atr_14m,2026-08-11,1.0,78177655
ib_range_atr = ib_range_ticks*tick/atr_14m,2026-08-12,1.0,78177655
ib_range_atr = ib_range_ticks*tick/atr_14m,2026-08-13,1.0,78177655
ib_range_atr = ib_range_ticks*tick/atr_14m,2026-08-14,1.0,78177655
ib_range_atr = ib_range_ticks*tick/atr_14m,2026-08-17,1.0,605df903
ib_range_atr = ib_range_ticks*tick/atr_14m,2026-08-18,1.0,605df903
ib_range_atr = ib_range_ticks*tick/atr_14m,2026-08-19,0.9939,605df903
ib_range_atr = ib_range_ticks*tick/atr_14m,2026-08-20,0.9726,605df903
ib_range_atr = ib_range_ticks*tick/atr_14m,2026-08-21,1.0,605df903
ib_range_atr = ib_range_ticks*tick/atr_14m,2026-08-24,1.0,605df903
ib_range_atr = ib_range_ticks*tick/atr_14m,2026-08-25,0.9787,605df903
ib_range_atr = ib_range_ticks*tick/atr_14m,2026-08-26,1.0,605df903
ib_range_atr = ib_range_ticks*tick/atr_14m,2026-08-27,0.9818,605df903
ib_range_atr = ib_range_ticks*tick/atr_14m,2026-08-28,0.9362,605df903
ib_range_atr = ib_range_ticks*tick/atr_14m,2026-08-31,1.0,605df903
ib_range_atr = ib_range_ticks*tick/atr_14m,2026-09-01,1.0,605df903
ib_range_atr = ib_range_ticks*tick/atr_14m,2026-09-02,1.0,605df903
ib_range_atr = ib_range_ticks*tick/atr_14m,2026-09-03,0.9635,605df903
pdh = max(high) session Sierra precedente,2026-06-11,0.0,c43dc080
pdh = max(high) session Sierra precedente,2026-06-12,0.2574,3d61b74d
pdh = max(high) session Sierra precedente,2026-06-15,0.9138,114b1ca4
pdh = max(high) session Sierra precedente,2026-06-16,0.0007,e7199bc7
pdh = max(high) session Sierra precedente,2026-06-17,0.0007,e7199bc7
pdh = max(high) session Sierra precedente,2026-06-18,0.4601,e7199bc7
pdh = max(high) session Sierra precedente,2026-06-19,0.0,9238adc1
pdh = max(high) session Sierra precedente,2026-06-21,1.0,9238adc1
pdh = max(high) session Sierra precedente,2026-06-22,0.9138,9238adc1
pdh = max(high) session Sierra precedente,2026-06-23,0.0007,9238adc1
pdh = max(high) session Sierra precedente,2026-06-24,0.0,9238adc1
pdh = max(high) session Sierra precedente,2026-06-25,1.0,9238adc1
pdh = max(high) session Sierra precedente,2026-06-26,0.0,9238adc1
pdh = max(high) session Sierra precedente,2026-06-28,1.0,944f7204
pdh = max(high) session Sierra precedente,2026-06-29,0.9138,944f7204
pdh = max(high) session Sierra precedente,2026-06-30,0.0,944f7204
pdh = max(high) session Sierra precedente,2026-07-01,0.9138,944f7204
pdh = max(high) session Sierra precedente,2026-07-02,0.087,944f7204
pdh = max(high) session Sierra precedente,2026-07-03,0.528,0658f3c8
pdh = max(high) session Sierra precedente,2026-07-05,0.9917,13efb186
pdh = max(high) session Sierra precedente,2026-07-06,0.9138,13efb186
pdh = max(high) session Sierra precedente,2026-07-07,0.0007,13efb186
pdh = max(high) session Sierra precedente,2026-07-08,0.0007,13efb186
pdh = max(high) session Sierra precedente,2026-07-09,0.0007,13efb186
pdh = max(high) session Sierra precedente,2026-07-10,0.0,13efb186
pdh = max(high) session Sierra precedente,2026-07-12,0.9917,13efb186
pdh = max(high) session Sierra precedente,2026-07-13,0.9138,13efb186
pdh = max(high) session Sierra precedente,2026-07-14,0.0007,13efb186
pdh = max(high) session Sierra precedente,2026-07-15,0.0007,13efb186
pdh = max(high) session Sierra precedente,2026-07-16,0.087,13efb186
pdh = max(high) session Sierra precedente,2026-07-17,1.0,f6003b62
pdh = max(high) session Sierra precedente,2026-07-19,0.9917,f6003b62
pdh = max(high) session Sierra precedente,2026-07-20,0.9138,f6003b62
pdh = max(high) session Sierra precedente,2026-07-21,0.0007,f6003b62
pdh = max(high) session Sierra precedente,2026-07-22,0.0007,ed53e566
pdh = max(high) session Sierra precedente,2026-07-23,0.0007,ed53e566
pdh = max(high) session Sierra precedente,2026-07-24,0.0,ed53e566
pdh = max(high) session Sierra precedente,2026-07-26,1.0,4981d53a
pdh = max(high) session Sierra precedente,2026-07-27,0.9138,4981d53a
pdh = max(high) session Sierra precedente,2026-07-28,0.087,4981d53a
pdh = max(high) session Sierra precedente,2026-07-29,0.9138,4981d53a
pdh = max(high) session Sierra precedente,2026-07-30,0.0007,4981d53a
pdh = max(high) session Sierra precedente,2026-07-31,0.0,4981d53a
pdh = max(high) session Sierra precedente,2026-08-03,0.0026,e9f2b72b
pdh = max(high) session Sierra precedente,2026-08-04,0.0007,1d20af93
pdh = max(high) session Sierra precedente,2026-08-05,0.0007,0e82f56e
pdh = max(high) session Sierra precedente,2026-08-06,0.0007,feec66f6
pdh = max(high) session Sierra precedente,2026-08-07,0.0,287627ed
pdh = max(high) session Sierra precedente,2026-08-09,1.0,43f2daf5
pdh = max(high) session Sierra precedente,2026-08-10,0.8013,78177655
pdh = max(high) session Sierra precedente,2026-08-11,0.0007,78177655
pdh = max(high) session Sierra precedente,2026-08-12,0.0007,78177655
pdh = max(high) session Sierra precedente,2026-08-13,0.0007,78177655
pdh = max(high) session Sierra precedente,2026-08-14,0.0,78177655
pdh = max(high) session Sierra precedente,2026-08-16,0.9917,605df903
pdh = max(high) session Sierra precedente,2026-08-17,0.9138,605df903
pdh = max(high) session Sierra precedente,2026-08-18,0.0007,605df903
pdh = max(high) session Sierra precedente,2026-08-19,0.0007,605df903
pdh = max(high) session Sierra precedente,2026-08-20,0.0007,605df903
pdh = max(high) session Sierra precedente,2026-08-21,0.0,605df903
pdh = max(high) session Sierra precedente,2026-08-23,0.9917,605df903
pdh = max(high) session Sierra precedente,2026-08-24,0.9138,605df903
pdh = max(high) session Sierra precedente,2026-08-25,0.0007,605df903
pdh = max(high) session Sierra precedente,2026-08-26,0.087,605df903
pdh = max(high) session Sierra precedente,2026-08-27,0.9138,605df903
pdh = max(high) session Sierra precedente,2026-08-28,0.0,605df903
pdh = max(high) session Sierra precedente,2026-08-30,0.9917,605df903
pdh = max(high) session Sierra precedente,2026-08-31,0.9993,605df903
pdh = max(high) session Sierra precedente,2026-09-01,0.9136,605df903
pdh = max(high) session Sierra precedente,2026-09-02,0.0007,605df903
pdh = max(high) session Sierra precedente,2026-09-03,0.0007,605df903
pdh = max(high) session Sierra precedente,2026-09-04,0.0,605df903
pdl = min(low) session Sierra precedente,2026-06-11,1.0,c43dc080
pdl = min(low) session Sierra precedente,2026-06-12,1.0,3d61b74d
pdl = min(low) session Sierra precedente,2026-06-15,1.0,114b1ca4
pdl = min(low) session Sierra precedente,2026-06-16,0.9138,e7199bc7
pdl = min(low) session Sierra precedente,2026-06-17,0.0007,e7199bc7
pdl = min(low) session Sierra precedente,2026-06-18,0.087,e7199bc7
pdl = min(low) session Sierra precedente,2026-06-19,1.0,9238adc1
pdl = min(low) session Sierra precedente,2026-06-21,0.9917,9238adc1
pdl = min(low) session Sierra precedente,2026-06-22,0.9138,9238adc1
pdl = min(low) session Sierra precedente,2026-06-23,0.0007,9238adc1
pdl = min(low) session Sierra precedente,2026-06-24,0.0,9238adc1
pdl = min(low) session Sierra precedente,2026-06-25,1.0,9238adc1
pdl = min(low) session Sierra precedente,2026-06-26,0.0,9238adc1
pdl = min(low) session Sierra precedente,2026-06-28,1.0,944f7204
pdl = min(low) session Sierra precedente,2026-06-29,0.9138,944f7204
pdl = min(low) session Sierra precedente,2026-06-30,0.0,944f7204
pdl = min(low) session Sierra precedente,2026-07-01,0.0007,944f7204
pdl = min(low) session Sierra precedente,2026-07-02,0.0007,944f7204
pdl = min(low) session Sierra precedente,2026-07-03,0.0,0658f3c8
pdl = min(low) session Sierra precedente,2026-07-05,1.0,13efb186
pdl = min(low) session Sierra precedente,2026-07-06,0.9138,13efb186
pdl = min(low) session Sierra precedente,2026-07-07,0.0007,13efb186
pdl = min(low) session Sierra precedente,2026-07-08,0.0007,13efb186
pdl = min(low) session Sierra precedente,2026-07-09,0.0007,13efb186
pdl = min(low) session Sierra precedente,2026-07-10,0.0,13efb186
pdl = min(low) session Sierra precedente,2026-07-12,0.9917,13efb186
pdl = min(low) session Sierra precedente,2026-07-13,0.9138,13efb186
pdl = min(low) session Sierra precedente,2026-07-14,0.0007,13efb186
pdl = min(low) session Sierra precedente,2026-07-15,0.0007,13efb186
pdl = min(low) session Sierra precedente,2026-07-16,0.0007,13efb186
pdl = min(low) session Sierra precedente,2026-07-17,0.0,f6003b62
pdl = min(low) session Sierra precedente,2026-07-19,0.9917,f6003b62
pdl = min(low) session Sierra precedente,2026-07-20,0.9138,f6003b62
pdl = min(low) session Sierra precedente,2026-07-21,0.087,f6003b62
pdl = min(low) session Sierra precedente,2026-07-22,0.9138,ed53e566
pdl = min(low) session Sierra precedente,2026-07-23,0.0007,ed53e566
pdl = min(low) session Sierra precedente,2026-07-24,0.0,ed53e566
pdl = min(low) session Sierra precedente,2026-07-26,0.9917,4981d53a
pdl = min(low) session Sierra precedente,2026-07-27,0.9138,4981d53a
pdl = min(low) session Sierra precedente,2026-07-28,0.0007,4981d53a
pdl = min(low) session Sierra precedente,2026-07-29,0.0007,4981d53a
pdl = min(low) session Sierra precedente,2026-07-30,0.0862,4981d53a
pdl = min(low) session Sierra precedente,2026-07-31,1.0,4981d53a
pdl = min(low) session Sierra precedente,2026-08-03,0.0026,e9f2b72b
pdl = min(low) session Sierra precedente,2026-08-04,0.087,1d20af93
pdl = min(low) session Sierra precedente,2026-08-05,0.6232,0e82f56e
pdl = min(low) session Sierra precedente,2026-08-06,0.0007,feec66f6
pdl = min(low) session Sierra precedente,2026-08-07,0.0,287627ed
pdl = min(low) session Sierra precedente,2026-08-09,1.0,43f2daf5
pdl = min(low) session Sierra precedente,2026-08-10,0.8013,78177655
pdl = min(low) session Sierra precedente,2026-08-11,0.0007,78177655
pdl = min(low) session Sierra precedente,2026-08-12,0.0007,78177655
pdl = min(low) session Sierra precedente,2026-08-13,0.0007,78177655
pdl = min(low) session Sierra precedente,2026-08-14,0.0,78177655
pdl = min(low) session Sierra precedente,2026-08-16,0.9917,605df903
pdl = min(low) session Sierra precedente,2026-08-17,0.9138,605df903
pdl = min(low) session Sierra precedente,2026-08-18,0.0007,605df903
pdl = min(low) session Sierra precedente,2026-08-19,0.0007,605df903
pdl = min(low) session Sierra precedente,2026-08-20,0.0007,605df903
pdl = min(low) session Sierra precedente,2026-08-21,0.0,605df903
pdl = min(low) session Sierra precedente,2026-08-23,0.9917,605df903
pdl = min(low) session Sierra precedente,2026-08-24,0.9138,605df903
pdl = min(low) session Sierra precedente,2026-08-25,0.0007,605df903
pdl = min(low) session Sierra precedente,2026-08-26,0.0007,605df903
pdl = min(low) session Sierra precedente,2026-08-27,0.0007,605df903
pdl = min(low) session Sierra precedente,2026-08-28,0.0,605df903
pdl = min(low) session Sierra precedente,2026-08-30,0.9917,605df903
pdl = min(low) session Sierra precedente,2026-08-31,0.9138,605df903
pdl = min(low) session Sierra precedente,2026-09-01,0.0007,605df903
pdl = min(low) session Sierra precedente,2026-09-02,0.0007,605df903
pdl = min(low) session Sierra precedente,2026-09-03,0.0007,605df903
pdl = min(low) session Sierra precedente,2026-09-04,0.0,605df903
open_cash = open 1ere barre cash,2026-06-11,1.0,c43dc080
open_cash = open 1ere barre cash,2026-06-12,0.6077,3d61b74d
open_cash = open 1ere barre cash,2026-06-15,0.7821,114b1ca4
open_cash = open 1ere barre cash,2026-06-16,0.0,e7199bc7
open_cash = open 1ere barre cash,2026-06-17,0.0,e7199bc7
open_cash = open 1ere barre cash,2026-06-18,0.0,e7199bc7
open_cash = open 1ere barre cash,2026-06-19,0.0,9238adc1
open_cash = open 1ere barre cash,2026-06-22,0.0,9238adc1
open_cash = open 1ere barre cash,2026-06-23,0.0,9238adc1
open_cash = open 1ere barre cash,2026-06-25,0.0,9238adc1
open_cash = open 1ere barre cash,2026-06-26,0.0,9238adc1
open_cash = open 1ere barre cash,2026-06-29,0.0,944f7204
open_cash = open 1ere barre cash,2026-06-30,0.0,944f7204
open_cash = open 1ere barre cash,2026-07-01,0.0,944f7204
open_cash = open 1ere barre cash,2026-07-02,0.0,944f7204
open_cash = open 1ere barre cash,2026-07-03,0.0,0658f3c8
open_cash = open 1ere barre cash,2026-07-06,0.0,13efb186
open_cash = open 1ere barre cash,2026-07-07,0.0,13efb186
open_cash = open 1ere barre cash,2026-07-08,0.0,13efb186
open_cash = open 1ere barre cash,2026-07-09,0.0,13efb186
open_cash = open 1ere barre cash,2026-07-10,0.0,13efb186
open_cash = open 1ere barre cash,2026-07-13,0.0,13efb186
open_cash = open 1ere barre cash,2026-07-14,0.0,13efb186
open_cash = open 1ere barre cash,2026-07-15,0.0,13efb186
open_cash = open 1ere barre cash,2026-07-16,0.0,13efb186
open_cash = open 1ere barre cash,2026-07-17,0.0,f6003b62
open_cash = open 1ere barre cash,2026-07-20,0.0,f6003b62
open_cash = open 1ere barre cash,2026-07-21,0.0,f6003b62
open_cash = open 1ere barre cash,2026-07-22,0.0,ed53e566
open_cash = open 1ere barre cash,2026-07-23,0.0,ed53e566
open_cash = open 1ere barre cash,2026-07-24,0.0,ed53e566
open_cash = open 1ere barre cash,2026-07-27,0.0,4981d53a
open_cash = open 1ere barre cash,2026-07-28,0.0,4981d53a
open_cash = open 1ere barre cash,2026-07-29,0.0,4981d53a
open_cash = open 1ere barre cash,2026-07-30,0.0,4981d53a
open_cash = open 1ere barre cash,2026-07-31,0.0,4981d53a
open_cash = open 1ere barre cash,2026-08-03,0.0,e9f2b72b
open_cash = open 1ere barre cash,2026-08-04,0.0,1d20af93
open_cash = open 1ere barre cash,2026-08-05,0.0,0e82f56e
open_cash = open 1ere barre cash,2026-08-06,0.0,feec66f6
open_cash = open 1ere barre cash,2026-08-07,0.0,287627ed
open_cash = open 1ere barre cash,2026-08-10,0.0,78177655
open_cash = open 1ere barre cash,2026-08-11,0.0,78177655
open_cash = open 1ere barre cash,2026-08-12,0.0,78177655
open_cash = open 1ere barre cash,2026-08-13,0.0,78177655
open_cash = open 1ere barre cash,2026-08-14,0.0,78177655
open_cash = open 1ere barre cash,2026-08-17,0.0,605df903
open_cash = open 1ere barre cash,2026-08-18,0.0,605df903
open_cash = open 1ere barre cash,2026-08-19,0.0,605df903
open_cash = open 1ere barre cash,2026-08-20,0.0,605df903
open_cash = open 1ere barre cash,2026-08-21,0.0,605df903
open_cash = open 1ere barre cash,2026-08-24,0.0,605df903
open_cash = open 1ere barre cash,2026-08-25,0.0,605df903
open_cash = open 1ere barre cash,2026-08-26,0.0,605df903
open_cash = open 1ere barre cash,2026-08-27,0.0,605df903
open_cash = open 1ere barre cash,2026-08-28,0.0,605df903
open_cash = open 1ere barre cash,2026-08-31,0.0,605df903
open_cash = open 1ere barre cash,2026-09-01,0.0,605df903
open_cash = open 1ere barre cash,2026-09-02,0.0,605df903
open_cash = open 1ere barre cash,2026-09-03,0.0,605df903
open_cash = open 1ere barre cash,2026-09-04,0.0,605df903
dist_open_cash utilise open_cash (pas 1ere cloture),2026-06-11,1.0,c43dc080
dist_open_cash utilise open_cash (pas 1ere cloture),2026-06-12,1.0,3d61b74d
dist_open_cash utilise open_cash (pas 1ere cloture),2026-06-15,1.0,114b1ca4
dist_open_cash utilise open_cash (pas 1ere cloture),2026-06-16,1.0,e7199bc7
dist_open_cash utilise open_cash (pas 1ere cloture),2026-06-17,1.0,e7199bc7
dist_open_cash utilise open_cash (pas 1ere cloture),2026-06-18,1.0,e7199bc7
dist_open_cash utilise open_cash (pas 1ere cloture),2026-06-19,1.0,9238adc1
dist_open_cash utilise open_cash (pas 1ere cloture),2026-06-22,1.0,9238adc1
dist_open_cash utilise open_cash (pas 1ere cloture),2026-06-23,1.0,9238adc1
dist_open_cash utilise open_cash (pas 1ere cloture),2026-06-25,1.0,9238adc1
dist_open_cash utilise open_cash (pas 1ere cloture),2026-06-26,1.0,9238adc1
dist_open_cash utilise open_cash (pas 1ere cloture),2026-06-29,1.0,944f7204
dist_open_cash utilise open_cash (pas 1ere cloture),2026-06-30,1.0,944f7204
dist_open_cash utilise open_cash (pas 1ere cloture),2026-07-01,1.0,944f7204
dist_open_cash utilise open_cash (pas 1ere cloture),2026-07-02,1.0,944f7204
dist_open_cash utilise open_cash (pas 1ere cloture),2026-07-03,1.0,0658f3c8
dist_open_cash utilise open_cash (pas 1ere cloture),2026-07-06,1.0,13efb186
dist_open_cash utilise open_cash (pas 1ere cloture),2026-07-07,1.0,13efb186
dist_open_cash utilise open_cash (pas 1ere cloture),2026-07-08,1.0,13efb186
dist_open_cash utilise open_cash (pas 1ere cloture),2026-07-09,1.0,13efb186
dist_open_cash utilise open_cash (pas 1ere cloture),2026-07-10,1.0,13efb186
dist_open_cash utilise open_cash (pas 1ere cloture),2026-07-13,1.0,13efb186
dist_open_cash utilise open_cash (pas 1ere cloture),2026-07-14,1.0,13efb186
dist_open_cash utilise open_cash (pas 1ere cloture),2026-07-15,1.0,13efb186
dist_open_cash utilise open_cash (pas 1ere cloture),2026-07-16,1.0,13efb186
dist_open_cash utilise open_cash (pas 1ere cloture),2026-07-17,1.0,f6003b62
dist_open_cash utilise open_cash (pas 1ere cloture),2026-07-20,1.0,f6003b62
dist_open_cash utilise open_cash (pas 1ere cloture),2026-07-21,1.0,f6003b62
dist_open_cash utilise open_cash (pas 1ere cloture),2026-07-22,1.0,ed53e566
dist_open_cash utilise open_cash (pas 1ere cloture),2026-07-23,1.0,ed53e566
dist_open_cash utilise open_cash (pas 1ere cloture),2026-07-24,1.0,ed53e566
dist_open_cash utilise open_cash (pas 1ere cloture),2026-07-27,1.0,4981d53a
dist_open_cash utilise open_cash (pas 1ere cloture),2026-07-28,1.0,4981d53a
dist_open_cash utilise open_cash (pas 1ere cloture),2026-07-29,1.0,4981d53a
dist_open_cash utilise open_cash (pas 1ere cloture),2026-07-30,1.0,4981d53a
dist_open_cash utilise open_cash (pas 1ere cloture),2026-07-31,1.0,4981d53a
dist_open_cash utilise open_cash (pas 1ere cloture),2026-08-03,1.0,e9f2b72b
dist_open_cash utilise open_cash (pas 1ere cloture),2026-08-04,1.0,1d20af93
dist_open_cash utilise open_cash (pas 1ere cloture),2026-08-05,1.0,0e82f56e
dist_open_cash utilise open_cash (pas 1ere cloture),2026-08-06,1.0,feec66f6
dist_open_cash utilise open_cash (pas 1ere cloture),2026-08-07,1.0,287627ed
dist_open_cash utilise open_cash (pas 1ere cloture),2026-08-10,1.0,78177655
dist_open_cash utilise open_cash (pas 1ere cloture),2026-08-11,1.0,78177655
dist_open_cash utilise open_cash (pas 1ere cloture),2026-08-12,1.0,78177655
dist_open_cash utilise open_cash (pas 1ere cloture),2026-08-13,1.0,78177655
dist_open_cash utilise open_cash (pas 1ere cloture),2026-08-14,1.0,78177655
dist_open_cash utilise open_cash (pas 1ere cloture),2026-08-17,1.0,605df903
dist_open_cash utilise open_cash (pas 1ere cloture),2026-08-18,1.0,605df903
dist_open_cash utilise open_cash (pas 1ere cloture),2026-08-19,1.0,605df903
dist_open_cash utilise open_cash (pas 1ere cloture),2026-08-20,1.0,605df903
dist_open_cash utilise open_cash (pas 1ere cloture),2026-08-21,1.0,605df903
dist_open_cash utilise open_cash (pas 1ere cloture),2026-08-24,1.0,605df903
dist_open_cash utilise open_cash (pas 1ere cloture),2026-08-25,1.0,605df903
dist_open_cash utilise open_cash (pas 1ere cloture),2026-08-26,1.0,605df903
dist_open_cash utilise open_cash (pas 1ere cloture),2026-08-27,1.0,605df903
dist_open_cash utilise open_cash (pas 1ere cloture),2026-08-28,1.0,605df903
dist_open_cash utilise open_cash (pas 1ere cloture),2026-08-31,1.0,605df903
dist_open_cash utilise open_cash (pas 1ere cloture),2026-09-01,1.0,605df903
dist_open_cash utilise open_cash (pas 1ere cloture),2026-09-02,1.0,605df903
dist_open_cash utilise open_cash (pas 1ere cloture),2026-09-03,1.0,605df903
dist_open_cash utilise open_cash (pas 1ere cloture),2026-09-04,1.0,605df903
dist_open_cash = (close_1ere_barre - close)/tick,2026-06-11,0.0,c43dc080
dist_open_cash = (close_1ere_barre - close)/tick,2026-06-12,0.6077,3d61b74d
dist_open_cash = (close_1ere_barre - close)/tick,2026-06-15,0.0,114b1ca4
dist_open_cash = (close_1ere_barre - close)/tick,2026-06-16,0.0,e7199bc7
dist_open_cash = (close_1ere_barre - close)/tick,2026-06-17,0.0,e7199bc7
dist_open_cash = (close_1ere_barre - close)/tick,2026-06-18,0.0,e7199bc7
dist_open_cash = (close_1ere_barre - close)/tick,2026-06-19,0.0,9238adc1
dist_open_cash = (close_1ere_barre - close)/tick,2026-06-22,0.0,9238adc1
dist_open_cash = (close_1ere_barre - close)/tick,2026-06-23,0.0,9238adc1
dist_open_cash = (close_1ere_barre - close)/tick,2026-06-25,0.0,9238adc1
dist_open_cash = (close_1ere_barre - close)/tick,2026-06-26,0.0,9238adc1
dist_open_cash = (close_1ere_barre - close)/tick,2026-06-29,0.0,944f7204
dist_open_cash = (close_1ere_barre - close)/tick,2026-06-30,0.0,944f7204
dist_open_cash = (close_1ere_barre - close)/tick,2026-07-01,0.0,944f7204
dist_open_cash = (close_1ere_barre - close)/tick,2026-07-02,0.0,944f7204
dist_open_cash = (close_1ere_barre - close)/tick,2026-07-03,0.0,0658f3c8
dist_open_cash = (close_1ere_barre - close)/tick,2026-07-06,0.0,13efb186
dist_open_cash = (close_1ere_barre - close)/tick,2026-07-07,0.0,13efb186
dist_open_cash = (close_1ere_barre - close)/tick,2026-07-08,0.0,13efb186
dist_open_cash = (close_1ere_barre - close)/tick,2026-07-09,0.0,13efb186
dist_open_cash = (close_1ere_barre - close)/tick,2026-07-10,0.0,13efb186
dist_open_cash = (close_1ere_barre - close)/tick,2026-07-13,0.0,13efb186
dist_open_cash = (close_1ere_barre - close)/tick,2026-07-14,0.0,13efb186
dist_open_cash = (close_1ere_barre - close)/tick,2026-07-15,0.0,13efb186
dist_open_cash = (close_1ere_barre - close)/tick,2026-07-16,0.0,13efb186
dist_open_cash = (close_1ere_barre - close)/tick,2026-07-17,0.0,f6003b62
dist_open_cash = (close_1ere_barre - close)/tick,2026-07-20,0.0,f6003b62
dist_open_cash = (close_1ere_barre - close)/tick,2026-07-21,0.0,f6003b62
dist_open_cash = (close_1ere_barre - close)/tick,2026-07-22,0.0,ed53e566
dist_open_cash = (close_1ere_barre - close)/tick,2026-07-23,0.0,ed53e566
dist_open_cash = (close_1ere_barre - close)/tick,2026-07-24,0.0,ed53e566
dist_open_cash = (close_1ere_barre - close)/tick,2026-07-27,0.0,4981d53a
dist_open_cash = (close_1ere_barre - close)/tick,2026-07-28,0.0,4981d53a
dist_open_cash = (close_1ere_barre - close)/tick,2026-07-29,0.0,4981d53a
dist_open_cash = (close_1ere_barre - close)/tick,2026-07-30,0.0,4981d53a
dist_open_cash = (close_1ere_barre - close)/tick,2026-07-31,0.0,4981d53a
dist_open_cash = (close_1ere_barre - close)/tick,2026-08-03,0.0,e9f2b72b
dist_open_cash = (close_1ere_barre - close)/tick,2026-08-04,0.0,1d20af93
dist_open_cash = (close_1ere_barre - close)/tick,2026-08-05,0.0,0e82f56e
dist_open_cash = (close_1ere_barre - close)/tick,2026-08-06,0.0,feec66f6
dist_open_cash = (close_1ere_barre - close)/tick,2026-08-07,0.0,287627ed
dist_open_cash = (close_1ere_barre - close)/tick,2026-08-10,0.0,78177655
dist_open_cash = (close_1ere_barre - close)/tick,2026-08-11,0.0,78177655
dist_open_cash = (close_1ere_barre - close)/tick,2026-08-12,0.0,78177655
dist_open_cash = (close_1ere_barre - close)/tick,2026-08-13,0.0,78177655
dist_open_cash = (close_1ere_barre - close)/tick,2026-08-14,0.0,78177655
dist_open_cash = (close_1ere_barre - close)/tick,2026-08-17,0.0,605df903
dist_open_cash = (close_1ere_barre - close)/tick,2026-08-18,0.0,605df903
dist_open_cash = (close_1ere_barre - close)/tick,2026-08-19,0.0,605df903
dist_open_cash = (close_1ere_barre - close)/tick,2026-08-20,0.0,605df903
dist_open_cash = (close_1ere_barre - close)/tick,2026-08-21,0.0,605df903
dist_open_cash = (close_1ere_barre - close)/tick,2026-08-24,0.0,605df903
dist_open_cash = (close_1ere_barre - close)/tick,2026-08-25,0.0,605df903
dist_open_cash = (close_1ere_barre - close)/tick,2026-08-26,0.0,605df903
dist_open_cash = (close_1ere_barre - close)/tick,2026-08-27,0.0,605df903
dist_open_cash = (close_1ere_barre - close)/tick,2026-08-28,0.0,605df903
dist_open_cash = (close_1ere_barre - close)/tick,2026-08-31,0.0,605df903
dist_open_cash = (close_1ere_barre - close)/tick,2026-09-01,0.0,605df903
dist_open_cash = (close_1ere_barre - close)/tick,2026-09-02,0.0,605df903
dist_open_cash = (close_1ere_barre - close)/tick,2026-09-03,0.0,605df903
dist_open_cash = (close_1ere_barre - close)/tick,2026-09-04,0.0,605df903
momentum_3b = close - close[-3] (pts),2026-06-10,0.9966,None
momentum_3b = close - close[-3] (pts),2026-06-11,0.9957,c43dc080
momentum_3b = close - close[-3] (pts),2026-06-12,0.9943,3d61b74d
momentum_3b = close - close[-3] (pts),2026-06-15,0.992,114b1ca4
momentum_3b = close - close[-3] (pts),2026-06-16,0.9884,e7199bc7
momentum_3b = close - close[-3] (pts),2026-06-17,0.9884,e7199bc7
momentum_3b = close - close[-3] (pts),2026-06-18,0.9877,e7199bc7
momentum_3b = close - close[-3] (pts),2026-06-19,0.9788,9238adc1
momentum_3b = close - close[-3] (pts),2026-06-21,1.0,9238adc1
momentum_3b = close - close[-3] (pts),2026-06-22,0.9826,9238adc1
momentum_3b = close - close[-3] (pts),2026-06-23,0.9957,9238adc1
momentum_3b = close - close[-3] (pts),2026-06-24,0.9956,9238adc1
momentum_3b = close - close[-3] (pts),2026-06-25,0.9901,9238adc1
momentum_3b = close - close[-3] (pts),2026-06-26,0.9937,9238adc1
momentum_3b = close - close[-3] (pts),2026-06-28,1.0,944f7204
momentum_3b = close - close[-3] (pts),2026-06-29,0.9884,944f7204
momentum_3b = close - close[-3] (pts),2026-06-30,0.9862,944f7204
momentum_3b = close - close[-3] (pts),2026-07-01,0.9913,944f7204
momentum_3b = close - close[-3] (pts),2026-07-02,0.992,944f7204
momentum_3b = close - close[-3] (pts),2026-07-03,0.9804,0658f3c8
momentum_3b = close - close[-3] (pts),2026-07-05,0.9917,13efb186
momentum_3b = close - close[-3] (pts),2026-07-06,0.9899,13efb186
momentum_3b = close - close[-3] (pts),2026-07-07,0.9855,13efb186
momentum_3b = close - close[-3] (pts),2026-07-08,0.9986,13efb186
momentum_3b = close - close[-3] (pts),2026-07-09,0.9899,13efb186
momentum_3b = close - close[-3] (pts),2026-07-10,0.9889,13efb186
momentum_3b = close - close[-3] (pts),2026-07-12,0.9917,13efb186
momentum_3b = close - close[-3] (pts),2026-07-13,0.9899,13efb186
momentum_3b = close - close[-3] (pts),2026-07-14,0.992,13efb186
momentum_3b = close - close[-3] (pts),2026-07-15,0.9913,13efb186
momentum_3b = close - close[-3] (pts),2026-07-16,0.9913,13efb186
momentum_3b = close - close[-3] (pts),2026-07-17,0.9921,f6003b62
momentum_3b = close - close[-3] (pts),2026-07-19,0.9833,f6003b62
momentum_3b = close - close[-3] (pts),2026-07-20,0.9899,f6003b62
momentum_3b = close - close[-3] (pts),2026-07-21,0.9862,f6003b62
momentum_3b = close - close[-3] (pts),2026-07-22,0.9891,ed53e566
momentum_3b = close - close[-3] (pts),2026-07-23,0.9913,ed53e566
momentum_3b = close - close[-3] (pts),2026-07-24,0.9921,ed53e566
momentum_3b = close - close[-3] (pts),2026-07-26,0.9917,4981d53a
momentum_3b = close - close[-3] (pts),2026-07-27,0.9913,4981d53a
momentum_3b = close - close[-3] (pts),2026-07-28,0.9957,4981d53a
momentum_3b = close - close[-3] (pts),2026-07-29,0.9928,4981d53a
momentum_3b = close - close[-3] (pts),2026-07-30,0.9891,4981d53a
momentum_3b = close - close[-3] (pts),2026-07-31,0.9905,4981d53a
momentum_3b = close - close[-3] (pts),2026-08-03,0.9834,e9f2b72b
momentum_3b = close - close[-3] (pts),2026-08-04,0.9913,1d20af93
momentum_3b = close - close[-3] (pts),2026-08-05,0.9913,0e82f56e
momentum_3b = close - close[-3] (pts),2026-08-06,0.9877,feec66f6
momentum_3b = close - close[-3] (pts),2026-08-07,0.9889,287627ed
momentum_3b = close - close[-3] (pts),2026-08-09,0.975,43f2daf5
momentum_3b = close - close[-3] (pts),2026-08-10,0.9826,78177655
momentum_3b = close - close[-3] (pts),2026-08-11,0.9841,78177655
momentum_3b = close - close[-3] (pts),2026-08-12,0.9862,78177655
momentum_3b = close - close[-3] (pts),2026-08-13,0.9797,78177655
momentum_3b = close - close[-3] (pts),2026-08-14,0.9825,78177655
momentum_3b = close - close[-3] (pts),2026-08-16,0.9583,605df903
momentum_3b = close - close[-3] (pts),2026-08-17,0.979,605df903
momentum_3b = close - close[-3] (pts),2026-08-18,0.9826,605df903
momentum_3b = close - close[-3] (pts),2026-08-19,0.9906,605df903
momentum_3b = close - close[-3] (pts),2026-08-20,0.9913,605df903
momentum_3b = close - close[-3] (pts),2026-08-21,0.9873,605df903
momentum_3b = close - close[-3] (pts),2026-08-23,0.975,605df903
momentum_3b = close - close[-3] (pts),2026-08-24,0.9877,605df903
momentum_3b = close - close[-3] (pts),2026-08-25,0.9906,605df903
momentum_3b = close - close[-3] (pts),2026-08-26,0.9906,605df903
momentum_3b = close - close[-3] (pts),2026-08-27,0.9891,605df903
momentum_3b = close - close[-3] (pts),2026-08-28,0.9849,605df903
momentum_3b = close - close[-3] (pts),2026-08-30,0.9833,605df903
momentum_3b = close - close[-3] (pts),2026-08-31,0.9783,605df903
momentum_3b = close - close[-3] (pts),2026-09-01,0.9819,605df903
momentum_3b = close - close[-3] (pts),2026-09-02,0.9848,605df903
momentum_3b = close - close[-3] (pts),2026-09-03,0.9848,605df903
momentum_3b = close - close[-3] (pts),2026-09-04,0.9837,605df903
momentum_5b = close - close[-5] (pts),2026-06-10,1.0,None
momentum_5b = close - close[-5] (pts),2026-06-11,0.9942,c43dc080
momentum_5b = close - close[-5] (pts),2026-06-12,0.9915,3d61b74d
momentum_5b = close - close[-5] (pts),2026-06-15,0.9899,114b1ca4
momentum_5b = close - close[-5] (pts),2026-06-16,0.9913,e7199bc7
momentum_5b = close - close[-5] (pts),2026-06-17,0.9884,e7199bc7
momentum_5b = close - close[-5] (pts),2026-06-18,0.9855,e7199bc7
momentum_5b = close - close[-5] (pts),2026-06-19,0.9859,9238adc1
momentum_5b = close - close[-5] (pts),2026-06-21,0.9917,9238adc1
momentum_5b = close - close[-5] (pts),2026-06-22,0.9928,9238adc1
momentum_5b = close - close[-5] (pts),2026-06-23,0.992,9238adc1
momentum_5b = close - close[-5] (pts),2026-06-24,0.9868,9238adc1
momentum_5b = close - close[-5] (pts),2026-06-25,0.9892,9238adc1
momentum_5b = close - close[-5] (pts),2026-06-26,0.9968,9238adc1
momentum_5b = close - close[-5] (pts),2026-06-28,1.0,944f7204
momentum_5b = close - close[-5] (pts),2026-06-29,0.9935,944f7204
momentum_5b = close - close[-5] (pts),2026-06-30,0.9927,944f7204
momentum_5b = close - close[-5] (pts),2026-07-01,0.9884,944f7204
momentum_5b = close - close[-5] (pts),2026-07-02,0.9971,944f7204
momentum_5b = close - close[-5] (pts),2026-07-03,0.9863,0658f3c8
momentum_5b = close - close[-5] (pts),2026-07-05,1.0,13efb186
momentum_5b = close - close[-5] (pts),2026-07-06,0.9935,13efb186
momentum_5b = close - close[-5] (pts),2026-07-07,0.9928,13efb186
momentum_5b = close - close[-5] (pts),2026-07-08,0.9906,13efb186
momentum_5b = close - close[-5] (pts),2026-07-09,0.9986,13efb186
momentum_5b = close - close[-5] (pts),2026-07-10,0.9921,13efb186
momentum_5b = close - close[-5] (pts),2026-07-12,0.9833,13efb186
momentum_5b = close - close[-5] (pts),2026-07-13,0.9942,13efb186
momentum_5b = close - close[-5] (pts),2026-07-14,0.9928,13efb186
momentum_5b = close - close[-5] (pts),2026-07-15,0.9891,13efb186
momentum_5b = close - close[-5] (pts),2026-07-16,0.9906,13efb186
momentum_5b = close - close[-5] (pts),2026-07-17,0.9921,f6003b62
momentum_5b = close - close[-5] (pts),2026-07-19,1.0,f6003b62
momentum_5b = close - close[-5] (pts),2026-07-20,0.9942,f6003b62
momentum_5b = close - close[-5] (pts),2026-07-21,0.9949,f6003b62
momentum_5b = close - close[-5] (pts),2026-07-22,0.9913,ed53e566
momentum_5b = close - close[-5] (pts),2026-07-23,0.9928,ed53e566
momentum_5b = close - close[-5] (pts),2026-07-24,0.9944,ed53e566
momentum_5b = close - close[-5] (pts),2026-07-26,1.0,4981d53a
momentum_5b = close - close[-5] (pts),2026-07-27,0.9862,4981d53a
momentum_5b = close - close[-5] (pts),2026-07-28,0.9949,4981d53a
momentum_5b = close - close[-5] (pts),2026-07-29,0.9935,4981d53a
momentum_5b = close - close[-5] (pts),2026-07-30,0.9928,4981d53a
momentum_5b = close - close[-5] (pts),2026-07-31,0.9921,4981d53a
momentum_5b = close - close[-5] (pts),2026-08-03,0.991,e9f2b72b
momentum_5b = close - close[-5] (pts),2026-08-04,0.992,1d20af93
momentum_5b = close - close[-5] (pts),2026-08-05,0.9855,0e82f56e
momentum_5b = close - close[-5] (pts),2026-08-06,0.9906,feec66f6
momentum_5b = close - close[-5] (pts),2026-08-07,0.9921,287627ed
momentum_5b = close - close[-5] (pts),2026-08-09,0.9917,43f2daf5
momentum_5b = close - close[-5] (pts),2026-08-10,0.987,78177655
momentum_5b = close - close[-5] (pts),2026-08-11,0.992,78177655
momentum_5b = close - close[-5] (pts),2026-08-12,0.9855,78177655
momentum_5b = close - close[-5] (pts),2026-08-13,0.9812,78177655
momentum_5b = close - close[-5] (pts),2026-08-14,0.9849,78177655
momentum_5b = close - close[-5] (pts),2026-08-16,0.9917,605df903
momentum_5b = close - close[-5] (pts),2026-08-17,0.9812,605df903
momentum_5b = close - close[-5] (pts),2026-08-18,0.9906,605df903
momentum_5b = close - close[-5] (pts),2026-08-19,0.9862,605df903
momentum_5b = close - close[-5] (pts),2026-08-20,0.9949,605df903
momentum_5b = close - close[-5] (pts),2026-08-21,0.9897,605df903
momentum_5b = close - close[-5] (pts),2026-08-23,0.9917,605df903
momentum_5b = close - close[-5] (pts),2026-08-24,0.9928,605df903
momentum_5b = close - close[-5] (pts),2026-08-25,0.9891,605df903
momentum_5b = close - close[-5] (pts),2026-08-26,0.9841,605df903
momentum_5b = close - close[-5] (pts),2026-08-27,0.9891,605df903
momentum_5b = close - close[-5] (pts),2026-08-28,0.981,605df903
momentum_5b = close - close[-5] (pts),2026-08-30,0.9833,605df903
momentum_5b = close - close[-5] (pts),2026-08-31,0.987,605df903
momentum_5b = close - close[-5] (pts),2026-09-01,0.9862,605df903
momentum_5b = close - close[-5] (pts),2026-09-02,0.9869,605df903
momentum_5b = close - close[-5] (pts),2026-09-03,0.9855,605df903
momentum_5b = close - close[-5] (pts),2026-09-04,0.9872,605df903
momentum_3b en ticks ?,2026-06-10,0.9933,None
momentum_3b en ticks ?,2026-06-11,0.9848,c43dc080
momentum_3b en ticks ?,2026-06-12,0.9901,3d61b74d
momentum_3b en ticks ?,2026-06-15,0.9688,114b1ca4
momentum_3b en ticks ?,2026-06-16,0.9732,e7199bc7
momentum_3b en ticks ?,2026-06-17,0.9783,e7199bc7
momentum_3b en ticks ?,2026-06-18,0.979,e7199bc7
momentum_3b en ticks ?,2026-06-19,0.9737,9238adc1
momentum_3b en ticks ?,2026-06-21,0.9833,9238adc1
momentum_3b en ticks ?,2026-06-22,0.9725,9238adc1
momentum_3b en ticks ?,2026-06-23,0.9877,9238adc1
momentum_3b en ticks ?,2026-06-24,0.9868,9238adc1
momentum_3b en ticks ?,2026-06-25,0.9883,9238adc1
momentum_3b en ticks ?,2026-06-26,0.9881,9238adc1
momentum_3b en ticks ?,2026-06-28,0.9833,944f7204
momentum_3b en ticks ?,2026-06-29,0.987,944f7204
momentum_3b en ticks ?,2026-06-30,0.9826,944f7204
momentum_3b en ticks ?,2026-07-01,0.9783,944f7204
momentum_3b en ticks ?,2026-07-02,0.9899,944f7204
momentum_3b en ticks ?,2026-07-03,0.9686,0658f3c8
momentum_3b en ticks ?,2026-07-05,0.9833,13efb186
momentum_3b en ticks ?,2026-07-06,0.9877,13efb186
momentum_3b en ticks ?,2026-07-07,0.9783,13efb186
momentum_3b en ticks ?,2026-07-08,0.9884,13efb186
momentum_3b en ticks ?,2026-07-09,0.9848,13efb186
momentum_3b en ticks ?,2026-07-10,0.9754,13efb186
momentum_3b en ticks ?,2026-07-12,0.9917,13efb186
momentum_3b en ticks ?,2026-07-13,0.9841,13efb186
momentum_3b en ticks ?,2026-07-14,0.9783,13efb186
momentum_3b en ticks ?,2026-07-15,0.9826,13efb186
momentum_3b en ticks ?,2026-07-16,0.9812,13efb186
momentum_3b en ticks ?,2026-07-17,0.9865,f6003b62
momentum_3b en ticks ?,2026-07-19,0.9917,f6003b62
momentum_3b en ticks ?,2026-07-20,0.9877,f6003b62
momentum_3b en ticks ?,2026-07-21,0.9768,f6003b62
momentum_3b en ticks ?,2026-07-22,0.9783,ed53e566
momentum_3b en ticks ?,2026-07-23,0.9899,ed53e566
momentum_3b en ticks ?,2026-07-24,0.9873,ed53e566
momentum_3b en ticks ?,2026-07-26,0.9917,4981d53a
momentum_3b en ticks ?,2026-07-27,0.979,4981d53a
momentum_3b en ticks ?,2026-07-28,0.9862,4981d53a
momentum_3b en ticks ?,2026-07-29,0.987,4981d53a
momentum_3b en ticks ?,2026-07-30,0.9848,4981d53a
momentum_3b en ticks ?,2026-07-31,0.9841,4981d53a
momentum_3b en ticks ?,2026-08-03,0.9821,e9f2b72b
momentum_3b en ticks ?,2026-08-04,0.9819,1d20af93
momentum_3b en ticks ?,2026-08-05,0.9775,0e82f56e
momentum_3b en ticks ?,2026-08-06,0.9819,feec66f6
momentum_3b en ticks ?,2026-08-07,0.9746,287627ed
momentum_3b en ticks ?,2026-08-09,0.9583,43f2daf5
momentum_3b en ticks ?,2026-08-10,0.9761,78177655
momentum_3b en ticks ?,2026-08-11,0.9717,78177655
momentum_3b en ticks ?,2026-08-12,0.9609,78177655
momentum_3b en ticks ?,2026-08-13,0.9543,78177655
momentum_3b en ticks ?,2026-08-14,0.9571,78177655
momentum_3b en ticks ?,2026-08-16,0.9167,605df903
momentum_3b en ticks ?,2026-08-17,0.9514,605df903
momentum_3b en ticks ?,2026-08-18,0.9746,605df903
momentum_3b en ticks ?,2026-08-19,0.9783,605df903
momentum_3b en ticks ?,2026-08-20,0.9804,605df903
momentum_3b en ticks ?,2026-08-21,0.9722,605df903
momentum_3b en ticks ?,2026-08-23,0.9583,605df903
momentum_3b en ticks ?,2026-08-24,0.9732,605df903
momentum_3b en ticks ?,2026-08-25,0.9783,605df903
momentum_3b en ticks ?,2026-08-26,0.9746,605df903
momentum_3b en ticks ?,2026-08-27,0.971,605df903
momentum_3b en ticks ?,2026-08-28,0.9667,605df903
momentum_3b en ticks ?,2026-08-30,0.9833,605df903
momentum_3b en ticks ?,2026-08-31,0.9659,605df903
momentum_3b en ticks ?,2026-09-01,0.9702,605df903
momentum_3b en ticks ?,2026-09-02,0.9768,605df903
momentum_3b en ticks ?,2026-09-03,0.9623,605df903
momentum_3b en ticks ?,2026-09-04,0.9512,605df903
ctx_delta_sum_3 = somme delta 3 barres,2026-06-10,0.0,None
ctx_delta_sum_3 = somme delta 3 barres,2026-06-11,0.0,c43dc080
ctx_delta_sum_3 = somme delta 3 barres,2026-06-12,0.2077,3d61b74d
ctx_delta_sum_3 = somme delta 3 barres,2026-06-15,0.0015,114b1ca4
ctx_delta_sum_3 = somme delta 3 barres,2026-06-16,0.0,e7199bc7
ctx_delta_sum_3 = somme delta 3 barres,2026-06-17,0.0,e7199bc7
ctx_delta_sum_3 = somme delta 3 barres,2026-06-18,0.0,e7199bc7
ctx_delta_sum_3 = somme delta 3 barres,2026-06-19,0.0,9238adc1
ctx_delta_sum_3 = somme delta 3 barres,2026-06-21,0.0,9238adc1
ctx_delta_sum_3 = somme delta 3 barres,2026-06-22,0.0,9238adc1
ctx_delta_sum_3 = somme delta 3 barres,2026-06-23,0.0,9238adc1
ctx_delta_sum_3 = somme delta 3 barres,2026-06-24,0.0,9238adc1
ctx_delta_sum_3 = somme delta 3 barres,2026-06-25,0.0009,9238adc1
ctx_delta_sum_3 = somme delta 3 barres,2026-06-26,0.0016,9238adc1
ctx_delta_sum_3 = somme delta 3 barres,2026-06-28,0.0,944f7204
ctx_delta_sum_3 = somme delta 3 barres,2026-06-29,0.0,944f7204
ctx_delta_sum_3 = somme delta 3 barres,2026-06-30,0.0,944f7204
ctx_delta_sum_3 = somme delta 3 barres,2026-07-01,0.0015,944f7204
ctx_delta_sum_3 = somme delta 3 barres,2026-07-02,0.0,944f7204
ctx_delta_sum_3 = somme delta 3 barres,2026-07-03,0.0,0658f3c8
ctx_delta_sum_3 = somme delta 3 barres,2026-07-05,0.0,13efb186
ctx_delta_sum_3 = somme delta 3 barres,2026-07-06,0.0,13efb186
ctx_delta_sum_3 = somme delta 3 barres,2026-07-07,0.0,13efb186
ctx_delta_sum_3 = somme delta 3 barres,2026-07-08,0.0,13efb186
ctx_delta_sum_3 = somme delta 3 barres,2026-07-09,0.0,13efb186
ctx_delta_sum_3 = somme delta 3 barres,2026-07-10,0.0,13efb186
ctx_delta_sum_3 = somme delta 3 barres,2026-07-12,0.0,13efb186
ctx_delta_sum_3 = somme delta 3 barres,2026-07-13,0.0,13efb186
ctx_delta_sum_3 = somme delta 3 barres,2026-07-14,0.0,13efb186
ctx_delta_sum_3 = somme delta 3 barres,2026-07-15,0.0,13efb186
ctx_delta_sum_3 = somme delta 3 barres,2026-07-16,0.0,13efb186
ctx_delta_sum_3 = somme delta 3 barres,2026-07-17,0.0,f6003b62
ctx_delta_sum_3 = somme delta 3 barres,2026-07-19,0.0,f6003b62
ctx_delta_sum_3 = somme delta 3 barres,2026-07-20,0.0,f6003b62
ctx_delta_sum_3 = somme delta 3 barres,2026-07-21,0.0,f6003b62
ctx_delta_sum_3 = somme delta 3 barres,2026-07-22,0.0,ed53e566
ctx_delta_sum_3 = somme delta 3 barres,2026-07-23,0.0,ed53e566
ctx_delta_sum_3 = somme delta 3 barres,2026-07-24,0.0,ed53e566
ctx_delta_sum_3 = somme delta 3 barres,2026-07-26,0.0,4981d53a
ctx_delta_sum_3 = somme delta 3 barres,2026-07-27,0.0,4981d53a
ctx_delta_sum_3 = somme delta 3 barres,2026-07-28,0.0,4981d53a
ctx_delta_sum_3 = somme delta 3 barres,2026-07-29,0.0,4981d53a
ctx_delta_sum_3 = somme delta 3 barres,2026-07-30,0.0,4981d53a
ctx_delta_sum_3 = somme delta 3 barres,2026-07-31,0.0016,4981d53a
ctx_delta_sum_3 = somme delta 3 barres,2026-08-03,0.0,e9f2b72b
ctx_delta_sum_3 = somme delta 3 barres,2026-08-04,0.0,1d20af93
ctx_delta_sum_3 = somme delta 3 barres,2026-08-05,0.0044,0e82f56e
ctx_delta_sum_3 = somme delta 3 barres,2026-08-06,0.0,feec66f6
ctx_delta_sum_3 = somme delta 3 barres,2026-08-07,0.0,287627ed
ctx_delta_sum_3 = somme delta 3 barres,2026-08-09,0.0174,43f2daf5
ctx_delta_sum_3 = somme delta 3 barres,2026-08-10,0.0015,78177655
ctx_delta_sum_3 = somme delta 3 barres,2026-08-11,0.0,78177655
ctx_delta_sum_3 = somme delta 3 barres,2026-08-12,0.0,78177655
ctx_delta_sum_3 = somme delta 3 barres,2026-08-13,0.0,78177655
ctx_delta_sum_3 = somme delta 3 barres,2026-08-14,0.0,78177655
ctx_delta_sum_3 = somme delta 3 barres,2026-08-16,0.0,605df903
ctx_delta_sum_3 = somme delta 3 barres,2026-08-17,0.0,605df903
ctx_delta_sum_3 = somme delta 3 barres,2026-08-18,0.0,605df903
ctx_delta_sum_3 = somme delta 3 barres,2026-08-19,0.0,605df903
ctx_delta_sum_3 = somme delta 3 barres,2026-08-20,0.0,605df903
ctx_delta_sum_3 = somme delta 3 barres,2026-08-21,0.0,605df903
ctx_delta_sum_3 = somme delta 3 barres,2026-08-23,0.0,605df903
ctx_delta_sum_3 = somme delta 3 barres,2026-08-24,0.0,605df903
ctx_delta_sum_3 = somme delta 3 barres,2026-08-25,0.0,605df903
ctx_delta_sum_3 = somme delta 3 barres,2026-08-26,0.0,605df903
ctx_delta_sum_3 = somme delta 3 barres,2026-08-27,0.0,605df903
ctx_delta_sum_3 = somme delta 3 barres,2026-08-28,0.0,605df903
ctx_delta_sum_3 = somme delta 3 barres,2026-08-30,0.0,605df903
ctx_delta_sum_3 = somme delta 3 barres,2026-08-31,0.0,605df903
ctx_delta_sum_3 = somme delta 3 barres,2026-09-01,0.0,605df903
ctx_delta_sum_3 = somme delta 3 barres,2026-09-02,0.0,605df903
ctx_delta_sum_3 = somme delta 3 barres,2026-09-03,0.0,605df903
ctx_delta_sum_3 = somme delta 3 barres,2026-09-04,0.0,605df903
ctx_delta_sum_10 = somme delta 10 barres,2026-06-11,0.033,c43dc080
ctx_delta_sum_10 = somme delta 10 barres,2026-06-12,0.4525,3d61b74d
ctx_delta_sum_10 = somme delta 10 barres,2026-06-15,0.0384,114b1ca4
ctx_delta_sum_10 = somme delta 10 barres,2026-06-16,0.0065,e7199bc7
ctx_delta_sum_10 = somme delta 10 barres,2026-06-17,0.0065,e7199bc7
ctx_delta_sum_10 = somme delta 10 barres,2026-06-18,0.013,e7199bc7
ctx_delta_sum_10 = somme delta 10 barres,2026-06-19,0.0,9238adc1
ctx_delta_sum_10 = somme delta 10 barres,2026-06-21,0.0833,9238adc1
ctx_delta_sum_10 = somme delta 10 barres,2026-06-22,0.0065,9238adc1
ctx_delta_sum_10 = somme delta 10 barres,2026-06-23,0.0065,9238adc1
ctx_delta_sum_10 = somme delta 10 barres,2026-06-24,0.0,9238adc1
ctx_delta_sum_10 = somme delta 10 barres,2026-06-25,0.0072,9238adc1
ctx_delta_sum_10 = somme delta 10 barres,2026-06-26,0.0143,9238adc1
ctx_delta_sum_10 = somme delta 10 barres,2026-06-28,0.0833,944f7204
ctx_delta_sum_10 = somme delta 10 barres,2026-06-29,0.0065,944f7204
ctx_delta_sum_10 = somme delta 10 barres,2026-06-30,0.0,944f7204
ctx_delta_sum_10 = somme delta 10 barres,2026-07-01,0.013,944f7204
ctx_delta_sum_10 = somme delta 10 barres,2026-07-02,0.0065,944f7204
ctx_delta_sum_10 = somme delta 10 barres,2026-07-03,0.0079,0658f3c8
ctx_delta_sum_10 = somme delta 10 barres,2026-07-05,0.0833,13efb186
ctx_delta_sum_10 = somme delta 10 barres,2026-07-06,0.0065,13efb186
ctx_delta_sum_10 = somme delta 10 barres,2026-07-07,0.0058,13efb186
ctx_delta_sum_10 = somme delta 10 barres,2026-07-08,0.0065,13efb186
ctx_delta_sum_10 = somme delta 10 barres,2026-07-09,0.0065,13efb186
ctx_delta_sum_10 = somme delta 10 barres,2026-07-10,0.0,13efb186
ctx_delta_sum_10 = somme delta 10 barres,2026-07-12,0.0833,13efb186
ctx_delta_sum_10 = somme delta 10 barres,2026-07-13,0.0058,13efb186
ctx_delta_sum_10 = somme delta 10 barres,2026-07-14,0.0065,13efb186
ctx_delta_sum_10 = somme delta 10 barres,2026-07-15,0.0065,13efb186
ctx_delta_sum_10 = somme delta 10 barres,2026-07-16,0.013,13efb186
ctx_delta_sum_10 = somme delta 10 barres,2026-07-17,0.0,f6003b62
ctx_delta_sum_10 = somme delta 10 barres,2026-07-19,0.0833,f6003b62
ctx_delta_sum_10 = somme delta 10 barres,2026-07-20,0.0065,f6003b62
ctx_delta_sum_10 = somme delta 10 barres,2026-07-21,0.0058,f6003b62
ctx_delta_sum_10 = somme delta 10 barres,2026-07-22,0.0065,ed53e566
ctx_delta_sum_10 = somme delta 10 barres,2026-07-23,0.0065,ed53e566
ctx_delta_sum_10 = somme delta 10 barres,2026-07-24,0.0,ed53e566
ctx_delta_sum_10 = somme delta 10 barres,2026-07-26,0.0833,4981d53a
ctx_delta_sum_10 = somme delta 10 barres,2026-07-27,0.0065,4981d53a
ctx_delta_sum_10 = somme delta 10 barres,2026-07-28,0.0065,4981d53a
ctx_delta_sum_10 = somme delta 10 barres,2026-07-29,0.0058,4981d53a
ctx_delta_sum_10 = somme delta 10 barres,2026-07-30,0.0065,4981d53a
ctx_delta_sum_10 = somme delta 10 barres,2026-07-31,0.0143,4981d53a
ctx_delta_sum_10 = somme delta 10 barres,2026-08-03,0.023,e9f2b72b
ctx_delta_sum_10 = somme delta 10 barres,2026-08-04,0.0065,1d20af93
ctx_delta_sum_10 = somme delta 10 barres,2026-08-05,0.0268,0e82f56e
ctx_delta_sum_10 = somme delta 10 barres,2026-08-06,0.0065,feec66f6
ctx_delta_sum_10 = somme delta 10 barres,2026-08-07,0.0063,287627ed
ctx_delta_sum_10 = somme delta 10 barres,2026-08-09,0.1083,43f2daf5
ctx_delta_sum_10 = somme delta 10 barres,2026-08-10,0.0232,78177655
ctx_delta_sum_10 = somme delta 10 barres,2026-08-11,0.0058,78177655
ctx_delta_sum_10 = somme delta 10 barres,2026-08-12,0.0065,78177655
ctx_delta_sum_10 = somme delta 10 barres,2026-08-13,0.0065,78177655
ctx_delta_sum_10 = somme delta 10 barres,2026-08-14,0.0,78177655
ctx_delta_sum_10 = somme delta 10 barres,2026-08-16,0.0833,605df903
ctx_delta_sum_10 = somme delta 10 barres,2026-08-17,0.0065,605df903
ctx_delta_sum_10 = somme delta 10 barres,2026-08-18,0.0065,605df903
ctx_delta_sum_10 = somme delta 10 barres,2026-08-19,0.0065,605df903
ctx_delta_sum_10 = somme delta 10 barres,2026-08-20,0.0065,605df903
ctx_delta_sum_10 = somme delta 10 barres,2026-08-21,0.0,605df903
ctx_delta_sum_10 = somme delta 10 barres,2026-08-23,0.0833,605df903
ctx_delta_sum_10 = somme delta 10 barres,2026-08-24,0.0065,605df903
ctx_delta_sum_10 = somme delta 10 barres,2026-08-25,0.0065,605df903
ctx_delta_sum_10 = somme delta 10 barres,2026-08-26,0.0065,605df903
ctx_delta_sum_10 = somme delta 10 barres,2026-08-27,0.0065,605df903
ctx_delta_sum_10 = somme delta 10 barres,2026-08-28,0.0,605df903
ctx_delta_sum_10 = somme delta 10 barres,2026-08-30,0.0833,605df903
ctx_delta_sum_10 = somme delta 10 barres,2026-08-31,0.0058,605df903
ctx_delta_sum_10 = somme delta 10 barres,2026-09-01,0.0065,605df903
ctx_delta_sum_10 = somme delta 10 barres,2026-09-02,0.0058,605df903
ctx_delta_sum_10 = somme delta 10 barres,2026-09-03,0.0065,605df903
ctx_delta_sum_10 = somme delta 10 barres,2026-09-04,0.0,605df903
ctx_price_slope_5 = close - close[-5],2026-06-10,0.9983,None
ctx_price_slope_5 = close - close[-5],2026-06-11,0.9732,c43dc080
ctx_price_slope_5 = close - close[-5],2026-06-12,0.9815,3d61b74d
ctx_price_slope_5 = close - close[-5],2026-06-15,0.9515,114b1ca4
ctx_price_slope_5 = close - close[-5],2026-06-16,0.968,e7199bc7
ctx_price_slope_5 = close - close[-5],2026-06-17,0.9695,e7199bc7
ctx_price_slope_5 = close - close[-5],2026-06-18,0.9621,e7199bc7
ctx_price_slope_5 = close - close[-5],2026-06-19,0.9515,9238adc1
ctx_price_slope_5 = close - close[-5],2026-06-21,0.9826,9238adc1
ctx_price_slope_5 = close - close[-5],2026-06-22,0.9549,9238adc1
ctx_price_slope_5 = close - close[-5],2026-06-23,0.9789,9238adc1
ctx_price_slope_5 = close - close[-5],2026-06-24,0.9722,9238adc1
ctx_price_slope_5 = close - close[-5],2026-06-25,0.9729,9238adc1
ctx_price_slope_5 = close - close[-5],2026-06-26,0.9793,9238adc1
ctx_price_slope_5 = close - close[-5],2026-06-28,0.9913,944f7204
ctx_price_slope_5 = close - close[-5],2026-06-29,0.9724,944f7204
ctx_price_slope_5 = close - close[-5],2026-06-30,0.9661,944f7204
ctx_price_slope_5 = close - close[-5],2026-07-01,0.9717,944f7204
ctx_price_slope_5 = close - close[-5],2026-07-02,0.9797,944f7204
ctx_price_slope_5 = close - close[-5],2026-07-03,0.9616,0658f3c8
ctx_price_slope_5 = close - close[-5],2026-07-05,0.9652,13efb186
ctx_price_slope_5 = close - close[-5],2026-07-06,0.9695,13efb186
ctx_price_slope_5 = close - close[-5],2026-07-07,0.9666,13efb186
ctx_price_slope_5 = close - close[-5],2026-07-08,0.9767,13efb186
ctx_price_slope_5 = close - close[-5],2026-07-09,0.9709,13efb186
ctx_price_slope_5 = close - close[-5],2026-07-10,0.9579,13efb186
ctx_price_slope_5 = close - close[-5],2026-07-12,0.9565,13efb186
ctx_price_slope_5 = close - close[-5],2026-07-13,0.9709,13efb186
ctx_price_slope_5 = close - close[-5],2026-07-14,0.9709,13efb186
ctx_price_slope_5 = close - close[-5],2026-07-15,0.9622,13efb186
ctx_price_slope_5 = close - close[-5],2026-07-16,0.9679,13efb186
ctx_price_slope_5 = close - close[-5],2026-07-17,0.9794,f6003b62
ctx_price_slope_5 = close - close[-5],2026-07-19,0.9826,f6003b62
ctx_price_slope_5 = close - close[-5],2026-07-20,0.9797,f6003b62
ctx_price_slope_5 = close - close[-5],2026-07-21,0.9629,f6003b62
ctx_price_slope_5 = close - close[-5],2026-07-22,0.9782,ed53e566
ctx_price_slope_5 = close - close[-5],2026-07-23,0.968,ed53e566
ctx_price_slope_5 = close - close[-5],2026-07-24,0.9802,ed53e566
ctx_price_slope_5 = close - close[-5],2026-07-26,0.9826,4981d53a
ctx_price_slope_5 = close - close[-5],2026-07-27,0.9608,4981d53a
ctx_price_slope_5 = close - close[-5],2026-07-28,0.9782,4981d53a
ctx_price_slope_5 = close - close[-5],2026-07-29,0.9804,4981d53a
ctx_price_slope_5 = close - close[-5],2026-07-30,0.9775,4981d53a
ctx_price_slope_5 = close - close[-5],2026-07-31,0.9745,4981d53a
ctx_price_slope_5 = close - close[-5],2026-08-03,0.9767,e9f2b72b
ctx_price_slope_5 = close - close[-5],2026-08-04,0.9688,1d20af93
ctx_price_slope_5 = close - close[-5],2026-08-05,0.9672,0e82f56e
ctx_price_slope_5 = close - close[-5],2026-08-06,0.9775,feec66f6
ctx_price_slope_5 = close - close[-5],2026-08-07,0.9626,287627ed
ctx_price_slope_5 = close - close[-5],2026-08-09,0.9304,43f2daf5
ctx_price_slope_5 = close - close[-5],2026-08-10,0.9555,78177655
ctx_price_slope_5 = close - close[-5],2026-08-11,0.9462,78177655
ctx_price_slope_5 = close - close[-5],2026-08-12,0.9419,78177655
ctx_price_slope_5 = close - close[-5],2026-08-13,0.9397,78177655
ctx_price_slope_5 = close - close[-5],2026-08-14,0.9373,78177655
ctx_price_slope_5 = close - close[-5],2026-08-16,0.8957,605df903
ctx_price_slope_5 = close - close[-5],2026-08-17,0.9266,605df903
ctx_price_slope_5 = close - close[-5],2026-08-18,0.9695,605df903
ctx_price_slope_5 = close - close[-5],2026-08-19,0.9651,605df903
ctx_price_slope_5 = close - close[-5],2026-08-20,0.9593,605df903
ctx_price_slope_5 = close - close[-5],2026-08-21,0.9627,605df903
ctx_price_slope_5 = close - close[-5],2026-08-23,0.9478,605df903
ctx_price_slope_5 = close - close[-5],2026-08-24,0.9608,605df903
ctx_price_slope_5 = close - close[-5],2026-08-25,0.9578,605df903
ctx_price_slope_5 = close - close[-5],2026-08-26,0.9637,605df903
ctx_price_slope_5 = close - close[-5],2026-08-27,0.9462,605df903
ctx_price_slope_5 = close - close[-5],2026-08-28,0.9516,605df903
ctx_price_slope_5 = close - close[-5],2026-08-30,0.9826,605df903
ctx_price_slope_5 = close - close[-5],2026-08-31,0.9346,605df903
ctx_price_slope_5 = close - close[-5],2026-09-01,0.9592,605df903
ctx_price_slope_5 = close - close[-5],2026-09-02,0.9527,605df903
ctx_price_slope_5 = close - close[-5],2026-09-03,0.9491,605df903
ctx_price_slope_5 = close - close[-5],2026-09-04,0.9477,605df903
atr_14m_pct = atr_14m/close*100,2026-06-10,1.0,None
atr_14m_pct = atr_14m/close*100,2026-06-11,1.0,c43dc080
atr_14m_pct = atr_14m/close*100,2026-06-12,0.7426,3d61b74d
atr_14m_pct = atr_14m/close*100,2026-06-15,0.9993,114b1ca4
atr_14m_pct = atr_14m/close*100,2026-06-16,1.0,e7199bc7
atr_14m_pct = atr_14m/close*100,2026-06-17,1.0,e7199bc7
atr_14m_pct = atr_14m/close*100,2026-06-18,1.0,e7199bc7
atr_14m_pct = atr_14m/close*100,2026-06-19,0.8182,9238adc1
atr_14m_pct = atr_14m/close*100,2026-06-21,1.0,9238adc1
atr_14m_pct = atr_14m/close*100,2026-06-22,1.0,9238adc1
atr_14m_pct = atr_14m/close*100,2026-06-23,1.0,9238adc1
atr_14m_pct = atr_14m/close*100,2026-06-24,1.0,9238adc1
atr_14m_pct = atr_14m/close*100,2026-06-25,1.0,9238adc1
atr_14m_pct = atr_14m/close*100,2026-06-26,1.0,9238adc1
atr_14m_pct = atr_14m/close*100,2026-06-28,1.0,944f7204
atr_14m_pct = atr_14m/close*100,2026-06-29,1.0,944f7204
atr_14m_pct = atr_14m/close*100,2026-06-30,1.0,944f7204
atr_14m_pct = atr_14m/close*100,2026-07-01,1.0,944f7204
atr_14m_pct = atr_14m/close*100,2026-07-02,1.0,944f7204
atr_14m_pct = atr_14m/close*100,2026-07-03,1.0,0658f3c8
atr_14m_pct = atr_14m/close*100,2026-07-05,1.0,13efb186
atr_14m_pct = atr_14m/close*100,2026-07-06,1.0,13efb186
atr_14m_pct = atr_14m/close*100,2026-07-07,1.0,13efb186
atr_14m_pct = atr_14m/close*100,2026-07-08,1.0,13efb186
atr_14m_pct = atr_14m/close*100,2026-07-09,1.0,13efb186
atr_14m_pct = atr_14m/close*100,2026-07-10,1.0,13efb186
atr_14m_pct = atr_14m/close*100,2026-07-12,1.0,13efb186
atr_14m_pct = atr_14m/close*100,2026-07-13,1.0,13efb186
atr_14m_pct = atr_14m/close*100,2026-07-14,1.0,13efb186
atr_14m_pct = atr_14m/close*100,2026-07-15,1.0,13efb186
atr_14m_pct = atr_14m/close*100,2026-07-16,1.0,13efb186
atr_14m_pct = atr_14m/close*100,2026-07-17,1.0,f6003b62
atr_14m_pct = atr_14m/close*100,2026-07-19,1.0,f6003b62
atr_14m_pct = atr_14m/close*100,2026-07-20,1.0,f6003b62
atr_14m_pct = atr_14m/close*100,2026-07-21,1.0,f6003b62
atr_14m_pct = atr_14m/close*100,2026-07-22,1.0,ed53e566
atr_14m_pct = atr_14m/close*100,2026-07-23,1.0,ed53e566
atr_14m_pct = atr_14m/close*100,2026-07-24,1.0,ed53e566
atr_14m_pct = atr_14m/close*100,2026-07-26,1.0,4981d53a
atr_14m_pct = atr_14m/close*100,2026-07-27,1.0,4981d53a
atr_14m_pct = atr_14m/close*100,2026-07-28,1.0,4981d53a
atr_14m_pct = atr_14m/close*100,2026-07-29,1.0,4981d53a
atr_14m_pct = atr_14m/close*100,2026-07-30,1.0,4981d53a
atr_14m_pct = atr_14m/close*100,2026-07-31,0.6187,4981d53a
atr_14m_pct = atr_14m/close*100,2026-08-03,1.0,e9f2b72b
atr_14m_pct = atr_14m/close*100,2026-08-04,1.0,1d20af93
atr_14m_pct = atr_14m/close*100,2026-08-05,0.4804,0e82f56e
atr_14m_pct = atr_14m/close*100,2026-08-06,1.0,feec66f6
atr_14m_pct = atr_14m/close*100,2026-08-07,1.0,287627ed
atr_14m_pct = atr_14m/close*100,2026-08-09,0.975,43f2daf5
atr_14m_pct = atr_14m/close*100,2026-08-10,0.6543,78177655
atr_14m_pct = atr_14m/close*100,2026-08-11,1.0,78177655
atr_14m_pct = atr_14m/close*100,2026-08-12,1.0,78177655
atr_14m_pct = atr_14m/close*100,2026-08-13,1.0,78177655
atr_14m_pct = atr_14m/close*100,2026-08-14,1.0,78177655
atr_14m_pct = atr_14m/close*100,2026-08-16,1.0,605df903
atr_14m_pct = atr_14m/close*100,2026-08-17,1.0,605df903
atr_14m_pct = atr_14m/close*100,2026-08-18,1.0,605df903
atr_14m_pct = atr_14m/close*100,2026-08-19,1.0,605df903
atr_14m_pct = atr_14m/close*100,2026-08-20,1.0,605df903
atr_14m_pct = atr_14m/close*100,2026-08-21,1.0,605df903
atr_14m_pct = atr_14m/close*100,2026-08-23,1.0,605df903
atr_14m_pct = atr_14m/close*100,2026-08-24,1.0,605df903
atr_14m_pct = atr_14m/close*100,2026-08-25,1.0,605df903
atr_14m_pct = atr_14m/close*100,2026-08-26,1.0,605df903
atr_14m_pct = atr_14m/close*100,2026-08-27,1.0,605df903
atr_14m_pct = atr_14m/close*100,2026-08-28,1.0,605df903
atr_14m_pct = atr_14m/close*100,2026-08-30,1.0,605df903
atr_14m_pct = atr_14m/close*100,2026-08-31,1.0,605df903
atr_14m_pct = atr_14m/close*100,2026-09-01,1.0,605df903
atr_14m_pct = atr_14m/close*100,2026-09-02,1.0,605df903
atr_14m_pct = atr_14m/close*100,2026-09-03,1.0,605df903
atr_14m_pct = atr_14m/close*100,2026-09-04,1.0,605df903
vol_per_sec = total_vol/bar_duration,2026-06-10,0.0,None
vol_per_sec = total_vol/bar_duration,2026-06-11,0.0,c43dc080
vol_per_sec = total_vol/bar_duration,2026-06-12,0.0,3d61b74d
vol_per_sec = total_vol/bar_duration,2026-06-15,0.0,114b1ca4
vol_per_sec = total_vol/bar_duration,2026-06-16,0.0,e7199bc7
vol_per_sec = total_vol/bar_duration,2026-06-17,0.0,e7199bc7
vol_per_sec = total_vol/bar_duration,2026-06-18,0.0,e7199bc7
vol_per_sec = total_vol/bar_duration,2026-06-19,0.0,9238adc1
vol_per_sec = total_vol/bar_duration,2026-06-21,0.0,9238adc1
vol_per_sec = total_vol/bar_duration,2026-06-22,0.0,9238adc1
vol_per_sec = total_vol/bar_duration,2026-06-23,0.0,9238adc1
vol_per_sec = total_vol/bar_duration,2026-06-24,0.0,9238adc1
vol_per_sec = total_vol/bar_duration,2026-06-25,0.0,9238adc1
vol_per_sec = total_vol/bar_duration,2026-06-26,0.0,9238adc1
vol_per_sec = total_vol/bar_duration,2026-06-28,0.0,944f7204
vol_per_sec = total_vol/bar_duration,2026-06-29,0.0,944f7204
vol_per_sec = total_vol/bar_duration,2026-06-30,0.0,944f7204
vol_per_sec = total_vol/bar_duration,2026-07-01,0.0,944f7204
vol_per_sec = total_vol/bar_duration,2026-07-02,0.0,944f7204
vol_per_sec = total_vol/bar_duration,2026-07-03,0.0,0658f3c8
vol_per_sec = total_vol/bar_duration,2026-07-05,0.0,13efb186
vol_per_sec = total_vol/bar_duration,2026-07-06,0.0,13efb186
vol_per_sec = total_vol/bar_duration,2026-07-07,0.0,13efb186
vol_per_sec = total_vol/bar_duration,2026-07-08,0.0,13efb186
vol_per_sec = total_vol/bar_duration,2026-07-09,0.0,13efb186
vol_per_sec = total_vol/bar_duration,2026-07-10,0.0,13efb186
vol_per_sec = total_vol/bar_duration,2026-07-12,0.0,13efb186
vol_per_sec = total_vol/bar_duration,2026-07-13,0.0,13efb186
vol_per_sec = total_vol/bar_duration,2026-07-14,0.0,13efb186
vol_per_sec = total_vol/bar_duration,2026-07-15,0.0,13efb186
vol_per_sec = total_vol/bar_duration,2026-07-16,0.0,13efb186
vol_per_sec = total_vol/bar_duration,2026-07-17,0.0,f6003b62
vol_per_sec = total_vol/bar_duration,2026-07-19,0.0,f6003b62
vol_per_sec = total_vol/bar_duration,2026-07-20,0.0,f6003b62
vol_per_sec = total_vol/bar_duration,2026-07-21,0.0,f6003b62
vol_per_sec = total_vol/bar_duration,2026-07-22,0.0,ed53e566
vol_per_sec = total_vol/bar_duration,2026-07-23,0.0,ed53e566
vol_per_sec = total_vol/bar_duration,2026-07-24,0.0,ed53e566
vol_per_sec = total_vol/bar_duration,2026-07-26,0.0,4981d53a
vol_per_sec = total_vol/bar_duration,2026-07-27,0.0,4981d53a
vol_per_sec = total_vol/bar_duration,2026-07-28,0.0,4981d53a
vol_per_sec = total_vol/bar_duration,2026-07-29,0.0,4981d53a
vol_per_sec = total_vol/bar_duration,2026-07-30,0.0,4981d53a
vol_per_sec = total_vol/bar_duration,2026-07-31,0.0,4981d53a
vol_per_sec = total_vol/bar_duration,2026-08-03,0.0,e9f2b72b
vol_per_sec = total_vol/bar_duration,2026-08-04,0.0,1d20af93
vol_per_sec = total_vol/bar_duration,2026-08-05,0.0,0e82f56e
vol_per_sec = total_vol/bar_duration,2026-08-06,0.0,feec66f6
vol_per_sec = total_vol/bar_duration,2026-08-07,0.0,287627ed
vol_per_sec = total_vol/bar_duration,2026-08-09,0.0,43f2daf5
vol_per_sec = total_vol/bar_duration,2026-08-10,0.0,78177655
vol_per_sec = total_vol/bar_duration,2026-08-11,0.0,78177655
vol_per_sec = total_vol/bar_duration,2026-08-12,0.0,78177655
vol_per_sec = total_vol/bar_duration,2026-08-13,0.0,78177655
vol_per_sec = total_vol/bar_duration,2026-08-14,0.0,78177655
vol_per_sec = total_vol/bar_duration,2026-08-16,0.0,605df903
vol_per_sec = total_vol/bar_duration,2026-08-17,0.0,605df903
vol_per_sec = total_vol/bar_duration,2026-08-18,0.0,605df903
vol_per_sec = total_vol/bar_duration,2026-08-19,0.0,605df903
vol_per_sec = total_vol/bar_duration,2026-08-20,0.0,605df903
vol_per_sec = total_vol/bar_duration,2026-08-21,0.0,605df903
vol_per_sec = total_vol/bar_duration,2026-08-23,0.0,605df903
vol_per_sec = total_vol/bar_duration,2026-08-24,0.0,605df903
vol_per_sec = total_vol/bar_duration,2026-08-25,0.0,605df903
vol_per_sec = total_vol/bar_duration,2026-08-26,0.0,605df903
vol_per_sec = total_vol/bar_duration,2026-08-27,0.0,605df903
vol_per_sec = total_vol/bar_duration,2026-08-28,0.0,605df903
vol_per_sec = total_vol/bar_duration,2026-08-30,0.0,605df903
vol_per_sec = total_vol/bar_duration,2026-08-31,0.0,605df903
vol_per_sec = total_vol/bar_duration,2026-09-01,0.0,605df903
vol_per_sec = total_vol/bar_duration,2026-09-02,0.0,605df903
vol_per_sec = total_vol/bar_duration,2026-09-03,0.0,605df903
vol_per_sec = total_vol/bar_duration,2026-09-04,0.0,605df903
"finish_delta_pct dans [0,1]",2026-06-10,0.0,None
"finish_delta_pct dans [0,1]",2026-06-11,0.0,c43dc080
"finish_delta_pct dans [0,1]",2026-06-12,0.0,3d61b74d
"finish_delta_pct dans [0,1]",2026-06-15,0.0,114b1ca4
"finish_delta_pct dans [0,1]",2026-06-16,0.0,e7199bc7
"finish_delta_pct dans [0,1]",2026-06-17,0.0,e7199bc7
"finish_delta_pct dans [0,1]",2026-06-18,0.0,e7199bc7
"finish_delta_pct dans [0,1]",2026-06-19,0.0,9238adc1
"finish_delta_pct dans [0,1]",2026-06-21,0.0,9238adc1
"finish_delta_pct dans [0,1]",2026-06-22,0.0,9238adc1
"finish_delta_pct dans [0,1]",2026-06-23,0.0,9238adc1
"finish_delta_pct dans [0,1]",2026-06-24,0.0,9238adc1
"finish_delta_pct dans [0,1]",2026-06-25,0.0,9238adc1
"finish_delta_pct dans [0,1]",2026-06-26,0.0,9238adc1
"finish_delta_pct dans [0,1]",2026-06-28,0.0,944f7204
"finish_delta_pct dans [0,1]",2026-06-29,0.0,944f7204
"finish_delta_pct dans [0,1]",2026-06-30,0.0,944f7204
"finish_delta_pct dans [0,1]",2026-07-01,0.0,944f7204
"finish_delta_pct dans [0,1]",2026-07-02,0.0,944f7204
"finish_delta_pct dans [0,1]",2026-07-03,0.0,0658f3c8
"finish_delta_pct dans [0,1]",2026-07-05,0.0,13efb186
"finish_delta_pct dans [0,1]",2026-07-06,0.0,13efb186
"finish_delta_pct dans [0,1]",2026-07-07,0.0,13efb186
"finish_delta_pct dans [0,1]",2026-07-08,0.0,13efb186
"finish_delta_pct dans [0,1]",2026-07-09,0.0,13efb186
"finish_delta_pct dans [0,1]",2026-07-10,0.0,13efb186
"finish_delta_pct dans [0,1]",2026-07-12,0.0,13efb186
"finish_delta_pct dans [0,1]",2026-07-13,0.0,13efb186
"finish_delta_pct dans [0,1]",2026-07-14,0.0,13efb186
"finish_delta_pct dans [0,1]",2026-07-15,0.0,13efb186
"finish_delta_pct dans [0,1]",2026-07-16,0.0,13efb186
"finish_delta_pct dans [0,1]",2026-07-17,0.0,f6003b62
"finish_delta_pct dans [0,1]",2026-07-19,0.0,f6003b62
"finish_delta_pct dans [0,1]",2026-07-20,0.0,f6003b62
"finish_delta_pct dans [0,1]",2026-07-21,0.0,f6003b62
"finish_delta_pct dans [0,1]",2026-07-22,0.0,ed53e566
"finish_delta_pct dans [0,1]",2026-07-23,0.0,ed53e566
"finish_delta_pct dans [0,1]",2026-07-24,0.0,ed53e566
"finish_delta_pct dans [0,1]",2026-07-26,0.0,4981d53a
"finish_delta_pct dans [0,1]",2026-07-27,0.0,4981d53a
"finish_delta_pct dans [0,1]",2026-07-28,0.0,4981d53a
"finish_delta_pct dans [0,1]",2026-07-29,0.0,4981d53a
"finish_delta_pct dans [0,1]",2026-07-30,0.0,4981d53a
"finish_delta_pct dans [0,1]",2026-07-31,0.0,4981d53a
"finish_delta_pct dans [0,1]",2026-08-03,0.0,e9f2b72b
"finish_delta_pct dans [0,1]",2026-08-04,0.0,1d20af93
"finish_delta_pct dans [0,1]",2026-08-05,0.0,0e82f56e
"finish_delta_pct dans [0,1]",2026-08-06,0.0,feec66f6
"finish_delta_pct dans [0,1]",2026-08-07,0.0,287627ed
"finish_delta_pct dans [0,1]",2026-08-09,0.0,43f2daf5
"finish_delta_pct dans [0,1]",2026-08-10,0.0,78177655
"finish_delta_pct dans [0,1]",2026-08-11,0.0,78177655
"finish_delta_pct dans [0,1]",2026-08-12,0.0,78177655
"finish_delta_pct dans [0,1]",2026-08-13,0.0,78177655
"finish_delta_pct dans [0,1]",2026-08-14,0.0,78177655
"finish_delta_pct dans [0,1]",2026-08-16,0.0,605df903
"finish_delta_pct dans [0,1]",2026-08-17,0.0,605df903
"finish_delta_pct dans [0,1]",2026-08-18,0.0,605df903
"finish_delta_pct dans [0,1]",2026-08-19,0.0,605df903
"finish_delta_pct dans [0,1]",2026-08-20,0.0,605df903
"finish_delta_pct dans [0,1]",2026-08-21,0.0,605df903
"finish_delta_pct dans [0,1]",2026-08-23,0.0,605df903
"finish_delta_pct dans [0,1]",2026-08-24,0.0,605df903
"finish_delta_pct dans [0,1]",2026-08-25,0.0,605df903
"finish_delta_pct dans [0,1]",2026-08-26,0.0,605df903
"finish_delta_pct dans [0,1]",2026-08-27,0.0,605df903
"finish_delta_pct dans [0,1]",2026-08-28,0.0,605df903
"finish_delta_pct dans [0,1]",2026-08-30,0.0,605df903
"finish_delta_pct dans [0,1]",2026-08-31,0.0,605df903
"finish_delta_pct dans [0,1]",2026-09-01,0.0,605df903
"finish_delta_pct dans [0,1]",2026-09-02,0.0,605df903
"finish_delta_pct dans [0,1]",2026-09-03,0.0,605df903
"finish_delta_pct dans [0,1]",2026-09-04,0.0,605df903
dist_1d_max_ticks = (pdh - close)/tick ?,2026-06-10,1.0,None
dist_1d_max_ticks = (pdh - close)/tick ?,2026-06-11,1.0,c43dc080
dist_1d_max_ticks = (pdh - close)/tick ?,2026-06-12,1.0,3d61b74d
dist_1d_max_ticks = (pdh - close)/tick ?,2026-06-15,1.0,114b1ca4
dist_1d_max_ticks = (pdh - close)/tick ?,2026-06-16,1.0,e7199bc7
dist_1d_max_ticks = (pdh - close)/tick ?,2026-06-17,1.0,e7199bc7
dist_1d_max_ticks = (pdh - close)/tick ?,2026-06-18,1.0,e7199bc7
dist_1d_max_ticks = (pdh - close)/tick ?,2026-06-19,1.0,9238adc1
dist_1d_max_ticks = (pdh - close)/tick ?,2026-06-21,1.0,9238adc1
dist_1d_max_ticks = (pdh - close)/tick ?,2026-06-22,1.0,9238adc1
dist_1d_max_ticks = (pdh - close)/tick ?,2026-06-23,1.0,9238adc1
dist_1d_max_ticks = (pdh - close)/tick ?,2026-06-24,1.0,9238adc1
dist_1d_max_ticks = (pdh - close)/tick ?,2026-06-25,1.0,9238adc1
dist_1d_max_ticks = (pdh - close)/tick ?,2026-06-26,1.0,9238adc1
dist_1d_max_ticks = (pdh - close)/tick ?,2026-06-28,1.0,944f7204
dist_1d_max_ticks = (pdh - close)/tick ?,2026-06-29,1.0,944f7204
dist_1d_max_ticks = (pdh - close)/tick ?,2026-06-30,1.0,944f7204
dist_1d_max_ticks = (pdh - close)/tick ?,2026-07-01,1.0,944f7204
dist_1d_max_ticks = (pdh - close)/tick ?,2026-07-02,1.0,944f7204
dist_1d_max_ticks = (pdh - close)/tick ?,2026-07-03,1.0,0658f3c8
dist_1d_max_ticks = (pdh - close)/tick ?,2026-07-05,1.0,13efb186
dist_1d_max_ticks = (pdh - close)/tick ?,2026-07-06,1.0,13efb186
dist_1d_max_ticks = (pdh - close)/tick ?,2026-07-07,1.0,13efb186
dist_1d_max_ticks = (pdh - close)/tick ?,2026-07-08,1.0,13efb186
dist_1d_max_ticks = (pdh - close)/tick ?,2026-07-09,1.0,13efb186
dist_1d_max_ticks = (pdh - close)/tick ?,2026-07-10,1.0,13efb186
dist_1d_max_ticks = (pdh - close)/tick ?,2026-07-12,1.0,13efb186
dist_1d_max_ticks = (pdh - close)/tick ?,2026-07-13,1.0,13efb186
dist_1d_max_ticks = (pdh - close)/tick ?,2026-07-14,1.0,13efb186
dist_1d_max_ticks = (pdh - close)/tick ?,2026-07-15,1.0,13efb186
dist_1d_max_ticks = (pdh - close)/tick ?,2026-07-16,1.0,13efb186
dist_1d_max_ticks = (pdh - close)/tick ?,2026-07-17,1.0,f6003b62
dist_1d_max_ticks = (pdh - close)/tick ?,2026-07-19,1.0,f6003b62
dist_1d_max_ticks = (pdh - close)/tick ?,2026-07-20,1.0,f6003b62
dist_1d_max_ticks = (pdh - close)/tick ?,2026-07-21,1.0,f6003b62
dist_1d_max_ticks = (pdh - close)/tick ?,2026-07-22,1.0,ed53e566
dist_1d_max_ticks = (pdh - close)/tick ?,2026-07-23,1.0,ed53e566
dist_1d_max_ticks = (pdh - close)/tick ?,2026-07-24,1.0,ed53e566
dist_1d_max_ticks = (pdh - close)/tick ?,2026-07-26,1.0,4981d53a
dist_1d_max_ticks = (pdh - close)/tick ?,2026-07-27,1.0,4981d53a
dist_1d_max_ticks = (pdh - close)/tick ?,2026-07-28,1.0,4981d53a
dist_1d_max_ticks = (pdh - close)/tick ?,2026-07-29,1.0,4981d53a
dist_1d_max_ticks = (pdh - close)/tick ?,2026-07-30,1.0,4981d53a
dist_1d_max_ticks = (pdh - close)/tick ?,2026-07-31,1.0,4981d53a
dist_1d_max_ticks = (pdh - close)/tick ?,2026-08-03,1.0,e9f2b72b
dist_1d_max_ticks = (pdh - close)/tick ?,2026-08-04,1.0,1d20af93
dist_1d_max_ticks = (pdh - close)/tick ?,2026-08-05,1.0,0e82f56e
dist_1d_max_ticks = (pdh - close)/tick ?,2026-08-06,1.0,feec66f6
dist_1d_max_ticks = (pdh - close)/tick ?,2026-08-07,1.0,287627ed
dist_1d_max_ticks = (pdh - close)/tick ?,2026-08-09,1.0,43f2daf5
dist_1d_max_ticks = (pdh - close)/tick ?,2026-08-10,1.0,78177655
dist_1d_max_ticks = (pdh - close)/tick ?,2026-08-11,1.0,78177655
dist_1d_max_ticks = (pdh - close)/tick ?,2026-08-12,1.0,78177655
dist_1d_max_ticks = (pdh - close)/tick ?,2026-08-13,1.0,78177655
dist_1d_max_ticks = (pdh - close)/tick ?,2026-08-14,1.0,78177655
dist_1d_max_ticks = (pdh - close)/tick ?,2026-08-16,1.0,605df903
dist_1d_max_ticks = (pdh - close)/tick ?,2026-08-17,1.0,605df903
dist_1d_max_ticks = (pdh - close)/tick ?,2026-08-18,1.0,605df903
dist_1d_max_ticks = (pdh - close)/tick ?,2026-08-19,1.0,605df903
dist_1d_max_ticks = (pdh - close)/tick ?,2026-08-20,1.0,605df903
dist_1d_max_ticks = (pdh - close)/tick ?,2026-08-21,1.0,605df903
dist_1d_max_ticks = (pdh - close)/tick ?,2026-08-23,1.0,605df903
dist_1d_max_ticks = (pdh - close)/tick ?,2026-08-24,1.0,605df903
dist_1d_max_ticks = (pdh - close)/tick ?,2026-08-25,1.0,605df903
dist_1d_max_ticks = (pdh - close)/tick ?,2026-08-26,1.0,605df903
dist_1d_max_ticks = (pdh - close)/tick ?,2026-08-27,1.0,605df903
dist_1d_max_ticks = (pdh - close)/tick ?,2026-08-28,1.0,605df903
dist_1d_max_ticks = (pdh - close)/tick ?,2026-08-30,1.0,605df903
dist_1d_max_ticks = (pdh - close)/tick ?,2026-08-31,1.0,605df903
dist_1d_max_ticks = (pdh - close)/tick ?,2026-09-01,1.0,605df903
dist_1d_max_ticks = (pdh - close)/tick ?,2026-09-02,1.0,605df903
dist_1d_max_ticks = (pdh - close)/tick ?,2026-09-03,1.0,605df903
dist_1d_max_ticks = (pdh - close)/tick ?,2026-09-04,1.0,605df903
dist_1d_max_ticks = (pdh-close)/atr_14m ?,2026-06-10,1.0,None
dist_1d_max_ticks = (pdh-close)/atr_14m ?,2026-06-11,1.0,c43dc080
dist_1d_max_ticks = (pdh-close)/atr_14m ?,2026-06-12,1.0,3d61b74d
dist_1d_max_ticks = (pdh-close)/atr_14m ?,2026-06-15,1.0,114b1ca4
dist_1d_max_ticks = (pdh-close)/atr_14m ?,2026-06-16,1.0,e7199bc7
dist_1d_max_ticks = (pdh-close)/atr_14m ?,2026-06-17,1.0,e7199bc7
dist_1d_max_ticks = (pdh-close)/atr_14m ?,2026-06-18,1.0,e7199bc7
dist_1d_max_ticks = (pdh-close)/atr_14m ?,2026-06-19,1.0,9238adc1
dist_1d_max_ticks = (pdh-close)/atr_14m ?,2026-06-21,1.0,9238adc1
dist_1d_max_ticks = (pdh-close)/atr_14m ?,2026-06-22,1.0,9238adc1
dist_1d_max_ticks = (pdh-close)/atr_14m ?,2026-06-23,1.0,9238adc1
dist_1d_max_ticks = (pdh-close)/atr_14m ?,2026-06-24,1.0,9238adc1
dist_1d_max_ticks = (pdh-close)/atr_14m ?,2026-06-25,1.0,9238adc1
dist_1d_max_ticks = (pdh-close)/atr_14m ?,2026-06-26,1.0,9238adc1
dist_1d_max_ticks = (pdh-close)/atr_14m ?,2026-06-28,1.0,944f7204
dist_1d_max_ticks = (pdh-close)/atr_14m ?,2026-06-29,1.0,944f7204
dist_1d_max_ticks = (pdh-close)/atr_14m ?,2026-06-30,1.0,944f7204
dist_1d_max_ticks = (pdh-close)/atr_14m ?,2026-07-01,1.0,944f7204
dist_1d_max_ticks = (pdh-close)/atr_14m ?,2026-07-02,1.0,944f7204
dist_1d_max_ticks = (pdh-close)/atr_14m ?,2026-07-03,1.0,0658f3c8
dist_1d_max_ticks = (pdh-close)/atr_14m ?,2026-07-05,1.0,13efb186
dist_1d_max_ticks = (pdh-close)/atr_14m ?,2026-07-06,1.0,13efb186
dist_1d_max_ticks = (pdh-close)/atr_14m ?,2026-07-07,1.0,13efb186
dist_1d_max_ticks = (pdh-close)/atr_14m ?,2026-07-08,1.0,13efb186
dist_1d_max_ticks = (pdh-close)/atr_14m ?,2026-07-09,1.0,13efb186
dist_1d_max_ticks = (pdh-close)/atr_14m ?,2026-07-10,1.0,13efb186
dist_1d_max_ticks = (pdh-close)/atr_14m ?,2026-07-12,1.0,13efb186
dist_1d_max_ticks = (pdh-close)/atr_14m ?,2026-07-13,1.0,13efb186
dist_1d_max_ticks = (pdh-close)/atr_14m ?,2026-07-14,1.0,13efb186
dist_1d_max_ticks = (pdh-close)/atr_14m ?,2026-07-15,1.0,13efb186
dist_1d_max_ticks = (pdh-close)/atr_14m ?,2026-07-16,1.0,13efb186
dist_1d_max_ticks = (pdh-close)/atr_14m ?,2026-07-17,1.0,f6003b62
dist_1d_max_ticks = (pdh-close)/atr_14m ?,2026-07-19,1.0,f6003b62
dist_1d_max_ticks = (pdh-close)/atr_14m ?,2026-07-20,1.0,f6003b62
dist_1d_max_ticks = (pdh-close)/atr_14m ?,2026-07-21,1.0,f6003b62
dist_1d_max_ticks = (pdh-close)/atr_14m ?,2026-07-22,1.0,ed53e566
dist_1d_max_ticks = (pdh-close)/atr_14m ?,2026-07-23,1.0,ed53e566
dist_1d_max_ticks = (pdh-close)/atr_14m ?,2026-07-24,1.0,ed53e566
dist_1d_max_ticks = (pdh-close)/atr_14m ?,2026-07-26,1.0,4981d53a
dist_1d_max_ticks = (pdh-close)/atr_14m ?,2026-07-27,1.0,4981d53a
dist_1d_max_ticks = (pdh-close)/atr_14m ?,2026-07-28,1.0,4981d53a
dist_1d_max_ticks = (pdh-close)/atr_14m ?,2026-07-29,1.0,4981d53a
dist_1d_max_ticks = (pdh-close)/atr_14m ?,2026-07-30,1.0,4981d53a
dist_1d_max_ticks = (pdh-close)/atr_14m ?,2026-07-31,1.0,4981d53a
dist_1d_max_ticks = (pdh-close)/atr_14m ?,2026-08-03,1.0,e9f2b72b
dist_1d_max_ticks = (pdh-close)/atr_14m ?,2026-08-04,1.0,1d20af93
dist_1d_max_ticks = (pdh-close)/atr_14m ?,2026-08-05,1.0,0e82f56e
dist_1d_max_ticks = (pdh-close)/atr_14m ?,2026-08-06,1.0,feec66f6
dist_1d_max_ticks = (pdh-close)/atr_14m ?,2026-08-07,1.0,287627ed
dist_1d_max_ticks = (pdh-close)/atr_14m ?,2026-08-09,1.0,43f2daf5
dist_1d_max_ticks = (pdh-close)/atr_14m ?,2026-08-10,1.0,78177655
dist_1d_max_ticks = (pdh-close)/atr_14m ?,2026-08-11,1.0,78177655
dist_1d_max_ticks = (pdh-close)/atr_14m ?,2026-08-12,1.0,78177655
dist_1d_max_ticks = (pdh-close)/atr_14m ?,2026-08-13,1.0,78177655
dist_1d_max_ticks = (pdh-close)/atr_14m ?,2026-08-14,1.0,78177655
dist_1d_max_ticks = (pdh-close)/atr_14m ?,2026-08-16,1.0,605df903
dist_1d_max_ticks = (pdh-close)/atr_14m ?,2026-08-17,1.0,605df903
dist_1d_max_ticks = (pdh-close)/atr_14m ?,2026-08-18,1.0,605df903
dist_1d_max_ticks = (pdh-close)/atr_14m ?,2026-08-19,1.0,605df903
dist_1d_max_ticks = (pdh-close)/atr_14m ?,2026-08-20,1.0,605df903
dist_1d_max_ticks = (pdh-close)/atr_14m ?,2026-08-21,1.0,605df903
dist_1d_max_ticks = (pdh-close)/atr_14m ?,2026-08-23,1.0,605df903
dist_1d_max_ticks = (pdh-close)/atr_14m ?,2026-08-24,1.0,605df903
dist_1d_max_ticks = (pdh-close)/atr_14m ?,2026-08-25,1.0,605df903
dist_1d_max_ticks = (pdh-close)/atr_14m ?,2026-08-26,1.0,605df903
dist_1d_max_ticks = (pdh-close)/atr_14m ?,2026-08-27,1.0,605df903
dist_1d_max_ticks = (pdh-close)/atr_14m ?,2026-08-28,1.0,605df903
dist_1d_max_ticks = (pdh-close)/atr_14m ?,2026-08-30,1.0,605df903
dist_1d_max_ticks = (pdh-close)/atr_14m ?,2026-08-31,1.0,605df903
dist_1d_max_ticks = (pdh-close)/atr_14m ?,2026-09-01,1.0,605df903
dist_1d_max_ticks = (pdh-close)/atr_14m ?,2026-09-02,1.0,605df903
dist_1d_max_ticks = (pdh-close)/atr_14m ?,2026-09-03,1.0,605df903
dist_1d_max_ticks = (pdh-close)/atr_14m ?,2026-09-04,1.0,605df903
dist_1d_max_ticks = (pdh-close)/atr ?,2026-06-10,1.0,None
dist_1d_max_ticks = (pdh-close)/atr ?,2026-06-11,0.9993,c43dc080
dist_1d_max_ticks = (pdh-close)/atr ?,2026-06-12,1.0,3d61b74d
dist_1d_max_ticks = (pdh-close)/atr ?,2026-06-15,1.0,114b1ca4
dist_1d_max_ticks = (pdh-close)/atr ?,2026-06-16,1.0,e7199bc7
dist_1d_max_ticks = (pdh-close)/atr ?,2026-06-17,1.0,e7199bc7
dist_1d_max_ticks = (pdh-close)/atr ?,2026-06-18,0.9986,e7199bc7
dist_1d_max_ticks = (pdh-close)/atr ?,2026-06-19,1.0,9238adc1
dist_1d_max_ticks = (pdh-close)/atr ?,2026-06-21,1.0,9238adc1
dist_1d_max_ticks = (pdh-close)/atr ?,2026-06-22,1.0,9238adc1
dist_1d_max_ticks = (pdh-close)/atr ?,2026-06-23,1.0,9238adc1
dist_1d_max_ticks = (pdh-close)/atr ?,2026-06-24,1.0,9238adc1
dist_1d_max_ticks = (pdh-close)/atr ?,2026-06-25,1.0,9238adc1
dist_1d_max_ticks = (pdh-close)/atr ?,2026-06-26,1.0,9238adc1
dist_1d_max_ticks = (pdh-close)/atr ?,2026-06-28,1.0,944f7204
dist_1d_max_ticks = (pdh-close)/atr ?,2026-06-29,1.0,944f7204
dist_1d_max_ticks = (pdh-close)/atr ?,2026-06-30,1.0,944f7204
dist_1d_max_ticks = (pdh-close)/atr ?,2026-07-01,1.0,944f7204
dist_1d_max_ticks = (pdh-close)/atr ?,2026-07-02,1.0,944f7204
dist_1d_max_ticks = (pdh-close)/atr ?,2026-07-03,1.0,0658f3c8
dist_1d_max_ticks = (pdh-close)/atr ?,2026-07-05,1.0,13efb186
dist_1d_max_ticks = (pdh-close)/atr ?,2026-07-06,1.0,13efb186
dist_1d_max_ticks = (pdh-close)/atr ?,2026-07-07,1.0,13efb186
dist_1d_max_ticks = (pdh-close)/atr ?,2026-07-08,1.0,13efb186
dist_1d_max_ticks = (pdh-close)/atr ?,2026-07-09,1.0,13efb186
dist_1d_max_ticks = (pdh-close)/atr ?,2026-07-10,1.0,13efb186
dist_1d_max_ticks = (pdh-close)/atr ?,2026-07-12,1.0,13efb186
dist_1d_max_ticks = (pdh-close)/atr ?,2026-07-13,1.0,13efb186
dist_1d_max_ticks = (pdh-close)/atr ?,2026-07-14,1.0,13efb186
dist_1d_max_ticks = (pdh-close)/atr ?,2026-07-15,1.0,13efb186
dist_1d_max_ticks = (pdh-close)/atr ?,2026-07-16,1.0,13efb186
dist_1d_max_ticks = (pdh-close)/atr ?,2026-07-17,1.0,f6003b62
dist_1d_max_ticks = (pdh-close)/atr ?,2026-07-19,1.0,f6003b62
dist_1d_max_ticks = (pdh-close)/atr ?,2026-07-20,1.0,f6003b62
dist_1d_max_ticks = (pdh-close)/atr ?,2026-07-21,1.0,f6003b62
dist_1d_max_ticks = (pdh-close)/atr ?,2026-07-22,1.0,ed53e566
dist_1d_max_ticks = (pdh-close)/atr ?,2026-07-23,1.0,ed53e566
dist_1d_max_ticks = (pdh-close)/atr ?,2026-07-24,1.0,ed53e566
dist_1d_max_ticks = (pdh-close)/atr ?,2026-07-26,1.0,4981d53a
dist_1d_max_ticks = (pdh-close)/atr ?,2026-07-27,1.0,4981d53a
dist_1d_max_ticks = (pdh-close)/atr ?,2026-07-28,1.0,4981d53a
dist_1d_max_ticks = (pdh-close)/atr ?,2026-07-29,1.0,4981d53a
dist_1d_max_ticks = (pdh-close)/atr ?,2026-07-30,1.0,4981d53a
dist_1d_max_ticks = (pdh-close)/atr ?,2026-07-31,1.0,4981d53a
dist_1d_max_ticks = (pdh-close)/atr ?,2026-08-03,1.0,e9f2b72b
dist_1d_max_ticks = (pdh-close)/atr ?,2026-08-04,1.0,1d20af93
dist_1d_max_ticks = (pdh-close)/atr ?,2026-08-05,1.0,0e82f56e
dist_1d_max_ticks = (pdh-close)/atr ?,2026-08-06,1.0,feec66f6
dist_1d_max_ticks = (pdh-close)/atr ?,2026-08-07,1.0,287627ed
dist_1d_max_ticks = (pdh-close)/atr ?,2026-08-09,1.0,43f2daf5
dist_1d_max_ticks = (pdh-close)/atr ?,2026-08-10,1.0,78177655
dist_1d_max_ticks = (pdh-close)/atr ?,2026-08-11,1.0,78177655
dist_1d_max_ticks = (pdh-close)/atr ?,2026-08-12,1.0,78177655
dist_1d_max_ticks = (pdh-close)/atr ?,2026-08-13,1.0,78177655
dist_1d_max_ticks = (pdh-close)/atr ?,2026-08-14,1.0,78177655
dist_1d_max_ticks = (pdh-close)/atr ?,2026-08-16,1.0,605df903
dist_1d_max_ticks = (pdh-close)/atr ?,2026-08-17,1.0,605df903
dist_1d_max_ticks = (pdh-close)/atr ?,2026-08-18,1.0,605df903
dist_1d_max_ticks = (pdh-close)/atr ?,2026-08-19,1.0,605df903
dist_1d_max_ticks = (pdh-close)/atr ?,2026-08-20,1.0,605df903
dist_1d_max_ticks = (pdh-close)/atr ?,2026-08-21,1.0,605df903
dist_1d_max_ticks = (pdh-close)/atr ?,2026-08-23,1.0,605df903
dist_1d_max_ticks = (pdh-close)/atr ?,2026-08-24,1.0,605df903
dist_1d_max_ticks = (pdh-close)/atr ?,2026-08-25,1.0,605df903
dist_1d_max_ticks = (pdh-close)/atr ?,2026-08-26,1.0,605df903
dist_1d_max_ticks = (pdh-close)/atr ?,2026-08-27,1.0,605df903
dist_1d_max_ticks = (pdh-close)/atr ?,2026-08-28,1.0,605df903
dist_1d_max_ticks = (pdh-close)/atr ?,2026-08-30,1.0,605df903
dist_1d_max_ticks = (pdh-close)/atr ?,2026-08-31,1.0,605df903
dist_1d_max_ticks = (pdh-close)/atr ?,2026-09-01,1.0,605df903
dist_1d_max_ticks = (pdh-close)/atr ?,2026-09-02,1.0,605df903
dist_1d_max_ticks = (pdh-close)/atr ?,2026-09-03,1.0,605df903
dist_1d_max_ticks = (pdh-close)/atr ?,2026-09-04,1.0,605df903
bool_above_vwap_d = (close > vwap_d),2026-06-10,0.0,None
bool_above_vwap_d = (close > vwap_d),2026-06-11,0.0,c43dc080
bool_above_vwap_d = (close > vwap_d),2026-06-12,0.0,3d61b74d
bool_above_vwap_d = (close > vwap_d),2026-06-15,0.0,114b1ca4
bool_above_vwap_d = (close > vwap_d),2026-06-16,0.0,e7199bc7
bool_above_vwap_d = (close > vwap_d),2026-06-17,0.0,e7199bc7
bool_above_vwap_d = (close > vwap_d),2026-06-18,0.0,e7199bc7
bool_above_vwap_d = (close > vwap_d),2026-06-19,0.0,9238adc1
bool_above_vwap_d = (close > vwap_d),2026-06-21,0.0,9238adc1
bool_above_vwap_d = (close > vwap_d),2026-06-22,0.0,9238adc1
bool_above_vwap_d = (close > vwap_d),2026-06-23,0.0,9238adc1
bool_above_vwap_d = (close > vwap_d),2026-06-24,0.0,9238adc1
bool_above_vwap_d = (close > vwap_d),2026-06-25,0.0,9238adc1
bool_above_vwap_d = (close > vwap_d),2026-06-26,0.0,9238adc1
bool_above_vwap_d = (close > vwap_d),2026-06-28,0.0,944f7204
bool_above_vwap_d = (close > vwap_d),2026-06-29,0.0,944f7204
bool_above_vwap_d = (close > vwap_d),2026-06-30,0.0,944f7204
bool_above_vwap_d = (close > vwap_d),2026-07-01,0.0,944f7204
bool_above_vwap_d = (close > vwap_d),2026-07-02,0.0,944f7204
bool_above_vwap_d = (close > vwap_d),2026-07-03,0.0,0658f3c8
bool_above_vwap_d = (close > vwap_d),2026-07-05,0.0,13efb186
bool_above_vwap_d = (close > vwap_d),2026-07-06,0.0,13efb186
bool_above_vwap_d = (close > vwap_d),2026-07-07,0.0,13efb186
bool_above_vwap_d = (close > vwap_d),2026-07-08,0.0,13efb186
bool_above_vwap_d = (close > vwap_d),2026-07-09,0.0,13efb186
bool_above_vwap_d = (close > vwap_d),2026-07-10,0.0008,13efb186
bool_above_vwap_d = (close > vwap_d),2026-07-12,0.0,13efb186
bool_above_vwap_d = (close > vwap_d),2026-07-13,0.0,13efb186
bool_above_vwap_d = (close > vwap_d),2026-07-14,0.0,13efb186
bool_above_vwap_d = (close > vwap_d),2026-07-15,0.0,13efb186
bool_above_vwap_d = (close > vwap_d),2026-07-16,0.0,13efb186
bool_above_vwap_d = (close > vwap_d),2026-07-17,0.0,f6003b62
bool_above_vwap_d = (close > vwap_d),2026-07-19,0.0,f6003b62
bool_above_vwap_d = (close > vwap_d),2026-07-20,0.0,f6003b62
bool_above_vwap_d = (close > vwap_d),2026-07-21,0.0,f6003b62
bool_above_vwap_d = (close > vwap_d),2026-07-22,0.0,ed53e566
bool_above_vwap_d = (close > vwap_d),2026-07-23,0.0,ed53e566
bool_above_vwap_d = (close > vwap_d),2026-07-24,0.0,ed53e566
bool_above_vwap_d = (close > vwap_d),2026-07-26,0.0,4981d53a
bool_above_vwap_d = (close > vwap_d),2026-07-27,0.0,4981d53a
bool_above_vwap_d = (close > vwap_d),2026-07-28,0.0,4981d53a
bool_above_vwap_d = (close > vwap_d),2026-07-29,0.0,4981d53a
bool_above_vwap_d = (close > vwap_d),2026-07-30,0.0,4981d53a
bool_above_vwap_d = (close > vwap_d),2026-07-31,0.0,4981d53a
bool_above_vwap_d = (close > vwap_d),2026-08-03,0.0,e9f2b72b
bool_above_vwap_d = (close > vwap_d),2026-08-04,0.0,1d20af93
bool_above_vwap_d = (close > vwap_d),2026-08-05,0.0,0e82f56e
bool_above_vwap_d = (close > vwap_d),2026-08-06,0.0,feec66f6
bool_above_vwap_d = (close > vwap_d),2026-08-07,0.0,287627ed
bool_above_vwap_d = (close > vwap_d),2026-08-09,0.0,43f2daf5
bool_above_vwap_d = (close > vwap_d),2026-08-10,0.0,78177655
bool_above_vwap_d = (close > vwap_d),2026-08-11,0.0,78177655
bool_above_vwap_d = (close > vwap_d),2026-08-12,0.0,78177655
bool_above_vwap_d = (close > vwap_d),2026-08-13,0.0,78177655
bool_above_vwap_d = (close > vwap_d),2026-08-14,0.0,78177655
bool_above_vwap_d = (close > vwap_d),2026-08-16,0.0,605df903
bool_above_vwap_d = (close > vwap_d),2026-08-17,0.0,605df903
bool_above_vwap_d = (close > vwap_d),2026-08-18,0.0,605df903
bool_above_vwap_d = (close > vwap_d),2026-08-19,0.0,605df903
bool_above_vwap_d = (close > vwap_d),2026-08-20,0.0,605df903
bool_above_vwap_d = (close > vwap_d),2026-08-21,0.0,605df903
bool_above_vwap_d = (close > vwap_d),2026-08-23,0.0,605df903
bool_above_vwap_d = (close > vwap_d),2026-08-24,0.0,605df903
bool_above_vwap_d = (close > vwap_d),2026-08-25,0.0,605df903
bool_above_vwap_d = (close > vwap_d),2026-08-26,0.0,605df903
bool_above_vwap_d = (close > vwap_d),2026-08-27,0.0,605df903
bool_above_vwap_d = (close > vwap_d),2026-08-28,0.0008,605df903
bool_above_vwap_d = (close > vwap_d),2026-08-30,0.0,605df903
bool_above_vwap_d = (close > vwap_d),2026-08-31,0.0,605df903
bool_above_vwap_d = (close > vwap_d),2026-09-01,0.0,605df903
bool_above_vwap_d = (close > vwap_d),2026-09-02,0.0,605df903
bool_above_vwap_d = (close > vwap_d),2026-09-03,0.0,605df903
bool_above_vwap_d = (close > vwap_d),2026-09-04,0.0,605df903
vwap_d_side = sign(close - vwap_d),2026-06-10,0.0,None
vwap_d_side = sign(close - vwap_d),2026-06-11,0.0,c43dc080
vwap_d_side = sign(close - vwap_d),2026-06-12,0.0,3d61b74d
vwap_d_side = sign(close - vwap_d),2026-06-15,0.0,114b1ca4
vwap_d_side = sign(close - vwap_d),2026-06-16,0.0,e7199bc7
vwap_d_side = sign(close - vwap_d),2026-06-17,0.0,e7199bc7
vwap_d_side = sign(close - vwap_d),2026-06-18,0.0,e7199bc7
vwap_d_side = sign(close - vwap_d),2026-06-19,0.0,9238adc1
vwap_d_side = sign(close - vwap_d),2026-06-21,0.0,9238adc1
vwap_d_side = sign(close - vwap_d),2026-06-22,0.0,9238adc1
vwap_d_side = sign(close - vwap_d),2026-06-23,0.0,9238adc1
vwap_d_side = sign(close - vwap_d),2026-06-24,0.0,9238adc1
vwap_d_side = sign(close - vwap_d),2026-06-25,0.0,9238adc1
vwap_d_side = sign(close - vwap_d),2026-06-26,0.0,9238adc1
vwap_d_side = sign(close - vwap_d),2026-06-28,0.0,944f7204
vwap_d_side = sign(close - vwap_d),2026-06-29,0.0,944f7204
vwap_d_side = sign(close - vwap_d),2026-06-30,0.0,944f7204
vwap_d_side = sign(close - vwap_d),2026-07-01,0.0,944f7204
vwap_d_side = sign(close - vwap_d),2026-07-02,0.0,944f7204
vwap_d_side = sign(close - vwap_d),2026-07-03,0.0,0658f3c8
vwap_d_side = sign(close - vwap_d),2026-07-05,0.0,13efb186
vwap_d_side = sign(close - vwap_d),2026-07-06,0.0,13efb186
vwap_d_side = sign(close - vwap_d),2026-07-07,0.0,13efb186
vwap_d_side = sign(close - vwap_d),2026-07-08,0.0,13efb186
vwap_d_side = sign(close - vwap_d),2026-07-09,0.0,13efb186
vwap_d_side = sign(close - vwap_d),2026-07-10,0.0008,13efb186
vwap_d_side = sign(close - vwap_d),2026-07-12,0.0,13efb186
vwap_d_side = sign(close - vwap_d),2026-07-13,0.0,13efb186
vwap_d_side = sign(close - vwap_d),2026-07-14,0.0,13efb186
vwap_d_side = sign(close - vwap_d),2026-07-15,0.0,13efb186
vwap_d_side = sign(close - vwap_d),2026-07-16,0.0,13efb186
vwap_d_side = sign(close - vwap_d),2026-07-17,0.0,f6003b62
vwap_d_side = sign(close - vwap_d),2026-07-19,0.0,f6003b62
vwap_d_side = sign(close - vwap_d),2026-07-20,0.0,f6003b62
vwap_d_side = sign(close - vwap_d),2026-07-21,0.0,f6003b62
vwap_d_side = sign(close - vwap_d),2026-07-22,0.0,ed53e566
vwap_d_side = sign(close - vwap_d),2026-07-23,0.0,ed53e566
vwap_d_side = sign(close - vwap_d),2026-07-24,0.0,ed53e566
vwap_d_side = sign(close - vwap_d),2026-07-26,0.0,4981d53a
vwap_d_side = sign(close - vwap_d),2026-07-27,0.0,4981d53a
vwap_d_side = sign(close - vwap_d),2026-07-28,0.0,4981d53a
vwap_d_side = sign(close - vwap_d),2026-07-29,0.0,4981d53a
vwap_d_side = sign(close - vwap_d),2026-07-30,0.0,4981d53a
vwap_d_side = sign(close - vwap_d),2026-07-31,0.0,4981d53a
vwap_d_side = sign(close - vwap_d),2026-08-03,0.0,e9f2b72b
vwap_d_side = sign(close - vwap_d),2026-08-04,0.0,1d20af93
vwap_d_side = sign(close - vwap_d),2026-08-05,0.0,0e82f56e
vwap_d_side = sign(close - vwap_d),2026-08-06,0.0,feec66f6
vwap_d_side = sign(close - vwap_d),2026-08-07,0.0,287627ed
vwap_d_side = sign(close - vwap_d),2026-08-09,0.0,43f2daf5
vwap_d_side = sign(close - vwap_d),2026-08-10,0.0,78177655
vwap_d_side = sign(close - vwap_d),2026-08-11,0.0,78177655
vwap_d_side = sign(close - vwap_d),2026-08-12,0.0,78177655
vwap_d_side = sign(close - vwap_d),2026-08-13,0.0,78177655
vwap_d_side = sign(close - vwap_d),2026-08-14,0.0,78177655
vwap_d_side = sign(close - vwap_d),2026-08-16,0.0,605df903
vwap_d_side = sign(close - vwap_d),2026-08-17,0.0,605df903
vwap_d_side = sign(close - vwap_d),2026-08-18,0.0,605df903
vwap_d_side = sign(close - vwap_d),2026-08-19,0.0,605df903
vwap_d_side = sign(close - vwap_d),2026-08-20,0.0,605df903
vwap_d_side = sign(close - vwap_d),2026-08-21,0.0,605df903
vwap_d_side = sign(close - vwap_d),2026-08-23,0.0,605df903
vwap_d_side = sign(close - vwap_d),2026-08-24,0.0,605df903
vwap_d_side = sign(close - vwap_d),2026-08-25,0.0,605df903
vwap_d_side = sign(close - vwap_d),2026-08-26,0.0,605df903
vwap_d_side = sign(close - vwap_d),2026-08-27,0.0,605df903
vwap_d_side = sign(close - vwap_d),2026-08-28,0.0008,605df903
vwap_d_side = sign(close - vwap_d),2026-08-30,0.0,605df903
vwap_d_side = sign(close - vwap_d),2026-08-31,0.0,605df903
vwap_d_side = sign(close - vwap_d),2026-09-01,0.0,605df903
vwap_d_side = sign(close - vwap_d),2026-09-02,0.0,605df903
vwap_d_side = sign(close - vwap_d),2026-09-03,0.0,605df903
vwap_d_side = sign(close - vwap_d),2026-09-04,0.0,605df903
inside_cur_va = val<=close<=vah,2026-06-10,0.4057,None
inside_cur_va = val<=close<=vah,2026-06-11,0.2399,c43dc080
inside_cur_va = val<=close<=vah,2026-06-12,0.0,3d61b74d
inside_cur_va = val<=close<=vah,2026-06-15,0.0,114b1ca4
inside_cur_va = val<=close<=vah,2026-06-16,0.0,e7199bc7
inside_cur_va = val<=close<=vah,2026-06-17,0.0,e7199bc7
inside_cur_va = val<=close<=vah,2026-06-18,0.0,e7199bc7
inside_cur_va = val<=close<=vah,2026-06-19,0.0,9238adc1
inside_cur_va = val<=close<=vah,2026-06-21,0.0,9238adc1
inside_cur_va = val<=close<=vah,2026-06-22,0.0,9238adc1
inside_cur_va = val<=close<=vah,2026-06-23,0.0,9238adc1
inside_cur_va = val<=close<=vah,2026-06-24,0.0,9238adc1
inside_cur_va = val<=close<=vah,2026-06-25,0.0,9238adc1
inside_cur_va = val<=close<=vah,2026-06-26,0.0,9238adc1
inside_cur_va = val<=close<=vah,2026-06-28,0.0,944f7204
inside_cur_va = val<=close<=vah,2026-06-29,0.0,944f7204
inside_cur_va = val<=close<=vah,2026-06-30,0.0,944f7204
inside_cur_va = val<=close<=vah,2026-07-01,0.0,944f7204
inside_cur_va = val<=close<=vah,2026-07-02,0.0,944f7204
inside_cur_va = val<=close<=vah,2026-07-03,0.0,0658f3c8
inside_cur_va = val<=close<=vah,2026-07-05,0.0,13efb186
inside_cur_va = val<=close<=vah,2026-07-06,0.0,13efb186
inside_cur_va = val<=close<=vah,2026-07-07,0.0,13efb186
inside_cur_va = val<=close<=vah,2026-07-08,0.0,13efb186
inside_cur_va = val<=close<=vah,2026-07-09,0.0,13efb186
inside_cur_va = val<=close<=vah,2026-07-10,0.0,13efb186
inside_cur_va = val<=close<=vah,2026-07-12,0.0,13efb186
inside_cur_va = val<=close<=vah,2026-07-13,0.0,13efb186
inside_cur_va = val<=close<=vah,2026-07-14,0.0,13efb186
inside_cur_va = val<=close<=vah,2026-07-15,0.0,13efb186
inside_cur_va = val<=close<=vah,2026-07-16,0.0,13efb186
inside_cur_va = val<=close<=vah,2026-07-17,0.0,f6003b62
inside_cur_va = val<=close<=vah,2026-07-19,0.0,f6003b62
inside_cur_va = val<=close<=vah,2026-07-20,0.0,f6003b62
inside_cur_va = val<=close<=vah,2026-07-21,0.0,f6003b62
inside_cur_va = val<=close<=vah,2026-07-22,0.0,ed53e566
inside_cur_va = val<=close<=vah,2026-07-23,0.0,ed53e566
inside_cur_va = val<=close<=vah,2026-07-24,0.0,ed53e566
inside_cur_va = val<=close<=vah,2026-07-26,0.0,4981d53a
inside_cur_va = val<=close<=vah,2026-07-27,0.0,4981d53a
inside_cur_va = val<=close<=vah,2026-07-28,0.0,4981d53a
inside_cur_va = val<=close<=vah,2026-07-29,0.0,4981d53a
inside_cur_va = val<=close<=vah,2026-07-30,0.0,4981d53a
inside_cur_va = val<=close<=vah,2026-07-31,0.0,4981d53a
inside_cur_va = val<=close<=vah,2026-08-03,0.0,e9f2b72b
inside_cur_va = val<=close<=vah,2026-08-04,0.0,1d20af93
inside_cur_va = val<=close<=vah,2026-08-05,0.0,0e82f56e
inside_cur_va = val<=close<=vah,2026-08-06,0.0,feec66f6
inside_cur_va = val<=close<=vah,2026-08-07,0.0,287627ed
inside_cur_va = val<=close<=vah,2026-08-09,0.0,43f2daf5
inside_cur_va = val<=close<=vah,2026-08-10,0.0,78177655
inside_cur_va = val<=close<=vah,2026-08-11,0.0,78177655
inside_cur_va = val<=close<=vah,2026-08-12,0.0,78177655
inside_cur_va = val<=close<=vah,2026-08-13,0.0,78177655
inside_cur_va = val<=close<=vah,2026-08-14,0.0,78177655
inside_cur_va = val<=close<=vah,2026-08-16,0.0,605df903
inside_cur_va = val<=close<=vah,2026-08-17,0.0007,605df903
inside_cur_va = val<=close<=vah,2026-08-18,0.0,605df903
inside_cur_va = val<=close<=vah,2026-08-19,0.0,605df903
inside_cur_va = val<=close<=vah,2026-08-20,0.0,605df903
inside_cur_va = val<=close<=vah,2026-08-21,0.0,605df903
inside_cur_va = val<=close<=vah,2026-08-23,0.0,605df903
inside_cur_va = val<=close<=vah,2026-08-24,0.0,605df903
inside_cur_va = val<=close<=vah,2026-08-25,0.0,605df903
inside_cur_va = val<=close<=vah,2026-08-26,0.0,605df903
inside_cur_va = val<=close<=vah,2026-08-27,0.0,605df903
inside_cur_va = val<=close<=vah,2026-08-28,0.0,605df903
inside_cur_va = val<=close<=vah,2026-08-30,0.0,605df903
inside_cur_va = val<=close<=vah,2026-08-31,0.0,605df903
inside_cur_va = val<=close<=vah,2026-09-01,0.0,605df903
inside_cur_va = val<=close<=vah,2026-09-02,0.0,605df903
inside_cur_va = val<=close<=vah,2026-09-03,0.0,605df903
inside_cur_va = val<=close<=vah,2026-09-04,0.0,605df903
bool_above_pdh <-> dist_pdh<0,2026-06-10,0.0067,None
bool_above_pdh <-> dist_pdh<0,2026-06-11,0.1348,c43dc080
bool_above_pdh <-> dist_pdh<0,2026-06-12,0.339,3d61b74d
bool_above_pdh <-> dist_pdh<0,2026-06-15,0.9138,114b1ca4
bool_above_pdh <-> dist_pdh<0,2026-06-16,0.0884,e7199bc7
bool_above_pdh <-> dist_pdh<0,2026-06-17,0.0,e7199bc7
bool_above_pdh <-> dist_pdh<0,2026-06-18,0.3123,e7199bc7
bool_above_pdh <-> dist_pdh<0,2026-06-19,0.0,9238adc1
bool_above_pdh <-> dist_pdh<0,2026-06-21,0.0083,9238adc1
bool_above_pdh <-> dist_pdh<0,2026-06-22,0.5906,9238adc1
bool_above_pdh <-> dist_pdh<0,2026-06-23,0.0,9238adc1
bool_above_pdh <-> dist_pdh<0,2026-06-24,0.0,9238adc1
bool_above_pdh <-> dist_pdh<0,2026-06-25,0.1326,9238adc1
bool_above_pdh <-> dist_pdh<0,2026-06-26,0.0,9238adc1
bool_above_pdh <-> dist_pdh<0,2026-06-28,0.0,944f7204
bool_above_pdh <-> dist_pdh<0,2026-06-29,0.0,944f7204
bool_above_pdh <-> dist_pdh<0,2026-06-30,0.0,944f7204
bool_above_pdh <-> dist_pdh<0,2026-07-01,0.0,944f7204
bool_above_pdh <-> dist_pdh<0,2026-07-02,0.0,944f7204
bool_above_pdh <-> dist_pdh<0,2026-07-03,0.0,0658f3c8
bool_above_pdh <-> dist_pdh<0,2026-07-05,0.0,13efb186
bool_above_pdh <-> dist_pdh<0,2026-07-06,0.0,13efb186
bool_above_pdh <-> dist_pdh<0,2026-07-07,0.0,13efb186
bool_above_pdh <-> dist_pdh<0,2026-07-08,0.0,13efb186
bool_above_pdh <-> dist_pdh<0,2026-07-09,0.0,13efb186
bool_above_pdh <-> dist_pdh<0,2026-07-10,0.0,13efb186
bool_above_pdh <-> dist_pdh<0,2026-07-12,0.0,13efb186
bool_above_pdh <-> dist_pdh<0,2026-07-13,0.0,13efb186
bool_above_pdh <-> dist_pdh<0,2026-07-14,0.0,13efb186
bool_above_pdh <-> dist_pdh<0,2026-07-15,0.0,13efb186
bool_above_pdh <-> dist_pdh<0,2026-07-16,0.0,13efb186
bool_above_pdh <-> dist_pdh<0,2026-07-17,0.0,f6003b62
bool_above_pdh <-> dist_pdh<0,2026-07-19,0.0,f6003b62
bool_above_pdh <-> dist_pdh<0,2026-07-20,0.0,f6003b62
bool_above_pdh <-> dist_pdh<0,2026-07-21,0.0,f6003b62
bool_above_pdh <-> dist_pdh<0,2026-07-22,0.0,ed53e566
bool_above_pdh <-> dist_pdh<0,2026-07-23,0.0,ed53e566
bool_above_pdh <-> dist_pdh<0,2026-07-24,0.0,ed53e566
bool_above_pdh <-> dist_pdh<0,2026-07-26,0.0,4981d53a
bool_above_pdh <-> dist_pdh<0,2026-07-27,0.0,4981d53a
bool_above_pdh <-> dist_pdh<0,2026-07-28,0.0,4981d53a
bool_above_pdh <-> dist_pdh<0,2026-07-29,0.0,4981d53a
bool_above_pdh <-> dist_pdh<0,2026-07-30,0.0,4981d53a
bool_above_pdh <-> dist_pdh<0,2026-07-31,0.0,4981d53a
bool_above_pdh <-> dist_pdh<0,2026-08-03,0.0,e9f2b72b
bool_above_pdh <-> dist_pdh<0,2026-08-04,0.0,1d20af93
bool_above_pdh <-> dist_pdh<0,2026-08-05,0.0,0e82f56e
bool_above_pdh <-> dist_pdh<0,2026-08-06,0.0,feec66f6
bool_above_pdh <-> dist_pdh<0,2026-08-07,0.0,287627ed
bool_above_pdh <-> dist_pdh<0,2026-08-09,0.0,43f2daf5
bool_above_pdh <-> dist_pdh<0,2026-08-10,0.0,78177655
bool_above_pdh <-> dist_pdh<0,2026-08-11,0.0,78177655
bool_above_pdh <-> dist_pdh<0,2026-08-12,0.0,78177655
bool_above_pdh <-> dist_pdh<0,2026-08-13,0.0,78177655
bool_above_pdh <-> dist_pdh<0,2026-08-14,0.0,78177655
bool_above_pdh <-> dist_pdh<0,2026-08-16,0.0,605df903
bool_above_pdh <-> dist_pdh<0,2026-08-17,0.0,605df903
bool_above_pdh <-> dist_pdh<0,2026-08-18,0.0,605df903
bool_above_pdh <-> dist_pdh<0,2026-08-19,0.0,605df903
bool_above_pdh <-> dist_pdh<0,2026-08-20,0.0,605df903
bool_above_pdh <-> dist_pdh<0,2026-08-21,0.0,605df903
bool_above_pdh <-> dist_pdh<0,2026-08-23,0.0,605df903
bool_above_pdh <-> dist_pdh<0,2026-08-24,0.0,605df903
bool_above_pdh <-> dist_pdh<0,2026-08-25,0.0,605df903
bool_above_pdh <-> dist_pdh<0,2026-08-26,0.0,605df903
bool_above_pdh <-> dist_pdh<0,2026-08-27,0.0,605df903
bool_above_pdh <-> dist_pdh<0,2026-08-28,0.0,605df903
bool_above_pdh <-> dist_pdh<0,2026-08-30,0.0,605df903
bool_above_pdh <-> dist_pdh<0,2026-08-31,0.0,605df903
bool_above_pdh <-> dist_pdh<0,2026-09-01,0.0,605df903
bool_above_pdh <-> dist_pdh<0,2026-09-02,0.0,605df903
bool_above_pdh <-> dist_pdh<0,2026-09-03,0.0,605df903
bool_above_pdh <-> dist_pdh<0,2026-09-04,0.0,605df903
