check,jour,taux_echec,boot_id
"high >= max(open,close)",2026-06-11,0.0,c43dc080
"high >= max(open,close)",2026-06-14,0.0,114b1ca4
"high >= max(open,close)",2026-06-15,0.0,114b1ca4
"high >= max(open,close)",2026-06-16,0.0,e7199bc7
"high >= max(open,close)",2026-06-17,0.0,e7199bc7
"high >= max(open,close)",2026-06-18,0.0,e7199bc7
"high >= max(open,close)",2026-06-21,0.0,9238adc1
"high >= max(open,close)",2026-06-22,0.0,9238adc1
"high >= max(open,close)",2026-06-23,0.0,9238adc1
"high >= max(open,close)",2026-06-26,0.0,9238adc1
"high >= max(open,close)",2026-06-28,0.0,944f7204
"high >= max(open,close)",2026-06-29,0.0,944f7204
"high >= max(open,close)",2026-07-01,0.0,944f7204
"high >= max(open,close)",2026-07-02,0.0,944f7204
"high >= max(open,close)",2026-07-05,0.0,13efb186
"high >= max(open,close)",2026-07-06,0.0,13efb186
"high >= max(open,close)",2026-07-07,0.0,13efb186
"high >= max(open,close)",2026-07-08,0.0,13efb186
"high >= max(open,close)",2026-07-09,0.0,13efb186
"high >= max(open,close)",2026-07-10,0.0,13efb186
"high >= max(open,close)",2026-07-12,0.0,13efb186
"high >= max(open,close)",2026-07-13,0.0,13efb186
"high >= max(open,close)",2026-07-14,0.0,13efb186
"high >= max(open,close)",2026-07-15,0.0,13efb186
"high >= max(open,close)",2026-07-16,0.0,13efb186
"high >= max(open,close)",2026-07-17,0.0,f6003b62
"high >= max(open,close)",2026-07-19,0.0,f6003b62
"high >= max(open,close)",2026-07-20,0.0,f6003b62
"high >= max(open,close)",2026-07-21,0.0,f6003b62
"high >= max(open,close)",2026-07-22,0.0,ed53e566
"high >= max(open,close)",2026-07-23,0.0,ed53e566
"high >= max(open,close)",2026-07-24,0.0,ed53e566
"high >= max(open,close)",2026-07-26,0.0,4981d53a
"high >= max(open,close)",2026-07-27,0.0,4981d53a
"high >= max(open,close)",2026-07-28,0.0,4981d53a
"high >= max(open,close)",2026-07-29,0.0,4981d53a
"high >= max(open,close)",2026-07-30,0.0,4981d53a
"high >= max(open,close)",2026-07-31,0.0,4981d53a
"high >= max(open,close)",2026-08-04,0.0,1d20af93
"high >= max(open,close)",2026-08-06,0.0,feec66f6
"high >= max(open,close)",2026-08-07,0.0,287627ed
"high >= max(open,close)",2026-08-09,0.0,43f2daf5
"high >= max(open,close)",2026-08-11,0.0,78177655
"high >= max(open,close)",2026-08-12,0.0,78177655
"high >= max(open,close)",2026-08-13,0.0,78177655
"high >= max(open,close)",2026-08-14,0.0,78177655
"high >= max(open,close)",2026-08-16,0.0,605df903
"high >= max(open,close)",2026-08-17,0.0,605df903
"high >= max(open,close)",2026-08-18,0.0,605df903
"high >= max(open,close)",2026-08-19,0.0,605df903
"high >= max(open,close)",2026-08-20,0.0,605df903
"high >= max(open,close)",2026-08-21,0.0,605df903
"high >= max(open,close)",2026-08-23,0.0,605df903
"high >= max(open,close)",2026-08-24,0.0,605df903
"high >= max(open,close)",2026-08-25,0.0,605df903
"high >= max(open,close)",2026-08-26,0.0,605df903
"high >= max(open,close)",2026-08-27,0.0,605df903
"high >= max(open,close)",2026-08-28,0.0,605df903
"high >= max(open,close)",2026-08-30,0.0,605df903
"high >= max(open,close)",2026-08-31,0.0,605df903
"high >= max(open,close)",2026-09-01,0.0,605df903
"high >= max(open,close)",2026-09-02,0.0,605df903
"high >= max(open,close)",2026-09-03,0.0,605df903
"low  <= min(open,close)",2026-06-11,0.0,c43dc080
"low  <= min(open,close)",2026-06-14,0.0,114b1ca4
"low  <= min(open,close)",2026-06-15,0.0,114b1ca4
"low  <= min(open,close)",2026-06-16,0.0,e7199bc7
"low  <= min(open,close)",2026-06-17,0.0,e7199bc7
"low  <= min(open,close)",2026-06-18,0.0,e7199bc7
"low  <= min(open,close)",2026-06-21,0.0,9238adc1
"low  <= min(open,close)",2026-06-22,0.0,9238adc1
"low  <= min(open,close)",2026-06-23,0.0,9238adc1
"low  <= min(open,close)",2026-06-26,0.0,9238adc1
"low  <= min(open,close)",2026-06-28,0.0,944f7204
"low  <= min(open,close)",2026-06-29,0.0,944f7204
"low  <= min(open,close)",2026-07-01,0.0,944f7204
"low  <= min(open,close)",2026-07-02,0.0,944f7204
"low  <= min(open,close)",2026-07-05,0.0,13efb186
"low  <= min(open,close)",2026-07-06,0.0,13efb186
"low  <= min(open,close)",2026-07-07,0.0,13efb186
"low  <= min(open,close)",2026-07-08,0.0,13efb186
"low  <= min(open,close)",2026-07-09,0.0,13efb186
"low  <= min(open,close)",2026-07-10,0.0,13efb186
"low  <= min(open,close)",2026-07-12,0.0,13efb186
"low  <= min(open,close)",2026-07-13,0.0,13efb186
"low  <= min(open,close)",2026-07-14,0.0,13efb186
"low  <= min(open,close)",2026-07-15,0.0,13efb186
"low  <= min(open,close)",2026-07-16,0.0,13efb186
"low  <= min(open,close)",2026-07-17,0.0,f6003b62
"low  <= min(open,close)",2026-07-19,0.0,f6003b62
"low  <= min(open,close)",2026-07-20,0.0,f6003b62
"low  <= min(open,close)",2026-07-21,0.0,f6003b62
"low  <= min(open,close)",2026-07-22,0.0,ed53e566
"low  <= min(open,close)",2026-07-23,0.0,ed53e566
"low  <= min(open,close)",2026-07-24,0.0,ed53e566
"low  <= min(open,close)",2026-07-26,0.0,4981d53a
"low  <= min(open,close)",2026-07-27,0.0,4981d53a
"low  <= min(open,close)",2026-07-28,0.0,4981d53a
"low  <= min(open,close)",2026-07-29,0.0,4981d53a
"low  <= min(open,close)",2026-07-30,0.0,4981d53a
"low  <= min(open,close)",2026-07-31,0.0,4981d53a
"low  <= min(open,close)",2026-08-04,0.0,1d20af93
"low  <= min(open,close)",2026-08-06,0.0,feec66f6
"low  <= min(open,close)",2026-08-07,0.0,287627ed
"low  <= min(open,close)",2026-08-09,0.0,43f2daf5
"low  <= min(open,close)",2026-08-11,0.0,78177655
"low  <= min(open,close)",2026-08-12,0.0,78177655
"low  <= min(open,close)",2026-08-13,0.0,78177655
"low  <= min(open,close)",2026-08-14,0.0,78177655
"low  <= min(open,close)",2026-08-16,0.0,605df903
"low  <= min(open,close)",2026-08-17,0.0,605df903
"low  <= min(open,close)",2026-08-18,0.0,605df903
"low  <= min(open,close)",2026-08-19,0.0,605df903
"low  <= min(open,close)",2026-08-20,0.0,605df903
"low  <= min(open,close)",2026-08-21,0.0,605df903
"low  <= min(open,close)",2026-08-23,0.0,605df903
"low  <= min(open,close)",2026-08-24,0.0,605df903
"low  <= min(open,close)",2026-08-25,0.0,605df903
"low  <= min(open,close)",2026-08-26,0.0,605df903
"low  <= min(open,close)",2026-08-27,0.0,605df903
"low  <= min(open,close)",2026-08-28,0.0,605df903
"low  <= min(open,close)",2026-08-30,0.0,605df903
"low  <= min(open,close)",2026-08-31,0.0,605df903
"low  <= min(open,close)",2026-09-01,0.0,605df903
"low  <= min(open,close)",2026-09-02,0.0,605df903
"low  <= min(open,close)",2026-09-03,0.0,605df903
range_size = high-low (pts),2026-06-11,0.0,c43dc080
range_size = high-low (pts),2026-06-14,0.0,114b1ca4
range_size = high-low (pts),2026-06-15,0.0,114b1ca4
range_size = high-low (pts),2026-06-16,0.0,e7199bc7
range_size = high-low (pts),2026-06-17,0.0,e7199bc7
range_size = high-low (pts),2026-06-18,0.0,e7199bc7
range_size = high-low (pts),2026-06-21,0.0,9238adc1
range_size = high-low (pts),2026-06-22,0.0,9238adc1
range_size = high-low (pts),2026-06-23,0.0,9238adc1
range_size = high-low (pts),2026-06-26,0.0,9238adc1
range_size = high-low (pts),2026-06-28,0.0,944f7204
range_size = high-low (pts),2026-06-29,0.0,944f7204
range_size = high-low (pts),2026-07-01,0.0,944f7204
range_size = high-low (pts),2026-07-02,0.0,944f7204
range_size = high-low (pts),2026-07-05,0.0,13efb186
range_size = high-low (pts),2026-07-06,0.0,13efb186
range_size = high-low (pts),2026-07-07,0.0,13efb186
range_size = high-low (pts),2026-07-08,0.0,13efb186
range_size = high-low (pts),2026-07-09,0.0,13efb186
range_size = high-low (pts),2026-07-10,0.0,13efb186
range_size = high-low (pts),2026-07-12,0.0,13efb186
range_size = high-low (pts),2026-07-13,0.0,13efb186
range_size = high-low (pts),2026-07-14,0.0,13efb186
range_size = high-low (pts),2026-07-15,0.0,13efb186
range_size = high-low (pts),2026-07-16,0.0,13efb186
range_size = high-low (pts),2026-07-17,0.0,f6003b62
range_size = high-low (pts),2026-07-19,0.0,f6003b62
range_size = high-low (pts),2026-07-20,0.0,f6003b62
range_size = high-low (pts),2026-07-21,0.0,f6003b62
range_size = high-low (pts),2026-07-22,0.0,ed53e566
range_size = high-low (pts),2026-07-23,0.0,ed53e566
range_size = high-low (pts),2026-07-24,0.0,ed53e566
range_size = high-low (pts),2026-07-26,0.0,4981d53a
range_size = high-low (pts),2026-07-27,0.0,4981d53a
range_size = high-low (pts),2026-07-28,0.0,4981d53a
range_size = high-low (pts),2026-07-29,0.0,4981d53a
range_size = high-low (pts),2026-07-30,0.0,4981d53a
range_size = high-low (pts),2026-07-31,0.0,4981d53a
range_size = high-low (pts),2026-08-04,0.0,1d20af93
range_size = high-low (pts),2026-08-06,0.0,feec66f6
range_size = high-low (pts),2026-08-07,0.0,287627ed
range_size = high-low (pts),2026-08-09,0.0,43f2daf5
range_size = high-low (pts),2026-08-11,0.0,78177655
range_size = high-low (pts),2026-08-12,0.0,78177655
range_size = high-low (pts),2026-08-13,0.0,78177655
range_size = high-low (pts),2026-08-14,0.0,78177655
range_size = high-low (pts),2026-08-16,0.0,605df903
range_size = high-low (pts),2026-08-17,0.0,605df903
range_size = high-low (pts),2026-08-18,0.0,605df903
range_size = high-low (pts),2026-08-19,0.0,605df903
range_size = high-low (pts),2026-08-20,0.0,605df903
range_size = high-low (pts),2026-08-21,0.0,605df903
range_size = high-low (pts),2026-08-23,0.0,605df903
range_size = high-low (pts),2026-08-24,0.0,605df903
range_size = high-low (pts),2026-08-25,0.0,605df903
range_size = high-low (pts),2026-08-26,0.0,605df903
range_size = high-low (pts),2026-08-27,0.0,605df903
range_size = high-low (pts),2026-08-28,0.0,605df903
range_size = high-low (pts),2026-08-30,0.0,605df903
range_size = high-low (pts),2026-08-31,0.0,605df903
range_size = high-low (pts),2026-09-01,0.0,605df903
range_size = high-low (pts),2026-09-02,0.0,605df903
range_size = high-low (pts),2026-09-03,0.0,605df903
bar_body_ticks = |close-open|/tick,2026-06-11,0.4557,c43dc080
bar_body_ticks = |close-open|/tick,2026-06-14,0.0,114b1ca4
bar_body_ticks = |close-open|/tick,2026-06-15,0.436,114b1ca4
bar_body_ticks = |close-open|/tick,2026-06-16,0.4453,e7199bc7
bar_body_ticks = |close-open|/tick,2026-06-17,0.4351,e7199bc7
bar_body_ticks = |close-open|/tick,2026-06-18,0.4767,e7199bc7
bar_body_ticks = |close-open|/tick,2026-06-21,0.5042,9238adc1
bar_body_ticks = |close-open|/tick,2026-06-22,0.4431,9238adc1
bar_body_ticks = |close-open|/tick,2026-06-23,0.4931,9238adc1
bar_body_ticks = |close-open|/tick,2026-06-26,0.4659,9238adc1
bar_body_ticks = |close-open|/tick,2026-06-28,0.4622,944f7204
bar_body_ticks = |close-open|/tick,2026-06-29,0.4387,944f7204
bar_body_ticks = |close-open|/tick,2026-07-01,0.4315,944f7204
bar_body_ticks = |close-open|/tick,2026-07-02,0.4528,944f7204
bar_body_ticks = |close-open|/tick,2026-07-05,0.4286,13efb186
bar_body_ticks = |close-open|/tick,2026-07-06,0.4605,13efb186
bar_body_ticks = |close-open|/tick,2026-07-07,0.4453,13efb186
bar_body_ticks = |close-open|/tick,2026-07-08,0.4735,13efb186
bar_body_ticks = |close-open|/tick,2026-07-09,0.4199,13efb186
bar_body_ticks = |close-open|/tick,2026-07-10,0.4071,13efb186
bar_body_ticks = |close-open|/tick,2026-07-12,0.4202,13efb186
bar_body_ticks = |close-open|/tick,2026-07-13,0.4648,13efb186
bar_body_ticks = |close-open|/tick,2026-07-14,0.446,13efb186
bar_body_ticks = |close-open|/tick,2026-07-15,0.4286,13efb186
bar_body_ticks = |close-open|/tick,2026-07-16,0.471,13efb186
bar_body_ticks = |close-open|/tick,2026-07-17,0.4794,f6003b62
bar_body_ticks = |close-open|/tick,2026-07-19,0.4286,f6003b62
bar_body_ticks = |close-open|/tick,2026-07-20,0.4641,f6003b62
bar_body_ticks = |close-open|/tick,2026-07-21,0.4136,f6003b62
bar_body_ticks = |close-open|/tick,2026-07-22,0.454,ed53e566
bar_body_ticks = |close-open|/tick,2026-07-23,0.4561,ed53e566
bar_body_ticks = |close-open|/tick,2026-07-24,0.4678,ed53e566
bar_body_ticks = |close-open|/tick,2026-07-26,0.4706,4981d53a
bar_body_ticks = |close-open|/tick,2026-07-27,0.4482,4981d53a
bar_body_ticks = |close-open|/tick,2026-07-28,0.4605,4981d53a
bar_body_ticks = |close-open|/tick,2026-07-29,0.4706,4981d53a
bar_body_ticks = |close-open|/tick,2026-07-30,0.4431,4981d53a
bar_body_ticks = |close-open|/tick,2026-07-31,0.4408,4981d53a
bar_body_ticks = |close-open|/tick,2026-08-04,0.4003,1d20af93
bar_body_ticks = |close-open|/tick,2026-08-06,0.4503,feec66f6
bar_body_ticks = |close-open|/tick,2026-08-07,0.4262,287627ed
bar_body_ticks = |close-open|/tick,2026-08-09,0.3866,43f2daf5
bar_body_ticks = |close-open|/tick,2026-08-11,0.4107,78177655
bar_body_ticks = |close-open|/tick,2026-08-12,0.3865,78177655
bar_body_ticks = |close-open|/tick,2026-08-13,0.38,78177655
bar_body_ticks = |close-open|/tick,2026-08-14,0.3908,78177655
bar_body_ticks = |close-open|/tick,2026-08-16,0.2857,605df903
bar_body_ticks = |close-open|/tick,2026-08-17,0.3878,605df903
bar_body_ticks = |close-open|/tick,2026-08-18,0.4511,605df903
bar_body_ticks = |close-open|/tick,2026-08-19,0.4213,605df903
bar_body_ticks = |close-open|/tick,2026-08-20,0.4598,605df903
bar_body_ticks = |close-open|/tick,2026-08-21,0.4381,605df903
bar_body_ticks = |close-open|/tick,2026-08-23,0.3445,605df903
bar_body_ticks = |close-open|/tick,2026-08-24,0.4286,605df903
bar_body_ticks = |close-open|/tick,2026-08-25,0.4344,605df903
bar_body_ticks = |close-open|/tick,2026-08-26,0.4119,605df903
bar_body_ticks = |close-open|/tick,2026-08-27,0.422,605df903
bar_body_ticks = |close-open|/tick,2026-08-28,0.4175,605df903
bar_body_ticks = |close-open|/tick,2026-08-30,0.4202,605df903
bar_body_ticks = |close-open|/tick,2026-08-31,0.401,605df903
bar_body_ticks = |close-open|/tick,2026-09-01,0.4326,605df903
bar_body_ticks = |close-open|/tick,2026-09-02,0.4375,605df903
bar_body_ticks = |close-open|/tick,2026-09-03,0.4115,605df903
bar_body_pct = body/range*100,2026-06-11,0.4557,c43dc080
bar_body_pct = body/range*100,2026-06-14,0.0,114b1ca4
bar_body_pct = body/range*100,2026-06-15,0.436,114b1ca4
bar_body_pct = body/range*100,2026-06-16,0.4453,e7199bc7
bar_body_pct = body/range*100,2026-06-17,0.4354,e7199bc7
bar_body_pct = body/range*100,2026-06-18,0.4767,e7199bc7
bar_body_pct = body/range*100,2026-06-21,0.5042,9238adc1
bar_body_pct = body/range*100,2026-06-22,0.4431,9238adc1
bar_body_pct = body/range*100,2026-06-23,0.4931,9238adc1
bar_body_pct = body/range*100,2026-06-26,0.4659,9238adc1
bar_body_pct = body/range*100,2026-06-28,0.4622,944f7204
bar_body_pct = body/range*100,2026-06-29,0.4394,944f7204
bar_body_pct = body/range*100,2026-07-01,0.4315,944f7204
bar_body_pct = body/range*100,2026-07-02,0.4528,944f7204
bar_body_pct = body/range*100,2026-07-05,0.4286,13efb186
bar_body_pct = body/range*100,2026-07-06,0.4605,13efb186
bar_body_pct = body/range*100,2026-07-07,0.4456,13efb186
bar_body_pct = body/range*100,2026-07-08,0.4735,13efb186
bar_body_pct = body/range*100,2026-07-09,0.4199,13efb186
bar_body_pct = body/range*100,2026-07-10,0.4075,13efb186
bar_body_pct = body/range*100,2026-07-12,0.4237,13efb186
bar_body_pct = body/range*100,2026-07-13,0.4648,13efb186
bar_body_pct = body/range*100,2026-07-14,0.446,13efb186
bar_body_pct = body/range*100,2026-07-15,0.4289,13efb186
bar_body_pct = body/range*100,2026-07-16,0.471,13efb186
bar_body_pct = body/range*100,2026-07-17,0.4794,f6003b62
bar_body_pct = body/range*100,2026-07-19,0.4286,f6003b62
bar_body_pct = body/range*100,2026-07-20,0.4641,f6003b62
bar_body_pct = body/range*100,2026-07-21,0.4142,f6003b62
bar_body_pct = body/range*100,2026-07-22,0.4546,ed53e566
bar_body_pct = body/range*100,2026-07-23,0.4561,ed53e566
bar_body_pct = body/range*100,2026-07-24,0.4678,ed53e566
bar_body_pct = body/range*100,2026-07-26,0.4706,4981d53a
bar_body_pct = body/range*100,2026-07-27,0.4485,4981d53a
bar_body_pct = body/range*100,2026-07-28,0.4605,4981d53a
bar_body_pct = body/range*100,2026-07-29,0.4706,4981d53a
bar_body_pct = body/range*100,2026-07-30,0.4431,4981d53a
bar_body_pct = body/range*100,2026-07-31,0.4408,4981d53a
bar_body_pct = body/range*100,2026-08-04,0.4017,1d20af93
bar_body_pct = body/range*100,2026-08-06,0.4513,feec66f6
bar_body_pct = body/range*100,2026-08-07,0.4269,287627ed
bar_body_pct = body/range*100,2026-08-09,0.3866,43f2daf5
bar_body_pct = body/range*100,2026-08-11,0.4159,78177655
bar_body_pct = body/range*100,2026-08-12,0.3931,78177655
bar_body_pct = body/range*100,2026-08-13,0.387,78177655
bar_body_pct = body/range*100,2026-08-14,0.3968,78177655
bar_body_pct = body/range*100,2026-08-16,0.3148,605df903
bar_body_pct = body/range*100,2026-08-17,0.3982,605df903
bar_body_pct = body/range*100,2026-08-18,0.4517,605df903
bar_body_pct = body/range*100,2026-08-19,0.4219,605df903
bar_body_pct = body/range*100,2026-08-20,0.4611,605df903
bar_body_pct = body/range*100,2026-08-21,0.4388,605df903
bar_body_pct = body/range*100,2026-08-23,0.3475,605df903
bar_body_pct = body/range*100,2026-08-24,0.4327,605df903
bar_body_pct = body/range*100,2026-08-25,0.4385,605df903
bar_body_pct = body/range*100,2026-08-26,0.4143,605df903
bar_body_pct = body/range*100,2026-08-27,0.4245,605df903
bar_body_pct = body/range*100,2026-08-28,0.4195,605df903
bar_body_pct = body/range*100,2026-08-30,0.4202,605df903
bar_body_pct = body/range*100,2026-08-31,0.4031,605df903
bar_body_pct = body/range*100,2026-09-01,0.4358,605df903
bar_body_pct = body/range*100,2026-09-02,0.4388,605df903
bar_body_pct = body/range*100,2026-09-03,0.4163,605df903
range_size_ticks = (high-low)/tick,2026-06-11,0.9967,c43dc080
range_size_ticks = (high-low)/tick,2026-06-14,1.0,114b1ca4
range_size_ticks = (high-low)/tick,2026-06-15,1.0,114b1ca4
range_size_ticks = (high-low)/tick,2026-06-16,0.992,e7199bc7
range_size_ticks = (high-low)/tick,2026-06-17,0.9971,e7199bc7
range_size_ticks = (high-low)/tick,2026-06-18,0.9993,e7199bc7
range_size_ticks = (high-low)/tick,2026-06-21,0.9916,9238adc1
range_size_ticks = (high-low)/tick,2026-06-22,0.9971,9238adc1
range_size_ticks = (high-low)/tick,2026-06-23,0.9971,9238adc1
range_size_ticks = (high-low)/tick,2026-06-26,0.9968,9238adc1
range_size_ticks = (high-low)/tick,2026-06-28,1.0,944f7204
range_size_ticks = (high-low)/tick,2026-06-29,0.9964,944f7204
range_size_ticks = (high-low)/tick,2026-07-01,1.0,944f7204
range_size_ticks = (high-low)/tick,2026-07-02,0.9985,944f7204
range_size_ticks = (high-low)/tick,2026-07-05,1.0,13efb186
range_size_ticks = (high-low)/tick,2026-07-06,0.9993,13efb186
range_size_ticks = (high-low)/tick,2026-07-07,0.9891,13efb186
range_size_ticks = (high-low)/tick,2026-07-08,0.9906,13efb186
range_size_ticks = (high-low)/tick,2026-07-09,0.9956,13efb186
range_size_ticks = (high-low)/tick,2026-07-10,0.9929,13efb186
range_size_ticks = (high-low)/tick,2026-07-12,0.9664,13efb186
range_size_ticks = (high-low)/tick,2026-07-13,0.9978,13efb186
range_size_ticks = (high-low)/tick,2026-07-14,0.9942,13efb186
range_size_ticks = (high-low)/tick,2026-07-15,0.9949,13efb186
range_size_ticks = (high-low)/tick,2026-07-16,0.9927,13efb186
range_size_ticks = (high-low)/tick,2026-07-17,0.9984,f6003b62
range_size_ticks = (high-low)/tick,2026-07-19,1.0,f6003b62
range_size_ticks = (high-low)/tick,2026-07-20,0.9993,f6003b62
range_size_ticks = (high-low)/tick,2026-07-21,0.9862,f6003b62
range_size_ticks = (high-low)/tick,2026-07-22,0.9971,ed53e566
range_size_ticks = (high-low)/tick,2026-07-23,0.9971,ed53e566
range_size_ticks = (high-low)/tick,2026-07-24,0.996,ed53e566
range_size_ticks = (high-low)/tick,2026-07-26,1.0,4981d53a
range_size_ticks = (high-low)/tick,2026-07-27,0.9964,4981d53a
range_size_ticks = (high-low)/tick,2026-07-28,0.9971,4981d53a
range_size_ticks = (high-low)/tick,2026-07-29,0.9993,4981d53a
range_size_ticks = (high-low)/tick,2026-07-30,0.9935,4981d53a
range_size_ticks = (high-low)/tick,2026-07-31,0.9992,4981d53a
range_size_ticks = (high-low)/tick,2026-08-04,0.9964,1d20af93
range_size_ticks = (high-low)/tick,2026-08-06,0.9978,feec66f6
range_size_ticks = (high-low)/tick,2026-08-07,0.9857,287627ed
range_size_ticks = (high-low)/tick,2026-08-09,0.9832,43f2daf5
range_size_ticks = (high-low)/tick,2026-08-11,0.9935,78177655
range_size_ticks = (high-low)/tick,2026-08-12,0.9898,78177655
range_size_ticks = (high-low)/tick,2026-08-13,0.9949,78177655
range_size_ticks = (high-low)/tick,2026-08-14,0.9897,78177655
range_size_ticks = (high-low)/tick,2026-08-16,0.9832,605df903
range_size_ticks = (high-low)/tick,2026-08-17,0.9906,605df903
range_size_ticks = (high-low)/tick,2026-08-18,0.9898,605df903
range_size_ticks = (high-low)/tick,2026-08-19,0.9949,605df903
range_size_ticks = (high-low)/tick,2026-08-20,0.9985,605df903
range_size_ticks = (high-low)/tick,2026-08-21,0.9905,605df903
range_size_ticks = (high-low)/tick,2026-08-23,1.0,605df903
range_size_ticks = (high-low)/tick,2026-08-24,0.9956,605df903
range_size_ticks = (high-low)/tick,2026-08-25,0.9978,605df903
range_size_ticks = (high-low)/tick,2026-08-26,0.9935,605df903
range_size_ticks = (high-low)/tick,2026-08-27,0.9927,605df903
range_size_ticks = (high-low)/tick,2026-08-28,0.9944,605df903
range_size_ticks = (high-low)/tick,2026-08-30,1.0,605df903
range_size_ticks = (high-low)/tick,2026-08-31,0.9891,605df903
range_size_ticks = (high-low)/tick,2026-09-01,0.9978,605df903
range_size_ticks = (high-low)/tick,2026-09-02,0.9971,605df903
range_size_ticks = (high-low)/tick,2026-09-03,0.9956,605df903
volume = total_vol,2026-06-11,0.0,c43dc080
volume = total_vol,2026-06-14,0.0,114b1ca4
volume = total_vol,2026-06-15,0.0,114b1ca4
volume = total_vol,2026-06-16,0.0,e7199bc7
volume = total_vol,2026-06-17,0.0,e7199bc7
volume = total_vol,2026-06-18,0.0,e7199bc7
volume = total_vol,2026-06-21,0.0,9238adc1
volume = total_vol,2026-06-22,0.0,9238adc1
volume = total_vol,2026-06-23,0.0,9238adc1
volume = total_vol,2026-06-26,0.0,9238adc1
volume = total_vol,2026-06-28,0.0,944f7204
volume = total_vol,2026-06-29,0.0,944f7204
volume = total_vol,2026-07-01,0.0,944f7204
volume = total_vol,2026-07-02,0.0,944f7204
volume = total_vol,2026-07-05,0.0,13efb186
volume = total_vol,2026-07-06,0.0,13efb186
volume = total_vol,2026-07-07,0.0,13efb186
volume = total_vol,2026-07-08,0.0,13efb186
volume = total_vol,2026-07-09,0.0,13efb186
volume = total_vol,2026-07-10,0.0,13efb186
volume = total_vol,2026-07-12,0.0,13efb186
volume = total_vol,2026-07-13,0.0,13efb186
volume = total_vol,2026-07-14,0.0,13efb186
volume = total_vol,2026-07-15,0.0,13efb186
volume = total_vol,2026-07-16,0.0,13efb186
volume = total_vol,2026-07-17,0.0,f6003b62
volume = total_vol,2026-07-19,0.0,f6003b62
volume = total_vol,2026-07-20,0.0,f6003b62
volume = total_vol,2026-07-21,0.0,f6003b62
volume = total_vol,2026-07-22,0.0,ed53e566
volume = total_vol,2026-07-23,0.0,ed53e566
volume = total_vol,2026-07-24,0.0,ed53e566
volume = total_vol,2026-07-26,0.0,4981d53a
volume = total_vol,2026-07-27,0.0,4981d53a
volume = total_vol,2026-07-28,0.0,4981d53a
volume = total_vol,2026-07-29,0.0,4981d53a
volume = total_vol,2026-07-30,0.0,4981d53a
volume = total_vol,2026-07-31,0.0,4981d53a
volume = total_vol,2026-08-04,0.0,1d20af93
volume = total_vol,2026-08-06,0.0,feec66f6
volume = total_vol,2026-08-07,0.0,287627ed
volume = total_vol,2026-08-09,0.0,43f2daf5
volume = total_vol,2026-08-11,0.0,78177655
volume = total_vol,2026-08-12,0.0,78177655
volume = total_vol,2026-08-13,0.0,78177655
volume = total_vol,2026-08-14,0.0,78177655
volume = total_vol,2026-08-16,0.0,605df903
volume = total_vol,2026-08-17,0.0,605df903
volume = total_vol,2026-08-18,0.0,605df903
volume = total_vol,2026-08-19,0.0,605df903
volume = total_vol,2026-08-20,0.0,605df903
volume = total_vol,2026-08-21,0.0,605df903
volume = total_vol,2026-08-23,0.0,605df903
volume = total_vol,2026-08-24,0.0,605df903
volume = total_vol,2026-08-25,0.0,605df903
volume = total_vol,2026-08-26,0.0,605df903
volume = total_vol,2026-08-27,0.0,605df903
volume = total_vol,2026-08-28,0.0,605df903
volume = total_vol,2026-08-30,0.0,605df903
volume = total_vol,2026-08-31,0.0,605df903
volume = total_vol,2026-09-01,0.0,605df903
volume = total_vol,2026-09-02,0.0,605df903
volume = total_vol,2026-09-03,0.0,605df903
total_vol = buy+sell,2026-06-11,0.0,c43dc080
total_vol = buy+sell,2026-06-14,0.0,114b1ca4
total_vol = buy+sell,2026-06-15,0.0,114b1ca4
total_vol = buy+sell,2026-06-16,0.0,e7199bc7
total_vol = buy+sell,2026-06-17,0.0,e7199bc7
total_vol = buy+sell,2026-06-18,0.0,e7199bc7
total_vol = buy+sell,2026-06-21,0.0,9238adc1
total_vol = buy+sell,2026-06-22,0.0,9238adc1
total_vol = buy+sell,2026-06-23,0.0,9238adc1
total_vol = buy+sell,2026-06-26,0.0,9238adc1
total_vol = buy+sell,2026-06-28,0.0,944f7204
total_vol = buy+sell,2026-06-29,0.0,944f7204
total_vol = buy+sell,2026-07-01,0.0,944f7204
total_vol = buy+sell,2026-07-02,0.0,944f7204
total_vol = buy+sell,2026-07-05,0.0,13efb186
total_vol = buy+sell,2026-07-06,0.0,13efb186
total_vol = buy+sell,2026-07-07,0.0,13efb186
total_vol = buy+sell,2026-07-08,0.0,13efb186
total_vol = buy+sell,2026-07-09,0.0,13efb186
total_vol = buy+sell,2026-07-10,0.0,13efb186
total_vol = buy+sell,2026-07-12,0.0,13efb186
total_vol = buy+sell,2026-07-13,0.0,13efb186
total_vol = buy+sell,2026-07-14,0.0,13efb186
total_vol = buy+sell,2026-07-15,0.0,13efb186
total_vol = buy+sell,2026-07-16,0.0,13efb186
total_vol = buy+sell,2026-07-17,0.0,f6003b62
total_vol = buy+sell,2026-07-19,0.0,f6003b62
total_vol = buy+sell,2026-07-20,0.0,f6003b62
total_vol = buy+sell,2026-07-21,0.0,f6003b62
total_vol = buy+sell,2026-07-22,0.0,ed53e566
total_vol = buy+sell,2026-07-23,0.0,ed53e566
total_vol = buy+sell,2026-07-24,0.0,ed53e566
total_vol = buy+sell,2026-07-26,0.0,4981d53a
total_vol = buy+sell,2026-07-27,0.0,4981d53a
total_vol = buy+sell,2026-07-28,0.0,4981d53a
total_vol = buy+sell,2026-07-29,0.0,4981d53a
total_vol = buy+sell,2026-07-30,0.0,4981d53a
total_vol = buy+sell,2026-07-31,0.0,4981d53a
total_vol = buy+sell,2026-08-04,0.0,1d20af93
total_vol = buy+sell,2026-08-06,0.0,feec66f6
total_vol = buy+sell,2026-08-07,0.0,287627ed
total_vol = buy+sell,2026-08-09,0.0,43f2daf5
total_vol = buy+sell,2026-08-11,0.0,78177655
total_vol = buy+sell,2026-08-12,0.0,78177655
total_vol = buy+sell,2026-08-13,0.0,78177655
total_vol = buy+sell,2026-08-14,0.0,78177655
total_vol = buy+sell,2026-08-16,0.0,605df903
total_vol = buy+sell,2026-08-17,0.0,605df903
total_vol = buy+sell,2026-08-18,0.0,605df903
total_vol = buy+sell,2026-08-19,0.0,605df903
total_vol = buy+sell,2026-08-20,0.0,605df903
total_vol = buy+sell,2026-08-21,0.0,605df903
total_vol = buy+sell,2026-08-23,0.0,605df903
total_vol = buy+sell,2026-08-24,0.0,605df903
total_vol = buy+sell,2026-08-25,0.0,605df903
total_vol = buy+sell,2026-08-26,0.0,605df903
total_vol = buy+sell,2026-08-27,0.0,605df903
total_vol = buy+sell,2026-08-28,0.0,605df903
total_vol = buy+sell,2026-08-30,0.0,605df903
total_vol = buy+sell,2026-08-31,0.0,605df903
total_vol = buy+sell,2026-09-01,0.0,605df903
total_vol = buy+sell,2026-09-02,0.0,605df903
total_vol = buy+sell,2026-09-03,0.0,605df903
delta_bar = buy-sell,2026-06-11,0.0,c43dc080
delta_bar = buy-sell,2026-06-14,0.0,114b1ca4
delta_bar = buy-sell,2026-06-15,0.0,114b1ca4
delta_bar = buy-sell,2026-06-16,0.0,e7199bc7
delta_bar = buy-sell,2026-06-17,0.0,e7199bc7
delta_bar = buy-sell,2026-06-18,0.0,e7199bc7
delta_bar = buy-sell,2026-06-21,0.0,9238adc1
delta_bar = buy-sell,2026-06-22,0.0,9238adc1
delta_bar = buy-sell,2026-06-23,0.0,9238adc1
delta_bar = buy-sell,2026-06-26,0.0,9238adc1
delta_bar = buy-sell,2026-06-28,0.0,944f7204
delta_bar = buy-sell,2026-06-29,0.0,944f7204
delta_bar = buy-sell,2026-07-01,0.0,944f7204
delta_bar = buy-sell,2026-07-02,0.0,944f7204
delta_bar = buy-sell,2026-07-05,0.0,13efb186
delta_bar = buy-sell,2026-07-06,0.0,13efb186
delta_bar = buy-sell,2026-07-07,0.0,13efb186
delta_bar = buy-sell,2026-07-08,0.0,13efb186
delta_bar = buy-sell,2026-07-09,0.0,13efb186
delta_bar = buy-sell,2026-07-10,0.0,13efb186
delta_bar = buy-sell,2026-07-12,0.0,13efb186
delta_bar = buy-sell,2026-07-13,0.0,13efb186
delta_bar = buy-sell,2026-07-14,0.0,13efb186
delta_bar = buy-sell,2026-07-15,0.0,13efb186
delta_bar = buy-sell,2026-07-16,0.0,13efb186
delta_bar = buy-sell,2026-07-17,0.0,f6003b62
delta_bar = buy-sell,2026-07-19,0.0,f6003b62
delta_bar = buy-sell,2026-07-20,0.0,f6003b62
delta_bar = buy-sell,2026-07-21,0.0,f6003b62
delta_bar = buy-sell,2026-07-22,0.0,ed53e566
delta_bar = buy-sell,2026-07-23,0.0,ed53e566
delta_bar = buy-sell,2026-07-24,0.0,ed53e566
delta_bar = buy-sell,2026-07-26,0.0,4981d53a
delta_bar = buy-sell,2026-07-27,0.0,4981d53a
delta_bar = buy-sell,2026-07-28,0.0,4981d53a
delta_bar = buy-sell,2026-07-29,0.0,4981d53a
delta_bar = buy-sell,2026-07-30,0.0,4981d53a
delta_bar = buy-sell,2026-07-31,0.0,4981d53a
delta_bar = buy-sell,2026-08-04,0.0,1d20af93
delta_bar = buy-sell,2026-08-06,0.0,feec66f6
delta_bar = buy-sell,2026-08-07,0.0,287627ed
delta_bar = buy-sell,2026-08-09,0.0,43f2daf5
delta_bar = buy-sell,2026-08-11,0.0,78177655
delta_bar = buy-sell,2026-08-12,0.0,78177655
delta_bar = buy-sell,2026-08-13,0.0,78177655
delta_bar = buy-sell,2026-08-14,0.0,78177655
delta_bar = buy-sell,2026-08-16,0.0,605df903
delta_bar = buy-sell,2026-08-17,0.0,605df903
delta_bar = buy-sell,2026-08-18,0.0,605df903
delta_bar = buy-sell,2026-08-19,0.0,605df903
delta_bar = buy-sell,2026-08-20,0.0,605df903
delta_bar = buy-sell,2026-08-21,0.0,605df903
delta_bar = buy-sell,2026-08-23,0.0,605df903
delta_bar = buy-sell,2026-08-24,0.0,605df903
delta_bar = buy-sell,2026-08-25,0.0,605df903
delta_bar = buy-sell,2026-08-26,0.0,605df903
delta_bar = buy-sell,2026-08-27,0.0,605df903
delta_bar = buy-sell,2026-08-28,0.0,605df903
delta_bar = buy-sell,2026-08-30,0.0,605df903
delta_bar = buy-sell,2026-08-31,0.0,605df903
delta_bar = buy-sell,2026-09-01,0.0,605df903
delta_bar = buy-sell,2026-09-02,0.0,605df903
delta_bar = buy-sell,2026-09-03,0.0,605df903
ask_pct + bid_pct = 1,2026-06-11,0.0,c43dc080
ask_pct + bid_pct = 1,2026-06-14,0.0,114b1ca4
ask_pct + bid_pct = 1,2026-06-15,0.0,114b1ca4
ask_pct + bid_pct = 1,2026-06-16,0.0,e7199bc7
ask_pct + bid_pct = 1,2026-06-17,0.0,e7199bc7
ask_pct + bid_pct = 1,2026-06-18,0.0,e7199bc7
ask_pct + bid_pct = 1,2026-06-21,0.0,9238adc1
ask_pct + bid_pct = 1,2026-06-22,0.0,9238adc1
ask_pct + bid_pct = 1,2026-06-23,0.0,9238adc1
ask_pct + bid_pct = 1,2026-06-26,0.0,9238adc1
ask_pct + bid_pct = 1,2026-06-28,0.0,944f7204
ask_pct + bid_pct = 1,2026-06-29,0.0,944f7204
ask_pct + bid_pct = 1,2026-07-01,0.0,944f7204
ask_pct + bid_pct = 1,2026-07-02,0.0,944f7204
ask_pct + bid_pct = 1,2026-07-05,0.0,13efb186
ask_pct + bid_pct = 1,2026-07-06,0.0,13efb186
ask_pct + bid_pct = 1,2026-07-07,0.0,13efb186
ask_pct + bid_pct = 1,2026-07-08,0.0,13efb186
ask_pct + bid_pct = 1,2026-07-09,0.0,13efb186
ask_pct + bid_pct = 1,2026-07-10,0.0,13efb186
ask_pct + bid_pct = 1,2026-07-12,0.0,13efb186
ask_pct + bid_pct = 1,2026-07-13,0.0,13efb186
ask_pct + bid_pct = 1,2026-07-14,0.0,13efb186
ask_pct + bid_pct = 1,2026-07-15,0.0,13efb186
ask_pct + bid_pct = 1,2026-07-16,0.0,13efb186
ask_pct + bid_pct = 1,2026-07-17,0.0,f6003b62
ask_pct + bid_pct = 1,2026-07-19,0.0,f6003b62
ask_pct + bid_pct = 1,2026-07-20,0.0,f6003b62
ask_pct + bid_pct = 1,2026-07-21,0.0,f6003b62
ask_pct + bid_pct = 1,2026-07-22,0.0,ed53e566
ask_pct + bid_pct = 1,2026-07-23,0.0,ed53e566
ask_pct + bid_pct = 1,2026-07-24,0.0,ed53e566
ask_pct + bid_pct = 1,2026-07-26,0.0,4981d53a
ask_pct + bid_pct = 1,2026-07-27,0.0,4981d53a
ask_pct + bid_pct = 1,2026-07-28,0.0,4981d53a
ask_pct + bid_pct = 1,2026-07-29,0.0,4981d53a
ask_pct + bid_pct = 1,2026-07-30,0.0,4981d53a
ask_pct + bid_pct = 1,2026-07-31,0.0,4981d53a
ask_pct + bid_pct = 1,2026-08-04,0.0,1d20af93
ask_pct + bid_pct = 1,2026-08-06,0.0,feec66f6
ask_pct + bid_pct = 1,2026-08-07,0.0,287627ed
ask_pct + bid_pct = 1,2026-08-09,0.0,43f2daf5
ask_pct + bid_pct = 1,2026-08-11,0.0,78177655
ask_pct + bid_pct = 1,2026-08-12,0.0,78177655
ask_pct + bid_pct = 1,2026-08-13,0.0,78177655
ask_pct + bid_pct = 1,2026-08-14,0.0,78177655
ask_pct + bid_pct = 1,2026-08-16,0.0,605df903
ask_pct + bid_pct = 1,2026-08-17,0.0,605df903
ask_pct + bid_pct = 1,2026-08-18,0.0,605df903
ask_pct + bid_pct = 1,2026-08-19,0.0,605df903
ask_pct + bid_pct = 1,2026-08-20,0.0,605df903
ask_pct + bid_pct = 1,2026-08-21,0.0,605df903
ask_pct + bid_pct = 1,2026-08-23,0.0,605df903
ask_pct + bid_pct = 1,2026-08-24,0.0,605df903
ask_pct + bid_pct = 1,2026-08-25,0.0,605df903
ask_pct + bid_pct = 1,2026-08-26,0.0,605df903
ask_pct + bid_pct = 1,2026-08-27,0.0,605df903
ask_pct + bid_pct = 1,2026-08-28,0.0,605df903
ask_pct + bid_pct = 1,2026-08-30,0.0,605df903
ask_pct + bid_pct = 1,2026-08-31,0.0,605df903
ask_pct + bid_pct = 1,2026-09-01,0.0,605df903
ask_pct + bid_pct = 1,2026-09-02,0.0,605df903
ask_pct + bid_pct = 1,2026-09-03,0.0,605df903
ask_pct = buy/total,2026-06-11,0.0,c43dc080
ask_pct = buy/total,2026-06-14,0.0,114b1ca4
ask_pct = buy/total,2026-06-15,0.0,114b1ca4
ask_pct = buy/total,2026-06-16,0.0,e7199bc7
ask_pct = buy/total,2026-06-17,0.0,e7199bc7
ask_pct = buy/total,2026-06-18,0.0,e7199bc7
ask_pct = buy/total,2026-06-21,0.0,9238adc1
ask_pct = buy/total,2026-06-22,0.0,9238adc1
ask_pct = buy/total,2026-06-23,0.0,9238adc1
ask_pct = buy/total,2026-06-26,0.0,9238adc1
ask_pct = buy/total,2026-06-28,0.0,944f7204
ask_pct = buy/total,2026-06-29,0.0,944f7204
ask_pct = buy/total,2026-07-01,0.0,944f7204
ask_pct = buy/total,2026-07-02,0.0,944f7204
ask_pct = buy/total,2026-07-05,0.0,13efb186
ask_pct = buy/total,2026-07-06,0.0,13efb186
ask_pct = buy/total,2026-07-07,0.0,13efb186
ask_pct = buy/total,2026-07-08,0.0,13efb186
ask_pct = buy/total,2026-07-09,0.0,13efb186
ask_pct = buy/total,2026-07-10,0.0,13efb186
ask_pct = buy/total,2026-07-12,0.0,13efb186
ask_pct = buy/total,2026-07-13,0.0,13efb186
ask_pct = buy/total,2026-07-14,0.0,13efb186
ask_pct = buy/total,2026-07-15,0.0,13efb186
ask_pct = buy/total,2026-07-16,0.0,13efb186
ask_pct = buy/total,2026-07-17,0.0,f6003b62
ask_pct = buy/total,2026-07-19,0.0,f6003b62
ask_pct = buy/total,2026-07-20,0.0,f6003b62
ask_pct = buy/total,2026-07-21,0.0,f6003b62
ask_pct = buy/total,2026-07-22,0.0,ed53e566
ask_pct = buy/total,2026-07-23,0.0,ed53e566
ask_pct = buy/total,2026-07-24,0.0,ed53e566
ask_pct = buy/total,2026-07-26,0.0,4981d53a
ask_pct = buy/total,2026-07-27,0.0,4981d53a
ask_pct = buy/total,2026-07-28,0.0,4981d53a
ask_pct = buy/total,2026-07-29,0.0,4981d53a
ask_pct = buy/total,2026-07-30,0.0,4981d53a
ask_pct = buy/total,2026-07-31,0.0,4981d53a
ask_pct = buy/total,2026-08-04,0.0,1d20af93
ask_pct = buy/total,2026-08-06,0.0,feec66f6
ask_pct = buy/total,2026-08-07,0.0,287627ed
ask_pct = buy/total,2026-08-09,0.0,43f2daf5
ask_pct = buy/total,2026-08-11,0.0,78177655
ask_pct = buy/total,2026-08-12,0.0,78177655
ask_pct = buy/total,2026-08-13,0.0,78177655
ask_pct = buy/total,2026-08-14,0.0,78177655
ask_pct = buy/total,2026-08-16,0.0,605df903
ask_pct = buy/total,2026-08-17,0.0,605df903
ask_pct = buy/total,2026-08-18,0.0,605df903
ask_pct = buy/total,2026-08-19,0.0,605df903
ask_pct = buy/total,2026-08-20,0.0,605df903
ask_pct = buy/total,2026-08-21,0.0,605df903
ask_pct = buy/total,2026-08-23,0.0,605df903
ask_pct = buy/total,2026-08-24,0.0,605df903
ask_pct = buy/total,2026-08-25,0.0,605df903
ask_pct = buy/total,2026-08-26,0.0,605df903
ask_pct = buy/total,2026-08-27,0.0,605df903
ask_pct = buy/total,2026-08-28,0.0,605df903
ask_pct = buy/total,2026-08-30,0.0,605df903
ask_pct = buy/total,2026-08-31,0.0,605df903
ask_pct = buy/total,2026-09-01,0.0,605df903
ask_pct = buy/total,2026-09-02,0.0,605df903
ask_pct = buy/total,2026-09-03,0.0,605df903
delta_pct = delta/total,2026-06-11,0.0,c43dc080
delta_pct = delta/total,2026-06-14,0.0,114b1ca4
delta_pct = delta/total,2026-06-15,0.0,114b1ca4
delta_pct = delta/total,2026-06-16,0.0,e7199bc7
delta_pct = delta/total,2026-06-17,0.0,e7199bc7
delta_pct = delta/total,2026-06-18,0.0,e7199bc7
delta_pct = delta/total,2026-06-21,0.0,9238adc1
delta_pct = delta/total,2026-06-22,0.0,9238adc1
delta_pct = delta/total,2026-06-23,0.0,9238adc1
delta_pct = delta/total,2026-06-26,0.0,9238adc1
delta_pct = delta/total,2026-06-28,0.0,944f7204
delta_pct = delta/total,2026-06-29,0.0,944f7204
delta_pct = delta/total,2026-07-01,0.0,944f7204
delta_pct = delta/total,2026-07-02,0.0,944f7204
delta_pct = delta/total,2026-07-05,0.0,13efb186
delta_pct = delta/total,2026-07-06,0.0,13efb186
delta_pct = delta/total,2026-07-07,0.0,13efb186
delta_pct = delta/total,2026-07-08,0.0,13efb186
delta_pct = delta/total,2026-07-09,0.0,13efb186
delta_pct = delta/total,2026-07-10,0.0,13efb186
delta_pct = delta/total,2026-07-12,0.0,13efb186
delta_pct = delta/total,2026-07-13,0.0,13efb186
delta_pct = delta/total,2026-07-14,0.0,13efb186
delta_pct = delta/total,2026-07-15,0.0,13efb186
delta_pct = delta/total,2026-07-16,0.0,13efb186
delta_pct = delta/total,2026-07-17,0.0,f6003b62
delta_pct = delta/total,2026-07-19,0.0,f6003b62
delta_pct = delta/total,2026-07-20,0.0,f6003b62
delta_pct = delta/total,2026-07-21,0.0,f6003b62
delta_pct = delta/total,2026-07-22,0.0,ed53e566
delta_pct = delta/total,2026-07-23,0.0,ed53e566
delta_pct = delta/total,2026-07-24,0.0,ed53e566
delta_pct = delta/total,2026-07-26,0.0,4981d53a
delta_pct = delta/total,2026-07-27,0.0,4981d53a
delta_pct = delta/total,2026-07-28,0.0,4981d53a
delta_pct = delta/total,2026-07-29,0.0,4981d53a
delta_pct = delta/total,2026-07-30,0.0,4981d53a
delta_pct = delta/total,2026-07-31,0.0,4981d53a
delta_pct = delta/total,2026-08-04,0.0,1d20af93
delta_pct = delta/total,2026-08-06,0.0,feec66f6
delta_pct = delta/total,2026-08-07,0.0,287627ed
delta_pct = delta/total,2026-08-09,0.0,43f2daf5
delta_pct = delta/total,2026-08-11,0.0,78177655
delta_pct = delta/total,2026-08-12,0.0,78177655
delta_pct = delta/total,2026-08-13,0.0,78177655
delta_pct = delta/total,2026-08-14,0.0,78177655
delta_pct = delta/total,2026-08-16,0.0,605df903
delta_pct = delta/total,2026-08-17,0.0,605df903
delta_pct = delta/total,2026-08-18,0.0,605df903
delta_pct = delta/total,2026-08-19,0.0,605df903
delta_pct = delta/total,2026-08-20,0.0,605df903
delta_pct = delta/total,2026-08-21,0.0,605df903
delta_pct = delta/total,2026-08-23,0.0,605df903
delta_pct = delta/total,2026-08-24,0.0,605df903
delta_pct = delta/total,2026-08-25,0.0,605df903
delta_pct = delta/total,2026-08-26,0.0,605df903
delta_pct = delta/total,2026-08-27,0.0,605df903
delta_pct = delta/total,2026-08-28,0.0,605df903
delta_pct = delta/total,2026-08-30,0.0,605df903
delta_pct = delta/total,2026-08-31,0.0,605df903
delta_pct = delta/total,2026-09-01,0.0,605df903
delta_pct = delta/total,2026-09-02,0.0,605df903
delta_pct = delta/total,2026-09-03,0.0,605df903
delta_bar_vol_norm = delta_pct,2026-06-11,0.0,c43dc080
delta_bar_vol_norm = delta_pct,2026-06-14,0.0,114b1ca4
delta_bar_vol_norm = delta_pct,2026-06-15,0.0,114b1ca4
delta_bar_vol_norm = delta_pct,2026-06-16,0.0,e7199bc7
delta_bar_vol_norm = delta_pct,2026-06-17,0.0,e7199bc7
delta_bar_vol_norm = delta_pct,2026-06-18,0.0,e7199bc7
delta_bar_vol_norm = delta_pct,2026-06-21,0.0,9238adc1
delta_bar_vol_norm = delta_pct,2026-06-22,0.0,9238adc1
delta_bar_vol_norm = delta_pct,2026-06-23,0.0,9238adc1
delta_bar_vol_norm = delta_pct,2026-06-26,0.0,9238adc1
delta_bar_vol_norm = delta_pct,2026-06-28,0.0,944f7204
delta_bar_vol_norm = delta_pct,2026-06-29,0.0,944f7204
delta_bar_vol_norm = delta_pct,2026-07-01,0.0,944f7204
delta_bar_vol_norm = delta_pct,2026-07-02,0.0,944f7204
delta_bar_vol_norm = delta_pct,2026-07-05,0.0,13efb186
delta_bar_vol_norm = delta_pct,2026-07-06,0.0,13efb186
delta_bar_vol_norm = delta_pct,2026-07-07,0.0,13efb186
delta_bar_vol_norm = delta_pct,2026-07-08,0.0,13efb186
delta_bar_vol_norm = delta_pct,2026-07-09,0.0,13efb186
delta_bar_vol_norm = delta_pct,2026-07-10,0.0,13efb186
delta_bar_vol_norm = delta_pct,2026-07-12,0.0,13efb186
delta_bar_vol_norm = delta_pct,2026-07-13,0.0,13efb186
delta_bar_vol_norm = delta_pct,2026-07-14,0.0,13efb186
delta_bar_vol_norm = delta_pct,2026-07-15,0.0,13efb186
delta_bar_vol_norm = delta_pct,2026-07-16,0.0,13efb186
delta_bar_vol_norm = delta_pct,2026-07-17,0.0,f6003b62
delta_bar_vol_norm = delta_pct,2026-07-19,0.0,f6003b62
delta_bar_vol_norm = delta_pct,2026-07-20,0.0,f6003b62
delta_bar_vol_norm = delta_pct,2026-07-21,0.0,f6003b62
delta_bar_vol_norm = delta_pct,2026-07-22,0.0,ed53e566
delta_bar_vol_norm = delta_pct,2026-07-23,0.0,ed53e566
delta_bar_vol_norm = delta_pct,2026-07-24,0.0,ed53e566
delta_bar_vol_norm = delta_pct,2026-07-26,0.0,4981d53a
delta_bar_vol_norm = delta_pct,2026-07-27,0.0,4981d53a
delta_bar_vol_norm = delta_pct,2026-07-28,0.0,4981d53a
delta_bar_vol_norm = delta_pct,2026-07-29,0.0,4981d53a
delta_bar_vol_norm = delta_pct,2026-07-30,0.0,4981d53a
delta_bar_vol_norm = delta_pct,2026-07-31,0.0,4981d53a
delta_bar_vol_norm = delta_pct,2026-08-04,0.0,1d20af93
delta_bar_vol_norm = delta_pct,2026-08-06,0.0,feec66f6
delta_bar_vol_norm = delta_pct,2026-08-07,0.0,287627ed
delta_bar_vol_norm = delta_pct,2026-08-09,0.0,43f2daf5
delta_bar_vol_norm = delta_pct,2026-08-11,0.0,78177655
delta_bar_vol_norm = delta_pct,2026-08-12,0.0,78177655
delta_bar_vol_norm = delta_pct,2026-08-13,0.0,78177655
delta_bar_vol_norm = delta_pct,2026-08-14,0.0,78177655
delta_bar_vol_norm = delta_pct,2026-08-16,0.0,605df903
delta_bar_vol_norm = delta_pct,2026-08-17,0.0,605df903
delta_bar_vol_norm = delta_pct,2026-08-18,0.0,605df903
delta_bar_vol_norm = delta_pct,2026-08-19,0.0,605df903
delta_bar_vol_norm = delta_pct,2026-08-20,0.0,605df903
delta_bar_vol_norm = delta_pct,2026-08-21,0.0,605df903
delta_bar_vol_norm = delta_pct,2026-08-23,0.0,605df903
delta_bar_vol_norm = delta_pct,2026-08-24,0.0,605df903
delta_bar_vol_norm = delta_pct,2026-08-25,0.0,605df903
delta_bar_vol_norm = delta_pct,2026-08-26,0.0,605df903
delta_bar_vol_norm = delta_pct,2026-08-27,0.0,605df903
delta_bar_vol_norm = delta_pct,2026-08-28,0.0,605df903
delta_bar_vol_norm = delta_pct,2026-08-30,0.0,605df903
delta_bar_vol_norm = delta_pct,2026-08-31,0.0,605df903
delta_bar_vol_norm = delta_pct,2026-09-01,0.0,605df903
delta_bar_vol_norm = delta_pct,2026-09-02,0.0,605df903
delta_bar_vol_norm = delta_pct,2026-09-03,0.0,605df903
ask_bid_imbalance = ask_pct-bid_pct,2026-06-11,0.0,c43dc080
ask_bid_imbalance = ask_pct-bid_pct,2026-06-14,0.0,114b1ca4
ask_bid_imbalance = ask_pct-bid_pct,2026-06-15,0.0,114b1ca4
ask_bid_imbalance = ask_pct-bid_pct,2026-06-16,0.0,e7199bc7
ask_bid_imbalance = ask_pct-bid_pct,2026-06-17,0.0,e7199bc7
ask_bid_imbalance = ask_pct-bid_pct,2026-06-18,0.0,e7199bc7
ask_bid_imbalance = ask_pct-bid_pct,2026-06-21,0.0,9238adc1
ask_bid_imbalance = ask_pct-bid_pct,2026-06-22,0.0,9238adc1
ask_bid_imbalance = ask_pct-bid_pct,2026-06-23,0.0,9238adc1
ask_bid_imbalance = ask_pct-bid_pct,2026-06-26,0.0,9238adc1
ask_bid_imbalance = ask_pct-bid_pct,2026-06-28,0.0,944f7204
ask_bid_imbalance = ask_pct-bid_pct,2026-06-29,0.0,944f7204
ask_bid_imbalance = ask_pct-bid_pct,2026-07-01,0.0,944f7204
ask_bid_imbalance = ask_pct-bid_pct,2026-07-02,0.0,944f7204
ask_bid_imbalance = ask_pct-bid_pct,2026-07-05,0.0,13efb186
ask_bid_imbalance = ask_pct-bid_pct,2026-07-06,0.0,13efb186
ask_bid_imbalance = ask_pct-bid_pct,2026-07-07,0.0,13efb186
ask_bid_imbalance = ask_pct-bid_pct,2026-07-08,0.0,13efb186
ask_bid_imbalance = ask_pct-bid_pct,2026-07-09,0.0,13efb186
ask_bid_imbalance = ask_pct-bid_pct,2026-07-10,0.0,13efb186
ask_bid_imbalance = ask_pct-bid_pct,2026-07-12,0.0,13efb186
ask_bid_imbalance = ask_pct-bid_pct,2026-07-13,0.0,13efb186
ask_bid_imbalance = ask_pct-bid_pct,2026-07-14,0.0,13efb186
ask_bid_imbalance = ask_pct-bid_pct,2026-07-15,0.0,13efb186
ask_bid_imbalance = ask_pct-bid_pct,2026-07-16,0.0,13efb186
ask_bid_imbalance = ask_pct-bid_pct,2026-07-17,0.0,f6003b62
ask_bid_imbalance = ask_pct-bid_pct,2026-07-19,0.0,f6003b62
ask_bid_imbalance = ask_pct-bid_pct,2026-07-20,0.0,f6003b62
ask_bid_imbalance = ask_pct-bid_pct,2026-07-21,0.0,f6003b62
ask_bid_imbalance = ask_pct-bid_pct,2026-07-22,0.0,ed53e566
ask_bid_imbalance = ask_pct-bid_pct,2026-07-23,0.0,ed53e566
ask_bid_imbalance = ask_pct-bid_pct,2026-07-24,0.0,ed53e566
ask_bid_imbalance = ask_pct-bid_pct,2026-07-26,0.0,4981d53a
ask_bid_imbalance = ask_pct-bid_pct,2026-07-27,0.0,4981d53a
ask_bid_imbalance = ask_pct-bid_pct,2026-07-28,0.0,4981d53a
ask_bid_imbalance = ask_pct-bid_pct,2026-07-29,0.0,4981d53a
ask_bid_imbalance = ask_pct-bid_pct,2026-07-30,0.0,4981d53a
ask_bid_imbalance = ask_pct-bid_pct,2026-07-31,0.0,4981d53a
ask_bid_imbalance = ask_pct-bid_pct,2026-08-04,0.0,1d20af93
ask_bid_imbalance = ask_pct-bid_pct,2026-08-06,0.0,feec66f6
ask_bid_imbalance = ask_pct-bid_pct,2026-08-07,0.0,287627ed
ask_bid_imbalance = ask_pct-bid_pct,2026-08-09,0.0,43f2daf5
ask_bid_imbalance = ask_pct-bid_pct,2026-08-11,0.0,78177655
ask_bid_imbalance = ask_pct-bid_pct,2026-08-12,0.0,78177655
ask_bid_imbalance = ask_pct-bid_pct,2026-08-13,0.0,78177655
ask_bid_imbalance = ask_pct-bid_pct,2026-08-14,0.0,78177655
ask_bid_imbalance = ask_pct-bid_pct,2026-08-16,0.0,605df903
ask_bid_imbalance = ask_pct-bid_pct,2026-08-17,0.0,605df903
ask_bid_imbalance = ask_pct-bid_pct,2026-08-18,0.0,605df903
ask_bid_imbalance = ask_pct-bid_pct,2026-08-19,0.0,605df903
ask_bid_imbalance = ask_pct-bid_pct,2026-08-20,0.0,605df903
ask_bid_imbalance = ask_pct-bid_pct,2026-08-21,0.0,605df903
ask_bid_imbalance = ask_pct-bid_pct,2026-08-23,0.0,605df903
ask_bid_imbalance = ask_pct-bid_pct,2026-08-24,0.0,605df903
ask_bid_imbalance = ask_pct-bid_pct,2026-08-25,0.0,605df903
ask_bid_imbalance = ask_pct-bid_pct,2026-08-26,0.0,605df903
ask_bid_imbalance = ask_pct-bid_pct,2026-08-27,0.0,605df903
ask_bid_imbalance = ask_pct-bid_pct,2026-08-28,0.0,605df903
ask_bid_imbalance = ask_pct-bid_pct,2026-08-30,0.0,605df903
ask_bid_imbalance = ask_pct-bid_pct,2026-08-31,0.0,605df903
ask_bid_imbalance = ask_pct-bid_pct,2026-09-01,0.0,605df903
ask_bid_imbalance = ask_pct-bid_pct,2026-09-02,0.0,605df903
ask_bid_imbalance = ask_pct-bid_pct,2026-09-03,0.0,605df903
cvd_bar_delta = delta_bar,2026-06-11,0.0,c43dc080
cvd_bar_delta = delta_bar,2026-06-14,0.0,114b1ca4
cvd_bar_delta = delta_bar,2026-06-15,0.0,114b1ca4
cvd_bar_delta = delta_bar,2026-06-16,0.0,e7199bc7
cvd_bar_delta = delta_bar,2026-06-17,0.0,e7199bc7
cvd_bar_delta = delta_bar,2026-06-18,0.0,e7199bc7
cvd_bar_delta = delta_bar,2026-06-21,0.0,9238adc1
cvd_bar_delta = delta_bar,2026-06-22,0.0,9238adc1
cvd_bar_delta = delta_bar,2026-06-23,0.0,9238adc1
cvd_bar_delta = delta_bar,2026-06-26,0.0,9238adc1
cvd_bar_delta = delta_bar,2026-06-28,0.0,944f7204
cvd_bar_delta = delta_bar,2026-06-29,0.0,944f7204
cvd_bar_delta = delta_bar,2026-07-01,0.0,944f7204
cvd_bar_delta = delta_bar,2026-07-02,0.0,944f7204
cvd_bar_delta = delta_bar,2026-07-05,0.0,13efb186
cvd_bar_delta = delta_bar,2026-07-06,0.0,13efb186
cvd_bar_delta = delta_bar,2026-07-07,0.0,13efb186
cvd_bar_delta = delta_bar,2026-07-08,0.0,13efb186
cvd_bar_delta = delta_bar,2026-07-09,0.0,13efb186
cvd_bar_delta = delta_bar,2026-07-10,0.0,13efb186
cvd_bar_delta = delta_bar,2026-07-12,0.0,13efb186
cvd_bar_delta = delta_bar,2026-07-13,0.0,13efb186
cvd_bar_delta = delta_bar,2026-07-14,0.0,13efb186
cvd_bar_delta = delta_bar,2026-07-15,0.0,13efb186
cvd_bar_delta = delta_bar,2026-07-16,0.0,13efb186
cvd_bar_delta = delta_bar,2026-07-17,0.0,f6003b62
cvd_bar_delta = delta_bar,2026-07-19,0.0,f6003b62
cvd_bar_delta = delta_bar,2026-07-20,0.0,f6003b62
cvd_bar_delta = delta_bar,2026-07-21,0.0,f6003b62
cvd_bar_delta = delta_bar,2026-07-22,0.0,ed53e566
cvd_bar_delta = delta_bar,2026-07-23,0.0,ed53e566
cvd_bar_delta = delta_bar,2026-07-24,0.0,ed53e566
cvd_bar_delta = delta_bar,2026-07-26,0.0,4981d53a
cvd_bar_delta = delta_bar,2026-07-27,0.0,4981d53a
cvd_bar_delta = delta_bar,2026-07-28,0.0,4981d53a
cvd_bar_delta = delta_bar,2026-07-29,0.0,4981d53a
cvd_bar_delta = delta_bar,2026-07-30,0.0,4981d53a
cvd_bar_delta = delta_bar,2026-07-31,0.0,4981d53a
cvd_bar_delta = delta_bar,2026-08-04,0.0,1d20af93
cvd_bar_delta = delta_bar,2026-08-06,0.0,feec66f6
cvd_bar_delta = delta_bar,2026-08-07,0.0,287627ed
cvd_bar_delta = delta_bar,2026-08-09,0.0,43f2daf5
cvd_bar_delta = delta_bar,2026-08-11,0.0,78177655
cvd_bar_delta = delta_bar,2026-08-12,0.0,78177655
cvd_bar_delta = delta_bar,2026-08-13,0.0,78177655
cvd_bar_delta = delta_bar,2026-08-14,0.0,78177655
cvd_bar_delta = delta_bar,2026-08-16,0.0,605df903
cvd_bar_delta = delta_bar,2026-08-17,0.0,605df903
cvd_bar_delta = delta_bar,2026-08-18,0.0,605df903
cvd_bar_delta = delta_bar,2026-08-19,0.0,605df903
cvd_bar_delta = delta_bar,2026-08-20,0.0,605df903
cvd_bar_delta = delta_bar,2026-08-21,0.0,605df903
cvd_bar_delta = delta_bar,2026-08-23,0.0,605df903
cvd_bar_delta = delta_bar,2026-08-24,0.0,605df903
cvd_bar_delta = delta_bar,2026-08-25,0.0,605df903
cvd_bar_delta = delta_bar,2026-08-26,0.0,605df903
cvd_bar_delta = delta_bar,2026-08-27,0.0,605df903
cvd_bar_delta = delta_bar,2026-08-28,0.0,605df903
cvd_bar_delta = delta_bar,2026-08-30,0.0,605df903
cvd_bar_delta = delta_bar,2026-08-31,0.0,605df903
cvd_bar_delta = delta_bar,2026-09-01,0.0,605df903
cvd_bar_delta = delta_bar,2026-09-02,0.0,605df903
cvd_bar_delta = delta_bar,2026-09-03,0.0,605df903
delta_day = cumsum(delta_bar) par session Sierra,2026-06-11,1.0,c43dc080
delta_day = cumsum(delta_bar) par session Sierra,2026-06-14,0.0,114b1ca4
delta_day = cumsum(delta_bar) par session Sierra,2026-06-15,1.0,114b1ca4
delta_day = cumsum(delta_bar) par session Sierra,2026-06-16,1.0,e7199bc7
delta_day = cumsum(delta_bar) par session Sierra,2026-06-17,1.0,e7199bc7
delta_day = cumsum(delta_bar) par session Sierra,2026-06-18,0.9898,e7199bc7
delta_day = cumsum(delta_bar) par session Sierra,2026-06-21,0.0,9238adc1
delta_day = cumsum(delta_bar) par session Sierra,2026-06-22,0.0,9238adc1
delta_day = cumsum(delta_bar) par session Sierra,2026-06-23,0.0,9238adc1
delta_day = cumsum(delta_bar) par session Sierra,2026-06-26,1.0,9238adc1
delta_day = cumsum(delta_bar) par session Sierra,2026-06-28,0.0,944f7204
delta_day = cumsum(delta_bar) par session Sierra,2026-06-29,0.0,944f7204
delta_day = cumsum(delta_bar) par session Sierra,2026-07-01,0.9137,944f7204
delta_day = cumsum(delta_bar) par session Sierra,2026-07-02,0.0,944f7204
delta_day = cumsum(delta_bar) par session Sierra,2026-07-05,0.0,13efb186
delta_day = cumsum(delta_bar) par session Sierra,2026-07-06,0.0,13efb186
delta_day = cumsum(delta_bar) par session Sierra,2026-07-07,0.0,13efb186
delta_day = cumsum(delta_bar) par session Sierra,2026-07-08,0.0,13efb186
delta_day = cumsum(delta_bar) par session Sierra,2026-07-09,0.0,13efb186
delta_day = cumsum(delta_bar) par session Sierra,2026-07-10,0.0,13efb186
delta_day = cumsum(delta_bar) par session Sierra,2026-07-12,0.0,13efb186
delta_day = cumsum(delta_bar) par session Sierra,2026-07-13,0.0,13efb186
delta_day = cumsum(delta_bar) par session Sierra,2026-07-14,0.0,13efb186
delta_day = cumsum(delta_bar) par session Sierra,2026-07-15,0.0,13efb186
delta_day = cumsum(delta_bar) par session Sierra,2026-07-16,0.0,13efb186
delta_day = cumsum(delta_bar) par session Sierra,2026-07-17,0.0,f6003b62
delta_day = cumsum(delta_bar) par session Sierra,2026-07-19,0.0,f6003b62
delta_day = cumsum(delta_bar) par session Sierra,2026-07-20,0.0,f6003b62
delta_day = cumsum(delta_bar) par session Sierra,2026-07-21,0.0,f6003b62
delta_day = cumsum(delta_bar) par session Sierra,2026-07-22,0.0,ed53e566
delta_day = cumsum(delta_bar) par session Sierra,2026-07-23,0.0,ed53e566
delta_day = cumsum(delta_bar) par session Sierra,2026-07-24,0.0,ed53e566
delta_day = cumsum(delta_bar) par session Sierra,2026-07-26,0.0,4981d53a
delta_day = cumsum(delta_bar) par session Sierra,2026-07-27,0.0,4981d53a
delta_day = cumsum(delta_bar) par session Sierra,2026-07-28,0.0,4981d53a
delta_day = cumsum(delta_bar) par session Sierra,2026-07-29,0.0,4981d53a
delta_day = cumsum(delta_bar) par session Sierra,2026-07-30,0.0,4981d53a
delta_day = cumsum(delta_bar) par session Sierra,2026-07-31,0.0,4981d53a
delta_day = cumsum(delta_bar) par session Sierra,2026-08-04,0.9137,1d20af93
delta_day = cumsum(delta_bar) par session Sierra,2026-08-06,0.9137,feec66f6
delta_day = cumsum(delta_bar) par session Sierra,2026-08-07,0.0008,287627ed
delta_day = cumsum(delta_bar) par session Sierra,2026-08-09,0.0,43f2daf5
delta_day = cumsum(delta_bar) par session Sierra,2026-08-11,0.9144,78177655
delta_day = cumsum(delta_bar) par session Sierra,2026-08-12,0.0,78177655
delta_day = cumsum(delta_bar) par session Sierra,2026-08-13,0.0,78177655
delta_day = cumsum(delta_bar) par session Sierra,2026-08-14,0.0,78177655
delta_day = cumsum(delta_bar) par session Sierra,2026-08-16,0.0,605df903
delta_day = cumsum(delta_bar) par session Sierra,2026-08-17,0.032,605df903
delta_day = cumsum(delta_bar) par session Sierra,2026-08-18,0.9137,605df903
delta_day = cumsum(delta_bar) par session Sierra,2026-08-19,0.0,605df903
delta_day = cumsum(delta_bar) par session Sierra,2026-08-20,0.0,605df903
delta_day = cumsum(delta_bar) par session Sierra,2026-08-21,0.0,605df903
delta_day = cumsum(delta_bar) par session Sierra,2026-08-23,0.0,605df903
delta_day = cumsum(delta_bar) par session Sierra,2026-08-24,0.0,605df903
delta_day = cumsum(delta_bar) par session Sierra,2026-08-25,0.0,605df903
delta_day = cumsum(delta_bar) par session Sierra,2026-08-26,0.0,605df903
delta_day = cumsum(delta_bar) par session Sierra,2026-08-27,0.0,605df903
delta_day = cumsum(delta_bar) par session Sierra,2026-08-28,0.0,605df903
delta_day = cumsum(delta_bar) par session Sierra,2026-08-30,0.0,605df903
delta_day = cumsum(delta_bar) par session Sierra,2026-08-31,0.0,605df903
delta_day = cumsum(delta_bar) par session Sierra,2026-09-01,0.3751,605df903
delta_day = cumsum(delta_bar) par session Sierra,2026-09-02,0.056,605df903
delta_day = cumsum(delta_bar) par session Sierra,2026-09-03,0.9144,605df903
delta_day = cumsum par session_date (temoin),2026-06-11,1.0,c43dc080
delta_day = cumsum par session_date (temoin),2026-06-14,0.0,114b1ca4
delta_day = cumsum par session_date (temoin),2026-06-15,1.0,114b1ca4
delta_day = cumsum par session_date (temoin),2026-06-16,1.0,e7199bc7
delta_day = cumsum par session_date (temoin),2026-06-17,1.0,e7199bc7
delta_day = cumsum par session_date (temoin),2026-06-18,1.0,e7199bc7
delta_day = cumsum par session_date (temoin),2026-06-21,0.0,9238adc1
delta_day = cumsum par session_date (temoin),2026-06-22,0.8252,9238adc1
delta_day = cumsum par session_date (temoin),2026-06-23,1.0,9238adc1
delta_day = cumsum par session_date (temoin),2026-06-26,1.0,9238adc1
delta_day = cumsum par session_date (temoin),2026-06-28,0.0,944f7204
delta_day = cumsum par session_date (temoin),2026-06-29,0.8252,944f7204
delta_day = cumsum par session_date (temoin),2026-07-01,1.0,944f7204
delta_day = cumsum par session_date (temoin),2026-07-02,1.0,944f7204
delta_day = cumsum par session_date (temoin),2026-07-05,0.0,13efb186
delta_day = cumsum par session_date (temoin),2026-07-06,0.8252,13efb186
delta_day = cumsum par session_date (temoin),2026-07-07,1.0,13efb186
delta_day = cumsum par session_date (temoin),2026-07-08,1.0,13efb186
delta_day = cumsum par session_date (temoin),2026-07-09,1.0,13efb186
delta_day = cumsum par session_date (temoin),2026-07-10,1.0,13efb186
delta_day = cumsum par session_date (temoin),2026-07-12,0.0,13efb186
delta_day = cumsum par session_date (temoin),2026-07-13,0.8252,13efb186
delta_day = cumsum par session_date (temoin),2026-07-14,1.0,13efb186
delta_day = cumsum par session_date (temoin),2026-07-15,1.0,13efb186
delta_day = cumsum par session_date (temoin),2026-07-16,1.0,13efb186
delta_day = cumsum par session_date (temoin),2026-07-17,1.0,f6003b62
delta_day = cumsum par session_date (temoin),2026-07-19,0.0,f6003b62
delta_day = cumsum par session_date (temoin),2026-07-20,0.8252,f6003b62
delta_day = cumsum par session_date (temoin),2026-07-21,1.0,f6003b62
delta_day = cumsum par session_date (temoin),2026-07-22,1.0,ed53e566
delta_day = cumsum par session_date (temoin),2026-07-23,1.0,ed53e566
delta_day = cumsum par session_date (temoin),2026-07-24,1.0,ed53e566
delta_day = cumsum par session_date (temoin),2026-07-26,0.0,4981d53a
delta_day = cumsum par session_date (temoin),2026-07-27,0.8252,4981d53a
delta_day = cumsum par session_date (temoin),2026-07-28,1.0,4981d53a
delta_day = cumsum par session_date (temoin),2026-07-29,1.0,4981d53a
delta_day = cumsum par session_date (temoin),2026-07-30,1.0,4981d53a
delta_day = cumsum par session_date (temoin),2026-07-31,1.0,4981d53a
delta_day = cumsum par session_date (temoin),2026-08-04,1.0,1d20af93
delta_day = cumsum par session_date (temoin),2026-08-06,1.0,feec66f6
delta_day = cumsum par session_date (temoin),2026-08-07,1.0,287627ed
delta_day = cumsum par session_date (temoin),2026-08-09,0.0,43f2daf5
delta_day = cumsum par session_date (temoin),2026-08-11,1.0,78177655
delta_day = cumsum par session_date (temoin),2026-08-12,1.0,78177655
delta_day = cumsum par session_date (temoin),2026-08-13,1.0,78177655
delta_day = cumsum par session_date (temoin),2026-08-14,1.0,78177655
delta_day = cumsum par session_date (temoin),2026-08-16,0.0,605df903
delta_day = cumsum par session_date (temoin),2026-08-17,0.825,605df903
delta_day = cumsum par session_date (temoin),2026-08-18,1.0,605df903
delta_day = cumsum par session_date (temoin),2026-08-19,1.0,605df903
delta_day = cumsum par session_date (temoin),2026-08-20,1.0,605df903
delta_day = cumsum par session_date (temoin),2026-08-21,1.0,605df903
delta_day = cumsum par session_date (temoin),2026-08-23,0.0,605df903
delta_day = cumsum par session_date (temoin),2026-08-24,0.8252,605df903
delta_day = cumsum par session_date (temoin),2026-08-25,1.0,605df903
delta_day = cumsum par session_date (temoin),2026-08-26,1.0,605df903
delta_day = cumsum par session_date (temoin),2026-08-27,1.0,605df903
delta_day = cumsum par session_date (temoin),2026-08-28,1.0,605df903
delta_day = cumsum par session_date (temoin),2026-08-30,0.0,605df903
delta_day = cumsum par session_date (temoin),2026-08-31,0.8252,605df903
delta_day = cumsum par session_date (temoin),2026-09-01,1.0,605df903
delta_day = cumsum par session_date (temoin),2026-09-02,1.0,605df903
delta_day = cumsum par session_date (temoin),2026-09-03,1.0,605df903
cvd_day = delta_day,2026-06-11,1.0,c43dc080
cvd_day = delta_day,2026-06-14,1.0,114b1ca4
cvd_day = delta_day,2026-06-15,1.0,114b1ca4
cvd_day = delta_day,2026-06-16,1.0,e7199bc7
cvd_day = delta_day,2026-06-17,1.0,e7199bc7
cvd_day = delta_day,2026-06-18,0.3641,e7199bc7
cvd_day = delta_day,2026-06-21,0.0,9238adc1
cvd_day = delta_day,2026-06-22,0.0,9238adc1
cvd_day = delta_day,2026-06-23,0.0,9238adc1
cvd_day = delta_day,2026-06-26,0.0,9238adc1
cvd_day = delta_day,2026-06-28,0.0,944f7204
cvd_day = delta_day,2026-06-29,0.0,944f7204
cvd_day = delta_day,2026-07-01,0.0,944f7204
cvd_day = delta_day,2026-07-02,0.0,944f7204
cvd_day = delta_day,2026-07-05,0.0,13efb186
cvd_day = delta_day,2026-07-06,0.0,13efb186
cvd_day = delta_day,2026-07-07,0.0,13efb186
cvd_day = delta_day,2026-07-08,0.0,13efb186
cvd_day = delta_day,2026-07-09,0.0,13efb186
cvd_day = delta_day,2026-07-10,0.0,13efb186
cvd_day = delta_day,2026-07-12,0.0,13efb186
cvd_day = delta_day,2026-07-13,0.0,13efb186
cvd_day = delta_day,2026-07-14,0.0,13efb186
cvd_day = delta_day,2026-07-15,0.0,13efb186
cvd_day = delta_day,2026-07-16,0.0,13efb186
cvd_day = delta_day,2026-07-17,0.0,f6003b62
cvd_day = delta_day,2026-07-19,0.0,f6003b62
cvd_day = delta_day,2026-07-20,0.0,f6003b62
cvd_day = delta_day,2026-07-21,0.0,f6003b62
cvd_day = delta_day,2026-07-22,0.0,ed53e566
cvd_day = delta_day,2026-07-23,0.0,ed53e566
cvd_day = delta_day,2026-07-24,0.0,ed53e566
cvd_day = delta_day,2026-07-26,0.0,4981d53a
cvd_day = delta_day,2026-07-27,0.0,4981d53a
cvd_day = delta_day,2026-07-28,0.0,4981d53a
cvd_day = delta_day,2026-07-29,0.0,4981d53a
cvd_day = delta_day,2026-07-30,0.0,4981d53a
cvd_day = delta_day,2026-07-31,0.0,4981d53a
cvd_day = delta_day,2026-08-04,0.0,1d20af93
cvd_day = delta_day,2026-08-06,0.0,feec66f6
cvd_day = delta_day,2026-08-07,0.0,287627ed
cvd_day = delta_day,2026-08-09,0.0,43f2daf5
cvd_day = delta_day,2026-08-11,0.0,78177655
cvd_day = delta_day,2026-08-12,0.0,78177655
cvd_day = delta_day,2026-08-13,0.0,78177655
cvd_day = delta_day,2026-08-14,0.0,78177655
cvd_day = delta_day,2026-08-16,0.0,605df903
cvd_day = delta_day,2026-08-17,0.0,605df903
cvd_day = delta_day,2026-08-18,0.0,605df903
cvd_day = delta_day,2026-08-19,0.0,605df903
cvd_day = delta_day,2026-08-20,0.0,605df903
cvd_day = delta_day,2026-08-21,0.0,605df903
cvd_day = delta_day,2026-08-23,0.0,605df903
cvd_day = delta_day,2026-08-24,0.0,605df903
cvd_day = delta_day,2026-08-25,0.0,605df903
cvd_day = delta_day,2026-08-26,0.0,605df903
cvd_day = delta_day,2026-08-27,0.0,605df903
cvd_day = delta_day,2026-08-28,0.0,605df903
cvd_day = delta_day,2026-08-30,0.0,605df903
cvd_day = delta_day,2026-08-31,0.0,605df903
cvd_day = delta_day,2026-09-01,0.0,605df903
cvd_day = delta_day,2026-09-02,0.0,605df903
cvd_day = delta_day,2026-09-03,0.0,605df903
cvd_session = cumsum(delta) depuis 9h30 ET,2026-06-11,1.0,c43dc080
cvd_session = cumsum(delta) depuis 9h30 ET,2026-06-15,1.0,114b1ca4
cvd_session = cumsum(delta) depuis 9h30 ET,2026-06-16,1.0,e7199bc7
cvd_session = cumsum(delta) depuis 9h30 ET,2026-06-17,1.0,e7199bc7
cvd_session = cumsum(delta) depuis 9h30 ET,2026-06-18,1.0,e7199bc7
cvd_session = cumsum(delta) depuis 9h30 ET,2026-06-22,1.0,9238adc1
cvd_session = cumsum(delta) depuis 9h30 ET,2026-06-23,1.0,9238adc1
cvd_session = cumsum(delta) depuis 9h30 ET,2026-06-26,1.0,9238adc1
cvd_session = cumsum(delta) depuis 9h30 ET,2026-06-29,1.0,944f7204
cvd_session = cumsum(delta) depuis 9h30 ET,2026-07-01,1.0,944f7204
cvd_session = cumsum(delta) depuis 9h30 ET,2026-07-02,1.0,944f7204
cvd_session = cumsum(delta) depuis 9h30 ET,2026-07-06,1.0,13efb186
cvd_session = cumsum(delta) depuis 9h30 ET,2026-07-07,1.0,13efb186
cvd_session = cumsum(delta) depuis 9h30 ET,2026-07-08,1.0,13efb186
cvd_session = cumsum(delta) depuis 9h30 ET,2026-07-09,1.0,13efb186
cvd_session = cumsum(delta) depuis 9h30 ET,2026-07-10,1.0,13efb186
cvd_session = cumsum(delta) depuis 9h30 ET,2026-07-13,1.0,13efb186
cvd_session = cumsum(delta) depuis 9h30 ET,2026-07-14,1.0,13efb186
cvd_session = cumsum(delta) depuis 9h30 ET,2026-07-15,1.0,13efb186
cvd_session = cumsum(delta) depuis 9h30 ET,2026-07-16,1.0,13efb186
cvd_session = cumsum(delta) depuis 9h30 ET,2026-07-17,1.0,f6003b62
cvd_session = cumsum(delta) depuis 9h30 ET,2026-07-20,1.0,f6003b62
cvd_session = cumsum(delta) depuis 9h30 ET,2026-07-21,1.0,f6003b62
cvd_session = cumsum(delta) depuis 9h30 ET,2026-07-22,1.0,ed53e566
cvd_session = cumsum(delta) depuis 9h30 ET,2026-07-23,1.0,ed53e566
cvd_session = cumsum(delta) depuis 9h30 ET,2026-07-24,1.0,ed53e566
cvd_session = cumsum(delta) depuis 9h30 ET,2026-07-27,1.0,4981d53a
cvd_session = cumsum(delta) depuis 9h30 ET,2026-07-28,1.0,4981d53a
cvd_session = cumsum(delta) depuis 9h30 ET,2026-07-29,1.0,4981d53a
cvd_session = cumsum(delta) depuis 9h30 ET,2026-07-30,1.0,4981d53a
cvd_session = cumsum(delta) depuis 9h30 ET,2026-07-31,1.0,4981d53a
cvd_session = cumsum(delta) depuis 9h30 ET,2026-08-04,1.0,1d20af93
cvd_session = cumsum(delta) depuis 9h30 ET,2026-08-06,1.0,feec66f6
cvd_session = cumsum(delta) depuis 9h30 ET,2026-08-07,1.0,287627ed
cvd_session = cumsum(delta) depuis 9h30 ET,2026-08-11,1.0,78177655
cvd_session = cumsum(delta) depuis 9h30 ET,2026-08-12,1.0,78177655
cvd_session = cumsum(delta) depuis 9h30 ET,2026-08-13,1.0,78177655
cvd_session = cumsum(delta) depuis 9h30 ET,2026-08-14,1.0,78177655
cvd_session = cumsum(delta) depuis 9h30 ET,2026-08-17,1.0,605df903
cvd_session = cumsum(delta) depuis 9h30 ET,2026-08-18,1.0,605df903
cvd_session = cumsum(delta) depuis 9h30 ET,2026-08-19,1.0,605df903
cvd_session = cumsum(delta) depuis 9h30 ET,2026-08-20,1.0,605df903
cvd_session = cumsum(delta) depuis 9h30 ET,2026-08-21,1.0,605df903
cvd_session = cumsum(delta) depuis 9h30 ET,2026-08-24,1.0,605df903
cvd_session = cumsum(delta) depuis 9h30 ET,2026-08-25,1.0,605df903
cvd_session = cumsum(delta) depuis 9h30 ET,2026-08-26,1.0,605df903
cvd_session = cumsum(delta) depuis 9h30 ET,2026-08-27,1.0,605df903
cvd_session = cumsum(delta) depuis 9h30 ET,2026-08-28,1.0,605df903
cvd_session = cumsum(delta) depuis 9h30 ET,2026-08-31,1.0,605df903
cvd_session = cumsum(delta) depuis 9h30 ET,2026-09-01,1.0,605df903
cvd_session = cumsum(delta) depuis 9h30 ET,2026-09-02,1.0,605df903
cvd_session = cumsum(delta) depuis 9h30 ET,2026-09-03,1.0,605df903
dist_vwap_d = (vwap_d-close)/tick,2026-06-11,0.0,c43dc080
dist_vwap_d = (vwap_d-close)/tick,2026-06-14,0.0,114b1ca4
dist_vwap_d = (vwap_d-close)/tick,2026-06-15,0.0,114b1ca4
dist_vwap_d = (vwap_d-close)/tick,2026-06-16,0.0,e7199bc7
dist_vwap_d = (vwap_d-close)/tick,2026-06-17,0.0,e7199bc7
dist_vwap_d = (vwap_d-close)/tick,2026-06-18,0.0,e7199bc7
dist_vwap_d = (vwap_d-close)/tick,2026-06-21,0.0,9238adc1
dist_vwap_d = (vwap_d-close)/tick,2026-06-22,0.0,9238adc1
dist_vwap_d = (vwap_d-close)/tick,2026-06-23,0.0,9238adc1
dist_vwap_d = (vwap_d-close)/tick,2026-06-26,0.0,9238adc1
dist_vwap_d = (vwap_d-close)/tick,2026-06-28,0.0,944f7204
dist_vwap_d = (vwap_d-close)/tick,2026-06-29,0.0,944f7204
dist_vwap_d = (vwap_d-close)/tick,2026-07-01,0.0,944f7204
dist_vwap_d = (vwap_d-close)/tick,2026-07-02,0.0,944f7204
dist_vwap_d = (vwap_d-close)/tick,2026-07-05,0.0,13efb186
dist_vwap_d = (vwap_d-close)/tick,2026-07-06,0.0,13efb186
dist_vwap_d = (vwap_d-close)/tick,2026-07-07,0.0,13efb186
dist_vwap_d = (vwap_d-close)/tick,2026-07-08,0.0,13efb186
dist_vwap_d = (vwap_d-close)/tick,2026-07-09,0.0,13efb186
dist_vwap_d = (vwap_d-close)/tick,2026-07-10,0.0,13efb186
dist_vwap_d = (vwap_d-close)/tick,2026-07-12,0.0,13efb186
dist_vwap_d = (vwap_d-close)/tick,2026-07-13,0.0,13efb186
dist_vwap_d = (vwap_d-close)/tick,2026-07-14,0.0,13efb186
dist_vwap_d = (vwap_d-close)/tick,2026-07-15,0.0,13efb186
dist_vwap_d = (vwap_d-close)/tick,2026-07-16,0.0,13efb186
dist_vwap_d = (vwap_d-close)/tick,2026-07-17,0.0,f6003b62
dist_vwap_d = (vwap_d-close)/tick,2026-07-19,0.0,f6003b62
dist_vwap_d = (vwap_d-close)/tick,2026-07-20,0.0,f6003b62
dist_vwap_d = (vwap_d-close)/tick,2026-07-21,0.0,f6003b62
dist_vwap_d = (vwap_d-close)/tick,2026-07-22,0.0,ed53e566
dist_vwap_d = (vwap_d-close)/tick,2026-07-23,0.0,ed53e566
dist_vwap_d = (vwap_d-close)/tick,2026-07-24,0.0,ed53e566
dist_vwap_d = (vwap_d-close)/tick,2026-07-26,0.0,4981d53a
dist_vwap_d = (vwap_d-close)/tick,2026-07-27,0.0,4981d53a
dist_vwap_d = (vwap_d-close)/tick,2026-07-28,0.0,4981d53a
dist_vwap_d = (vwap_d-close)/tick,2026-07-29,0.0,4981d53a
dist_vwap_d = (vwap_d-close)/tick,2026-07-30,0.0,4981d53a
dist_vwap_d = (vwap_d-close)/tick,2026-07-31,0.0,4981d53a
dist_vwap_d = (vwap_d-close)/tick,2026-08-04,0.0,1d20af93
dist_vwap_d = (vwap_d-close)/tick,2026-08-06,0.0,feec66f6
dist_vwap_d = (vwap_d-close)/tick,2026-08-07,0.0,287627ed
dist_vwap_d = (vwap_d-close)/tick,2026-08-09,0.0,43f2daf5
dist_vwap_d = (vwap_d-close)/tick,2026-08-11,0.0,78177655
dist_vwap_d = (vwap_d-close)/tick,2026-08-12,0.0,78177655
dist_vwap_d = (vwap_d-close)/tick,2026-08-13,0.0,78177655
dist_vwap_d = (vwap_d-close)/tick,2026-08-14,0.0,78177655
dist_vwap_d = (vwap_d-close)/tick,2026-08-16,0.0,605df903
dist_vwap_d = (vwap_d-close)/tick,2026-08-17,0.0,605df903
dist_vwap_d = (vwap_d-close)/tick,2026-08-18,0.0,605df903
dist_vwap_d = (vwap_d-close)/tick,2026-08-19,0.0,605df903
dist_vwap_d = (vwap_d-close)/tick,2026-08-20,0.0,605df903
dist_vwap_d = (vwap_d-close)/tick,2026-08-21,0.0,605df903
dist_vwap_d = (vwap_d-close)/tick,2026-08-23,0.0,605df903
dist_vwap_d = (vwap_d-close)/tick,2026-08-24,0.0,605df903
dist_vwap_d = (vwap_d-close)/tick,2026-08-25,0.0,605df903
dist_vwap_d = (vwap_d-close)/tick,2026-08-26,0.0,605df903
dist_vwap_d = (vwap_d-close)/tick,2026-08-27,0.0,605df903
dist_vwap_d = (vwap_d-close)/tick,2026-08-28,0.0,605df903
dist_vwap_d = (vwap_d-close)/tick,2026-08-30,0.0,605df903
dist_vwap_d = (vwap_d-close)/tick,2026-08-31,0.0,605df903
dist_vwap_d = (vwap_d-close)/tick,2026-09-01,0.0,605df903
dist_vwap_d = (vwap_d-close)/tick,2026-09-02,0.0,605df903
dist_vwap_d = (vwap_d-close)/tick,2026-09-03,0.0,605df903
dist_vwap_w = (vwap_w-close)/tick,2026-06-11,0.0,c43dc080
dist_vwap_w = (vwap_w-close)/tick,2026-06-14,0.0,114b1ca4
dist_vwap_w = (vwap_w-close)/tick,2026-06-15,0.0,114b1ca4
dist_vwap_w = (vwap_w-close)/tick,2026-06-16,0.0,e7199bc7
dist_vwap_w = (vwap_w-close)/tick,2026-06-17,0.0,e7199bc7
dist_vwap_w = (vwap_w-close)/tick,2026-06-18,0.0,e7199bc7
dist_vwap_w = (vwap_w-close)/tick,2026-06-21,0.0,9238adc1
dist_vwap_w = (vwap_w-close)/tick,2026-06-22,0.0,9238adc1
dist_vwap_w = (vwap_w-close)/tick,2026-06-23,0.0,9238adc1
dist_vwap_w = (vwap_w-close)/tick,2026-06-26,0.0,9238adc1
dist_vwap_w = (vwap_w-close)/tick,2026-06-28,0.0,944f7204
dist_vwap_w = (vwap_w-close)/tick,2026-06-29,0.0,944f7204
dist_vwap_w = (vwap_w-close)/tick,2026-07-01,0.0,944f7204
dist_vwap_w = (vwap_w-close)/tick,2026-07-02,0.0,944f7204
dist_vwap_w = (vwap_w-close)/tick,2026-07-05,0.0,13efb186
dist_vwap_w = (vwap_w-close)/tick,2026-07-06,0.0,13efb186
dist_vwap_w = (vwap_w-close)/tick,2026-07-07,0.0,13efb186
dist_vwap_w = (vwap_w-close)/tick,2026-07-08,0.0,13efb186
dist_vwap_w = (vwap_w-close)/tick,2026-07-09,0.0,13efb186
dist_vwap_w = (vwap_w-close)/tick,2026-07-10,0.0,13efb186
dist_vwap_w = (vwap_w-close)/tick,2026-07-12,0.0,13efb186
dist_vwap_w = (vwap_w-close)/tick,2026-07-13,0.0,13efb186
dist_vwap_w = (vwap_w-close)/tick,2026-07-14,0.0,13efb186
dist_vwap_w = (vwap_w-close)/tick,2026-07-15,0.0,13efb186
dist_vwap_w = (vwap_w-close)/tick,2026-07-16,0.0,13efb186
dist_vwap_w = (vwap_w-close)/tick,2026-07-17,0.0,f6003b62
dist_vwap_w = (vwap_w-close)/tick,2026-07-19,0.0,f6003b62
dist_vwap_w = (vwap_w-close)/tick,2026-07-20,0.0,f6003b62
dist_vwap_w = (vwap_w-close)/tick,2026-07-21,0.0,f6003b62
dist_vwap_w = (vwap_w-close)/tick,2026-07-22,0.0,ed53e566
dist_vwap_w = (vwap_w-close)/tick,2026-07-23,0.0,ed53e566
dist_vwap_w = (vwap_w-close)/tick,2026-07-24,0.0,ed53e566
dist_vwap_w = (vwap_w-close)/tick,2026-07-26,0.0,4981d53a
dist_vwap_w = (vwap_w-close)/tick,2026-07-27,0.0,4981d53a
dist_vwap_w = (vwap_w-close)/tick,2026-07-28,0.0,4981d53a
dist_vwap_w = (vwap_w-close)/tick,2026-07-29,0.0,4981d53a
dist_vwap_w = (vwap_w-close)/tick,2026-07-30,0.0,4981d53a
dist_vwap_w = (vwap_w-close)/tick,2026-07-31,0.0,4981d53a
dist_vwap_w = (vwap_w-close)/tick,2026-08-04,0.0,1d20af93
dist_vwap_w = (vwap_w-close)/tick,2026-08-06,0.0,feec66f6
dist_vwap_w = (vwap_w-close)/tick,2026-08-07,0.0,287627ed
dist_vwap_w = (vwap_w-close)/tick,2026-08-09,0.0,43f2daf5
dist_vwap_w = (vwap_w-close)/tick,2026-08-11,0.0,78177655
dist_vwap_w = (vwap_w-close)/tick,2026-08-12,0.0,78177655
dist_vwap_w = (vwap_w-close)/tick,2026-08-13,0.0,78177655
dist_vwap_w = (vwap_w-close)/tick,2026-08-14,0.0,78177655
dist_vwap_w = (vwap_w-close)/tick,2026-08-16,0.0,605df903
dist_vwap_w = (vwap_w-close)/tick,2026-08-17,0.0,605df903
dist_vwap_w = (vwap_w-close)/tick,2026-08-18,0.0,605df903
dist_vwap_w = (vwap_w-close)/tick,2026-08-19,0.0,605df903
dist_vwap_w = (vwap_w-close)/tick,2026-08-20,0.0,605df903
dist_vwap_w = (vwap_w-close)/tick,2026-08-21,0.0,605df903
dist_vwap_w = (vwap_w-close)/tick,2026-08-23,0.0,605df903
dist_vwap_w = (vwap_w-close)/tick,2026-08-24,0.0,605df903
dist_vwap_w = (vwap_w-close)/tick,2026-08-25,0.0,605df903
dist_vwap_w = (vwap_w-close)/tick,2026-08-26,0.0,605df903
dist_vwap_w = (vwap_w-close)/tick,2026-08-27,0.0,605df903
dist_vwap_w = (vwap_w-close)/tick,2026-08-28,0.0,605df903
dist_vwap_w = (vwap_w-close)/tick,2026-08-30,0.0,605df903
dist_vwap_w = (vwap_w-close)/tick,2026-08-31,0.0,605df903
dist_vwap_w = (vwap_w-close)/tick,2026-09-01,0.0,605df903
dist_vwap_w = (vwap_w-close)/tick,2026-09-02,0.0,605df903
dist_vwap_w = (vwap_w-close)/tick,2026-09-03,0.0,605df903
dist_vwap_m = (vwap_m-close)/tick,2026-06-11,0.0,c43dc080
dist_vwap_m = (vwap_m-close)/tick,2026-06-14,0.0,114b1ca4
dist_vwap_m = (vwap_m-close)/tick,2026-06-15,0.0,114b1ca4
dist_vwap_m = (vwap_m-close)/tick,2026-06-16,0.0,e7199bc7
dist_vwap_m = (vwap_m-close)/tick,2026-06-17,0.0,e7199bc7
dist_vwap_m = (vwap_m-close)/tick,2026-06-18,0.0,e7199bc7
dist_vwap_m = (vwap_m-close)/tick,2026-06-21,0.0,9238adc1
dist_vwap_m = (vwap_m-close)/tick,2026-06-22,0.0,9238adc1
dist_vwap_m = (vwap_m-close)/tick,2026-06-23,0.0,9238adc1
dist_vwap_m = (vwap_m-close)/tick,2026-06-26,0.0,9238adc1
dist_vwap_m = (vwap_m-close)/tick,2026-06-28,0.0,944f7204
dist_vwap_m = (vwap_m-close)/tick,2026-06-29,0.0,944f7204
dist_vwap_m = (vwap_m-close)/tick,2026-07-01,0.0,944f7204
dist_vwap_m = (vwap_m-close)/tick,2026-07-02,0.0,944f7204
dist_vwap_m = (vwap_m-close)/tick,2026-07-05,0.0,13efb186
dist_vwap_m = (vwap_m-close)/tick,2026-07-06,0.0,13efb186
dist_vwap_m = (vwap_m-close)/tick,2026-07-07,0.0,13efb186
dist_vwap_m = (vwap_m-close)/tick,2026-07-08,0.0,13efb186
dist_vwap_m = (vwap_m-close)/tick,2026-07-09,0.0,13efb186
dist_vwap_m = (vwap_m-close)/tick,2026-07-10,0.0,13efb186
dist_vwap_m = (vwap_m-close)/tick,2026-07-12,0.0,13efb186
dist_vwap_m = (vwap_m-close)/tick,2026-07-13,0.0,13efb186
dist_vwap_m = (vwap_m-close)/tick,2026-07-14,0.0,13efb186
dist_vwap_m = (vwap_m-close)/tick,2026-07-15,0.0,13efb186
dist_vwap_m = (vwap_m-close)/tick,2026-07-16,0.0,13efb186
dist_vwap_m = (vwap_m-close)/tick,2026-07-17,0.0,f6003b62
dist_vwap_m = (vwap_m-close)/tick,2026-07-19,0.0,f6003b62
dist_vwap_m = (vwap_m-close)/tick,2026-07-20,0.0,f6003b62
dist_vwap_m = (vwap_m-close)/tick,2026-07-21,0.0,f6003b62
dist_vwap_m = (vwap_m-close)/tick,2026-07-22,0.0,ed53e566
dist_vwap_m = (vwap_m-close)/tick,2026-07-23,0.0,ed53e566
dist_vwap_m = (vwap_m-close)/tick,2026-07-24,0.0,ed53e566
dist_vwap_m = (vwap_m-close)/tick,2026-07-26,0.0,4981d53a
dist_vwap_m = (vwap_m-close)/tick,2026-07-27,0.0,4981d53a
dist_vwap_m = (vwap_m-close)/tick,2026-07-28,0.0,4981d53a
dist_vwap_m = (vwap_m-close)/tick,2026-07-29,0.0,4981d53a
dist_vwap_m = (vwap_m-close)/tick,2026-07-30,0.0,4981d53a
dist_vwap_m = (vwap_m-close)/tick,2026-07-31,0.0,4981d53a
dist_vwap_m = (vwap_m-close)/tick,2026-08-04,0.0,1d20af93
dist_vwap_m = (vwap_m-close)/tick,2026-08-06,0.0,feec66f6
dist_vwap_m = (vwap_m-close)/tick,2026-08-07,0.0,287627ed
dist_vwap_m = (vwap_m-close)/tick,2026-08-09,0.0,43f2daf5
dist_vwap_m = (vwap_m-close)/tick,2026-08-11,0.0,78177655
dist_vwap_m = (vwap_m-close)/tick,2026-08-12,0.0,78177655
dist_vwap_m = (vwap_m-close)/tick,2026-08-13,0.0,78177655
dist_vwap_m = (vwap_m-close)/tick,2026-08-14,0.0,78177655
dist_vwap_m = (vwap_m-close)/tick,2026-08-16,0.0,605df903
dist_vwap_m = (vwap_m-close)/tick,2026-08-17,0.0,605df903
dist_vwap_m = (vwap_m-close)/tick,2026-08-18,0.0,605df903
dist_vwap_m = (vwap_m-close)/tick,2026-08-19,0.0,605df903
dist_vwap_m = (vwap_m-close)/tick,2026-08-20,0.0,605df903
dist_vwap_m = (vwap_m-close)/tick,2026-08-21,0.0,605df903
dist_vwap_m = (vwap_m-close)/tick,2026-08-23,0.0,605df903
dist_vwap_m = (vwap_m-close)/tick,2026-08-24,0.0,605df903
dist_vwap_m = (vwap_m-close)/tick,2026-08-25,0.0,605df903
dist_vwap_m = (vwap_m-close)/tick,2026-08-26,0.0,605df903
dist_vwap_m = (vwap_m-close)/tick,2026-08-27,0.0,605df903
dist_vwap_m = (vwap_m-close)/tick,2026-08-28,0.0,605df903
dist_vwap_m = (vwap_m-close)/tick,2026-08-30,0.0,605df903
dist_vwap_m = (vwap_m-close)/tick,2026-08-31,0.0,605df903
dist_vwap_m = (vwap_m-close)/tick,2026-09-01,0.0,605df903
dist_vwap_m = (vwap_m-close)/tick,2026-09-02,0.0,605df903
dist_vwap_m = (vwap_m-close)/tick,2026-09-03,0.0,605df903
dist_cur_vpoc = (cur_vpoc_lvl-close)/tick,2026-06-11,0.0,c43dc080
dist_cur_vpoc = (cur_vpoc_lvl-close)/tick,2026-06-14,0.0,114b1ca4
dist_cur_vpoc = (cur_vpoc_lvl-close)/tick,2026-06-15,0.0,114b1ca4
dist_cur_vpoc = (cur_vpoc_lvl-close)/tick,2026-06-16,0.0,e7199bc7
dist_cur_vpoc = (cur_vpoc_lvl-close)/tick,2026-06-17,0.0,e7199bc7
dist_cur_vpoc = (cur_vpoc_lvl-close)/tick,2026-06-18,0.0,e7199bc7
dist_cur_vpoc = (cur_vpoc_lvl-close)/tick,2026-06-21,0.0,9238adc1
dist_cur_vpoc = (cur_vpoc_lvl-close)/tick,2026-06-22,0.0,9238adc1
dist_cur_vpoc = (cur_vpoc_lvl-close)/tick,2026-06-23,0.0,9238adc1
dist_cur_vpoc = (cur_vpoc_lvl-close)/tick,2026-06-26,0.0,9238adc1
dist_cur_vpoc = (cur_vpoc_lvl-close)/tick,2026-06-28,0.0,944f7204
dist_cur_vpoc = (cur_vpoc_lvl-close)/tick,2026-06-29,0.0,944f7204
dist_cur_vpoc = (cur_vpoc_lvl-close)/tick,2026-07-01,0.0,944f7204
dist_cur_vpoc = (cur_vpoc_lvl-close)/tick,2026-07-02,0.0,944f7204
dist_cur_vpoc = (cur_vpoc_lvl-close)/tick,2026-07-05,0.0,13efb186
dist_cur_vpoc = (cur_vpoc_lvl-close)/tick,2026-07-06,0.0,13efb186
dist_cur_vpoc = (cur_vpoc_lvl-close)/tick,2026-07-07,0.0,13efb186
dist_cur_vpoc = (cur_vpoc_lvl-close)/tick,2026-07-08,0.0,13efb186
dist_cur_vpoc = (cur_vpoc_lvl-close)/tick,2026-07-09,0.0,13efb186
dist_cur_vpoc = (cur_vpoc_lvl-close)/tick,2026-07-10,0.0,13efb186
dist_cur_vpoc = (cur_vpoc_lvl-close)/tick,2026-07-12,0.0,13efb186
dist_cur_vpoc = (cur_vpoc_lvl-close)/tick,2026-07-13,0.0,13efb186
dist_cur_vpoc = (cur_vpoc_lvl-close)/tick,2026-07-14,0.0,13efb186
dist_cur_vpoc = (cur_vpoc_lvl-close)/tick,2026-07-15,0.0,13efb186
dist_cur_vpoc = (cur_vpoc_lvl-close)/tick,2026-07-16,0.0,13efb186
dist_cur_vpoc = (cur_vpoc_lvl-close)/tick,2026-07-17,0.0,f6003b62
dist_cur_vpoc = (cur_vpoc_lvl-close)/tick,2026-07-19,0.0,f6003b62
dist_cur_vpoc = (cur_vpoc_lvl-close)/tick,2026-07-20,0.0,f6003b62
dist_cur_vpoc = (cur_vpoc_lvl-close)/tick,2026-07-21,0.0,f6003b62
dist_cur_vpoc = (cur_vpoc_lvl-close)/tick,2026-07-22,0.0,ed53e566
dist_cur_vpoc = (cur_vpoc_lvl-close)/tick,2026-07-23,0.0,ed53e566
dist_cur_vpoc = (cur_vpoc_lvl-close)/tick,2026-07-24,0.0,ed53e566
dist_cur_vpoc = (cur_vpoc_lvl-close)/tick,2026-07-26,0.0,4981d53a
dist_cur_vpoc = (cur_vpoc_lvl-close)/tick,2026-07-27,0.0,4981d53a
dist_cur_vpoc = (cur_vpoc_lvl-close)/tick,2026-07-28,0.0,4981d53a
dist_cur_vpoc = (cur_vpoc_lvl-close)/tick,2026-07-29,0.0,4981d53a
dist_cur_vpoc = (cur_vpoc_lvl-close)/tick,2026-07-30,0.0,4981d53a
dist_cur_vpoc = (cur_vpoc_lvl-close)/tick,2026-07-31,0.0,4981d53a
dist_cur_vpoc = (cur_vpoc_lvl-close)/tick,2026-08-04,0.0,1d20af93
dist_cur_vpoc = (cur_vpoc_lvl-close)/tick,2026-08-06,0.0,feec66f6
dist_cur_vpoc = (cur_vpoc_lvl-close)/tick,2026-08-07,0.0,287627ed
dist_cur_vpoc = (cur_vpoc_lvl-close)/tick,2026-08-09,0.0,43f2daf5
dist_cur_vpoc = (cur_vpoc_lvl-close)/tick,2026-08-11,0.0,78177655
dist_cur_vpoc = (cur_vpoc_lvl-close)/tick,2026-08-12,0.0,78177655
dist_cur_vpoc = (cur_vpoc_lvl-close)/tick,2026-08-13,0.0,78177655
dist_cur_vpoc = (cur_vpoc_lvl-close)/tick,2026-08-14,0.0,78177655
dist_cur_vpoc = (cur_vpoc_lvl-close)/tick,2026-08-16,0.0,605df903
dist_cur_vpoc = (cur_vpoc_lvl-close)/tick,2026-08-17,0.0,605df903
dist_cur_vpoc = (cur_vpoc_lvl-close)/tick,2026-08-18,0.0,605df903
dist_cur_vpoc = (cur_vpoc_lvl-close)/tick,2026-08-19,0.0,605df903
dist_cur_vpoc = (cur_vpoc_lvl-close)/tick,2026-08-20,0.0,605df903
dist_cur_vpoc = (cur_vpoc_lvl-close)/tick,2026-08-21,0.0,605df903
dist_cur_vpoc = (cur_vpoc_lvl-close)/tick,2026-08-23,0.0,605df903
dist_cur_vpoc = (cur_vpoc_lvl-close)/tick,2026-08-24,0.0,605df903
dist_cur_vpoc = (cur_vpoc_lvl-close)/tick,2026-08-25,0.0,605df903
dist_cur_vpoc = (cur_vpoc_lvl-close)/tick,2026-08-26,0.0,605df903
dist_cur_vpoc = (cur_vpoc_lvl-close)/tick,2026-08-27,0.0,605df903
dist_cur_vpoc = (cur_vpoc_lvl-close)/tick,2026-08-28,0.0,605df903
dist_cur_vpoc = (cur_vpoc_lvl-close)/tick,2026-08-30,0.0,605df903
dist_cur_vpoc = (cur_vpoc_lvl-close)/tick,2026-08-31,0.0,605df903
dist_cur_vpoc = (cur_vpoc_lvl-close)/tick,2026-09-01,0.0,605df903
dist_cur_vpoc = (cur_vpoc_lvl-close)/tick,2026-09-02,0.0,605df903
dist_cur_vpoc = (cur_vpoc_lvl-close)/tick,2026-09-03,0.0,605df903
dist_cur_vah = (cur_vah_lvl-close)/tick,2026-06-11,0.0,c43dc080
dist_cur_vah = (cur_vah_lvl-close)/tick,2026-06-14,0.0,114b1ca4
dist_cur_vah = (cur_vah_lvl-close)/tick,2026-06-15,0.0,114b1ca4
dist_cur_vah = (cur_vah_lvl-close)/tick,2026-06-16,0.0,e7199bc7
dist_cur_vah = (cur_vah_lvl-close)/tick,2026-06-17,0.0,e7199bc7
dist_cur_vah = (cur_vah_lvl-close)/tick,2026-06-18,0.0,e7199bc7
dist_cur_vah = (cur_vah_lvl-close)/tick,2026-06-21,0.0,9238adc1
dist_cur_vah = (cur_vah_lvl-close)/tick,2026-06-22,0.0,9238adc1
dist_cur_vah = (cur_vah_lvl-close)/tick,2026-06-23,0.0,9238adc1
dist_cur_vah = (cur_vah_lvl-close)/tick,2026-06-26,0.0,9238adc1
dist_cur_vah = (cur_vah_lvl-close)/tick,2026-06-28,0.0,944f7204
dist_cur_vah = (cur_vah_lvl-close)/tick,2026-06-29,0.0,944f7204
dist_cur_vah = (cur_vah_lvl-close)/tick,2026-07-01,0.0,944f7204
dist_cur_vah = (cur_vah_lvl-close)/tick,2026-07-02,0.0,944f7204
dist_cur_vah = (cur_vah_lvl-close)/tick,2026-07-05,0.0,13efb186
dist_cur_vah = (cur_vah_lvl-close)/tick,2026-07-06,0.0,13efb186
dist_cur_vah = (cur_vah_lvl-close)/tick,2026-07-07,0.0,13efb186
dist_cur_vah = (cur_vah_lvl-close)/tick,2026-07-08,0.0,13efb186
dist_cur_vah = (cur_vah_lvl-close)/tick,2026-07-09,0.0,13efb186
dist_cur_vah = (cur_vah_lvl-close)/tick,2026-07-10,0.0,13efb186
dist_cur_vah = (cur_vah_lvl-close)/tick,2026-07-12,0.0,13efb186
dist_cur_vah = (cur_vah_lvl-close)/tick,2026-07-13,0.0,13efb186
dist_cur_vah = (cur_vah_lvl-close)/tick,2026-07-14,0.0,13efb186
dist_cur_vah = (cur_vah_lvl-close)/tick,2026-07-15,0.0,13efb186
dist_cur_vah = (cur_vah_lvl-close)/tick,2026-07-16,0.0,13efb186
dist_cur_vah = (cur_vah_lvl-close)/tick,2026-07-17,0.0,f6003b62
dist_cur_vah = (cur_vah_lvl-close)/tick,2026-07-19,0.0,f6003b62
dist_cur_vah = (cur_vah_lvl-close)/tick,2026-07-20,0.0,f6003b62
dist_cur_vah = (cur_vah_lvl-close)/tick,2026-07-21,0.0,f6003b62
dist_cur_vah = (cur_vah_lvl-close)/tick,2026-07-22,0.0,ed53e566
dist_cur_vah = (cur_vah_lvl-close)/tick,2026-07-23,0.0,ed53e566
dist_cur_vah = (cur_vah_lvl-close)/tick,2026-07-24,0.0,ed53e566
dist_cur_vah = (cur_vah_lvl-close)/tick,2026-07-26,0.0,4981d53a
dist_cur_vah = (cur_vah_lvl-close)/tick,2026-07-27,0.0,4981d53a
dist_cur_vah = (cur_vah_lvl-close)/tick,2026-07-28,0.0,4981d53a
dist_cur_vah = (cur_vah_lvl-close)/tick,2026-07-29,0.0,4981d53a
dist_cur_vah = (cur_vah_lvl-close)/tick,2026-07-30,0.0,4981d53a
dist_cur_vah = (cur_vah_lvl-close)/tick,2026-07-31,0.0,4981d53a
dist_cur_vah = (cur_vah_lvl-close)/tick,2026-08-04,0.0,1d20af93
dist_cur_vah = (cur_vah_lvl-close)/tick,2026-08-06,0.0,feec66f6
dist_cur_vah = (cur_vah_lvl-close)/tick,2026-08-07,0.0,287627ed
dist_cur_vah = (cur_vah_lvl-close)/tick,2026-08-09,0.0,43f2daf5
dist_cur_vah = (cur_vah_lvl-close)/tick,2026-08-11,0.0,78177655
dist_cur_vah = (cur_vah_lvl-close)/tick,2026-08-12,0.0,78177655
dist_cur_vah = (cur_vah_lvl-close)/tick,2026-08-13,0.0,78177655
dist_cur_vah = (cur_vah_lvl-close)/tick,2026-08-14,0.0,78177655
dist_cur_vah = (cur_vah_lvl-close)/tick,2026-08-16,0.0,605df903
dist_cur_vah = (cur_vah_lvl-close)/tick,2026-08-17,0.0,605df903
dist_cur_vah = (cur_vah_lvl-close)/tick,2026-08-18,0.0,605df903
dist_cur_vah = (cur_vah_lvl-close)/tick,2026-08-19,0.0,605df903
dist_cur_vah = (cur_vah_lvl-close)/tick,2026-08-20,0.0,605df903
dist_cur_vah = (cur_vah_lvl-close)/tick,2026-08-21,0.0,605df903
dist_cur_vah = (cur_vah_lvl-close)/tick,2026-08-23,0.0,605df903
dist_cur_vah = (cur_vah_lvl-close)/tick,2026-08-24,0.0,605df903
dist_cur_vah = (cur_vah_lvl-close)/tick,2026-08-25,0.0,605df903
dist_cur_vah = (cur_vah_lvl-close)/tick,2026-08-26,0.0,605df903
dist_cur_vah = (cur_vah_lvl-close)/tick,2026-08-27,0.0,605df903
dist_cur_vah = (cur_vah_lvl-close)/tick,2026-08-28,0.0,605df903
dist_cur_vah = (cur_vah_lvl-close)/tick,2026-08-30,0.0,605df903
dist_cur_vah = (cur_vah_lvl-close)/tick,2026-08-31,0.0,605df903
dist_cur_vah = (cur_vah_lvl-close)/tick,2026-09-01,0.0,605df903
dist_cur_vah = (cur_vah_lvl-close)/tick,2026-09-02,0.0,605df903
dist_cur_vah = (cur_vah_lvl-close)/tick,2026-09-03,0.0,605df903
dist_cur_val = (cur_val_lvl-close)/tick,2026-06-11,0.0,c43dc080
dist_cur_val = (cur_val_lvl-close)/tick,2026-06-14,0.0,114b1ca4
dist_cur_val = (cur_val_lvl-close)/tick,2026-06-15,0.0,114b1ca4
dist_cur_val = (cur_val_lvl-close)/tick,2026-06-16,0.0,e7199bc7
dist_cur_val = (cur_val_lvl-close)/tick,2026-06-17,0.0,e7199bc7
dist_cur_val = (cur_val_lvl-close)/tick,2026-06-18,0.0,e7199bc7
dist_cur_val = (cur_val_lvl-close)/tick,2026-06-21,0.0,9238adc1
dist_cur_val = (cur_val_lvl-close)/tick,2026-06-22,0.0,9238adc1
dist_cur_val = (cur_val_lvl-close)/tick,2026-06-23,0.0,9238adc1
dist_cur_val = (cur_val_lvl-close)/tick,2026-06-26,0.0,9238adc1
dist_cur_val = (cur_val_lvl-close)/tick,2026-06-28,0.0,944f7204
dist_cur_val = (cur_val_lvl-close)/tick,2026-06-29,0.0,944f7204
dist_cur_val = (cur_val_lvl-close)/tick,2026-07-01,0.0,944f7204
dist_cur_val = (cur_val_lvl-close)/tick,2026-07-02,0.0,944f7204
dist_cur_val = (cur_val_lvl-close)/tick,2026-07-05,0.0,13efb186
dist_cur_val = (cur_val_lvl-close)/tick,2026-07-06,0.0,13efb186
dist_cur_val = (cur_val_lvl-close)/tick,2026-07-07,0.0,13efb186
dist_cur_val = (cur_val_lvl-close)/tick,2026-07-08,0.0,13efb186
dist_cur_val = (cur_val_lvl-close)/tick,2026-07-09,0.0,13efb186
dist_cur_val = (cur_val_lvl-close)/tick,2026-07-10,0.0,13efb186
dist_cur_val = (cur_val_lvl-close)/tick,2026-07-12,0.0,13efb186
dist_cur_val = (cur_val_lvl-close)/tick,2026-07-13,0.0,13efb186
dist_cur_val = (cur_val_lvl-close)/tick,2026-07-14,0.0,13efb186
dist_cur_val = (cur_val_lvl-close)/tick,2026-07-15,0.0,13efb186
dist_cur_val = (cur_val_lvl-close)/tick,2026-07-16,0.0,13efb186
dist_cur_val = (cur_val_lvl-close)/tick,2026-07-17,0.0,f6003b62
dist_cur_val = (cur_val_lvl-close)/tick,2026-07-19,0.0,f6003b62
dist_cur_val = (cur_val_lvl-close)/tick,2026-07-20,0.0,f6003b62
dist_cur_val = (cur_val_lvl-close)/tick,2026-07-21,0.0,f6003b62
dist_cur_val = (cur_val_lvl-close)/tick,2026-07-22,0.0,ed53e566
dist_cur_val = (cur_val_lvl-close)/tick,2026-07-23,0.0,ed53e566
dist_cur_val = (cur_val_lvl-close)/tick,2026-07-24,0.0,ed53e566
dist_cur_val = (cur_val_lvl-close)/tick,2026-07-26,0.0,4981d53a
dist_cur_val = (cur_val_lvl-close)/tick,2026-07-27,0.0,4981d53a
dist_cur_val = (cur_val_lvl-close)/tick,2026-07-28,0.0,4981d53a
dist_cur_val = (cur_val_lvl-close)/tick,2026-07-29,0.0,4981d53a
dist_cur_val = (cur_val_lvl-close)/tick,2026-07-30,0.0,4981d53a
dist_cur_val = (cur_val_lvl-close)/tick,2026-07-31,0.0,4981d53a
dist_cur_val = (cur_val_lvl-close)/tick,2026-08-04,0.0,1d20af93
dist_cur_val = (cur_val_lvl-close)/tick,2026-08-06,0.0,feec66f6
dist_cur_val = (cur_val_lvl-close)/tick,2026-08-07,0.0,287627ed
dist_cur_val = (cur_val_lvl-close)/tick,2026-08-09,0.0,43f2daf5
dist_cur_val = (cur_val_lvl-close)/tick,2026-08-11,0.0,78177655
dist_cur_val = (cur_val_lvl-close)/tick,2026-08-12,0.0,78177655
dist_cur_val = (cur_val_lvl-close)/tick,2026-08-13,0.0,78177655
dist_cur_val = (cur_val_lvl-close)/tick,2026-08-14,0.0,78177655
dist_cur_val = (cur_val_lvl-close)/tick,2026-08-16,0.0,605df903
dist_cur_val = (cur_val_lvl-close)/tick,2026-08-17,0.0,605df903
dist_cur_val = (cur_val_lvl-close)/tick,2026-08-18,0.0,605df903
dist_cur_val = (cur_val_lvl-close)/tick,2026-08-19,0.0,605df903
dist_cur_val = (cur_val_lvl-close)/tick,2026-08-20,0.0,605df903
dist_cur_val = (cur_val_lvl-close)/tick,2026-08-21,0.0,605df903
dist_cur_val = (cur_val_lvl-close)/tick,2026-08-23,0.0,605df903
dist_cur_val = (cur_val_lvl-close)/tick,2026-08-24,0.0,605df903
dist_cur_val = (cur_val_lvl-close)/tick,2026-08-25,0.0,605df903
dist_cur_val = (cur_val_lvl-close)/tick,2026-08-26,0.0,605df903
dist_cur_val = (cur_val_lvl-close)/tick,2026-08-27,0.0,605df903
dist_cur_val = (cur_val_lvl-close)/tick,2026-08-28,0.0,605df903
dist_cur_val = (cur_val_lvl-close)/tick,2026-08-30,0.0,605df903
dist_cur_val = (cur_val_lvl-close)/tick,2026-08-31,0.0,605df903
dist_cur_val = (cur_val_lvl-close)/tick,2026-09-01,0.0,605df903
dist_cur_val = (cur_val_lvl-close)/tick,2026-09-02,0.0,605df903
dist_cur_val = (cur_val_lvl-close)/tick,2026-09-03,0.0,605df903
dist_prev_vpoc = (prev_vpoc_lvl-close)/tick,2026-06-11,0.0,c43dc080
dist_prev_vpoc = (prev_vpoc_lvl-close)/tick,2026-06-14,0.0,114b1ca4
dist_prev_vpoc = (prev_vpoc_lvl-close)/tick,2026-06-15,0.0,114b1ca4
dist_prev_vpoc = (prev_vpoc_lvl-close)/tick,2026-06-16,0.0,e7199bc7
dist_prev_vpoc = (prev_vpoc_lvl-close)/tick,2026-06-17,0.0,e7199bc7
dist_prev_vpoc = (prev_vpoc_lvl-close)/tick,2026-06-18,0.0,e7199bc7
dist_prev_vpoc = (prev_vpoc_lvl-close)/tick,2026-06-21,0.0,9238adc1
dist_prev_vpoc = (prev_vpoc_lvl-close)/tick,2026-06-22,0.0,9238adc1
dist_prev_vpoc = (prev_vpoc_lvl-close)/tick,2026-06-23,0.0,9238adc1
dist_prev_vpoc = (prev_vpoc_lvl-close)/tick,2026-06-26,0.0,9238adc1
dist_prev_vpoc = (prev_vpoc_lvl-close)/tick,2026-06-28,0.0,944f7204
dist_prev_vpoc = (prev_vpoc_lvl-close)/tick,2026-06-29,0.0,944f7204
dist_prev_vpoc = (prev_vpoc_lvl-close)/tick,2026-07-01,0.0,944f7204
dist_prev_vpoc = (prev_vpoc_lvl-close)/tick,2026-07-02,0.0,944f7204
dist_prev_vpoc = (prev_vpoc_lvl-close)/tick,2026-07-05,0.0,13efb186
dist_prev_vpoc = (prev_vpoc_lvl-close)/tick,2026-07-06,0.0,13efb186
dist_prev_vpoc = (prev_vpoc_lvl-close)/tick,2026-07-07,0.0,13efb186
dist_prev_vpoc = (prev_vpoc_lvl-close)/tick,2026-07-08,0.0,13efb186
dist_prev_vpoc = (prev_vpoc_lvl-close)/tick,2026-07-09,0.0,13efb186
dist_prev_vpoc = (prev_vpoc_lvl-close)/tick,2026-07-10,0.0,13efb186
dist_prev_vpoc = (prev_vpoc_lvl-close)/tick,2026-07-12,0.0,13efb186
dist_prev_vpoc = (prev_vpoc_lvl-close)/tick,2026-07-13,0.0,13efb186
dist_prev_vpoc = (prev_vpoc_lvl-close)/tick,2026-07-14,0.0,13efb186
dist_prev_vpoc = (prev_vpoc_lvl-close)/tick,2026-07-15,0.0,13efb186
dist_prev_vpoc = (prev_vpoc_lvl-close)/tick,2026-07-16,0.0,13efb186
dist_prev_vpoc = (prev_vpoc_lvl-close)/tick,2026-07-17,0.0,f6003b62
dist_prev_vpoc = (prev_vpoc_lvl-close)/tick,2026-07-19,0.0,f6003b62
dist_prev_vpoc = (prev_vpoc_lvl-close)/tick,2026-07-20,0.0,f6003b62
dist_prev_vpoc = (prev_vpoc_lvl-close)/tick,2026-07-21,0.0,f6003b62
dist_prev_vpoc = (prev_vpoc_lvl-close)/tick,2026-07-22,0.0,ed53e566
dist_prev_vpoc = (prev_vpoc_lvl-close)/tick,2026-07-23,0.0,ed53e566
dist_prev_vpoc = (prev_vpoc_lvl-close)/tick,2026-07-24,0.0,ed53e566
dist_prev_vpoc = (prev_vpoc_lvl-close)/tick,2026-07-26,0.0,4981d53a
dist_prev_vpoc = (prev_vpoc_lvl-close)/tick,2026-07-27,0.0,4981d53a
dist_prev_vpoc = (prev_vpoc_lvl-close)/tick,2026-07-28,0.0,4981d53a
dist_prev_vpoc = (prev_vpoc_lvl-close)/tick,2026-07-29,0.0,4981d53a
dist_prev_vpoc = (prev_vpoc_lvl-close)/tick,2026-07-30,0.0,4981d53a
dist_prev_vpoc = (prev_vpoc_lvl-close)/tick,2026-07-31,0.0,4981d53a
dist_prev_vpoc = (prev_vpoc_lvl-close)/tick,2026-08-04,0.0,1d20af93
dist_prev_vpoc = (prev_vpoc_lvl-close)/tick,2026-08-06,0.0,feec66f6
dist_prev_vpoc = (prev_vpoc_lvl-close)/tick,2026-08-07,0.0,287627ed
dist_prev_vpoc = (prev_vpoc_lvl-close)/tick,2026-08-09,0.0,43f2daf5
dist_prev_vpoc = (prev_vpoc_lvl-close)/tick,2026-08-11,0.0,78177655
dist_prev_vpoc = (prev_vpoc_lvl-close)/tick,2026-08-12,0.0,78177655
dist_prev_vpoc = (prev_vpoc_lvl-close)/tick,2026-08-13,0.0,78177655
dist_prev_vpoc = (prev_vpoc_lvl-close)/tick,2026-08-14,0.0,78177655
dist_prev_vpoc = (prev_vpoc_lvl-close)/tick,2026-08-16,0.0,605df903
dist_prev_vpoc = (prev_vpoc_lvl-close)/tick,2026-08-17,0.0,605df903
dist_prev_vpoc = (prev_vpoc_lvl-close)/tick,2026-08-18,0.0,605df903
dist_prev_vpoc = (prev_vpoc_lvl-close)/tick,2026-08-19,0.0,605df903
dist_prev_vpoc = (prev_vpoc_lvl-close)/tick,2026-08-20,0.0,605df903
dist_prev_vpoc = (prev_vpoc_lvl-close)/tick,2026-08-21,0.0,605df903
dist_prev_vpoc = (prev_vpoc_lvl-close)/tick,2026-08-23,0.0,605df903
dist_prev_vpoc = (prev_vpoc_lvl-close)/tick,2026-08-24,0.0,605df903
dist_prev_vpoc = (prev_vpoc_lvl-close)/tick,2026-08-25,0.0,605df903
dist_prev_vpoc = (prev_vpoc_lvl-close)/tick,2026-08-26,0.0,605df903
dist_prev_vpoc = (prev_vpoc_lvl-close)/tick,2026-08-27,0.0,605df903
dist_prev_vpoc = (prev_vpoc_lvl-close)/tick,2026-08-28,0.0,605df903
dist_prev_vpoc = (prev_vpoc_lvl-close)/tick,2026-08-30,0.0,605df903
dist_prev_vpoc = (prev_vpoc_lvl-close)/tick,2026-08-31,0.0,605df903
dist_prev_vpoc = (prev_vpoc_lvl-close)/tick,2026-09-01,0.0,605df903
dist_prev_vpoc = (prev_vpoc_lvl-close)/tick,2026-09-02,0.0,605df903
dist_prev_vpoc = (prev_vpoc_lvl-close)/tick,2026-09-03,0.0,605df903
dist_prev_vah = (prev_vah_lvl-close)/tick,2026-06-11,0.0,c43dc080
dist_prev_vah = (prev_vah_lvl-close)/tick,2026-06-14,0.0,114b1ca4
dist_prev_vah = (prev_vah_lvl-close)/tick,2026-06-15,0.0,114b1ca4
dist_prev_vah = (prev_vah_lvl-close)/tick,2026-06-16,0.0,e7199bc7
dist_prev_vah = (prev_vah_lvl-close)/tick,2026-06-17,0.0,e7199bc7
dist_prev_vah = (prev_vah_lvl-close)/tick,2026-06-18,0.0,e7199bc7
dist_prev_vah = (prev_vah_lvl-close)/tick,2026-06-21,0.0,9238adc1
dist_prev_vah = (prev_vah_lvl-close)/tick,2026-06-22,0.0,9238adc1
dist_prev_vah = (prev_vah_lvl-close)/tick,2026-06-23,0.0,9238adc1
dist_prev_vah = (prev_vah_lvl-close)/tick,2026-06-26,0.0,9238adc1
dist_prev_vah = (prev_vah_lvl-close)/tick,2026-06-28,0.0,944f7204
dist_prev_vah = (prev_vah_lvl-close)/tick,2026-06-29,0.0,944f7204
dist_prev_vah = (prev_vah_lvl-close)/tick,2026-07-01,0.0,944f7204
dist_prev_vah = (prev_vah_lvl-close)/tick,2026-07-02,0.0,944f7204
dist_prev_vah = (prev_vah_lvl-close)/tick,2026-07-05,0.0,13efb186
dist_prev_vah = (prev_vah_lvl-close)/tick,2026-07-06,0.0,13efb186
dist_prev_vah = (prev_vah_lvl-close)/tick,2026-07-07,0.0,13efb186
dist_prev_vah = (prev_vah_lvl-close)/tick,2026-07-08,0.0,13efb186
dist_prev_vah = (prev_vah_lvl-close)/tick,2026-07-09,0.0,13efb186
dist_prev_vah = (prev_vah_lvl-close)/tick,2026-07-10,0.0,13efb186
dist_prev_vah = (prev_vah_lvl-close)/tick,2026-07-12,0.0,13efb186
dist_prev_vah = (prev_vah_lvl-close)/tick,2026-07-13,0.0,13efb186
dist_prev_vah = (prev_vah_lvl-close)/tick,2026-07-14,0.0,13efb186
dist_prev_vah = (prev_vah_lvl-close)/tick,2026-07-15,0.0,13efb186
dist_prev_vah = (prev_vah_lvl-close)/tick,2026-07-16,0.0,13efb186
dist_prev_vah = (prev_vah_lvl-close)/tick,2026-07-17,0.0,f6003b62
dist_prev_vah = (prev_vah_lvl-close)/tick,2026-07-19,0.0,f6003b62
dist_prev_vah = (prev_vah_lvl-close)/tick,2026-07-20,0.0,f6003b62
dist_prev_vah = (prev_vah_lvl-close)/tick,2026-07-21,0.0,f6003b62
dist_prev_vah = (prev_vah_lvl-close)/tick,2026-07-22,0.0,ed53e566
dist_prev_vah = (prev_vah_lvl-close)/tick,2026-07-23,0.0,ed53e566
dist_prev_vah = (prev_vah_lvl-close)/tick,2026-07-24,0.0,ed53e566
dist_prev_vah = (prev_vah_lvl-close)/tick,2026-07-26,0.0,4981d53a
dist_prev_vah = (prev_vah_lvl-close)/tick,2026-07-27,0.0,4981d53a
dist_prev_vah = (prev_vah_lvl-close)/tick,2026-07-28,0.0,4981d53a
dist_prev_vah = (prev_vah_lvl-close)/tick,2026-07-29,0.0,4981d53a
dist_prev_vah = (prev_vah_lvl-close)/tick,2026-07-30,0.0,4981d53a
dist_prev_vah = (prev_vah_lvl-close)/tick,2026-07-31,0.0,4981d53a
dist_prev_vah = (prev_vah_lvl-close)/tick,2026-08-04,0.0,1d20af93
dist_prev_vah = (prev_vah_lvl-close)/tick,2026-08-06,0.0,feec66f6
dist_prev_vah = (prev_vah_lvl-close)/tick,2026-08-07,0.0,287627ed
dist_prev_vah = (prev_vah_lvl-close)/tick,2026-08-09,0.0,43f2daf5
dist_prev_vah = (prev_vah_lvl-close)/tick,2026-08-11,0.0,78177655
dist_prev_vah = (prev_vah_lvl-close)/tick,2026-08-12,0.0,78177655
dist_prev_vah = (prev_vah_lvl-close)/tick,2026-08-13,0.0,78177655
dist_prev_vah = (prev_vah_lvl-close)/tick,2026-08-14,0.0,78177655
dist_prev_vah = (prev_vah_lvl-close)/tick,2026-08-16,0.0,605df903
dist_prev_vah = (prev_vah_lvl-close)/tick,2026-08-17,0.0,605df903
dist_prev_vah = (prev_vah_lvl-close)/tick,2026-08-18,0.0,605df903
dist_prev_vah = (prev_vah_lvl-close)/tick,2026-08-19,0.0,605df903
dist_prev_vah = (prev_vah_lvl-close)/tick,2026-08-20,0.0,605df903
dist_prev_vah = (prev_vah_lvl-close)/tick,2026-08-21,0.0,605df903
dist_prev_vah = (prev_vah_lvl-close)/tick,2026-08-23,0.0,605df903
dist_prev_vah = (prev_vah_lvl-close)/tick,2026-08-24,0.0,605df903
dist_prev_vah = (prev_vah_lvl-close)/tick,2026-08-25,0.0,605df903
dist_prev_vah = (prev_vah_lvl-close)/tick,2026-08-26,0.0,605df903
dist_prev_vah = (prev_vah_lvl-close)/tick,2026-08-27,0.0,605df903
dist_prev_vah = (prev_vah_lvl-close)/tick,2026-08-28,0.0,605df903
dist_prev_vah = (prev_vah_lvl-close)/tick,2026-08-30,0.0,605df903
dist_prev_vah = (prev_vah_lvl-close)/tick,2026-08-31,0.0,605df903
dist_prev_vah = (prev_vah_lvl-close)/tick,2026-09-01,0.0,605df903
dist_prev_vah = (prev_vah_lvl-close)/tick,2026-09-02,0.0,605df903
dist_prev_vah = (prev_vah_lvl-close)/tick,2026-09-03,0.0,605df903
dist_prev_val = (prev_val_lvl-close)/tick,2026-06-11,0.0,c43dc080
dist_prev_val = (prev_val_lvl-close)/tick,2026-06-14,0.0,114b1ca4
dist_prev_val = (prev_val_lvl-close)/tick,2026-06-15,0.0,114b1ca4
dist_prev_val = (prev_val_lvl-close)/tick,2026-06-16,0.0,e7199bc7
dist_prev_val = (prev_val_lvl-close)/tick,2026-06-17,0.0,e7199bc7
dist_prev_val = (prev_val_lvl-close)/tick,2026-06-18,0.0,e7199bc7
dist_prev_val = (prev_val_lvl-close)/tick,2026-06-21,0.0,9238adc1
dist_prev_val = (prev_val_lvl-close)/tick,2026-06-22,0.0,9238adc1
dist_prev_val = (prev_val_lvl-close)/tick,2026-06-23,0.0,9238adc1
dist_prev_val = (prev_val_lvl-close)/tick,2026-06-26,0.0,9238adc1
dist_prev_val = (prev_val_lvl-close)/tick,2026-06-28,0.0,944f7204
dist_prev_val = (prev_val_lvl-close)/tick,2026-06-29,0.0,944f7204
dist_prev_val = (prev_val_lvl-close)/tick,2026-07-01,0.0,944f7204
dist_prev_val = (prev_val_lvl-close)/tick,2026-07-02,0.0,944f7204
dist_prev_val = (prev_val_lvl-close)/tick,2026-07-05,0.0,13efb186
dist_prev_val = (prev_val_lvl-close)/tick,2026-07-06,0.0,13efb186
dist_prev_val = (prev_val_lvl-close)/tick,2026-07-07,0.0,13efb186
dist_prev_val = (prev_val_lvl-close)/tick,2026-07-08,0.0,13efb186
dist_prev_val = (prev_val_lvl-close)/tick,2026-07-09,0.0,13efb186
dist_prev_val = (prev_val_lvl-close)/tick,2026-07-10,0.0,13efb186
dist_prev_val = (prev_val_lvl-close)/tick,2026-07-12,0.0,13efb186
dist_prev_val = (prev_val_lvl-close)/tick,2026-07-13,0.0,13efb186
dist_prev_val = (prev_val_lvl-close)/tick,2026-07-14,0.0,13efb186
dist_prev_val = (prev_val_lvl-close)/tick,2026-07-15,0.0,13efb186
dist_prev_val = (prev_val_lvl-close)/tick,2026-07-16,0.0,13efb186
dist_prev_val = (prev_val_lvl-close)/tick,2026-07-17,0.0,f6003b62
dist_prev_val = (prev_val_lvl-close)/tick,2026-07-19,0.0,f6003b62
dist_prev_val = (prev_val_lvl-close)/tick,2026-07-20,0.0,f6003b62
dist_prev_val = (prev_val_lvl-close)/tick,2026-07-21,0.0,f6003b62
dist_prev_val = (prev_val_lvl-close)/tick,2026-07-22,0.0,ed53e566
dist_prev_val = (prev_val_lvl-close)/tick,2026-07-23,0.0,ed53e566
dist_prev_val = (prev_val_lvl-close)/tick,2026-07-24,0.0,ed53e566
dist_prev_val = (prev_val_lvl-close)/tick,2026-07-26,0.0,4981d53a
dist_prev_val = (prev_val_lvl-close)/tick,2026-07-27,0.0,4981d53a
dist_prev_val = (prev_val_lvl-close)/tick,2026-07-28,0.0,4981d53a
dist_prev_val = (prev_val_lvl-close)/tick,2026-07-29,0.0,4981d53a
dist_prev_val = (prev_val_lvl-close)/tick,2026-07-30,0.0,4981d53a
dist_prev_val = (prev_val_lvl-close)/tick,2026-07-31,0.0,4981d53a
dist_prev_val = (prev_val_lvl-close)/tick,2026-08-04,0.0,1d20af93
dist_prev_val = (prev_val_lvl-close)/tick,2026-08-06,0.0,feec66f6
dist_prev_val = (prev_val_lvl-close)/tick,2026-08-07,0.0,287627ed
dist_prev_val = (prev_val_lvl-close)/tick,2026-08-09,0.0,43f2daf5
dist_prev_val = (prev_val_lvl-close)/tick,2026-08-11,0.0,78177655
dist_prev_val = (prev_val_lvl-close)/tick,2026-08-12,0.0,78177655
dist_prev_val = (prev_val_lvl-close)/tick,2026-08-13,0.0,78177655
dist_prev_val = (prev_val_lvl-close)/tick,2026-08-14,0.0,78177655
dist_prev_val = (prev_val_lvl-close)/tick,2026-08-16,0.0,605df903
dist_prev_val = (prev_val_lvl-close)/tick,2026-08-17,0.0,605df903
dist_prev_val = (prev_val_lvl-close)/tick,2026-08-18,0.0,605df903
dist_prev_val = (prev_val_lvl-close)/tick,2026-08-19,0.0,605df903
dist_prev_val = (prev_val_lvl-close)/tick,2026-08-20,0.0,605df903
dist_prev_val = (prev_val_lvl-close)/tick,2026-08-21,0.0,605df903
dist_prev_val = (prev_val_lvl-close)/tick,2026-08-23,0.0,605df903
dist_prev_val = (prev_val_lvl-close)/tick,2026-08-24,0.0,605df903
dist_prev_val = (prev_val_lvl-close)/tick,2026-08-25,0.0,605df903
dist_prev_val = (prev_val_lvl-close)/tick,2026-08-26,0.0,605df903
dist_prev_val = (prev_val_lvl-close)/tick,2026-08-27,0.0,605df903
dist_prev_val = (prev_val_lvl-close)/tick,2026-08-28,0.0,605df903
dist_prev_val = (prev_val_lvl-close)/tick,2026-08-30,0.0,605df903
dist_prev_val = (prev_val_lvl-close)/tick,2026-08-31,0.0,605df903
dist_prev_val = (prev_val_lvl-close)/tick,2026-09-01,0.0,605df903
dist_prev_val = (prev_val_lvl-close)/tick,2026-09-02,0.0,605df903
dist_prev_val = (prev_val_lvl-close)/tick,2026-09-03,0.0,605df903
dist_prev_vwap = (pvwap-close)/tick,2026-06-11,0.0,c43dc080
dist_prev_vwap = (pvwap-close)/tick,2026-06-14,0.0,114b1ca4
dist_prev_vwap = (pvwap-close)/tick,2026-06-15,0.0,114b1ca4
dist_prev_vwap = (pvwap-close)/tick,2026-06-16,0.0,e7199bc7
dist_prev_vwap = (pvwap-close)/tick,2026-06-17,0.0,e7199bc7
dist_prev_vwap = (pvwap-close)/tick,2026-06-18,0.0865,e7199bc7
dist_prev_vwap = (pvwap-close)/tick,2026-06-21,1.0,9238adc1
dist_prev_vwap = (pvwap-close)/tick,2026-06-22,1.0,9238adc1
dist_prev_vwap = (pvwap-close)/tick,2026-06-23,1.0,9238adc1
dist_prev_vwap = (pvwap-close)/tick,2026-06-26,1.0,9238adc1
dist_prev_vwap = (pvwap-close)/tick,2026-06-28,1.0,944f7204
dist_prev_vwap = (pvwap-close)/tick,2026-06-29,1.0,944f7204
dist_prev_vwap = (pvwap-close)/tick,2026-07-01,1.0,944f7204
dist_prev_vwap = (pvwap-close)/tick,2026-07-02,1.0,944f7204
dist_prev_vwap = (pvwap-close)/tick,2026-07-05,1.0,13efb186
dist_prev_vwap = (pvwap-close)/tick,2026-07-06,1.0,13efb186
dist_prev_vwap = (pvwap-close)/tick,2026-07-07,1.0,13efb186
dist_prev_vwap = (pvwap-close)/tick,2026-07-08,1.0,13efb186
dist_prev_vwap = (pvwap-close)/tick,2026-07-09,1.0,13efb186
dist_prev_vwap = (pvwap-close)/tick,2026-07-10,1.0,13efb186
dist_prev_vwap = (pvwap-close)/tick,2026-07-12,1.0,13efb186
dist_prev_vwap = (pvwap-close)/tick,2026-07-13,1.0,13efb186
dist_prev_vwap = (pvwap-close)/tick,2026-07-14,1.0,13efb186
dist_prev_vwap = (pvwap-close)/tick,2026-07-15,1.0,13efb186
dist_prev_vwap = (pvwap-close)/tick,2026-07-16,1.0,13efb186
dist_prev_vwap = (pvwap-close)/tick,2026-07-17,1.0,f6003b62
dist_prev_vwap = (pvwap-close)/tick,2026-07-19,1.0,f6003b62
dist_prev_vwap = (pvwap-close)/tick,2026-07-20,1.0,f6003b62
dist_prev_vwap = (pvwap-close)/tick,2026-07-21,1.0,f6003b62
dist_prev_vwap = (pvwap-close)/tick,2026-07-22,1.0,ed53e566
dist_prev_vwap = (pvwap-close)/tick,2026-07-23,1.0,ed53e566
dist_prev_vwap = (pvwap-close)/tick,2026-07-24,1.0,ed53e566
dist_prev_vwap = (pvwap-close)/tick,2026-07-26,1.0,4981d53a
dist_prev_vwap = (pvwap-close)/tick,2026-07-27,1.0,4981d53a
dist_prev_vwap = (pvwap-close)/tick,2026-07-28,1.0,4981d53a
dist_prev_vwap = (pvwap-close)/tick,2026-07-29,1.0,4981d53a
dist_prev_vwap = (pvwap-close)/tick,2026-07-30,1.0,4981d53a
dist_prev_vwap = (pvwap-close)/tick,2026-07-31,1.0,4981d53a
dist_prev_vwap = (pvwap-close)/tick,2026-08-04,1.0,1d20af93
dist_prev_vwap = (pvwap-close)/tick,2026-08-06,1.0,feec66f6
dist_prev_vwap = (pvwap-close)/tick,2026-08-07,1.0,287627ed
dist_prev_vwap = (pvwap-close)/tick,2026-08-09,1.0,43f2daf5
dist_prev_vwap = (pvwap-close)/tick,2026-08-11,1.0,78177655
dist_prev_vwap = (pvwap-close)/tick,2026-08-12,1.0,78177655
dist_prev_vwap = (pvwap-close)/tick,2026-08-13,1.0,78177655
dist_prev_vwap = (pvwap-close)/tick,2026-08-14,1.0,78177655
dist_prev_vwap = (pvwap-close)/tick,2026-08-16,1.0,605df903
dist_prev_vwap = (pvwap-close)/tick,2026-08-17,1.0,605df903
dist_prev_vwap = (pvwap-close)/tick,2026-08-18,1.0,605df903
dist_prev_vwap = (pvwap-close)/tick,2026-08-19,1.0,605df903
dist_prev_vwap = (pvwap-close)/tick,2026-08-20,1.0,605df903
dist_prev_vwap = (pvwap-close)/tick,2026-08-21,1.0,605df903
dist_prev_vwap = (pvwap-close)/tick,2026-08-23,1.0,605df903
dist_prev_vwap = (pvwap-close)/tick,2026-08-24,0.9137,605df903
dist_prev_vwap = (pvwap-close)/tick,2026-08-25,0.2603,605df903
dist_prev_vwap = (pvwap-close)/tick,2026-08-26,1.0,605df903
dist_prev_vwap = (pvwap-close)/tick,2026-08-27,1.0,605df903
dist_prev_vwap = (pvwap-close)/tick,2026-08-28,1.0,605df903
dist_prev_vwap = (pvwap-close)/tick,2026-08-30,1.0,605df903
dist_prev_vwap = (pvwap-close)/tick,2026-08-31,1.0,605df903
dist_prev_vwap = (pvwap-close)/tick,2026-09-01,1.0,605df903
dist_prev_vwap = (pvwap-close)/tick,2026-09-02,1.0,605df903
dist_prev_vwap = (pvwap-close)/tick,2026-09-03,1.0,605df903
dist_prev_vwap_sd1u = (pvwap_sd1u-close)/tick,2026-06-11,0.0,c43dc080
dist_prev_vwap_sd1u = (pvwap_sd1u-close)/tick,2026-06-14,0.0,114b1ca4
dist_prev_vwap_sd1u = (pvwap_sd1u-close)/tick,2026-06-15,0.0,114b1ca4
dist_prev_vwap_sd1u = (pvwap_sd1u-close)/tick,2026-06-16,0.0,e7199bc7
dist_prev_vwap_sd1u = (pvwap_sd1u-close)/tick,2026-06-17,0.0,e7199bc7
dist_prev_vwap_sd1u = (pvwap_sd1u-close)/tick,2026-06-18,0.0865,e7199bc7
dist_prev_vwap_sd1u = (pvwap_sd1u-close)/tick,2026-06-21,1.0,9238adc1
dist_prev_vwap_sd1u = (pvwap_sd1u-close)/tick,2026-06-22,1.0,9238adc1
dist_prev_vwap_sd1u = (pvwap_sd1u-close)/tick,2026-06-23,1.0,9238adc1
dist_prev_vwap_sd1u = (pvwap_sd1u-close)/tick,2026-06-26,1.0,9238adc1
dist_prev_vwap_sd1u = (pvwap_sd1u-close)/tick,2026-06-28,1.0,944f7204
dist_prev_vwap_sd1u = (pvwap_sd1u-close)/tick,2026-06-29,1.0,944f7204
dist_prev_vwap_sd1u = (pvwap_sd1u-close)/tick,2026-07-01,1.0,944f7204
dist_prev_vwap_sd1u = (pvwap_sd1u-close)/tick,2026-07-02,1.0,944f7204
dist_prev_vwap_sd1u = (pvwap_sd1u-close)/tick,2026-07-05,1.0,13efb186
dist_prev_vwap_sd1u = (pvwap_sd1u-close)/tick,2026-07-06,1.0,13efb186
dist_prev_vwap_sd1u = (pvwap_sd1u-close)/tick,2026-07-07,1.0,13efb186
dist_prev_vwap_sd1u = (pvwap_sd1u-close)/tick,2026-07-08,1.0,13efb186
dist_prev_vwap_sd1u = (pvwap_sd1u-close)/tick,2026-07-09,1.0,13efb186
dist_prev_vwap_sd1u = (pvwap_sd1u-close)/tick,2026-07-10,1.0,13efb186
dist_prev_vwap_sd1u = (pvwap_sd1u-close)/tick,2026-07-12,1.0,13efb186
dist_prev_vwap_sd1u = (pvwap_sd1u-close)/tick,2026-07-13,1.0,13efb186
dist_prev_vwap_sd1u = (pvwap_sd1u-close)/tick,2026-07-14,1.0,13efb186
dist_prev_vwap_sd1u = (pvwap_sd1u-close)/tick,2026-07-15,1.0,13efb186
dist_prev_vwap_sd1u = (pvwap_sd1u-close)/tick,2026-07-16,1.0,13efb186
dist_prev_vwap_sd1u = (pvwap_sd1u-close)/tick,2026-07-17,1.0,f6003b62
dist_prev_vwap_sd1u = (pvwap_sd1u-close)/tick,2026-07-19,1.0,f6003b62
dist_prev_vwap_sd1u = (pvwap_sd1u-close)/tick,2026-07-20,1.0,f6003b62
dist_prev_vwap_sd1u = (pvwap_sd1u-close)/tick,2026-07-21,1.0,f6003b62
dist_prev_vwap_sd1u = (pvwap_sd1u-close)/tick,2026-07-22,1.0,ed53e566
dist_prev_vwap_sd1u = (pvwap_sd1u-close)/tick,2026-07-23,1.0,ed53e566
dist_prev_vwap_sd1u = (pvwap_sd1u-close)/tick,2026-07-24,1.0,ed53e566
dist_prev_vwap_sd1u = (pvwap_sd1u-close)/tick,2026-07-26,1.0,4981d53a
dist_prev_vwap_sd1u = (pvwap_sd1u-close)/tick,2026-07-27,1.0,4981d53a
dist_prev_vwap_sd1u = (pvwap_sd1u-close)/tick,2026-07-28,1.0,4981d53a
dist_prev_vwap_sd1u = (pvwap_sd1u-close)/tick,2026-07-29,1.0,4981d53a
dist_prev_vwap_sd1u = (pvwap_sd1u-close)/tick,2026-07-30,1.0,4981d53a
dist_prev_vwap_sd1u = (pvwap_sd1u-close)/tick,2026-07-31,1.0,4981d53a
dist_prev_vwap_sd1u = (pvwap_sd1u-close)/tick,2026-08-04,1.0,1d20af93
dist_prev_vwap_sd1u = (pvwap_sd1u-close)/tick,2026-08-06,1.0,feec66f6
dist_prev_vwap_sd1u = (pvwap_sd1u-close)/tick,2026-08-07,1.0,287627ed
dist_prev_vwap_sd1u = (pvwap_sd1u-close)/tick,2026-08-09,1.0,43f2daf5
dist_prev_vwap_sd1u = (pvwap_sd1u-close)/tick,2026-08-11,1.0,78177655
dist_prev_vwap_sd1u = (pvwap_sd1u-close)/tick,2026-08-12,1.0,78177655
dist_prev_vwap_sd1u = (pvwap_sd1u-close)/tick,2026-08-13,1.0,78177655
dist_prev_vwap_sd1u = (pvwap_sd1u-close)/tick,2026-08-14,1.0,78177655
dist_prev_vwap_sd1u = (pvwap_sd1u-close)/tick,2026-08-16,1.0,605df903
dist_prev_vwap_sd1u = (pvwap_sd1u-close)/tick,2026-08-17,1.0,605df903
dist_prev_vwap_sd1u = (pvwap_sd1u-close)/tick,2026-08-18,1.0,605df903
dist_prev_vwap_sd1u = (pvwap_sd1u-close)/tick,2026-08-19,1.0,605df903
dist_prev_vwap_sd1u = (pvwap_sd1u-close)/tick,2026-08-20,1.0,605df903
dist_prev_vwap_sd1u = (pvwap_sd1u-close)/tick,2026-08-21,1.0,605df903
dist_prev_vwap_sd1u = (pvwap_sd1u-close)/tick,2026-08-23,1.0,605df903
dist_prev_vwap_sd1u = (pvwap_sd1u-close)/tick,2026-08-24,1.0,605df903
dist_prev_vwap_sd1u = (pvwap_sd1u-close)/tick,2026-08-25,1.0,605df903
dist_prev_vwap_sd1u = (pvwap_sd1u-close)/tick,2026-08-26,1.0,605df903
dist_prev_vwap_sd1u = (pvwap_sd1u-close)/tick,2026-08-27,1.0,605df903
dist_prev_vwap_sd1u = (pvwap_sd1u-close)/tick,2026-08-28,1.0,605df903
dist_prev_vwap_sd1u = (pvwap_sd1u-close)/tick,2026-08-30,1.0,605df903
dist_prev_vwap_sd1u = (pvwap_sd1u-close)/tick,2026-08-31,0.9137,605df903
dist_prev_vwap_sd1u = (pvwap_sd1u-close)/tick,2026-09-01,0.2622,605df903
dist_prev_vwap_sd1u = (pvwap_sd1u-close)/tick,2026-09-02,1.0,605df903
dist_prev_vwap_sd1u = (pvwap_sd1u-close)/tick,2026-09-03,1.0,605df903
dist_prev_vwap_sd1d = (pvwap_sd1d-close)/tick,2026-06-11,0.0,c43dc080
dist_prev_vwap_sd1d = (pvwap_sd1d-close)/tick,2026-06-14,0.0,114b1ca4
dist_prev_vwap_sd1d = (pvwap_sd1d-close)/tick,2026-06-15,0.0,114b1ca4
dist_prev_vwap_sd1d = (pvwap_sd1d-close)/tick,2026-06-16,0.0,e7199bc7
dist_prev_vwap_sd1d = (pvwap_sd1d-close)/tick,2026-06-17,0.0,e7199bc7
dist_prev_vwap_sd1d = (pvwap_sd1d-close)/tick,2026-06-18,0.0865,e7199bc7
dist_prev_vwap_sd1d = (pvwap_sd1d-close)/tick,2026-06-21,1.0,9238adc1
dist_prev_vwap_sd1d = (pvwap_sd1d-close)/tick,2026-06-22,1.0,9238adc1
dist_prev_vwap_sd1d = (pvwap_sd1d-close)/tick,2026-06-23,1.0,9238adc1
dist_prev_vwap_sd1d = (pvwap_sd1d-close)/tick,2026-06-26,1.0,9238adc1
dist_prev_vwap_sd1d = (pvwap_sd1d-close)/tick,2026-06-28,1.0,944f7204
dist_prev_vwap_sd1d = (pvwap_sd1d-close)/tick,2026-06-29,1.0,944f7204
dist_prev_vwap_sd1d = (pvwap_sd1d-close)/tick,2026-07-01,1.0,944f7204
dist_prev_vwap_sd1d = (pvwap_sd1d-close)/tick,2026-07-02,1.0,944f7204
dist_prev_vwap_sd1d = (pvwap_sd1d-close)/tick,2026-07-05,1.0,13efb186
dist_prev_vwap_sd1d = (pvwap_sd1d-close)/tick,2026-07-06,1.0,13efb186
dist_prev_vwap_sd1d = (pvwap_sd1d-close)/tick,2026-07-07,1.0,13efb186
dist_prev_vwap_sd1d = (pvwap_sd1d-close)/tick,2026-07-08,1.0,13efb186
dist_prev_vwap_sd1d = (pvwap_sd1d-close)/tick,2026-07-09,1.0,13efb186
dist_prev_vwap_sd1d = (pvwap_sd1d-close)/tick,2026-07-10,1.0,13efb186
dist_prev_vwap_sd1d = (pvwap_sd1d-close)/tick,2026-07-12,1.0,13efb186
dist_prev_vwap_sd1d = (pvwap_sd1d-close)/tick,2026-07-13,1.0,13efb186
dist_prev_vwap_sd1d = (pvwap_sd1d-close)/tick,2026-07-14,1.0,13efb186
dist_prev_vwap_sd1d = (pvwap_sd1d-close)/tick,2026-07-15,1.0,13efb186
dist_prev_vwap_sd1d = (pvwap_sd1d-close)/tick,2026-07-16,1.0,13efb186
dist_prev_vwap_sd1d = (pvwap_sd1d-close)/tick,2026-07-17,1.0,f6003b62
dist_prev_vwap_sd1d = (pvwap_sd1d-close)/tick,2026-07-19,1.0,f6003b62
dist_prev_vwap_sd1d = (pvwap_sd1d-close)/tick,2026-07-20,1.0,f6003b62
dist_prev_vwap_sd1d = (pvwap_sd1d-close)/tick,2026-07-21,1.0,f6003b62
dist_prev_vwap_sd1d = (pvwap_sd1d-close)/tick,2026-07-22,1.0,ed53e566
dist_prev_vwap_sd1d = (pvwap_sd1d-close)/tick,2026-07-23,1.0,ed53e566
dist_prev_vwap_sd1d = (pvwap_sd1d-close)/tick,2026-07-24,1.0,ed53e566
dist_prev_vwap_sd1d = (pvwap_sd1d-close)/tick,2026-07-26,1.0,4981d53a
dist_prev_vwap_sd1d = (pvwap_sd1d-close)/tick,2026-07-27,1.0,4981d53a
dist_prev_vwap_sd1d = (pvwap_sd1d-close)/tick,2026-07-28,0.826,4981d53a
dist_prev_vwap_sd1d = (pvwap_sd1d-close)/tick,2026-07-29,1.0,4981d53a
dist_prev_vwap_sd1d = (pvwap_sd1d-close)/tick,2026-07-30,1.0,4981d53a
dist_prev_vwap_sd1d = (pvwap_sd1d-close)/tick,2026-07-31,1.0,4981d53a
dist_prev_vwap_sd1d = (pvwap_sd1d-close)/tick,2026-08-04,1.0,1d20af93
dist_prev_vwap_sd1d = (pvwap_sd1d-close)/tick,2026-08-06,1.0,feec66f6
dist_prev_vwap_sd1d = (pvwap_sd1d-close)/tick,2026-08-07,1.0,287627ed
dist_prev_vwap_sd1d = (pvwap_sd1d-close)/tick,2026-08-09,1.0,43f2daf5
dist_prev_vwap_sd1d = (pvwap_sd1d-close)/tick,2026-08-11,1.0,78177655
dist_prev_vwap_sd1d = (pvwap_sd1d-close)/tick,2026-08-12,1.0,78177655
dist_prev_vwap_sd1d = (pvwap_sd1d-close)/tick,2026-08-13,1.0,78177655
dist_prev_vwap_sd1d = (pvwap_sd1d-close)/tick,2026-08-14,1.0,78177655
dist_prev_vwap_sd1d = (pvwap_sd1d-close)/tick,2026-08-16,1.0,605df903
dist_prev_vwap_sd1d = (pvwap_sd1d-close)/tick,2026-08-17,1.0,605df903
dist_prev_vwap_sd1d = (pvwap_sd1d-close)/tick,2026-08-18,1.0,605df903
dist_prev_vwap_sd1d = (pvwap_sd1d-close)/tick,2026-08-19,1.0,605df903
dist_prev_vwap_sd1d = (pvwap_sd1d-close)/tick,2026-08-20,1.0,605df903
dist_prev_vwap_sd1d = (pvwap_sd1d-close)/tick,2026-08-21,1.0,605df903
dist_prev_vwap_sd1d = (pvwap_sd1d-close)/tick,2026-08-23,1.0,605df903
dist_prev_vwap_sd1d = (pvwap_sd1d-close)/tick,2026-08-24,1.0,605df903
dist_prev_vwap_sd1d = (pvwap_sd1d-close)/tick,2026-08-25,1.0,605df903
dist_prev_vwap_sd1d = (pvwap_sd1d-close)/tick,2026-08-26,1.0,605df903
dist_prev_vwap_sd1d = (pvwap_sd1d-close)/tick,2026-08-27,1.0,605df903
dist_prev_vwap_sd1d = (pvwap_sd1d-close)/tick,2026-08-28,0.8087,605df903
dist_prev_vwap_sd1d = (pvwap_sd1d-close)/tick,2026-08-30,1.0,605df903
dist_prev_vwap_sd1d = (pvwap_sd1d-close)/tick,2026-08-31,1.0,605df903
dist_prev_vwap_sd1d = (pvwap_sd1d-close)/tick,2026-09-01,1.0,605df903
dist_prev_vwap_sd1d = (pvwap_sd1d-close)/tick,2026-09-02,1.0,605df903
dist_prev_vwap_sd1d = (pvwap_sd1d-close)/tick,2026-09-03,1.0,605df903
dist_vwap_d_sd1u = (vwap_d_sd1u-close)/tick,2026-06-11,0.0,c43dc080
dist_vwap_d_sd1u = (vwap_d_sd1u-close)/tick,2026-06-14,0.0,114b1ca4
dist_vwap_d_sd1u = (vwap_d_sd1u-close)/tick,2026-06-15,0.0,114b1ca4
dist_vwap_d_sd1u = (vwap_d_sd1u-close)/tick,2026-06-16,0.0,e7199bc7
dist_vwap_d_sd1u = (vwap_d_sd1u-close)/tick,2026-06-17,0.0,e7199bc7
dist_vwap_d_sd1u = (vwap_d_sd1u-close)/tick,2026-06-18,0.0,e7199bc7
dist_vwap_d_sd1u = (vwap_d_sd1u-close)/tick,2026-06-21,0.0,9238adc1
dist_vwap_d_sd1u = (vwap_d_sd1u-close)/tick,2026-06-22,0.0,9238adc1
dist_vwap_d_sd1u = (vwap_d_sd1u-close)/tick,2026-06-23,0.0,9238adc1
dist_vwap_d_sd1u = (vwap_d_sd1u-close)/tick,2026-06-26,0.0,9238adc1
dist_vwap_d_sd1u = (vwap_d_sd1u-close)/tick,2026-06-28,0.0,944f7204
dist_vwap_d_sd1u = (vwap_d_sd1u-close)/tick,2026-06-29,0.0,944f7204
dist_vwap_d_sd1u = (vwap_d_sd1u-close)/tick,2026-07-01,0.0,944f7204
dist_vwap_d_sd1u = (vwap_d_sd1u-close)/tick,2026-07-02,0.0,944f7204
dist_vwap_d_sd1u = (vwap_d_sd1u-close)/tick,2026-07-05,0.0,13efb186
dist_vwap_d_sd1u = (vwap_d_sd1u-close)/tick,2026-07-06,0.0,13efb186
dist_vwap_d_sd1u = (vwap_d_sd1u-close)/tick,2026-07-07,0.0,13efb186
dist_vwap_d_sd1u = (vwap_d_sd1u-close)/tick,2026-07-08,0.0,13efb186
dist_vwap_d_sd1u = (vwap_d_sd1u-close)/tick,2026-07-09,0.0,13efb186
dist_vwap_d_sd1u = (vwap_d_sd1u-close)/tick,2026-07-10,0.0,13efb186
dist_vwap_d_sd1u = (vwap_d_sd1u-close)/tick,2026-07-12,0.0,13efb186
dist_vwap_d_sd1u = (vwap_d_sd1u-close)/tick,2026-07-13,0.0,13efb186
dist_vwap_d_sd1u = (vwap_d_sd1u-close)/tick,2026-07-14,0.0,13efb186
dist_vwap_d_sd1u = (vwap_d_sd1u-close)/tick,2026-07-15,0.0,13efb186
dist_vwap_d_sd1u = (vwap_d_sd1u-close)/tick,2026-07-16,0.0,13efb186
dist_vwap_d_sd1u = (vwap_d_sd1u-close)/tick,2026-07-17,0.0,f6003b62
dist_vwap_d_sd1u = (vwap_d_sd1u-close)/tick,2026-07-19,0.0,f6003b62
dist_vwap_d_sd1u = (vwap_d_sd1u-close)/tick,2026-07-20,0.0,f6003b62
dist_vwap_d_sd1u = (vwap_d_sd1u-close)/tick,2026-07-21,0.0,f6003b62
dist_vwap_d_sd1u = (vwap_d_sd1u-close)/tick,2026-07-22,0.0,ed53e566
dist_vwap_d_sd1u = (vwap_d_sd1u-close)/tick,2026-07-23,0.0,ed53e566
dist_vwap_d_sd1u = (vwap_d_sd1u-close)/tick,2026-07-24,0.0,ed53e566
dist_vwap_d_sd1u = (vwap_d_sd1u-close)/tick,2026-07-26,0.0,4981d53a
dist_vwap_d_sd1u = (vwap_d_sd1u-close)/tick,2026-07-27,0.0,4981d53a
dist_vwap_d_sd1u = (vwap_d_sd1u-close)/tick,2026-07-28,0.0,4981d53a
dist_vwap_d_sd1u = (vwap_d_sd1u-close)/tick,2026-07-29,0.0,4981d53a
dist_vwap_d_sd1u = (vwap_d_sd1u-close)/tick,2026-07-30,0.0,4981d53a
dist_vwap_d_sd1u = (vwap_d_sd1u-close)/tick,2026-07-31,0.0,4981d53a
dist_vwap_d_sd1u = (vwap_d_sd1u-close)/tick,2026-08-04,0.0,1d20af93
dist_vwap_d_sd1u = (vwap_d_sd1u-close)/tick,2026-08-06,0.0,feec66f6
dist_vwap_d_sd1u = (vwap_d_sd1u-close)/tick,2026-08-07,0.0,287627ed
dist_vwap_d_sd1u = (vwap_d_sd1u-close)/tick,2026-08-09,0.0,43f2daf5
dist_vwap_d_sd1u = (vwap_d_sd1u-close)/tick,2026-08-11,0.0,78177655
dist_vwap_d_sd1u = (vwap_d_sd1u-close)/tick,2026-08-12,0.0,78177655
dist_vwap_d_sd1u = (vwap_d_sd1u-close)/tick,2026-08-13,0.0,78177655
dist_vwap_d_sd1u = (vwap_d_sd1u-close)/tick,2026-08-14,0.0,78177655
dist_vwap_d_sd1u = (vwap_d_sd1u-close)/tick,2026-08-16,0.0,605df903
dist_vwap_d_sd1u = (vwap_d_sd1u-close)/tick,2026-08-17,0.0,605df903
dist_vwap_d_sd1u = (vwap_d_sd1u-close)/tick,2026-08-18,0.0,605df903
dist_vwap_d_sd1u = (vwap_d_sd1u-close)/tick,2026-08-19,0.0,605df903
dist_vwap_d_sd1u = (vwap_d_sd1u-close)/tick,2026-08-20,0.0,605df903
dist_vwap_d_sd1u = (vwap_d_sd1u-close)/tick,2026-08-21,0.0,605df903
dist_vwap_d_sd1u = (vwap_d_sd1u-close)/tick,2026-08-23,0.0,605df903
dist_vwap_d_sd1u = (vwap_d_sd1u-close)/tick,2026-08-24,0.0,605df903
dist_vwap_d_sd1u = (vwap_d_sd1u-close)/tick,2026-08-25,0.0,605df903
dist_vwap_d_sd1u = (vwap_d_sd1u-close)/tick,2026-08-26,0.0,605df903
dist_vwap_d_sd1u = (vwap_d_sd1u-close)/tick,2026-08-27,0.0,605df903
dist_vwap_d_sd1u = (vwap_d_sd1u-close)/tick,2026-08-28,0.0,605df903
dist_vwap_d_sd1u = (vwap_d_sd1u-close)/tick,2026-08-30,0.0,605df903
dist_vwap_d_sd1u = (vwap_d_sd1u-close)/tick,2026-08-31,0.0,605df903
dist_vwap_d_sd1u = (vwap_d_sd1u-close)/tick,2026-09-01,0.0,605df903
dist_vwap_d_sd1u = (vwap_d_sd1u-close)/tick,2026-09-02,0.0,605df903
dist_vwap_d_sd1u = (vwap_d_sd1u-close)/tick,2026-09-03,0.0,605df903
dist_vwap_d_sd2u = (vwap_d_sd2u-close)/tick,2026-06-11,0.0,c43dc080
dist_vwap_d_sd2u = (vwap_d_sd2u-close)/tick,2026-06-14,0.0,114b1ca4
dist_vwap_d_sd2u = (vwap_d_sd2u-close)/tick,2026-06-15,0.0,114b1ca4
dist_vwap_d_sd2u = (vwap_d_sd2u-close)/tick,2026-06-16,0.0,e7199bc7
dist_vwap_d_sd2u = (vwap_d_sd2u-close)/tick,2026-06-17,0.0,e7199bc7
dist_vwap_d_sd2u = (vwap_d_sd2u-close)/tick,2026-06-18,0.0,e7199bc7
dist_vwap_d_sd2u = (vwap_d_sd2u-close)/tick,2026-06-21,0.0,9238adc1
dist_vwap_d_sd2u = (vwap_d_sd2u-close)/tick,2026-06-22,0.0,9238adc1
dist_vwap_d_sd2u = (vwap_d_sd2u-close)/tick,2026-06-23,0.0,9238adc1
dist_vwap_d_sd2u = (vwap_d_sd2u-close)/tick,2026-06-26,0.0,9238adc1
dist_vwap_d_sd2u = (vwap_d_sd2u-close)/tick,2026-06-28,0.0,944f7204
dist_vwap_d_sd2u = (vwap_d_sd2u-close)/tick,2026-06-29,0.0,944f7204
dist_vwap_d_sd2u = (vwap_d_sd2u-close)/tick,2026-07-01,0.0,944f7204
dist_vwap_d_sd2u = (vwap_d_sd2u-close)/tick,2026-07-02,0.0,944f7204
dist_vwap_d_sd2u = (vwap_d_sd2u-close)/tick,2026-07-05,0.0,13efb186
dist_vwap_d_sd2u = (vwap_d_sd2u-close)/tick,2026-07-06,0.0,13efb186
dist_vwap_d_sd2u = (vwap_d_sd2u-close)/tick,2026-07-07,0.0,13efb186
dist_vwap_d_sd2u = (vwap_d_sd2u-close)/tick,2026-07-08,0.0,13efb186
dist_vwap_d_sd2u = (vwap_d_sd2u-close)/tick,2026-07-09,0.0,13efb186
dist_vwap_d_sd2u = (vwap_d_sd2u-close)/tick,2026-07-10,0.0,13efb186
dist_vwap_d_sd2u = (vwap_d_sd2u-close)/tick,2026-07-12,0.0,13efb186
dist_vwap_d_sd2u = (vwap_d_sd2u-close)/tick,2026-07-13,0.0,13efb186
dist_vwap_d_sd2u = (vwap_d_sd2u-close)/tick,2026-07-14,0.0,13efb186
dist_vwap_d_sd2u = (vwap_d_sd2u-close)/tick,2026-07-15,0.0,13efb186
dist_vwap_d_sd2u = (vwap_d_sd2u-close)/tick,2026-07-16,0.0,13efb186
dist_vwap_d_sd2u = (vwap_d_sd2u-close)/tick,2026-07-17,0.0,f6003b62
dist_vwap_d_sd2u = (vwap_d_sd2u-close)/tick,2026-07-19,0.0,f6003b62
dist_vwap_d_sd2u = (vwap_d_sd2u-close)/tick,2026-07-20,0.0,f6003b62
dist_vwap_d_sd2u = (vwap_d_sd2u-close)/tick,2026-07-21,0.0,f6003b62
dist_vwap_d_sd2u = (vwap_d_sd2u-close)/tick,2026-07-22,0.0,ed53e566
dist_vwap_d_sd2u = (vwap_d_sd2u-close)/tick,2026-07-23,0.0,ed53e566
dist_vwap_d_sd2u = (vwap_d_sd2u-close)/tick,2026-07-24,0.0,ed53e566
dist_vwap_d_sd2u = (vwap_d_sd2u-close)/tick,2026-07-26,0.0,4981d53a
dist_vwap_d_sd2u = (vwap_d_sd2u-close)/tick,2026-07-27,0.0,4981d53a
dist_vwap_d_sd2u = (vwap_d_sd2u-close)/tick,2026-07-28,0.0,4981d53a
dist_vwap_d_sd2u = (vwap_d_sd2u-close)/tick,2026-07-29,0.0,4981d53a
dist_vwap_d_sd2u = (vwap_d_sd2u-close)/tick,2026-07-30,0.0,4981d53a
dist_vwap_d_sd2u = (vwap_d_sd2u-close)/tick,2026-07-31,0.0,4981d53a
dist_vwap_d_sd2u = (vwap_d_sd2u-close)/tick,2026-08-04,0.0,1d20af93
dist_vwap_d_sd2u = (vwap_d_sd2u-close)/tick,2026-08-06,0.0,feec66f6
dist_vwap_d_sd2u = (vwap_d_sd2u-close)/tick,2026-08-07,0.0,287627ed
dist_vwap_d_sd2u = (vwap_d_sd2u-close)/tick,2026-08-09,0.0,43f2daf5
dist_vwap_d_sd2u = (vwap_d_sd2u-close)/tick,2026-08-11,0.0,78177655
dist_vwap_d_sd2u = (vwap_d_sd2u-close)/tick,2026-08-12,0.0,78177655
dist_vwap_d_sd2u = (vwap_d_sd2u-close)/tick,2026-08-13,0.0,78177655
dist_vwap_d_sd2u = (vwap_d_sd2u-close)/tick,2026-08-14,0.0,78177655
dist_vwap_d_sd2u = (vwap_d_sd2u-close)/tick,2026-08-16,0.0,605df903
dist_vwap_d_sd2u = (vwap_d_sd2u-close)/tick,2026-08-17,0.0,605df903
dist_vwap_d_sd2u = (vwap_d_sd2u-close)/tick,2026-08-18,0.0,605df903
dist_vwap_d_sd2u = (vwap_d_sd2u-close)/tick,2026-08-19,0.0,605df903
dist_vwap_d_sd2u = (vwap_d_sd2u-close)/tick,2026-08-20,0.0,605df903
dist_vwap_d_sd2u = (vwap_d_sd2u-close)/tick,2026-08-21,0.0,605df903
dist_vwap_d_sd2u = (vwap_d_sd2u-close)/tick,2026-08-23,0.0,605df903
dist_vwap_d_sd2u = (vwap_d_sd2u-close)/tick,2026-08-24,0.0,605df903
dist_vwap_d_sd2u = (vwap_d_sd2u-close)/tick,2026-08-25,0.0,605df903
dist_vwap_d_sd2u = (vwap_d_sd2u-close)/tick,2026-08-26,0.0,605df903
dist_vwap_d_sd2u = (vwap_d_sd2u-close)/tick,2026-08-27,0.0,605df903
dist_vwap_d_sd2u = (vwap_d_sd2u-close)/tick,2026-08-28,0.0,605df903
dist_vwap_d_sd2u = (vwap_d_sd2u-close)/tick,2026-08-30,0.0,605df903
dist_vwap_d_sd2u = (vwap_d_sd2u-close)/tick,2026-08-31,0.0,605df903
dist_vwap_d_sd2u = (vwap_d_sd2u-close)/tick,2026-09-01,0.0,605df903
dist_vwap_d_sd2u = (vwap_d_sd2u-close)/tick,2026-09-02,0.0,605df903
dist_vwap_d_sd2u = (vwap_d_sd2u-close)/tick,2026-09-03,0.0,605df903
dist_vwap_d_sd1d = (vwap_d_sd1d-close)/tick,2026-06-11,0.0,c43dc080
dist_vwap_d_sd1d = (vwap_d_sd1d-close)/tick,2026-06-14,0.0,114b1ca4
dist_vwap_d_sd1d = (vwap_d_sd1d-close)/tick,2026-06-15,0.0,114b1ca4
dist_vwap_d_sd1d = (vwap_d_sd1d-close)/tick,2026-06-16,0.0,e7199bc7
dist_vwap_d_sd1d = (vwap_d_sd1d-close)/tick,2026-06-17,0.0,e7199bc7
dist_vwap_d_sd1d = (vwap_d_sd1d-close)/tick,2026-06-18,0.0,e7199bc7
dist_vwap_d_sd1d = (vwap_d_sd1d-close)/tick,2026-06-21,0.0,9238adc1
dist_vwap_d_sd1d = (vwap_d_sd1d-close)/tick,2026-06-22,0.0,9238adc1
dist_vwap_d_sd1d = (vwap_d_sd1d-close)/tick,2026-06-23,0.0,9238adc1
dist_vwap_d_sd1d = (vwap_d_sd1d-close)/tick,2026-06-26,0.0,9238adc1
dist_vwap_d_sd1d = (vwap_d_sd1d-close)/tick,2026-06-28,0.0,944f7204
dist_vwap_d_sd1d = (vwap_d_sd1d-close)/tick,2026-06-29,0.0,944f7204
dist_vwap_d_sd1d = (vwap_d_sd1d-close)/tick,2026-07-01,0.0,944f7204
dist_vwap_d_sd1d = (vwap_d_sd1d-close)/tick,2026-07-02,0.0,944f7204
dist_vwap_d_sd1d = (vwap_d_sd1d-close)/tick,2026-07-05,0.0,13efb186
dist_vwap_d_sd1d = (vwap_d_sd1d-close)/tick,2026-07-06,0.0,13efb186
dist_vwap_d_sd1d = (vwap_d_sd1d-close)/tick,2026-07-07,0.0,13efb186
dist_vwap_d_sd1d = (vwap_d_sd1d-close)/tick,2026-07-08,0.0,13efb186
dist_vwap_d_sd1d = (vwap_d_sd1d-close)/tick,2026-07-09,0.0,13efb186
dist_vwap_d_sd1d = (vwap_d_sd1d-close)/tick,2026-07-10,0.0,13efb186
dist_vwap_d_sd1d = (vwap_d_sd1d-close)/tick,2026-07-12,0.0,13efb186
dist_vwap_d_sd1d = (vwap_d_sd1d-close)/tick,2026-07-13,0.0,13efb186
dist_vwap_d_sd1d = (vwap_d_sd1d-close)/tick,2026-07-14,0.0,13efb186
dist_vwap_d_sd1d = (vwap_d_sd1d-close)/tick,2026-07-15,0.0,13efb186
dist_vwap_d_sd1d = (vwap_d_sd1d-close)/tick,2026-07-16,0.0,13efb186
dist_vwap_d_sd1d = (vwap_d_sd1d-close)/tick,2026-07-17,0.0,f6003b62
dist_vwap_d_sd1d = (vwap_d_sd1d-close)/tick,2026-07-19,0.0,f6003b62
dist_vwap_d_sd1d = (vwap_d_sd1d-close)/tick,2026-07-20,0.0,f6003b62
dist_vwap_d_sd1d = (vwap_d_sd1d-close)/tick,2026-07-21,0.0,f6003b62
dist_vwap_d_sd1d = (vwap_d_sd1d-close)/tick,2026-07-22,0.0,ed53e566
dist_vwap_d_sd1d = (vwap_d_sd1d-close)/tick,2026-07-23,0.0,ed53e566
dist_vwap_d_sd1d = (vwap_d_sd1d-close)/tick,2026-07-24,0.0,ed53e566
dist_vwap_d_sd1d = (vwap_d_sd1d-close)/tick,2026-07-26,0.0,4981d53a
dist_vwap_d_sd1d = (vwap_d_sd1d-close)/tick,2026-07-27,0.0,4981d53a
dist_vwap_d_sd1d = (vwap_d_sd1d-close)/tick,2026-07-28,0.0,4981d53a
dist_vwap_d_sd1d = (vwap_d_sd1d-close)/tick,2026-07-29,0.0,4981d53a
dist_vwap_d_sd1d = (vwap_d_sd1d-close)/tick,2026-07-30,0.0,4981d53a
dist_vwap_d_sd1d = (vwap_d_sd1d-close)/tick,2026-07-31,0.0,4981d53a
dist_vwap_d_sd1d = (vwap_d_sd1d-close)/tick,2026-08-04,0.0,1d20af93
dist_vwap_d_sd1d = (vwap_d_sd1d-close)/tick,2026-08-06,0.0,feec66f6
dist_vwap_d_sd1d = (vwap_d_sd1d-close)/tick,2026-08-07,0.0,287627ed
dist_vwap_d_sd1d = (vwap_d_sd1d-close)/tick,2026-08-09,0.0,43f2daf5
dist_vwap_d_sd1d = (vwap_d_sd1d-close)/tick,2026-08-11,0.0,78177655
dist_vwap_d_sd1d = (vwap_d_sd1d-close)/tick,2026-08-12,0.0,78177655
dist_vwap_d_sd1d = (vwap_d_sd1d-close)/tick,2026-08-13,0.0,78177655
dist_vwap_d_sd1d = (vwap_d_sd1d-close)/tick,2026-08-14,0.0,78177655
dist_vwap_d_sd1d = (vwap_d_sd1d-close)/tick,2026-08-16,0.0,605df903
dist_vwap_d_sd1d = (vwap_d_sd1d-close)/tick,2026-08-17,0.0,605df903
dist_vwap_d_sd1d = (vwap_d_sd1d-close)/tick,2026-08-18,0.0,605df903
dist_vwap_d_sd1d = (vwap_d_sd1d-close)/tick,2026-08-19,0.0,605df903
dist_vwap_d_sd1d = (vwap_d_sd1d-close)/tick,2026-08-20,0.0,605df903
dist_vwap_d_sd1d = (vwap_d_sd1d-close)/tick,2026-08-21,0.0,605df903
dist_vwap_d_sd1d = (vwap_d_sd1d-close)/tick,2026-08-23,0.0,605df903
dist_vwap_d_sd1d = (vwap_d_sd1d-close)/tick,2026-08-24,0.0,605df903
dist_vwap_d_sd1d = (vwap_d_sd1d-close)/tick,2026-08-25,0.0,605df903
dist_vwap_d_sd1d = (vwap_d_sd1d-close)/tick,2026-08-26,0.0,605df903
dist_vwap_d_sd1d = (vwap_d_sd1d-close)/tick,2026-08-27,0.0,605df903
dist_vwap_d_sd1d = (vwap_d_sd1d-close)/tick,2026-08-28,0.0,605df903
dist_vwap_d_sd1d = (vwap_d_sd1d-close)/tick,2026-08-30,0.0,605df903
dist_vwap_d_sd1d = (vwap_d_sd1d-close)/tick,2026-08-31,0.0,605df903
dist_vwap_d_sd1d = (vwap_d_sd1d-close)/tick,2026-09-01,0.0,605df903
dist_vwap_d_sd1d = (vwap_d_sd1d-close)/tick,2026-09-02,0.0,605df903
dist_vwap_d_sd1d = (vwap_d_sd1d-close)/tick,2026-09-03,0.0,605df903
dist_pdh = (pdh-close)/tick,2026-06-26,0.0,9238adc1
dist_pdh = (pdh-close)/tick,2026-06-28,0.0,944f7204
dist_pdh = (pdh-close)/tick,2026-06-29,0.0,944f7204
dist_pdh = (pdh-close)/tick,2026-07-01,0.0,944f7204
dist_pdh = (pdh-close)/tick,2026-07-02,0.0,944f7204
dist_pdh = (pdh-close)/tick,2026-07-05,0.0,13efb186
dist_pdh = (pdh-close)/tick,2026-07-06,0.0,13efb186
dist_pdh = (pdh-close)/tick,2026-07-07,0.0,13efb186
dist_pdh = (pdh-close)/tick,2026-07-08,0.0,13efb186
dist_pdh = (pdh-close)/tick,2026-07-09,0.0,13efb186
dist_pdh = (pdh-close)/tick,2026-07-10,0.0,13efb186
dist_pdh = (pdh-close)/tick,2026-07-12,0.0,13efb186
dist_pdh = (pdh-close)/tick,2026-07-13,0.0,13efb186
dist_pdh = (pdh-close)/tick,2026-07-14,0.0,13efb186
dist_pdh = (pdh-close)/tick,2026-07-15,0.0,13efb186
dist_pdh = (pdh-close)/tick,2026-07-16,0.0,13efb186
dist_pdh = (pdh-close)/tick,2026-07-17,0.0,f6003b62
dist_pdh = (pdh-close)/tick,2026-07-19,0.0,f6003b62
dist_pdh = (pdh-close)/tick,2026-07-20,0.0,f6003b62
dist_pdh = (pdh-close)/tick,2026-07-21,0.0,f6003b62
dist_pdh = (pdh-close)/tick,2026-07-22,0.0,ed53e566
dist_pdh = (pdh-close)/tick,2026-07-23,0.0,ed53e566
dist_pdh = (pdh-close)/tick,2026-07-24,0.0,ed53e566
dist_pdh = (pdh-close)/tick,2026-07-26,0.0,4981d53a
dist_pdh = (pdh-close)/tick,2026-07-27,0.0,4981d53a
dist_pdh = (pdh-close)/tick,2026-07-28,0.0,4981d53a
dist_pdh = (pdh-close)/tick,2026-07-29,0.0,4981d53a
dist_pdh = (pdh-close)/tick,2026-07-30,0.0,4981d53a
dist_pdh = (pdh-close)/tick,2026-07-31,0.0,4981d53a
dist_pdh = (pdh-close)/tick,2026-08-04,0.0,1d20af93
dist_pdh = (pdh-close)/tick,2026-08-06,0.0,feec66f6
dist_pdh = (pdh-close)/tick,2026-08-07,0.0,287627ed
dist_pdh = (pdh-close)/tick,2026-08-09,0.0,43f2daf5
dist_pdh = (pdh-close)/tick,2026-08-11,0.0,78177655
dist_pdh = (pdh-close)/tick,2026-08-12,0.0,78177655
dist_pdh = (pdh-close)/tick,2026-08-13,0.0,78177655
dist_pdh = (pdh-close)/tick,2026-08-14,0.0,78177655
dist_pdh = (pdh-close)/tick,2026-08-16,0.0,605df903
dist_pdh = (pdh-close)/tick,2026-08-17,0.0,605df903
dist_pdh = (pdh-close)/tick,2026-08-18,0.0,605df903
dist_pdh = (pdh-close)/tick,2026-08-19,0.0,605df903
dist_pdh = (pdh-close)/tick,2026-08-20,0.0,605df903
dist_pdh = (pdh-close)/tick,2026-08-21,0.0,605df903
dist_pdh = (pdh-close)/tick,2026-08-23,0.0,605df903
dist_pdh = (pdh-close)/tick,2026-08-24,0.0,605df903
dist_pdh = (pdh-close)/tick,2026-08-25,0.0,605df903
dist_pdh = (pdh-close)/tick,2026-08-26,0.0,605df903
dist_pdh = (pdh-close)/tick,2026-08-27,0.0,605df903
dist_pdh = (pdh-close)/tick,2026-08-28,0.0,605df903
dist_pdh = (pdh-close)/tick,2026-08-30,0.0,605df903
dist_pdh = (pdh-close)/tick,2026-08-31,0.0,605df903
dist_pdh = (pdh-close)/tick,2026-09-01,0.0,605df903
dist_pdh = (pdh-close)/tick,2026-09-02,0.0,605df903
dist_pdh = (pdh-close)/tick,2026-09-03,0.0,605df903
dist_pdl = (pdl-close)/tick,2026-06-26,0.0,9238adc1
dist_pdl = (pdl-close)/tick,2026-06-28,0.0,944f7204
dist_pdl = (pdl-close)/tick,2026-06-29,0.0,944f7204
dist_pdl = (pdl-close)/tick,2026-07-01,0.0,944f7204
dist_pdl = (pdl-close)/tick,2026-07-02,0.0,944f7204
dist_pdl = (pdl-close)/tick,2026-07-05,0.0,13efb186
dist_pdl = (pdl-close)/tick,2026-07-06,0.0,13efb186
dist_pdl = (pdl-close)/tick,2026-07-07,0.0,13efb186
dist_pdl = (pdl-close)/tick,2026-07-08,0.0,13efb186
dist_pdl = (pdl-close)/tick,2026-07-09,0.0,13efb186
dist_pdl = (pdl-close)/tick,2026-07-10,0.0,13efb186
dist_pdl = (pdl-close)/tick,2026-07-12,0.0,13efb186
dist_pdl = (pdl-close)/tick,2026-07-13,0.0,13efb186
dist_pdl = (pdl-close)/tick,2026-07-14,0.0,13efb186
dist_pdl = (pdl-close)/tick,2026-07-15,0.0,13efb186
dist_pdl = (pdl-close)/tick,2026-07-16,0.0,13efb186
dist_pdl = (pdl-close)/tick,2026-07-17,0.0,f6003b62
dist_pdl = (pdl-close)/tick,2026-07-19,0.0,f6003b62
dist_pdl = (pdl-close)/tick,2026-07-20,0.0,f6003b62
dist_pdl = (pdl-close)/tick,2026-07-21,0.0,f6003b62
dist_pdl = (pdl-close)/tick,2026-07-22,0.0,ed53e566
dist_pdl = (pdl-close)/tick,2026-07-23,0.0,ed53e566
dist_pdl = (pdl-close)/tick,2026-07-24,0.0,ed53e566
dist_pdl = (pdl-close)/tick,2026-07-26,0.0,4981d53a
dist_pdl = (pdl-close)/tick,2026-07-27,0.0,4981d53a
dist_pdl = (pdl-close)/tick,2026-07-28,0.0,4981d53a
dist_pdl = (pdl-close)/tick,2026-07-29,0.0,4981d53a
dist_pdl = (pdl-close)/tick,2026-07-30,0.0,4981d53a
dist_pdl = (pdl-close)/tick,2026-07-31,0.0,4981d53a
dist_pdl = (pdl-close)/tick,2026-08-04,0.0,1d20af93
dist_pdl = (pdl-close)/tick,2026-08-06,0.0,feec66f6
dist_pdl = (pdl-close)/tick,2026-08-07,0.0,287627ed
dist_pdl = (pdl-close)/tick,2026-08-09,0.0,43f2daf5
dist_pdl = (pdl-close)/tick,2026-08-11,0.0,78177655
dist_pdl = (pdl-close)/tick,2026-08-12,0.0,78177655
dist_pdl = (pdl-close)/tick,2026-08-13,0.0,78177655
dist_pdl = (pdl-close)/tick,2026-08-14,0.0,78177655
dist_pdl = (pdl-close)/tick,2026-08-16,0.0,605df903
dist_pdl = (pdl-close)/tick,2026-08-17,0.0,605df903
dist_pdl = (pdl-close)/tick,2026-08-18,0.0,605df903
dist_pdl = (pdl-close)/tick,2026-08-19,0.0,605df903
dist_pdl = (pdl-close)/tick,2026-08-20,0.0,605df903
dist_pdl = (pdl-close)/tick,2026-08-21,0.0,605df903
dist_pdl = (pdl-close)/tick,2026-08-23,0.0,605df903
dist_pdl = (pdl-close)/tick,2026-08-24,0.0,605df903
dist_pdl = (pdl-close)/tick,2026-08-25,0.0,605df903
dist_pdl = (pdl-close)/tick,2026-08-26,0.0,605df903
dist_pdl = (pdl-close)/tick,2026-08-27,0.0,605df903
dist_pdl = (pdl-close)/tick,2026-08-28,0.0,605df903
dist_pdl = (pdl-close)/tick,2026-08-30,0.0,605df903
dist_pdl = (pdl-close)/tick,2026-08-31,0.0,605df903
dist_pdl = (pdl-close)/tick,2026-09-01,0.0,605df903
dist_pdl = (pdl-close)/tick,2026-09-02,0.0,605df903
dist_pdl = (pdl-close)/tick,2026-09-03,0.0,605df903
dist_sess_high = (sess_high-close)/tick,2026-06-11,0.1049,c43dc080
dist_sess_high = (sess_high-close)/tick,2026-06-14,0.0,114b1ca4
dist_sess_high = (sess_high-close)/tick,2026-06-15,0.2748,114b1ca4
dist_sess_high = (sess_high-close)/tick,2026-06-16,1.0,e7199bc7
dist_sess_high = (sess_high-close)/tick,2026-06-17,0.5729,e7199bc7
dist_sess_high = (sess_high-close)/tick,2026-06-18,0.9709,e7199bc7
dist_sess_high = (sess_high-close)/tick,2026-06-21,0.0084,9238adc1
dist_sess_high = (sess_high-close)/tick,2026-06-22,0.2632,9238adc1
dist_sess_high = (sess_high-close)/tick,2026-06-23,1.0,9238adc1
dist_sess_high = (sess_high-close)/tick,2026-06-26,0.7484,9238adc1
dist_sess_high = (sess_high-close)/tick,2026-06-28,0.0,944f7204
dist_sess_high = (sess_high-close)/tick,2026-06-29,0.0972,944f7204
dist_sess_high = (sess_high-close)/tick,2026-07-01,0.926,944f7204
dist_sess_high = (sess_high-close)/tick,2026-07-02,0.746,944f7204
dist_sess_high = (sess_high-close)/tick,2026-07-05,0.605,13efb186
dist_sess_high = (sess_high-close)/tick,2026-07-06,0.0914,13efb186
dist_sess_high = (sess_high-close)/tick,2026-07-07,1.0,13efb186
dist_sess_high = (sess_high-close)/tick,2026-07-08,1.0,13efb186
dist_sess_high = (sess_high-close)/tick,2026-07-09,0.1146,13efb186
dist_sess_high = (sess_high-close)/tick,2026-07-10,0.7492,13efb186
dist_sess_high = (sess_high-close)/tick,2026-07-12,1.0,13efb186
dist_sess_high = (sess_high-close)/tick,2026-07-13,0.2683,13efb186
dist_sess_high = (sess_high-close)/tick,2026-07-14,0.7803,13efb186
dist_sess_high = (sess_high-close)/tick,2026-07-15,0.1755,13efb186
dist_sess_high = (sess_high-close)/tick,2026-07-16,0.2605,13efb186
dist_sess_high = (sess_high-close)/tick,2026-07-17,1.0,f6003b62
dist_sess_high = (sess_high-close)/tick,2026-07-19,0.0,f6003b62
dist_sess_high = (sess_high-close)/tick,2026-07-20,0.2611,f6003b62
dist_sess_high = (sess_high-close)/tick,2026-07-21,0.5,f6003b62
dist_sess_high = (sess_high-close)/tick,2026-07-22,0.8745,ed53e566
dist_sess_high = (sess_high-close)/tick,2026-07-23,1.0,ed53e566
dist_sess_high = (sess_high-close)/tick,2026-07-24,0.0747,ed53e566
dist_sess_high = (sess_high-close)/tick,2026-07-26,0.9244,4981d53a
dist_sess_high = (sess_high-close)/tick,2026-07-27,0.2603,4981d53a
dist_sess_high = (sess_high-close)/tick,2026-07-28,0.6186,4981d53a
dist_sess_high = (sess_high-close)/tick,2026-07-29,0.2603,4981d53a
dist_sess_high = (sess_high-close)/tick,2026-07-30,0.826,4981d53a
dist_sess_high = (sess_high-close)/tick,2026-07-31,0.0929,4981d53a
dist_sess_high = (sess_high-close)/tick,2026-08-04,0.1537,1d20af93
dist_sess_high = (sess_high-close)/tick,2026-08-06,1.0,feec66f6
dist_sess_high = (sess_high-close)/tick,2026-08-07,0.4389,287627ed
dist_sess_high = (sess_high-close)/tick,2026-08-09,1.0,43f2daf5
dist_sess_high = (sess_high-close)/tick,2026-08-11,0.2598,78177655
dist_sess_high = (sess_high-close)/tick,2026-08-12,0.5489,78177655
dist_sess_high = (sess_high-close)/tick,2026-08-13,0.6258,78177655
dist_sess_high = (sess_high-close)/tick,2026-08-14,0.0016,78177655
dist_sess_high = (sess_high-close)/tick,2026-08-16,0.0336,605df903
dist_sess_high = (sess_high-close)/tick,2026-08-17,0.2593,605df903
dist_sess_high = (sess_high-close)/tick,2026-08-18,1.0,605df903
dist_sess_high = (sess_high-close)/tick,2026-08-19,0.7658,605df903
dist_sess_high = (sess_high-close)/tick,2026-08-20,0.2603,605df903
dist_sess_high = (sess_high-close)/tick,2026-08-21,0.596,605df903
dist_sess_high = (sess_high-close)/tick,2026-08-23,0.7143,605df903
dist_sess_high = (sess_high-close)/tick,2026-08-24,0.2603,605df903
dist_sess_high = (sess_high-close)/tick,2026-08-25,0.5381,605df903
dist_sess_high = (sess_high-close)/tick,2026-08-26,0.6309,605df903
dist_sess_high = (sess_high-close)/tick,2026-08-27,0.0863,605df903
dist_sess_high = (sess_high-close)/tick,2026-08-28,0.6516,605df903
dist_sess_high = (sess_high-close)/tick,2026-08-30,1.0,605df903
dist_sess_high = (sess_high-close)/tick,2026-08-31,1.0,605df903
dist_sess_high = (sess_high-close)/tick,2026-09-01,0.276,605df903
dist_sess_high = (sess_high-close)/tick,2026-09-02,0.2762,605df903
dist_sess_high = (sess_high-close)/tick,2026-09-03,0.4746,605df903
dist_sess_low = (sess_low-close)/tick,2026-06-11,1.0,c43dc080
dist_sess_low = (sess_low-close)/tick,2026-06-14,0.5,114b1ca4
dist_sess_low = (sess_low-close)/tick,2026-06-15,0.9531,114b1ca4
dist_sess_low = (sess_low-close)/tick,2026-06-16,0.1146,e7199bc7
dist_sess_low = (sess_low-close)/tick,2026-06-17,0.7694,e7199bc7
dist_sess_low = (sess_low-close)/tick,2026-06-18,1.0,e7199bc7
dist_sess_low = (sess_low-close)/tick,2026-06-21,0.0672,9238adc1
dist_sess_low = (sess_low-close)/tick,2026-06-22,0.227,9238adc1
dist_sess_low = (sess_low-close)/tick,2026-06-23,0.2219,9238adc1
dist_sess_low = (sess_low-close)/tick,2026-06-26,0.0786,9238adc1
dist_sess_low = (sess_low-close)/tick,2026-06-28,1.0,944f7204
dist_sess_low = (sess_low-close)/tick,2026-06-29,1.0,944f7204
dist_sess_low = (sess_low-close)/tick,2026-07-01,0.3111,944f7204
dist_sess_low = (sess_low-close)/tick,2026-07-02,0.0893,944f7204
dist_sess_low = (sess_low-close)/tick,2026-07-05,0.0,13efb186
dist_sess_low = (sess_low-close)/tick,2026-07-06,0.2618,13efb186
dist_sess_low = (sess_low-close)/tick,2026-07-07,0.4133,13efb186
dist_sess_low = (sess_low-close)/tick,2026-07-08,0.264,13efb186
dist_sess_low = (sess_low-close)/tick,2026-07-09,1.0,13efb186
dist_sess_low = (sess_low-close)/tick,2026-07-10,0.019,13efb186
dist_sess_low = (sess_low-close)/tick,2026-07-12,0.0252,13efb186
dist_sess_low = (sess_low-close)/tick,2026-07-13,0.1508,13efb186
dist_sess_low = (sess_low-close)/tick,2026-07-14,0.1813,13efb186
dist_sess_low = (sess_low-close)/tick,2026-07-15,0.2611,13efb186
dist_sess_low = (sess_low-close)/tick,2026-07-16,0.6531,13efb186
dist_sess_low = (sess_low-close)/tick,2026-07-17,0.0262,f6003b62
dist_sess_low = (sess_low-close)/tick,2026-07-19,0.042,f6003b62
dist_sess_low = (sess_low-close)/tick,2026-07-20,0.1008,f6003b62
dist_sess_low = (sess_low-close)/tick,2026-07-21,0.1923,f6003b62
dist_sess_low = (sess_low-close)/tick,2026-07-22,0.1755,ed53e566
dist_sess_low = (sess_low-close)/tick,2026-07-23,0.2632,ed53e566
dist_sess_low = (sess_low-close)/tick,2026-07-24,1.0,ed53e566
dist_sess_low = (sess_low-close)/tick,2026-07-26,1.0,4981d53a
dist_sess_low = (sess_low-close)/tick,2026-07-27,0.694,4981d53a
dist_sess_low = (sess_low-close)/tick,2026-07-28,0.9318,4981d53a
dist_sess_low = (sess_low-close)/tick,2026-07-29,0.2038,4981d53a
dist_sess_low = (sess_low-close)/tick,2026-07-30,1.0,4981d53a
dist_sess_low = (sess_low-close)/tick,2026-07-31,0.6728,4981d53a
dist_sess_low = (sess_low-close)/tick,2026-08-04,1.0,1d20af93
dist_sess_low = (sess_low-close)/tick,2026-08-06,0.8499,feec66f6
dist_sess_low = (sess_low-close)/tick,2026-08-07,0.127,287627ed
dist_sess_low = (sess_low-close)/tick,2026-08-09,0.0084,43f2daf5
dist_sess_low = (sess_low-close)/tick,2026-08-11,0.0856,78177655
dist_sess_low = (sess_low-close)/tick,2026-08-12,1.0,78177655
dist_sess_low = (sess_low-close)/tick,2026-08-13,0.3241,78177655
dist_sess_low = (sess_low-close)/tick,2026-08-14,0.8531,78177655
dist_sess_low = (sess_low-close)/tick,2026-08-16,0.0,605df903
dist_sess_low = (sess_low-close)/tick,2026-08-17,0.0116,605df903
dist_sess_low = (sess_low-close)/tick,2026-08-18,0.1537,605df903
dist_sess_low = (sess_low-close)/tick,2026-08-19,0.2603,605df903
dist_sess_low = (sess_low-close)/tick,2026-08-20,0.4851,605df903
dist_sess_low = (sess_low-close)/tick,2026-08-21,1.0,605df903
dist_sess_low = (sess_low-close)/tick,2026-08-23,0.0,605df903
dist_sess_low = (sess_low-close)/tick,2026-08-24,0.2611,605df903
dist_sess_low = (sess_low-close)/tick,2026-08-25,0.2683,605df903
dist_sess_low = (sess_low-close)/tick,2026-08-26,0.2611,605df903
dist_sess_low = (sess_low-close)/tick,2026-08-27,1.0,605df903
dist_sess_low = (sess_low-close)/tick,2026-08-28,0.9714,605df903
dist_sess_low = (sess_low-close)/tick,2026-08-30,0.0,605df903
dist_sess_low = (sess_low-close)/tick,2026-08-31,0.2603,605df903
dist_sess_low = (sess_low-close)/tick,2026-09-01,0.4603,605df903
dist_sess_low = (sess_low-close)/tick,2026-09-02,0.6773,605df903
dist_sess_low = (sess_low-close)/tick,2026-09-03,0.4913,605df903
dist_ovn_high = (ovn_high-close)/tick,2026-06-11,0.0,c43dc080
dist_ovn_high = (ovn_high-close)/tick,2026-06-14,0.0,114b1ca4
dist_ovn_high = (ovn_high-close)/tick,2026-06-15,0.0,114b1ca4
dist_ovn_high = (ovn_high-close)/tick,2026-06-16,0.0,e7199bc7
dist_ovn_high = (ovn_high-close)/tick,2026-06-17,0.0,e7199bc7
dist_ovn_high = (ovn_high-close)/tick,2026-06-18,0.0,e7199bc7
dist_ovn_high = (ovn_high-close)/tick,2026-06-21,0.0,9238adc1
dist_ovn_high = (ovn_high-close)/tick,2026-06-22,0.0,9238adc1
dist_ovn_high = (ovn_high-close)/tick,2026-06-23,0.0,9238adc1
dist_ovn_high = (ovn_high-close)/tick,2026-06-26,0.0,9238adc1
dist_ovn_high = (ovn_high-close)/tick,2026-06-28,0.0,944f7204
dist_ovn_high = (ovn_high-close)/tick,2026-06-29,0.0,944f7204
dist_ovn_high = (ovn_high-close)/tick,2026-07-01,0.0,944f7204
dist_ovn_high = (ovn_high-close)/tick,2026-07-02,0.0,944f7204
dist_ovn_high = (ovn_high-close)/tick,2026-07-05,0.0,13efb186
dist_ovn_high = (ovn_high-close)/tick,2026-07-06,0.0,13efb186
dist_ovn_high = (ovn_high-close)/tick,2026-07-07,0.0,13efb186
dist_ovn_high = (ovn_high-close)/tick,2026-07-08,0.0,13efb186
dist_ovn_high = (ovn_high-close)/tick,2026-07-09,0.0,13efb186
dist_ovn_high = (ovn_high-close)/tick,2026-07-10,0.0,13efb186
dist_ovn_high = (ovn_high-close)/tick,2026-07-12,0.0,13efb186
dist_ovn_high = (ovn_high-close)/tick,2026-07-13,0.0,13efb186
dist_ovn_high = (ovn_high-close)/tick,2026-07-14,0.0,13efb186
dist_ovn_high = (ovn_high-close)/tick,2026-07-15,0.0,13efb186
dist_ovn_high = (ovn_high-close)/tick,2026-07-16,0.0,13efb186
dist_ovn_high = (ovn_high-close)/tick,2026-07-17,0.0,f6003b62
dist_ovn_high = (ovn_high-close)/tick,2026-07-19,0.0,f6003b62
dist_ovn_high = (ovn_high-close)/tick,2026-07-20,0.0,f6003b62
dist_ovn_high = (ovn_high-close)/tick,2026-07-21,0.0,f6003b62
dist_ovn_high = (ovn_high-close)/tick,2026-07-22,0.0,ed53e566
dist_ovn_high = (ovn_high-close)/tick,2026-07-23,0.0,ed53e566
dist_ovn_high = (ovn_high-close)/tick,2026-07-24,0.0,ed53e566
dist_ovn_high = (ovn_high-close)/tick,2026-07-26,0.0,4981d53a
dist_ovn_high = (ovn_high-close)/tick,2026-07-27,0.0,4981d53a
dist_ovn_high = (ovn_high-close)/tick,2026-07-28,0.0,4981d53a
dist_ovn_high = (ovn_high-close)/tick,2026-07-29,0.0,4981d53a
dist_ovn_high = (ovn_high-close)/tick,2026-07-30,0.0,4981d53a
dist_ovn_high = (ovn_high-close)/tick,2026-07-31,0.0,4981d53a
dist_ovn_high = (ovn_high-close)/tick,2026-08-04,0.0,1d20af93
dist_ovn_high = (ovn_high-close)/tick,2026-08-06,0.0,feec66f6
dist_ovn_high = (ovn_high-close)/tick,2026-08-07,0.0,287627ed
dist_ovn_high = (ovn_high-close)/tick,2026-08-09,0.0,43f2daf5
dist_ovn_high = (ovn_high-close)/tick,2026-08-11,0.0,78177655
dist_ovn_high = (ovn_high-close)/tick,2026-08-12,0.0,78177655
dist_ovn_high = (ovn_high-close)/tick,2026-08-13,0.0,78177655
dist_ovn_high = (ovn_high-close)/tick,2026-08-14,0.0,78177655
dist_ovn_high = (ovn_high-close)/tick,2026-08-16,0.0,605df903
dist_ovn_high = (ovn_high-close)/tick,2026-08-17,0.0,605df903
dist_ovn_high = (ovn_high-close)/tick,2026-08-18,0.0,605df903
dist_ovn_high = (ovn_high-close)/tick,2026-08-19,0.0,605df903
dist_ovn_high = (ovn_high-close)/tick,2026-08-20,0.0,605df903
dist_ovn_high = (ovn_high-close)/tick,2026-08-21,0.0,605df903
dist_ovn_high = (ovn_high-close)/tick,2026-08-23,0.0,605df903
dist_ovn_high = (ovn_high-close)/tick,2026-08-24,0.0,605df903
dist_ovn_high = (ovn_high-close)/tick,2026-08-25,0.0,605df903
dist_ovn_high = (ovn_high-close)/tick,2026-08-26,0.0,605df903
dist_ovn_high = (ovn_high-close)/tick,2026-08-27,0.0,605df903
dist_ovn_high = (ovn_high-close)/tick,2026-08-28,0.0,605df903
dist_ovn_high = (ovn_high-close)/tick,2026-08-30,0.0,605df903
dist_ovn_high = (ovn_high-close)/tick,2026-08-31,0.0,605df903
dist_ovn_high = (ovn_high-close)/tick,2026-09-01,0.0,605df903
dist_ovn_high = (ovn_high-close)/tick,2026-09-02,0.0,605df903
dist_ovn_high = (ovn_high-close)/tick,2026-09-03,0.0,605df903
dist_ovn_low = (ovn_low-close)/tick,2026-06-11,0.0,c43dc080
dist_ovn_low = (ovn_low-close)/tick,2026-06-14,0.0,114b1ca4
dist_ovn_low = (ovn_low-close)/tick,2026-06-15,0.0,114b1ca4
dist_ovn_low = (ovn_low-close)/tick,2026-06-16,0.0,e7199bc7
dist_ovn_low = (ovn_low-close)/tick,2026-06-17,0.0,e7199bc7
dist_ovn_low = (ovn_low-close)/tick,2026-06-18,0.0,e7199bc7
dist_ovn_low = (ovn_low-close)/tick,2026-06-21,0.0,9238adc1
dist_ovn_low = (ovn_low-close)/tick,2026-06-22,0.0,9238adc1
dist_ovn_low = (ovn_low-close)/tick,2026-06-23,0.0,9238adc1
dist_ovn_low = (ovn_low-close)/tick,2026-06-26,0.0,9238adc1
dist_ovn_low = (ovn_low-close)/tick,2026-06-28,0.0,944f7204
dist_ovn_low = (ovn_low-close)/tick,2026-06-29,0.0,944f7204
dist_ovn_low = (ovn_low-close)/tick,2026-07-01,0.0,944f7204
dist_ovn_low = (ovn_low-close)/tick,2026-07-02,0.0,944f7204
dist_ovn_low = (ovn_low-close)/tick,2026-07-05,0.0,13efb186
dist_ovn_low = (ovn_low-close)/tick,2026-07-06,0.0,13efb186
dist_ovn_low = (ovn_low-close)/tick,2026-07-07,0.0,13efb186
dist_ovn_low = (ovn_low-close)/tick,2026-07-08,0.0,13efb186
dist_ovn_low = (ovn_low-close)/tick,2026-07-09,0.0,13efb186
dist_ovn_low = (ovn_low-close)/tick,2026-07-10,0.0,13efb186
dist_ovn_low = (ovn_low-close)/tick,2026-07-12,0.0,13efb186
dist_ovn_low = (ovn_low-close)/tick,2026-07-13,0.0,13efb186
dist_ovn_low = (ovn_low-close)/tick,2026-07-14,0.0,13efb186
dist_ovn_low = (ovn_low-close)/tick,2026-07-15,0.0,13efb186
dist_ovn_low = (ovn_low-close)/tick,2026-07-16,0.0,13efb186
dist_ovn_low = (ovn_low-close)/tick,2026-07-17,0.0,f6003b62
dist_ovn_low = (ovn_low-close)/tick,2026-07-19,0.0,f6003b62
dist_ovn_low = (ovn_low-close)/tick,2026-07-20,0.0,f6003b62
dist_ovn_low = (ovn_low-close)/tick,2026-07-21,0.0,f6003b62
dist_ovn_low = (ovn_low-close)/tick,2026-07-22,0.0,ed53e566
dist_ovn_low = (ovn_low-close)/tick,2026-07-23,0.0,ed53e566
dist_ovn_low = (ovn_low-close)/tick,2026-07-24,0.0,ed53e566
dist_ovn_low = (ovn_low-close)/tick,2026-07-26,0.0,4981d53a
dist_ovn_low = (ovn_low-close)/tick,2026-07-27,0.0,4981d53a
dist_ovn_low = (ovn_low-close)/tick,2026-07-28,0.0,4981d53a
dist_ovn_low = (ovn_low-close)/tick,2026-07-29,0.0,4981d53a
dist_ovn_low = (ovn_low-close)/tick,2026-07-30,0.0,4981d53a
dist_ovn_low = (ovn_low-close)/tick,2026-07-31,0.0,4981d53a
dist_ovn_low = (ovn_low-close)/tick,2026-08-04,0.0,1d20af93
dist_ovn_low = (ovn_low-close)/tick,2026-08-06,0.0,feec66f6
dist_ovn_low = (ovn_low-close)/tick,2026-08-07,0.0,287627ed
dist_ovn_low = (ovn_low-close)/tick,2026-08-09,0.0,43f2daf5
dist_ovn_low = (ovn_low-close)/tick,2026-08-11,0.0,78177655
dist_ovn_low = (ovn_low-close)/tick,2026-08-12,0.0,78177655
dist_ovn_low = (ovn_low-close)/tick,2026-08-13,0.0,78177655
dist_ovn_low = (ovn_low-close)/tick,2026-08-14,0.0,78177655
dist_ovn_low = (ovn_low-close)/tick,2026-08-16,0.0,605df903
dist_ovn_low = (ovn_low-close)/tick,2026-08-17,0.0,605df903
dist_ovn_low = (ovn_low-close)/tick,2026-08-18,0.0,605df903
dist_ovn_low = (ovn_low-close)/tick,2026-08-19,0.0,605df903
dist_ovn_low = (ovn_low-close)/tick,2026-08-20,0.0,605df903
dist_ovn_low = (ovn_low-close)/tick,2026-08-21,0.0,605df903
dist_ovn_low = (ovn_low-close)/tick,2026-08-23,0.0,605df903
dist_ovn_low = (ovn_low-close)/tick,2026-08-24,0.0,605df903
dist_ovn_low = (ovn_low-close)/tick,2026-08-25,0.0,605df903
dist_ovn_low = (ovn_low-close)/tick,2026-08-26,0.0,605df903
dist_ovn_low = (ovn_low-close)/tick,2026-08-27,0.0,605df903
dist_ovn_low = (ovn_low-close)/tick,2026-08-28,0.0,605df903
dist_ovn_low = (ovn_low-close)/tick,2026-08-30,0.0,605df903
dist_ovn_low = (ovn_low-close)/tick,2026-08-31,0.0,605df903
dist_ovn_low = (ovn_low-close)/tick,2026-09-01,0.0,605df903
dist_ovn_low = (ovn_low-close)/tick,2026-09-02,0.0,605df903
dist_ovn_low = (ovn_low-close)/tick,2026-09-03,0.0,605df903
dist_ib_high = (ib_high-close)/tick,2026-06-11,0.0,c43dc080
dist_ib_high = (ib_high-close)/tick,2026-06-15,0.0,114b1ca4
dist_ib_high = (ib_high-close)/tick,2026-06-16,0.0,e7199bc7
dist_ib_high = (ib_high-close)/tick,2026-06-17,0.0,e7199bc7
dist_ib_high = (ib_high-close)/tick,2026-06-18,0.0,e7199bc7
dist_ib_high = (ib_high-close)/tick,2026-06-22,0.0,9238adc1
dist_ib_high = (ib_high-close)/tick,2026-06-23,0.0,9238adc1
dist_ib_high = (ib_high-close)/tick,2026-06-26,0.0,9238adc1
dist_ib_high = (ib_high-close)/tick,2026-06-29,0.0,944f7204
dist_ib_high = (ib_high-close)/tick,2026-07-01,0.0,944f7204
dist_ib_high = (ib_high-close)/tick,2026-07-02,0.0,944f7204
dist_ib_high = (ib_high-close)/tick,2026-07-06,0.0,13efb186
dist_ib_high = (ib_high-close)/tick,2026-07-07,0.0,13efb186
dist_ib_high = (ib_high-close)/tick,2026-07-08,0.0,13efb186
dist_ib_high = (ib_high-close)/tick,2026-07-09,0.0,13efb186
dist_ib_high = (ib_high-close)/tick,2026-07-10,0.0,13efb186
dist_ib_high = (ib_high-close)/tick,2026-07-13,0.0,13efb186
dist_ib_high = (ib_high-close)/tick,2026-07-14,0.0,13efb186
dist_ib_high = (ib_high-close)/tick,2026-07-15,0.0,13efb186
dist_ib_high = (ib_high-close)/tick,2026-07-16,0.0,13efb186
dist_ib_high = (ib_high-close)/tick,2026-07-17,0.0,f6003b62
dist_ib_high = (ib_high-close)/tick,2026-07-20,0.0,f6003b62
dist_ib_high = (ib_high-close)/tick,2026-07-21,0.0,f6003b62
dist_ib_high = (ib_high-close)/tick,2026-07-22,0.0,ed53e566
dist_ib_high = (ib_high-close)/tick,2026-07-23,0.0,ed53e566
dist_ib_high = (ib_high-close)/tick,2026-07-24,0.0,ed53e566
dist_ib_high = (ib_high-close)/tick,2026-07-27,0.0,4981d53a
dist_ib_high = (ib_high-close)/tick,2026-07-28,0.0,4981d53a
dist_ib_high = (ib_high-close)/tick,2026-07-29,0.0,4981d53a
dist_ib_high = (ib_high-close)/tick,2026-07-30,0.0,4981d53a
dist_ib_high = (ib_high-close)/tick,2026-07-31,0.0,4981d53a
dist_ib_high = (ib_high-close)/tick,2026-08-04,0.0,1d20af93
dist_ib_high = (ib_high-close)/tick,2026-08-06,0.0,feec66f6
dist_ib_high = (ib_high-close)/tick,2026-08-07,0.0,287627ed
dist_ib_high = (ib_high-close)/tick,2026-08-11,0.0,78177655
dist_ib_high = (ib_high-close)/tick,2026-08-12,0.0,78177655
dist_ib_high = (ib_high-close)/tick,2026-08-13,0.0,78177655
dist_ib_high = (ib_high-close)/tick,2026-08-14,0.0,78177655
dist_ib_high = (ib_high-close)/tick,2026-08-17,0.0,605df903
dist_ib_high = (ib_high-close)/tick,2026-08-18,0.0,605df903
dist_ib_high = (ib_high-close)/tick,2026-08-19,0.0,605df903
dist_ib_high = (ib_high-close)/tick,2026-08-20,0.0,605df903
dist_ib_high = (ib_high-close)/tick,2026-08-21,0.0,605df903
dist_ib_high = (ib_high-close)/tick,2026-08-24,0.0,605df903
dist_ib_high = (ib_high-close)/tick,2026-08-25,0.0,605df903
dist_ib_high = (ib_high-close)/tick,2026-08-26,0.0,605df903
dist_ib_high = (ib_high-close)/tick,2026-08-27,0.0,605df903
dist_ib_high = (ib_high-close)/tick,2026-08-28,0.0,605df903
dist_ib_high = (ib_high-close)/tick,2026-08-31,0.0,605df903
dist_ib_high = (ib_high-close)/tick,2026-09-01,0.0,605df903
dist_ib_high = (ib_high-close)/tick,2026-09-02,0.0,605df903
dist_ib_high = (ib_high-close)/tick,2026-09-03,0.0,605df903
dist_ib_low = (ib_low-close)/tick,2026-06-11,0.0,c43dc080
dist_ib_low = (ib_low-close)/tick,2026-06-15,0.0,114b1ca4
dist_ib_low = (ib_low-close)/tick,2026-06-16,0.0,e7199bc7
dist_ib_low = (ib_low-close)/tick,2026-06-17,0.0,e7199bc7
dist_ib_low = (ib_low-close)/tick,2026-06-18,0.0,e7199bc7
dist_ib_low = (ib_low-close)/tick,2026-06-22,0.0,9238adc1
dist_ib_low = (ib_low-close)/tick,2026-06-23,0.0,9238adc1
dist_ib_low = (ib_low-close)/tick,2026-06-26,0.0,9238adc1
dist_ib_low = (ib_low-close)/tick,2026-06-29,0.0,944f7204
dist_ib_low = (ib_low-close)/tick,2026-07-01,0.0,944f7204
dist_ib_low = (ib_low-close)/tick,2026-07-02,0.0,944f7204
dist_ib_low = (ib_low-close)/tick,2026-07-06,0.0,13efb186
dist_ib_low = (ib_low-close)/tick,2026-07-07,0.0,13efb186
dist_ib_low = (ib_low-close)/tick,2026-07-08,0.0,13efb186
dist_ib_low = (ib_low-close)/tick,2026-07-09,0.0,13efb186
dist_ib_low = (ib_low-close)/tick,2026-07-10,0.0,13efb186
dist_ib_low = (ib_low-close)/tick,2026-07-13,0.0,13efb186
dist_ib_low = (ib_low-close)/tick,2026-07-14,0.0,13efb186
dist_ib_low = (ib_low-close)/tick,2026-07-15,0.0,13efb186
dist_ib_low = (ib_low-close)/tick,2026-07-16,0.0,13efb186
dist_ib_low = (ib_low-close)/tick,2026-07-17,0.0,f6003b62
dist_ib_low = (ib_low-close)/tick,2026-07-20,0.0,f6003b62
dist_ib_low = (ib_low-close)/tick,2026-07-21,0.0,f6003b62
dist_ib_low = (ib_low-close)/tick,2026-07-22,0.0,ed53e566
dist_ib_low = (ib_low-close)/tick,2026-07-23,0.0,ed53e566
dist_ib_low = (ib_low-close)/tick,2026-07-24,0.0,ed53e566
dist_ib_low = (ib_low-close)/tick,2026-07-27,0.0,4981d53a
dist_ib_low = (ib_low-close)/tick,2026-07-28,0.0,4981d53a
dist_ib_low = (ib_low-close)/tick,2026-07-29,0.0,4981d53a
dist_ib_low = (ib_low-close)/tick,2026-07-30,0.0,4981d53a
dist_ib_low = (ib_low-close)/tick,2026-07-31,0.0,4981d53a
dist_ib_low = (ib_low-close)/tick,2026-08-04,0.0,1d20af93
dist_ib_low = (ib_low-close)/tick,2026-08-06,0.0,feec66f6
dist_ib_low = (ib_low-close)/tick,2026-08-07,0.0,287627ed
dist_ib_low = (ib_low-close)/tick,2026-08-11,0.0,78177655
dist_ib_low = (ib_low-close)/tick,2026-08-12,0.0,78177655
dist_ib_low = (ib_low-close)/tick,2026-08-13,0.0,78177655
dist_ib_low = (ib_low-close)/tick,2026-08-14,0.0,78177655
dist_ib_low = (ib_low-close)/tick,2026-08-17,0.0,605df903
dist_ib_low = (ib_low-close)/tick,2026-08-18,0.0,605df903
dist_ib_low = (ib_low-close)/tick,2026-08-19,0.0,605df903
dist_ib_low = (ib_low-close)/tick,2026-08-20,0.0,605df903
dist_ib_low = (ib_low-close)/tick,2026-08-21,0.0,605df903
dist_ib_low = (ib_low-close)/tick,2026-08-24,0.0,605df903
dist_ib_low = (ib_low-close)/tick,2026-08-25,0.0,605df903
dist_ib_low = (ib_low-close)/tick,2026-08-26,0.0,605df903
dist_ib_low = (ib_low-close)/tick,2026-08-27,0.0,605df903
dist_ib_low = (ib_low-close)/tick,2026-08-28,0.0,605df903
dist_ib_low = (ib_low-close)/tick,2026-08-31,0.0,605df903
dist_ib_low = (ib_low-close)/tick,2026-09-01,0.0,605df903
dist_ib_low = (ib_low-close)/tick,2026-09-02,0.0,605df903
dist_ib_low = (ib_low-close)/tick,2026-09-03,0.0,605df903
dist_open_cash = (open_cash_lvl-close)/tick,2026-06-11,0.0,c43dc080
dist_open_cash = (open_cash_lvl-close)/tick,2026-06-14,0.0,114b1ca4
dist_open_cash = (open_cash_lvl-close)/tick,2026-06-15,0.0,114b1ca4
dist_open_cash = (open_cash_lvl-close)/tick,2026-06-16,0.0,e7199bc7
dist_open_cash = (open_cash_lvl-close)/tick,2026-06-17,0.0,e7199bc7
dist_open_cash = (open_cash_lvl-close)/tick,2026-06-18,0.0,e7199bc7
dist_open_cash = (open_cash_lvl-close)/tick,2026-06-21,0.0,9238adc1
dist_open_cash = (open_cash_lvl-close)/tick,2026-06-22,0.0,9238adc1
dist_open_cash = (open_cash_lvl-close)/tick,2026-06-23,0.0,9238adc1
dist_open_cash = (open_cash_lvl-close)/tick,2026-06-26,0.0,9238adc1
dist_open_cash = (open_cash_lvl-close)/tick,2026-06-28,0.0,944f7204
dist_open_cash = (open_cash_lvl-close)/tick,2026-06-29,0.0,944f7204
dist_open_cash = (open_cash_lvl-close)/tick,2026-07-01,0.0,944f7204
dist_open_cash = (open_cash_lvl-close)/tick,2026-07-02,0.0,944f7204
dist_open_cash = (open_cash_lvl-close)/tick,2026-07-05,0.0,13efb186
dist_open_cash = (open_cash_lvl-close)/tick,2026-07-06,0.0,13efb186
dist_open_cash = (open_cash_lvl-close)/tick,2026-07-07,0.0,13efb186
dist_open_cash = (open_cash_lvl-close)/tick,2026-07-08,0.0,13efb186
dist_open_cash = (open_cash_lvl-close)/tick,2026-07-09,0.0,13efb186
dist_open_cash = (open_cash_lvl-close)/tick,2026-07-10,0.0,13efb186
dist_open_cash = (open_cash_lvl-close)/tick,2026-07-12,0.0,13efb186
dist_open_cash = (open_cash_lvl-close)/tick,2026-07-13,0.0,13efb186
dist_open_cash = (open_cash_lvl-close)/tick,2026-07-14,0.0,13efb186
dist_open_cash = (open_cash_lvl-close)/tick,2026-07-15,0.0,13efb186
dist_open_cash = (open_cash_lvl-close)/tick,2026-07-16,0.0,13efb186
dist_open_cash = (open_cash_lvl-close)/tick,2026-07-17,0.0,f6003b62
dist_open_cash = (open_cash_lvl-close)/tick,2026-07-19,0.0,f6003b62
dist_open_cash = (open_cash_lvl-close)/tick,2026-07-20,0.0,f6003b62
dist_open_cash = (open_cash_lvl-close)/tick,2026-07-21,0.0,f6003b62
dist_open_cash = (open_cash_lvl-close)/tick,2026-07-22,0.0,ed53e566
dist_open_cash = (open_cash_lvl-close)/tick,2026-07-23,0.0,ed53e566
dist_open_cash = (open_cash_lvl-close)/tick,2026-07-24,0.0,ed53e566
dist_open_cash = (open_cash_lvl-close)/tick,2026-07-26,0.0,4981d53a
dist_open_cash = (open_cash_lvl-close)/tick,2026-07-27,0.0,4981d53a
dist_open_cash = (open_cash_lvl-close)/tick,2026-07-28,0.0,4981d53a
dist_open_cash = (open_cash_lvl-close)/tick,2026-07-29,0.0,4981d53a
dist_open_cash = (open_cash_lvl-close)/tick,2026-07-30,0.0,4981d53a
dist_open_cash = (open_cash_lvl-close)/tick,2026-07-31,0.0,4981d53a
dist_open_cash = (open_cash_lvl-close)/tick,2026-08-04,0.0,1d20af93
dist_open_cash = (open_cash_lvl-close)/tick,2026-08-06,0.0,feec66f6
dist_open_cash = (open_cash_lvl-close)/tick,2026-08-07,0.0,287627ed
dist_open_cash = (open_cash_lvl-close)/tick,2026-08-09,0.0,43f2daf5
dist_open_cash = (open_cash_lvl-close)/tick,2026-08-11,0.0,78177655
dist_open_cash = (open_cash_lvl-close)/tick,2026-08-12,0.0,78177655
dist_open_cash = (open_cash_lvl-close)/tick,2026-08-13,0.0,78177655
dist_open_cash = (open_cash_lvl-close)/tick,2026-08-14,0.0,78177655
dist_open_cash = (open_cash_lvl-close)/tick,2026-08-16,0.0,605df903
dist_open_cash = (open_cash_lvl-close)/tick,2026-08-17,0.0,605df903
dist_open_cash = (open_cash_lvl-close)/tick,2026-08-18,0.0,605df903
dist_open_cash = (open_cash_lvl-close)/tick,2026-08-19,0.0,605df903
dist_open_cash = (open_cash_lvl-close)/tick,2026-08-20,0.0,605df903
dist_open_cash = (open_cash_lvl-close)/tick,2026-08-21,0.0,605df903
dist_open_cash = (open_cash_lvl-close)/tick,2026-08-23,0.0,605df903
dist_open_cash = (open_cash_lvl-close)/tick,2026-08-24,0.0,605df903
dist_open_cash = (open_cash_lvl-close)/tick,2026-08-25,0.0,605df903
dist_open_cash = (open_cash_lvl-close)/tick,2026-08-26,0.0,605df903
dist_open_cash = (open_cash_lvl-close)/tick,2026-08-27,0.0,605df903
dist_open_cash = (open_cash_lvl-close)/tick,2026-08-28,0.0,605df903
dist_open_cash = (open_cash_lvl-close)/tick,2026-08-30,0.0,605df903
dist_open_cash = (open_cash_lvl-close)/tick,2026-08-31,0.0,605df903
dist_open_cash = (open_cash_lvl-close)/tick,2026-09-01,0.0,605df903
dist_open_cash = (open_cash_lvl-close)/tick,2026-09-02,0.0,605df903
dist_open_cash = (open_cash_lvl-close)/tick,2026-09-03,0.0,605df903
dist_open_830 = (open_830_lvl-close)/tick,2026-06-11,0.0,c43dc080
dist_open_830 = (open_830_lvl-close)/tick,2026-06-14,0.0,114b1ca4
dist_open_830 = (open_830_lvl-close)/tick,2026-06-15,0.0,114b1ca4
dist_open_830 = (open_830_lvl-close)/tick,2026-06-16,0.0,e7199bc7
dist_open_830 = (open_830_lvl-close)/tick,2026-06-17,0.0,e7199bc7
dist_open_830 = (open_830_lvl-close)/tick,2026-06-18,0.0,e7199bc7
dist_open_830 = (open_830_lvl-close)/tick,2026-06-21,0.0,9238adc1
dist_open_830 = (open_830_lvl-close)/tick,2026-06-22,0.0,9238adc1
dist_open_830 = (open_830_lvl-close)/tick,2026-06-23,0.0,9238adc1
dist_open_830 = (open_830_lvl-close)/tick,2026-06-26,0.0,9238adc1
dist_open_830 = (open_830_lvl-close)/tick,2026-06-28,0.0,944f7204
dist_open_830 = (open_830_lvl-close)/tick,2026-06-29,0.0,944f7204
dist_open_830 = (open_830_lvl-close)/tick,2026-07-01,0.0,944f7204
dist_open_830 = (open_830_lvl-close)/tick,2026-07-02,0.0,944f7204
dist_open_830 = (open_830_lvl-close)/tick,2026-07-05,0.0,13efb186
dist_open_830 = (open_830_lvl-close)/tick,2026-07-06,0.0,13efb186
dist_open_830 = (open_830_lvl-close)/tick,2026-07-07,0.0,13efb186
dist_open_830 = (open_830_lvl-close)/tick,2026-07-08,0.0,13efb186
dist_open_830 = (open_830_lvl-close)/tick,2026-07-09,0.0,13efb186
dist_open_830 = (open_830_lvl-close)/tick,2026-07-10,0.0,13efb186
dist_open_830 = (open_830_lvl-close)/tick,2026-07-12,0.0,13efb186
dist_open_830 = (open_830_lvl-close)/tick,2026-07-13,0.0,13efb186
dist_open_830 = (open_830_lvl-close)/tick,2026-07-14,0.0,13efb186
dist_open_830 = (open_830_lvl-close)/tick,2026-07-15,0.0,13efb186
dist_open_830 = (open_830_lvl-close)/tick,2026-07-16,0.0,13efb186
dist_open_830 = (open_830_lvl-close)/tick,2026-07-17,0.0,f6003b62
dist_open_830 = (open_830_lvl-close)/tick,2026-07-19,0.0,f6003b62
dist_open_830 = (open_830_lvl-close)/tick,2026-07-20,0.0,f6003b62
dist_open_830 = (open_830_lvl-close)/tick,2026-07-21,0.0,f6003b62
dist_open_830 = (open_830_lvl-close)/tick,2026-07-22,0.0,ed53e566
dist_open_830 = (open_830_lvl-close)/tick,2026-07-23,0.0,ed53e566
dist_open_830 = (open_830_lvl-close)/tick,2026-07-24,0.0,ed53e566
dist_open_830 = (open_830_lvl-close)/tick,2026-07-26,0.0,4981d53a
dist_open_830 = (open_830_lvl-close)/tick,2026-07-27,0.0,4981d53a
dist_open_830 = (open_830_lvl-close)/tick,2026-07-28,0.0,4981d53a
dist_open_830 = (open_830_lvl-close)/tick,2026-07-29,0.0,4981d53a
dist_open_830 = (open_830_lvl-close)/tick,2026-07-30,0.0,4981d53a
dist_open_830 = (open_830_lvl-close)/tick,2026-07-31,0.0,4981d53a
dist_open_830 = (open_830_lvl-close)/tick,2026-08-04,0.0,1d20af93
dist_open_830 = (open_830_lvl-close)/tick,2026-08-06,0.0,feec66f6
dist_open_830 = (open_830_lvl-close)/tick,2026-08-07,0.0,287627ed
dist_open_830 = (open_830_lvl-close)/tick,2026-08-09,0.0,43f2daf5
dist_open_830 = (open_830_lvl-close)/tick,2026-08-11,0.0,78177655
dist_open_830 = (open_830_lvl-close)/tick,2026-08-12,0.0,78177655
dist_open_830 = (open_830_lvl-close)/tick,2026-08-13,0.0,78177655
dist_open_830 = (open_830_lvl-close)/tick,2026-08-14,0.0,78177655
dist_open_830 = (open_830_lvl-close)/tick,2026-08-16,0.0,605df903
dist_open_830 = (open_830_lvl-close)/tick,2026-08-17,0.0,605df903
dist_open_830 = (open_830_lvl-close)/tick,2026-08-18,0.0,605df903
dist_open_830 = (open_830_lvl-close)/tick,2026-08-19,0.0,605df903
dist_open_830 = (open_830_lvl-close)/tick,2026-08-20,0.0,605df903
dist_open_830 = (open_830_lvl-close)/tick,2026-08-21,0.0,605df903
dist_open_830 = (open_830_lvl-close)/tick,2026-08-23,0.0,605df903
dist_open_830 = (open_830_lvl-close)/tick,2026-08-24,0.0,605df903
dist_open_830 = (open_830_lvl-close)/tick,2026-08-25,0.0,605df903
dist_open_830 = (open_830_lvl-close)/tick,2026-08-26,0.0,605df903
dist_open_830 = (open_830_lvl-close)/tick,2026-08-27,0.0,605df903
dist_open_830 = (open_830_lvl-close)/tick,2026-08-28,0.0,605df903
dist_open_830 = (open_830_lvl-close)/tick,2026-08-30,0.0,605df903
dist_open_830 = (open_830_lvl-close)/tick,2026-08-31,0.0,605df903
dist_open_830 = (open_830_lvl-close)/tick,2026-09-01,0.0,605df903
dist_open_830 = (open_830_lvl-close)/tick,2026-09-02,0.0,605df903
dist_open_830 = (open_830_lvl-close)/tick,2026-09-03,0.0,605df903
dist_cash_high_atr = (cash_high-close)/atr_14m,2026-06-11,0.9803,c43dc080
dist_cash_high_atr = (cash_high-close)/atr_14m,2026-06-15,0.971,114b1ca4
dist_cash_high_atr = (cash_high-close)/atr_14m,2026-06-16,0.9978,e7199bc7
dist_cash_high_atr = (cash_high-close)/atr_14m,2026-06-17,0.9933,e7199bc7
dist_cash_high_atr = (cash_high-close)/atr_14m,2026-06-18,1.0,e7199bc7
dist_cash_high_atr = (cash_high-close)/atr_14m,2026-06-22,0.9933,9238adc1
dist_cash_high_atr = (cash_high-close)/atr_14m,2026-06-23,0.9822,9238adc1
dist_cash_high_atr = (cash_high-close)/atr_14m,2026-06-26,0.9933,9238adc1
dist_cash_high_atr = (cash_high-close)/atr_14m,2026-06-29,0.9933,944f7204
dist_cash_high_atr = (cash_high-close)/atr_14m,2026-07-01,0.9778,944f7204
dist_cash_high_atr = (cash_high-close)/atr_14m,2026-07-02,0.9866,944f7204
dist_cash_high_atr = (cash_high-close)/atr_14m,2026-07-06,0.9778,13efb186
dist_cash_high_atr = (cash_high-close)/atr_14m,2026-07-07,1.0,13efb186
dist_cash_high_atr = (cash_high-close)/atr_14m,2026-07-08,0.9956,13efb186
dist_cash_high_atr = (cash_high-close)/atr_14m,2026-07-09,0.9667,13efb186
dist_cash_high_atr = (cash_high-close)/atr_14m,2026-07-10,0.9867,13efb186
dist_cash_high_atr = (cash_high-close)/atr_14m,2026-07-13,1.0,13efb186
dist_cash_high_atr = (cash_high-close)/atr_14m,2026-07-14,1.0,13efb186
dist_cash_high_atr = (cash_high-close)/atr_14m,2026-07-15,1.0,13efb186
dist_cash_high_atr = (cash_high-close)/atr_14m,2026-07-16,0.9955,13efb186
dist_cash_high_atr = (cash_high-close)/atr_14m,2026-07-17,0.9867,f6003b62
dist_cash_high_atr = (cash_high-close)/atr_14m,2026-07-20,0.9956,f6003b62
dist_cash_high_atr = (cash_high-close)/atr_14m,2026-07-21,0.9844,f6003b62
dist_cash_high_atr = (cash_high-close)/atr_14m,2026-07-22,0.98,ed53e566
dist_cash_high_atr = (cash_high-close)/atr_14m,2026-07-23,0.9867,ed53e566
dist_cash_high_atr = (cash_high-close)/atr_14m,2026-07-24,0.9844,ed53e566
dist_cash_high_atr = (cash_high-close)/atr_14m,2026-07-27,0.9978,4981d53a
dist_cash_high_atr = (cash_high-close)/atr_14m,2026-07-28,0.9756,4981d53a
dist_cash_high_atr = (cash_high-close)/atr_14m,2026-07-29,0.9956,4981d53a
dist_cash_high_atr = (cash_high-close)/atr_14m,2026-07-30,0.9667,4981d53a
dist_cash_high_atr = (cash_high-close)/atr_14m,2026-07-31,0.98,4981d53a
dist_cash_high_atr = (cash_high-close)/atr_14m,2026-08-04,0.9044,1d20af93
dist_cash_high_atr = (cash_high-close)/atr_14m,2026-08-06,0.9933,feec66f6
dist_cash_high_atr = (cash_high-close)/atr_14m,2026-08-07,0.9844,287627ed
dist_cash_high_atr = (cash_high-close)/atr_14m,2026-08-11,1.0,78177655
dist_cash_high_atr = (cash_high-close)/atr_14m,2026-08-12,1.0,78177655
dist_cash_high_atr = (cash_high-close)/atr_14m,2026-08-13,0.9622,78177655
dist_cash_high_atr = (cash_high-close)/atr_14m,2026-08-14,1.0,78177655
dist_cash_high_atr = (cash_high-close)/atr_14m,2026-08-17,1.0,605df903
dist_cash_high_atr = (cash_high-close)/atr_14m,2026-08-18,1.0,605df903
dist_cash_high_atr = (cash_high-close)/atr_14m,2026-08-19,0.9911,605df903
dist_cash_high_atr = (cash_high-close)/atr_14m,2026-08-20,0.9933,605df903
dist_cash_high_atr = (cash_high-close)/atr_14m,2026-08-21,0.9889,605df903
dist_cash_high_atr = (cash_high-close)/atr_14m,2026-08-24,1.0,605df903
dist_cash_high_atr = (cash_high-close)/atr_14m,2026-08-25,0.9978,605df903
dist_cash_high_atr = (cash_high-close)/atr_14m,2026-08-26,0.9911,605df903
dist_cash_high_atr = (cash_high-close)/atr_14m,2026-08-27,0.9644,605df903
dist_cash_high_atr = (cash_high-close)/atr_14m,2026-08-28,0.98,605df903
dist_cash_high_atr = (cash_high-close)/atr_14m,2026-08-31,1.0,605df903
dist_cash_high_atr = (cash_high-close)/atr_14m,2026-09-01,0.9867,605df903
dist_cash_high_atr = (cash_high-close)/atr_14m,2026-09-02,0.9711,605df903
dist_cash_high_atr = (cash_high-close)/atr_14m,2026-09-03,0.9644,605df903
dist_asia_high_pct = (asia_high-close)/close*100,2026-06-11,1.0,c43dc080
dist_asia_high_pct = (asia_high-close)/close*100,2026-06-14,1.0,114b1ca4
dist_asia_high_pct = (asia_high-close)/close*100,2026-06-15,0.9547,114b1ca4
dist_asia_high_pct = (asia_high-close)/close*100,2026-06-16,0.9826,e7199bc7
dist_asia_high_pct = (asia_high-close)/close*100,2026-06-17,0.9492,e7199bc7
dist_asia_high_pct = (asia_high-close)/close*100,2026-06-18,0.982,e7199bc7
dist_asia_high_pct = (asia_high-close)/close*100,2026-06-21,1.0,9238adc1
dist_asia_high_pct = (asia_high-close)/close*100,2026-06-22,0.9746,9238adc1
dist_asia_high_pct = (asia_high-close)/close*100,2026-06-23,0.9985,9238adc1
dist_asia_high_pct = (asia_high-close)/close*100,2026-06-26,1.0,9238adc1
dist_asia_high_pct = (asia_high-close)/close*100,2026-06-28,0.958,944f7204
dist_asia_high_pct = (asia_high-close)/close*100,2026-06-29,0.9855,944f7204
dist_asia_high_pct = (asia_high-close)/close*100,2026-07-01,0.9884,944f7204
dist_asia_high_pct = (asia_high-close)/close*100,2026-07-02,0.9739,944f7204
dist_asia_high_pct = (asia_high-close)/close*100,2026-07-05,0.9244,13efb186
dist_asia_high_pct = (asia_high-close)/close*100,2026-07-06,0.9964,13efb186
dist_asia_high_pct = (asia_high-close)/close*100,2026-07-07,0.9985,13efb186
dist_asia_high_pct = (asia_high-close)/close*100,2026-07-08,0.9913,13efb186
dist_asia_high_pct = (asia_high-close)/close*100,2026-07-09,0.9797,13efb186
dist_asia_high_pct = (asia_high-close)/close*100,2026-07-10,0.9921,13efb186
dist_asia_high_pct = (asia_high-close)/close*100,2026-07-12,1.0,13efb186
dist_asia_high_pct = (asia_high-close)/close*100,2026-07-13,1.0,13efb186
dist_asia_high_pct = (asia_high-close)/close*100,2026-07-14,0.9848,13efb186
dist_asia_high_pct = (asia_high-close)/close*100,2026-07-15,0.9746,13efb186
dist_asia_high_pct = (asia_high-close)/close*100,2026-07-16,0.9993,13efb186
dist_asia_high_pct = (asia_high-close)/close*100,2026-07-17,1.0,f6003b62
dist_asia_high_pct = (asia_high-close)/close*100,2026-07-19,0.9748,f6003b62
dist_asia_high_pct = (asia_high-close)/close*100,2026-07-20,0.9703,f6003b62
dist_asia_high_pct = (asia_high-close)/close*100,2026-07-21,0.9702,f6003b62
dist_asia_high_pct = (asia_high-close)/close*100,2026-07-22,0.984,ed53e566
dist_asia_high_pct = (asia_high-close)/close*100,2026-07-23,0.9898,ed53e566
dist_asia_high_pct = (asia_high-close)/close*100,2026-07-24,0.9746,ed53e566
dist_asia_high_pct = (asia_high-close)/close*100,2026-07-26,0.9748,4981d53a
dist_asia_high_pct = (asia_high-close)/close*100,2026-07-27,0.9862,4981d53a
dist_asia_high_pct = (asia_high-close)/close*100,2026-07-28,0.9949,4981d53a
dist_asia_high_pct = (asia_high-close)/close*100,2026-07-29,0.9978,4981d53a
dist_asia_high_pct = (asia_high-close)/close*100,2026-07-30,0.9877,4981d53a
dist_asia_high_pct = (asia_high-close)/close*100,2026-07-31,0.9666,4981d53a
dist_asia_high_pct = (asia_high-close)/close*100,2026-08-04,0.9898,1d20af93
dist_asia_high_pct = (asia_high-close)/close*100,2026-08-06,0.9927,feec66f6
dist_asia_high_pct = (asia_high-close)/close*100,2026-08-07,0.9936,287627ed
dist_asia_high_pct = (asia_high-close)/close*100,2026-08-09,1.0,43f2daf5
dist_asia_high_pct = (asia_high-close)/close*100,2026-08-11,0.9717,78177655
dist_asia_high_pct = (asia_high-close)/close*100,2026-08-12,0.9565,78177655
dist_asia_high_pct = (asia_high-close)/close*100,2026-08-13,0.9536,78177655
dist_asia_high_pct = (asia_high-close)/close*100,2026-08-14,0.9674,78177655
dist_asia_high_pct = (asia_high-close)/close*100,2026-08-16,0.9412,605df903
dist_asia_high_pct = (asia_high-close)/close*100,2026-08-17,0.9775,605df903
dist_asia_high_pct = (asia_high-close)/close*100,2026-08-18,0.9949,605df903
dist_asia_high_pct = (asia_high-close)/close*100,2026-08-19,0.9688,605df903
dist_asia_high_pct = (asia_high-close)/close*100,2026-08-20,0.9956,605df903
dist_asia_high_pct = (asia_high-close)/close*100,2026-08-21,0.9921,605df903
dist_asia_high_pct = (asia_high-close)/close*100,2026-08-23,0.8739,605df903
dist_asia_high_pct = (asia_high-close)/close*100,2026-08-24,1.0,605df903
dist_asia_high_pct = (asia_high-close)/close*100,2026-08-25,0.9746,605df903
dist_asia_high_pct = (asia_high-close)/close*100,2026-08-26,0.9862,605df903
dist_asia_high_pct = (asia_high-close)/close*100,2026-08-27,0.9862,605df903
dist_asia_high_pct = (asia_high-close)/close*100,2026-08-28,0.969,605df903
dist_asia_high_pct = (asia_high-close)/close*100,2026-08-30,1.0,605df903
dist_asia_high_pct = (asia_high-close)/close*100,2026-08-31,0.9935,605df903
dist_asia_high_pct = (asia_high-close)/close*100,2026-09-01,0.9978,605df903
dist_asia_high_pct = (asia_high-close)/close*100,2026-09-02,0.9884,605df903
dist_asia_high_pct = (asia_high-close)/close*100,2026-09-03,0.9659,605df903
dist_vwap_d_atr = dist_vwap_d/atr,2026-06-11,0.0,c43dc080
dist_vwap_d_atr = dist_vwap_d/atr,2026-06-14,0.0,114b1ca4
dist_vwap_d_atr = dist_vwap_d/atr,2026-06-15,0.0,114b1ca4
dist_vwap_d_atr = dist_vwap_d/atr,2026-06-16,0.0,e7199bc7
dist_vwap_d_atr = dist_vwap_d/atr,2026-06-17,0.0,e7199bc7
dist_vwap_d_atr = dist_vwap_d/atr,2026-06-18,0.0,e7199bc7
dist_vwap_d_atr = dist_vwap_d/atr,2026-06-21,0.0,9238adc1
dist_vwap_d_atr = dist_vwap_d/atr,2026-06-22,0.0,9238adc1
dist_vwap_d_atr = dist_vwap_d/atr,2026-06-23,0.0,9238adc1
dist_vwap_d_atr = dist_vwap_d/atr,2026-06-26,0.0,9238adc1
dist_vwap_d_atr = dist_vwap_d/atr,2026-06-28,0.0,944f7204
dist_vwap_d_atr = dist_vwap_d/atr,2026-06-29,0.0,944f7204
dist_vwap_d_atr = dist_vwap_d/atr,2026-07-01,0.0,944f7204
dist_vwap_d_atr = dist_vwap_d/atr,2026-07-02,0.0,944f7204
dist_vwap_d_atr = dist_vwap_d/atr,2026-07-05,0.0,13efb186
dist_vwap_d_atr = dist_vwap_d/atr,2026-07-06,0.0,13efb186
dist_vwap_d_atr = dist_vwap_d/atr,2026-07-07,0.0,13efb186
dist_vwap_d_atr = dist_vwap_d/atr,2026-07-08,0.0,13efb186
dist_vwap_d_atr = dist_vwap_d/atr,2026-07-09,0.0,13efb186
dist_vwap_d_atr = dist_vwap_d/atr,2026-07-10,0.0,13efb186
dist_vwap_d_atr = dist_vwap_d/atr,2026-07-12,0.0,13efb186
dist_vwap_d_atr = dist_vwap_d/atr,2026-07-13,0.0,13efb186
dist_vwap_d_atr = dist_vwap_d/atr,2026-07-14,0.0,13efb186
dist_vwap_d_atr = dist_vwap_d/atr,2026-07-15,0.0,13efb186
dist_vwap_d_atr = dist_vwap_d/atr,2026-07-16,0.0,13efb186
dist_vwap_d_atr = dist_vwap_d/atr,2026-07-17,0.0,f6003b62
dist_vwap_d_atr = dist_vwap_d/atr,2026-07-19,0.0,f6003b62
dist_vwap_d_atr = dist_vwap_d/atr,2026-07-20,0.0,f6003b62
dist_vwap_d_atr = dist_vwap_d/atr,2026-07-21,0.0,f6003b62
dist_vwap_d_atr = dist_vwap_d/atr,2026-07-22,0.0,ed53e566
dist_vwap_d_atr = dist_vwap_d/atr,2026-07-23,0.0,ed53e566
dist_vwap_d_atr = dist_vwap_d/atr,2026-07-24,0.0,ed53e566
dist_vwap_d_atr = dist_vwap_d/atr,2026-07-26,0.0,4981d53a
dist_vwap_d_atr = dist_vwap_d/atr,2026-07-27,0.0,4981d53a
dist_vwap_d_atr = dist_vwap_d/atr,2026-07-28,0.0,4981d53a
dist_vwap_d_atr = dist_vwap_d/atr,2026-07-29,0.0,4981d53a
dist_vwap_d_atr = dist_vwap_d/atr,2026-07-30,0.0,4981d53a
dist_vwap_d_atr = dist_vwap_d/atr,2026-07-31,0.0,4981d53a
dist_vwap_d_atr = dist_vwap_d/atr,2026-08-04,0.0,1d20af93
dist_vwap_d_atr = dist_vwap_d/atr,2026-08-06,0.0,feec66f6
dist_vwap_d_atr = dist_vwap_d/atr,2026-08-07,0.0,287627ed
dist_vwap_d_atr = dist_vwap_d/atr,2026-08-09,0.0,43f2daf5
dist_vwap_d_atr = dist_vwap_d/atr,2026-08-11,0.0,78177655
dist_vwap_d_atr = dist_vwap_d/atr,2026-08-12,0.0,78177655
dist_vwap_d_atr = dist_vwap_d/atr,2026-08-13,0.0,78177655
dist_vwap_d_atr = dist_vwap_d/atr,2026-08-14,0.0,78177655
dist_vwap_d_atr = dist_vwap_d/atr,2026-08-16,0.0,605df903
dist_vwap_d_atr = dist_vwap_d/atr,2026-08-17,0.0,605df903
dist_vwap_d_atr = dist_vwap_d/atr,2026-08-18,0.0,605df903
dist_vwap_d_atr = dist_vwap_d/atr,2026-08-19,0.0,605df903
dist_vwap_d_atr = dist_vwap_d/atr,2026-08-20,0.0,605df903
dist_vwap_d_atr = dist_vwap_d/atr,2026-08-21,0.0,605df903
dist_vwap_d_atr = dist_vwap_d/atr,2026-08-23,0.0,605df903
dist_vwap_d_atr = dist_vwap_d/atr,2026-08-24,0.0,605df903
dist_vwap_d_atr = dist_vwap_d/atr,2026-08-25,0.0,605df903
dist_vwap_d_atr = dist_vwap_d/atr,2026-08-26,0.0,605df903
dist_vwap_d_atr = dist_vwap_d/atr,2026-08-27,0.0,605df903
dist_vwap_d_atr = dist_vwap_d/atr,2026-08-28,0.0,605df903
dist_vwap_d_atr = dist_vwap_d/atr,2026-08-30,0.0,605df903
dist_vwap_d_atr = dist_vwap_d/atr,2026-08-31,0.0,605df903
dist_vwap_d_atr = dist_vwap_d/atr,2026-09-01,0.0,605df903
dist_vwap_d_atr = dist_vwap_d/atr,2026-09-02,0.0,605df903
dist_vwap_d_atr = dist_vwap_d/atr,2026-09-03,0.0,605df903
dist_vwap_d_pct = dist_vwap_d*tick/close*100,2026-06-11,0.0,c43dc080
dist_vwap_d_pct = dist_vwap_d*tick/close*100,2026-06-14,0.0,114b1ca4
dist_vwap_d_pct = dist_vwap_d*tick/close*100,2026-06-15,0.0,114b1ca4
dist_vwap_d_pct = dist_vwap_d*tick/close*100,2026-06-16,0.0,e7199bc7
dist_vwap_d_pct = dist_vwap_d*tick/close*100,2026-06-17,0.0,e7199bc7
dist_vwap_d_pct = dist_vwap_d*tick/close*100,2026-06-18,0.0,e7199bc7
dist_vwap_d_pct = dist_vwap_d*tick/close*100,2026-06-21,0.0,9238adc1
dist_vwap_d_pct = dist_vwap_d*tick/close*100,2026-06-22,0.0,9238adc1
dist_vwap_d_pct = dist_vwap_d*tick/close*100,2026-06-23,0.0,9238adc1
dist_vwap_d_pct = dist_vwap_d*tick/close*100,2026-06-26,0.0,9238adc1
dist_vwap_d_pct = dist_vwap_d*tick/close*100,2026-06-28,0.0,944f7204
dist_vwap_d_pct = dist_vwap_d*tick/close*100,2026-06-29,0.0,944f7204
dist_vwap_d_pct = dist_vwap_d*tick/close*100,2026-07-01,0.0,944f7204
dist_vwap_d_pct = dist_vwap_d*tick/close*100,2026-07-02,0.0,944f7204
dist_vwap_d_pct = dist_vwap_d*tick/close*100,2026-07-05,0.0,13efb186
dist_vwap_d_pct = dist_vwap_d*tick/close*100,2026-07-06,0.0,13efb186
dist_vwap_d_pct = dist_vwap_d*tick/close*100,2026-07-07,0.0,13efb186
dist_vwap_d_pct = dist_vwap_d*tick/close*100,2026-07-08,0.0,13efb186
dist_vwap_d_pct = dist_vwap_d*tick/close*100,2026-07-09,0.0,13efb186
dist_vwap_d_pct = dist_vwap_d*tick/close*100,2026-07-10,0.0,13efb186
dist_vwap_d_pct = dist_vwap_d*tick/close*100,2026-07-12,0.0,13efb186
dist_vwap_d_pct = dist_vwap_d*tick/close*100,2026-07-13,0.0,13efb186
dist_vwap_d_pct = dist_vwap_d*tick/close*100,2026-07-14,0.0,13efb186
dist_vwap_d_pct = dist_vwap_d*tick/close*100,2026-07-15,0.0,13efb186
dist_vwap_d_pct = dist_vwap_d*tick/close*100,2026-07-16,0.0,13efb186
dist_vwap_d_pct = dist_vwap_d*tick/close*100,2026-07-17,0.0,f6003b62
dist_vwap_d_pct = dist_vwap_d*tick/close*100,2026-07-19,0.0,f6003b62
dist_vwap_d_pct = dist_vwap_d*tick/close*100,2026-07-20,0.0,f6003b62
dist_vwap_d_pct = dist_vwap_d*tick/close*100,2026-07-21,0.0,f6003b62
dist_vwap_d_pct = dist_vwap_d*tick/close*100,2026-07-22,0.0,ed53e566
dist_vwap_d_pct = dist_vwap_d*tick/close*100,2026-07-23,0.0,ed53e566
dist_vwap_d_pct = dist_vwap_d*tick/close*100,2026-07-24,0.0,ed53e566
dist_vwap_d_pct = dist_vwap_d*tick/close*100,2026-07-26,0.0,4981d53a
dist_vwap_d_pct = dist_vwap_d*tick/close*100,2026-07-27,0.0,4981d53a
dist_vwap_d_pct = dist_vwap_d*tick/close*100,2026-07-28,0.0,4981d53a
dist_vwap_d_pct = dist_vwap_d*tick/close*100,2026-07-29,0.0,4981d53a
dist_vwap_d_pct = dist_vwap_d*tick/close*100,2026-07-30,0.0,4981d53a
dist_vwap_d_pct = dist_vwap_d*tick/close*100,2026-07-31,0.0,4981d53a
dist_vwap_d_pct = dist_vwap_d*tick/close*100,2026-08-04,0.0,1d20af93
dist_vwap_d_pct = dist_vwap_d*tick/close*100,2026-08-06,0.0,feec66f6
dist_vwap_d_pct = dist_vwap_d*tick/close*100,2026-08-07,0.0,287627ed
dist_vwap_d_pct = dist_vwap_d*tick/close*100,2026-08-09,0.0,43f2daf5
dist_vwap_d_pct = dist_vwap_d*tick/close*100,2026-08-11,0.0,78177655
dist_vwap_d_pct = dist_vwap_d*tick/close*100,2026-08-12,0.0,78177655
dist_vwap_d_pct = dist_vwap_d*tick/close*100,2026-08-13,0.0,78177655
dist_vwap_d_pct = dist_vwap_d*tick/close*100,2026-08-14,0.0,78177655
dist_vwap_d_pct = dist_vwap_d*tick/close*100,2026-08-16,0.0,605df903
dist_vwap_d_pct = dist_vwap_d*tick/close*100,2026-08-17,0.0,605df903
dist_vwap_d_pct = dist_vwap_d*tick/close*100,2026-08-18,0.0,605df903
dist_vwap_d_pct = dist_vwap_d*tick/close*100,2026-08-19,0.0,605df903
dist_vwap_d_pct = dist_vwap_d*tick/close*100,2026-08-20,0.0,605df903
dist_vwap_d_pct = dist_vwap_d*tick/close*100,2026-08-21,0.0,605df903
dist_vwap_d_pct = dist_vwap_d*tick/close*100,2026-08-23,0.0,605df903
dist_vwap_d_pct = dist_vwap_d*tick/close*100,2026-08-24,0.0,605df903
dist_vwap_d_pct = dist_vwap_d*tick/close*100,2026-08-25,0.0,605df903
dist_vwap_d_pct = dist_vwap_d*tick/close*100,2026-08-26,0.0,605df903
dist_vwap_d_pct = dist_vwap_d*tick/close*100,2026-08-27,0.0,605df903
dist_vwap_d_pct = dist_vwap_d*tick/close*100,2026-08-28,0.0,605df903
dist_vwap_d_pct = dist_vwap_d*tick/close*100,2026-08-30,0.0,605df903
dist_vwap_d_pct = dist_vwap_d*tick/close*100,2026-08-31,0.0,605df903
dist_vwap_d_pct = dist_vwap_d*tick/close*100,2026-09-01,0.0,605df903
dist_vwap_d_pct = dist_vwap_d*tick/close*100,2026-09-02,0.0,605df903
dist_vwap_d_pct = dist_vwap_d*tick/close*100,2026-09-03,0.0,605df903
dist_vwap_w_atr = dist_vwap_w/atr,2026-06-11,0.0,c43dc080
dist_vwap_w_atr = dist_vwap_w/atr,2026-06-14,0.0,114b1ca4
dist_vwap_w_atr = dist_vwap_w/atr,2026-06-15,0.0,114b1ca4
dist_vwap_w_atr = dist_vwap_w/atr,2026-06-16,0.0,e7199bc7
dist_vwap_w_atr = dist_vwap_w/atr,2026-06-17,0.0,e7199bc7
dist_vwap_w_atr = dist_vwap_w/atr,2026-06-18,0.0,e7199bc7
dist_vwap_w_atr = dist_vwap_w/atr,2026-06-21,0.0,9238adc1
dist_vwap_w_atr = dist_vwap_w/atr,2026-06-22,0.0,9238adc1
dist_vwap_w_atr = dist_vwap_w/atr,2026-06-23,0.0,9238adc1
dist_vwap_w_atr = dist_vwap_w/atr,2026-06-26,0.0,9238adc1
dist_vwap_w_atr = dist_vwap_w/atr,2026-06-28,0.0,944f7204
dist_vwap_w_atr = dist_vwap_w/atr,2026-06-29,0.0,944f7204
dist_vwap_w_atr = dist_vwap_w/atr,2026-07-01,0.0,944f7204
dist_vwap_w_atr = dist_vwap_w/atr,2026-07-02,0.0,944f7204
dist_vwap_w_atr = dist_vwap_w/atr,2026-07-05,0.0,13efb186
dist_vwap_w_atr = dist_vwap_w/atr,2026-07-06,0.0,13efb186
dist_vwap_w_atr = dist_vwap_w/atr,2026-07-07,0.0,13efb186
dist_vwap_w_atr = dist_vwap_w/atr,2026-07-08,0.0,13efb186
dist_vwap_w_atr = dist_vwap_w/atr,2026-07-09,0.0,13efb186
dist_vwap_w_atr = dist_vwap_w/atr,2026-07-10,0.0,13efb186
dist_vwap_w_atr = dist_vwap_w/atr,2026-07-12,0.0,13efb186
dist_vwap_w_atr = dist_vwap_w/atr,2026-07-13,0.0,13efb186
dist_vwap_w_atr = dist_vwap_w/atr,2026-07-14,0.0,13efb186
dist_vwap_w_atr = dist_vwap_w/atr,2026-07-15,0.0,13efb186
dist_vwap_w_atr = dist_vwap_w/atr,2026-07-16,0.0,13efb186
dist_vwap_w_atr = dist_vwap_w/atr,2026-07-17,0.0,f6003b62
dist_vwap_w_atr = dist_vwap_w/atr,2026-07-19,0.0,f6003b62
dist_vwap_w_atr = dist_vwap_w/atr,2026-07-20,0.0,f6003b62
dist_vwap_w_atr = dist_vwap_w/atr,2026-07-21,0.0,f6003b62
dist_vwap_w_atr = dist_vwap_w/atr,2026-07-22,0.0,ed53e566
dist_vwap_w_atr = dist_vwap_w/atr,2026-07-23,0.0,ed53e566
dist_vwap_w_atr = dist_vwap_w/atr,2026-07-24,0.0,ed53e566
dist_vwap_w_atr = dist_vwap_w/atr,2026-07-26,0.0,4981d53a
dist_vwap_w_atr = dist_vwap_w/atr,2026-07-27,0.0,4981d53a
dist_vwap_w_atr = dist_vwap_w/atr,2026-07-28,0.0,4981d53a
dist_vwap_w_atr = dist_vwap_w/atr,2026-07-29,0.0,4981d53a
dist_vwap_w_atr = dist_vwap_w/atr,2026-07-30,0.0,4981d53a
dist_vwap_w_atr = dist_vwap_w/atr,2026-07-31,0.0,4981d53a
dist_vwap_w_atr = dist_vwap_w/atr,2026-08-04,0.0,1d20af93
dist_vwap_w_atr = dist_vwap_w/atr,2026-08-06,0.0,feec66f6
dist_vwap_w_atr = dist_vwap_w/atr,2026-08-07,0.0,287627ed
dist_vwap_w_atr = dist_vwap_w/atr,2026-08-09,0.0,43f2daf5
dist_vwap_w_atr = dist_vwap_w/atr,2026-08-11,0.0,78177655
dist_vwap_w_atr = dist_vwap_w/atr,2026-08-12,0.0,78177655
dist_vwap_w_atr = dist_vwap_w/atr,2026-08-13,0.0,78177655
dist_vwap_w_atr = dist_vwap_w/atr,2026-08-14,0.0,78177655
dist_vwap_w_atr = dist_vwap_w/atr,2026-08-16,0.0,605df903
dist_vwap_w_atr = dist_vwap_w/atr,2026-08-17,0.0,605df903
dist_vwap_w_atr = dist_vwap_w/atr,2026-08-18,0.0,605df903
dist_vwap_w_atr = dist_vwap_w/atr,2026-08-19,0.0,605df903
dist_vwap_w_atr = dist_vwap_w/atr,2026-08-20,0.0,605df903
dist_vwap_w_atr = dist_vwap_w/atr,2026-08-21,0.0,605df903
dist_vwap_w_atr = dist_vwap_w/atr,2026-08-23,0.0,605df903
dist_vwap_w_atr = dist_vwap_w/atr,2026-08-24,0.0,605df903
dist_vwap_w_atr = dist_vwap_w/atr,2026-08-25,0.0,605df903
dist_vwap_w_atr = dist_vwap_w/atr,2026-08-26,0.0,605df903
dist_vwap_w_atr = dist_vwap_w/atr,2026-08-27,0.0,605df903
dist_vwap_w_atr = dist_vwap_w/atr,2026-08-28,0.0,605df903
dist_vwap_w_atr = dist_vwap_w/atr,2026-08-30,0.0,605df903
dist_vwap_w_atr = dist_vwap_w/atr,2026-08-31,0.0,605df903
dist_vwap_w_atr = dist_vwap_w/atr,2026-09-01,0.0,605df903
dist_vwap_w_atr = dist_vwap_w/atr,2026-09-02,0.0,605df903
dist_vwap_w_atr = dist_vwap_w/atr,2026-09-03,0.0,605df903
dist_vwap_w_pct = dist_vwap_w*tick/close*100,2026-06-11,0.0,c43dc080
dist_vwap_w_pct = dist_vwap_w*tick/close*100,2026-06-14,0.0,114b1ca4
dist_vwap_w_pct = dist_vwap_w*tick/close*100,2026-06-15,0.0,114b1ca4
dist_vwap_w_pct = dist_vwap_w*tick/close*100,2026-06-16,0.0,e7199bc7
dist_vwap_w_pct = dist_vwap_w*tick/close*100,2026-06-17,0.0,e7199bc7
dist_vwap_w_pct = dist_vwap_w*tick/close*100,2026-06-18,0.0,e7199bc7
dist_vwap_w_pct = dist_vwap_w*tick/close*100,2026-06-21,0.0,9238adc1
dist_vwap_w_pct = dist_vwap_w*tick/close*100,2026-06-22,0.0,9238adc1
dist_vwap_w_pct = dist_vwap_w*tick/close*100,2026-06-23,0.0,9238adc1
dist_vwap_w_pct = dist_vwap_w*tick/close*100,2026-06-26,0.0,9238adc1
dist_vwap_w_pct = dist_vwap_w*tick/close*100,2026-06-28,0.0,944f7204
dist_vwap_w_pct = dist_vwap_w*tick/close*100,2026-06-29,0.0,944f7204
dist_vwap_w_pct = dist_vwap_w*tick/close*100,2026-07-01,0.0,944f7204
dist_vwap_w_pct = dist_vwap_w*tick/close*100,2026-07-02,0.0,944f7204
dist_vwap_w_pct = dist_vwap_w*tick/close*100,2026-07-05,0.0,13efb186
dist_vwap_w_pct = dist_vwap_w*tick/close*100,2026-07-06,0.0,13efb186
dist_vwap_w_pct = dist_vwap_w*tick/close*100,2026-07-07,0.0,13efb186
dist_vwap_w_pct = dist_vwap_w*tick/close*100,2026-07-08,0.0,13efb186
dist_vwap_w_pct = dist_vwap_w*tick/close*100,2026-07-09,0.0,13efb186
dist_vwap_w_pct = dist_vwap_w*tick/close*100,2026-07-10,0.0,13efb186
dist_vwap_w_pct = dist_vwap_w*tick/close*100,2026-07-12,0.0,13efb186
dist_vwap_w_pct = dist_vwap_w*tick/close*100,2026-07-13,0.0,13efb186
dist_vwap_w_pct = dist_vwap_w*tick/close*100,2026-07-14,0.0,13efb186
dist_vwap_w_pct = dist_vwap_w*tick/close*100,2026-07-15,0.0,13efb186
dist_vwap_w_pct = dist_vwap_w*tick/close*100,2026-07-16,0.0,13efb186
dist_vwap_w_pct = dist_vwap_w*tick/close*100,2026-07-17,0.0,f6003b62
dist_vwap_w_pct = dist_vwap_w*tick/close*100,2026-07-19,0.0,f6003b62
dist_vwap_w_pct = dist_vwap_w*tick/close*100,2026-07-20,0.0,f6003b62
dist_vwap_w_pct = dist_vwap_w*tick/close*100,2026-07-21,0.0,f6003b62
dist_vwap_w_pct = dist_vwap_w*tick/close*100,2026-07-22,0.0,ed53e566
dist_vwap_w_pct = dist_vwap_w*tick/close*100,2026-07-23,0.0,ed53e566
dist_vwap_w_pct = dist_vwap_w*tick/close*100,2026-07-24,0.0,ed53e566
dist_vwap_w_pct = dist_vwap_w*tick/close*100,2026-07-26,0.0,4981d53a
dist_vwap_w_pct = dist_vwap_w*tick/close*100,2026-07-27,0.0,4981d53a
dist_vwap_w_pct = dist_vwap_w*tick/close*100,2026-07-28,0.0,4981d53a
dist_vwap_w_pct = dist_vwap_w*tick/close*100,2026-07-29,0.0,4981d53a
dist_vwap_w_pct = dist_vwap_w*tick/close*100,2026-07-30,0.0,4981d53a
dist_vwap_w_pct = dist_vwap_w*tick/close*100,2026-07-31,0.0,4981d53a
dist_vwap_w_pct = dist_vwap_w*tick/close*100,2026-08-04,0.0,1d20af93
dist_vwap_w_pct = dist_vwap_w*tick/close*100,2026-08-06,0.0,feec66f6
dist_vwap_w_pct = dist_vwap_w*tick/close*100,2026-08-07,0.0,287627ed
dist_vwap_w_pct = dist_vwap_w*tick/close*100,2026-08-09,0.0,43f2daf5
dist_vwap_w_pct = dist_vwap_w*tick/close*100,2026-08-11,0.0,78177655
dist_vwap_w_pct = dist_vwap_w*tick/close*100,2026-08-12,0.0,78177655
dist_vwap_w_pct = dist_vwap_w*tick/close*100,2026-08-13,0.0,78177655
dist_vwap_w_pct = dist_vwap_w*tick/close*100,2026-08-14,0.0,78177655
dist_vwap_w_pct = dist_vwap_w*tick/close*100,2026-08-16,0.0,605df903
dist_vwap_w_pct = dist_vwap_w*tick/close*100,2026-08-17,0.0,605df903
dist_vwap_w_pct = dist_vwap_w*tick/close*100,2026-08-18,0.0,605df903
dist_vwap_w_pct = dist_vwap_w*tick/close*100,2026-08-19,0.0,605df903
dist_vwap_w_pct = dist_vwap_w*tick/close*100,2026-08-20,0.0,605df903
dist_vwap_w_pct = dist_vwap_w*tick/close*100,2026-08-21,0.0,605df903
dist_vwap_w_pct = dist_vwap_w*tick/close*100,2026-08-23,0.0,605df903
dist_vwap_w_pct = dist_vwap_w*tick/close*100,2026-08-24,0.0,605df903
dist_vwap_w_pct = dist_vwap_w*tick/close*100,2026-08-25,0.0,605df903
dist_vwap_w_pct = dist_vwap_w*tick/close*100,2026-08-26,0.0,605df903
dist_vwap_w_pct = dist_vwap_w*tick/close*100,2026-08-27,0.0,605df903
dist_vwap_w_pct = dist_vwap_w*tick/close*100,2026-08-28,0.0,605df903
dist_vwap_w_pct = dist_vwap_w*tick/close*100,2026-08-30,0.0,605df903
dist_vwap_w_pct = dist_vwap_w*tick/close*100,2026-08-31,0.0,605df903
dist_vwap_w_pct = dist_vwap_w*tick/close*100,2026-09-01,0.0,605df903
dist_vwap_w_pct = dist_vwap_w*tick/close*100,2026-09-02,0.0,605df903
dist_vwap_w_pct = dist_vwap_w*tick/close*100,2026-09-03,0.0,605df903
dist_vwap_m_atr = dist_vwap_m/atr,2026-06-11,0.0,c43dc080
dist_vwap_m_atr = dist_vwap_m/atr,2026-06-14,0.0,114b1ca4
dist_vwap_m_atr = dist_vwap_m/atr,2026-06-15,0.0,114b1ca4
dist_vwap_m_atr = dist_vwap_m/atr,2026-06-16,0.0,e7199bc7
dist_vwap_m_atr = dist_vwap_m/atr,2026-06-17,0.0,e7199bc7
dist_vwap_m_atr = dist_vwap_m/atr,2026-06-18,0.0,e7199bc7
dist_vwap_m_atr = dist_vwap_m/atr,2026-06-21,0.0,9238adc1
dist_vwap_m_atr = dist_vwap_m/atr,2026-06-22,0.0,9238adc1
dist_vwap_m_atr = dist_vwap_m/atr,2026-06-23,0.0,9238adc1
dist_vwap_m_atr = dist_vwap_m/atr,2026-06-26,0.0,9238adc1
dist_vwap_m_atr = dist_vwap_m/atr,2026-06-28,0.0,944f7204
dist_vwap_m_atr = dist_vwap_m/atr,2026-06-29,0.0,944f7204
dist_vwap_m_atr = dist_vwap_m/atr,2026-07-01,0.0,944f7204
dist_vwap_m_atr = dist_vwap_m/atr,2026-07-02,0.0,944f7204
dist_vwap_m_atr = dist_vwap_m/atr,2026-07-05,0.0,13efb186
dist_vwap_m_atr = dist_vwap_m/atr,2026-07-06,0.0,13efb186
dist_vwap_m_atr = dist_vwap_m/atr,2026-07-07,0.0,13efb186
dist_vwap_m_atr = dist_vwap_m/atr,2026-07-08,0.0,13efb186
dist_vwap_m_atr = dist_vwap_m/atr,2026-07-09,0.0,13efb186
dist_vwap_m_atr = dist_vwap_m/atr,2026-07-10,0.0,13efb186
dist_vwap_m_atr = dist_vwap_m/atr,2026-07-12,0.0,13efb186
dist_vwap_m_atr = dist_vwap_m/atr,2026-07-13,0.0,13efb186
dist_vwap_m_atr = dist_vwap_m/atr,2026-07-14,0.0,13efb186
dist_vwap_m_atr = dist_vwap_m/atr,2026-07-15,0.0,13efb186
dist_vwap_m_atr = dist_vwap_m/atr,2026-07-16,0.0,13efb186
dist_vwap_m_atr = dist_vwap_m/atr,2026-07-17,0.0,f6003b62
dist_vwap_m_atr = dist_vwap_m/atr,2026-07-19,0.0,f6003b62
dist_vwap_m_atr = dist_vwap_m/atr,2026-07-20,0.0,f6003b62
dist_vwap_m_atr = dist_vwap_m/atr,2026-07-21,0.0,f6003b62
dist_vwap_m_atr = dist_vwap_m/atr,2026-07-22,0.0,ed53e566
dist_vwap_m_atr = dist_vwap_m/atr,2026-07-23,0.0,ed53e566
dist_vwap_m_atr = dist_vwap_m/atr,2026-07-24,0.0,ed53e566
dist_vwap_m_atr = dist_vwap_m/atr,2026-07-26,0.0,4981d53a
dist_vwap_m_atr = dist_vwap_m/atr,2026-07-27,0.0,4981d53a
dist_vwap_m_atr = dist_vwap_m/atr,2026-07-28,0.0,4981d53a
dist_vwap_m_atr = dist_vwap_m/atr,2026-07-29,0.0,4981d53a
dist_vwap_m_atr = dist_vwap_m/atr,2026-07-30,0.0,4981d53a
dist_vwap_m_atr = dist_vwap_m/atr,2026-07-31,0.0,4981d53a
dist_vwap_m_atr = dist_vwap_m/atr,2026-08-04,0.0,1d20af93
dist_vwap_m_atr = dist_vwap_m/atr,2026-08-06,0.0,feec66f6
dist_vwap_m_atr = dist_vwap_m/atr,2026-08-07,0.0,287627ed
dist_vwap_m_atr = dist_vwap_m/atr,2026-08-09,0.0,43f2daf5
dist_vwap_m_atr = dist_vwap_m/atr,2026-08-11,0.0,78177655
dist_vwap_m_atr = dist_vwap_m/atr,2026-08-12,0.0,78177655
dist_vwap_m_atr = dist_vwap_m/atr,2026-08-13,0.0,78177655
dist_vwap_m_atr = dist_vwap_m/atr,2026-08-14,0.0,78177655
dist_vwap_m_atr = dist_vwap_m/atr,2026-08-16,0.0,605df903
dist_vwap_m_atr = dist_vwap_m/atr,2026-08-17,0.0,605df903
dist_vwap_m_atr = dist_vwap_m/atr,2026-08-18,0.0,605df903
dist_vwap_m_atr = dist_vwap_m/atr,2026-08-19,0.0,605df903
dist_vwap_m_atr = dist_vwap_m/atr,2026-08-20,0.0,605df903
dist_vwap_m_atr = dist_vwap_m/atr,2026-08-21,0.0,605df903
dist_vwap_m_atr = dist_vwap_m/atr,2026-08-23,0.0,605df903
dist_vwap_m_atr = dist_vwap_m/atr,2026-08-24,0.0,605df903
dist_vwap_m_atr = dist_vwap_m/atr,2026-08-25,0.0,605df903
dist_vwap_m_atr = dist_vwap_m/atr,2026-08-26,0.0,605df903
dist_vwap_m_atr = dist_vwap_m/atr,2026-08-27,0.0,605df903
dist_vwap_m_atr = dist_vwap_m/atr,2026-08-28,0.0,605df903
dist_vwap_m_atr = dist_vwap_m/atr,2026-08-30,0.0,605df903
dist_vwap_m_atr = dist_vwap_m/atr,2026-08-31,0.0,605df903
dist_vwap_m_atr = dist_vwap_m/atr,2026-09-01,0.0,605df903
dist_vwap_m_atr = dist_vwap_m/atr,2026-09-02,0.0,605df903
dist_vwap_m_atr = dist_vwap_m/atr,2026-09-03,0.0,605df903
dist_vwap_m_pct = dist_vwap_m*tick/close*100,2026-06-11,0.0,c43dc080
dist_vwap_m_pct = dist_vwap_m*tick/close*100,2026-06-14,0.0,114b1ca4
dist_vwap_m_pct = dist_vwap_m*tick/close*100,2026-06-15,0.0,114b1ca4
dist_vwap_m_pct = dist_vwap_m*tick/close*100,2026-06-16,0.0,e7199bc7
dist_vwap_m_pct = dist_vwap_m*tick/close*100,2026-06-17,0.0,e7199bc7
dist_vwap_m_pct = dist_vwap_m*tick/close*100,2026-06-18,0.0,e7199bc7
dist_vwap_m_pct = dist_vwap_m*tick/close*100,2026-06-21,0.0,9238adc1
dist_vwap_m_pct = dist_vwap_m*tick/close*100,2026-06-22,0.0,9238adc1
dist_vwap_m_pct = dist_vwap_m*tick/close*100,2026-06-23,0.0,9238adc1
dist_vwap_m_pct = dist_vwap_m*tick/close*100,2026-06-26,0.0,9238adc1
dist_vwap_m_pct = dist_vwap_m*tick/close*100,2026-06-28,0.0,944f7204
dist_vwap_m_pct = dist_vwap_m*tick/close*100,2026-06-29,0.0,944f7204
dist_vwap_m_pct = dist_vwap_m*tick/close*100,2026-07-01,0.0,944f7204
dist_vwap_m_pct = dist_vwap_m*tick/close*100,2026-07-02,0.0,944f7204
dist_vwap_m_pct = dist_vwap_m*tick/close*100,2026-07-05,0.0,13efb186
dist_vwap_m_pct = dist_vwap_m*tick/close*100,2026-07-06,0.0,13efb186
dist_vwap_m_pct = dist_vwap_m*tick/close*100,2026-07-07,0.0,13efb186
dist_vwap_m_pct = dist_vwap_m*tick/close*100,2026-07-08,0.0,13efb186
dist_vwap_m_pct = dist_vwap_m*tick/close*100,2026-07-09,0.0,13efb186
dist_vwap_m_pct = dist_vwap_m*tick/close*100,2026-07-10,0.0,13efb186
dist_vwap_m_pct = dist_vwap_m*tick/close*100,2026-07-12,0.0,13efb186
dist_vwap_m_pct = dist_vwap_m*tick/close*100,2026-07-13,0.0,13efb186
dist_vwap_m_pct = dist_vwap_m*tick/close*100,2026-07-14,0.0,13efb186
dist_vwap_m_pct = dist_vwap_m*tick/close*100,2026-07-15,0.0,13efb186
dist_vwap_m_pct = dist_vwap_m*tick/close*100,2026-07-16,0.0,13efb186
dist_vwap_m_pct = dist_vwap_m*tick/close*100,2026-07-17,0.0,f6003b62
dist_vwap_m_pct = dist_vwap_m*tick/close*100,2026-07-19,0.0,f6003b62
dist_vwap_m_pct = dist_vwap_m*tick/close*100,2026-07-20,0.0,f6003b62
dist_vwap_m_pct = dist_vwap_m*tick/close*100,2026-07-21,0.0,f6003b62
dist_vwap_m_pct = dist_vwap_m*tick/close*100,2026-07-22,0.0,ed53e566
dist_vwap_m_pct = dist_vwap_m*tick/close*100,2026-07-23,0.0,ed53e566
dist_vwap_m_pct = dist_vwap_m*tick/close*100,2026-07-24,0.0,ed53e566
dist_vwap_m_pct = dist_vwap_m*tick/close*100,2026-07-26,0.0,4981d53a
dist_vwap_m_pct = dist_vwap_m*tick/close*100,2026-07-27,0.0,4981d53a
dist_vwap_m_pct = dist_vwap_m*tick/close*100,2026-07-28,0.0,4981d53a
dist_vwap_m_pct = dist_vwap_m*tick/close*100,2026-07-29,0.0,4981d53a
dist_vwap_m_pct = dist_vwap_m*tick/close*100,2026-07-30,0.0,4981d53a
dist_vwap_m_pct = dist_vwap_m*tick/close*100,2026-07-31,0.0,4981d53a
dist_vwap_m_pct = dist_vwap_m*tick/close*100,2026-08-04,0.0,1d20af93
dist_vwap_m_pct = dist_vwap_m*tick/close*100,2026-08-06,0.0,feec66f6
dist_vwap_m_pct = dist_vwap_m*tick/close*100,2026-08-07,0.0,287627ed
dist_vwap_m_pct = dist_vwap_m*tick/close*100,2026-08-09,0.0,43f2daf5
dist_vwap_m_pct = dist_vwap_m*tick/close*100,2026-08-11,0.0,78177655
dist_vwap_m_pct = dist_vwap_m*tick/close*100,2026-08-12,0.0,78177655
dist_vwap_m_pct = dist_vwap_m*tick/close*100,2026-08-13,0.0,78177655
dist_vwap_m_pct = dist_vwap_m*tick/close*100,2026-08-14,0.0,78177655
dist_vwap_m_pct = dist_vwap_m*tick/close*100,2026-08-16,0.0,605df903
dist_vwap_m_pct = dist_vwap_m*tick/close*100,2026-08-17,0.0,605df903
dist_vwap_m_pct = dist_vwap_m*tick/close*100,2026-08-18,0.0,605df903
dist_vwap_m_pct = dist_vwap_m*tick/close*100,2026-08-19,0.0,605df903
dist_vwap_m_pct = dist_vwap_m*tick/close*100,2026-08-20,0.0,605df903
dist_vwap_m_pct = dist_vwap_m*tick/close*100,2026-08-21,0.0,605df903
dist_vwap_m_pct = dist_vwap_m*tick/close*100,2026-08-23,0.0,605df903
dist_vwap_m_pct = dist_vwap_m*tick/close*100,2026-08-24,0.0,605df903
dist_vwap_m_pct = dist_vwap_m*tick/close*100,2026-08-25,0.0,605df903
dist_vwap_m_pct = dist_vwap_m*tick/close*100,2026-08-26,0.0,605df903
dist_vwap_m_pct = dist_vwap_m*tick/close*100,2026-08-27,0.0,605df903
dist_vwap_m_pct = dist_vwap_m*tick/close*100,2026-08-28,0.0,605df903
dist_vwap_m_pct = dist_vwap_m*tick/close*100,2026-08-30,0.0,605df903
dist_vwap_m_pct = dist_vwap_m*tick/close*100,2026-08-31,0.0,605df903
dist_vwap_m_pct = dist_vwap_m*tick/close*100,2026-09-01,0.0,605df903
dist_vwap_m_pct = dist_vwap_m*tick/close*100,2026-09-02,0.0,605df903
dist_vwap_m_pct = dist_vwap_m*tick/close*100,2026-09-03,0.0,605df903
dist_prev_vpoc_atr = dist_prev_vpoc/atr,2026-06-11,0.0,c43dc080
dist_prev_vpoc_atr = dist_prev_vpoc/atr,2026-06-14,0.0,114b1ca4
dist_prev_vpoc_atr = dist_prev_vpoc/atr,2026-06-15,0.0,114b1ca4
dist_prev_vpoc_atr = dist_prev_vpoc/atr,2026-06-16,0.0,e7199bc7
dist_prev_vpoc_atr = dist_prev_vpoc/atr,2026-06-17,0.0,e7199bc7
dist_prev_vpoc_atr = dist_prev_vpoc/atr,2026-06-18,0.0,e7199bc7
dist_prev_vpoc_atr = dist_prev_vpoc/atr,2026-06-21,0.0,9238adc1
dist_prev_vpoc_atr = dist_prev_vpoc/atr,2026-06-22,0.0,9238adc1
dist_prev_vpoc_atr = dist_prev_vpoc/atr,2026-06-23,0.0,9238adc1
dist_prev_vpoc_atr = dist_prev_vpoc/atr,2026-06-26,0.0,9238adc1
dist_prev_vpoc_atr = dist_prev_vpoc/atr,2026-06-28,0.0,944f7204
dist_prev_vpoc_atr = dist_prev_vpoc/atr,2026-06-29,0.0,944f7204
dist_prev_vpoc_atr = dist_prev_vpoc/atr,2026-07-01,0.0,944f7204
dist_prev_vpoc_atr = dist_prev_vpoc/atr,2026-07-02,0.0,944f7204
dist_prev_vpoc_atr = dist_prev_vpoc/atr,2026-07-05,0.0,13efb186
dist_prev_vpoc_atr = dist_prev_vpoc/atr,2026-07-06,0.0,13efb186
dist_prev_vpoc_atr = dist_prev_vpoc/atr,2026-07-07,0.0,13efb186
dist_prev_vpoc_atr = dist_prev_vpoc/atr,2026-07-08,0.0,13efb186
dist_prev_vpoc_atr = dist_prev_vpoc/atr,2026-07-09,0.0,13efb186
dist_prev_vpoc_atr = dist_prev_vpoc/atr,2026-07-10,0.0,13efb186
dist_prev_vpoc_atr = dist_prev_vpoc/atr,2026-07-12,0.0,13efb186
dist_prev_vpoc_atr = dist_prev_vpoc/atr,2026-07-13,0.0,13efb186
dist_prev_vpoc_atr = dist_prev_vpoc/atr,2026-07-14,0.0,13efb186
dist_prev_vpoc_atr = dist_prev_vpoc/atr,2026-07-15,0.0,13efb186
dist_prev_vpoc_atr = dist_prev_vpoc/atr,2026-07-16,0.0,13efb186
dist_prev_vpoc_atr = dist_prev_vpoc/atr,2026-07-17,0.0,f6003b62
dist_prev_vpoc_atr = dist_prev_vpoc/atr,2026-07-19,0.0,f6003b62
dist_prev_vpoc_atr = dist_prev_vpoc/atr,2026-07-20,0.0,f6003b62
dist_prev_vpoc_atr = dist_prev_vpoc/atr,2026-07-21,0.0,f6003b62
dist_prev_vpoc_atr = dist_prev_vpoc/atr,2026-07-22,0.0,ed53e566
dist_prev_vpoc_atr = dist_prev_vpoc/atr,2026-07-23,0.0,ed53e566
dist_prev_vpoc_atr = dist_prev_vpoc/atr,2026-07-24,0.0,ed53e566
dist_prev_vpoc_atr = dist_prev_vpoc/atr,2026-07-26,0.0,4981d53a
dist_prev_vpoc_atr = dist_prev_vpoc/atr,2026-07-27,0.0,4981d53a
dist_prev_vpoc_atr = dist_prev_vpoc/atr,2026-07-28,0.0,4981d53a
dist_prev_vpoc_atr = dist_prev_vpoc/atr,2026-07-29,0.0,4981d53a
dist_prev_vpoc_atr = dist_prev_vpoc/atr,2026-07-30,0.0,4981d53a
dist_prev_vpoc_atr = dist_prev_vpoc/atr,2026-07-31,0.0,4981d53a
dist_prev_vpoc_atr = dist_prev_vpoc/atr,2026-08-04,0.0,1d20af93
dist_prev_vpoc_atr = dist_prev_vpoc/atr,2026-08-06,0.0,feec66f6
dist_prev_vpoc_atr = dist_prev_vpoc/atr,2026-08-07,0.0,287627ed
dist_prev_vpoc_atr = dist_prev_vpoc/atr,2026-08-09,0.0,43f2daf5
dist_prev_vpoc_atr = dist_prev_vpoc/atr,2026-08-11,0.0,78177655
dist_prev_vpoc_atr = dist_prev_vpoc/atr,2026-08-12,0.0,78177655
dist_prev_vpoc_atr = dist_prev_vpoc/atr,2026-08-13,0.0,78177655
dist_prev_vpoc_atr = dist_prev_vpoc/atr,2026-08-14,0.0,78177655
dist_prev_vpoc_atr = dist_prev_vpoc/atr,2026-08-16,0.0,605df903
dist_prev_vpoc_atr = dist_prev_vpoc/atr,2026-08-17,0.0,605df903
dist_prev_vpoc_atr = dist_prev_vpoc/atr,2026-08-18,0.0,605df903
dist_prev_vpoc_atr = dist_prev_vpoc/atr,2026-08-19,0.0,605df903
dist_prev_vpoc_atr = dist_prev_vpoc/atr,2026-08-20,0.0,605df903
dist_prev_vpoc_atr = dist_prev_vpoc/atr,2026-08-21,0.0,605df903
dist_prev_vpoc_atr = dist_prev_vpoc/atr,2026-08-23,0.0,605df903
dist_prev_vpoc_atr = dist_prev_vpoc/atr,2026-08-24,0.0,605df903
dist_prev_vpoc_atr = dist_prev_vpoc/atr,2026-08-25,0.0,605df903
dist_prev_vpoc_atr = dist_prev_vpoc/atr,2026-08-26,0.0,605df903
dist_prev_vpoc_atr = dist_prev_vpoc/atr,2026-08-27,0.0,605df903
dist_prev_vpoc_atr = dist_prev_vpoc/atr,2026-08-28,0.0,605df903
dist_prev_vpoc_atr = dist_prev_vpoc/atr,2026-08-30,0.0,605df903
dist_prev_vpoc_atr = dist_prev_vpoc/atr,2026-08-31,0.0,605df903
dist_prev_vpoc_atr = dist_prev_vpoc/atr,2026-09-01,0.0,605df903
dist_prev_vpoc_atr = dist_prev_vpoc/atr,2026-09-02,0.0,605df903
dist_prev_vpoc_atr = dist_prev_vpoc/atr,2026-09-03,0.0,605df903
dist_prev_vpoc_pct = dist_prev_vpoc*tick/close*100,2026-06-11,0.0,c43dc080
dist_prev_vpoc_pct = dist_prev_vpoc*tick/close*100,2026-06-14,0.0,114b1ca4
dist_prev_vpoc_pct = dist_prev_vpoc*tick/close*100,2026-06-15,0.0,114b1ca4
dist_prev_vpoc_pct = dist_prev_vpoc*tick/close*100,2026-06-16,0.0,e7199bc7
dist_prev_vpoc_pct = dist_prev_vpoc*tick/close*100,2026-06-17,0.0,e7199bc7
dist_prev_vpoc_pct = dist_prev_vpoc*tick/close*100,2026-06-18,0.0756,e7199bc7
dist_prev_vpoc_pct = dist_prev_vpoc*tick/close*100,2026-06-21,1.0,9238adc1
dist_prev_vpoc_pct = dist_prev_vpoc*tick/close*100,2026-06-22,0.7389,9238adc1
dist_prev_vpoc_pct = dist_prev_vpoc*tick/close*100,2026-06-23,0.0863,9238adc1
dist_prev_vpoc_pct = dist_prev_vpoc*tick/close*100,2026-06-26,0.8095,9238adc1
dist_prev_vpoc_pct = dist_prev_vpoc*tick/close*100,2026-06-28,1.0,944f7204
dist_prev_vpoc_pct = dist_prev_vpoc*tick/close*100,2026-06-29,1.0,944f7204
dist_prev_vpoc_pct = dist_prev_vpoc*tick/close*100,2026-07-01,1.0,944f7204
dist_prev_vpoc_pct = dist_prev_vpoc*tick/close*100,2026-07-02,0.8258,944f7204
dist_prev_vpoc_pct = dist_prev_vpoc*tick/close*100,2026-07-05,1.0,13efb186
dist_prev_vpoc_pct = dist_prev_vpoc*tick/close*100,2026-07-06,1.0,13efb186
dist_prev_vpoc_pct = dist_prev_vpoc*tick/close*100,2026-07-07,1.0,13efb186
dist_prev_vpoc_pct = dist_prev_vpoc*tick/close*100,2026-07-08,1.0,13efb186
dist_prev_vpoc_pct = dist_prev_vpoc*tick/close*100,2026-07-09,1.0,13efb186
dist_prev_vpoc_pct = dist_prev_vpoc*tick/close*100,2026-07-10,1.0,13efb186
dist_prev_vpoc_pct = dist_prev_vpoc*tick/close*100,2026-07-12,1.0,13efb186
dist_prev_vpoc_pct = dist_prev_vpoc*tick/close*100,2026-07-13,1.0,13efb186
dist_prev_vpoc_pct = dist_prev_vpoc*tick/close*100,2026-07-14,0.826,13efb186
dist_prev_vpoc_pct = dist_prev_vpoc*tick/close*100,2026-07-15,0.8252,13efb186
dist_prev_vpoc_pct = dist_prev_vpoc*tick/close*100,2026-07-16,1.0,13efb186
dist_prev_vpoc_pct = dist_prev_vpoc*tick/close*100,2026-07-17,1.0,f6003b62
dist_prev_vpoc_pct = dist_prev_vpoc*tick/close*100,2026-07-19,1.0,f6003b62
dist_prev_vpoc_pct = dist_prev_vpoc*tick/close*100,2026-07-20,1.0,f6003b62
dist_prev_vpoc_pct = dist_prev_vpoc*tick/close*100,2026-07-21,0.8258,f6003b62
dist_prev_vpoc_pct = dist_prev_vpoc*tick/close*100,2026-07-22,0.7397,ed53e566
dist_prev_vpoc_pct = dist_prev_vpoc*tick/close*100,2026-07-23,0.0863,ed53e566
dist_prev_vpoc_pct = dist_prev_vpoc*tick/close*100,2026-07-24,1.0,ed53e566
dist_prev_vpoc_pct = dist_prev_vpoc*tick/close*100,2026-07-26,1.0,4981d53a
dist_prev_vpoc_pct = dist_prev_vpoc*tick/close*100,2026-07-27,1.0,4981d53a
dist_prev_vpoc_pct = dist_prev_vpoc*tick/close*100,2026-07-28,0.826,4981d53a
dist_prev_vpoc_pct = dist_prev_vpoc*tick/close*100,2026-07-29,0.826,4981d53a
dist_prev_vpoc_pct = dist_prev_vpoc*tick/close*100,2026-07-30,1.0,4981d53a
dist_prev_vpoc_pct = dist_prev_vpoc*tick/close*100,2026-07-31,0.8094,4981d53a
dist_prev_vpoc_pct = dist_prev_vpoc*tick/close*100,2026-08-04,0.826,1d20af93
dist_prev_vpoc_pct = dist_prev_vpoc*tick/close*100,2026-08-06,0.826,feec66f6
dist_prev_vpoc_pct = dist_prev_vpoc*tick/close*100,2026-08-07,0.8095,287627ed
dist_prev_vpoc_pct = dist_prev_vpoc*tick/close*100,2026-08-09,1.0,43f2daf5
dist_prev_vpoc_pct = dist_prev_vpoc*tick/close*100,2026-08-11,0.8258,78177655
dist_prev_vpoc_pct = dist_prev_vpoc*tick/close*100,2026-08-12,1.0,78177655
dist_prev_vpoc_pct = dist_prev_vpoc*tick/close*100,2026-08-13,0.826,78177655
dist_prev_vpoc_pct = dist_prev_vpoc*tick/close*100,2026-08-14,0.8094,78177655
dist_prev_vpoc_pct = dist_prev_vpoc*tick/close*100,2026-08-16,1.0,605df903
dist_prev_vpoc_pct = dist_prev_vpoc*tick/close*100,2026-08-17,1.0,605df903
dist_prev_vpoc_pct = dist_prev_vpoc*tick/close*100,2026-08-18,1.0,605df903
dist_prev_vpoc_pct = dist_prev_vpoc*tick/close*100,2026-08-19,0.826,605df903
dist_prev_vpoc_pct = dist_prev_vpoc*tick/close*100,2026-08-20,1.0,605df903
dist_prev_vpoc_pct = dist_prev_vpoc*tick/close*100,2026-08-21,1.0,605df903
dist_prev_vpoc_pct = dist_prev_vpoc*tick/close*100,2026-08-23,1.0,605df903
dist_prev_vpoc_pct = dist_prev_vpoc*tick/close*100,2026-08-24,1.0,605df903
dist_prev_vpoc_pct = dist_prev_vpoc*tick/close*100,2026-08-25,0.826,605df903
dist_prev_vpoc_pct = dist_prev_vpoc*tick/close*100,2026-08-26,1.0,605df903
dist_prev_vpoc_pct = dist_prev_vpoc*tick/close*100,2026-08-27,1.0,605df903
dist_prev_vpoc_pct = dist_prev_vpoc*tick/close*100,2026-08-28,0.8087,605df903
dist_prev_vpoc_pct = dist_prev_vpoc*tick/close*100,2026-08-30,1.0,605df903
dist_prev_vpoc_pct = dist_prev_vpoc*tick/close*100,2026-08-31,1.0,605df903
dist_prev_vpoc_pct = dist_prev_vpoc*tick/close*100,2026-09-01,0.8245,605df903
dist_prev_vpoc_pct = dist_prev_vpoc*tick/close*100,2026-09-02,0.8256,605df903
dist_prev_vpoc_pct = dist_prev_vpoc*tick/close*100,2026-09-03,1.0,605df903
dist_pdh_atr = -dist_pdh*tick/atr,2026-06-26,1.0,9238adc1
dist_pdh_atr = -dist_pdh*tick/atr,2026-06-28,0.0,944f7204
dist_pdh_atr = -dist_pdh*tick/atr,2026-06-29,0.0,944f7204
dist_pdh_atr = -dist_pdh*tick/atr,2026-07-01,0.0,944f7204
dist_pdh_atr = -dist_pdh*tick/atr,2026-07-02,0.0,944f7204
dist_pdh_atr = -dist_pdh*tick/atr,2026-07-05,0.0,13efb186
dist_pdh_atr = -dist_pdh*tick/atr,2026-07-06,0.0,13efb186
dist_pdh_atr = -dist_pdh*tick/atr,2026-07-07,0.0,13efb186
dist_pdh_atr = -dist_pdh*tick/atr,2026-07-08,0.0,13efb186
dist_pdh_atr = -dist_pdh*tick/atr,2026-07-09,0.0,13efb186
dist_pdh_atr = -dist_pdh*tick/atr,2026-07-10,0.0,13efb186
dist_pdh_atr = -dist_pdh*tick/atr,2026-07-12,0.0,13efb186
dist_pdh_atr = -dist_pdh*tick/atr,2026-07-13,0.0,13efb186
dist_pdh_atr = -dist_pdh*tick/atr,2026-07-14,0.0,13efb186
dist_pdh_atr = -dist_pdh*tick/atr,2026-07-15,0.0,13efb186
dist_pdh_atr = -dist_pdh*tick/atr,2026-07-16,0.0,13efb186
dist_pdh_atr = -dist_pdh*tick/atr,2026-07-17,0.0,f6003b62
dist_pdh_atr = -dist_pdh*tick/atr,2026-07-19,0.0,f6003b62
dist_pdh_atr = -dist_pdh*tick/atr,2026-07-20,0.0,f6003b62
dist_pdh_atr = -dist_pdh*tick/atr,2026-07-21,0.0,f6003b62
dist_pdh_atr = -dist_pdh*tick/atr,2026-07-22,0.0,ed53e566
dist_pdh_atr = -dist_pdh*tick/atr,2026-07-23,0.0,ed53e566
dist_pdh_atr = -dist_pdh*tick/atr,2026-07-24,0.0,ed53e566
dist_pdh_atr = -dist_pdh*tick/atr,2026-07-26,0.0,4981d53a
dist_pdh_atr = -dist_pdh*tick/atr,2026-07-27,0.0,4981d53a
dist_pdh_atr = -dist_pdh*tick/atr,2026-07-28,0.0,4981d53a
dist_pdh_atr = -dist_pdh*tick/atr,2026-07-29,0.0,4981d53a
dist_pdh_atr = -dist_pdh*tick/atr,2026-07-30,0.0,4981d53a
dist_pdh_atr = -dist_pdh*tick/atr,2026-07-31,0.0,4981d53a
dist_pdh_atr = -dist_pdh*tick/atr,2026-08-04,0.0007,1d20af93
dist_pdh_atr = -dist_pdh*tick/atr,2026-08-06,0.0007,feec66f6
dist_pdh_atr = -dist_pdh*tick/atr,2026-08-07,0.0008,287627ed
dist_pdh_atr = -dist_pdh*tick/atr,2026-08-09,0.0,43f2daf5
dist_pdh_atr = -dist_pdh*tick/atr,2026-08-11,0.0,78177655
dist_pdh_atr = -dist_pdh*tick/atr,2026-08-12,0.0,78177655
dist_pdh_atr = -dist_pdh*tick/atr,2026-08-13,0.0,78177655
dist_pdh_atr = -dist_pdh*tick/atr,2026-08-14,0.0,78177655
dist_pdh_atr = -dist_pdh*tick/atr,2026-08-16,0.0,605df903
dist_pdh_atr = -dist_pdh*tick/atr,2026-08-17,0.0,605df903
dist_pdh_atr = -dist_pdh*tick/atr,2026-08-18,0.0,605df903
dist_pdh_atr = -dist_pdh*tick/atr,2026-08-19,0.0,605df903
dist_pdh_atr = -dist_pdh*tick/atr,2026-08-20,0.0,605df903
dist_pdh_atr = -dist_pdh*tick/atr,2026-08-21,0.0,605df903
dist_pdh_atr = -dist_pdh*tick/atr,2026-08-23,0.0,605df903
dist_pdh_atr = -dist_pdh*tick/atr,2026-08-24,0.0,605df903
dist_pdh_atr = -dist_pdh*tick/atr,2026-08-25,0.0,605df903
dist_pdh_atr = -dist_pdh*tick/atr,2026-08-26,0.0,605df903
dist_pdh_atr = -dist_pdh*tick/atr,2026-08-27,0.0,605df903
dist_pdh_atr = -dist_pdh*tick/atr,2026-08-28,0.0,605df903
dist_pdh_atr = -dist_pdh*tick/atr,2026-08-30,0.0,605df903
dist_pdh_atr = -dist_pdh*tick/atr,2026-08-31,0.0,605df903
dist_pdh_atr = -dist_pdh*tick/atr,2026-09-01,0.0,605df903
dist_pdh_atr = -dist_pdh*tick/atr,2026-09-02,0.0,605df903
dist_pdh_atr = -dist_pdh*tick/atr,2026-09-03,0.0,605df903
dist_pdh_pct = dist_pdh*tick/close*100,2026-06-26,0.0,9238adc1
dist_pdh_pct = dist_pdh*tick/close*100,2026-06-28,0.0,944f7204
dist_pdh_pct = dist_pdh*tick/close*100,2026-06-29,0.0,944f7204
dist_pdh_pct = dist_pdh*tick/close*100,2026-07-01,0.0,944f7204
dist_pdh_pct = dist_pdh*tick/close*100,2026-07-02,0.0,944f7204
dist_pdh_pct = dist_pdh*tick/close*100,2026-07-05,0.0,13efb186
dist_pdh_pct = dist_pdh*tick/close*100,2026-07-06,0.0,13efb186
dist_pdh_pct = dist_pdh*tick/close*100,2026-07-07,0.0,13efb186
dist_pdh_pct = dist_pdh*tick/close*100,2026-07-08,0.0,13efb186
dist_pdh_pct = dist_pdh*tick/close*100,2026-07-09,0.0,13efb186
dist_pdh_pct = dist_pdh*tick/close*100,2026-07-10,0.0,13efb186
dist_pdh_pct = dist_pdh*tick/close*100,2026-07-12,0.0,13efb186
dist_pdh_pct = dist_pdh*tick/close*100,2026-07-13,0.0,13efb186
dist_pdh_pct = dist_pdh*tick/close*100,2026-07-14,0.0,13efb186
dist_pdh_pct = dist_pdh*tick/close*100,2026-07-15,0.0,13efb186
dist_pdh_pct = dist_pdh*tick/close*100,2026-07-16,0.0,13efb186
dist_pdh_pct = dist_pdh*tick/close*100,2026-07-17,0.0,f6003b62
dist_pdh_pct = dist_pdh*tick/close*100,2026-07-19,0.0,f6003b62
dist_pdh_pct = dist_pdh*tick/close*100,2026-07-20,0.0,f6003b62
dist_pdh_pct = dist_pdh*tick/close*100,2026-07-21,0.0,f6003b62
dist_pdh_pct = dist_pdh*tick/close*100,2026-07-22,0.0,ed53e566
dist_pdh_pct = dist_pdh*tick/close*100,2026-07-23,0.0,ed53e566
dist_pdh_pct = dist_pdh*tick/close*100,2026-07-24,0.0,ed53e566
dist_pdh_pct = dist_pdh*tick/close*100,2026-07-26,0.0,4981d53a
dist_pdh_pct = dist_pdh*tick/close*100,2026-07-27,0.0,4981d53a
dist_pdh_pct = dist_pdh*tick/close*100,2026-07-28,0.0,4981d53a
dist_pdh_pct = dist_pdh*tick/close*100,2026-07-29,0.0,4981d53a
dist_pdh_pct = dist_pdh*tick/close*100,2026-07-30,0.0,4981d53a
dist_pdh_pct = dist_pdh*tick/close*100,2026-07-31,0.0,4981d53a
dist_pdh_pct = dist_pdh*tick/close*100,2026-08-04,0.0,1d20af93
dist_pdh_pct = dist_pdh*tick/close*100,2026-08-06,0.0,feec66f6
dist_pdh_pct = dist_pdh*tick/close*100,2026-08-07,0.0,287627ed
dist_pdh_pct = dist_pdh*tick/close*100,2026-08-09,0.0,43f2daf5
dist_pdh_pct = dist_pdh*tick/close*100,2026-08-11,0.0,78177655
dist_pdh_pct = dist_pdh*tick/close*100,2026-08-12,0.0,78177655
dist_pdh_pct = dist_pdh*tick/close*100,2026-08-13,0.0,78177655
dist_pdh_pct = dist_pdh*tick/close*100,2026-08-14,0.0,78177655
dist_pdh_pct = dist_pdh*tick/close*100,2026-08-16,0.0,605df903
dist_pdh_pct = dist_pdh*tick/close*100,2026-08-17,0.0,605df903
dist_pdh_pct = dist_pdh*tick/close*100,2026-08-18,0.0,605df903
dist_pdh_pct = dist_pdh*tick/close*100,2026-08-19,0.0,605df903
dist_pdh_pct = dist_pdh*tick/close*100,2026-08-20,0.0,605df903
dist_pdh_pct = dist_pdh*tick/close*100,2026-08-21,0.0,605df903
dist_pdh_pct = dist_pdh*tick/close*100,2026-08-23,0.0,605df903
dist_pdh_pct = dist_pdh*tick/close*100,2026-08-24,0.0,605df903
dist_pdh_pct = dist_pdh*tick/close*100,2026-08-25,0.0,605df903
dist_pdh_pct = dist_pdh*tick/close*100,2026-08-26,0.0,605df903
dist_pdh_pct = dist_pdh*tick/close*100,2026-08-27,0.0,605df903
dist_pdh_pct = dist_pdh*tick/close*100,2026-08-28,0.0,605df903
dist_pdh_pct = dist_pdh*tick/close*100,2026-08-30,0.0,605df903
dist_pdh_pct = dist_pdh*tick/close*100,2026-08-31,0.0,605df903
dist_pdh_pct = dist_pdh*tick/close*100,2026-09-01,0.0,605df903
dist_pdh_pct = dist_pdh*tick/close*100,2026-09-02,0.0,605df903
dist_pdh_pct = dist_pdh*tick/close*100,2026-09-03,0.0,605df903
dist_pdl_atr = -dist_pdl*tick/atr,2026-06-26,1.0,9238adc1
dist_pdl_atr = -dist_pdl*tick/atr,2026-06-28,0.0,944f7204
dist_pdl_atr = -dist_pdl*tick/atr,2026-06-29,0.0,944f7204
dist_pdl_atr = -dist_pdl*tick/atr,2026-07-01,0.0,944f7204
dist_pdl_atr = -dist_pdl*tick/atr,2026-07-02,0.0,944f7204
dist_pdl_atr = -dist_pdl*tick/atr,2026-07-05,0.0,13efb186
dist_pdl_atr = -dist_pdl*tick/atr,2026-07-06,0.0,13efb186
dist_pdl_atr = -dist_pdl*tick/atr,2026-07-07,0.0,13efb186
dist_pdl_atr = -dist_pdl*tick/atr,2026-07-08,0.0,13efb186
dist_pdl_atr = -dist_pdl*tick/atr,2026-07-09,0.0,13efb186
dist_pdl_atr = -dist_pdl*tick/atr,2026-07-10,0.0,13efb186
dist_pdl_atr = -dist_pdl*tick/atr,2026-07-12,0.0,13efb186
dist_pdl_atr = -dist_pdl*tick/atr,2026-07-13,0.0,13efb186
dist_pdl_atr = -dist_pdl*tick/atr,2026-07-14,0.0,13efb186
dist_pdl_atr = -dist_pdl*tick/atr,2026-07-15,0.0,13efb186
dist_pdl_atr = -dist_pdl*tick/atr,2026-07-16,0.0,13efb186
dist_pdl_atr = -dist_pdl*tick/atr,2026-07-17,0.0,f6003b62
dist_pdl_atr = -dist_pdl*tick/atr,2026-07-19,0.0,f6003b62
dist_pdl_atr = -dist_pdl*tick/atr,2026-07-20,0.0,f6003b62
dist_pdl_atr = -dist_pdl*tick/atr,2026-07-21,0.0,f6003b62
dist_pdl_atr = -dist_pdl*tick/atr,2026-07-22,0.0,ed53e566
dist_pdl_atr = -dist_pdl*tick/atr,2026-07-23,0.0,ed53e566
dist_pdl_atr = -dist_pdl*tick/atr,2026-07-24,0.0,ed53e566
dist_pdl_atr = -dist_pdl*tick/atr,2026-07-26,0.0,4981d53a
dist_pdl_atr = -dist_pdl*tick/atr,2026-07-27,0.0,4981d53a
dist_pdl_atr = -dist_pdl*tick/atr,2026-07-28,0.0,4981d53a
dist_pdl_atr = -dist_pdl*tick/atr,2026-07-29,0.0,4981d53a
dist_pdl_atr = -dist_pdl*tick/atr,2026-07-30,0.0,4981d53a
dist_pdl_atr = -dist_pdl*tick/atr,2026-07-31,0.0,4981d53a
dist_pdl_atr = -dist_pdl*tick/atr,2026-08-04,0.0007,1d20af93
dist_pdl_atr = -dist_pdl*tick/atr,2026-08-06,0.0007,feec66f6
dist_pdl_atr = -dist_pdl*tick/atr,2026-08-07,0.0008,287627ed
dist_pdl_atr = -dist_pdl*tick/atr,2026-08-09,0.0,43f2daf5
dist_pdl_atr = -dist_pdl*tick/atr,2026-08-11,0.0,78177655
dist_pdl_atr = -dist_pdl*tick/atr,2026-08-12,0.0,78177655
dist_pdl_atr = -dist_pdl*tick/atr,2026-08-13,0.0,78177655
dist_pdl_atr = -dist_pdl*tick/atr,2026-08-14,0.0,78177655
dist_pdl_atr = -dist_pdl*tick/atr,2026-08-16,0.0,605df903
dist_pdl_atr = -dist_pdl*tick/atr,2026-08-17,0.0,605df903
dist_pdl_atr = -dist_pdl*tick/atr,2026-08-18,0.0,605df903
dist_pdl_atr = -dist_pdl*tick/atr,2026-08-19,0.0,605df903
dist_pdl_atr = -dist_pdl*tick/atr,2026-08-20,0.0,605df903
dist_pdl_atr = -dist_pdl*tick/atr,2026-08-21,0.0,605df903
dist_pdl_atr = -dist_pdl*tick/atr,2026-08-23,0.0,605df903
dist_pdl_atr = -dist_pdl*tick/atr,2026-08-24,0.0,605df903
dist_pdl_atr = -dist_pdl*tick/atr,2026-08-25,0.0,605df903
dist_pdl_atr = -dist_pdl*tick/atr,2026-08-26,0.0,605df903
dist_pdl_atr = -dist_pdl*tick/atr,2026-08-27,0.0,605df903
dist_pdl_atr = -dist_pdl*tick/atr,2026-08-28,0.0,605df903
dist_pdl_atr = -dist_pdl*tick/atr,2026-08-30,0.0,605df903
dist_pdl_atr = -dist_pdl*tick/atr,2026-08-31,0.0,605df903
dist_pdl_atr = -dist_pdl*tick/atr,2026-09-01,0.0,605df903
dist_pdl_atr = -dist_pdl*tick/atr,2026-09-02,0.0,605df903
dist_pdl_atr = -dist_pdl*tick/atr,2026-09-03,0.0,605df903
dist_pdl_pct = dist_pdl*tick/close*100,2026-06-26,0.0,9238adc1
dist_pdl_pct = dist_pdl*tick/close*100,2026-06-28,0.0,944f7204
dist_pdl_pct = dist_pdl*tick/close*100,2026-06-29,0.0,944f7204
dist_pdl_pct = dist_pdl*tick/close*100,2026-07-01,0.0,944f7204
dist_pdl_pct = dist_pdl*tick/close*100,2026-07-02,0.0,944f7204
dist_pdl_pct = dist_pdl*tick/close*100,2026-07-05,0.0,13efb186
dist_pdl_pct = dist_pdl*tick/close*100,2026-07-06,0.0,13efb186
dist_pdl_pct = dist_pdl*tick/close*100,2026-07-07,0.0,13efb186
dist_pdl_pct = dist_pdl*tick/close*100,2026-07-08,0.0,13efb186
dist_pdl_pct = dist_pdl*tick/close*100,2026-07-09,0.0,13efb186
dist_pdl_pct = dist_pdl*tick/close*100,2026-07-10,0.0,13efb186
dist_pdl_pct = dist_pdl*tick/close*100,2026-07-12,0.0,13efb186
dist_pdl_pct = dist_pdl*tick/close*100,2026-07-13,0.0,13efb186
dist_pdl_pct = dist_pdl*tick/close*100,2026-07-14,0.0,13efb186
dist_pdl_pct = dist_pdl*tick/close*100,2026-07-15,0.0,13efb186
dist_pdl_pct = dist_pdl*tick/close*100,2026-07-16,0.0,13efb186
dist_pdl_pct = dist_pdl*tick/close*100,2026-07-17,0.0,f6003b62
dist_pdl_pct = dist_pdl*tick/close*100,2026-07-19,0.0,f6003b62
dist_pdl_pct = dist_pdl*tick/close*100,2026-07-20,0.0,f6003b62
dist_pdl_pct = dist_pdl*tick/close*100,2026-07-21,0.0,f6003b62
dist_pdl_pct = dist_pdl*tick/close*100,2026-07-22,0.0,ed53e566
dist_pdl_pct = dist_pdl*tick/close*100,2026-07-23,0.0,ed53e566
dist_pdl_pct = dist_pdl*tick/close*100,2026-07-24,0.0,ed53e566
dist_pdl_pct = dist_pdl*tick/close*100,2026-07-26,0.0,4981d53a
dist_pdl_pct = dist_pdl*tick/close*100,2026-07-27,0.0,4981d53a
dist_pdl_pct = dist_pdl*tick/close*100,2026-07-28,0.0,4981d53a
dist_pdl_pct = dist_pdl*tick/close*100,2026-07-29,0.0,4981d53a
dist_pdl_pct = dist_pdl*tick/close*100,2026-07-30,0.0,4981d53a
dist_pdl_pct = dist_pdl*tick/close*100,2026-07-31,0.0,4981d53a
dist_pdl_pct = dist_pdl*tick/close*100,2026-08-04,0.0,1d20af93
dist_pdl_pct = dist_pdl*tick/close*100,2026-08-06,0.0,feec66f6
dist_pdl_pct = dist_pdl*tick/close*100,2026-08-07,0.0,287627ed
dist_pdl_pct = dist_pdl*tick/close*100,2026-08-09,0.0,43f2daf5
dist_pdl_pct = dist_pdl*tick/close*100,2026-08-11,0.0,78177655
dist_pdl_pct = dist_pdl*tick/close*100,2026-08-12,0.0,78177655
dist_pdl_pct = dist_pdl*tick/close*100,2026-08-13,0.0,78177655
dist_pdl_pct = dist_pdl*tick/close*100,2026-08-14,0.0,78177655
dist_pdl_pct = dist_pdl*tick/close*100,2026-08-16,0.0,605df903
dist_pdl_pct = dist_pdl*tick/close*100,2026-08-17,0.0,605df903
dist_pdl_pct = dist_pdl*tick/close*100,2026-08-18,0.0,605df903
dist_pdl_pct = dist_pdl*tick/close*100,2026-08-19,0.0,605df903
dist_pdl_pct = dist_pdl*tick/close*100,2026-08-20,0.0,605df903
dist_pdl_pct = dist_pdl*tick/close*100,2026-08-21,0.0,605df903
dist_pdl_pct = dist_pdl*tick/close*100,2026-08-23,0.0,605df903
dist_pdl_pct = dist_pdl*tick/close*100,2026-08-24,0.0,605df903
dist_pdl_pct = dist_pdl*tick/close*100,2026-08-25,0.0,605df903
dist_pdl_pct = dist_pdl*tick/close*100,2026-08-26,0.0,605df903
dist_pdl_pct = dist_pdl*tick/close*100,2026-08-27,0.0,605df903
dist_pdl_pct = dist_pdl*tick/close*100,2026-08-28,0.0,605df903
dist_pdl_pct = dist_pdl*tick/close*100,2026-08-30,0.0,605df903
dist_pdl_pct = dist_pdl*tick/close*100,2026-08-31,0.0,605df903
dist_pdl_pct = dist_pdl*tick/close*100,2026-09-01,0.0,605df903
dist_pdl_pct = dist_pdl*tick/close*100,2026-09-02,0.0,605df903
dist_pdl_pct = dist_pdl*tick/close*100,2026-09-03,0.0,605df903
dist_cur_vwap_vp = dist_vwap_d,2026-06-11,0.0,c43dc080
dist_cur_vwap_vp = dist_vwap_d,2026-06-14,0.0,114b1ca4
dist_cur_vwap_vp = dist_vwap_d,2026-06-15,0.0,114b1ca4
dist_cur_vwap_vp = dist_vwap_d,2026-06-16,0.0,e7199bc7
dist_cur_vwap_vp = dist_vwap_d,2026-06-17,0.0,e7199bc7
dist_cur_vwap_vp = dist_vwap_d,2026-06-18,0.0,e7199bc7
dist_cur_vwap_vp = dist_vwap_d,2026-06-21,0.0,9238adc1
dist_cur_vwap_vp = dist_vwap_d,2026-06-22,0.0,9238adc1
dist_cur_vwap_vp = dist_vwap_d,2026-06-23,0.0,9238adc1
dist_cur_vwap_vp = dist_vwap_d,2026-06-26,0.0,9238adc1
dist_cur_vwap_vp = dist_vwap_d,2026-06-28,0.0,944f7204
dist_cur_vwap_vp = dist_vwap_d,2026-06-29,0.0,944f7204
dist_cur_vwap_vp = dist_vwap_d,2026-07-01,0.0,944f7204
dist_cur_vwap_vp = dist_vwap_d,2026-07-02,0.0,944f7204
dist_cur_vwap_vp = dist_vwap_d,2026-07-05,0.0,13efb186
dist_cur_vwap_vp = dist_vwap_d,2026-07-06,0.0,13efb186
dist_cur_vwap_vp = dist_vwap_d,2026-07-07,0.0,13efb186
dist_cur_vwap_vp = dist_vwap_d,2026-07-08,0.0,13efb186
dist_cur_vwap_vp = dist_vwap_d,2026-07-09,0.0,13efb186
dist_cur_vwap_vp = dist_vwap_d,2026-07-10,0.0,13efb186
dist_cur_vwap_vp = dist_vwap_d,2026-07-12,0.0,13efb186
dist_cur_vwap_vp = dist_vwap_d,2026-07-13,0.0,13efb186
dist_cur_vwap_vp = dist_vwap_d,2026-07-14,0.0,13efb186
dist_cur_vwap_vp = dist_vwap_d,2026-07-15,0.0,13efb186
dist_cur_vwap_vp = dist_vwap_d,2026-07-16,0.0,13efb186
dist_cur_vwap_vp = dist_vwap_d,2026-07-17,0.0,f6003b62
dist_cur_vwap_vp = dist_vwap_d,2026-07-19,0.0,f6003b62
dist_cur_vwap_vp = dist_vwap_d,2026-07-20,0.0,f6003b62
dist_cur_vwap_vp = dist_vwap_d,2026-07-21,0.0,f6003b62
dist_cur_vwap_vp = dist_vwap_d,2026-07-22,0.0,ed53e566
dist_cur_vwap_vp = dist_vwap_d,2026-07-23,0.0,ed53e566
dist_cur_vwap_vp = dist_vwap_d,2026-07-24,0.0,ed53e566
dist_cur_vwap_vp = dist_vwap_d,2026-07-26,0.0,4981d53a
dist_cur_vwap_vp = dist_vwap_d,2026-07-27,0.0,4981d53a
dist_cur_vwap_vp = dist_vwap_d,2026-07-28,0.0,4981d53a
dist_cur_vwap_vp = dist_vwap_d,2026-07-29,0.0,4981d53a
dist_cur_vwap_vp = dist_vwap_d,2026-07-30,0.0,4981d53a
dist_cur_vwap_vp = dist_vwap_d,2026-07-31,0.0,4981d53a
dist_cur_vwap_vp = dist_vwap_d,2026-08-04,0.0,1d20af93
dist_cur_vwap_vp = dist_vwap_d,2026-08-06,0.0,feec66f6
dist_cur_vwap_vp = dist_vwap_d,2026-08-07,0.0,287627ed
dist_cur_vwap_vp = dist_vwap_d,2026-08-09,0.0,43f2daf5
dist_cur_vwap_vp = dist_vwap_d,2026-08-11,0.0,78177655
dist_cur_vwap_vp = dist_vwap_d,2026-08-12,0.0,78177655
dist_cur_vwap_vp = dist_vwap_d,2026-08-13,0.0,78177655
dist_cur_vwap_vp = dist_vwap_d,2026-08-14,0.0,78177655
dist_cur_vwap_vp = dist_vwap_d,2026-08-16,0.0,605df903
dist_cur_vwap_vp = dist_vwap_d,2026-08-17,0.0,605df903
dist_cur_vwap_vp = dist_vwap_d,2026-08-18,0.0,605df903
dist_cur_vwap_vp = dist_vwap_d,2026-08-19,0.0,605df903
dist_cur_vwap_vp = dist_vwap_d,2026-08-20,0.0,605df903
dist_cur_vwap_vp = dist_vwap_d,2026-08-21,0.0,605df903
dist_cur_vwap_vp = dist_vwap_d,2026-08-23,0.0,605df903
dist_cur_vwap_vp = dist_vwap_d,2026-08-24,0.0,605df903
dist_cur_vwap_vp = dist_vwap_d,2026-08-25,0.0,605df903
dist_cur_vwap_vp = dist_vwap_d,2026-08-26,0.0,605df903
dist_cur_vwap_vp = dist_vwap_d,2026-08-27,0.0,605df903
dist_cur_vwap_vp = dist_vwap_d,2026-08-28,0.0,605df903
dist_cur_vwap_vp = dist_vwap_d,2026-08-30,0.0,605df903
dist_cur_vwap_vp = dist_vwap_d,2026-08-31,0.0,605df903
dist_cur_vwap_vp = dist_vwap_d,2026-09-01,0.0,605df903
dist_cur_vwap_vp = dist_vwap_d,2026-09-02,0.0,605df903
dist_cur_vwap_vp = dist_vwap_d,2026-09-03,0.0,605df903
prev_vah_lvl >= prev_vpoc_lvl,2026-06-11,0.0,c43dc080
prev_vah_lvl >= prev_vpoc_lvl,2026-06-14,0.0,114b1ca4
prev_vah_lvl >= prev_vpoc_lvl,2026-06-15,0.0,114b1ca4
prev_vah_lvl >= prev_vpoc_lvl,2026-06-16,0.0,e7199bc7
prev_vah_lvl >= prev_vpoc_lvl,2026-06-17,0.0,e7199bc7
prev_vah_lvl >= prev_vpoc_lvl,2026-06-18,0.0,e7199bc7
prev_vah_lvl >= prev_vpoc_lvl,2026-06-21,0.0,9238adc1
prev_vah_lvl >= prev_vpoc_lvl,2026-06-22,0.0,9238adc1
prev_vah_lvl >= prev_vpoc_lvl,2026-06-23,0.0,9238adc1
prev_vah_lvl >= prev_vpoc_lvl,2026-06-26,0.0,9238adc1
prev_vah_lvl >= prev_vpoc_lvl,2026-06-28,0.0,944f7204
prev_vah_lvl >= prev_vpoc_lvl,2026-06-29,0.0,944f7204
prev_vah_lvl >= prev_vpoc_lvl,2026-07-01,0.0,944f7204
prev_vah_lvl >= prev_vpoc_lvl,2026-07-02,0.0,944f7204
prev_vah_lvl >= prev_vpoc_lvl,2026-07-05,0.0,13efb186
prev_vah_lvl >= prev_vpoc_lvl,2026-07-06,0.0,13efb186
prev_vah_lvl >= prev_vpoc_lvl,2026-07-07,0.0,13efb186
prev_vah_lvl >= prev_vpoc_lvl,2026-07-08,0.0,13efb186
prev_vah_lvl >= prev_vpoc_lvl,2026-07-09,0.0,13efb186
prev_vah_lvl >= prev_vpoc_lvl,2026-07-10,0.0,13efb186
prev_vah_lvl >= prev_vpoc_lvl,2026-07-12,0.0,13efb186
prev_vah_lvl >= prev_vpoc_lvl,2026-07-13,0.0,13efb186
prev_vah_lvl >= prev_vpoc_lvl,2026-07-14,0.0,13efb186
prev_vah_lvl >= prev_vpoc_lvl,2026-07-15,0.0,13efb186
prev_vah_lvl >= prev_vpoc_lvl,2026-07-16,0.0,13efb186
prev_vah_lvl >= prev_vpoc_lvl,2026-07-17,0.0,f6003b62
prev_vah_lvl >= prev_vpoc_lvl,2026-07-19,0.0,f6003b62
prev_vah_lvl >= prev_vpoc_lvl,2026-07-20,0.0,f6003b62
prev_vah_lvl >= prev_vpoc_lvl,2026-07-21,0.0,f6003b62
prev_vah_lvl >= prev_vpoc_lvl,2026-07-22,0.0,ed53e566
prev_vah_lvl >= prev_vpoc_lvl,2026-07-23,0.0,ed53e566
prev_vah_lvl >= prev_vpoc_lvl,2026-07-24,0.0,ed53e566
prev_vah_lvl >= prev_vpoc_lvl,2026-07-26,0.0,4981d53a
prev_vah_lvl >= prev_vpoc_lvl,2026-07-27,0.0,4981d53a
prev_vah_lvl >= prev_vpoc_lvl,2026-07-28,0.0,4981d53a
prev_vah_lvl >= prev_vpoc_lvl,2026-07-29,0.0,4981d53a
prev_vah_lvl >= prev_vpoc_lvl,2026-07-30,0.0,4981d53a
prev_vah_lvl >= prev_vpoc_lvl,2026-07-31,0.0,4981d53a
prev_vah_lvl >= prev_vpoc_lvl,2026-08-04,0.0,1d20af93
prev_vah_lvl >= prev_vpoc_lvl,2026-08-06,0.0,feec66f6
prev_vah_lvl >= prev_vpoc_lvl,2026-08-07,0.0,287627ed
prev_vah_lvl >= prev_vpoc_lvl,2026-08-09,0.0,43f2daf5
prev_vah_lvl >= prev_vpoc_lvl,2026-08-11,0.0,78177655
prev_vah_lvl >= prev_vpoc_lvl,2026-08-12,0.0,78177655
prev_vah_lvl >= prev_vpoc_lvl,2026-08-13,0.0,78177655
prev_vah_lvl >= prev_vpoc_lvl,2026-08-14,0.0,78177655
prev_vah_lvl >= prev_vpoc_lvl,2026-08-16,0.0,605df903
prev_vah_lvl >= prev_vpoc_lvl,2026-08-17,0.0,605df903
prev_vah_lvl >= prev_vpoc_lvl,2026-08-18,0.0,605df903
prev_vah_lvl >= prev_vpoc_lvl,2026-08-19,0.0,605df903
prev_vah_lvl >= prev_vpoc_lvl,2026-08-20,0.0,605df903
prev_vah_lvl >= prev_vpoc_lvl,2026-08-21,0.0,605df903
prev_vah_lvl >= prev_vpoc_lvl,2026-08-23,0.0,605df903
prev_vah_lvl >= prev_vpoc_lvl,2026-08-24,0.0,605df903
prev_vah_lvl >= prev_vpoc_lvl,2026-08-25,0.0,605df903
prev_vah_lvl >= prev_vpoc_lvl,2026-08-26,0.0,605df903
prev_vah_lvl >= prev_vpoc_lvl,2026-08-27,0.0,605df903
prev_vah_lvl >= prev_vpoc_lvl,2026-08-28,0.0,605df903
prev_vah_lvl >= prev_vpoc_lvl,2026-08-30,0.0,605df903
prev_vah_lvl >= prev_vpoc_lvl,2026-08-31,0.0,605df903
prev_vah_lvl >= prev_vpoc_lvl,2026-09-01,0.0,605df903
prev_vah_lvl >= prev_vpoc_lvl,2026-09-02,0.0,605df903
prev_vah_lvl >= prev_vpoc_lvl,2026-09-03,0.0,605df903
prev_vpoc_lvl >= prev_val_lvl,2026-06-11,0.0,c43dc080
prev_vpoc_lvl >= prev_val_lvl,2026-06-14,0.0,114b1ca4
prev_vpoc_lvl >= prev_val_lvl,2026-06-15,0.0,114b1ca4
prev_vpoc_lvl >= prev_val_lvl,2026-06-16,0.0,e7199bc7
prev_vpoc_lvl >= prev_val_lvl,2026-06-17,0.0,e7199bc7
prev_vpoc_lvl >= prev_val_lvl,2026-06-18,0.0,e7199bc7
prev_vpoc_lvl >= prev_val_lvl,2026-06-21,0.0,9238adc1
prev_vpoc_lvl >= prev_val_lvl,2026-06-22,0.0,9238adc1
prev_vpoc_lvl >= prev_val_lvl,2026-06-23,0.0,9238adc1
prev_vpoc_lvl >= prev_val_lvl,2026-06-26,0.0,9238adc1
prev_vpoc_lvl >= prev_val_lvl,2026-06-28,0.0,944f7204
prev_vpoc_lvl >= prev_val_lvl,2026-06-29,0.0,944f7204
prev_vpoc_lvl >= prev_val_lvl,2026-07-01,0.0,944f7204
prev_vpoc_lvl >= prev_val_lvl,2026-07-02,0.0,944f7204
prev_vpoc_lvl >= prev_val_lvl,2026-07-05,0.0,13efb186
prev_vpoc_lvl >= prev_val_lvl,2026-07-06,0.0,13efb186
prev_vpoc_lvl >= prev_val_lvl,2026-07-07,0.0,13efb186
prev_vpoc_lvl >= prev_val_lvl,2026-07-08,0.0,13efb186
prev_vpoc_lvl >= prev_val_lvl,2026-07-09,0.0,13efb186
prev_vpoc_lvl >= prev_val_lvl,2026-07-10,0.0,13efb186
prev_vpoc_lvl >= prev_val_lvl,2026-07-12,0.0,13efb186
prev_vpoc_lvl >= prev_val_lvl,2026-07-13,0.0,13efb186
prev_vpoc_lvl >= prev_val_lvl,2026-07-14,0.0,13efb186
prev_vpoc_lvl >= prev_val_lvl,2026-07-15,0.0,13efb186
prev_vpoc_lvl >= prev_val_lvl,2026-07-16,0.0,13efb186
prev_vpoc_lvl >= prev_val_lvl,2026-07-17,0.0,f6003b62
prev_vpoc_lvl >= prev_val_lvl,2026-07-19,0.0,f6003b62
prev_vpoc_lvl >= prev_val_lvl,2026-07-20,0.0,f6003b62
prev_vpoc_lvl >= prev_val_lvl,2026-07-21,0.0,f6003b62
prev_vpoc_lvl >= prev_val_lvl,2026-07-22,0.0,ed53e566
prev_vpoc_lvl >= prev_val_lvl,2026-07-23,0.0,ed53e566
prev_vpoc_lvl >= prev_val_lvl,2026-07-24,0.0,ed53e566
prev_vpoc_lvl >= prev_val_lvl,2026-07-26,0.0,4981d53a
prev_vpoc_lvl >= prev_val_lvl,2026-07-27,0.0,4981d53a
prev_vpoc_lvl >= prev_val_lvl,2026-07-28,0.0,4981d53a
prev_vpoc_lvl >= prev_val_lvl,2026-07-29,0.0,4981d53a
prev_vpoc_lvl >= prev_val_lvl,2026-07-30,0.0,4981d53a
prev_vpoc_lvl >= prev_val_lvl,2026-07-31,0.0,4981d53a
prev_vpoc_lvl >= prev_val_lvl,2026-08-04,0.0,1d20af93
prev_vpoc_lvl >= prev_val_lvl,2026-08-06,0.0,feec66f6
prev_vpoc_lvl >= prev_val_lvl,2026-08-07,0.0,287627ed
prev_vpoc_lvl >= prev_val_lvl,2026-08-09,0.0,43f2daf5
prev_vpoc_lvl >= prev_val_lvl,2026-08-11,0.0,78177655
prev_vpoc_lvl >= prev_val_lvl,2026-08-12,0.0,78177655
prev_vpoc_lvl >= prev_val_lvl,2026-08-13,0.0,78177655
prev_vpoc_lvl >= prev_val_lvl,2026-08-14,0.0,78177655
prev_vpoc_lvl >= prev_val_lvl,2026-08-16,0.0,605df903
prev_vpoc_lvl >= prev_val_lvl,2026-08-17,0.0,605df903
prev_vpoc_lvl >= prev_val_lvl,2026-08-18,0.0,605df903
prev_vpoc_lvl >= prev_val_lvl,2026-08-19,0.0,605df903
prev_vpoc_lvl >= prev_val_lvl,2026-08-20,0.0,605df903
prev_vpoc_lvl >= prev_val_lvl,2026-08-21,0.0,605df903
prev_vpoc_lvl >= prev_val_lvl,2026-08-23,0.0,605df903
prev_vpoc_lvl >= prev_val_lvl,2026-08-24,0.0,605df903
prev_vpoc_lvl >= prev_val_lvl,2026-08-25,0.0,605df903
prev_vpoc_lvl >= prev_val_lvl,2026-08-26,0.0,605df903
prev_vpoc_lvl >= prev_val_lvl,2026-08-27,0.0,605df903
prev_vpoc_lvl >= prev_val_lvl,2026-08-28,0.0,605df903
prev_vpoc_lvl >= prev_val_lvl,2026-08-30,0.0,605df903
prev_vpoc_lvl >= prev_val_lvl,2026-08-31,0.0,605df903
prev_vpoc_lvl >= prev_val_lvl,2026-09-01,0.0,605df903
prev_vpoc_lvl >= prev_val_lvl,2026-09-02,0.0,605df903
prev_vpoc_lvl >= prev_val_lvl,2026-09-03,0.0,605df903
cur_vah >= cur_vpoc >= cur_val,2026-06-11,0.0,c43dc080
cur_vah >= cur_vpoc >= cur_val,2026-06-14,0.0,114b1ca4
cur_vah >= cur_vpoc >= cur_val,2026-06-15,0.0,114b1ca4
cur_vah >= cur_vpoc >= cur_val,2026-06-16,0.0,e7199bc7
cur_vah >= cur_vpoc >= cur_val,2026-06-17,0.0,e7199bc7
cur_vah >= cur_vpoc >= cur_val,2026-06-18,0.0,e7199bc7
cur_vah >= cur_vpoc >= cur_val,2026-06-21,0.0,9238adc1
cur_vah >= cur_vpoc >= cur_val,2026-06-22,0.0,9238adc1
cur_vah >= cur_vpoc >= cur_val,2026-06-23,0.0,9238adc1
cur_vah >= cur_vpoc >= cur_val,2026-06-26,0.0,9238adc1
cur_vah >= cur_vpoc >= cur_val,2026-06-28,0.0,944f7204
cur_vah >= cur_vpoc >= cur_val,2026-06-29,0.0,944f7204
cur_vah >= cur_vpoc >= cur_val,2026-07-01,0.0,944f7204
cur_vah >= cur_vpoc >= cur_val,2026-07-02,0.0,944f7204
cur_vah >= cur_vpoc >= cur_val,2026-07-05,0.0,13efb186
cur_vah >= cur_vpoc >= cur_val,2026-07-06,0.0,13efb186
cur_vah >= cur_vpoc >= cur_val,2026-07-07,0.0,13efb186
cur_vah >= cur_vpoc >= cur_val,2026-07-08,0.0,13efb186
cur_vah >= cur_vpoc >= cur_val,2026-07-09,0.0,13efb186
cur_vah >= cur_vpoc >= cur_val,2026-07-10,0.0,13efb186
cur_vah >= cur_vpoc >= cur_val,2026-07-12,0.0,13efb186
cur_vah >= cur_vpoc >= cur_val,2026-07-13,0.0,13efb186
cur_vah >= cur_vpoc >= cur_val,2026-07-14,0.0,13efb186
cur_vah >= cur_vpoc >= cur_val,2026-07-15,0.0,13efb186
cur_vah >= cur_vpoc >= cur_val,2026-07-16,0.0,13efb186
cur_vah >= cur_vpoc >= cur_val,2026-07-17,0.0,f6003b62
cur_vah >= cur_vpoc >= cur_val,2026-07-19,0.0,f6003b62
cur_vah >= cur_vpoc >= cur_val,2026-07-20,0.0,f6003b62
cur_vah >= cur_vpoc >= cur_val,2026-07-21,0.0,f6003b62
cur_vah >= cur_vpoc >= cur_val,2026-07-22,0.0,ed53e566
cur_vah >= cur_vpoc >= cur_val,2026-07-23,0.0,ed53e566
cur_vah >= cur_vpoc >= cur_val,2026-07-24,0.0,ed53e566
cur_vah >= cur_vpoc >= cur_val,2026-07-26,0.0,4981d53a
cur_vah >= cur_vpoc >= cur_val,2026-07-27,0.0,4981d53a
cur_vah >= cur_vpoc >= cur_val,2026-07-28,0.0,4981d53a
cur_vah >= cur_vpoc >= cur_val,2026-07-29,0.0,4981d53a
cur_vah >= cur_vpoc >= cur_val,2026-07-30,0.0,4981d53a
cur_vah >= cur_vpoc >= cur_val,2026-07-31,0.0,4981d53a
cur_vah >= cur_vpoc >= cur_val,2026-08-04,0.0,1d20af93
cur_vah >= cur_vpoc >= cur_val,2026-08-06,0.0,feec66f6
cur_vah >= cur_vpoc >= cur_val,2026-08-07,0.0,287627ed
cur_vah >= cur_vpoc >= cur_val,2026-08-09,0.0,43f2daf5
cur_vah >= cur_vpoc >= cur_val,2026-08-11,0.0,78177655
cur_vah >= cur_vpoc >= cur_val,2026-08-12,0.0,78177655
cur_vah >= cur_vpoc >= cur_val,2026-08-13,0.0,78177655
cur_vah >= cur_vpoc >= cur_val,2026-08-14,0.0,78177655
cur_vah >= cur_vpoc >= cur_val,2026-08-16,0.0,605df903
cur_vah >= cur_vpoc >= cur_val,2026-08-17,0.0,605df903
cur_vah >= cur_vpoc >= cur_val,2026-08-18,0.0,605df903
cur_vah >= cur_vpoc >= cur_val,2026-08-19,0.0,605df903
cur_vah >= cur_vpoc >= cur_val,2026-08-20,0.0,605df903
cur_vah >= cur_vpoc >= cur_val,2026-08-21,0.0,605df903
cur_vah >= cur_vpoc >= cur_val,2026-08-23,0.0,605df903
cur_vah >= cur_vpoc >= cur_val,2026-08-24,0.0,605df903
cur_vah >= cur_vpoc >= cur_val,2026-08-25,0.0,605df903
cur_vah >= cur_vpoc >= cur_val,2026-08-26,0.0,605df903
cur_vah >= cur_vpoc >= cur_val,2026-08-27,0.0,605df903
cur_vah >= cur_vpoc >= cur_val,2026-08-28,0.0,605df903
cur_vah >= cur_vpoc >= cur_val,2026-08-30,0.0,605df903
cur_vah >= cur_vpoc >= cur_val,2026-08-31,0.0,605df903
cur_vah >= cur_vpoc >= cur_val,2026-09-01,0.0,605df903
cur_vah >= cur_vpoc >= cur_val,2026-09-02,0.0,605df903
cur_vah >= cur_vpoc >= cur_val,2026-09-03,0.0,605df903
vwap_d_sd1u-vwap_d = vwap_d-vwap_d_sd1d (bandes symetriques),2026-06-11,0.0,c43dc080
vwap_d_sd1u-vwap_d = vwap_d-vwap_d_sd1d (bandes symetriques),2026-06-14,0.0,114b1ca4
vwap_d_sd1u-vwap_d = vwap_d-vwap_d_sd1d (bandes symetriques),2026-06-15,0.0,114b1ca4
vwap_d_sd1u-vwap_d = vwap_d-vwap_d_sd1d (bandes symetriques),2026-06-16,0.0,e7199bc7
vwap_d_sd1u-vwap_d = vwap_d-vwap_d_sd1d (bandes symetriques),2026-06-17,0.0,e7199bc7
vwap_d_sd1u-vwap_d = vwap_d-vwap_d_sd1d (bandes symetriques),2026-06-18,0.0,e7199bc7
vwap_d_sd1u-vwap_d = vwap_d-vwap_d_sd1d (bandes symetriques),2026-06-21,0.0,9238adc1
vwap_d_sd1u-vwap_d = vwap_d-vwap_d_sd1d (bandes symetriques),2026-06-22,0.0,9238adc1
vwap_d_sd1u-vwap_d = vwap_d-vwap_d_sd1d (bandes symetriques),2026-06-23,0.0,9238adc1
vwap_d_sd1u-vwap_d = vwap_d-vwap_d_sd1d (bandes symetriques),2026-06-26,0.0,9238adc1
vwap_d_sd1u-vwap_d = vwap_d-vwap_d_sd1d (bandes symetriques),2026-06-28,0.0,944f7204
vwap_d_sd1u-vwap_d = vwap_d-vwap_d_sd1d (bandes symetriques),2026-06-29,0.0,944f7204
vwap_d_sd1u-vwap_d = vwap_d-vwap_d_sd1d (bandes symetriques),2026-07-01,0.0,944f7204
vwap_d_sd1u-vwap_d = vwap_d-vwap_d_sd1d (bandes symetriques),2026-07-02,0.0,944f7204
vwap_d_sd1u-vwap_d = vwap_d-vwap_d_sd1d (bandes symetriques),2026-07-05,0.0,13efb186
vwap_d_sd1u-vwap_d = vwap_d-vwap_d_sd1d (bandes symetriques),2026-07-06,0.0,13efb186
vwap_d_sd1u-vwap_d = vwap_d-vwap_d_sd1d (bandes symetriques),2026-07-07,0.0,13efb186
vwap_d_sd1u-vwap_d = vwap_d-vwap_d_sd1d (bandes symetriques),2026-07-08,0.0,13efb186
vwap_d_sd1u-vwap_d = vwap_d-vwap_d_sd1d (bandes symetriques),2026-07-09,0.0,13efb186
vwap_d_sd1u-vwap_d = vwap_d-vwap_d_sd1d (bandes symetriques),2026-07-10,0.0,13efb186
vwap_d_sd1u-vwap_d = vwap_d-vwap_d_sd1d (bandes symetriques),2026-07-12,0.0,13efb186
vwap_d_sd1u-vwap_d = vwap_d-vwap_d_sd1d (bandes symetriques),2026-07-13,0.0,13efb186
vwap_d_sd1u-vwap_d = vwap_d-vwap_d_sd1d (bandes symetriques),2026-07-14,0.0,13efb186
vwap_d_sd1u-vwap_d = vwap_d-vwap_d_sd1d (bandes symetriques),2026-07-15,0.0,13efb186
vwap_d_sd1u-vwap_d = vwap_d-vwap_d_sd1d (bandes symetriques),2026-07-16,0.0,13efb186
vwap_d_sd1u-vwap_d = vwap_d-vwap_d_sd1d (bandes symetriques),2026-07-17,0.0,f6003b62
vwap_d_sd1u-vwap_d = vwap_d-vwap_d_sd1d (bandes symetriques),2026-07-19,0.0,f6003b62
vwap_d_sd1u-vwap_d = vwap_d-vwap_d_sd1d (bandes symetriques),2026-07-20,0.0,f6003b62
vwap_d_sd1u-vwap_d = vwap_d-vwap_d_sd1d (bandes symetriques),2026-07-21,0.0,f6003b62
vwap_d_sd1u-vwap_d = vwap_d-vwap_d_sd1d (bandes symetriques),2026-07-22,0.0,ed53e566
vwap_d_sd1u-vwap_d = vwap_d-vwap_d_sd1d (bandes symetriques),2026-07-23,0.0,ed53e566
vwap_d_sd1u-vwap_d = vwap_d-vwap_d_sd1d (bandes symetriques),2026-07-24,0.0,ed53e566
vwap_d_sd1u-vwap_d = vwap_d-vwap_d_sd1d (bandes symetriques),2026-07-26,0.0,4981d53a
vwap_d_sd1u-vwap_d = vwap_d-vwap_d_sd1d (bandes symetriques),2026-07-27,0.0,4981d53a
vwap_d_sd1u-vwap_d = vwap_d-vwap_d_sd1d (bandes symetriques),2026-07-28,0.0,4981d53a
vwap_d_sd1u-vwap_d = vwap_d-vwap_d_sd1d (bandes symetriques),2026-07-29,0.0,4981d53a
vwap_d_sd1u-vwap_d = vwap_d-vwap_d_sd1d (bandes symetriques),2026-07-30,0.0,4981d53a
vwap_d_sd1u-vwap_d = vwap_d-vwap_d_sd1d (bandes symetriques),2026-07-31,0.0,4981d53a
vwap_d_sd1u-vwap_d = vwap_d-vwap_d_sd1d (bandes symetriques),2026-08-04,0.0,1d20af93
vwap_d_sd1u-vwap_d = vwap_d-vwap_d_sd1d (bandes symetriques),2026-08-06,0.0,feec66f6
vwap_d_sd1u-vwap_d = vwap_d-vwap_d_sd1d (bandes symetriques),2026-08-07,0.0,287627ed
vwap_d_sd1u-vwap_d = vwap_d-vwap_d_sd1d (bandes symetriques),2026-08-09,0.0,43f2daf5
vwap_d_sd1u-vwap_d = vwap_d-vwap_d_sd1d (bandes symetriques),2026-08-11,0.0,78177655
vwap_d_sd1u-vwap_d = vwap_d-vwap_d_sd1d (bandes symetriques),2026-08-12,0.0,78177655
vwap_d_sd1u-vwap_d = vwap_d-vwap_d_sd1d (bandes symetriques),2026-08-13,0.0,78177655
vwap_d_sd1u-vwap_d = vwap_d-vwap_d_sd1d (bandes symetriques),2026-08-14,0.0,78177655
vwap_d_sd1u-vwap_d = vwap_d-vwap_d_sd1d (bandes symetriques),2026-08-16,0.0,605df903
vwap_d_sd1u-vwap_d = vwap_d-vwap_d_sd1d (bandes symetriques),2026-08-17,0.0,605df903
vwap_d_sd1u-vwap_d = vwap_d-vwap_d_sd1d (bandes symetriques),2026-08-18,0.0,605df903
vwap_d_sd1u-vwap_d = vwap_d-vwap_d_sd1d (bandes symetriques),2026-08-19,0.0,605df903
vwap_d_sd1u-vwap_d = vwap_d-vwap_d_sd1d (bandes symetriques),2026-08-20,0.0,605df903
vwap_d_sd1u-vwap_d = vwap_d-vwap_d_sd1d (bandes symetriques),2026-08-21,0.0,605df903
vwap_d_sd1u-vwap_d = vwap_d-vwap_d_sd1d (bandes symetriques),2026-08-23,0.0,605df903
vwap_d_sd1u-vwap_d = vwap_d-vwap_d_sd1d (bandes symetriques),2026-08-24,0.0,605df903
vwap_d_sd1u-vwap_d = vwap_d-vwap_d_sd1d (bandes symetriques),2026-08-25,0.0,605df903
vwap_d_sd1u-vwap_d = vwap_d-vwap_d_sd1d (bandes symetriques),2026-08-26,0.0,605df903
vwap_d_sd1u-vwap_d = vwap_d-vwap_d_sd1d (bandes symetriques),2026-08-27,0.0,605df903
vwap_d_sd1u-vwap_d = vwap_d-vwap_d_sd1d (bandes symetriques),2026-08-28,0.0,605df903
vwap_d_sd1u-vwap_d = vwap_d-vwap_d_sd1d (bandes symetriques),2026-08-30,0.0,605df903
vwap_d_sd1u-vwap_d = vwap_d-vwap_d_sd1d (bandes symetriques),2026-08-31,0.0,605df903
vwap_d_sd1u-vwap_d = vwap_d-vwap_d_sd1d (bandes symetriques),2026-09-01,0.0,605df903
vwap_d_sd1u-vwap_d = vwap_d-vwap_d_sd1d (bandes symetriques),2026-09-02,0.0,605df903
vwap_d_sd1u-vwap_d = vwap_d-vwap_d_sd1d (bandes symetriques),2026-09-03,0.0,605df903
vwap_d_sd2u-vwap_d = 2*(sd1u-vwap_d),2026-06-11,0.0,c43dc080
vwap_d_sd2u-vwap_d = 2*(sd1u-vwap_d),2026-06-14,0.0,114b1ca4
vwap_d_sd2u-vwap_d = 2*(sd1u-vwap_d),2026-06-15,0.0,114b1ca4
vwap_d_sd2u-vwap_d = 2*(sd1u-vwap_d),2026-06-16,0.0,e7199bc7
vwap_d_sd2u-vwap_d = 2*(sd1u-vwap_d),2026-06-17,0.0,e7199bc7
vwap_d_sd2u-vwap_d = 2*(sd1u-vwap_d),2026-06-18,0.0,e7199bc7
vwap_d_sd2u-vwap_d = 2*(sd1u-vwap_d),2026-06-21,0.0,9238adc1
vwap_d_sd2u-vwap_d = 2*(sd1u-vwap_d),2026-06-22,0.0,9238adc1
vwap_d_sd2u-vwap_d = 2*(sd1u-vwap_d),2026-06-23,0.0,9238adc1
vwap_d_sd2u-vwap_d = 2*(sd1u-vwap_d),2026-06-26,0.0,9238adc1
vwap_d_sd2u-vwap_d = 2*(sd1u-vwap_d),2026-06-28,0.0,944f7204
vwap_d_sd2u-vwap_d = 2*(sd1u-vwap_d),2026-06-29,0.0,944f7204
vwap_d_sd2u-vwap_d = 2*(sd1u-vwap_d),2026-07-01,0.0,944f7204
vwap_d_sd2u-vwap_d = 2*(sd1u-vwap_d),2026-07-02,0.0,944f7204
vwap_d_sd2u-vwap_d = 2*(sd1u-vwap_d),2026-07-05,0.0,13efb186
vwap_d_sd2u-vwap_d = 2*(sd1u-vwap_d),2026-07-06,0.0,13efb186
vwap_d_sd2u-vwap_d = 2*(sd1u-vwap_d),2026-07-07,0.0,13efb186
vwap_d_sd2u-vwap_d = 2*(sd1u-vwap_d),2026-07-08,0.0,13efb186
vwap_d_sd2u-vwap_d = 2*(sd1u-vwap_d),2026-07-09,0.0,13efb186
vwap_d_sd2u-vwap_d = 2*(sd1u-vwap_d),2026-07-10,0.0,13efb186
vwap_d_sd2u-vwap_d = 2*(sd1u-vwap_d),2026-07-12,0.0,13efb186
vwap_d_sd2u-vwap_d = 2*(sd1u-vwap_d),2026-07-13,0.0,13efb186
vwap_d_sd2u-vwap_d = 2*(sd1u-vwap_d),2026-07-14,0.0,13efb186
vwap_d_sd2u-vwap_d = 2*(sd1u-vwap_d),2026-07-15,0.0,13efb186
vwap_d_sd2u-vwap_d = 2*(sd1u-vwap_d),2026-07-16,0.0,13efb186
vwap_d_sd2u-vwap_d = 2*(sd1u-vwap_d),2026-07-17,0.0,f6003b62
vwap_d_sd2u-vwap_d = 2*(sd1u-vwap_d),2026-07-19,0.0,f6003b62
vwap_d_sd2u-vwap_d = 2*(sd1u-vwap_d),2026-07-20,0.0,f6003b62
vwap_d_sd2u-vwap_d = 2*(sd1u-vwap_d),2026-07-21,0.0,f6003b62
vwap_d_sd2u-vwap_d = 2*(sd1u-vwap_d),2026-07-22,0.0,ed53e566
vwap_d_sd2u-vwap_d = 2*(sd1u-vwap_d),2026-07-23,0.0,ed53e566
vwap_d_sd2u-vwap_d = 2*(sd1u-vwap_d),2026-07-24,0.0,ed53e566
vwap_d_sd2u-vwap_d = 2*(sd1u-vwap_d),2026-07-26,0.0,4981d53a
vwap_d_sd2u-vwap_d = 2*(sd1u-vwap_d),2026-07-27,0.0,4981d53a
vwap_d_sd2u-vwap_d = 2*(sd1u-vwap_d),2026-07-28,0.0,4981d53a
vwap_d_sd2u-vwap_d = 2*(sd1u-vwap_d),2026-07-29,0.0,4981d53a
vwap_d_sd2u-vwap_d = 2*(sd1u-vwap_d),2026-07-30,0.0,4981d53a
vwap_d_sd2u-vwap_d = 2*(sd1u-vwap_d),2026-07-31,0.0,4981d53a
vwap_d_sd2u-vwap_d = 2*(sd1u-vwap_d),2026-08-04,0.0,1d20af93
vwap_d_sd2u-vwap_d = 2*(sd1u-vwap_d),2026-08-06,0.0,feec66f6
vwap_d_sd2u-vwap_d = 2*(sd1u-vwap_d),2026-08-07,0.0,287627ed
vwap_d_sd2u-vwap_d = 2*(sd1u-vwap_d),2026-08-09,0.0,43f2daf5
vwap_d_sd2u-vwap_d = 2*(sd1u-vwap_d),2026-08-11,0.0,78177655
vwap_d_sd2u-vwap_d = 2*(sd1u-vwap_d),2026-08-12,0.0,78177655
vwap_d_sd2u-vwap_d = 2*(sd1u-vwap_d),2026-08-13,0.0,78177655
vwap_d_sd2u-vwap_d = 2*(sd1u-vwap_d),2026-08-14,0.0,78177655
vwap_d_sd2u-vwap_d = 2*(sd1u-vwap_d),2026-08-16,0.0,605df903
vwap_d_sd2u-vwap_d = 2*(sd1u-vwap_d),2026-08-17,0.0,605df903
vwap_d_sd2u-vwap_d = 2*(sd1u-vwap_d),2026-08-18,0.0,605df903
vwap_d_sd2u-vwap_d = 2*(sd1u-vwap_d),2026-08-19,0.0,605df903
vwap_d_sd2u-vwap_d = 2*(sd1u-vwap_d),2026-08-20,0.0,605df903
vwap_d_sd2u-vwap_d = 2*(sd1u-vwap_d),2026-08-21,0.0,605df903
vwap_d_sd2u-vwap_d = 2*(sd1u-vwap_d),2026-08-23,0.0,605df903
vwap_d_sd2u-vwap_d = 2*(sd1u-vwap_d),2026-08-24,0.0,605df903
vwap_d_sd2u-vwap_d = 2*(sd1u-vwap_d),2026-08-25,0.0,605df903
vwap_d_sd2u-vwap_d = 2*(sd1u-vwap_d),2026-08-26,0.0,605df903
vwap_d_sd2u-vwap_d = 2*(sd1u-vwap_d),2026-08-27,0.0,605df903
vwap_d_sd2u-vwap_d = 2*(sd1u-vwap_d),2026-08-28,0.0,605df903
vwap_d_sd2u-vwap_d = 2*(sd1u-vwap_d),2026-08-30,0.0,605df903
vwap_d_sd2u-vwap_d = 2*(sd1u-vwap_d),2026-08-31,0.0,605df903
vwap_d_sd2u-vwap_d = 2*(sd1u-vwap_d),2026-09-01,0.0,605df903
vwap_d_sd2u-vwap_d = 2*(sd1u-vwap_d),2026-09-02,0.0,605df903
vwap_d_sd2u-vwap_d = 2*(sd1u-vwap_d),2026-09-03,0.0,605df903
sess_high >= high (monotone),2026-06-11,0.0,c43dc080
sess_high >= high (monotone),2026-06-14,0.0,114b1ca4
sess_high >= high (monotone),2026-06-15,0.0,114b1ca4
sess_high >= high (monotone),2026-06-16,0.0,e7199bc7
sess_high >= high (monotone),2026-06-17,0.0,e7199bc7
sess_high >= high (monotone),2026-06-18,0.0,e7199bc7
sess_high >= high (monotone),2026-06-21,0.0,9238adc1
sess_high >= high (monotone),2026-06-22,0.0,9238adc1
sess_high >= high (monotone),2026-06-23,0.0,9238adc1
sess_high >= high (monotone),2026-06-26,0.0,9238adc1
sess_high >= high (monotone),2026-06-28,0.0,944f7204
sess_high >= high (monotone),2026-06-29,0.0,944f7204
sess_high >= high (monotone),2026-07-01,0.0,944f7204
sess_high >= high (monotone),2026-07-02,0.0,944f7204
sess_high >= high (monotone),2026-07-05,0.0,13efb186
sess_high >= high (monotone),2026-07-06,0.0,13efb186
sess_high >= high (monotone),2026-07-07,0.0,13efb186
sess_high >= high (monotone),2026-07-08,0.0,13efb186
sess_high >= high (monotone),2026-07-09,0.0,13efb186
sess_high >= high (monotone),2026-07-10,0.0,13efb186
sess_high >= high (monotone),2026-07-12,0.0,13efb186
sess_high >= high (monotone),2026-07-13,0.0,13efb186
sess_high >= high (monotone),2026-07-14,0.0,13efb186
sess_high >= high (monotone),2026-07-15,0.0,13efb186
sess_high >= high (monotone),2026-07-16,0.0,13efb186
sess_high >= high (monotone),2026-07-17,0.0,f6003b62
sess_high >= high (monotone),2026-07-19,0.0,f6003b62
sess_high >= high (monotone),2026-07-20,0.0,f6003b62
sess_high >= high (monotone),2026-07-21,0.0,f6003b62
sess_high >= high (monotone),2026-07-22,0.0,ed53e566
sess_high >= high (monotone),2026-07-23,0.0,ed53e566
sess_high >= high (monotone),2026-07-24,0.0,ed53e566
sess_high >= high (monotone),2026-07-26,0.0,4981d53a
sess_high >= high (monotone),2026-07-27,0.0,4981d53a
sess_high >= high (monotone),2026-07-28,0.0,4981d53a
sess_high >= high (monotone),2026-07-29,0.0,4981d53a
sess_high >= high (monotone),2026-07-30,0.0,4981d53a
sess_high >= high (monotone),2026-07-31,0.0,4981d53a
sess_high >= high (monotone),2026-08-04,0.0,1d20af93
sess_high >= high (monotone),2026-08-06,0.0,feec66f6
sess_high >= high (monotone),2026-08-07,0.0,287627ed
sess_high >= high (monotone),2026-08-09,0.0,43f2daf5
sess_high >= high (monotone),2026-08-11,0.0,78177655
sess_high >= high (monotone),2026-08-12,0.0,78177655
sess_high >= high (monotone),2026-08-13,0.0,78177655
sess_high >= high (monotone),2026-08-14,0.0,78177655
sess_high >= high (monotone),2026-08-16,0.0,605df903
sess_high >= high (monotone),2026-08-17,0.0,605df903
sess_high >= high (monotone),2026-08-18,0.0,605df903
sess_high >= high (monotone),2026-08-19,0.0,605df903
sess_high >= high (monotone),2026-08-20,0.0,605df903
sess_high >= high (monotone),2026-08-21,0.0,605df903
sess_high >= high (monotone),2026-08-23,0.0,605df903
sess_high >= high (monotone),2026-08-24,0.0,605df903
sess_high >= high (monotone),2026-08-25,0.0,605df903
sess_high >= high (monotone),2026-08-26,0.0,605df903
sess_high >= high (monotone),2026-08-27,0.0,605df903
sess_high >= high (monotone),2026-08-28,0.0,605df903
sess_high >= high (monotone),2026-08-30,0.0,605df903
sess_high >= high (monotone),2026-08-31,0.0,605df903
sess_high >= high (monotone),2026-09-01,0.0,605df903
sess_high >= high (monotone),2026-09-02,0.0,605df903
sess_high >= high (monotone),2026-09-03,0.0,605df903
sess_low <= low,2026-06-11,0.0,c43dc080
sess_low <= low,2026-06-14,0.0,114b1ca4
sess_low <= low,2026-06-15,0.0,114b1ca4
sess_low <= low,2026-06-16,0.0,e7199bc7
sess_low <= low,2026-06-17,0.0,e7199bc7
sess_low <= low,2026-06-18,0.0,e7199bc7
sess_low <= low,2026-06-21,0.0,9238adc1
sess_low <= low,2026-06-22,0.0,9238adc1
sess_low <= low,2026-06-23,0.0,9238adc1
sess_low <= low,2026-06-26,0.0,9238adc1
sess_low <= low,2026-06-28,0.0,944f7204
sess_low <= low,2026-06-29,0.0,944f7204
sess_low <= low,2026-07-01,0.0,944f7204
sess_low <= low,2026-07-02,0.0,944f7204
sess_low <= low,2026-07-05,0.0,13efb186
sess_low <= low,2026-07-06,0.0,13efb186
sess_low <= low,2026-07-07,0.0,13efb186
sess_low <= low,2026-07-08,0.0,13efb186
sess_low <= low,2026-07-09,0.0,13efb186
sess_low <= low,2026-07-10,0.0,13efb186
sess_low <= low,2026-07-12,0.0,13efb186
sess_low <= low,2026-07-13,0.0,13efb186
sess_low <= low,2026-07-14,0.0,13efb186
sess_low <= low,2026-07-15,0.0,13efb186
sess_low <= low,2026-07-16,0.0,13efb186
sess_low <= low,2026-07-17,0.0,f6003b62
sess_low <= low,2026-07-19,0.0,f6003b62
sess_low <= low,2026-07-20,0.0,f6003b62
sess_low <= low,2026-07-21,0.0,f6003b62
sess_low <= low,2026-07-22,0.0,ed53e566
sess_low <= low,2026-07-23,0.0,ed53e566
sess_low <= low,2026-07-24,0.0,ed53e566
sess_low <= low,2026-07-26,0.0,4981d53a
sess_low <= low,2026-07-27,0.0,4981d53a
sess_low <= low,2026-07-28,0.0,4981d53a
sess_low <= low,2026-07-29,0.0,4981d53a
sess_low <= low,2026-07-30,0.0,4981d53a
sess_low <= low,2026-07-31,0.0,4981d53a
sess_low <= low,2026-08-04,0.0,1d20af93
sess_low <= low,2026-08-06,0.0,feec66f6
sess_low <= low,2026-08-07,0.0,287627ed
sess_low <= low,2026-08-09,0.0,43f2daf5
sess_low <= low,2026-08-11,0.0,78177655
sess_low <= low,2026-08-12,0.0,78177655
sess_low <= low,2026-08-13,0.0,78177655
sess_low <= low,2026-08-14,0.0,78177655
sess_low <= low,2026-08-16,0.0,605df903
sess_low <= low,2026-08-17,0.0,605df903
sess_low <= low,2026-08-18,0.0,605df903
sess_low <= low,2026-08-19,0.0,605df903
sess_low <= low,2026-08-20,0.0,605df903
sess_low <= low,2026-08-21,0.0,605df903
sess_low <= low,2026-08-23,0.0,605df903
sess_low <= low,2026-08-24,0.0,605df903
sess_low <= low,2026-08-25,0.0,605df903
sess_low <= low,2026-08-26,0.0,605df903
sess_low <= low,2026-08-27,0.0,605df903
sess_low <= low,2026-08-28,0.0,605df903
sess_low <= low,2026-08-30,0.0,605df903
sess_low <= low,2026-08-31,0.0,605df903
sess_low <= low,2026-09-01,0.0,605df903
sess_low <= low,2026-09-02,0.0,605df903
sess_low <= low,2026-09-03,0.0,605df903
ib_range_ticks = (ib_high-ib_low)/tick,2026-06-11,0.0,c43dc080
ib_range_ticks = (ib_high-ib_low)/tick,2026-06-15,0.0,114b1ca4
ib_range_ticks = (ib_high-ib_low)/tick,2026-06-16,0.0,e7199bc7
ib_range_ticks = (ib_high-ib_low)/tick,2026-06-17,0.0,e7199bc7
ib_range_ticks = (ib_high-ib_low)/tick,2026-06-18,0.0,e7199bc7
ib_range_ticks = (ib_high-ib_low)/tick,2026-06-22,0.0,9238adc1
ib_range_ticks = (ib_high-ib_low)/tick,2026-06-23,0.0,9238adc1
ib_range_ticks = (ib_high-ib_low)/tick,2026-06-26,0.0,9238adc1
ib_range_ticks = (ib_high-ib_low)/tick,2026-06-29,0.0,944f7204
ib_range_ticks = (ib_high-ib_low)/tick,2026-07-01,0.0,944f7204
ib_range_ticks = (ib_high-ib_low)/tick,2026-07-02,0.0,944f7204
ib_range_ticks = (ib_high-ib_low)/tick,2026-07-06,0.0,13efb186
ib_range_ticks = (ib_high-ib_low)/tick,2026-07-07,0.0,13efb186
ib_range_ticks = (ib_high-ib_low)/tick,2026-07-08,0.0,13efb186
ib_range_ticks = (ib_high-ib_low)/tick,2026-07-09,0.0,13efb186
ib_range_ticks = (ib_high-ib_low)/tick,2026-07-10,0.0,13efb186
ib_range_ticks = (ib_high-ib_low)/tick,2026-07-13,0.0,13efb186
ib_range_ticks = (ib_high-ib_low)/tick,2026-07-14,0.0,13efb186
ib_range_ticks = (ib_high-ib_low)/tick,2026-07-15,0.0,13efb186
ib_range_ticks = (ib_high-ib_low)/tick,2026-07-16,0.0,13efb186
ib_range_ticks = (ib_high-ib_low)/tick,2026-07-17,0.0,f6003b62
ib_range_ticks = (ib_high-ib_low)/tick,2026-07-20,0.0,f6003b62
ib_range_ticks = (ib_high-ib_low)/tick,2026-07-21,0.0,f6003b62
ib_range_ticks = (ib_high-ib_low)/tick,2026-07-22,0.0,ed53e566
ib_range_ticks = (ib_high-ib_low)/tick,2026-07-23,0.0,ed53e566
ib_range_ticks = (ib_high-ib_low)/tick,2026-07-24,0.0,ed53e566
ib_range_ticks = (ib_high-ib_low)/tick,2026-07-27,0.0,4981d53a
ib_range_ticks = (ib_high-ib_low)/tick,2026-07-28,0.0,4981d53a
ib_range_ticks = (ib_high-ib_low)/tick,2026-07-29,0.0,4981d53a
ib_range_ticks = (ib_high-ib_low)/tick,2026-07-30,0.0,4981d53a
ib_range_ticks = (ib_high-ib_low)/tick,2026-07-31,0.0,4981d53a
ib_range_ticks = (ib_high-ib_low)/tick,2026-08-04,0.0,1d20af93
ib_range_ticks = (ib_high-ib_low)/tick,2026-08-06,0.0,feec66f6
ib_range_ticks = (ib_high-ib_low)/tick,2026-08-07,0.0,287627ed
ib_range_ticks = (ib_high-ib_low)/tick,2026-08-11,0.0,78177655
ib_range_ticks = (ib_high-ib_low)/tick,2026-08-12,0.0,78177655
ib_range_ticks = (ib_high-ib_low)/tick,2026-08-13,0.0,78177655
ib_range_ticks = (ib_high-ib_low)/tick,2026-08-14,0.0,78177655
ib_range_ticks = (ib_high-ib_low)/tick,2026-08-17,0.0,605df903
ib_range_ticks = (ib_high-ib_low)/tick,2026-08-18,0.0,605df903
ib_range_ticks = (ib_high-ib_low)/tick,2026-08-19,0.0,605df903
ib_range_ticks = (ib_high-ib_low)/tick,2026-08-20,0.0,605df903
ib_range_ticks = (ib_high-ib_low)/tick,2026-08-21,0.0,605df903
ib_range_ticks = (ib_high-ib_low)/tick,2026-08-24,0.0,605df903
ib_range_ticks = (ib_high-ib_low)/tick,2026-08-25,0.0,605df903
ib_range_ticks = (ib_high-ib_low)/tick,2026-08-26,0.0,605df903
ib_range_ticks = (ib_high-ib_low)/tick,2026-08-27,0.0,605df903
ib_range_ticks = (ib_high-ib_low)/tick,2026-08-28,0.0,605df903
ib_range_ticks = (ib_high-ib_low)/tick,2026-08-31,0.0,605df903
ib_range_ticks = (ib_high-ib_low)/tick,2026-09-01,0.0,605df903
ib_range_ticks = (ib_high-ib_low)/tick,2026-09-02,0.0,605df903
ib_range_ticks = (ib_high-ib_low)/tick,2026-09-03,0.0,605df903
ib_range constante apres IB (par jour),2026-06-11,0.0,c43dc080
ib_range constante apres IB (par jour),2026-06-15,0.0,114b1ca4
ib_range constante apres IB (par jour),2026-06-16,0.0,e7199bc7
ib_range constante apres IB (par jour),2026-06-17,0.0,e7199bc7
ib_range constante apres IB (par jour),2026-06-18,0.0,e7199bc7
ib_range constante apres IB (par jour),2026-06-22,0.0,9238adc1
ib_range constante apres IB (par jour),2026-06-23,0.0,9238adc1
ib_range constante apres IB (par jour),2026-06-26,0.0,9238adc1
ib_range constante apres IB (par jour),2026-06-29,0.0,944f7204
ib_range constante apres IB (par jour),2026-07-01,0.0,944f7204
ib_range constante apres IB (par jour),2026-07-02,0.0,944f7204
ib_range constante apres IB (par jour),2026-07-06,0.0,13efb186
ib_range constante apres IB (par jour),2026-07-07,0.0,13efb186
ib_range constante apres IB (par jour),2026-07-08,0.0,13efb186
ib_range constante apres IB (par jour),2026-07-09,0.0,13efb186
ib_range constante apres IB (par jour),2026-07-10,0.0,13efb186
ib_range constante apres IB (par jour),2026-07-13,0.0,13efb186
ib_range constante apres IB (par jour),2026-07-14,0.0,13efb186
ib_range constante apres IB (par jour),2026-07-15,0.0,13efb186
ib_range constante apres IB (par jour),2026-07-16,0.0,13efb186
ib_range constante apres IB (par jour),2026-07-17,0.0,f6003b62
ib_range constante apres IB (par jour),2026-07-20,0.0,f6003b62
ib_range constante apres IB (par jour),2026-07-21,0.0,f6003b62
ib_range constante apres IB (par jour),2026-07-22,0.0,ed53e566
ib_range constante apres IB (par jour),2026-07-23,0.0,ed53e566
ib_range constante apres IB (par jour),2026-07-24,0.0,ed53e566
ib_range constante apres IB (par jour),2026-07-27,0.0,4981d53a
ib_range constante apres IB (par jour),2026-07-28,0.0,4981d53a
ib_range constante apres IB (par jour),2026-07-29,0.0,4981d53a
ib_range constante apres IB (par jour),2026-07-30,0.0,4981d53a
ib_range constante apres IB (par jour),2026-07-31,0.0,4981d53a
ib_range constante apres IB (par jour),2026-08-04,0.0,1d20af93
ib_range constante apres IB (par jour),2026-08-06,0.0,feec66f6
ib_range constante apres IB (par jour),2026-08-07,0.0,287627ed
ib_range constante apres IB (par jour),2026-08-11,0.0,78177655
ib_range constante apres IB (par jour),2026-08-12,0.0,78177655
ib_range constante apres IB (par jour),2026-08-13,0.0,78177655
ib_range constante apres IB (par jour),2026-08-14,0.0,78177655
ib_range constante apres IB (par jour),2026-08-17,0.0,605df903
ib_range constante apres IB (par jour),2026-08-18,0.0,605df903
ib_range constante apres IB (par jour),2026-08-19,0.0,605df903
ib_range constante apres IB (par jour),2026-08-20,0.0,605df903
ib_range constante apres IB (par jour),2026-08-21,0.0,605df903
ib_range constante apres IB (par jour),2026-08-24,0.0,605df903
ib_range constante apres IB (par jour),2026-08-25,0.0,605df903
ib_range constante apres IB (par jour),2026-08-26,0.0,605df903
ib_range constante apres IB (par jour),2026-08-27,0.0,605df903
ib_range constante apres IB (par jour),2026-08-28,0.0,605df903
ib_range constante apres IB (par jour),2026-08-31,0.0,605df903
ib_range constante apres IB (par jour),2026-09-01,0.0,605df903
ib_range constante apres IB (par jour),2026-09-02,0.0,605df903
ib_range constante apres IB (par jour),2026-09-03,0.0,605df903
ib_range_atr = ib_range_ticks*tick/atr_14m,2026-06-11,0.9303,c43dc080
ib_range_atr = ib_range_ticks*tick/atr_14m,2026-06-15,1.0,114b1ca4
ib_range_atr = ib_range_ticks*tick/atr_14m,2026-06-16,1.0,e7199bc7
ib_range_atr = ib_range_ticks*tick/atr_14m,2026-06-17,0.8602,e7199bc7
ib_range_atr = ib_range_ticks*tick/atr_14m,2026-06-18,1.0,e7199bc7
ib_range_atr = ib_range_ticks*tick/atr_14m,2026-06-22,1.0,9238adc1
ib_range_atr = ib_range_ticks*tick/atr_14m,2026-06-23,1.0,9238adc1
ib_range_atr = ib_range_ticks*tick/atr_14m,2026-06-26,1.0,9238adc1
ib_range_atr = ib_range_ticks*tick/atr_14m,2026-06-29,1.0,944f7204
ib_range_atr = ib_range_ticks*tick/atr_14m,2026-07-01,1.0,944f7204
ib_range_atr = ib_range_ticks*tick/atr_14m,2026-07-02,0.9362,944f7204
ib_range_atr = ib_range_ticks*tick/atr_14m,2026-07-06,1.0,13efb186
ib_range_atr = ib_range_ticks*tick/atr_14m,2026-07-07,1.0,13efb186
ib_range_atr = ib_range_ticks*tick/atr_14m,2026-07-08,0.9757,13efb186
ib_range_atr = ib_range_ticks*tick/atr_14m,2026-07-09,0.997,13efb186
ib_range_atr = ib_range_ticks*tick/atr_14m,2026-07-10,0.9878,13efb186
ib_range_atr = ib_range_ticks*tick/atr_14m,2026-07-13,1.0,13efb186
ib_range_atr = ib_range_ticks*tick/atr_14m,2026-07-14,0.9726,13efb186
ib_range_atr = ib_range_ticks*tick/atr_14m,2026-07-15,0.9939,13efb186
ib_range_atr = ib_range_ticks*tick/atr_14m,2026-07-16,1.0,13efb186
ib_range_atr = ib_range_ticks*tick/atr_14m,2026-07-17,0.9909,f6003b62
ib_range_atr = ib_range_ticks*tick/atr_14m,2026-07-20,1.0,f6003b62
ib_range_atr = ib_range_ticks*tick/atr_14m,2026-07-21,1.0,f6003b62
ib_range_atr = ib_range_ticks*tick/atr_14m,2026-07-22,1.0,ed53e566
ib_range_atr = ib_range_ticks*tick/atr_14m,2026-07-23,0.9787,ed53e566
ib_range_atr = ib_range_ticks*tick/atr_14m,2026-07-24,0.9362,ed53e566
ib_range_atr = ib_range_ticks*tick/atr_14m,2026-07-27,0.9726,4981d53a
ib_range_atr = ib_range_ticks*tick/atr_14m,2026-07-28,0.9544,4981d53a
ib_range_atr = ib_range_ticks*tick/atr_14m,2026-07-29,0.9605,4981d53a
ib_range_atr = ib_range_ticks*tick/atr_14m,2026-07-30,0.9666,4981d53a
ib_range_atr = ib_range_ticks*tick/atr_14m,2026-07-31,0.9818,4981d53a
ib_range_atr = ib_range_ticks*tick/atr_14m,2026-08-04,1.0,1d20af93
ib_range_atr = ib_range_ticks*tick/atr_14m,2026-08-06,1.0,feec66f6
ib_range_atr = ib_range_ticks*tick/atr_14m,2026-08-07,1.0,287627ed
ib_range_atr = ib_range_ticks*tick/atr_14m,2026-08-11,1.0,78177655
ib_range_atr = ib_range_ticks*tick/atr_14m,2026-08-12,1.0,78177655
ib_range_atr = ib_range_ticks*tick/atr_14m,2026-08-13,1.0,78177655
ib_range_atr = ib_range_ticks*tick/atr_14m,2026-08-14,1.0,78177655
ib_range_atr = ib_range_ticks*tick/atr_14m,2026-08-17,1.0,605df903
ib_range_atr = ib_range_ticks*tick/atr_14m,2026-08-18,1.0,605df903
ib_range_atr = ib_range_ticks*tick/atr_14m,2026-08-19,1.0,605df903
ib_range_atr = ib_range_ticks*tick/atr_14m,2026-08-20,0.9331,605df903
ib_range_atr = ib_range_ticks*tick/atr_14m,2026-08-21,1.0,605df903
ib_range_atr = ib_range_ticks*tick/atr_14m,2026-08-24,1.0,605df903
ib_range_atr = ib_range_ticks*tick/atr_14m,2026-08-25,0.9818,605df903
ib_range_atr = ib_range_ticks*tick/atr_14m,2026-08-26,1.0,605df903
ib_range_atr = ib_range_ticks*tick/atr_14m,2026-08-27,0.9878,605df903
ib_range_atr = ib_range_ticks*tick/atr_14m,2026-08-28,0.8845,605df903
ib_range_atr = ib_range_ticks*tick/atr_14m,2026-08-31,0.997,605df903
ib_range_atr = ib_range_ticks*tick/atr_14m,2026-09-01,0.997,605df903
ib_range_atr = ib_range_ticks*tick/atr_14m,2026-09-02,1.0,605df903
ib_range_atr = ib_range_ticks*tick/atr_14m,2026-09-03,0.9605,605df903
pdh = max(high) session Sierra precedente,2026-06-11,0.0,c43dc080
pdh = max(high) session Sierra precedente,2026-06-14,1.0,114b1ca4
pdh = max(high) session Sierra precedente,2026-06-15,0.9531,114b1ca4
pdh = max(high) session Sierra precedente,2026-06-16,0.0,e7199bc7
pdh = max(high) session Sierra precedente,2026-06-17,0.0,e7199bc7
pdh = max(high) session Sierra precedente,2026-06-18,0.1112,e7199bc7
pdh = max(high) session Sierra precedente,2026-06-21,1.0,9238adc1
pdh = max(high) session Sierra precedente,2026-06-22,0.9137,9238adc1
pdh = max(high) session Sierra precedente,2026-06-23,0.0,9238adc1
pdh = max(high) session Sierra precedente,2026-06-26,1.0,9238adc1
pdh = max(high) session Sierra precedente,2026-06-28,1.0,944f7204
pdh = max(high) session Sierra precedente,2026-06-29,0.9137,944f7204
pdh = max(high) session Sierra precedente,2026-07-01,0.9137,944f7204
pdh = max(high) session Sierra precedente,2026-07-02,0.0,944f7204
pdh = max(high) session Sierra precedente,2026-07-05,1.0,13efb186
pdh = max(high) session Sierra precedente,2026-07-06,0.9137,13efb186
pdh = max(high) session Sierra precedente,2026-07-07,0.0,13efb186
pdh = max(high) session Sierra precedente,2026-07-08,0.0,13efb186
pdh = max(high) session Sierra precedente,2026-07-09,0.0,13efb186
pdh = max(high) session Sierra precedente,2026-07-10,0.0,13efb186
pdh = max(high) session Sierra precedente,2026-07-12,1.0,13efb186
pdh = max(high) session Sierra precedente,2026-07-13,0.9137,13efb186
pdh = max(high) session Sierra precedente,2026-07-14,0.0,13efb186
pdh = max(high) session Sierra precedente,2026-07-15,0.0,13efb186
pdh = max(high) session Sierra precedente,2026-07-16,0.0864,13efb186
pdh = max(high) session Sierra precedente,2026-07-17,1.0,f6003b62
pdh = max(high) session Sierra precedente,2026-07-19,1.0,f6003b62
pdh = max(high) session Sierra precedente,2026-07-20,0.9137,f6003b62
pdh = max(high) session Sierra precedente,2026-07-21,0.0,f6003b62
pdh = max(high) session Sierra precedente,2026-07-22,0.0,ed53e566
pdh = max(high) session Sierra precedente,2026-07-23,0.0,ed53e566
pdh = max(high) session Sierra precedente,2026-07-24,0.0,ed53e566
pdh = max(high) session Sierra precedente,2026-07-26,1.0,4981d53a
pdh = max(high) session Sierra precedente,2026-07-27,0.9137,4981d53a
pdh = max(high) session Sierra precedente,2026-07-28,0.0,4981d53a
pdh = max(high) session Sierra precedente,2026-07-29,0.0,4981d53a
pdh = max(high) session Sierra precedente,2026-07-30,0.0,4981d53a
pdh = max(high) session Sierra precedente,2026-07-31,0.0,4981d53a
pdh = max(high) session Sierra precedente,2026-08-04,0.9137,1d20af93
pdh = max(high) session Sierra precedente,2026-08-06,0.9137,feec66f6
pdh = max(high) session Sierra precedente,2026-08-07,0.0008,287627ed
pdh = max(high) session Sierra precedente,2026-08-09,1.0,43f2daf5
pdh = max(high) session Sierra precedente,2026-08-11,0.9144,78177655
pdh = max(high) session Sierra precedente,2026-08-12,0.0,78177655
pdh = max(high) session Sierra precedente,2026-08-13,0.0,78177655
pdh = max(high) session Sierra precedente,2026-08-14,0.0,78177655
pdh = max(high) session Sierra precedente,2026-08-16,1.0,605df903
pdh = max(high) session Sierra precedente,2026-08-17,0.915,605df903
pdh = max(high) session Sierra precedente,2026-08-18,0.0,605df903
pdh = max(high) session Sierra precedente,2026-08-19,0.0,605df903
pdh = max(high) session Sierra precedente,2026-08-20,0.0,605df903
pdh = max(high) session Sierra precedente,2026-08-21,0.0,605df903
pdh = max(high) session Sierra precedente,2026-08-23,1.0,605df903
pdh = max(high) session Sierra precedente,2026-08-24,0.9137,605df903
pdh = max(high) session Sierra precedente,2026-08-25,0.0,605df903
pdh = max(high) session Sierra precedente,2026-08-26,0.0863,605df903
pdh = max(high) session Sierra precedente,2026-08-27,0.9137,605df903
pdh = max(high) session Sierra precedente,2026-08-28,0.0,605df903
pdh = max(high) session Sierra precedente,2026-08-30,1.0,605df903
pdh = max(high) session Sierra precedente,2026-08-31,0.9137,605df903
pdh = max(high) session Sierra precedente,2026-09-01,0.0,605df903
pdh = max(high) session Sierra precedente,2026-09-02,0.0,605df903
pdh = max(high) session Sierra precedente,2026-09-03,0.0,605df903
pdl = min(low) session Sierra precedente,2026-06-11,1.0,c43dc080
pdl = min(low) session Sierra precedente,2026-06-14,1.0,114b1ca4
pdl = min(low) session Sierra precedente,2026-06-15,1.0,114b1ca4
pdl = min(low) session Sierra precedente,2026-06-16,0.9137,e7199bc7
pdl = min(low) session Sierra precedente,2026-06-17,0.0,e7199bc7
pdl = min(low) session Sierra precedente,2026-06-18,0.0858,e7199bc7
pdl = min(low) session Sierra precedente,2026-06-21,1.0,9238adc1
pdl = min(low) session Sierra precedente,2026-06-22,0.9137,9238adc1
pdl = min(low) session Sierra precedente,2026-06-23,0.0,9238adc1
pdl = min(low) session Sierra precedente,2026-06-26,1.0,9238adc1
pdl = min(low) session Sierra precedente,2026-06-28,1.0,944f7204
pdl = min(low) session Sierra precedente,2026-06-29,0.9137,944f7204
pdl = min(low) session Sierra precedente,2026-07-01,0.9137,944f7204
pdl = min(low) session Sierra precedente,2026-07-02,0.0,944f7204
pdl = min(low) session Sierra precedente,2026-07-05,1.0,13efb186
pdl = min(low) session Sierra precedente,2026-07-06,0.9137,13efb186
pdl = min(low) session Sierra precedente,2026-07-07,0.0,13efb186
pdl = min(low) session Sierra precedente,2026-07-08,0.0,13efb186
pdl = min(low) session Sierra precedente,2026-07-09,0.0,13efb186
pdl = min(low) session Sierra precedente,2026-07-10,0.0,13efb186
pdl = min(low) session Sierra precedente,2026-07-12,1.0,13efb186
pdl = min(low) session Sierra precedente,2026-07-13,0.9137,13efb186
pdl = min(low) session Sierra precedente,2026-07-14,0.0,13efb186
pdl = min(low) session Sierra precedente,2026-07-15,0.0,13efb186
pdl = min(low) session Sierra precedente,2026-07-16,0.0,13efb186
pdl = min(low) session Sierra precedente,2026-07-17,0.0,f6003b62
pdl = min(low) session Sierra precedente,2026-07-19,1.0,f6003b62
pdl = min(low) session Sierra precedente,2026-07-20,0.9137,f6003b62
pdl = min(low) session Sierra precedente,2026-07-21,0.0864,f6003b62
pdl = min(low) session Sierra precedente,2026-07-22,0.9137,ed53e566
pdl = min(low) session Sierra precedente,2026-07-23,0.0,ed53e566
pdl = min(low) session Sierra precedente,2026-07-24,0.0,ed53e566
pdl = min(low) session Sierra precedente,2026-07-26,1.0,4981d53a
pdl = min(low) session Sierra precedente,2026-07-27,0.9137,4981d53a
pdl = min(low) session Sierra precedente,2026-07-28,0.0,4981d53a
pdl = min(low) session Sierra precedente,2026-07-29,0.0,4981d53a
pdl = min(low) session Sierra precedente,2026-07-30,0.0,4981d53a
pdl = min(low) session Sierra precedente,2026-07-31,0.0,4981d53a
pdl = min(low) session Sierra precedente,2026-08-04,1.0,1d20af93
pdl = min(low) session Sierra precedente,2026-08-06,0.9137,feec66f6
pdl = min(low) session Sierra precedente,2026-08-07,0.0,287627ed
pdl = min(low) session Sierra precedente,2026-08-09,1.0,43f2daf5
pdl = min(low) session Sierra precedente,2026-08-11,0.0,78177655
pdl = min(low) session Sierra precedente,2026-08-12,0.0,78177655
pdl = min(low) session Sierra precedente,2026-08-13,0.0,78177655
pdl = min(low) session Sierra precedente,2026-08-14,0.0,78177655
pdl = min(low) session Sierra precedente,2026-08-16,1.0,605df903
pdl = min(low) session Sierra precedente,2026-08-17,0.915,605df903
pdl = min(low) session Sierra precedente,2026-08-18,0.0,605df903
pdl = min(low) session Sierra precedente,2026-08-19,0.0,605df903
pdl = min(low) session Sierra precedente,2026-08-20,0.0,605df903
pdl = min(low) session Sierra precedente,2026-08-21,0.0,605df903
pdl = min(low) session Sierra precedente,2026-08-23,1.0,605df903
pdl = min(low) session Sierra precedente,2026-08-24,0.9137,605df903
pdl = min(low) session Sierra precedente,2026-08-25,0.0,605df903
pdl = min(low) session Sierra precedente,2026-08-26,0.0,605df903
pdl = min(low) session Sierra precedente,2026-08-27,0.0,605df903
pdl = min(low) session Sierra precedente,2026-08-28,0.0,605df903
pdl = min(low) session Sierra precedente,2026-08-30,1.0,605df903
pdl = min(low) session Sierra precedente,2026-08-31,0.9137,605df903
pdl = min(low) session Sierra precedente,2026-09-01,0.0,605df903
pdl = min(low) session Sierra precedente,2026-09-02,0.0,605df903
pdl = min(low) session Sierra precedente,2026-09-03,0.0,605df903
open_cash = open 1ere barre cash,2026-06-11,1.0,c43dc080
open_cash = open 1ere barre cash,2026-06-15,0.0,114b1ca4
open_cash = open 1ere barre cash,2026-06-16,0.0,e7199bc7
open_cash = open 1ere barre cash,2026-06-17,0.0,e7199bc7
open_cash = open 1ere barre cash,2026-06-18,0.0,e7199bc7
open_cash = open 1ere barre cash,2026-06-22,0.0,9238adc1
open_cash = open 1ere barre cash,2026-06-23,0.0,9238adc1
open_cash = open 1ere barre cash,2026-06-26,0.0,9238adc1
open_cash = open 1ere barre cash,2026-06-29,0.0,944f7204
open_cash = open 1ere barre cash,2026-07-01,0.0,944f7204
open_cash = open 1ere barre cash,2026-07-02,0.0,944f7204
open_cash = open 1ere barre cash,2026-07-06,0.0,13efb186
open_cash = open 1ere barre cash,2026-07-07,0.0,13efb186
open_cash = open 1ere barre cash,2026-07-08,0.0,13efb186
open_cash = open 1ere barre cash,2026-07-09,0.0,13efb186
open_cash = open 1ere barre cash,2026-07-10,0.0,13efb186
open_cash = open 1ere barre cash,2026-07-13,0.0,13efb186
open_cash = open 1ere barre cash,2026-07-14,0.0,13efb186
open_cash = open 1ere barre cash,2026-07-15,0.0,13efb186
open_cash = open 1ere barre cash,2026-07-16,0.0,13efb186
open_cash = open 1ere barre cash,2026-07-17,0.0,f6003b62
open_cash = open 1ere barre cash,2026-07-20,0.0,f6003b62
open_cash = open 1ere barre cash,2026-07-21,0.0,f6003b62
open_cash = open 1ere barre cash,2026-07-22,0.0,ed53e566
open_cash = open 1ere barre cash,2026-07-23,0.0,ed53e566
open_cash = open 1ere barre cash,2026-07-24,0.0,ed53e566
open_cash = open 1ere barre cash,2026-07-27,0.0,4981d53a
open_cash = open 1ere barre cash,2026-07-28,0.0,4981d53a
open_cash = open 1ere barre cash,2026-07-29,0.0,4981d53a
open_cash = open 1ere barre cash,2026-07-30,0.0,4981d53a
open_cash = open 1ere barre cash,2026-07-31,0.0,4981d53a
open_cash = open 1ere barre cash,2026-08-04,0.0,1d20af93
open_cash = open 1ere barre cash,2026-08-06,0.0,feec66f6
open_cash = open 1ere barre cash,2026-08-07,0.0,287627ed
open_cash = open 1ere barre cash,2026-08-11,0.0,78177655
open_cash = open 1ere barre cash,2026-08-12,0.0,78177655
open_cash = open 1ere barre cash,2026-08-13,0.0,78177655
open_cash = open 1ere barre cash,2026-08-14,0.0,78177655
open_cash = open 1ere barre cash,2026-08-17,0.0,605df903
open_cash = open 1ere barre cash,2026-08-18,0.0,605df903
open_cash = open 1ere barre cash,2026-08-19,0.0,605df903
open_cash = open 1ere barre cash,2026-08-20,0.0,605df903
open_cash = open 1ere barre cash,2026-08-21,0.0,605df903
open_cash = open 1ere barre cash,2026-08-24,0.0,605df903
open_cash = open 1ere barre cash,2026-08-25,0.0,605df903
open_cash = open 1ere barre cash,2026-08-26,0.0,605df903
open_cash = open 1ere barre cash,2026-08-27,0.0,605df903
open_cash = open 1ere barre cash,2026-08-28,0.0,605df903
open_cash = open 1ere barre cash,2026-08-31,0.0,605df903
open_cash = open 1ere barre cash,2026-09-01,0.0,605df903
open_cash = open 1ere barre cash,2026-09-02,0.0,605df903
open_cash = open 1ere barre cash,2026-09-03,0.0,605df903
dist_open_cash utilise open_cash (pas 1ere cloture),2026-06-11,1.0,c43dc080
dist_open_cash utilise open_cash (pas 1ere cloture),2026-06-15,1.0,114b1ca4
dist_open_cash utilise open_cash (pas 1ere cloture),2026-06-16,1.0,e7199bc7
dist_open_cash utilise open_cash (pas 1ere cloture),2026-06-17,1.0,e7199bc7
dist_open_cash utilise open_cash (pas 1ere cloture),2026-06-18,1.0,e7199bc7
dist_open_cash utilise open_cash (pas 1ere cloture),2026-06-22,1.0,9238adc1
dist_open_cash utilise open_cash (pas 1ere cloture),2026-06-23,1.0,9238adc1
dist_open_cash utilise open_cash (pas 1ere cloture),2026-06-26,1.0,9238adc1
dist_open_cash utilise open_cash (pas 1ere cloture),2026-06-29,1.0,944f7204
dist_open_cash utilise open_cash (pas 1ere cloture),2026-07-01,1.0,944f7204
dist_open_cash utilise open_cash (pas 1ere cloture),2026-07-02,1.0,944f7204
dist_open_cash utilise open_cash (pas 1ere cloture),2026-07-06,1.0,13efb186
dist_open_cash utilise open_cash (pas 1ere cloture),2026-07-07,1.0,13efb186
dist_open_cash utilise open_cash (pas 1ere cloture),2026-07-08,0.0,13efb186
dist_open_cash utilise open_cash (pas 1ere cloture),2026-07-09,1.0,13efb186
dist_open_cash utilise open_cash (pas 1ere cloture),2026-07-10,1.0,13efb186
dist_open_cash utilise open_cash (pas 1ere cloture),2026-07-13,1.0,13efb186
dist_open_cash utilise open_cash (pas 1ere cloture),2026-07-14,1.0,13efb186
dist_open_cash utilise open_cash (pas 1ere cloture),2026-07-15,1.0,13efb186
dist_open_cash utilise open_cash (pas 1ere cloture),2026-07-16,1.0,13efb186
dist_open_cash utilise open_cash (pas 1ere cloture),2026-07-17,1.0,f6003b62
dist_open_cash utilise open_cash (pas 1ere cloture),2026-07-20,1.0,f6003b62
dist_open_cash utilise open_cash (pas 1ere cloture),2026-07-21,1.0,f6003b62
dist_open_cash utilise open_cash (pas 1ere cloture),2026-07-22,1.0,ed53e566
dist_open_cash utilise open_cash (pas 1ere cloture),2026-07-23,1.0,ed53e566
dist_open_cash utilise open_cash (pas 1ere cloture),2026-07-24,1.0,ed53e566
dist_open_cash utilise open_cash (pas 1ere cloture),2026-07-27,1.0,4981d53a
dist_open_cash utilise open_cash (pas 1ere cloture),2026-07-28,1.0,4981d53a
dist_open_cash utilise open_cash (pas 1ere cloture),2026-07-29,1.0,4981d53a
dist_open_cash utilise open_cash (pas 1ere cloture),2026-07-30,1.0,4981d53a
dist_open_cash utilise open_cash (pas 1ere cloture),2026-07-31,1.0,4981d53a
dist_open_cash utilise open_cash (pas 1ere cloture),2026-08-04,1.0,1d20af93
dist_open_cash utilise open_cash (pas 1ere cloture),2026-08-06,0.0,feec66f6
dist_open_cash utilise open_cash (pas 1ere cloture),2026-08-07,0.0,287627ed
dist_open_cash utilise open_cash (pas 1ere cloture),2026-08-11,1.0,78177655
dist_open_cash utilise open_cash (pas 1ere cloture),2026-08-12,1.0,78177655
dist_open_cash utilise open_cash (pas 1ere cloture),2026-08-13,1.0,78177655
dist_open_cash utilise open_cash (pas 1ere cloture),2026-08-14,1.0,78177655
dist_open_cash utilise open_cash (pas 1ere cloture),2026-08-17,1.0,605df903
dist_open_cash utilise open_cash (pas 1ere cloture),2026-08-18,1.0,605df903
dist_open_cash utilise open_cash (pas 1ere cloture),2026-08-19,0.0,605df903
dist_open_cash utilise open_cash (pas 1ere cloture),2026-08-20,0.0,605df903
dist_open_cash utilise open_cash (pas 1ere cloture),2026-08-21,1.0,605df903
dist_open_cash utilise open_cash (pas 1ere cloture),2026-08-24,1.0,605df903
dist_open_cash utilise open_cash (pas 1ere cloture),2026-08-25,1.0,605df903
dist_open_cash utilise open_cash (pas 1ere cloture),2026-08-26,1.0,605df903
dist_open_cash utilise open_cash (pas 1ere cloture),2026-08-27,1.0,605df903
dist_open_cash utilise open_cash (pas 1ere cloture),2026-08-28,1.0,605df903
dist_open_cash utilise open_cash (pas 1ere cloture),2026-08-31,1.0,605df903
dist_open_cash utilise open_cash (pas 1ere cloture),2026-09-01,1.0,605df903
dist_open_cash utilise open_cash (pas 1ere cloture),2026-09-02,1.0,605df903
dist_open_cash utilise open_cash (pas 1ere cloture),2026-09-03,1.0,605df903
dist_open_cash = (close_1ere_barre - close)/tick,2026-06-11,1.0,c43dc080
dist_open_cash = (close_1ere_barre - close)/tick,2026-06-15,0.0,114b1ca4
dist_open_cash = (close_1ere_barre - close)/tick,2026-06-16,0.0,e7199bc7
dist_open_cash = (close_1ere_barre - close)/tick,2026-06-17,0.0,e7199bc7
dist_open_cash = (close_1ere_barre - close)/tick,2026-06-18,0.0,e7199bc7
dist_open_cash = (close_1ere_barre - close)/tick,2026-06-22,0.0,9238adc1
dist_open_cash = (close_1ere_barre - close)/tick,2026-06-23,0.0,9238adc1
dist_open_cash = (close_1ere_barre - close)/tick,2026-06-26,0.0,9238adc1
dist_open_cash = (close_1ere_barre - close)/tick,2026-06-29,0.0,944f7204
dist_open_cash = (close_1ere_barre - close)/tick,2026-07-01,0.0,944f7204
dist_open_cash = (close_1ere_barre - close)/tick,2026-07-02,0.0,944f7204
dist_open_cash = (close_1ere_barre - close)/tick,2026-07-06,0.0,13efb186
dist_open_cash = (close_1ere_barre - close)/tick,2026-07-07,0.0,13efb186
dist_open_cash = (close_1ere_barre - close)/tick,2026-07-08,0.0,13efb186
dist_open_cash = (close_1ere_barre - close)/tick,2026-07-09,0.0,13efb186
dist_open_cash = (close_1ere_barre - close)/tick,2026-07-10,0.0,13efb186
dist_open_cash = (close_1ere_barre - close)/tick,2026-07-13,0.0,13efb186
dist_open_cash = (close_1ere_barre - close)/tick,2026-07-14,0.0,13efb186
dist_open_cash = (close_1ere_barre - close)/tick,2026-07-15,0.0,13efb186
dist_open_cash = (close_1ere_barre - close)/tick,2026-07-16,0.0,13efb186
dist_open_cash = (close_1ere_barre - close)/tick,2026-07-17,0.0,f6003b62
dist_open_cash = (close_1ere_barre - close)/tick,2026-07-20,0.0,f6003b62
dist_open_cash = (close_1ere_barre - close)/tick,2026-07-21,0.0,f6003b62
dist_open_cash = (close_1ere_barre - close)/tick,2026-07-22,0.0,ed53e566
dist_open_cash = (close_1ere_barre - close)/tick,2026-07-23,0.0,ed53e566
dist_open_cash = (close_1ere_barre - close)/tick,2026-07-24,0.0,ed53e566
dist_open_cash = (close_1ere_barre - close)/tick,2026-07-27,0.0,4981d53a
dist_open_cash = (close_1ere_barre - close)/tick,2026-07-28,0.0,4981d53a
dist_open_cash = (close_1ere_barre - close)/tick,2026-07-29,0.0,4981d53a
dist_open_cash = (close_1ere_barre - close)/tick,2026-07-30,0.0,4981d53a
dist_open_cash = (close_1ere_barre - close)/tick,2026-07-31,0.0,4981d53a
dist_open_cash = (close_1ere_barre - close)/tick,2026-08-04,0.0,1d20af93
dist_open_cash = (close_1ere_barre - close)/tick,2026-08-06,0.0,feec66f6
dist_open_cash = (close_1ere_barre - close)/tick,2026-08-07,0.0,287627ed
dist_open_cash = (close_1ere_barre - close)/tick,2026-08-11,0.0,78177655
dist_open_cash = (close_1ere_barre - close)/tick,2026-08-12,0.0,78177655
dist_open_cash = (close_1ere_barre - close)/tick,2026-08-13,0.0,78177655
dist_open_cash = (close_1ere_barre - close)/tick,2026-08-14,0.0,78177655
dist_open_cash = (close_1ere_barre - close)/tick,2026-08-17,0.0,605df903
dist_open_cash = (close_1ere_barre - close)/tick,2026-08-18,0.0,605df903
dist_open_cash = (close_1ere_barre - close)/tick,2026-08-19,0.0,605df903
dist_open_cash = (close_1ere_barre - close)/tick,2026-08-20,0.0,605df903
dist_open_cash = (close_1ere_barre - close)/tick,2026-08-21,0.0,605df903
dist_open_cash = (close_1ere_barre - close)/tick,2026-08-24,0.0,605df903
dist_open_cash = (close_1ere_barre - close)/tick,2026-08-25,0.0,605df903
dist_open_cash = (close_1ere_barre - close)/tick,2026-08-26,0.0,605df903
dist_open_cash = (close_1ere_barre - close)/tick,2026-08-27,0.0,605df903
dist_open_cash = (close_1ere_barre - close)/tick,2026-08-28,0.0,605df903
dist_open_cash = (close_1ere_barre - close)/tick,2026-08-31,0.0,605df903
dist_open_cash = (close_1ere_barre - close)/tick,2026-09-01,0.0,605df903
dist_open_cash = (close_1ere_barre - close)/tick,2026-09-02,0.0,605df903
dist_open_cash = (close_1ere_barre - close)/tick,2026-09-03,0.0,605df903
momentum_3b = close - close[-3] (pts),2026-06-11,0.9702,c43dc080
momentum_3b = close - close[-3] (pts),2026-06-14,1.0,114b1ca4
momentum_3b = close - close[-3] (pts),2026-06-15,0.9311,114b1ca4
momentum_3b = close - close[-3] (pts),2026-06-16,0.9195,e7199bc7
momentum_3b = close - close[-3] (pts),2026-06-17,0.9231,e7199bc7
momentum_3b = close - close[-3] (pts),2026-06-18,0.9448,e7199bc7
momentum_3b = close - close[-3] (pts),2026-06-21,0.9244,9238adc1
momentum_3b = close - close[-3] (pts),2026-06-22,0.9311,9238adc1
momentum_3b = close - close[-3] (pts),2026-06-23,0.9579,9238adc1
momentum_3b = close - close[-3] (pts),2026-06-26,0.9619,9238adc1
momentum_3b = close - close[-3] (pts),2026-06-28,0.9664,944f7204
momentum_3b = close - close[-3] (pts),2026-06-29,0.9478,944f7204
momentum_3b = close - close[-3] (pts),2026-07-01,0.9202,944f7204
momentum_3b = close - close[-3] (pts),2026-07-02,0.947,944f7204
momentum_3b = close - close[-3] (pts),2026-07-05,0.916,13efb186
momentum_3b = close - close[-3] (pts),2026-07-06,0.9188,13efb186
momentum_3b = close - close[-3] (pts),2026-07-07,0.9065,13efb186
momentum_3b = close - close[-3] (pts),2026-07-08,0.9463,13efb186
momentum_3b = close - close[-3] (pts),2026-07-09,0.9202,13efb186
momentum_3b = close - close[-3] (pts),2026-07-10,0.9032,13efb186
momentum_3b = close - close[-3] (pts),2026-07-12,0.9412,13efb186
momentum_3b = close - close[-3] (pts),2026-07-13,0.9384,13efb186
momentum_3b = close - close[-3] (pts),2026-07-14,0.9384,13efb186
momentum_3b = close - close[-3] (pts),2026-07-15,0.9173,13efb186
momentum_3b = close - close[-3] (pts),2026-07-16,0.9245,13efb186
momentum_3b = close - close[-3] (pts),2026-07-17,0.9619,f6003b62
momentum_3b = close - close[-3] (pts),2026-07-19,0.9832,f6003b62
momentum_3b = close - close[-3] (pts),2026-07-20,0.9456,f6003b62
momentum_3b = close - close[-3] (pts),2026-07-21,0.9093,f6003b62
momentum_3b = close - close[-3] (pts),2026-07-22,0.9289,ed53e566
momentum_3b = close - close[-3] (pts),2026-07-23,0.9529,ed53e566
momentum_3b = close - close[-3] (pts),2026-07-24,0.946,ed53e566
momentum_3b = close - close[-3] (pts),2026-07-26,0.958,4981d53a
momentum_3b = close - close[-3] (pts),2026-07-27,0.9094,4981d53a
momentum_3b = close - close[-3] (pts),2026-07-28,0.9521,4981d53a
momentum_3b = close - close[-3] (pts),2026-07-29,0.9514,4981d53a
momentum_3b = close - close[-3] (pts),2026-07-30,0.9413,4981d53a
momentum_3b = close - close[-3] (pts),2026-07-31,0.9253,4981d53a
momentum_3b = close - close[-3] (pts),2026-08-04,0.9101,1d20af93
momentum_3b = close - close[-3] (pts),2026-08-06,0.9304,feec66f6
momentum_3b = close - close[-3] (pts),2026-08-07,0.9135,287627ed
momentum_3b = close - close[-3] (pts),2026-08-09,0.8151,43f2daf5
momentum_3b = close - close[-3] (pts),2026-08-11,0.8781,78177655
momentum_3b = close - close[-3] (pts),2026-08-12,0.8738,78177655
momentum_3b = close - close[-3] (pts),2026-08-13,0.8666,78177655
momentum_3b = close - close[-3] (pts),2026-08-14,0.8459,78177655
momentum_3b = close - close[-3] (pts),2026-08-16,0.7899,605df903
momentum_3b = close - close[-3] (pts),2026-08-17,0.854,605df903
momentum_3b = close - close[-3] (pts),2026-08-18,0.9115,605df903
momentum_3b = close - close[-3] (pts),2026-08-19,0.9108,605df903
momentum_3b = close - close[-3] (pts),2026-08-20,0.9195,605df903
momentum_3b = close - close[-3] (pts),2026-08-21,0.8984,605df903
momentum_3b = close - close[-3] (pts),2026-08-23,0.7899,605df903
momentum_3b = close - close[-3] (pts),2026-08-24,0.9094,605df903
momentum_3b = close - close[-3] (pts),2026-08-25,0.9072,605df903
momentum_3b = close - close[-3] (pts),2026-08-26,0.9173,605df903
momentum_3b = close - close[-3] (pts),2026-08-27,0.9043,605df903
momentum_3b = close - close[-3] (pts),2026-08-28,0.9024,605df903
momentum_3b = close - close[-3] (pts),2026-08-30,0.8824,605df903
momentum_3b = close - close[-3] (pts),2026-08-31,0.8992,605df903
momentum_3b = close - close[-3] (pts),2026-09-01,0.9104,605df903
momentum_3b = close - close[-3] (pts),2026-09-02,0.907,605df903
momentum_3b = close - close[-3] (pts),2026-09-03,0.91,605df903
momentum_5b = close - close[-5] (pts),2026-06-11,0.9767,c43dc080
momentum_5b = close - close[-5] (pts),2026-06-14,1.0,114b1ca4
momentum_5b = close - close[-5] (pts),2026-06-15,0.9304,114b1ca4
momentum_5b = close - close[-5] (pts),2026-06-16,0.9376,e7199bc7
momentum_5b = close - close[-5] (pts),2026-06-17,0.9413,e7199bc7
momentum_5b = close - close[-5] (pts),2026-06-18,0.9462,e7199bc7
momentum_5b = close - close[-5] (pts),2026-06-21,0.9328,9238adc1
momentum_5b = close - close[-5] (pts),2026-06-22,0.95,9238adc1
momentum_5b = close - close[-5] (pts),2026-06-23,0.971,9238adc1
momentum_5b = close - close[-5] (pts),2026-06-26,0.9738,9238adc1
momentum_5b = close - close[-5] (pts),2026-06-28,0.9244,944f7204
momentum_5b = close - close[-5] (pts),2026-06-29,0.9529,944f7204
momentum_5b = close - close[-5] (pts),2026-07-01,0.9282,944f7204
momentum_5b = close - close[-5] (pts),2026-07-02,0.9601,944f7204
momentum_5b = close - close[-5] (pts),2026-07-05,0.9244,13efb186
momentum_5b = close - close[-5] (pts),2026-07-06,0.9384,13efb186
momentum_5b = close - close[-5] (pts),2026-07-07,0.9159,13efb186
momentum_5b = close - close[-5] (pts),2026-07-08,0.9536,13efb186
momentum_5b = close - close[-5] (pts),2026-07-09,0.9427,13efb186
momentum_5b = close - close[-5] (pts),2026-07-10,0.9222,13efb186
momentum_5b = close - close[-5] (pts),2026-07-12,0.9328,13efb186
momentum_5b = close - close[-5] (pts),2026-07-13,0.9391,13efb186
momentum_5b = close - close[-5] (pts),2026-07-14,0.9521,13efb186
momentum_5b = close - close[-5] (pts),2026-07-15,0.9253,13efb186
momentum_5b = close - close[-5] (pts),2026-07-16,0.9536,13efb186
momentum_5b = close - close[-5] (pts),2026-07-17,0.9571,f6003b62
momentum_5b = close - close[-5] (pts),2026-07-19,0.9748,f6003b62
momentum_5b = close - close[-5] (pts),2026-07-20,0.955,f6003b62
momentum_5b = close - close[-5] (pts),2026-07-21,0.9238,f6003b62
momentum_5b = close - close[-5] (pts),2026-07-22,0.9355,ed53e566
momentum_5b = close - close[-5] (pts),2026-07-23,0.9594,ed53e566
momentum_5b = close - close[-5] (pts),2026-07-24,0.9523,ed53e566
momentum_5b = close - close[-5] (pts),2026-07-26,0.9496,4981d53a
momentum_5b = close - close[-5] (pts),2026-07-27,0.9413,4981d53a
momentum_5b = close - close[-5] (pts),2026-07-28,0.9623,4981d53a
momentum_5b = close - close[-5] (pts),2026-07-29,0.9543,4981d53a
momentum_5b = close - close[-5] (pts),2026-07-30,0.9529,4981d53a
momentum_5b = close - close[-5] (pts),2026-07-31,0.9452,4981d53a
momentum_5b = close - close[-5] (pts),2026-08-04,0.9304,1d20af93
momentum_5b = close - close[-5] (pts),2026-08-06,0.9224,feec66f6
momentum_5b = close - close[-5] (pts),2026-08-07,0.9198,287627ed
momentum_5b = close - close[-5] (pts),2026-08-09,0.8908,43f2daf5
momentum_5b = close - close[-5] (pts),2026-08-11,0.918,78177655
momentum_5b = close - close[-5] (pts),2026-08-12,0.8847,78177655
momentum_5b = close - close[-5] (pts),2026-08-13,0.8891,78177655
momentum_5b = close - close[-5] (pts),2026-08-14,0.8737,78177655
momentum_5b = close - close[-5] (pts),2026-08-16,0.8487,605df903
momentum_5b = close - close[-5] (pts),2026-08-17,0.8642,605df903
momentum_5b = close - close[-5] (pts),2026-08-18,0.9101,605df903
momentum_5b = close - close[-5] (pts),2026-08-19,0.9166,605df903
momentum_5b = close - close[-5] (pts),2026-08-20,0.9376,605df903
momentum_5b = close - close[-5] (pts),2026-08-21,0.9143,605df903
momentum_5b = close - close[-5] (pts),2026-08-23,0.8235,605df903
momentum_5b = close - close[-5] (pts),2026-08-24,0.9123,605df903
momentum_5b = close - close[-5] (pts),2026-08-25,0.9239,605df903
momentum_5b = close - close[-5] (pts),2026-08-26,0.9282,605df903
momentum_5b = close - close[-5] (pts),2026-08-27,0.9123,605df903
momentum_5b = close - close[-5] (pts),2026-08-28,0.9143,605df903
momentum_5b = close - close[-5] (pts),2026-08-30,0.9412,605df903
momentum_5b = close - close[-5] (pts),2026-08-31,0.921,605df903
momentum_5b = close - close[-5] (pts),2026-09-01,0.9286,605df903
momentum_5b = close - close[-5] (pts),2026-09-02,0.9288,605df903
momentum_5b = close - close[-5] (pts),2026-09-03,0.9231,605df903
momentum_3b en ticks ?,2026-06-11,0.9536,c43dc080
momentum_3b en ticks ?,2026-06-14,1.0,114b1ca4
momentum_3b en ticks ?,2026-06-15,0.8282,114b1ca4
momentum_3b en ticks ?,2026-06-16,0.8441,e7199bc7
momentum_3b en ticks ?,2026-06-17,0.8434,e7199bc7
momentum_3b en ticks ?,2026-06-18,0.8801,e7199bc7
momentum_3b en ticks ?,2026-06-21,0.8151,9238adc1
momentum_3b en ticks ?,2026-06-22,0.8709,9238adc1
momentum_3b en ticks ?,2026-06-23,0.9289,9238adc1
momentum_3b en ticks ?,2026-06-26,0.9294,9238adc1
momentum_3b en ticks ?,2026-06-28,0.8235,944f7204
momentum_3b en ticks ?,2026-06-29,0.8731,944f7204
momentum_3b en ticks ?,2026-07-01,0.8318,944f7204
momentum_3b en ticks ?,2026-07-02,0.9006,944f7204
momentum_3b en ticks ?,2026-07-05,0.8235,13efb186
momentum_3b en ticks ?,2026-07-06,0.8274,13efb186
momentum_3b en ticks ?,2026-07-07,0.8028,13efb186
momentum_3b en ticks ?,2026-07-08,0.8934,13efb186
momentum_3b en ticks ?,2026-07-09,0.8535,13efb186
momentum_3b en ticks ?,2026-07-10,0.8,13efb186
momentum_3b en ticks ?,2026-07-12,0.8571,13efb186
momentum_3b en ticks ?,2026-07-13,0.8535,13efb186
momentum_3b en ticks ?,2026-07-14,0.8876,13efb186
momentum_3b en ticks ?,2026-07-15,0.8289,13efb186
momentum_3b en ticks ?,2026-07-16,0.8774,13efb186
momentum_3b en ticks ?,2026-07-17,0.8905,f6003b62
momentum_3b en ticks ?,2026-07-19,0.9076,f6003b62
momentum_3b en ticks ?,2026-07-20,0.8782,f6003b62
momentum_3b en ticks ?,2026-07-21,0.812,f6003b62
momentum_3b en ticks ?,2026-07-22,0.8528,ed53e566
momentum_3b en ticks ?,2026-07-23,0.8963,ed53e566
momentum_3b en ticks ?,2026-07-24,0.8769,ed53e566
momentum_3b en ticks ?,2026-07-26,0.8992,4981d53a
momentum_3b en ticks ?,2026-07-27,0.8564,4981d53a
momentum_3b en ticks ?,2026-07-28,0.8949,4981d53a
momentum_3b en ticks ?,2026-07-29,0.9072,4981d53a
momentum_3b en ticks ?,2026-07-30,0.8869,4981d53a
momentum_3b en ticks ?,2026-07-31,0.8761,4981d53a
momentum_3b en ticks ?,2026-08-04,0.8339,1d20af93
momentum_3b en ticks ?,2026-08-06,0.8383,feec66f6
momentum_3b en ticks ?,2026-08-07,0.8214,287627ed
momentum_3b en ticks ?,2026-08-09,0.7899,43f2daf5
momentum_3b en ticks ?,2026-08-11,0.7968,78177655
momentum_3b en ticks ?,2026-08-12,0.7433,78177655
momentum_3b en ticks ?,2026-08-13,0.7288,78177655
momentum_3b en ticks ?,2026-08-14,0.6847,78177655
momentum_3b en ticks ?,2026-08-16,0.4622,605df903
momentum_3b en ticks ?,2026-08-17,0.6914,605df903
momentum_3b en ticks ?,2026-08-18,0.7875,605df903
momentum_3b en ticks ?,2026-08-19,0.8383,605df903
momentum_3b en ticks ?,2026-08-20,0.8405,605df903
momentum_3b en ticks ?,2026-08-21,0.8151,605df903
momentum_3b en ticks ?,2026-08-23,0.6471,605df903
momentum_3b en ticks ?,2026-08-24,0.8129,605df903
momentum_3b en ticks ?,2026-08-25,0.8093,605df903
momentum_3b en ticks ?,2026-08-26,0.8397,605df903
momentum_3b en ticks ?,2026-08-27,0.8115,605df903
momentum_3b en ticks ?,2026-08-28,0.7984,605df903
momentum_3b en ticks ?,2026-08-30,0.8403,605df903
momentum_3b en ticks ?,2026-08-31,0.7832,605df903
momentum_3b en ticks ?,2026-09-01,0.8252,605df903
momentum_3b en ticks ?,2026-09-02,0.8256,605df903
momentum_3b en ticks ?,2026-09-03,0.8048,605df903
ctx_delta_sum_3 = somme delta 3 barres,2026-06-11,0.0,c43dc080
ctx_delta_sum_3 = somme delta 3 barres,2026-06-15,0.0061,114b1ca4
ctx_delta_sum_3 = somme delta 3 barres,2026-06-16,0.0,e7199bc7
ctx_delta_sum_3 = somme delta 3 barres,2026-06-17,0.0,e7199bc7
ctx_delta_sum_3 = somme delta 3 barres,2026-06-18,0.0044,e7199bc7
ctx_delta_sum_3 = somme delta 3 barres,2026-06-21,0.0,9238adc1
ctx_delta_sum_3 = somme delta 3 barres,2026-06-22,0.0,9238adc1
ctx_delta_sum_3 = somme delta 3 barres,2026-06-23,0.0,9238adc1
ctx_delta_sum_3 = somme delta 3 barres,2026-06-26,0.0016,9238adc1
ctx_delta_sum_3 = somme delta 3 barres,2026-06-28,0.0,944f7204
ctx_delta_sum_3 = somme delta 3 barres,2026-06-29,0.0,944f7204
ctx_delta_sum_3 = somme delta 3 barres,2026-07-01,0.0015,944f7204
ctx_delta_sum_3 = somme delta 3 barres,2026-07-02,0.0,944f7204
ctx_delta_sum_3 = somme delta 3 barres,2026-07-05,0.0,13efb186
ctx_delta_sum_3 = somme delta 3 barres,2026-07-06,0.0,13efb186
ctx_delta_sum_3 = somme delta 3 barres,2026-07-07,0.0,13efb186
ctx_delta_sum_3 = somme delta 3 barres,2026-07-08,0.0,13efb186
ctx_delta_sum_3 = somme delta 3 barres,2026-07-09,0.0,13efb186
ctx_delta_sum_3 = somme delta 3 barres,2026-07-10,0.0,13efb186
ctx_delta_sum_3 = somme delta 3 barres,2026-07-12,0.0,13efb186
ctx_delta_sum_3 = somme delta 3 barres,2026-07-13,0.0,13efb186
ctx_delta_sum_3 = somme delta 3 barres,2026-07-14,0.0,13efb186
ctx_delta_sum_3 = somme delta 3 barres,2026-07-15,0.0,13efb186
ctx_delta_sum_3 = somme delta 3 barres,2026-07-16,0.0,13efb186
ctx_delta_sum_3 = somme delta 3 barres,2026-07-17,0.0,f6003b62
ctx_delta_sum_3 = somme delta 3 barres,2026-07-19,0.0,f6003b62
ctx_delta_sum_3 = somme delta 3 barres,2026-07-20,0.0,f6003b62
ctx_delta_sum_3 = somme delta 3 barres,2026-07-21,0.0,f6003b62
ctx_delta_sum_3 = somme delta 3 barres,2026-07-22,0.0,ed53e566
ctx_delta_sum_3 = somme delta 3 barres,2026-07-23,0.0,ed53e566
ctx_delta_sum_3 = somme delta 3 barres,2026-07-24,0.0,ed53e566
ctx_delta_sum_3 = somme delta 3 barres,2026-07-26,0.0,4981d53a
ctx_delta_sum_3 = somme delta 3 barres,2026-07-27,0.0,4981d53a
ctx_delta_sum_3 = somme delta 3 barres,2026-07-28,0.0,4981d53a
ctx_delta_sum_3 = somme delta 3 barres,2026-07-29,0.0,4981d53a
ctx_delta_sum_3 = somme delta 3 barres,2026-07-30,0.0,4981d53a
ctx_delta_sum_3 = somme delta 3 barres,2026-07-31,0.0,4981d53a
ctx_delta_sum_3 = somme delta 3 barres,2026-08-04,0.0015,1d20af93
ctx_delta_sum_3 = somme delta 3 barres,2026-08-06,0.0015,feec66f6
ctx_delta_sum_3 = somme delta 3 barres,2026-08-07,0.0,287627ed
ctx_delta_sum_3 = somme delta 3 barres,2026-08-09,0.0,43f2daf5
ctx_delta_sum_3 = somme delta 3 barres,2026-08-11,0.0015,78177655
ctx_delta_sum_3 = somme delta 3 barres,2026-08-12,0.0,78177655
ctx_delta_sum_3 = somme delta 3 barres,2026-08-13,0.0,78177655
ctx_delta_sum_3 = somme delta 3 barres,2026-08-14,0.0,78177655
ctx_delta_sum_3 = somme delta 3 barres,2026-08-16,0.0,605df903
ctx_delta_sum_3 = somme delta 3 barres,2026-08-17,0.0007,605df903
ctx_delta_sum_3 = somme delta 3 barres,2026-08-18,0.0,605df903
ctx_delta_sum_3 = somme delta 3 barres,2026-08-19,0.0,605df903
ctx_delta_sum_3 = somme delta 3 barres,2026-08-20,0.0,605df903
ctx_delta_sum_3 = somme delta 3 barres,2026-08-21,0.0,605df903
ctx_delta_sum_3 = somme delta 3 barres,2026-08-23,0.0,605df903
ctx_delta_sum_3 = somme delta 3 barres,2026-08-24,0.0,605df903
ctx_delta_sum_3 = somme delta 3 barres,2026-08-25,0.0,605df903
ctx_delta_sum_3 = somme delta 3 barres,2026-08-26,0.0,605df903
ctx_delta_sum_3 = somme delta 3 barres,2026-08-27,0.0,605df903
ctx_delta_sum_3 = somme delta 3 barres,2026-08-28,0.0,605df903
ctx_delta_sum_3 = somme delta 3 barres,2026-08-30,0.0,605df903
ctx_delta_sum_3 = somme delta 3 barres,2026-08-31,0.0,605df903
ctx_delta_sum_3 = somme delta 3 barres,2026-09-01,0.0029,605df903
ctx_delta_sum_3 = somme delta 3 barres,2026-09-02,0.0015,605df903
ctx_delta_sum_3 = somme delta 3 barres,2026-09-03,0.0,605df903
ctx_delta_sum_10 = somme delta 10 barres,2026-06-11,0.0034,c43dc080
ctx_delta_sum_10 = somme delta 10 barres,2026-06-14,1.0,114b1ca4
ctx_delta_sum_10 = somme delta 10 barres,2026-06-15,0.0273,114b1ca4
ctx_delta_sum_10 = somme delta 10 barres,2026-06-16,0.0065,e7199bc7
ctx_delta_sum_10 = somme delta 10 barres,2026-06-17,0.0065,e7199bc7
ctx_delta_sum_10 = somme delta 10 barres,2026-06-18,0.0218,e7199bc7
ctx_delta_sum_10 = somme delta 10 barres,2026-06-21,0.0756,9238adc1
ctx_delta_sum_10 = somme delta 10 barres,2026-06-22,0.0065,9238adc1
ctx_delta_sum_10 = somme delta 10 barres,2026-06-23,0.0058,9238adc1
ctx_delta_sum_10 = somme delta 10 barres,2026-06-26,0.0071,9238adc1
ctx_delta_sum_10 = somme delta 10 barres,2026-06-28,0.0756,944f7204
ctx_delta_sum_10 = somme delta 10 barres,2026-06-29,0.0065,944f7204
ctx_delta_sum_10 = somme delta 10 barres,2026-07-01,0.0131,944f7204
ctx_delta_sum_10 = somme delta 10 barres,2026-07-02,0.0065,944f7204
ctx_delta_sum_10 = somme delta 10 barres,2026-07-05,0.0756,13efb186
ctx_delta_sum_10 = somme delta 10 barres,2026-07-06,0.0065,13efb186
ctx_delta_sum_10 = somme delta 10 barres,2026-07-07,0.0065,13efb186
ctx_delta_sum_10 = somme delta 10 barres,2026-07-08,0.0065,13efb186
ctx_delta_sum_10 = somme delta 10 barres,2026-07-09,0.0065,13efb186
ctx_delta_sum_10 = somme delta 10 barres,2026-07-10,0.0,13efb186
ctx_delta_sum_10 = somme delta 10 barres,2026-07-12,0.0756,13efb186
ctx_delta_sum_10 = somme delta 10 barres,2026-07-13,0.0065,13efb186
ctx_delta_sum_10 = somme delta 10 barres,2026-07-14,0.0065,13efb186
ctx_delta_sum_10 = somme delta 10 barres,2026-07-15,0.0065,13efb186
ctx_delta_sum_10 = somme delta 10 barres,2026-07-16,0.0065,13efb186
ctx_delta_sum_10 = somme delta 10 barres,2026-07-17,0.0,f6003b62
ctx_delta_sum_10 = somme delta 10 barres,2026-07-19,0.0756,f6003b62
ctx_delta_sum_10 = somme delta 10 barres,2026-07-20,0.0065,f6003b62
ctx_delta_sum_10 = somme delta 10 barres,2026-07-21,0.0065,f6003b62
ctx_delta_sum_10 = somme delta 10 barres,2026-07-22,0.0065,ed53e566
ctx_delta_sum_10 = somme delta 10 barres,2026-07-23,0.0065,ed53e566
ctx_delta_sum_10 = somme delta 10 barres,2026-07-24,0.0,ed53e566
ctx_delta_sum_10 = somme delta 10 barres,2026-07-26,0.0756,4981d53a
ctx_delta_sum_10 = somme delta 10 barres,2026-07-27,0.0065,4981d53a
ctx_delta_sum_10 = somme delta 10 barres,2026-07-28,0.0065,4981d53a
ctx_delta_sum_10 = somme delta 10 barres,2026-07-29,0.0065,4981d53a
ctx_delta_sum_10 = somme delta 10 barres,2026-07-30,0.0065,4981d53a
ctx_delta_sum_10 = somme delta 10 barres,2026-07-31,0.0,4981d53a
ctx_delta_sum_10 = somme delta 10 barres,2026-08-04,0.0131,1d20af93
ctx_delta_sum_10 = somme delta 10 barres,2026-08-06,0.0131,feec66f6
ctx_delta_sum_10 = somme delta 10 barres,2026-08-07,0.0,287627ed
ctx_delta_sum_10 = somme delta 10 barres,2026-08-09,0.0756,43f2daf5
ctx_delta_sum_10 = somme delta 10 barres,2026-08-11,0.0131,78177655
ctx_delta_sum_10 = somme delta 10 barres,2026-08-12,0.0065,78177655
ctx_delta_sum_10 = somme delta 10 barres,2026-08-13,0.0065,78177655
ctx_delta_sum_10 = somme delta 10 barres,2026-08-14,0.0,78177655
ctx_delta_sum_10 = somme delta 10 barres,2026-08-16,0.0756,605df903
ctx_delta_sum_10 = somme delta 10 barres,2026-08-17,0.0116,605df903
ctx_delta_sum_10 = somme delta 10 barres,2026-08-18,0.0065,605df903
ctx_delta_sum_10 = somme delta 10 barres,2026-08-19,0.0065,605df903
ctx_delta_sum_10 = somme delta 10 barres,2026-08-20,0.0065,605df903
ctx_delta_sum_10 = somme delta 10 barres,2026-08-21,0.0,605df903
ctx_delta_sum_10 = somme delta 10 barres,2026-08-23,0.0756,605df903
ctx_delta_sum_10 = somme delta 10 barres,2026-08-24,0.0065,605df903
ctx_delta_sum_10 = somme delta 10 barres,2026-08-25,0.0065,605df903
ctx_delta_sum_10 = somme delta 10 barres,2026-08-26,0.0065,605df903
ctx_delta_sum_10 = somme delta 10 barres,2026-08-27,0.0065,605df903
ctx_delta_sum_10 = somme delta 10 barres,2026-08-28,0.0,605df903
ctx_delta_sum_10 = somme delta 10 barres,2026-08-30,0.0756,605df903
ctx_delta_sum_10 = somme delta 10 barres,2026-08-31,0.0065,605df903
ctx_delta_sum_10 = somme delta 10 barres,2026-09-01,0.0146,605df903
ctx_delta_sum_10 = somme delta 10 barres,2026-09-02,0.0131,605df903
ctx_delta_sum_10 = somme delta 10 barres,2026-09-03,0.0065,605df903
ctx_price_slope_5 = close - close[-5],2026-06-11,0.9231,c43dc080
ctx_price_slope_5 = close - close[-5],2026-06-15,0.7456,114b1ca4
ctx_price_slope_5 = close - close[-5],2026-06-16,0.7724,e7199bc7
ctx_price_slope_5 = close - close[-5],2026-06-17,0.7702,e7199bc7
ctx_price_slope_5 = close - close[-5],2026-06-18,0.8134,e7199bc7
ctx_price_slope_5 = close - close[-5],2026-06-21,0.8348,9238adc1
ctx_price_slope_5 = close - close[-5],2026-06-22,0.8051,9238adc1
ctx_price_slope_5 = close - close[-5],2026-06-23,0.8793,9238adc1
ctx_price_slope_5 = close - close[-5],2026-06-26,0.8881,9238adc1
ctx_price_slope_5 = close - close[-5],2026-06-28,0.7565,944f7204
ctx_price_slope_5 = close - close[-5],2026-06-29,0.8015,944f7204
ctx_price_slope_5 = close - close[-5],2026-07-01,0.7585,944f7204
ctx_price_slope_5 = close - close[-5],2026-07-02,0.8457,944f7204
ctx_price_slope_5 = close - close[-5],2026-07-05,0.7391,13efb186
ctx_price_slope_5 = close - close[-5],2026-07-06,0.7615,13efb186
ctx_price_slope_5 = close - close[-5],2026-07-07,0.7607,13efb186
ctx_price_slope_5 = close - close[-5],2026-07-08,0.8291,13efb186
ctx_price_slope_5 = close - close[-5],2026-07-09,0.7702,13efb186
ctx_price_slope_5 = close - close[-5],2026-07-10,0.6857,13efb186
ctx_price_slope_5 = close - close[-5],2026-07-12,0.7478,13efb186
ctx_price_slope_5 = close - close[-5],2026-07-13,0.7876,13efb186
ctx_price_slope_5 = close - close[-5],2026-07-14,0.8116,13efb186
ctx_price_slope_5 = close - close[-5],2026-07-15,0.7324,13efb186
ctx_price_slope_5 = close - close[-5],2026-07-16,0.8086,13efb186
ctx_price_slope_5 = close - close[-5],2026-07-17,0.8468,f6003b62
ctx_price_slope_5 = close - close[-5],2026-07-19,0.8,f6003b62
ctx_price_slope_5 = close - close[-5],2026-07-20,0.8051,f6003b62
ctx_price_slope_5 = close - close[-5],2026-07-21,0.7067,f6003b62
ctx_price_slope_5 = close - close[-5],2026-07-22,0.7789,ed53e566
ctx_price_slope_5 = close - close[-5],2026-07-23,0.8291,ed53e566
ctx_price_slope_5 = close - close[-5],2026-07-24,0.8133,ed53e566
ctx_price_slope_5 = close - close[-5],2026-07-26,0.8087,4981d53a
ctx_price_slope_5 = close - close[-5],2026-07-27,0.7585,4981d53a
ctx_price_slope_5 = close - close[-5],2026-07-28,0.8429,4981d53a
ctx_price_slope_5 = close - close[-5],2026-07-29,0.8553,4981d53a
ctx_price_slope_5 = close - close[-5],2026-07-30,0.8364,4981d53a
ctx_price_slope_5 = close - close[-5],2026-07-31,0.8102,4981d53a
ctx_price_slope_5 = close - close[-5],2026-08-04,0.7396,1d20af93
ctx_price_slope_5 = close - close[-5],2026-08-06,0.7607,feec66f6
ctx_price_slope_5 = close - close[-5],2026-08-07,0.7246,287627ed
ctx_price_slope_5 = close - close[-5],2026-08-09,0.6435,43f2daf5
ctx_price_slope_5 = close - close[-5],2026-08-11,0.6667,78177655
ctx_price_slope_5 = close - close[-5],2026-08-12,0.6276,78177655
ctx_price_slope_5 = close - close[-5],2026-08-13,0.5869,78177655
ctx_price_slope_5 = close - close[-5],2026-08-14,0.556,78177655
ctx_price_slope_5 = close - close[-5],2026-08-16,0.3826,605df903
ctx_price_slope_5 = close - close[-5],2026-08-17,0.5594,605df903
ctx_price_slope_5 = close - close[-5],2026-08-18,0.7215,605df903
ctx_price_slope_5 = close - close[-5],2026-08-19,0.7498,605df903
ctx_price_slope_5 = close - close[-5],2026-08-20,0.7651,605df903
ctx_price_slope_5 = close - close[-5],2026-08-21,0.7167,605df903
ctx_price_slope_5 = close - close[-5],2026-08-23,0.513,605df903
ctx_price_slope_5 = close - close[-5],2026-08-24,0.7207,605df903
ctx_price_slope_5 = close - close[-5],2026-08-25,0.6931,605df903
ctx_price_slope_5 = close - close[-5],2026-08-26,0.7215,605df903
ctx_price_slope_5 = close - close[-5],2026-08-27,0.7215,605df903
ctx_price_slope_5 = close - close[-5],2026-08-28,0.7111,605df903
ctx_price_slope_5 = close - close[-5],2026-08-30,0.8174,605df903
ctx_price_slope_5 = close - close[-5],2026-08-31,0.6909,605df903
ctx_price_slope_5 = close - close[-5],2026-09-01,0.7268,605df903
ctx_price_slope_5 = close - close[-5],2026-09-02,0.7383,605df903
ctx_price_slope_5 = close - close[-5],2026-09-03,0.7016,605df903
atr_14m_pct = atr_14m*tick/close*100,2026-06-11,0.0,c43dc080
atr_14m_pct = atr_14m*tick/close*100,2026-06-14,0.0,114b1ca4
atr_14m_pct = atr_14m*tick/close*100,2026-06-15,0.0,114b1ca4
atr_14m_pct = atr_14m*tick/close*100,2026-06-16,0.0,e7199bc7
atr_14m_pct = atr_14m*tick/close*100,2026-06-17,0.0,e7199bc7
atr_14m_pct = atr_14m*tick/close*100,2026-06-18,0.0,e7199bc7
atr_14m_pct = atr_14m*tick/close*100,2026-06-21,0.0,9238adc1
atr_14m_pct = atr_14m*tick/close*100,2026-06-22,0.0,9238adc1
atr_14m_pct = atr_14m*tick/close*100,2026-06-23,0.0,9238adc1
atr_14m_pct = atr_14m*tick/close*100,2026-06-26,0.0,9238adc1
atr_14m_pct = atr_14m*tick/close*100,2026-06-28,0.0,944f7204
atr_14m_pct = atr_14m*tick/close*100,2026-06-29,0.0,944f7204
atr_14m_pct = atr_14m*tick/close*100,2026-07-01,0.0,944f7204
atr_14m_pct = atr_14m*tick/close*100,2026-07-02,0.0,944f7204
atr_14m_pct = atr_14m*tick/close*100,2026-07-05,0.0,13efb186
atr_14m_pct = atr_14m*tick/close*100,2026-07-06,0.0,13efb186
atr_14m_pct = atr_14m*tick/close*100,2026-07-07,0.0,13efb186
atr_14m_pct = atr_14m*tick/close*100,2026-07-08,0.0,13efb186
atr_14m_pct = atr_14m*tick/close*100,2026-07-09,0.0,13efb186
atr_14m_pct = atr_14m*tick/close*100,2026-07-10,0.0,13efb186
atr_14m_pct = atr_14m*tick/close*100,2026-07-12,0.0,13efb186
atr_14m_pct = atr_14m*tick/close*100,2026-07-13,0.0,13efb186
atr_14m_pct = atr_14m*tick/close*100,2026-07-14,0.0,13efb186
atr_14m_pct = atr_14m*tick/close*100,2026-07-15,0.0,13efb186
atr_14m_pct = atr_14m*tick/close*100,2026-07-16,0.0,13efb186
atr_14m_pct = atr_14m*tick/close*100,2026-07-17,0.0,f6003b62
atr_14m_pct = atr_14m*tick/close*100,2026-07-19,0.0,f6003b62
atr_14m_pct = atr_14m*tick/close*100,2026-07-20,0.0,f6003b62
atr_14m_pct = atr_14m*tick/close*100,2026-07-21,0.0,f6003b62
atr_14m_pct = atr_14m*tick/close*100,2026-07-22,0.0,ed53e566
atr_14m_pct = atr_14m*tick/close*100,2026-07-23,0.0,ed53e566
atr_14m_pct = atr_14m*tick/close*100,2026-07-24,0.0,ed53e566
atr_14m_pct = atr_14m*tick/close*100,2026-07-26,0.0,4981d53a
atr_14m_pct = atr_14m*tick/close*100,2026-07-27,0.0,4981d53a
atr_14m_pct = atr_14m*tick/close*100,2026-07-28,0.0,4981d53a
atr_14m_pct = atr_14m*tick/close*100,2026-07-29,0.0,4981d53a
atr_14m_pct = atr_14m*tick/close*100,2026-07-30,0.0,4981d53a
atr_14m_pct = atr_14m*tick/close*100,2026-07-31,0.0,4981d53a
atr_14m_pct = atr_14m*tick/close*100,2026-08-04,0.0,1d20af93
atr_14m_pct = atr_14m*tick/close*100,2026-08-06,0.0,feec66f6
atr_14m_pct = atr_14m*tick/close*100,2026-08-07,0.0,287627ed
atr_14m_pct = atr_14m*tick/close*100,2026-08-09,0.0,43f2daf5
atr_14m_pct = atr_14m*tick/close*100,2026-08-11,0.0,78177655
atr_14m_pct = atr_14m*tick/close*100,2026-08-12,0.0,78177655
atr_14m_pct = atr_14m*tick/close*100,2026-08-13,0.0,78177655
atr_14m_pct = atr_14m*tick/close*100,2026-08-14,0.0,78177655
atr_14m_pct = atr_14m*tick/close*100,2026-08-16,0.0,605df903
atr_14m_pct = atr_14m*tick/close*100,2026-08-17,0.0,605df903
atr_14m_pct = atr_14m*tick/close*100,2026-08-18,0.0,605df903
atr_14m_pct = atr_14m*tick/close*100,2026-08-19,0.0,605df903
atr_14m_pct = atr_14m*tick/close*100,2026-08-20,0.0,605df903
atr_14m_pct = atr_14m*tick/close*100,2026-08-21,0.0,605df903
atr_14m_pct = atr_14m*tick/close*100,2026-08-23,0.0,605df903
atr_14m_pct = atr_14m*tick/close*100,2026-08-24,0.0,605df903
atr_14m_pct = atr_14m*tick/close*100,2026-08-25,0.0,605df903
atr_14m_pct = atr_14m*tick/close*100,2026-08-26,0.0,605df903
atr_14m_pct = atr_14m*tick/close*100,2026-08-27,0.0,605df903
atr_14m_pct = atr_14m*tick/close*100,2026-08-28,0.0,605df903
atr_14m_pct = atr_14m*tick/close*100,2026-08-30,0.0,605df903
atr_14m_pct = atr_14m*tick/close*100,2026-08-31,0.0,605df903
atr_14m_pct = atr_14m*tick/close*100,2026-09-01,0.0,605df903
atr_14m_pct = atr_14m*tick/close*100,2026-09-02,0.0,605df903
atr_14m_pct = atr_14m*tick/close*100,2026-09-03,0.0,605df903
vol_per_sec = total_vol/bar_duration,2026-06-11,0.0,c43dc080
vol_per_sec = total_vol/bar_duration,2026-06-14,0.0,114b1ca4
vol_per_sec = total_vol/bar_duration,2026-06-15,0.0,114b1ca4
vol_per_sec = total_vol/bar_duration,2026-06-16,0.0,e7199bc7
vol_per_sec = total_vol/bar_duration,2026-06-17,0.0,e7199bc7
vol_per_sec = total_vol/bar_duration,2026-06-18,0.0,e7199bc7
vol_per_sec = total_vol/bar_duration,2026-06-21,0.0,9238adc1
vol_per_sec = total_vol/bar_duration,2026-06-22,0.0,9238adc1
vol_per_sec = total_vol/bar_duration,2026-06-23,0.0,9238adc1
vol_per_sec = total_vol/bar_duration,2026-06-26,0.0,9238adc1
vol_per_sec = total_vol/bar_duration,2026-06-28,0.0,944f7204
vol_per_sec = total_vol/bar_duration,2026-06-29,0.0,944f7204
vol_per_sec = total_vol/bar_duration,2026-07-01,0.0,944f7204
vol_per_sec = total_vol/bar_duration,2026-07-02,0.0,944f7204
vol_per_sec = total_vol/bar_duration,2026-07-05,0.0,13efb186
vol_per_sec = total_vol/bar_duration,2026-07-06,0.0,13efb186
vol_per_sec = total_vol/bar_duration,2026-07-07,0.0,13efb186
vol_per_sec = total_vol/bar_duration,2026-07-08,0.0,13efb186
vol_per_sec = total_vol/bar_duration,2026-07-09,0.0,13efb186
vol_per_sec = total_vol/bar_duration,2026-07-10,0.0,13efb186
vol_per_sec = total_vol/bar_duration,2026-07-12,0.0,13efb186
vol_per_sec = total_vol/bar_duration,2026-07-13,0.0,13efb186
vol_per_sec = total_vol/bar_duration,2026-07-14,0.0,13efb186
vol_per_sec = total_vol/bar_duration,2026-07-15,0.0,13efb186
vol_per_sec = total_vol/bar_duration,2026-07-16,0.0,13efb186
vol_per_sec = total_vol/bar_duration,2026-07-17,0.0,f6003b62
vol_per_sec = total_vol/bar_duration,2026-07-19,0.0,f6003b62
vol_per_sec = total_vol/bar_duration,2026-07-20,0.0,f6003b62
vol_per_sec = total_vol/bar_duration,2026-07-21,0.0,f6003b62
vol_per_sec = total_vol/bar_duration,2026-07-22,0.0,ed53e566
vol_per_sec = total_vol/bar_duration,2026-07-23,0.0,ed53e566
vol_per_sec = total_vol/bar_duration,2026-07-24,0.0,ed53e566
vol_per_sec = total_vol/bar_duration,2026-07-26,0.0,4981d53a
vol_per_sec = total_vol/bar_duration,2026-07-27,0.0,4981d53a
vol_per_sec = total_vol/bar_duration,2026-07-28,0.0,4981d53a
vol_per_sec = total_vol/bar_duration,2026-07-29,0.0,4981d53a
vol_per_sec = total_vol/bar_duration,2026-07-30,0.0,4981d53a
vol_per_sec = total_vol/bar_duration,2026-07-31,0.0,4981d53a
vol_per_sec = total_vol/bar_duration,2026-08-04,0.0,1d20af93
vol_per_sec = total_vol/bar_duration,2026-08-06,0.0,feec66f6
vol_per_sec = total_vol/bar_duration,2026-08-07,0.0,287627ed
vol_per_sec = total_vol/bar_duration,2026-08-09,0.0,43f2daf5
vol_per_sec = total_vol/bar_duration,2026-08-11,0.0,78177655
vol_per_sec = total_vol/bar_duration,2026-08-12,0.0,78177655
vol_per_sec = total_vol/bar_duration,2026-08-13,0.0,78177655
vol_per_sec = total_vol/bar_duration,2026-08-14,0.0,78177655
vol_per_sec = total_vol/bar_duration,2026-08-16,0.0,605df903
vol_per_sec = total_vol/bar_duration,2026-08-17,0.0,605df903
vol_per_sec = total_vol/bar_duration,2026-08-18,0.0,605df903
vol_per_sec = total_vol/bar_duration,2026-08-19,0.0,605df903
vol_per_sec = total_vol/bar_duration,2026-08-20,0.0,605df903
vol_per_sec = total_vol/bar_duration,2026-08-21,0.0,605df903
vol_per_sec = total_vol/bar_duration,2026-08-23,0.0,605df903
vol_per_sec = total_vol/bar_duration,2026-08-24,0.0,605df903
vol_per_sec = total_vol/bar_duration,2026-08-25,0.0,605df903
vol_per_sec = total_vol/bar_duration,2026-08-26,0.0,605df903
vol_per_sec = total_vol/bar_duration,2026-08-27,0.0,605df903
vol_per_sec = total_vol/bar_duration,2026-08-28,0.0,605df903
vol_per_sec = total_vol/bar_duration,2026-08-30,0.0,605df903
vol_per_sec = total_vol/bar_duration,2026-08-31,0.0,605df903
vol_per_sec = total_vol/bar_duration,2026-09-01,0.0,605df903
vol_per_sec = total_vol/bar_duration,2026-09-02,0.0,605df903
vol_per_sec = total_vol/bar_duration,2026-09-03,0.0,605df903
"finish_delta_pct dans [0,1]",2026-06-11,0.0,c43dc080
"finish_delta_pct dans [0,1]",2026-06-14,0.0,114b1ca4
"finish_delta_pct dans [0,1]",2026-06-15,0.0,114b1ca4
"finish_delta_pct dans [0,1]",2026-06-16,0.0,e7199bc7
"finish_delta_pct dans [0,1]",2026-06-17,0.0,e7199bc7
"finish_delta_pct dans [0,1]",2026-06-18,0.0,e7199bc7
"finish_delta_pct dans [0,1]",2026-06-21,0.0,9238adc1
"finish_delta_pct dans [0,1]",2026-06-22,0.0,9238adc1
"finish_delta_pct dans [0,1]",2026-06-23,0.0,9238adc1
"finish_delta_pct dans [0,1]",2026-06-26,0.0,9238adc1
"finish_delta_pct dans [0,1]",2026-06-28,0.0,944f7204
"finish_delta_pct dans [0,1]",2026-06-29,0.0,944f7204
"finish_delta_pct dans [0,1]",2026-07-01,0.0,944f7204
"finish_delta_pct dans [0,1]",2026-07-02,0.0,944f7204
"finish_delta_pct dans [0,1]",2026-07-05,0.0,13efb186
"finish_delta_pct dans [0,1]",2026-07-06,0.0,13efb186
"finish_delta_pct dans [0,1]",2026-07-07,0.0,13efb186
"finish_delta_pct dans [0,1]",2026-07-08,0.0,13efb186
"finish_delta_pct dans [0,1]",2026-07-09,0.0,13efb186
"finish_delta_pct dans [0,1]",2026-07-10,0.0,13efb186
"finish_delta_pct dans [0,1]",2026-07-12,0.0,13efb186
"finish_delta_pct dans [0,1]",2026-07-13,0.0,13efb186
"finish_delta_pct dans [0,1]",2026-07-14,0.0,13efb186
"finish_delta_pct dans [0,1]",2026-07-15,0.0,13efb186
"finish_delta_pct dans [0,1]",2026-07-16,0.0,13efb186
"finish_delta_pct dans [0,1]",2026-07-17,0.0,f6003b62
"finish_delta_pct dans [0,1]",2026-07-19,0.0,f6003b62
"finish_delta_pct dans [0,1]",2026-07-20,0.0,f6003b62
"finish_delta_pct dans [0,1]",2026-07-21,0.0,f6003b62
"finish_delta_pct dans [0,1]",2026-07-22,0.0,ed53e566
"finish_delta_pct dans [0,1]",2026-07-23,0.0,ed53e566
"finish_delta_pct dans [0,1]",2026-07-24,0.0,ed53e566
"finish_delta_pct dans [0,1]",2026-07-26,0.0,4981d53a
"finish_delta_pct dans [0,1]",2026-07-27,0.0,4981d53a
"finish_delta_pct dans [0,1]",2026-07-28,0.0,4981d53a
"finish_delta_pct dans [0,1]",2026-07-29,0.0,4981d53a
"finish_delta_pct dans [0,1]",2026-07-30,0.0,4981d53a
"finish_delta_pct dans [0,1]",2026-07-31,0.0,4981d53a
"finish_delta_pct dans [0,1]",2026-08-04,0.0,1d20af93
"finish_delta_pct dans [0,1]",2026-08-06,0.0,feec66f6
"finish_delta_pct dans [0,1]",2026-08-07,0.0,287627ed
"finish_delta_pct dans [0,1]",2026-08-09,0.0,43f2daf5
"finish_delta_pct dans [0,1]",2026-08-11,0.0,78177655
"finish_delta_pct dans [0,1]",2026-08-12,0.0,78177655
"finish_delta_pct dans [0,1]",2026-08-13,0.0,78177655
"finish_delta_pct dans [0,1]",2026-08-14,0.0,78177655
"finish_delta_pct dans [0,1]",2026-08-16,0.0,605df903
"finish_delta_pct dans [0,1]",2026-08-17,0.0,605df903
"finish_delta_pct dans [0,1]",2026-08-18,0.0,605df903
"finish_delta_pct dans [0,1]",2026-08-19,0.0,605df903
"finish_delta_pct dans [0,1]",2026-08-20,0.0,605df903
"finish_delta_pct dans [0,1]",2026-08-21,0.0,605df903
"finish_delta_pct dans [0,1]",2026-08-23,0.0,605df903
"finish_delta_pct dans [0,1]",2026-08-24,0.0,605df903
"finish_delta_pct dans [0,1]",2026-08-25,0.0,605df903
"finish_delta_pct dans [0,1]",2026-08-26,0.0,605df903
"finish_delta_pct dans [0,1]",2026-08-27,0.0,605df903
"finish_delta_pct dans [0,1]",2026-08-28,0.0,605df903
"finish_delta_pct dans [0,1]",2026-08-30,0.0,605df903
"finish_delta_pct dans [0,1]",2026-08-31,0.0,605df903
"finish_delta_pct dans [0,1]",2026-09-01,0.0,605df903
"finish_delta_pct dans [0,1]",2026-09-02,0.0,605df903
"finish_delta_pct dans [0,1]",2026-09-03,0.0,605df903
dist_1d_max_ticks = (pdh - close)/tick ?,2026-06-11,1.0,c43dc080
dist_1d_max_ticks = (pdh - close)/tick ?,2026-06-14,1.0,114b1ca4
dist_1d_max_ticks = (pdh - close)/tick ?,2026-06-15,1.0,114b1ca4
dist_1d_max_ticks = (pdh - close)/tick ?,2026-06-16,1.0,e7199bc7
dist_1d_max_ticks = (pdh - close)/tick ?,2026-06-17,1.0,e7199bc7
dist_1d_max_ticks = (pdh - close)/tick ?,2026-06-18,1.0,e7199bc7
dist_1d_max_ticks = (pdh - close)/tick ?,2026-06-21,1.0,9238adc1
dist_1d_max_ticks = (pdh - close)/tick ?,2026-06-22,1.0,9238adc1
dist_1d_max_ticks = (pdh - close)/tick ?,2026-06-23,1.0,9238adc1
dist_1d_max_ticks = (pdh - close)/tick ?,2026-06-26,1.0,9238adc1
dist_1d_max_ticks = (pdh - close)/tick ?,2026-06-28,1.0,944f7204
dist_1d_max_ticks = (pdh - close)/tick ?,2026-06-29,1.0,944f7204
dist_1d_max_ticks = (pdh - close)/tick ?,2026-07-01,1.0,944f7204
dist_1d_max_ticks = (pdh - close)/tick ?,2026-07-02,1.0,944f7204
dist_1d_max_ticks = (pdh - close)/tick ?,2026-07-05,1.0,13efb186
dist_1d_max_ticks = (pdh - close)/tick ?,2026-07-06,1.0,13efb186
dist_1d_max_ticks = (pdh - close)/tick ?,2026-07-07,1.0,13efb186
dist_1d_max_ticks = (pdh - close)/tick ?,2026-07-08,1.0,13efb186
dist_1d_max_ticks = (pdh - close)/tick ?,2026-07-09,1.0,13efb186
dist_1d_max_ticks = (pdh - close)/tick ?,2026-07-10,1.0,13efb186
dist_1d_max_ticks = (pdh - close)/tick ?,2026-07-12,1.0,13efb186
dist_1d_max_ticks = (pdh - close)/tick ?,2026-07-13,1.0,13efb186
dist_1d_max_ticks = (pdh - close)/tick ?,2026-07-14,1.0,13efb186
dist_1d_max_ticks = (pdh - close)/tick ?,2026-07-15,1.0,13efb186
dist_1d_max_ticks = (pdh - close)/tick ?,2026-07-16,1.0,13efb186
dist_1d_max_ticks = (pdh - close)/tick ?,2026-07-17,1.0,f6003b62
dist_1d_max_ticks = (pdh - close)/tick ?,2026-07-19,1.0,f6003b62
dist_1d_max_ticks = (pdh - close)/tick ?,2026-07-20,1.0,f6003b62
dist_1d_max_ticks = (pdh - close)/tick ?,2026-07-21,1.0,f6003b62
dist_1d_max_ticks = (pdh - close)/tick ?,2026-07-22,1.0,ed53e566
dist_1d_max_ticks = (pdh - close)/tick ?,2026-07-23,1.0,ed53e566
dist_1d_max_ticks = (pdh - close)/tick ?,2026-07-24,1.0,ed53e566
dist_1d_max_ticks = (pdh - close)/tick ?,2026-07-26,1.0,4981d53a
dist_1d_max_ticks = (pdh - close)/tick ?,2026-07-27,1.0,4981d53a
dist_1d_max_ticks = (pdh - close)/tick ?,2026-07-28,1.0,4981d53a
dist_1d_max_ticks = (pdh - close)/tick ?,2026-07-29,1.0,4981d53a
dist_1d_max_ticks = (pdh - close)/tick ?,2026-07-30,1.0,4981d53a
dist_1d_max_ticks = (pdh - close)/tick ?,2026-07-31,1.0,4981d53a
dist_1d_max_ticks = (pdh - close)/tick ?,2026-08-04,1.0,1d20af93
dist_1d_max_ticks = (pdh - close)/tick ?,2026-08-06,1.0,feec66f6
dist_1d_max_ticks = (pdh - close)/tick ?,2026-08-07,1.0,287627ed
dist_1d_max_ticks = (pdh - close)/tick ?,2026-08-09,1.0,43f2daf5
dist_1d_max_ticks = (pdh - close)/tick ?,2026-08-11,1.0,78177655
dist_1d_max_ticks = (pdh - close)/tick ?,2026-08-12,1.0,78177655
dist_1d_max_ticks = (pdh - close)/tick ?,2026-08-13,1.0,78177655
dist_1d_max_ticks = (pdh - close)/tick ?,2026-08-14,1.0,78177655
dist_1d_max_ticks = (pdh - close)/tick ?,2026-08-16,1.0,605df903
dist_1d_max_ticks = (pdh - close)/tick ?,2026-08-17,1.0,605df903
dist_1d_max_ticks = (pdh - close)/tick ?,2026-08-18,1.0,605df903
dist_1d_max_ticks = (pdh - close)/tick ?,2026-08-19,1.0,605df903
dist_1d_max_ticks = (pdh - close)/tick ?,2026-08-20,1.0,605df903
dist_1d_max_ticks = (pdh - close)/tick ?,2026-08-21,1.0,605df903
dist_1d_max_ticks = (pdh - close)/tick ?,2026-08-23,1.0,605df903
dist_1d_max_ticks = (pdh - close)/tick ?,2026-08-24,1.0,605df903
dist_1d_max_ticks = (pdh - close)/tick ?,2026-08-25,1.0,605df903
dist_1d_max_ticks = (pdh - close)/tick ?,2026-08-26,1.0,605df903
dist_1d_max_ticks = (pdh - close)/tick ?,2026-08-27,1.0,605df903
dist_1d_max_ticks = (pdh - close)/tick ?,2026-08-28,1.0,605df903
dist_1d_max_ticks = (pdh - close)/tick ?,2026-08-30,1.0,605df903
dist_1d_max_ticks = (pdh - close)/tick ?,2026-08-31,1.0,605df903
dist_1d_max_ticks = (pdh - close)/tick ?,2026-09-01,1.0,605df903
dist_1d_max_ticks = (pdh - close)/tick ?,2026-09-02,0.228,605df903
dist_1d_max_ticks = (pdh - close)/tick ?,2026-09-03,1.0,605df903
dist_1d_max_ticks = (pdh-close)/atr_14m ?,2026-06-11,1.0,c43dc080
dist_1d_max_ticks = (pdh-close)/atr_14m ?,2026-06-14,1.0,114b1ca4
dist_1d_max_ticks = (pdh-close)/atr_14m ?,2026-06-15,1.0,114b1ca4
dist_1d_max_ticks = (pdh-close)/atr_14m ?,2026-06-16,1.0,e7199bc7
dist_1d_max_ticks = (pdh-close)/atr_14m ?,2026-06-17,1.0,e7199bc7
dist_1d_max_ticks = (pdh-close)/atr_14m ?,2026-06-18,0.9993,e7199bc7
dist_1d_max_ticks = (pdh-close)/atr_14m ?,2026-06-21,1.0,9238adc1
dist_1d_max_ticks = (pdh-close)/atr_14m ?,2026-06-22,1.0,9238adc1
dist_1d_max_ticks = (pdh-close)/atr_14m ?,2026-06-23,1.0,9238adc1
dist_1d_max_ticks = (pdh-close)/atr_14m ?,2026-06-26,1.0,9238adc1
dist_1d_max_ticks = (pdh-close)/atr_14m ?,2026-06-28,1.0,944f7204
dist_1d_max_ticks = (pdh-close)/atr_14m ?,2026-06-29,0.9993,944f7204
dist_1d_max_ticks = (pdh-close)/atr_14m ?,2026-07-01,1.0,944f7204
dist_1d_max_ticks = (pdh-close)/atr_14m ?,2026-07-02,1.0,944f7204
dist_1d_max_ticks = (pdh-close)/atr_14m ?,2026-07-05,1.0,13efb186
dist_1d_max_ticks = (pdh-close)/atr_14m ?,2026-07-06,1.0,13efb186
dist_1d_max_ticks = (pdh-close)/atr_14m ?,2026-07-07,1.0,13efb186
dist_1d_max_ticks = (pdh-close)/atr_14m ?,2026-07-08,1.0,13efb186
dist_1d_max_ticks = (pdh-close)/atr_14m ?,2026-07-09,0.9993,13efb186
dist_1d_max_ticks = (pdh-close)/atr_14m ?,2026-07-10,1.0,13efb186
dist_1d_max_ticks = (pdh-close)/atr_14m ?,2026-07-12,1.0,13efb186
dist_1d_max_ticks = (pdh-close)/atr_14m ?,2026-07-13,1.0,13efb186
dist_1d_max_ticks = (pdh-close)/atr_14m ?,2026-07-14,1.0,13efb186
dist_1d_max_ticks = (pdh-close)/atr_14m ?,2026-07-15,1.0,13efb186
dist_1d_max_ticks = (pdh-close)/atr_14m ?,2026-07-16,1.0,13efb186
dist_1d_max_ticks = (pdh-close)/atr_14m ?,2026-07-17,1.0,f6003b62
dist_1d_max_ticks = (pdh-close)/atr_14m ?,2026-07-19,1.0,f6003b62
dist_1d_max_ticks = (pdh-close)/atr_14m ?,2026-07-20,1.0,f6003b62
dist_1d_max_ticks = (pdh-close)/atr_14m ?,2026-07-21,1.0,f6003b62
dist_1d_max_ticks = (pdh-close)/atr_14m ?,2026-07-22,1.0,ed53e566
dist_1d_max_ticks = (pdh-close)/atr_14m ?,2026-07-23,1.0,ed53e566
dist_1d_max_ticks = (pdh-close)/atr_14m ?,2026-07-24,1.0,ed53e566
dist_1d_max_ticks = (pdh-close)/atr_14m ?,2026-07-26,1.0,4981d53a
dist_1d_max_ticks = (pdh-close)/atr_14m ?,2026-07-27,0.9993,4981d53a
dist_1d_max_ticks = (pdh-close)/atr_14m ?,2026-07-28,1.0,4981d53a
dist_1d_max_ticks = (pdh-close)/atr_14m ?,2026-07-29,1.0,4981d53a
dist_1d_max_ticks = (pdh-close)/atr_14m ?,2026-07-30,1.0,4981d53a
dist_1d_max_ticks = (pdh-close)/atr_14m ?,2026-07-31,1.0,4981d53a
dist_1d_max_ticks = (pdh-close)/atr_14m ?,2026-08-04,0.9993,1d20af93
dist_1d_max_ticks = (pdh-close)/atr_14m ?,2026-08-06,1.0,feec66f6
dist_1d_max_ticks = (pdh-close)/atr_14m ?,2026-08-07,1.0,287627ed
dist_1d_max_ticks = (pdh-close)/atr_14m ?,2026-08-09,1.0,43f2daf5
dist_1d_max_ticks = (pdh-close)/atr_14m ?,2026-08-11,1.0,78177655
dist_1d_max_ticks = (pdh-close)/atr_14m ?,2026-08-12,1.0,78177655
dist_1d_max_ticks = (pdh-close)/atr_14m ?,2026-08-13,1.0,78177655
dist_1d_max_ticks = (pdh-close)/atr_14m ?,2026-08-14,0.9992,78177655
dist_1d_max_ticks = (pdh-close)/atr_14m ?,2026-08-16,1.0,605df903
dist_1d_max_ticks = (pdh-close)/atr_14m ?,2026-08-17,1.0,605df903
dist_1d_max_ticks = (pdh-close)/atr_14m ?,2026-08-18,1.0,605df903
dist_1d_max_ticks = (pdh-close)/atr_14m ?,2026-08-19,1.0,605df903
dist_1d_max_ticks = (pdh-close)/atr_14m ?,2026-08-20,1.0,605df903
dist_1d_max_ticks = (pdh-close)/atr_14m ?,2026-08-21,1.0,605df903
dist_1d_max_ticks = (pdh-close)/atr_14m ?,2026-08-23,1.0,605df903
dist_1d_max_ticks = (pdh-close)/atr_14m ?,2026-08-24,1.0,605df903
dist_1d_max_ticks = (pdh-close)/atr_14m ?,2026-08-25,1.0,605df903
dist_1d_max_ticks = (pdh-close)/atr_14m ?,2026-08-26,1.0,605df903
dist_1d_max_ticks = (pdh-close)/atr_14m ?,2026-08-27,1.0,605df903
dist_1d_max_ticks = (pdh-close)/atr_14m ?,2026-08-28,1.0,605df903
dist_1d_max_ticks = (pdh-close)/atr_14m ?,2026-08-30,1.0,605df903
dist_1d_max_ticks = (pdh-close)/atr_14m ?,2026-08-31,1.0,605df903
dist_1d_max_ticks = (pdh-close)/atr_14m ?,2026-09-01,1.0,605df903
dist_1d_max_ticks = (pdh-close)/atr_14m ?,2026-09-02,1.0,605df903
dist_1d_max_ticks = (pdh-close)/atr_14m ?,2026-09-03,1.0,605df903
dist_1d_max_ticks = (pdh-close)/atr ?,2026-06-11,1.0,c43dc080
dist_1d_max_ticks = (pdh-close)/atr ?,2026-06-14,1.0,114b1ca4
dist_1d_max_ticks = (pdh-close)/atr ?,2026-06-15,0.9992,114b1ca4
dist_1d_max_ticks = (pdh-close)/atr ?,2026-06-16,1.0,e7199bc7
dist_1d_max_ticks = (pdh-close)/atr ?,2026-06-17,1.0,e7199bc7
dist_1d_max_ticks = (pdh-close)/atr ?,2026-06-18,1.0,e7199bc7
dist_1d_max_ticks = (pdh-close)/atr ?,2026-06-21,1.0,9238adc1
dist_1d_max_ticks = (pdh-close)/atr ?,2026-06-22,1.0,9238adc1
dist_1d_max_ticks = (pdh-close)/atr ?,2026-06-23,1.0,9238adc1
dist_1d_max_ticks = (pdh-close)/atr ?,2026-06-26,1.0,9238adc1
dist_1d_max_ticks = (pdh-close)/atr ?,2026-06-28,1.0,944f7204
dist_1d_max_ticks = (pdh-close)/atr ?,2026-06-29,1.0,944f7204
dist_1d_max_ticks = (pdh-close)/atr ?,2026-07-01,1.0,944f7204
dist_1d_max_ticks = (pdh-close)/atr ?,2026-07-02,1.0,944f7204
dist_1d_max_ticks = (pdh-close)/atr ?,2026-07-05,1.0,13efb186
dist_1d_max_ticks = (pdh-close)/atr ?,2026-07-06,0.9985,13efb186
dist_1d_max_ticks = (pdh-close)/atr ?,2026-07-07,0.9993,13efb186
dist_1d_max_ticks = (pdh-close)/atr ?,2026-07-08,1.0,13efb186
dist_1d_max_ticks = (pdh-close)/atr ?,2026-07-09,1.0,13efb186
dist_1d_max_ticks = (pdh-close)/atr ?,2026-07-10,1.0,13efb186
dist_1d_max_ticks = (pdh-close)/atr ?,2026-07-12,1.0,13efb186
dist_1d_max_ticks = (pdh-close)/atr ?,2026-07-13,1.0,13efb186
dist_1d_max_ticks = (pdh-close)/atr ?,2026-07-14,1.0,13efb186
dist_1d_max_ticks = (pdh-close)/atr ?,2026-07-15,1.0,13efb186
dist_1d_max_ticks = (pdh-close)/atr ?,2026-07-16,1.0,13efb186
dist_1d_max_ticks = (pdh-close)/atr ?,2026-07-17,1.0,f6003b62
dist_1d_max_ticks = (pdh-close)/atr ?,2026-07-19,1.0,f6003b62
dist_1d_max_ticks = (pdh-close)/atr ?,2026-07-20,1.0,f6003b62
dist_1d_max_ticks = (pdh-close)/atr ?,2026-07-21,1.0,f6003b62
dist_1d_max_ticks = (pdh-close)/atr ?,2026-07-22,1.0,ed53e566
dist_1d_max_ticks = (pdh-close)/atr ?,2026-07-23,1.0,ed53e566
dist_1d_max_ticks = (pdh-close)/atr ?,2026-07-24,1.0,ed53e566
dist_1d_max_ticks = (pdh-close)/atr ?,2026-07-26,1.0,4981d53a
dist_1d_max_ticks = (pdh-close)/atr ?,2026-07-27,1.0,4981d53a
dist_1d_max_ticks = (pdh-close)/atr ?,2026-07-28,1.0,4981d53a
dist_1d_max_ticks = (pdh-close)/atr ?,2026-07-29,1.0,4981d53a
dist_1d_max_ticks = (pdh-close)/atr ?,2026-07-30,0.9985,4981d53a
dist_1d_max_ticks = (pdh-close)/atr ?,2026-07-31,1.0,4981d53a
dist_1d_max_ticks = (pdh-close)/atr ?,2026-08-04,1.0,1d20af93
dist_1d_max_ticks = (pdh-close)/atr ?,2026-08-06,1.0,feec66f6
dist_1d_max_ticks = (pdh-close)/atr ?,2026-08-07,1.0,287627ed
dist_1d_max_ticks = (pdh-close)/atr ?,2026-08-09,1.0,43f2daf5
dist_1d_max_ticks = (pdh-close)/atr ?,2026-08-11,1.0,78177655
dist_1d_max_ticks = (pdh-close)/atr ?,2026-08-12,1.0,78177655
dist_1d_max_ticks = (pdh-close)/atr ?,2026-08-13,1.0,78177655
dist_1d_max_ticks = (pdh-close)/atr ?,2026-08-14,1.0,78177655
dist_1d_max_ticks = (pdh-close)/atr ?,2026-08-16,1.0,605df903
dist_1d_max_ticks = (pdh-close)/atr ?,2026-08-17,1.0,605df903
dist_1d_max_ticks = (pdh-close)/atr ?,2026-08-18,1.0,605df903
dist_1d_max_ticks = (pdh-close)/atr ?,2026-08-19,1.0,605df903
dist_1d_max_ticks = (pdh-close)/atr ?,2026-08-20,1.0,605df903
dist_1d_max_ticks = (pdh-close)/atr ?,2026-08-21,1.0,605df903
dist_1d_max_ticks = (pdh-close)/atr ?,2026-08-23,1.0,605df903
dist_1d_max_ticks = (pdh-close)/atr ?,2026-08-24,1.0,605df903
dist_1d_max_ticks = (pdh-close)/atr ?,2026-08-25,1.0,605df903
dist_1d_max_ticks = (pdh-close)/atr ?,2026-08-26,1.0,605df903
dist_1d_max_ticks = (pdh-close)/atr ?,2026-08-27,1.0,605df903
dist_1d_max_ticks = (pdh-close)/atr ?,2026-08-28,1.0,605df903
dist_1d_max_ticks = (pdh-close)/atr ?,2026-08-30,1.0,605df903
dist_1d_max_ticks = (pdh-close)/atr ?,2026-08-31,1.0,605df903
dist_1d_max_ticks = (pdh-close)/atr ?,2026-09-01,1.0,605df903
dist_1d_max_ticks = (pdh-close)/atr ?,2026-09-02,1.0,605df903
dist_1d_max_ticks = (pdh-close)/atr ?,2026-09-03,1.0,605df903
bool_above_vwap_d = (close > vwap_d),2026-06-11,0.0033,c43dc080
bool_above_vwap_d = (close > vwap_d),2026-06-14,0.0,114b1ca4
bool_above_vwap_d = (close > vwap_d),2026-06-15,0.0,114b1ca4
bool_above_vwap_d = (close > vwap_d),2026-06-16,0.0007,e7199bc7
bool_above_vwap_d = (close > vwap_d),2026-06-17,0.0,e7199bc7
bool_above_vwap_d = (close > vwap_d),2026-06-18,0.0,e7199bc7
bool_above_vwap_d = (close > vwap_d),2026-06-21,0.0,9238adc1
bool_above_vwap_d = (close > vwap_d),2026-06-22,0.0,9238adc1
bool_above_vwap_d = (close > vwap_d),2026-06-23,0.0,9238adc1
bool_above_vwap_d = (close > vwap_d),2026-06-26,0.0,9238adc1
bool_above_vwap_d = (close > vwap_d),2026-06-28,0.0,944f7204
bool_above_vwap_d = (close > vwap_d),2026-06-29,0.0,944f7204
bool_above_vwap_d = (close > vwap_d),2026-07-01,0.0,944f7204
bool_above_vwap_d = (close > vwap_d),2026-07-02,0.0,944f7204
bool_above_vwap_d = (close > vwap_d),2026-07-05,0.0,13efb186
bool_above_vwap_d = (close > vwap_d),2026-07-06,0.0,13efb186
bool_above_vwap_d = (close > vwap_d),2026-07-07,0.0,13efb186
bool_above_vwap_d = (close > vwap_d),2026-07-08,0.0015,13efb186
bool_above_vwap_d = (close > vwap_d),2026-07-09,0.0,13efb186
bool_above_vwap_d = (close > vwap_d),2026-07-10,0.0,13efb186
bool_above_vwap_d = (close > vwap_d),2026-07-12,0.0,13efb186
bool_above_vwap_d = (close > vwap_d),2026-07-13,0.0,13efb186
bool_above_vwap_d = (close > vwap_d),2026-07-14,0.0,13efb186
bool_above_vwap_d = (close > vwap_d),2026-07-15,0.0,13efb186
bool_above_vwap_d = (close > vwap_d),2026-07-16,0.0,13efb186
bool_above_vwap_d = (close > vwap_d),2026-07-17,0.0,f6003b62
bool_above_vwap_d = (close > vwap_d),2026-07-19,0.0,f6003b62
bool_above_vwap_d = (close > vwap_d),2026-07-20,0.0007,f6003b62
bool_above_vwap_d = (close > vwap_d),2026-07-21,0.0,f6003b62
bool_above_vwap_d = (close > vwap_d),2026-07-22,0.0,ed53e566
bool_above_vwap_d = (close > vwap_d),2026-07-23,0.0,ed53e566
bool_above_vwap_d = (close > vwap_d),2026-07-24,0.0,ed53e566
bool_above_vwap_d = (close > vwap_d),2026-07-26,0.0,4981d53a
bool_above_vwap_d = (close > vwap_d),2026-07-27,0.0007,4981d53a
bool_above_vwap_d = (close > vwap_d),2026-07-28,0.0,4981d53a
bool_above_vwap_d = (close > vwap_d),2026-07-29,0.0007,4981d53a
bool_above_vwap_d = (close > vwap_d),2026-07-30,0.0,4981d53a
bool_above_vwap_d = (close > vwap_d),2026-07-31,0.0008,4981d53a
bool_above_vwap_d = (close > vwap_d),2026-08-04,0.0,1d20af93
bool_above_vwap_d = (close > vwap_d),2026-08-06,0.0007,feec66f6
bool_above_vwap_d = (close > vwap_d),2026-08-07,0.0,287627ed
bool_above_vwap_d = (close > vwap_d),2026-08-09,0.0,43f2daf5
bool_above_vwap_d = (close > vwap_d),2026-08-11,0.0,78177655
bool_above_vwap_d = (close > vwap_d),2026-08-12,0.0007,78177655
bool_above_vwap_d = (close > vwap_d),2026-08-13,0.0,78177655
bool_above_vwap_d = (close > vwap_d),2026-08-14,0.0,78177655
bool_above_vwap_d = (close > vwap_d),2026-08-16,0.0,605df903
bool_above_vwap_d = (close > vwap_d),2026-08-17,0.0007,605df903
bool_above_vwap_d = (close > vwap_d),2026-08-18,0.0,605df903
bool_above_vwap_d = (close > vwap_d),2026-08-19,0.0,605df903
bool_above_vwap_d = (close > vwap_d),2026-08-20,0.0,605df903
bool_above_vwap_d = (close > vwap_d),2026-08-21,0.0,605df903
bool_above_vwap_d = (close > vwap_d),2026-08-23,0.0084,605df903
bool_above_vwap_d = (close > vwap_d),2026-08-24,0.0,605df903
bool_above_vwap_d = (close > vwap_d),2026-08-25,0.0,605df903
bool_above_vwap_d = (close > vwap_d),2026-08-26,0.0007,605df903
bool_above_vwap_d = (close > vwap_d),2026-08-27,0.0,605df903
bool_above_vwap_d = (close > vwap_d),2026-08-28,0.004,605df903
bool_above_vwap_d = (close > vwap_d),2026-08-30,0.0,605df903
bool_above_vwap_d = (close > vwap_d),2026-08-31,0.0,605df903
bool_above_vwap_d = (close > vwap_d),2026-09-01,0.0,605df903
bool_above_vwap_d = (close > vwap_d),2026-09-02,0.0,605df903
bool_above_vwap_d = (close > vwap_d),2026-09-03,0.0,605df903
vwap_d_side = sign(close - vwap_d),2026-06-11,0.0033,c43dc080
vwap_d_side = sign(close - vwap_d),2026-06-14,0.0,114b1ca4
vwap_d_side = sign(close - vwap_d),2026-06-15,0.0,114b1ca4
vwap_d_side = sign(close - vwap_d),2026-06-16,0.0007,e7199bc7
vwap_d_side = sign(close - vwap_d),2026-06-17,0.0,e7199bc7
vwap_d_side = sign(close - vwap_d),2026-06-18,0.0,e7199bc7
vwap_d_side = sign(close - vwap_d),2026-06-21,0.0,9238adc1
vwap_d_side = sign(close - vwap_d),2026-06-22,0.0,9238adc1
vwap_d_side = sign(close - vwap_d),2026-06-23,0.0,9238adc1
vwap_d_side = sign(close - vwap_d),2026-06-26,0.0,9238adc1
vwap_d_side = sign(close - vwap_d),2026-06-28,0.0,944f7204
vwap_d_side = sign(close - vwap_d),2026-06-29,0.0,944f7204
vwap_d_side = sign(close - vwap_d),2026-07-01,0.0,944f7204
vwap_d_side = sign(close - vwap_d),2026-07-02,0.0,944f7204
vwap_d_side = sign(close - vwap_d),2026-07-05,0.0,13efb186
vwap_d_side = sign(close - vwap_d),2026-07-06,0.0,13efb186
vwap_d_side = sign(close - vwap_d),2026-07-07,0.0,13efb186
vwap_d_side = sign(close - vwap_d),2026-07-08,0.0015,13efb186
vwap_d_side = sign(close - vwap_d),2026-07-09,0.0,13efb186
vwap_d_side = sign(close - vwap_d),2026-07-10,0.0,13efb186
vwap_d_side = sign(close - vwap_d),2026-07-12,0.0,13efb186
vwap_d_side = sign(close - vwap_d),2026-07-13,0.0,13efb186
vwap_d_side = sign(close - vwap_d),2026-07-14,0.0,13efb186
vwap_d_side = sign(close - vwap_d),2026-07-15,0.0,13efb186
vwap_d_side = sign(close - vwap_d),2026-07-16,0.0,13efb186
vwap_d_side = sign(close - vwap_d),2026-07-17,0.0,f6003b62
vwap_d_side = sign(close - vwap_d),2026-07-19,0.0,f6003b62
vwap_d_side = sign(close - vwap_d),2026-07-20,0.0007,f6003b62
vwap_d_side = sign(close - vwap_d),2026-07-21,0.0,f6003b62
vwap_d_side = sign(close - vwap_d),2026-07-22,0.0,ed53e566
vwap_d_side = sign(close - vwap_d),2026-07-23,0.0,ed53e566
vwap_d_side = sign(close - vwap_d),2026-07-24,0.0,ed53e566
vwap_d_side = sign(close - vwap_d),2026-07-26,0.0,4981d53a
vwap_d_side = sign(close - vwap_d),2026-07-27,0.0007,4981d53a
vwap_d_side = sign(close - vwap_d),2026-07-28,0.0,4981d53a
vwap_d_side = sign(close - vwap_d),2026-07-29,0.0007,4981d53a
vwap_d_side = sign(close - vwap_d),2026-07-30,0.0,4981d53a
vwap_d_side = sign(close - vwap_d),2026-07-31,0.0016,4981d53a
vwap_d_side = sign(close - vwap_d),2026-08-04,0.0,1d20af93
vwap_d_side = sign(close - vwap_d),2026-08-06,0.0007,feec66f6
vwap_d_side = sign(close - vwap_d),2026-08-07,0.0,287627ed
vwap_d_side = sign(close - vwap_d),2026-08-09,0.0,43f2daf5
vwap_d_side = sign(close - vwap_d),2026-08-11,0.0007,78177655
vwap_d_side = sign(close - vwap_d),2026-08-12,0.0007,78177655
vwap_d_side = sign(close - vwap_d),2026-08-13,0.0,78177655
vwap_d_side = sign(close - vwap_d),2026-08-14,0.0,78177655
vwap_d_side = sign(close - vwap_d),2026-08-16,0.0,605df903
vwap_d_side = sign(close - vwap_d),2026-08-17,0.0007,605df903
vwap_d_side = sign(close - vwap_d),2026-08-18,0.0,605df903
vwap_d_side = sign(close - vwap_d),2026-08-19,0.0,605df903
vwap_d_side = sign(close - vwap_d),2026-08-20,0.0022,605df903
vwap_d_side = sign(close - vwap_d),2026-08-21,0.0,605df903
vwap_d_side = sign(close - vwap_d),2026-08-23,0.0084,605df903
vwap_d_side = sign(close - vwap_d),2026-08-24,0.0,605df903
vwap_d_side = sign(close - vwap_d),2026-08-25,0.0,605df903
vwap_d_side = sign(close - vwap_d),2026-08-26,0.0007,605df903
vwap_d_side = sign(close - vwap_d),2026-08-27,0.0,605df903
vwap_d_side = sign(close - vwap_d),2026-08-28,0.004,605df903
vwap_d_side = sign(close - vwap_d),2026-08-30,0.0,605df903
vwap_d_side = sign(close - vwap_d),2026-08-31,0.0,605df903
vwap_d_side = sign(close - vwap_d),2026-09-01,0.0007,605df903
vwap_d_side = sign(close - vwap_d),2026-09-02,0.0015,605df903
vwap_d_side = sign(close - vwap_d),2026-09-03,0.0,605df903
inside_cur_va = val<=close<=vah,2026-06-11,0.0,c43dc080
inside_cur_va = val<=close<=vah,2026-06-14,0.0,114b1ca4
inside_cur_va = val<=close<=vah,2026-06-15,0.0,114b1ca4
inside_cur_va = val<=close<=vah,2026-06-16,0.0,e7199bc7
inside_cur_va = val<=close<=vah,2026-06-17,0.0,e7199bc7
inside_cur_va = val<=close<=vah,2026-06-18,0.0,e7199bc7
inside_cur_va = val<=close<=vah,2026-06-21,0.0,9238adc1
inside_cur_va = val<=close<=vah,2026-06-22,0.0,9238adc1
inside_cur_va = val<=close<=vah,2026-06-23,0.0,9238adc1
inside_cur_va = val<=close<=vah,2026-06-26,0.0,9238adc1
inside_cur_va = val<=close<=vah,2026-06-28,0.0,944f7204
inside_cur_va = val<=close<=vah,2026-06-29,0.0,944f7204
inside_cur_va = val<=close<=vah,2026-07-01,0.0,944f7204
inside_cur_va = val<=close<=vah,2026-07-02,0.0,944f7204
inside_cur_va = val<=close<=vah,2026-07-05,0.0,13efb186
inside_cur_va = val<=close<=vah,2026-07-06,0.0007,13efb186
inside_cur_va = val<=close<=vah,2026-07-07,0.0,13efb186
inside_cur_va = val<=close<=vah,2026-07-08,0.0,13efb186
inside_cur_va = val<=close<=vah,2026-07-09,0.0,13efb186
inside_cur_va = val<=close<=vah,2026-07-10,0.0,13efb186
inside_cur_va = val<=close<=vah,2026-07-12,0.0,13efb186
inside_cur_va = val<=close<=vah,2026-07-13,0.0,13efb186
inside_cur_va = val<=close<=vah,2026-07-14,0.0,13efb186
inside_cur_va = val<=close<=vah,2026-07-15,0.0,13efb186
inside_cur_va = val<=close<=vah,2026-07-16,0.0,13efb186
inside_cur_va = val<=close<=vah,2026-07-17,0.0,f6003b62
inside_cur_va = val<=close<=vah,2026-07-19,0.0,f6003b62
inside_cur_va = val<=close<=vah,2026-07-20,0.0007,f6003b62
inside_cur_va = val<=close<=vah,2026-07-21,0.0,f6003b62
inside_cur_va = val<=close<=vah,2026-07-22,0.0,ed53e566
inside_cur_va = val<=close<=vah,2026-07-23,0.0,ed53e566
inside_cur_va = val<=close<=vah,2026-07-24,0.0,ed53e566
inside_cur_va = val<=close<=vah,2026-07-26,0.0,4981d53a
inside_cur_va = val<=close<=vah,2026-07-27,0.0,4981d53a
inside_cur_va = val<=close<=vah,2026-07-28,0.0,4981d53a
inside_cur_va = val<=close<=vah,2026-07-29,0.0,4981d53a
inside_cur_va = val<=close<=vah,2026-07-30,0.0,4981d53a
inside_cur_va = val<=close<=vah,2026-07-31,0.0,4981d53a
inside_cur_va = val<=close<=vah,2026-08-04,0.0,1d20af93
inside_cur_va = val<=close<=vah,2026-08-06,0.0,feec66f6
inside_cur_va = val<=close<=vah,2026-08-07,0.0,287627ed
inside_cur_va = val<=close<=vah,2026-08-09,0.0,43f2daf5
inside_cur_va = val<=close<=vah,2026-08-11,0.0,78177655
inside_cur_va = val<=close<=vah,2026-08-12,0.0,78177655
inside_cur_va = val<=close<=vah,2026-08-13,0.0,78177655
inside_cur_va = val<=close<=vah,2026-08-14,0.0008,78177655
inside_cur_va = val<=close<=vah,2026-08-16,0.0,605df903
inside_cur_va = val<=close<=vah,2026-08-17,0.0,605df903
inside_cur_va = val<=close<=vah,2026-08-18,0.0007,605df903
inside_cur_va = val<=close<=vah,2026-08-19,0.0,605df903
inside_cur_va = val<=close<=vah,2026-08-20,0.0,605df903
inside_cur_va = val<=close<=vah,2026-08-21,0.0,605df903
inside_cur_va = val<=close<=vah,2026-08-23,0.0,605df903
inside_cur_va = val<=close<=vah,2026-08-24,0.0007,605df903
inside_cur_va = val<=close<=vah,2026-08-25,0.0,605df903
inside_cur_va = val<=close<=vah,2026-08-26,0.0,605df903
inside_cur_va = val<=close<=vah,2026-08-27,0.0,605df903
inside_cur_va = val<=close<=vah,2026-08-28,0.0,605df903
inside_cur_va = val<=close<=vah,2026-08-30,0.0,605df903
inside_cur_va = val<=close<=vah,2026-08-31,0.0007,605df903
inside_cur_va = val<=close<=vah,2026-09-01,0.0,605df903
inside_cur_va = val<=close<=vah,2026-09-02,0.0,605df903
inside_cur_va = val<=close<=vah,2026-09-03,0.0,605df903
bool_above_pdh <-> dist_pdh<0,2026-06-11,0.0787,c43dc080
bool_above_pdh <-> dist_pdh<0,2026-06-14,0.5,114b1ca4
bool_above_pdh <-> dist_pdh<0,2026-06-15,0.9516,114b1ca4
bool_above_pdh <-> dist_pdh<0,2026-06-16,0.0,e7199bc7
bool_above_pdh <-> dist_pdh<0,2026-06-17,0.0,e7199bc7
bool_above_pdh <-> dist_pdh<0,2026-06-18,0.0,e7199bc7
bool_above_pdh <-> dist_pdh<0,2026-06-21,0.0,9238adc1
bool_above_pdh <-> dist_pdh<0,2026-06-22,0.4322,9238adc1
bool_above_pdh <-> dist_pdh<0,2026-06-23,0.0,9238adc1
bool_above_pdh <-> dist_pdh<0,2026-06-26,0.0,9238adc1
bool_above_pdh <-> dist_pdh<0,2026-06-28,0.0,944f7204
bool_above_pdh <-> dist_pdh<0,2026-06-29,0.0,944f7204
bool_above_pdh <-> dist_pdh<0,2026-07-01,0.0,944f7204
bool_above_pdh <-> dist_pdh<0,2026-07-02,0.0,944f7204
bool_above_pdh <-> dist_pdh<0,2026-07-05,0.0,13efb186
bool_above_pdh <-> dist_pdh<0,2026-07-06,0.0,13efb186
bool_above_pdh <-> dist_pdh<0,2026-07-07,0.0,13efb186
bool_above_pdh <-> dist_pdh<0,2026-07-08,0.0,13efb186
bool_above_pdh <-> dist_pdh<0,2026-07-09,0.0,13efb186
bool_above_pdh <-> dist_pdh<0,2026-07-10,0.0,13efb186
bool_above_pdh <-> dist_pdh<0,2026-07-12,0.0,13efb186
bool_above_pdh <-> dist_pdh<0,2026-07-13,0.0,13efb186
bool_above_pdh <-> dist_pdh<0,2026-07-14,0.0,13efb186
bool_above_pdh <-> dist_pdh<0,2026-07-15,0.0,13efb186
bool_above_pdh <-> dist_pdh<0,2026-07-16,0.0,13efb186
bool_above_pdh <-> dist_pdh<0,2026-07-17,0.0,f6003b62
bool_above_pdh <-> dist_pdh<0,2026-07-19,0.0,f6003b62
bool_above_pdh <-> dist_pdh<0,2026-07-20,0.0,f6003b62
bool_above_pdh <-> dist_pdh<0,2026-07-21,0.0,f6003b62
bool_above_pdh <-> dist_pdh<0,2026-07-22,0.0,ed53e566
bool_above_pdh <-> dist_pdh<0,2026-07-23,0.0,ed53e566
bool_above_pdh <-> dist_pdh<0,2026-07-24,0.0,ed53e566
bool_above_pdh <-> dist_pdh<0,2026-07-26,0.0,4981d53a
bool_above_pdh <-> dist_pdh<0,2026-07-27,0.0,4981d53a
bool_above_pdh <-> dist_pdh<0,2026-07-28,0.0,4981d53a
bool_above_pdh <-> dist_pdh<0,2026-07-29,0.0,4981d53a
bool_above_pdh <-> dist_pdh<0,2026-07-30,0.0,4981d53a
bool_above_pdh <-> dist_pdh<0,2026-07-31,0.0,4981d53a
bool_above_pdh <-> dist_pdh<0,2026-08-04,0.0,1d20af93
bool_above_pdh <-> dist_pdh<0,2026-08-06,0.0,feec66f6
bool_above_pdh <-> dist_pdh<0,2026-08-07,0.0,287627ed
bool_above_pdh <-> dist_pdh<0,2026-08-09,0.0,43f2daf5
bool_above_pdh <-> dist_pdh<0,2026-08-11,0.0,78177655
bool_above_pdh <-> dist_pdh<0,2026-08-12,0.0,78177655
bool_above_pdh <-> dist_pdh<0,2026-08-13,0.0,78177655
bool_above_pdh <-> dist_pdh<0,2026-08-14,0.0,78177655
bool_above_pdh <-> dist_pdh<0,2026-08-16,0.0,605df903
bool_above_pdh <-> dist_pdh<0,2026-08-17,0.0,605df903
bool_above_pdh <-> dist_pdh<0,2026-08-18,0.0,605df903
bool_above_pdh <-> dist_pdh<0,2026-08-19,0.0,605df903
bool_above_pdh <-> dist_pdh<0,2026-08-20,0.0,605df903
bool_above_pdh <-> dist_pdh<0,2026-08-21,0.0,605df903
bool_above_pdh <-> dist_pdh<0,2026-08-23,0.0,605df903
bool_above_pdh <-> dist_pdh<0,2026-08-24,0.0,605df903
bool_above_pdh <-> dist_pdh<0,2026-08-25,0.0,605df903
bool_above_pdh <-> dist_pdh<0,2026-08-26,0.0,605df903
bool_above_pdh <-> dist_pdh<0,2026-08-27,0.0,605df903
bool_above_pdh <-> dist_pdh<0,2026-08-28,0.0,605df903
bool_above_pdh <-> dist_pdh<0,2026-08-30,0.0,605df903
bool_above_pdh <-> dist_pdh<0,2026-08-31,0.0,605df903
bool_above_pdh <-> dist_pdh<0,2026-09-01,0.0,605df903
bool_above_pdh <-> dist_pdh<0,2026-09-02,0.0,605df903
bool_above_pdh <-> dist_pdh<0,2026-09-03,0.0,605df903
